datetime,open,close,high,low,volume
20240625,208.92,209.14,211.38,208.51,1113334.0
20240626,209.35,212.8,214.86,209.11,1321497.0
20240627,213.08,214.45,215.74,212.35,989022.0
20240628,214.12,211.66,216.37,210.3,1723587.0
20240701,211.89,216.66,217.51,210.5,1253571.0
20240702,216.5,219.41,220.39,215.1,1186683.0
20240703,220.0,221.08,221.71,219.03,764835.0
20240705,221.86,226.51,226.85,220.8,1238976.0
20240708,227.6,228.39,228.49,223.25,1137831.0
20240709,228.27,229.0,229.4,226.37,957489.0
20240710,229.11,232.37,233.08,228.65,1290490.0
20240711,232.81,228.05,233.48,225.77,1289106.0
20240712,228.0,230.43,232.64,227.29,1048466.0
20240715,232.22,235.57,237.23,231.0,1211108.0
20240716,236.0,234.32,236.65,232.33,756688.0
20240717,233.41,229.13,234.27,226.64,1096129.0
20240718,229.34,224.99,231.8,222.27,1250278.0
20240719,224.13,224.33,226.8,222.0,927645.0
20240722,224.35,223.89,227.78,223.09,914002.0
20240723,224.24,224.28,226.94,222.68,701513.0
20240724,223.44,218.14,225.77,217.13,1175588.0
20240725,217.4,217.91,220.85,214.62,1019756.0
20240726,218.9,217.9,220.25,216.01,793046.0
20240729,218.69,217.19,219.32,215.75,704931.0
20240730,218.42,218.1,220.33,216.12,830874.0
20240731,219.67,223.8,223.93,218.7,1001826.0
20240801,223.8,219.6,224.88,212.35,1184047.0
20240802,217.9,219.25,225.6,213.7,2008441.0
20240805,206.94,211.85,213.5,196.23,2274304.0
20240806,211.84,205.01,214.8,201.07,1250269.0
20240807,208.3,208.25,213.64,206.32,1069535.0
20240808,209.75,213.95,214.2,208.69,884268.0
20240809,213.41,216.47,216.78,210.64,794273.0
20240812,216.77,217.59,219.51,215.6,736079.0
20240813,218.31,220.7,221.89,217.56,780873.0
20240814,221.28,222.0,223.03,219.7,741909.0
20240815,222.34,225.39,225.55,221.76,857366.0
20240816,225.61,225.95,226.83,223.04,721581.0
20240819,226.44,225.7,226.44,223.04,699104.0
20240820,226.11,226.55,227.17,225.11,582435.0
20240821,225.89,226.59,227.98,225.22,615147.0
20240822,226.2,225.0,228.34,223.9,703735.0
20240823,225.5,227.16,228.22,224.33,763668.0
20240826,226.75,226.5,227.53,223.3,521254.0
20240827,226.09,227.3,228.85,224.89,692091.0
20240828,228.0,225.7,229.86,225.53,712965.0
20240829,226.89,230.29,232.92,226.49,996156.0
20240830,230.55,229.11,231.75,227.48,1059923.0
20240903,229.27,220.85,229.84,220.23,943402.0
20240904,220.1,220.0,222.77,217.48,823259.0
20240905,220.2,222.21,225.48,219.15,649137.0
20240906,219.0,220.14,225.24,219.0,901716.0
20240909,221.95,220.88,223.0,216.71,1303279.0
20240910,219.69,219.74,221.48,216.73,1005555.0
20240911,217.8,222.14,223.09,217.12,828513.0
20240912,222.5,222.76,223.55,219.82,729816.0
20240913,222.7,222.23,224.59,221.91,695160.0
20240916,222.2,216.25,222.2,213.92,1155515.0
20240917,216.37,216.9,216.99,214.5,828704.0
20240918,216.2,222.25,222.71,215.5,1128314.0
20240919,222.79,228.55,229.82,222.79,1283283.0
20240920,228.15,227.76,233.09,227.11,4853887.0
20240923,228.4,226.23,229.45,225.81,940126.0
20240924,226.97,227.51,229.35,225.73,786887.0
20240925,226.98,226.15,227.31,224.02,791761.0
20240926,227.12,228.07,228.5,225.41,657060.0
20240927,226.4,227.5,229.52,226.11,593910.0
20240930,227.33,233.15,233.25,226.84,1030987.0
20241001,233.33,225.72,233.56,223.74,1157272.0
20241002,225.6,226.97,227.38,223.02,633439.0
20241003,226.2,226.07,226.81,223.32,630720.0
20241004,226.08,226.37,228.0,224.13,646955.0
20241007,224.88,221.8,226.24,221.22,711654.0
20241008,222.1,225.22,225.98,221.13,574100.0
20241009,225.12,229.4,229.75,224.45,625438.0
20241010,229.4,229.36,229.5,227.17,515025.0
20241011,228.5,227.4,229.55,227.2,587046.0
20241014,228.0,231.3,231.73,227.12,638282.0
20241015,231.34,234.1,237.49,230.3,1069451.0
20241016,234.34,231.36,234.44,229.84,642388.0
20241017,232.0,232.16,234.19,230.52,535316.0
20241018,233.3,234.89,237.23,231.57,852666.0
20241021,234.8,236.57,236.85,233.3,568705.0
20241022,235.61,235.6,236.22,232.6,620761.0
20241023,235.39,230.42,235.7,227.76,998514.0
20241024,230.66,229.51,231.61,228.41,564900.0
20241025,229.13,230.86,233.22,227.3,723447.0
20241028,232.91,232.5,234.73,230.83,614713.0
20241029,232.7,232.93,234.33,231.6,562177.0
20241030,233.03,230.7,233.4,229.52,820273.0
20241031,230.13,221.71,230.92,220.0,1175390.0
20241101,222.27,222.68,225.91,220.27,1130782.0
20241104,221.51,221.53,222.79,219.72,745619.0
20241105,221.9,223.15,223.95,220.4,530094.0
20241106,226.9,222.47,228.78,221.19,980388.0
20241107,223.14,227.6,227.95,222.78,771468.0
20241108,227.75,226.96,228.66,226.4,612601.0
20241111,227.21,223.77,227.69,221.5,738415.0
20241112,223.2,224.09,225.59,223.01,721982.0
20241113,223.88,224.73,226.65,222.76,774129.0
20241114,224.85,227.42,228.87,224.18,760937.0
20241115,226.9,225.26,228.22,224.27,815196.0
20241118,226.0,228.06,229.74,224.43,774487.0
20241119,228.08,228.5,230.16,225.38,616590.0
20241120,227.83,228.24,229.93,225.89,606722.0
20241121,228.2,228.56,230.16,225.71,732412.0
20241122,228.5,229.95,230.72,228.02,658159.0
20241125,229.88,231.06,233.25,229.29,1688093.0
20241126,231.93,235.53,235.65,231.93,779466.0
20241127,235.5,235.2,235.72,233.26,642341.0
20241129,235.37,237.49,237.9,233.97,506633.0
20241202,237.1,239.68,240.79,236.0,736757.0
20241203,240.0,243.0,243.0,238.9,705876.0
20241204,242.76,242.75,244.11,241.25,721034.0
20241205,242.53,242.93,244.54,242.1,627839.0
20241206,242.97,242.3,244.63,242.08,675182.0
20241209,242.69,247.24,247.29,241.57,793364.0
20241210,246.6,247.7,248.21,245.34,679322.0
20241211,247.72,246.41,250.8,246.02,793103.0
20241212,247.5,247.15,248.74,245.68,534437.0
20241213,247.12,248.0,249.57,246.24,602010.0
20241216,248.23,251.0,251.38,247.23,932605.0
20241217,250.29,253.39,253.83,249.65,990222.0
20241218,253.6,247.19,254.28,246.0,1087942.0
20241219,247.89,248.79,252.0,246.47,1031232.0
20241220,248.01,255.35,255.57,245.69,2077857.0
20241223,255.55,254.95,256.76,253.45,756333.0
20241224,255.05,258.1,258.36,254.95,382753.0
20241226,258.06,259.06,260.03,257.13,518325.0
20241227,258.37,254.77,259.59,253.06,801600.0
20241230,255.02,251.87,255.24,250.75,623946.0
20241231,252.14,250.41,253.48,249.43,665973.0
20250102,251.36,243.99,251.9,241.82,1030110.0
20250103,243.8,243.39,244.66,241.89,728886.0
20250106,243.89,244.99,247.33,243.2,778043.0
20250107,244.58,242.84,245.55,241.35,730257.0
20250108,242.0,242.4,243.72,240.05,651501.0
20250110,243.44,237.02,244.0,233.0,1135588.0
20250113,235.0,235.45,235.98,229.77,884872.0
20250114,235.69,233.78,236.42,232.47,668088.0
20250115,233.79,238.6,238.96,233.4,761523.0
20250116,240.4,228.4,241.41,227.7,1328409.0
20250117,229.02,229.5,232.3,228.48,1258933.0
20250121,227.33,222.05,228.27,219.38,1787315.0
20250122,222.7,223.18,224.12,219.05,1128487.0
20250123,223.52,223.24,227.03,222.22,1079081.0
20250124,223.2,222.17,226.29,221.41,1048967.0
20250127,219.9,229.79,232.15,218.06,1788679.0
20250128,230.23,238.35,240.19,228.52,1411866.0
20250129,238.56,239.2,239.98,232.98,860865.0
20250130,239.63,244.75,248.35,232.97,978699.0
20250131,244.75,233.92,248.23,233.44,1753830.0
20250203,232.79,228.8,235.41,225.7,1317809.0
20250204,226.65,232.75,233.13,226.18,789831.0
20250205,228.95,232.2,233.0,225.02,771522.0
20250206,232.0,233.1,233.8,230.42,556256.0
20250207,232.92,227.25,234.0,227.25,709916.0
20250210,228.5,227.0,230.59,226.75,567572.0
20250211,227.14,232.84,235.23,226.0,881500.0
20250212,232.89,237.09,237.1,230.41,821586.0
20250213,236.61,241.48,242.34,235.3,1014964.0
20250214,241.98,244.65,245.35,240.47,746609.0
20250218,245.05,245.37,245.51,241.84,756500.0
20250219,245.0,244.8,246.01,243.16,545792.0
20250220,243.98,245.6,246.78,243.5,594074.0
20250221,245.55,245.0,248.69,245.0,915760.0
20250224,245.39,248.09,248.86,241.55,920566.0
20250225,247.76,246.5,250.0,244.91,842069.0
20250226,246.62,239.63,247.23,239.0,788628.0
20250227,240.12,237.3,242.46,236.75,667715.0
20250228,237.19,241.9,242.26,233.74,1025507.0
20250303,241.62,240.33,244.03,236.11,818131.0
20250304,238.85,237.63,240.07,234.68,1009542.0
20250305,237.76,235.78,237.76,229.23,823642.0
20250306,234.88,234.98,237.86,233.28,864763.0
20250307,234.37,238.65,241.37,233.94,875911.0
20250310,237.49,225.26,238.48,224.22,1340246.0
20250311,225.84,221.06,228.21,217.45,1347334.0
20250312,219.8,217.41,222.39,214.91,1178357.0
20250313,216.0,210.2,216.98,208.42,1149682.0
20250314,210.72,213.29,213.95,209.58,1103532.0
20250317,212.86,213.93,215.22,210.0,880499.0
20250318,213.73,213.0,215.15,211.49,781434.0
20250319,213.58,216.15,218.76,212.62,1044359.0
20250320,216.24,213.7,217.49,212.22,968787.0
20250321,213.9,217.88,218.84,209.31,1574710.0
20250324,219.8,220.74,221.48,218.58,841407.0
20250325,220.5,224.18,224.33,220.05,664389.0
20250326,223.94,221.53,225.02,220.47,654848.0
20250327,221.0,223.46,224.99,220.5,637304.0
20250328,222.0,217.22,223.85,217.22,742394.0
20250331,215.74,221.2,225.62,215.0,1223812.0
20250401,221.42,223.45,224.0,218.9,665893.0
20250402,222.82,207.91,225.5,206.15,675921.0
20250403,210.78,203.38,211.03,201.25,1931870.0
20250404,203.11,186.6,203.46,186.44,2326220.0
20250407,177.87,182.68,194.15,174.43,2984930.0
20250408,183.88,169.45,190.34,169.1,2182381.0
20250409,172.1,197.71,200.61,168.0,3050195.0
20250410,193.87,189.44,197.05,183.0,2077423.0
20250411,191.1,196.95,199.54,185.21,1623179.0
20250414,209.68,200.93,212.94,198.84,1955426.0
20250415,202.22,199.81,204.0,199.0,865687.0
20250416,198.8,194.94,202.46,192.37,1143859.0
20250417,196.5,197.25,198.84,194.42,957909.0
20250421,195.93,194.0,195.93,189.81,803195.0
20250422,193.79,205.0,205.75,193.58,950774.0
20250423,205.0,204.46,208.0,202.79,957802.0
20250424,203.87,208.0,208.91,201.68,869607.0
20250425,208.6,208.59,209.75,205.03,685759.0
20250428,208.76,210.3,211.5,207.46,661572.0
20250429,210.65,210.56,212.24,208.37,590724.0
20250430,210.58,209.0,213.58,206.67,907272.0
20250501,209.58,205.25,214.56,203.84,1010176.0
20250502,206.6,205.04,208.04,202.16,1748697.0
20250505,205.0,198.6,205.0,198.21,1169226.0
20250506,198.65,201.15,201.5,197.02,865365.0
20250507,201.45,196.45,201.45,193.25,1265012.0
20250508,197.98,197.51,200.05,194.67,942230.0
20250509,197.71,198.52,200.54,197.0,668623.0
20250512,205.62,210.15,213.43,202.95,1232085.0
20250513,210.0,212.15,213.4,208.98,952145.0
20250514,212.8,211.97,213.94,210.58,871367.0
20250515,211.48,211.01,212.96,209.29,820580.0
20250516,211.75,207.93,212.8,207.8,831015.0
20250519,207.9,208.9,209.48,204.26,816647.0
20250520,208.88,206.62,208.88,205.03,737288.0
20250521,206.45,201.85,207.04,200.71,1122133.0
20250522,202.02,201.5,202.75,199.78,851445.0
20250523,201.74,195.85,202.0,193.13,1478111.0
20250527,198.02,200.4,200.74,197.3,1047256.0
20250528,200.4,207.41,207.66,199.9,802355.0
20250529,207.3,199.0,207.9,198.51,957357.0
20250530,199.93,200.29,201.96,196.78,1161734.0
20250602,198.52,201.68,202.48,198.52,618935.0
20250603,201.29,202.96,203.77,200.75,731111.0
20250604,203.07,201.86,206.24,200.55,783230.0
20250605,202.99,200.8,204.75,200.15,995867.0
20250606,201.5,204.47,205.7,201.2,856130.0
20250609,205.0,201.75,206.0,200.02,1401845.0
20250610,202.14,202.9,204.35,200.24,1012034.0
20250611,202.62,198.76,204.5,198.41,1080719.0
20250612,199.2,198.58,199.68,197.36,811421.0
20250613,196.11,196.4,200.37,195.7,949321.0
20250616,197.02,197.08,198.69,196.45,789123.0
20250617,197.51,195.15,198.39,195.11,689358.0
20250618,196.15,196.06,197.57,195.07,836883.0
20250620,196.0,201.29,201.79,195.7,1761485.0
20250623,200.3,202.38,202.6,198.96,987288.0
20250624,202.62,200.79,204.97,200.2,1019578.0
20250625,201.0,201.74,203.67,199.8,714572.0
20250626,202.0,201.28,202.72,199.46,973079.0
20250627,201.88,201.19,203.22,200.0,1307847.0
20250630,202.0,205.44,207.39,199.26,1747000.0
20250701,205.5,208.92,210.19,204.44,1480230.0
20250702,209.38,212.11,213.34,208.14,1349927.0
20250703,212.8,213.55,214.65,209.81,666648.0
20250707,213.57,208.98,216.23,208.8,953055.0
20250708,210.35,210.16,211.43,208.45,770341.0
20250709,210.05,210.72,211.33,207.22,978910.0
20250710,210.65,212.5,213.48,209.62,861204.0
20250711,211.52,210.52,212.13,209.86,741092.0
20250714,209.8,208.01,210.91,207.54,748094.0
20250715,208.43,208.92,211.89,208.09,727067.0
20250716,209.15,210.04,212.4,208.64,857268.0
20250717,210.5,210.24,211.8,209.59,881341.0
20250718,210.56,211.2,211.93,209.49,855825.0
20250721,211.22,212.67,215.78,211.22,926734.0
20250722,212.88,214.85,215.0,212.23,849276.0
20250723,215.29,213.64,215.78,212.41,882871.0
20250724,213.7,214.05,215.69,213.1,856264.0
20250725,213.72,214.0,215.24,213.4,661088.0
20250728,214.72,214.11,214.93,213.06,645204.0
20250729,214.06,211.29,214.81,210.89,891871.0
20250730,211.63,208.66,212.39,207.39,747772.0
20250731,209.49,212.59,217.0,207.16,1509194.0
20250801,211.4,202.25,213.58,201.5,1759517.0
20250804,203.02,203.25,207.88,201.67,1200454.0
20250805,203.5,202.8,205.34,202.16,802919.0
20250806,203.33,219.26,221.0,203.33,2130206.0
20250807,218.97,221.29,221.86,216.58,1707697.0
20250808,221.38,229.96,231.0,219.25,2212528.0
20250811,229.6,226.32,229.91,224.76,1099291.0
20250812,226.27,229.65,230.8,225.77,989366.0
20250813,229.6,233.1,235.0,228.0,1260109.0
20250814,233.0,232.4,235.06,230.85,930168.0
20250815,232.45,231.19,234.28,229.36,950230.0
20250818,231.18,230.91,233.12,230.11,682496.0
20250819,230.5,229.83,232.87,229.35,680179.0
20250820,229.0,225.6,230.47,225.45,717749.0
20250821,225.99,225.38,226.52,223.78,562672.0
20250822,225.16,228.08,229.09,223.93,710525.0
20250825,227.9,227.07,229.3,226.2,566634.0
20250826,226.8,229.99,229.99,224.69,1013856.0
20250827,229.67,230.55,231.36,228.26,566180.0
20250828,231.3,232.56,233.41,229.33,671522.0
20250829,232.01,232.01,233.38,231.26,705909.0
20250902,231.88,236.53,239.5,226.97,820574.0
20250903,235.85,238.14,239.47,234.36,1267045.0
20250904,238.77,239.2,239.92,236.74,829275.0
20250905,239.36,239.23,241.32,238.49,981479.0
20250908,239.98,237.86,240.75,236.34,836827.0
20250909,237.87,233.54,238.79,233.0,1271105.0
20250910,234.3,227.02,234.8,225.95,1599245.0
20250911,227.45,229.5,230.45,226.5,903740.0
20250912,229.79,233.99,234.51,227.5,981954.0
20250915,234.54,236.3,238.19,234.12,792087.0
20250916,236.72,237.91,241.22,236.1,1199892.0
20250917,237.78,239.7,240.1,237.36,847444.0
20250918,240.7,238.15,241.2,236.65,852647.0
20250919,238.25,245.69,246.27,237.92,3035213.0
20250922,246.13,256.45,256.64,244.39,1989118.0
20250923,256.68,254.18,257.34,253.58,1063841.0
20250924,254.21,252.08,255.71,251.04,775988.0
20250925,251.69,256.18,257.17,251.33,1031758.0
20250926,256.0,255.49,257.6,253.59,790617.0
20250929,255.5,254.0,256.22,253.01,745185.0
20250930,253.55,253.51,255.92,253.11,719132.0
20251001,253.38,255.28,258.79,251.11,937374.0
20251002,256.9,257.2,258.18,254.15,776678.0
20251003,258.0,257.9,259.24,253.2,917235.0
20251006,257.85,255.8,259.49,255.05,759919.0
20251007,255.79,255.95,257.4,255.43,593875.0
20251008,256.0,258.2,258.52,255.5,611527.0
20251009,257.07,254.29,258.0,253.14,686779.0
20251010,253.68,245.4,256.38,239.49,1134590.0
20251013,248.66,247.26,250.65,245.56,632274.0
20251014,246.28,247.36,248.85,244.7,648994.0
20251015,248.23,249.09,251.82,247.47,614094.0
20251016,249.88,246.61,250.64,245.13,726190.0
20251017,246.2,252.4,253.41,244.01,813374.0
20251020,253.57,262.6,264.38,251.66,1574105.0
20251021,262.26,262.4,265.29,260.69,839563.0
20251022,262.68,258.89,263.4,255.43,817224.0
20251023,259.61,259.53,260.62,257.55,568979.0
20251024,259.67,263.01,264.13,259.18,734615.0
20251027,264.27,269.07,269.31,264.07,819356.0
20251028,268.51,268.35,269.89,267.82,769904.0
20251029,269.4,270.91,271.41,267.11,820034.0
20251030,271.05,277.75,285.0,261.79,1259705.0
20251031,278.12,270.04,279.5,269.16,1341779.0
20251103,270.0,268.2,271.43,266.25,589236.0
20251104,266.24,269.98,271.49,265.59,809056.0
20251105,268.22,269.85,271.7,266.93,733535.0
20251106,269.05,270.15,273.4,267.89,878305.0
20251107,269.58,268.69,272.29,266.77,838485.0
20251110,269.83,269.24,273.73,267.45,756206.0
20251111,269.07,275.25,275.91,268.36,892814.0
20251112,276.12,273.27,277.12,271.7,753203.0
20251113,274.02,273.45,276.7,272.09,713909.0
20251114,273.25,272.83,275.96,269.6,750048.0
20251117,272.89,267.69,273.0,265.73,761549.0
20251118,266.7,267.29,270.71,265.32,759689.0
20251119,267.19,269.65,272.21,264.65,707457.0
20251120,269.55,266.9,275.43,265.0,781315.0
20251121,266.0,271.35,273.33,264.0,1028416.0
20251124,272.5,275.7,277.0,270.45,1073059.0
20251125,275.65,277.5,280.38,273.77,733216.0
20251126,277.76,277.98,279.53,276.63,585078.0
20251128,278.0,278.34,279.0,275.98,348142.0
20251201,275.96,283.09,283.48,275.96,805561.0
20251202,283.3,286.33,287.4,282.06,858570.0
20251203,286.32,284.22,288.62,283.3,723341.0
20251204,283.78,280.4,284.73,278.59,840216.0
20251205,281.0,279.0,281.35,278.05,625056.0
20251208,278.71,277.32,279.67,276.15,621411.0
20251209,277.16,276.78,280.03,276.5,577542.0
20251210,277.52,277.94,279.75,276.1,603546.0
20251211,277.85,278.58,280.2,273.81,578315.0
20251212,278.5,277.84,279.22,276.82,677402.0
20251215,278.2,273.63,280.28,272.84,927761.0
20251216,273.18,273.2,275.5,271.79,681609.0
20251217,274.24,272.55,276.16,271.01,887459.0
20251218,271.35,271.39,273.75,266.95,923149.0
20251219,272.0,273.01,274.6,269.9,2249007.0
20251222,273.68,270.77,274.09,270.5,692719.0
20251223,270.8,272.18,272.5,269.56,556578.0
20251224,272.17,273.56,275.43,271.4,314189.0
20251226,273.4,273.05,275.37,272.86,412636.0
20251229,273.26,273.59,274.36,271.63,403689.0
20251230,273.69,272.8,274.08,272.28,412624.0
20251231,272.41,272.09,273.68,271.75,479428.0
20260102,273.27,270.96,277.84,269.0,690932.0
20260105,271.01,266.91,271.51,266.14,825858.0
20260106,267.12,262.3,267.84,262.12,949776.0
20260107,262.01,260.33,263.74,259.81,803460.0
20260108,260.0,259.12,260.33,255.7,908081.0
20260109,259.36,259.35,260.99,256.22,718187.0
20260112,258.33,259.59,261.3,256.8,809696.0
20260113,259.59,260.85,261.81,258.12,735397.0
20260114,260.56,259.7,261.82,256.71,684145.0
20260115,259.91,258.29,261.04,257.05,665697.0
20260116,258.38,255.22,258.9,255.0,1161961.0
20260120,253.83,247.46,255.53,243.42,1319583.0
20260121,247.22,248.7,251.56,244.86,990849.0
20260122,249.97,248.94,251.0,248.0,703541.0
20260123,248.7,247.75,249.75,244.68,747076.0
20260126,248.5,256.49,256.56,248.04,1013320.0
20260127,257.45,259.0,261.95,254.77,840094.0
20260128,258.7,256.79,259.33,254.51,642955.0
20260129,257.4,259.68,268.34,254.41,1201440.0
20260130,258.72,259.07,261.9,252.18,1245852.0
20260202,258.0,268.77,270.49,255.0,1253450.0
20260203,268.77,269.26,271.88,267.26,1024272.0
20260204,270.0,274.7,278.95,268.86,1560466.0
20260205,274.2,276.97,279.5,273.23,914639.0
20260206,275.65,277.08,280.91,273.42,867738.0
20260209,277.1,273.7,278.47,271.7,797718.0
20260210,273.8,274.54,275.37,272.94,565659.0
20260211,273.81,275.9,280.18,272.91,817593.0
20260212,276.0,260.35,276.68,260.0,1394288.0
20260213,261.7,255.3,264.17,254.96,920007.0
20260217,255.38,264.37,266.29,253.81,928035.0
20260218,265.1,263.29,266.82,262.45,579264.0
20260219,263.61,261.38,264.48,259.33,522417.0
20260220,261.35,264.4,264.84,258.16,658156.0
20260223,264.17,267.49,269.43,262.18,661342.0
20260224,267.0,272.6,274.89,266.31,786551.0
20260225,272.0,274.2,275.25,270.5,549538.0
20260226,273.46,271.7,276.11,270.79,521764.0
20260227,272.03,263.55,273.18,262.89,1295569.0
20260302,260.9,264.25,266.53,259.32,640181.0
20260303,261.42,263.6,265.56,260.13,666724.0
20260304,262.87,262.71,266.15,261.42,657096.0
20260305,262.51,260.25,263.55,257.25,832207.0
20260306,260.0,257.0,260.97,254.37,604581.0
20260309,252.97,259.0,261.15,252.84,620873.0
20260310,260.4,261.28,262.48,256.95,486467.0
20260311,261.04,259.25,262.13,258.51,436092.0
20260312,260.13,255.95,260.85,254.18,676015.0
20260313,255.41,249.76,256.95,249.25,654855.0
20260316,250.8,252.53,253.89,249.49,565809.0
20260317,252.21,254.09,255.13,251.32,504300.0
20260318,255.0,249.99,255.66,249.0,581550.0
20260319,249.9,249.84,251.83,247.3,583162.0
20260320,249.81,249.8,250.98,246.0,1442889.0
20260323,245.6,251.97,255.0,245.19,681083.0
20260324,251.8,253.34,255.29,249.55,500679.0
20260325,253.3,252.57,255.0,251.6,468171.0
20260326,252.4,254.89,257.0,250.77,742074.0
20260327,254.06,247.25,255.5,247.25,819187.0
20260330,249.85,245.25,250.82,245.09,651556.0
20260331,248.05,254.99,255.48,247.1,873948.0
20260401,255.45,254.98,256.17,253.33,639155.0
20260402,252.26,255.45,256.13,250.65,495445.0
20260406,255.92,257.9,262.16,255.1,530749.0
20260407,257.08,259.12,259.2,245.7,1131341.0
20260408,259.11,258.66,260.1,253.5,708761.0
20260409,258.6,259.98,261.12,256.07,503852.0
20260410,260.34,261.0,262.19,258.44,545156.0
20260413,259.0,259.27,260.18,256.66,644420.0
20260414,259.11,258.6,261.93,257.19,749988.0
20260415,259.09,266.9,266.99,257.81,861432.0
20260416,266.6,264.07,268.85,261.27,765314.0
20260417,263.92,270.75,272.3,263.88,969465.0
20260420,268.65,271.55,274.28,267.67,681378.0
20260421,271.0,267.65,272.8,265.4,889971.0
20260422,267.88,272.86,273.74,266.87,796733.0
20260423,271.88,272.6,275.77,271.22,535824.0
20260424,272.47,270.9,273.43,269.65,652528.0
20260427,270.3,267.87,270.3,265.07,673557.0
20260428,267.28,269.5,273.2,266.86,622459.0
20260429,269.81,270.95,271.04,267.04,464414.0
20260430,270.44,276.4,284.89,267.66,1638189.0
20260501,278.0,280.07,287.22,271.35,1587818.0
20260504,280.1,276.45,280.63,274.86,883048.0
20260505,276.55,282.4,284.57,275.22,989753.0
20260506,282.07,287.49,288.0,280.8,1018189.0
20260507,287.2,287.98,292.13,285.78,859168.0
20260508,287.86,293.86,294.76,287.5,982482.0
20260511,291.49,292.5,294.45,290.23,790185.0
20260512,292.45,294.49,295.27,291.1,752860.0
20260513,294.14,298.4,300.92,293.07,912561.0
20260514,298.27,297.91,301.35,295.38,650468.0
20260515,298.0,299.85,303.2,293.89,995268.0
20260518,299.1,297.44,300.65,294.91,635381.0
20260519,296.87,298.97,300.51,294.89,720855.0
20260520,299.0,301.2,302.8,297.0,777193.0
20260521,301.2,306.0,306.0,300.2,689513.0
20260522,305.61,308.41,311.4,304.22,814310.0
20260526,309.07,308.7,311.82,307.67,865157.0
20260527,308.7,310.36,313.26,307.25,867931.0
20260528,310.75,312.05,312.8,309.08,920203.0
20260529,311.73,311.35,315.0,309.53,1259860.0
20260601,310.85,305.25,311.6,305.02,939153.0
20260602,306.65,315.01,315.45,305.0,912041.0
20260603,313.08,313.95,316.94,308.85,978643.0
20260604,312.67,310.5,314.46,309.65,771005.0
20260605,310.3,307.78,315.17,307.0,1238710.0
20260608,307.38,300.67,317.4,299.12,1633322.0
20260609,300.8,291.11,302.2,287.78,1396036.0
20260610,291.0,290.89,294.75,287.38,994010.0
20260611,293.08,295.84,297.0,289.59,883068.0
20260612,295.79,291.52,297.14,289.62,787519.0
20260615,294.74,296.3,297.78,290.4,876126.0
20260616,296.3,298.9,300.48,293.97,786017.0
20260617,299.5,297.1,302.07,294.36,861107.0
20260618,297.0,297.23,300.57,295.62,1469295.0
202606220800,296.4,297.1,297.75,295.25,282.0
202606220801,297.36,295.38,297.59,295.38,135.0
202606220802,297.32,297.32,297.32,297.32,4.0
202606220803,297.34,297.29,297.34,297.05,29.0
202606220804,297.28,295.14,297.49,295.09,35.0
202606220805,295.24,296.59,297.41,295.07,138.0
202606220806,296.7,295.91,297.6,295.24,305.0
202606220807,297.11,297.25,297.59,296.15,117.0
202606220808,297.36,297.36,297.37,295.77,22.0
202606220809,297.21,297.0,297.21,295.81,48.0
202606220810,297.0,297.0,297.0,297.0,0.0
202606220811,297.01,297.01,297.01,297.01,2.0
202606220812,296.98,297.2,297.2,296.9,62.0
202606220813,297.2,297.2,297.2,297.2,1.0
202606220814,297.2,297.2,297.2,297.2,0.0
202606220815,297.2,297.2,297.2,297.2,0.0
202606220816,297.2,297.2,297.2,297.2,0.0
202606220817,296.9,297.01,297.01,296.9,2.0
202606220818,296.67,296.67,296.67,296.67,2.0
202606220819,296.67,296.67,296.67,296.67,0.0
202606220820,296.7,296.7,296.7,296.7,5.0
202606220821,296.8,296.8,296.8,296.8,23.0
202606220822,296.8,296.8,296.87,296.8,27.0
202606220823,296.84,296.82,296.85,296.8,7.0
202606220824,296.79,296.82,296.82,296.62,14.0
202606220825,296.82,296.82,296.82,296.82,0.0
202606220826,296.63,296.61,296.63,296.61,10.0
202606220827,296.59,296.48,296.61,296.48,11.0
202606220828,296.5,296.5,296.5,296.5,1.0
202606220829,296.5,296.52,296.52,296.5,3.0
202606220830,296.52,296.52,296.52,296.52,0.0
202606220831,296.61,296.61,296.61,296.61,8.0
202606220832,296.54,296.75,296.75,296.54,2.0
202606220833,296.75,296.75,296.75,296.75,0.0
202606220834,296.51,296.8,296.8,296.51,4.0
202606220835,296.81,296.82,296.82,296.81,29.0
202606220836,296.99,297.0,297.0,296.98,12.0
202606220837,297.0,297.0,297.0,297.0,0.0
202606220838,297.0,297.0,297.0,297.0,0.0
202606220839,297.0,297.0,297.0,297.0,0.0
202606220840,297.0,297.0,297.0,297.0,0.0
202606220841,297.0,297.0,297.0,297.0,6.0
202606220842,297.0,297.0,297.0,297.0,0.0
202606220843,296.92,296.92,296.92,296.92,2.0
202606220844,297.01,297.01,297.01,297.01,1.0
202606220845,297.01,297.01,297.01,297.01,0.0
202606220846,297.0,297.04,297.04,297.0,3.0
202606220847,297.04,297.04,297.04,297.04,0.0
202606220848,297.04,297.04,297.04,297.04,0.0
202606220849,296.77,296.77,296.77,296.77,1.0
202606220850,296.77,296.77,296.77,296.77,0.0
202606220851,296.77,296.77,296.77,296.77,0.0
202606220852,296.77,296.77,296.77,296.77,0.0
202606220853,296.77,296.77,296.77,296.77,0.0
202606220854,296.82,296.83,296.83,296.82,3.0
202606220855,296.83,296.83,296.83,296.83,0.0
202606220856,296.83,296.83,296.83,296.83,0.0
202606220857,296.85,296.85,296.85,296.85,1.0
202606220858,296.85,296.85,296.85,296.85,0.0
202606220859,296.85,296.85,296.85,296.85,0.0
202606220900,297.0,296.81,297.0,296.81,3.0
202606220901,296.81,296.81,296.81,296.81,0.0
202606220902,296.81,296.81,296.81,296.81,0.0
202606220903,296.78,296.8,296.8,296.78,2.0
202606220904,296.82,296.82,296.82,296.82,1.0
202606220905,296.97,296.94,296.99,296.94,6.0
202606220906,297.0,297.0,297.0,296.94,5.0
202606220907,296.99,297.0,297.0,296.99,12.0
202606220908,296.83,296.83,296.83,296.83,1.0
202606220909,296.83,296.83,296.98,296.82,25.0
202606220910,296.83,296.83,296.83,296.83,0.0
202606220911,296.83,296.83,296.83,296.83,0.0
202606220912,296.83,296.83,296.83,296.83,0.0
202606220913,296.83,296.83,296.83,296.83,0.0
202606220914,296.8,296.75,296.8,296.74,6.0
202606220915,296.75,296.75,296.75,296.75,0.0
202606220916,296.75,296.75,296.75,296.75,0.0
202606220917,296.75,296.75,296.75,296.75,0.0
202606220918,296.8,296.8,296.8,296.8,2.0
202606220919,296.8,296.8,296.8,296.8,0.0
202606220920,296.93,296.97,296.98,296.92,9.0
202606220921,296.97,296.97,296.97,296.97,0.0
202606220922,296.97,296.99,296.99,296.93,13.0
202606220923,296.94,296.95,297.0,296.93,17.0
202606220924,296.95,296.95,296.95,296.95,0.0
202606220925,296.96,297.0,297.0,296.96,9.0
202606220926,297.0,297.0,297.0,297.0,0.0
202606220927,296.94,296.99,297.0,296.94,22.0
202606220928,296.99,296.99,296.99,296.99,0.0
202606220929,296.99,296.99,296.99,296.99,0.0
202606220930,296.88,296.89,296.89,296.88,4.0
202606220931,296.88,296.88,296.88,296.88,11.0
202606220932,296.88,296.88,296.88,296.88,0.0
202606220933,296.81,296.81,296.82,296.81,13.0
202606220934,296.81,296.81,296.81,296.81,0.0
202606220935,296.81,296.81,296.81,296.81,3.0
202606220936,296.81,296.81,296.81,296.81,0.0
202606220937,296.73,296.8,296.8,296.73,5.0
202606220938,296.8,296.85,296.86,296.8,8.0
202606220939,296.85,296.85,296.85,296.85,0.0
202606220940,296.96,296.96,296.96,296.96,2.0
202606220941,296.86,296.86,296.86,296.86,2.0
202606220942,296.85,296.85,296.85,296.85,2.0
202606220943,296.85,296.85,296.85,296.85,0.0
202606220944,296.8,296.8,296.81,296.8,2.0
202606220945,296.8,296.8,296.8,296.8,5.0
202606220946,296.8,296.8,296.8,296.8,0.0
202606220947,296.76,296.79,296.79,296.76,7.0
202606220948,296.79,296.75,296.81,296.75,19.0
202606220949,296.75,296.75,296.75,296.75,1.0
202606220950,296.75,296.75,296.75,296.75,0.0
202606220951,296.75,296.79,296.79,296.75,6.0
202606220952,296.79,296.79,296.79,296.79,0.0
202606220953,296.79,296.79,296.79,296.79,0.0
202606220954,296.79,296.79,296.79,296.79,0.0
202606220955,296.79,296.79,296.79,296.79,1.0
202606220956,296.79,296.79,296.79,296.79,0.0
202606220957,296.79,296.79,296.79,296.79,1.0
202606220958,296.88,296.8,296.88,296.8,7.0
202606220959,296.8,296.8,296.8,296.8,0.0
202606221000,296.99,296.99,296.99,296.94,10.0
202606221001,296.99,296.99,296.99,296.99,0.0
202606221002,296.99,296.99,296.99,296.99,0.0
202606221003,296.99,296.99,296.99,296.99,0.0
202606221004,297.0,297.15,297.15,296.97,29.0
202606221005,297.1,297.13,297.13,297.1,5.0
202606221006,297.11,297.11,297.13,297.11,10.0
202606221007,297.11,297.23,297.23,297.11,44.0
202606221008,297.23,297.38,297.38,297.23,3.0
202606221009,297.28,297.28,297.28,297.28,1.0
202606221010,297.13,297.15,297.15,297.12,3.0
202606221011,297.13,297.2,297.2,297.13,4.0
202606221012,297.11,297.24,297.24,297.11,4.0
202606221013,297.33,297.32,297.34,297.11,14.0
202606221014,297.32,297.32,297.32,297.32,0.0
202606221015,297.32,297.32,297.32,297.32,0.0
202606221016,297.28,297.3,297.34,297.28,11.0
202606221017,297.17,297.17,297.17,297.17,1.0
202606221018,297.2,297.18,297.27,297.18,9.0
202606221019,297.16,297.15,297.16,297.15,24.0
202606221020,297.11,297.2,297.29,297.1,21.0
202606221021,297.2,297.2,297.2,297.2,0.0
202606221022,297.2,297.2,297.2,297.2,0.0
202606221023,297.11,297.11,297.11,297.1,5.0
202606221024,297.2,297.18,297.2,297.18,5.0
202606221025,297.15,297.2,297.2,297.15,8.0
202606221026,297.2,297.2,297.2,297.2,8.0
202606221027,297.2,297.2,297.2,297.2,0.0
202606221028,297.2,297.2,297.2,297.2,0.0
202606221029,297.2,297.2,297.2,297.2,0.0
202606221030,296.93,296.91,296.93,296.91,2.0
202606221031,296.9,296.9,296.9,296.9,13.0
202606221032,296.8,296.5,296.8,296.45,120.0
202606221033,296.35,296.48,296.5,296.35,30.0
202606221034,296.35,296.42,296.45,296.35,9.0
202606221035,296.41,296.68,296.68,296.41,520.0
202606221036,296.57,296.56,296.57,296.41,13.0
202606221037,296.79,296.41,296.8,296.4,13.0
202606221038,296.4,296.5,296.5,296.4,4.0
202606221039,296.41,296.72,296.72,296.4,13.0
202606221040,296.4,296.4,296.41,296.4,11.0
202606221041,296.4,296.4,296.4,296.4,0.0
202606221042,296.44,296.27,296.61,296.27,7.0
202606221043,296.28,296.49,296.49,296.11,20.0
202606221044,296.46,296.16,296.6,296.04,7.0
202606221045,296.3,296.3,296.32,296.3,17.0
202606221046,296.3,296.3,296.3,296.3,0.0
202606221047,296.3,296.3,296.3,296.3,0.0
202606221048,296.3,296.3,296.3,296.3,0.0
202606221049,296.25,296.25,296.25,296.25,12.0
202606221050,296.11,296.11,296.11,296.11,3.0
202606221051,296.11,296.11,296.11,296.11,0.0
202606221052,296.12,294.85,296.12,294.04,278.0
202606221053,294.2,295.06,295.06,294.13,49.0
202606221054,295.06,295.07,295.38,294.68,37.0
202606221055,295.02,294.82,295.02,294.82,17.0
202606221056,295.19,295.16,295.24,295.16,19.0
202606221057,295.02,294.45,295.02,294.45,52.0
202606221058,294.74,294.76,294.76,294.72,39.0
202606221059,294.98,294.79,295.0,294.79,22.0
202606221100,295.01,295.3,295.42,295.01,124.0
202606221101,295.16,295.0,295.33,294.82,193.0
202606221102,295.0,295.35,295.39,295.0,18.0
202606221103,295.2,295.38,295.38,295.2,23.0
202606221104,295.17,295.5,295.59,295.17,58.0
202606221105,295.5,295.98,295.98,295.44,107.0
202606221106,296.4,295.93,296.4,295.78,65.0
202606221107,295.97,295.57,295.98,295.5,31.0
202606221108,295.88,295.81,295.88,295.75,11.0
202606221109,295.8,295.5,295.8,295.5,20.0
202606221110,295.59,295.59,295.72,295.4,53.0
202606221111,295.17,295.16,295.17,295.16,4.0
202606221112,295.22,295.07,295.22,295.07,39.0
202606221113,295.35,295.09,295.35,295.09,2.0
202606221114,295.11,295.29,295.29,295.11,7.0
202606221115,295.29,295.1,295.29,295.1,13.0
202606221116,295.29,295.29,295.29,295.29,8.0
202606221117,295.28,295.28,295.28,295.28,1.0
202606221118,295.19,295.12,295.19,295.11,3.0
202606221119,295.44,295.2,295.45,295.2,21.0
202606221120,295.2,295.3,295.3,295.1,4.0
202606221121,295.27,295.4,295.4,295.27,49.0
202606221122,295.41,295.4,295.41,295.37,10.0
202606221123,295.4,295.4,295.41,295.4,2.0
202606221124,295.48,295.46,295.48,295.4,25.0
202606221125,295.4,295.4,295.41,295.4,7.0
202606221126,295.45,295.47,295.47,295.45,3.0
202606221127,295.49,295.5,295.5,295.48,7.0
202606221128,295.5,295.31,295.5,295.31,30.0
202606221129,295.32,295.32,295.33,295.3,11.0
202606221130,295.32,295.32,295.32,295.32,0.0
202606221131,295.42,295.45,295.45,295.42,2.0
202606221132,295.26,295.3,295.3,295.26,21.0
202606221133,295.45,295.63,295.63,295.45,6.0
202606221134,295.5,295.78,295.92,295.5,9.0
202606221135,295.8,295.43,295.81,295.43,20.0
202606221136,295.43,295.43,295.43,295.43,0.0
202606221137,295.5,295.58,295.58,295.5,2.0
202606221138,295.51,295.51,295.51,295.5,5.0
202606221139,295.84,295.84,295.84,295.83,1.0
202606221140,295.46,295.41,295.47,295.41,14.0
202606221141,295.36,295.59,295.62,295.36,7.0
202606221142,295.4,295.4,295.4,295.4,3.0
202606221143,295.3,295.3,295.35,295.3,20.0
202606221144,295.44,295.41,295.45,295.41,2.0
202606221145,295.33,295.42,295.42,295.33,14.0
202606221146,295.53,295.59,295.6,295.53,16.0
202606221147,295.47,295.47,295.48,295.47,25.0
202606221148,295.48,295.7,295.7,295.42,20.0
202606221149,295.72,295.76,295.76,295.72,4.0
202606221150,295.68,295.81,295.88,295.64,19.0
202606221151,295.86,295.7,295.86,295.7,12.0
202606221152,295.7,295.7,295.7,295.7,0.0
202606221153,295.6,295.74,295.74,295.6,2.0
202606221154,295.74,295.74,295.74,295.74,0.0
202606221155,295.65,295.92,295.92,295.65,8.0
202606221156,295.86,295.75,295.86,295.75,5.0
202606221157,295.85,295.89,295.89,295.85,5.0
202606221158,295.91,295.85,295.95,295.85,46.0
202606221159,295.87,295.92,295.98,295.86,14.0
202606221200,295.92,296.18,296.31,295.92,75.0
202606221201,296.01,296.01,296.01,296.01,1.0
202606221202,296.1,295.92,296.2,295.9,41.0
202606221203,295.9,295.9,295.9,295.9,2.0
202606221204,295.94,295.9,295.94,295.9,11.0
202606221205,295.9,295.94,295.94,295.9,15.0
202606221206,295.93,295.9,295.99,295.89,34.0
202606221207,296.0,296.14,296.14,296.0,3.0
202606221208,296.32,296.32,296.32,296.32,25.0
202606221209,296.29,296.26,296.29,295.9,26.0
202606221210,296.13,296.23,296.23,296.13,6.0
202606221211,296.23,296.0,296.23,295.95,9.0
202606221212,296.0,296.0,296.0,296.0,0.0
202606221213,295.92,295.9,295.92,295.9,5.0
202606221214,295.93,295.94,295.95,295.9,7.0
202606221215,295.95,295.95,295.95,295.95,3.0
202606221216,296.02,296.02,296.03,296.02,1.0
202606221217,295.93,295.9,295.93,295.89,22.0
202606221218,295.9,295.9,295.9,295.9,3.0
202606221219,295.95,295.95,295.95,295.95,1.0
202606221220,296.08,296.1,296.1,296.08,13.0
202606221221,296.0,296.44,296.44,296.0,74.0
202606221222,296.42,296.42,296.44,296.24,29.0
202606221223,296.29,296.39,296.39,296.26,18.0
202606221224,296.41,296.38,296.41,296.38,2.0
202606221225,296.36,296.32,296.38,296.31,19.0
202606221226,296.31,296.38,296.38,296.3,13.0
202606221227,296.32,296.34,296.4,296.32,9.0
202606221228,296.4,296.2,296.42,296.06,203.0
202606221229,296.2,296.21,296.4,296.2,70.0
202606221230,296.18,296.3,296.4,296.18,8.0
202606221231,296.25,296.25,296.25,296.25,5.0
202606221232,296.19,296.19,296.19,296.19,1.0
202606221233,296.1,296.28,296.32,296.1,6.0
202606221234,296.26,296.33,296.33,296.26,19.0
202606221235,296.33,296.33,296.33,296.33,0.0
202606221236,296.18,296.33,296.33,296.18,30.0
202606221237,296.37,296.45,296.45,296.33,45.0
202606221238,296.43,296.48,296.49,296.32,84.0
202606221239,296.48,296.48,296.48,296.4,15.0
202606221240,296.5,296.58,296.7,296.5,54.0
202606221241,296.59,296.52,296.59,296.51,3.0
202606221242,296.52,296.47,296.58,296.39,22.0
202606221243,296.42,296.44,296.44,296.39,22.0
202606221244,296.42,296.67,296.67,296.39,38.0
202606221245,296.67,296.46,296.67,296.46,2.0
202606221246,296.58,296.45,296.58,296.45,9.0
202606221247,296.53,296.5,296.59,296.5,30.0
202606221248,296.58,296.49,296.61,296.48,8.0
202606221249,296.54,296.51,296.54,296.49,7.0
202606221250,296.51,296.33,296.51,296.33,136.0
202606221251,296.37,296.33,296.37,296.33,97.0
202606221252,296.41,296.41,296.41,296.4,12.0
202606221253,296.33,296.4,296.41,296.33,24.0
202606221254,296.35,296.35,296.35,296.35,2.0
202606221255,296.33,296.22,296.37,296.22,105.0
202606221256,296.2,296.4,296.4,296.2,7.0
202606221257,296.4,296.4,296.4,296.4,0.0
202606221258,296.3,296.4,296.4,296.3,3.0
202606221259,296.37,296.4,296.4,296.36,13.0
202606221300,296.4,296.74,296.75,296.39,35.0
202606221301,296.51,296.68,296.69,296.51,8.0
202606221302,296.68,296.68,296.68,296.68,0.0
202606221303,296.6,296.5,296.68,296.5,19.0
202606221304,296.52,296.5,296.52,296.33,14.0
202606221305,296.49,296.35,296.75,296.35,45.0
202606221306,296.68,296.5,296.68,296.5,8.0
202606221307,296.47,296.34,296.5,296.34,98.0
202606221308,296.37,296.29,296.37,296.23,9.0
202606221309,296.4,296.4,296.4,296.23,133.0
202606221310,296.28,296.25,296.37,296.17,35.0
202606221311,296.37,296.37,296.37,296.37,8.0
202606221312,296.31,296.37,296.37,296.19,29.0
202606221313,296.34,296.2,296.34,296.19,23.0
202606221314,296.22,296.16,296.22,296.16,30.0
202606221315,296.21,296.03,296.21,296.03,63.0
202606221316,296.01,296.0,296.05,296.0,28.0
202606221317,296.0,296.17,296.18,296.0,26.0
202606221318,296.08,296.09,296.15,296.08,11.0
202606221319,296.1,296.1,296.1,296.1,2.0
202606221320,296.08,296.19,296.19,296.07,17.0
202606221321,296.05,296.2,296.2,296.02,40.0
202606221322,296.2,296.2,296.2,296.2,0.0
202606221323,296.18,296.3,296.3,296.07,64.0
202606221324,296.29,296.2,296.3,296.2,14.0
202606221325,296.39,296.44,296.48,296.21,22.0
202606221326,296.54,296.9,296.9,296.54,144.0
202606221327,296.89,296.49,296.89,296.2,155.0
202606221328,296.89,297.3,297.48,296.88,157.0
202606221329,297.22,297.79,297.88,297.2,234.0
202606221330,297.31,299.31,299.86,297.31,24186.0
202606221331,299.33,300.15,300.32,298.98,6257.0
202606221332,300.15,300.0,300.33,299.61,4165.0
202606221333,299.98,299.95,300.19,299.66,3108.0
202606221334,299.95,298.43,300.17,298.33,4737.0
202606221335,298.43,299.57,299.66,298.27,3231.0
202606221336,299.55,299.5,299.72,299.24,3476.0
202606221337,299.49,299.91,300.18,299.24,2822.0
202606221338,299.94,300.12,300.15,299.79,1864.0
202606221339,300.14,301.21,301.29,300.06,7160.0
202606221340,301.23,301.71,301.73,301.2,4904.0
202606221341,301.73,301.8,301.98,301.65,4191.0
202606221342,301.83,301.32,301.9,301.21,3795.0
202606221343,301.32,301.11,301.46,300.84,3543.0
202606221344,301.13,301.59,301.67,301.09,2492.0
202606221345,301.63,301.47,301.75,301.34,2654.0
202606221346,301.51,301.05,301.56,301.0,2521.0
202606221347,301.08,301.15,301.29,300.59,2841.0
202606221348,301.14,301.67,301.69,300.98,2087.0
202606221349,301.68,301.35,301.72,301.26,1665.0
202606221350,301.34,300.76,301.35,300.65,3333.0
202606221351,300.79,301.22,301.23,300.57,1868.0
202606221352,301.22,301.21,301.41,301.09,1415.0
202606221353,301.23,301.96,302.06,301.22,6890.0
202606221354,301.95,301.22,301.95,301.13,1538.0
202606221355,301.25,300.94,301.25,300.75,1531.0
202606221356,300.92,300.75,300.96,300.5,1661.0
202606221357,300.79,301.07,301.21,300.79,1311.0
202606221358,301.06,301.39,301.42,301.06,1046.0
202606221359,301.4,301.76,301.8,301.35,1108.0
202606221400,301.75,301.97,302.03,301.65,2082.0
202606221401,301.95,301.84,301.98,301.73,2599.0
202606221402,301.84,301.95,302.09,301.76,2574.0
202606221403,301.93,302.0,302.08,301.87,2253.0
202606221404,301.99,301.84,302.01,301.64,1990.0
202606221405,301.84,301.7,301.93,301.52,1400.0
202606221406,301.72,301.97,302.0,301.54,1681.0
202606221407,301.97,301.72,302.1,301.62,1770.0
202606221408,301.72,302.11,302.12,301.66,1440.0
202606221409,302.11,302.35,302.42,302.08,2615.0
202606221410,302.35,302.33,302.38,302.0,1811.0
202606221411,302.3,301.97,302.42,301.95,1571.0
202606221412,301.99,302.02,302.19,301.99,1104.0
202606221413,302.01,301.88,302.04,301.75,1670.0
202606221414,301.86,301.85,301.88,301.73,1765.0
202606221415,301.85,301.72,301.9,301.66,1216.0
202606221416,301.72,301.75,301.93,301.64,1513.0
202606221417,301.73,301.31,301.78,301.22,1946.0
202606221418,301.29,301.22,301.32,300.88,2078.0
202606221419,301.2,301.51,301.57,301.19,2762.0
202606221420,301.5,301.27,301.5,301.08,1235.0
202606221421,301.26,301.32,301.34,301.1,1049.0
202606221422,301.32,301.29,301.55,301.27,1051.0
202606221423,301.28,301.25,301.38,301.2,1508.0
202606221424,301.25,301.31,301.5,301.02,2626.0
202606221425,301.29,301.48,301.61,301.24,1566.0
202606221426,301.5,301.65,301.65,301.36,1847.0
202606221427,301.64,301.45,301.65,301.43,1219.0
202606221428,301.44,301.29,301.52,301.25,1401.0
202606221429,301.3,301.2,301.36,301.05,1928.0
202606221430,301.21,300.97,301.23,300.78,2701.0
202606221431,300.98,300.6,301.05,300.59,3531.0
202606221432,300.62,300.67,300.89,300.55,1919.0
202606221433,300.66,300.64,300.79,300.52,1544.0
202606221434,300.65,300.48,300.74,300.42,1592.0
202606221435,300.46,300.39,300.48,300.22,2163.0
202606221436,300.38,300.08,300.4,300.01,1905.0
202606221437,300.07,299.92,300.13,299.79,1811.0
202606221438,299.91,299.75,299.94,299.56,1704.0
202606221439,299.76,300.04,300.11,299.76,2115.0
202606221440,300.06,300.06,300.13,299.88,1064.0
202606221441,300.06,300.24,300.29,299.94,1258.0
202606221442,300.25,300.1,300.31,300.1,852.0
202606221443,300.09,299.87,300.12,299.8,1704.0
202606221444,299.87,299.7,299.94,299.62,1210.0
202606221445,299.68,299.94,300.0,299.64,900.0
202606221446,299.95,299.74,300.09,299.74,1495.0
202606221447,299.74,299.97,300.13,299.72,1873.0
202606221448,299.97,299.97,300.02,299.82,1339.0
202606221449,299.97,299.84,299.99,299.74,1415.0
202606221450,299.83,299.78,299.96,299.71,932.0
202606221451,299.77,299.81,299.88,299.74,1310.0
202606221452,299.81,299.85,299.98,299.7,1082.0
202606221453,299.85,299.77,299.85,299.76,965.0
202606221454,299.77,299.64,299.79,299.37,1874.0
202606221455,299.63,299.52,299.64,299.41,1168.0
202606221456,299.54,299.88,299.95,299.52,1151.0
202606221457,299.89,299.93,299.96,299.79,1136.0
202606221458,299.95,299.81,300.07,299.72,939.0
202606221459,299.81,299.8,299.88,299.69,917.0
202606221500,299.81,300.21,300.27,299.79,1147.0
202606221501,300.22,300.37,300.38,300.11,958.0
202606221502,300.35,300.31,300.39,300.2,1496.0
202606221503,300.29,299.98,300.31,299.91,1528.0
202606221504,299.96,299.82,300.01,299.76,887.0
202606221505,299.83,299.56,299.86,299.47,1288.0
202606221506,299.56,299.31,299.58,299.28,1220.0
202606221507,299.29,299.13,299.43,299.12,1245.0
202606221508,299.14,299.13,299.2,299.03,1060.0
202606221509,299.13,299.19,299.24,299.13,874.0
202606221510,299.19,299.5,299.58,299.15,1032.0
202606221511,299.51,299.71,299.76,299.5,1010.0
202606221512,299.7,299.93,299.98,299.64,914.0
202606221513,299.94,300.12,300.12,299.76,1346.0
202606221514,300.13,300.11,300.23,300.05,1138.0
202606221515,300.09,300.1,300.24,299.91,2894.0
202606221516,300.09,299.95,300.24,299.95,1142.0
202606221517,299.95,299.9,300.04,299.8,999.0
202606221518,299.9,300.0,300.23,299.9,2235.0
202606221519,300.0,299.94,300.0,299.79,865.0
202606221520,299.94,299.36,299.98,299.15,1680.0
202606221521,299.33,299.68,299.87,299.14,2908.0
202606221522,299.69,299.52,299.69,299.48,1384.0
202606221523,299.52,299.8,299.82,299.51,1408.0
202606221524,299.81,300.13,300.14,299.74,1078.0
202606221525,300.13,300.0,300.23,299.76,1188.0
202606221526,300.0,299.81,300.05,299.8,660.0
202606221527,299.81,299.92,299.99,299.8,514.0
202606221528,299.9,299.69,299.91,299.6,813.0
202606221529,299.69,299.94,299.98,299.69,613.0
202606221530,299.94,299.9,299.99,299.75,773.0
202606221531,299.92,299.87,299.93,299.79,754.0
202606221532,299.86,299.87,299.91,299.77,663.0
202606221533,299.88,300.17,300.26,299.87,1947.0
202606221534,300.18,300.17,300.31,300.12,1181.0
202606221535,300.21,300.25,300.42,300.18,1360.0
202606221536,300.24,300.31,300.42,300.23,526.0
202606221537,300.31,300.3,300.35,300.24,528.0
202606221538,300.31,300.4,300.49,300.27,666.0
202606221539,300.4,300.71,300.74,300.39,998.0
202606221540,300.72,300.86,300.87,300.7,1303.0
202606221541,300.87,301.05,301.07,300.86,1280.0
202606221542,301.04,301.21,301.26,301.04,1581.0
202606221543,301.24,301.19,301.24,301.05,1167.0
202606221544,301.18,301.05,301.25,300.95,1081.0
202606221545,301.09,301.36,301.37,301.08,1137.0
202606221546,301.36,301.0,301.43,301.0,821.0
202606221547,300.99,300.79,300.99,300.79,1429.0
202606221548,300.79,300.79,300.86,300.72,944.0
202606221549,300.78,300.3,300.81,300.26,1394.0
202606221550,300.36,300.69,300.71,300.35,1082.0
202606221551,300.7,300.57,300.74,300.52,724.0
202606221552,300.57,300.63,300.63,300.53,457.0
202606221553,300.64,300.49,300.64,300.38,803.0
202606221554,300.47,300.58,300.72,300.45,861.0
202606221555,300.6,300.67,300.75,300.51,713.0
202606221556,300.68,300.61,300.8,300.59,1342.0
202606221557,300.61,300.72,300.77,300.53,883.0
202606221558,300.73,300.89,300.9,300.69,988.0
202606221559,300.89,300.89,300.93,300.82,999.0
202606221600,300.88,300.74,300.96,300.71,750.0
202606221601,300.74,300.53,300.79,300.52,1441.0
202606221602,300.53,300.55,300.69,300.47,831.0
202606221603,300.54,300.55,300.56,300.47,973.0
202606221604,300.55,300.41,300.58,300.32,792.0
202606221605,300.39,300.58,300.6,300.38,1499.0
202606221606,300.6,300.53,300.77,300.5,1595.0
202606221607,300.54,300.63,300.69,300.52,1031.0
202606221608,300.65,300.86,300.93,300.65,1353.0
202606221609,300.86,300.76,300.88,300.64,828.0
202606221610,300.75,300.79,300.83,300.72,1119.0
202606221611,300.78,300.68,300.82,300.68,881.0
202606221612,300.68,300.66,300.71,300.5,736.0
202606221613,300.66,300.68,300.73,300.64,623.0
202606221614,300.67,300.79,300.85,300.62,1837.0
202606221615,300.79,300.66,300.84,300.66,884.0
202606221616,300.67,300.67,300.75,300.65,568.0
202606221617,300.67,300.69,300.72,300.58,688.0
202606221618,300.7,300.66,300.72,300.6,531.0
202606221619,300.66,300.69,300.71,300.52,907.0
202606221620,300.7,300.95,300.95,300.7,684.0
202606221621,300.95,300.84,300.95,300.82,662.0
202606221622,300.84,300.73,300.84,300.68,677.0
202606221623,300.75,300.84,300.84,300.6,591.0
202606221624,300.81,300.51,300.83,300.43,2032.0
202606221625,300.52,300.34,300.52,300.28,632.0
202606221626,300.34,300.18,300.39,300.15,1084.0
202606221627,300.18,300.34,300.4,300.17,753.0
202606221628,300.34,300.47,300.47,300.29,637.0
202606221629,300.47,300.54,300.62,300.45,1033.0
202606221630,300.52,300.62,300.68,300.46,1241.0
202606221631,300.62,300.57,300.64,300.55,457.0
202606221632,300.57,300.51,300.57,300.42,705.0
202606221633,300.52,300.58,300.61,300.45,462.0
202606221634,300.58,300.33,300.59,300.27,863.0
202606221635,300.33,300.35,300.37,300.26,606.0
202606221636,300.34,300.35,300.4,300.26,932.0
202606221637,300.34,300.11,300.38,300.11,1602.0
202606221638,300.12,300.2,300.21,300.11,422.0
202606221639,300.2,300.18,300.28,300.18,620.0
202606221640,300.19,299.94,300.25,299.92,880.0
202606221641,299.94,300.2,300.39,299.91,3953.0
202606221642,300.19,300.27,300.36,300.17,710.0
202606221643,300.28,300.05,300.28,300.05,2710.0
202606221644,300.06,300.18,300.21,300.0,812.0
202606221645,300.19,300.2,300.25,300.02,1240.0
202606221646,300.22,300.44,300.44,300.2,1729.0
202606221647,300.43,300.45,300.47,300.37,1103.0
202606221648,300.45,300.25,300.47,300.25,687.0
202606221649,300.26,300.25,300.32,300.19,670.0
202606221650,300.22,300.36,300.49,300.13,1416.0
202606221651,300.35,300.13,300.36,300.13,488.0
202606221652,300.13,300.19,300.26,300.12,1022.0
202606221653,300.18,300.09,300.22,300.09,343.0
202606221654,300.09,300.21,300.21,300.09,614.0
202606221655,300.21,300.21,300.35,300.2,628.0
202606221656,300.2,300.05,300.2,300.04,401.0
202606221657,300.05,300.09,300.1,299.97,495.0
202606221658,300.09,300.08,300.32,300.07,1538.0
202606221659,300.08,299.92,300.1,299.91,526.0
202606221700,299.93,299.96,300.05,299.88,1166.0
202606221701,299.97,299.8,299.97,299.65,1090.0
202606221702,299.81,299.75,299.81,299.66,562.0
202606221703,299.75,299.93,299.94,299.74,971.0
202606221704,299.93,299.94,300.02,299.8,696.0
202606221705,299.94,299.77,299.97,299.77,637.0
202606221706,299.77,299.68,299.77,299.56,876.0
202606221707,299.68,299.68,299.72,299.59,636.0
202606221708,299.69,299.71,299.73,299.62,791.0
202606221709,299.71,299.68,299.81,299.68,708.0
202606221710,299.69,299.71,299.77,299.61,413.0
202606221711,299.7,299.54,299.74,299.45,2572.0
202606221712,299.55,299.68,299.76,299.55,1345.0
202606221713,299.67,299.51,299.69,299.45,558.0
202606221714,299.52,299.6,299.62,299.5,421.0
202606221715,299.62,299.79,299.9,299.62,864.0
202606221716,299.79,299.8,299.82,299.61,658.0
202606221717,299.79,299.7,299.79,299.68,551.0
202606221718,299.7,299.74,299.78,299.7,501.0
202606221719,299.74,299.86,299.86,299.74,585.0
202606221720,299.87,300.07,300.13,299.87,1498.0
202606221721,300.06,299.9,300.08,299.89,567.0
202606221722,299.9,300.01,300.13,299.88,1004.0
202606221723,300.0,299.89,300.01,299.89,552.0
202606221724,299.88,299.9,299.92,299.81,497.0
202606221725,299.89,299.73,299.91,299.73,594.0
202606221726,299.73,299.78,299.79,299.67,695.0
202606221727,299.79,299.88,299.91,299.79,575.0
202606221728,299.88,299.91,299.96,299.86,446.0
202606221729,299.91,299.81,299.92,299.8,471.0
202606221730,299.81,299.79,299.82,299.66,521.0
202606221731,299.79,299.74,299.79,299.71,630.0
202606221732,299.75,299.68,299.76,299.6,520.0
202606221733,299.67,299.66,299.68,299.52,651.0
202606221734,299.66,299.67,299.73,299.59,709.0
202606221735,299.66,299.49,299.66,299.48,396.0
202606221736,299.48,299.4,299.5,299.36,925.0
202606221737,299.41,299.44,299.52,299.3,1140.0
202606221738,299.46,299.47,299.6,299.45,1202.0
202606221739,299.47,299.52,299.59,299.44,594.0
202606221740,299.51,299.68,299.69,299.47,960.0
202606221741,299.69,299.75,299.86,299.6,3598.0
202606221742,299.75,299.49,299.77,299.48,1110.0
202606221743,299.49,299.35,299.58,299.31,844.0
202606221744,299.35,299.33,299.36,299.25,627.0
202606221745,299.33,299.47,299.48,299.25,1354.0
202606221746,299.47,299.49,299.49,299.32,967.0
202606221747,299.5,299.62,299.73,299.49,821.0
202606221748,299.62,299.59,299.68,299.54,820.0
202606221749,299.59,299.63,299.72,299.58,697.0
202606221750,299.63,299.75,299.76,299.6,464.0
202606221751,299.75,299.59,299.82,299.56,528.0
202606221752,299.58,299.53,299.65,299.53,611.0
202606221753,299.52,299.44,299.55,299.42,828.0
202606221754,299.45,299.35,299.58,299.32,941.0
202606221755,299.34,299.36,299.42,299.34,618.0
202606221756,299.37,299.44,299.45,299.36,485.0
202606221757,299.44,299.46,299.51,299.42,1163.0
202606221758,299.47,299.46,299.55,299.44,430.0
202606221759,299.45,299.31,299.46,299.3,645.0
202606221800,299.31,299.1,299.34,299.09,1087.0
202606221801,299.1,299.05,299.24,299.05,1067.0
202606221802,299.06,298.84,299.07,298.8,1626.0
202606221803,298.86,298.69,298.91,298.68,720.0
202606221804,298.69,298.7,298.77,298.66,926.0
202606221805,298.68,298.71,298.78,298.67,870.0
202606221806,298.7,298.83,298.85,298.61,1046.0
202606221807,298.83,298.79,298.85,298.72,939.0
202606221808,298.79,298.65,298.8,298.61,570.0
202606221809,298.64,298.75,298.75,298.63,555.0
202606221810,298.75,298.68,298.76,298.61,630.0
202606221811,298.67,298.67,298.7,298.58,606.0
202606221812,298.67,298.72,298.73,298.62,868.0
202606221813,298.73,298.67,298.73,298.62,669.0
202606221814,298.68,298.69,298.76,298.68,713.0
202606221815,298.7,298.72,298.76,298.69,607.0
202606221816,298.72,298.75,298.83,298.63,1305.0
202606221817,298.74,298.75,298.77,298.63,1011.0
202606221818,298.75,298.96,298.97,298.7,779.0
202606221819,298.97,298.87,298.98,298.83,569.0
202606221820,298.86,299.13,299.18,298.86,1639.0
202606221821,299.13,299.15,299.2,299.11,813.0
202606221822,299.14,298.99,299.14,298.91,975.0
202606221823,298.99,298.93,299.05,298.92,752.0
202606221824,298.92,298.95,299.05,298.89,933.0
202606221825,298.95,298.93,298.97,298.87,468.0
202606221826,298.93,298.91,298.95,298.89,393.0
202606221827,298.94,298.97,299.01,298.91,780.0
202606221828,298.98,298.87,298.98,298.83,654.0
202606221829,298.87,298.92,298.94,298.84,478.0
202606221830,298.92,298.94,299.0,298.91,784.0
202606221831,298.94,298.93,299.03,298.92,447.0
202606221832,298.93,298.75,298.93,298.68,980.0
202606221833,298.76,298.6,298.79,298.6,511.0
202606221834,298.6,298.75,298.76,298.59,738.0
202606221835,298.75,298.77,298.78,298.71,484.0
202606221836,298.77,298.81,298.93,298.76,832.0
202606221837,298.81,298.77,298.88,298.76,334.0
202606221838,298.76,298.79,298.84,298.73,636.0
202606221839,298.78,298.84,298.86,298.78,675.0
202606221840,298.85,298.93,298.96,298.83,602.0
202606221841,298.93,298.94,299.04,298.9,639.0
202606221842,298.96,298.99,299.0,298.93,693.0
202606221843,299.01,298.9,299.01,298.87,1056.0
202606221844,298.9,298.86,298.91,298.82,468.0
202606221845,298.88,298.93,298.95,298.83,680.0
202606221846,298.93,298.97,299.02,298.92,709.0
202606221847,298.97,299.17,299.19,298.96,1032.0
202606221848,299.17,299.03,299.24,299.03,1058.0
202606221849,299.03,299.1,299.14,299.01,922.0
202606221850,299.1,299.0,299.15,298.99,687.0
202606221851,299.0,298.88,299.0,298.86,754.0
202606221852,298.88,298.79,298.88,298.69,904.0
202606221853,298.81,298.83,298.88,298.66,856.0
202606221854,298.83,298.9,298.91,298.81,522.0
202606221855,298.9,299.01,299.04,298.84,922.0
202606221856,298.95,299.0,299.07,298.95,600.0
202606221857,299.02,299.09,299.1,299.0,744.0
202606221858,299.09,299.03,299.1,299.01,544.0
202606221859,299.04,299.07,299.09,299.03,725.0
202606221900,299.08,299.07,299.09,298.93,1455.0
202606221901,299.07,299.13,299.16,299.05,1087.0
202606221902,299.15,299.17,299.2,299.04,954.0
202606221903,299.17,299.18,299.34,299.12,1800.0
202606221904,299.19,299.15,299.2,299.09,662.0
202606221905,299.15,299.14,299.21,299.1,713.0
202606221906,299.15,299.17,299.18,299.1,826.0
202606221907,299.16,299.0,299.16,298.97,988.0
202606221908,299.0,299.04,299.09,298.88,1051.0
202606221909,299.05,299.03,299.1,299.0,1017.0
202606221910,299.03,299.0,299.04,298.96,873.0
202606221911,299.02,299.14,299.19,299.0,973.0
202606221912,299.14,299.14,299.24,299.13,758.0
202606221913,299.14,299.12,299.21,299.11,812.0
202606221914,299.12,299.09,299.14,299.07,915.0
202606221915,299.09,299.18,299.18,299.08,1559.0
202606221916,299.18,299.14,299.27,299.12,1237.0
202606221917,299.13,299.15,299.16,299.08,1469.0
202606221918,299.13,299.14,299.15,299.08,1181.0
202606221919,299.14,299.12,299.19,299.08,1269.0
202606221920,299.12,299.22,299.25,299.08,1325.0
202606221921,299.22,299.28,299.29,299.14,1286.0
202606221922,299.28,298.93,299.31,298.91,2506.0
202606221923,298.93,299.12,299.21,298.91,1680.0
202606221924,299.14,299.04,299.17,299.0,877.0
202606221925,299.06,299.03,299.07,298.96,1166.0
202606221926,299.04,299.1,299.13,299.03,1008.0
202606221927,299.1,299.07,299.11,299.05,985.0
202606221928,299.06,299.07,299.08,299.01,942.0
202606221929,299.07,299.06,299.11,298.98,1142.0
202606221930,299.06,298.33,299.1,298.31,3613.0
202606221931,298.35,297.63,298.41,297.61,3651.0
202606221932,297.63,297.84,298.06,297.63,3212.0
202606221933,297.84,297.67,297.85,297.44,4019.0
202606221934,297.68,297.69,297.76,297.57,3684.0
202606221935,297.68,297.46,297.7,297.32,3338.0
202606221936,297.46,297.3,297.55,297.12,2825.0
202606221937,297.31,297.15,297.42,297.13,2332.0
202606221938,297.16,297.07,297.22,296.98,2678.0
202606221939,297.07,297.16,297.21,296.96,2674.0
202606221940,297.16,297.1,297.22,297.08,2942.0
202606221941,297.1,297.06,297.2,296.99,2798.0
202606221942,297.06,297.2,297.23,297.04,2332.0
202606221943,297.2,297.22,297.31,297.16,2459.0
202606221944,297.22,297.27,297.33,297.18,2288.0
202606221945,297.28,297.51,297.52,297.27,2800.0
202606221946,297.52,297.37,297.54,297.3,2337.0
202606221947,297.37,297.14,297.41,297.13,1946.0
202606221948,297.13,297.15,297.16,296.84,2523.0
202606221949,297.15,297.1,297.28,296.97,3083.0
202606221950,297.11,297.29,297.34,296.97,4389.0
202606221951,297.29,297.33,297.44,297.21,3183.0
202606221952,297.32,297.2,297.38,297.13,3356.0
202606221953,297.2,297.21,297.24,296.91,3721.0
202606221954,297.22,297.56,297.62,296.88,5673.0
202606221955,297.57,297.26,297.69,297.2,5621.0
202606221956,297.25,297.04,297.27,297.02,4807.0
202606221957,297.05,297.06,297.22,297.02,5990.0
202606221958,297.06,296.94,297.14,296.82,9914.0
202606221959,296.95,296.85,297.29,296.76,22510.0
202606222000,297.01,296.56,297.12,296.56,258073.0
202606222001,297.0,297.04,297.14,296.93,81.0
202606222002,297.01,297.04,297.04,297.01,6.0
202606222003,297.2,297.02,297.31,297.02,120.0
202606222004,297.2,297.13,297.34,297.13,27.0
202606222005,297.13,297.11,297.23,297.11,47.0
202606222006,297.11,297.12,297.12,297.11,11.0
202606222007,297.08,297.02,297.08,297.01,33.0
202606222008,297.01,297.07,297.2,297.01,53.0
202606222009,297.02,296.56,297.02,296.56,161.0
202606222010,296.62,297.01,297.01,296.6,17.0
202606222011,296.8,296.57,296.8,296.56,19.0
202606222012,296.61,296.63,296.63,296.56,6.0
202606222013,296.83,296.7,296.83,296.7,5.0
202606222014,296.7,296.7,296.7,296.7,0.0
202606222015,296.71,296.51,296.85,296.51,43.0
202606222016,296.53,296.69,296.7,296.5,42.0
202606222017,296.65,296.5,296.7,296.5,74.0
202606222018,296.68,296.48,296.69,296.48,65.0
202606222019,296.66,296.7,296.7,296.65,48.0
202606222020,296.7,296.61,296.7,296.6,25.0
202606222021,296.67,296.62,296.67,296.6,33.0
202606222022,296.62,296.78,296.9,296.61,44.0
202606222023,296.72,296.8,296.83,296.72,15.0
202606222024,296.83,296.99,297.01,296.83,264.0
202606222025,296.97,296.98,296.99,296.85,79.0
202606222026,296.92,296.92,296.92,296.92,2.0
202606222027,296.91,296.91,296.91,296.91,2.0
202606222028,296.8,296.83,296.96,296.74,49.0
202606222029,296.77,296.88,296.88,296.74,5.0
202606222030,296.74,296.75,296.75,296.74,18.0
202606222031,296.75,296.75,296.75,296.75,0.0
202606222032,296.82,296.87,296.87,296.82,9.0
202606222033,296.98,296.94,296.98,296.94,4.0
202606222034,296.92,296.93,296.93,296.92,2.0
202606222035,296.93,296.93,296.93,296.93,0.0
202606222036,296.93,296.93,296.93,296.93,0.0
202606222037,296.96,296.96,296.96,296.96,2.0
202606222038,296.88,296.89,296.91,296.87,3.0
202606222039,296.87,296.87,296.87,296.87,1.0
202606222040,296.89,296.84,296.9,296.84,5.0
202606222041,296.83,296.8,297.01,296.77,182.0
202606222042,296.8,296.74,296.8,296.74,129.0
202606222043,296.76,296.75,296.76,296.75,11.0
202606222044,296.74,296.7,296.74,296.7,14.0
202606222045,296.7,296.6,296.7,296.55,114.0
202606222046,296.55,296.89,296.89,296.55,7.0
202606222047,296.55,296.89,296.9,296.55,20.0
202606222048,296.92,296.92,296.92,296.91,2.0
202606222049,296.92,296.92,296.92,296.92,0.0
202606222050,296.72,296.62,296.86,296.62,25.0
202606222051,296.62,296.62,296.62,296.62,0.0
202606222052,296.65,296.61,296.95,296.61,10.0
202606222053,296.61,296.61,296.61,296.61,0.0
202606222054,296.61,296.61,296.61,296.61,0.0
202606222055,296.72,296.61,296.72,296.61,44.0
202606222056,296.8,296.55,296.8,296.55,27.0
202606222057,296.63,296.57,296.63,296.57,5.0
202606222058,296.56,296.56,296.56,296.56,7.0
202606222059,296.55,296.55,296.62,296.55,21.0
202606222100,296.51,296.67,296.67,296.51,3.0
202606222101,296.64,296.66,296.66,296.64,2.0
202606222102,296.63,296.65,296.65,296.6,25.0
202606222103,296.6,296.6,296.6,296.6,1.0
202606222104,296.65,296.65,296.65,296.64,2.0
202606222105,296.65,296.65,296.65,296.65,0.0
202606222106,296.56,296.56,296.56,296.56,2.0
202606222107,296.56,296.58,296.58,296.56,24.0
202606222108,296.57,296.57,296.57,296.56,4.0
202606222109,296.65,296.64,296.65,296.64,7.0
202606222110,296.64,296.64,296.64,296.63,30.0
202606222111,296.7,296.7,296.7,296.69,1.0
202606222112,296.69,296.64,296.69,296.64,9.0
202606222113,296.65,296.54,296.65,296.54,38.0
202606222114,296.52,296.52,296.52,296.51,4.0
202606222115,296.51,296.55,296.55,296.5,36.0
202606222116,296.51,296.54,296.54,296.5,8.0
202606222117,296.54,296.54,296.54,296.54,0.0
202606222118,296.54,296.54,296.54,296.54,0.0
202606222119,296.55,296.53,296.55,296.53,8.0
202606222120,296.53,296.55,296.55,296.53,23.0
202606222121,296.52,296.54,296.54,296.51,10.0
202606222122,296.55,296.55,296.55,296.54,25.0
202606222123,296.54,296.54,296.55,296.54,10.0
202606222124,296.55,296.55,296.55,296.54,1.0
202606222125,296.55,296.55,296.55,296.55,0.0
202606222126,296.55,296.55,296.55,296.55,0.0
202606222127,296.52,296.55,296.55,296.52,28.0
202606222128,296.54,296.54,296.55,296.54,2.0
202606222129,296.5,296.5,296.51,296.5,2.0
202606222130,296.5,296.5,296.5,296.5,1.0
202606222131,296.52,296.55,296.55,296.52,4.0
202606222132,296.55,296.55,296.55,296.55,6.0
202606222133,296.55,296.51,296.55,296.51,12.0
202606222134,296.55,296.55,296.55,296.55,4.0
202606222135,296.55,296.55,296.55,296.55,0.0
202606222136,296.55,296.55,296.55,296.54,1.0
202606222137,296.53,296.55,296.55,296.5,20.0
202606222138,296.55,296.55,296.55,296.55,0.0
202606222139,296.53,296.53,296.53,296.53,1.0
202606222140,296.53,296.53,296.53,296.53,0.0
202606222141,296.53,296.53,296.53,296.53,0.0
202606222142,296.55,296.55,296.55,296.55,2.0
202606222143,296.51,296.51,296.51,296.51,2.0
202606222144,296.52,296.53,296.55,296.52,6.0
202606222145,296.55,296.51,296.55,296.51,2.0
202606222146,296.55,296.46,296.55,296.46,25.0
202606222147,296.46,296.46,296.46,296.46,0.0
202606222148,296.51,296.51,296.51,296.5,24.0
202606222149,296.51,296.51,296.51,296.51,8.0
202606222150,296.49,296.49,296.49,296.49,1.0
202606222151,296.45,296.4,296.45,296.4,2.0
202606222152,296.48,296.5,296.5,296.48,15.0
202606222153,296.44,296.35,296.44,296.35,61.0
202606222154,296.33,296.3,296.34,296.3,7.0
202606222155,296.27,296.34,296.34,296.27,26.0
202606222156,296.34,296.3,296.35,296.3,11.0
202606222157,296.34,296.3,296.35,296.3,8.0
202606222158,296.3,296.3,296.3,296.3,0.0
202606222159,296.3,296.3,296.3,296.3,2.0
202606222200,296.32,296.08,296.32,296.08,58.0
202606222201,296.34,296.68,296.69,296.34,26.0
202606222202,296.73,296.79,296.8,296.73,13.0
202606222203,296.67,296.67,296.67,296.67,12.0
202606222204,296.26,296.26,296.26,296.26,1.0
202606222205,296.14,296.16,296.27,296.14,3.0
202606222206,296.16,296.16,296.16,296.16,3.0
202606222207,296.12,296.09,296.41,296.09,10.0
202606222208,296.08,296.06,296.08,296.05,7.0
202606222209,296.08,296.08,296.08,296.08,2.0
202606222210,296.1,296.1,296.1,296.1,7.0
202606222211,296.15,296.19,296.19,296.08,6.0
202606222212,296.16,296.16,296.16,296.16,4.0
202606222213,296.13,296.19,296.19,296.08,35.0
202606222214,296.13,296.12,296.19,296.12,10.0
202606222215,296.12,296.12,296.12,296.12,0.0
202606222216,296.17,296.19,296.19,296.17,4.0
202606222217,296.4,296.4,296.4,296.4,4.0
202606222218,296.35,296.39,296.39,296.35,5.0
202606222219,296.37,296.37,296.38,296.37,1.0
202606222220,296.4,296.37,296.4,296.37,2.0
202606222221,296.3,296.4,296.4,296.3,12.0
202606222222,296.48,296.46,296.48,296.46,3.0
202606222223,296.5,296.47,296.5,296.47,8.0
202606222224,296.47,296.47,296.47,296.45,15.0
202606222225,296.5,296.44,296.5,296.43,24.0
202606222226,296.42,296.42,296.42,296.42,2.0
202606222227,296.45,296.5,296.5,296.42,10.0
202606222228,296.49,296.49,296.5,296.49,3.0
202606222229,296.48,296.48,296.48,296.22,116.0
202606222230,296.27,296.25,296.27,296.23,28.0
202606222231,296.25,296.19,296.25,296.19,23.0
202606222232,296.19,296.75,296.75,296.13,16.0
202606222233,296.24,296.14,296.27,296.13,9.0
202606222234,296.13,296.08,296.13,296.08,14.0
202606222235,296.14,296.06,296.14,296.06,2.0
202606222236,296.0,295.94,296.0,295.94,47.0
202606222237,295.9,295.89,295.94,295.84,24.0
202606222238,295.86,295.86,295.87,295.86,1.0
202606222239,296.04,295.86,296.04,295.8,6.0
202606222240,295.78,295.81,295.87,295.73,25.0
202606222241,295.79,295.79,295.79,295.79,2.0
202606222242,295.8,295.8,295.8,295.8,3.0
202606222243,295.8,295.8,295.8,295.8,0.0
202606222244,295.8,295.99,295.99,295.71,6.0
202606222245,295.99,295.99,295.99,295.99,0.0
202606222246,295.71,295.6,295.71,295.6,10.0
202606222247,295.59,295.59,295.59,295.59,25.0
202606222248,296.0,296.0,296.0,296.0,2.0
202606222249,295.9,295.95,295.95,295.9,8.0
202606222250,295.95,295.95,295.95,295.95,0.0
202606222251,296.05,296.41,296.41,296.0,4.0
202606222252,295.98,295.98,295.98,295.97,1.0
202606222253,295.98,295.98,295.98,295.98,0.0
202606222254,295.98,295.98,295.98,295.98,0.0
202606222255,296.2,296.2,296.2,296.2,4.0
202606222256,296.2,296.2,296.2,296.2,0.0
202606222257,296.01,295.9,296.2,295.9,12.0
202606222258,295.89,295.85,295.89,295.85,5.0
202606222259,295.85,295.67,295.85,295.67,9.0
202606222300,295.68,295.68,295.68,295.68,2.0
202606222301,296.2,296.2,296.2,296.2,2.0
202606222302,295.67,295.62,295.67,295.62,8.0
202606222303,295.7,295.59,295.7,295.5,53.0
202606222304,295.7,295.9,295.9,295.7,4.0
202606222305,295.83,295.83,295.83,295.83,5.0
202606222306,295.95,295.95,295.96,295.95,12.0
202606222307,295.75,295.66,295.75,295.66,5.0
202606222308,295.94,295.94,295.94,295.94,2.0
202606222309,295.7,295.79,295.79,295.67,11.0
202606222310,295.8,296.0,296.0,295.74,13.0
202606222311,295.75,295.75,295.75,295.75,2.0
202606222312,295.75,295.75,295.75,295.75,3.0
202606222313,295.75,295.75,295.75,295.75,0.0
202606222314,295.77,295.8,296.0,295.77,13.0
202606222315,295.66,295.25,295.77,295.24,30.0
202606222316,295.49,295.49,295.49,295.49,22.0
202606222317,295.3,295.34,295.35,295.3,17.0
202606222318,295.29,295.48,295.48,295.29,24.0
202606222319,295.48,295.48,295.48,295.48,0.0
202606222320,295.29,295.47,295.47,295.27,7.0
202606222321,295.49,295.5,295.5,295.49,251.0
202606222322,295.49,295.82,295.82,295.49,3.0
202606222323,295.49,295.49,295.56,295.49,8.0
202606222324,295.49,295.49,295.49,295.49,0.0
202606222325,295.63,295.44,295.63,295.44,14.0
202606222326,295.41,295.31,295.41,295.31,26.0
202606222327,295.31,295.31,295.31,295.31,0.0
202606222328,295.83,295.83,295.83,295.83,3.0
202606222329,295.7,295.7,295.7,295.7,3.0
202606222330,295.7,295.7,295.7,295.7,0.0
202606222331,295.77,295.5,295.83,295.5,22.0
202606222332,295.61,295.51,295.61,295.51,22.0
202606222333,295.51,295.51,295.51,295.5,5.0
202606222334,295.45,295.45,295.45,295.45,8.0
202606222335,295.45,295.45,295.45,295.45,0.0
202606222336,295.61,295.8,295.81,295.61,5.0
202606222337,295.51,295.45,295.51,295.45,10.0
202606222338,295.45,295.45,295.5,295.45,6.0
202606222339,295.45,295.45,295.45,295.45,0.0
202606222340,295.45,295.45,295.45,295.45,0.0
202606222341,295.45,295.45,295.45,295.45,0.0
202606222342,295.45,295.45,295.45,295.45,0.0
202606222343,295.5,295.55,295.55,295.5,8.0
202606222344,295.55,295.55,295.55,295.55,0.0
202606222345,295.55,295.45,295.55,295.45,10.0
202606222346,295.46,295.31,295.46,295.31,30.0
202606222347,295.32,295.34,295.34,295.31,10.0
202606222348,295.33,295.3,295.33,295.29,7.0
202606222349,295.34,295.34,295.34,295.34,21.0
202606222350,295.34,295.34,295.34,295.34,0.0
202606222351,295.38,295.52,295.52,295.38,11.0
202606222352,295.25,295.25,295.25,295.25,1.0
202606222353,295.25,295.25,295.25,295.25,3.0
202606222354,295.52,295.5,295.52,295.5,8.0
202606222355,295.55,295.55,295.55,295.55,5.0
202606222356,295.58,295.5,295.58,295.5,12.0
202606222357,295.5,295.5,295.5,295.48,8.0
202606222358,295.55,295.66,295.78,295.54,30.0
202606222359,295.66,295.64,295.66,295.64,21.0
202606230800,295.39,294.4091,299.9772,294.09,0.0
202606230801,295.0647,294.5,299.99,294.221,0.0
202606230802,294.5,294.48,294.64,294.1,0.0
202606230803,294.1033,294.8605,294.8702,294.1033,0.0
202606230804,294.44,294.81,294.86,294.051,0.0
202606230805,294.84,294.8907,295.31,294.491,0.0
202606230806,295.2992,295.6052,295.6052,294.5005,0.0
202606230807,295.0415,295.0417,295.4882,295.0312,0.0
202606230808,295.4785,294.92,295.4785,294.5132,0.0
202606230809,295.1501,295.28,295.29,294.5433,0.0
202606230810,295.29,298.54,299.61,294.513,0.0
202606230811,297.99,295.12,299.73,294.55,0.0
202606230812,298.12,294.7925,299.99,294.5,0.0
202606230813,294.75,294.8,294.8,294.5,0.0
202606230814,294.85,294.9268,295.1865,294.5,0.0
202606230815,295.15,294.6755,295.2161,294.66,0.0
202606230816,294.92,295.23,295.49,294.675,0.0
202606230817,295.13,295.49,295.5,294.66,0.0
202606230818,295.5,295.59,295.6,294.7912,0.0
202606230819,295.61,294.9012,295.61,294.9,0.0
202606230820,295.07,295.5445,295.6088,294.9012,0.0
202606230821,295.5247,295.5247,295.5247,294.9452,0.0
202606230822,295.52,294.9452,295.5247,294.9452,0.0
202606230823,295.12,295.4895,295.5,295.12,0.0
202606230824,295.0905,295.35,295.4895,294.98,0.0
202606230825,295.46,295.2977,295.46,295.0003,0.0
202606230826,295.5,295.08,295.62,295.0,0.0
202606230827,295.0425,294.9437,295.4662,294.93,0.0
202606230828,295.25,295.2061,295.28,294.9387,0.0
202606230829,295.1351,295.03,295.2788,295.03,0.0
202606230830,295.03,295.01,295.05,294.93,0.0
202606230831,294.99,295.3882,295.3988,294.9312,0.0
202606230832,294.9417,294.93,295.4,294.93,0.0
202606230833,295.0414,295.04,295.28,294.9417,0.0
202606230834,295.4,295.3882,295.4,295.0002,0.0
202606230835,294.9417,295.3882,295.4,294.9417,0.0
202606230836,294.94,295.04,295.04,294.94,0.0
202606230837,295.07,295.16,295.4,294.93,0.0
202606230838,295.3897,295.0075,295.3897,294.9392,0.0
202606230839,295.2925,295.01,295.39,295.0072,0.0
202606230840,295.22,295.5,295.6045,295.0,0.0
202606230841,295.0,295.5881,295.6,295.0,0.0
202606230842,295.4159,295.4353,295.614,295.386,0.0
202606230843,295.386,295.6077,295.6197,295.1422,0.0
202606230844,295.1422,295.15,295.6077,295.13,0.0
202606230845,295.5,295.0,295.5,295.0,0.0
202606230846,295.02,295.4188,295.4188,295.0,0.0
202606230847,295.0219,295.4188,295.4188,295.0219,0.0
202606230848,295.02,295.77,295.77,294.86,0.0
202606230849,295.95,295.5125,295.99,295.5125,0.0
202606230850,295.57,295.57,295.57,295.57,0.0
202606230851,295.79,295.96,296.0,295.5714,0.0
202606230852,295.9887,295.58,295.9988,295.55,0.0
202606230853,295.58,295.51,295.9302,295.51,0.0
202606230854,295.9988,295.51,295.9988,295.51,0.0
202606230855,295.58,295.51,295.89,295.51,0.0
202606230856,295.51,295.9644,295.9644,295.5097,0.0
202606230857,295.6,295.63,295.69,295.5047,0.0
202606230858,295.5411,295.5047,295.6852,295.5,0.0
202606230859,295.62,295.5402,295.7388,295.505,0.0
202606230900,295.695,295.5344,295.695,295.505,0.0
202606230902,295.73,295.5047,295.73,295.5047,0.0
202606230903,295.54,295.5,295.7242,295.5,0.0
202606230904,295.5017,295.52,295.5682,295.5012,0.0
202606230905,295.57,295.51,295.57,295.51,0.0
202606230906,295.5,295.5682,295.5682,295.5,0.0
202606230907,295.539,295.5017,295.5682,295.46,0.0
202606230908,295.5196,295.5017,295.5682,295.5,0.0
202606230909,295.5682,295.51,295.5682,295.5017,0.0
202606230910,295.5036,295.5682,295.5682,295.5,0.0
202606230911,295.5017,295.6,295.6087,295.5017,0.0
202606230912,295.726,295.505,295.726,295.505,0.0
202606230913,295.505,295.5232,295.6988,295.505,0.0
202606230914,295.5975,295.5975,295.5975,295.5,0.0
202606230915,295.5012,295.5975,295.6,295.5,0.0
202606230916,295.52,295.5242,295.5975,295.5,0.0
202606230917,295.51,295.5012,295.54,295.4,0.0
202606230918,295.5975,295.5,295.5975,295.5,0.0
202606230919,295.5975,295.52,295.5975,295.5,0.0
202606230920,295.5025,295.5025,295.5975,295.5025,0.0
202606230921,295.5975,295.5025,295.5988,295.5025,0.0
202606230922,295.5975,295.5214,295.5975,295.5025,0.0
202606230923,295.5201,295.5212,295.6,295.5012,0.0
202606230924,295.56,295.5775,295.6,295.5025,0.0
202606230925,295.5,295.6032,295.66,295.5,0.0
202606230926,295.63,295.55,295.73,295.5012,0.0
202606230927,295.61,295.53,295.7288,295.5057,0.0
202606230928,295.5025,295.5025,295.5975,295.5025,0.0
202606230929,295.5975,295.6,295.6,295.5012,0.0
202606230930,295.5797,295.7242,295.73,295.5797,0.0
202606230931,295.7027,295.6032,295.7267,295.6032,0.0
202606230932,295.7267,295.6032,295.7267,295.6,0.0
202606230933,295.7267,295.605,295.7267,295.5,0.0
202606230934,295.63,295.6295,295.9,295.512,0.0
202606230935,295.6295,295.9905,295.9905,295.6295,0.0
202606230936,295.6292,295.98,295.9807,295.6292,0.0
202606230937,295.6292,295.971,295.9807,295.629,0.0
202606230938,295.629,295.98,295.98,295.629,0.0
202606230939,295.9901,295.888,295.9901,295.812,0.0
202606230940,295.8858,295.5097,295.888,295.5097,0.0
202606230941,295.8802,295.78,295.8802,295.5097,0.0
202606230942,295.9,295.9105,296.1,295.5819,0.0
202606230943,296.18,296.14,296.31,295.9214,0.0
202606230944,296.14,296.17,296.3788,295.929,0.0
202606230945,295.929,295.99,296.1435,295.61,0.0
202606230946,295.61,296.0,296.0,295.61,0.0
202606230947,296.0,296.0,296.0,295.7075,0.0
202606230948,295.5261,295.9875,296.0,295.5125,0.0
202606230949,296.1655,296.163,296.1655,295.517,0.0
202606230950,296.28,295.9875,296.28,295.5125,0.0
202606230951,296.0,296.0,296.0,295.5125,0.0
202606230952,296.212,295.9012,296.212,295.9012,0.0
202606230953,296.0,296.22,296.22,295.908,0.0
202606230954,296.0,296.212,296.212,295.908,0.0
202606230955,295.908,295.908,296.212,295.908,0.0
202606230956,295.9534,295.9003,295.9534,295.9003,0.0
202606230957,296.05,295.9082,296.212,295.9,0.0
202606230958,296.0,296.09,296.2217,295.905,0.0
202606230959,296.02,296.1,296.1,296.02,0.0
202606231000,295.9012,296.0,296.0,295.9012,0.0
202606231001,296.0962,296.0,296.0962,295.95,0.0
202606231002,296.0,295.9537,296.0962,295.9537,0.0
202606231003,296.0962,296.2,296.21,295.9537,0.0
202606231004,296.2,296.2206,296.295,296.1,0.0
202606231005,296.2975,296.1104,296.2975,296.1104,0.0
202606231006,296.295,296.105,296.295,296.105,0.0
202606231007,296.25,296.1,296.2988,296.1,0.0
202606231008,296.13,295.9587,296.3,295.95,0.0
202606231009,296.2912,296.3,296.3,295.95,0.0
202606231010,296.2912,295.9587,296.3,295.9587,0.0
202606231011,295.97,295.9587,296.2912,295.95,0.0
202606231012,295.97,296.29,296.2988,295.91,0.0
202606231013,296.29,296.1867,296.29,295.6857,0.0
202606231014,295.6832,295.683,296.1867,295.6742,0.0
202606231015,295.74,296.0,296.01,295.74,0.0
202606231016,295.6976,296.187,296.187,295.6832,0.0
202606231017,295.693,296.11,296.187,295.693,0.0
202606231018,296.11,296.0107,296.1851,295.8,0.0
202606231019,296.09,296.02,296.1937,295.9562,0.0
202606231020,296.02,295.9562,296.1937,295.9562,0.0
202606231021,295.956,296.0,296.2,295.956,0.0
202606231022,296.194,296.2025,296.21,295.96,0.0
202606231023,296.15,296.2988,296.3,295.96,0.0
202606231024,296.0,296.0,296.0,296.0,0.0
202606231025,295.99,295.9685,296.2915,295.9685,0.0
202606231026,296.29,296.25,296.29,295.96,0.0
202606231027,296.2915,295.9685,296.2915,295.9685,0.0
202606231028,296.25,296.2823,296.2915,295.9685,0.0
202606231029,296.3,296.2915,296.3,296.0207,0.0
202606231030,296.13,296.2915,296.2915,295.96,0.0
202606231031,295.96,296.027,296.2988,295.96,0.0
202606231032,296.02,296.0,296.28,295.96,0.0
202606231033,296.0,296.0,296.0,295.6872,0.0
202606231034,295.85,295.685,296.0,295.685,0.0
202606231035,296.14,295.9009,296.27,295.9009,0.0
202606231036,296.24,295.9612,296.2788,295.88,0.0
202606231037,296.27,296.16,296.27,295.89,0.0
202606231038,296.1509,296.23,296.24,295.8897,0.0
202606231039,296.26,295.8897,296.2602,295.8897,0.0
202606231040,296.26,295.8895,296.2602,295.8895,0.0
202606231041,296.2602,296.21,296.2602,296.21,0.0
202606231042,296.2,296.02,296.2688,295.8897,0.0
202606231043,295.88,295.88,296.07,295.88,0.0
202606231044,295.89,295.93,295.93,295.89,0.0
202606231045,295.93,295.96,295.99,295.88,0.0
202606231046,295.9472,295.93,295.9982,295.93,0.0
202606231047,295.9466,295.8033,295.95,295.67,0.0
202606231048,295.8942,295.91,295.9917,295.67,0.0
202606231049,296.1867,296.1867,296.1867,295.6712,0.0
202606231050,295.67,295.6832,296.1867,295.67,0.0
202606231051,296.1867,296.07,296.1867,295.68,0.0
202606231052,296.06,295.97,296.0697,295.6387,0.0
202606231053,295.68,295.6442,296.1857,295.6303,0.0
202606231054,296.1857,296.1077,296.1857,295.6422,0.0
202606231055,295.6422,295.6392,296.1077,295.6392,0.0
202606231056,295.9907,296.059,296.0688,295.6313,0.0
202606231057,296.059,295.8,296.0632,295.639,0.0
202606231058,295.82,296.0,296.0632,295.6612,0.0
202606231059,295.9917,295.678,295.9917,295.678,0.0
202606231100,295.83,295.856,297.01,295.65,0.0
202606231101,295.856,295.636,297.01,295.636,0.0
202606231102,295.864,295.6572,297.01,295.63,0.0
202606231103,295.6342,295.6322,295.7665,295.6312,0.0
202606231104,295.6312,295.6291,295.6789,295.6267,0.0
202606231105,295.5032,295.4932,295.6462,295.2367,0.0
202606231106,295.33,295.24,295.5,295.23,0.0
202606231107,295.23,294.875,295.2816,294.75,0.0
202606231108,294.9942,294.94,295.0,294.53,0.0
202606231109,294.88,294.6,294.88,294.5,0.0
202606231110,294.61,294.6072,294.88,294.5,0.0
202606231111,294.6942,294.7939,294.9937,294.6776,0.0
202606231112,294.9937,294.8026,294.9937,294.75,0.0
202606231113,294.7562,294.9712,295.5,294.7562,0.0
202606231114,295.389,294.971,295.3988,294.96,0.0
202606231115,294.96,294.9705,295.389,294.96,0.0
202606231116,295.3695,294.665,295.3695,294.6622,0.0
202606231117,295.235,294.9922,295.235,294.6602,0.0
202606231118,294.6977,295.2,295.236,294.6977,0.0
202606231119,294.79,294.977,295.243,294.704,0.0
202606231120,295.243,295.2,295.44,294.97,0.0
202606231121,295.0391,294.97,295.41,294.97,0.0
202606231122,295.0392,295.1,295.38,295.0,0.0
202606231123,295.1,295.2,295.4455,295.0,0.0
202606231124,295.2,295.2,295.5,295.01,0.0
202606231125,295.03,295.1392,295.4999,295.0,0.0
202606231126,295.15,295.1377,295.46,295.13,0.0
202606231127,295.4322,295.1375,295.4399,295.13,0.0
202606231128,295.14,295.13,295.4225,295.0105,0.0
202606231129,295.13,295.1312,295.442,295.0,0.0
202606231130,295.442,295.3835,295.45,295.13,0.0
202606231131,295.13,295.26,295.3,295.1,0.0
202606231132,295.13,295.15,295.3,295.13,0.0
202606231133,295.1537,295.1648,295.1648,295.13,0.0
202606231134,295.13,295.19,295.1982,295.0,0.0
202606231135,295.07,294.9745,295.1852,294.81,0.0
202606231136,294.9794,294.9996,295.15,294.97,0.0
202606231137,295.18,294.99,295.1988,294.6,0.0
202606231138,294.61,295.19,295.2825,294.6085,0.0
202606231139,294.9,294.91,295.3,294.804,0.0
202606231140,294.7029,295.07,295.285,294.7,0.0
202606231141,295.004,295.1875,295.2907,294.7,0.0
202606231142,294.83,294.81,295.1887,294.7612,0.0
202606231143,295.19,294.81,295.1902,294.7125,0.0
202606231144,294.7222,294.7417,295.2,294.7222,0.0
202606231145,295.1882,294.7995,295.1882,294.73,0.0
202606231146,294.82,294.6252,294.9927,294.62,0.0
202606231147,294.83,294.68,294.83,294.6201,0.0
202606231148,294.68,294.7,294.8,294.62,0.0
202606231149,294.75,294.7942,295.0,294.6782,0.0
202606231150,295.0,294.8,295.0,294.78,0.0
202606231151,295.0,294.9905,295.0,294.62,0.0
202606231152,294.6295,294.8,295.01,294.6295,0.0
202606231153,294.82,294.62,295.0002,294.62,0.0
202606231154,295.0002,294.9506,295.01,294.6295,0.0
202606231155,294.6295,294.76,294.9388,294.62,0.0
202606231156,294.9327,294.6022,294.9327,294.6,0.0
202606231157,294.6877,294.6037,294.7462,294.6,0.0
202606231158,294.6037,294.7003,294.75,294.58,0.0
202606231159,294.75,294.7,294.75,294.7,0.0
202606231200,294.7,294.7465,296.268,294.61,0.0
202606231201,294.75,294.8,294.8,294.5,0.0
202606231202,294.9171,294.48,294.9171,294.207,0.0
202606231203,294.4799,294.478,294.4799,294.2,0.0
202606231204,294.4787,294.3925,294.48,294.19,0.0
202606231205,294.1,294.22,294.5415,294.1,0.0
202606231206,294.21,294.4925,294.5,294.2,0.0
202606231207,294.36,294.2552,294.46,294.2136,0.0
202606231208,294.35,294.4,294.43,294.2503,0.0
202606231209,294.3962,294.3865,294.3962,294.25,0.0
202606231210,294.32,294.445,294.5327,294.25,0.0
202606231211,294.255,294.6222,294.6222,294.2512,0.0
202606231212,294.3277,294.634,294.6522,294.3277,0.0
202606231213,294.6,294.5,294.6388,294.4,0.0
202606231214,294.6,294.55,294.66,294.426,0.0
202606231215,294.62,294.504,294.6599,294.4605,0.0
202606231216,294.64,294.5235,294.66,294.5,0.0
202606231217,294.6565,294.6455,294.6588,294.4062,0.0
202606231218,294.4742,294.6,294.6357,294.405,0.0
202606231219,294.57,294.54,294.6,294.54,0.0
202606231220,294.47,294.52,294.6357,294.47,0.0
202606231221,294.471,294.5755,294.7845,294.471,0.0
202606231222,294.7845,294.5049,294.79,294.478,0.0
202606231223,294.729,294.6,294.79,294.5012,0.0
202606231224,294.61,294.7991,294.9388,294.61,0.0
202606231225,294.8034,294.9188,294.9188,294.5012,0.0
202606231226,294.8771,294.61,294.8771,294.513,0.0
202606231227,294.75,294.77,294.7899,294.6978,0.0
202606231228,294.94,294.6962,294.94,294.69,0.0
202606231229,294.9337,294.694,294.9337,294.69,0.0
202606231230,294.846,294.7177,294.846,294.69,0.0
202606231231,294.721,294.82,294.84,294.6978,0.0
202606231232,294.7229,294.89,294.8988,294.72,0.0
202606231233,294.7208,294.6276,294.83,294.56,0.0
202606231234,294.63,294.32,294.69,294.32,0.0
202606231235,294.22,294.18,294.32,294.06,0.0
202606231236,294.19,294.23,294.36,294.06,0.0
202606231237,294.36,294.22,294.5222,294.22,0.0
202606231238,294.4988,294.5,294.5,294.227,0.0
202606231239,294.493,294.4,294.493,294.2245,0.0
202606231240,294.3025,294.495,294.5257,294.3,0.0
202606231241,294.495,294.683,294.683,294.305,0.0
202606231242,294.6754,294.41,294.683,294.41,0.0
202606231243,294.6755,294.58,294.69,294.4,0.0
202606231244,294.5,294.5,294.7228,294.41,0.0
202606231245,294.69,294.53,294.9,294.51,0.0
202606231246,294.6,294.5277,294.8902,294.51,0.0
202606231247,294.65,294.5072,294.82,294.5072,0.0
202606231248,294.79,294.5588,294.9,294.54,0.0
202606231249,294.79,294.8012,294.94,294.7,0.0
202606231250,294.8073,294.8035,294.9365,294.8035,0.0
202606231251,294.9,295.37,295.37,294.9,0.0
202606231252,295.2,295.1687,295.37,295.019,0.0
202606231253,295.09,295.1,295.342,295.02,0.0
202606231254,295.13,294.9,295.23,294.9,0.0
202606231255,295.11,295.2327,295.24,294.976,0.0
202606231256,294.9572,295.04,295.24,294.9501,0.0
202606231257,295.14,295.23,295.23,295.0342,0.0
202606231258,295.0,295.1,295.223,294.95,0.0
202606231259,295.12,295.0115,295.22,294.95,0.0
202606231300,295.12,295.2537,295.26,295.01,0.0
202606231301,295.0162,295.0203,295.26,295.0,0.0
202606231302,295.004,295.075,295.26,294.9562,0.0
202606231303,295.0,294.9555,295.2,294.9555,0.0
202606231304,295.1645,295.2437,295.2452,294.9555,0.0
202606231305,295.1974,295.0177,295.339,295.0,0.0
202606231306,295.3122,295.4955,295.59,295.008,0.0
202606231307,295.3245,295.8,295.8317,295.3245,0.0
202606231308,295.8317,295.65,295.8317,295.449,0.0
202606231309,295.4465,295.8,295.8,295.4465,0.0
202606231310,295.8,295.7571,295.8,295.0,0.0
202606231311,295.79,295.7375,295.8,295.2912,0.0
202606231312,295.7,295.89,295.9,295.23,0.0
202606231313,295.95,295.9792,296.0,295.375,0.0
202606231314,295.9888,295.7425,295.9888,295.56,0.0
202606231315,295.723,295.5599,295.86,295.546,0.0
202606231316,295.0,295.96,295.978,295.0,0.0
202606231317,295.51,295.64,295.99,295.3952,0.0
202606231318,295.62,295.3392,295.9,295.2112,0.0
202606231319,295.52,295.2209,295.6907,295.2209,0.0
202606231320,295.3796,295.5,295.7288,295.3465,0.0
202606231321,295.6,295.4,295.7,295.2779,0.0
202606231322,295.4,295.59,295.7962,295.2097,0.0
202606231323,295.59,295.4963,295.75,295.42,0.0
202606231324,295.44,295.6258,295.74,295.44,0.0
202606231325,295.52,295.32,295.52,295.01,0.0
202606231326,295.0,295.5212,295.7056,295.0,0.0
202606231327,295.63,295.5276,295.87,295.25,0.0
202606231328,295.7,297.5996,297.6155,295.402,0.0
202606231329,297.61,297.6,297.8,297.54,0.0
202606231330,297.5379943847656,296.5799865722656,298.30999755859375,295.17999267578125,1821353.0
202606231331,296.6050109863281,297.3299865722656,297.80999755859375,296.2300109863281,266719.0
202606231332,297.2699890136719,297.70001220703125,298.29998779296875,297.1499938964844,272691.0
202606231333,297.6499938964844,297.1449890136719,297.70001220703125,296.8599853515625,172200.0
202606231334,297.1400146484375,297.04998779296875,297.3799133300781,296.80999755859375,152238.0
202606231335,296.9800109863281,296.5400085449219,296.9800109863281,296.20001220703125,182705.0
202606231336,296.55999755859375,296.54669189453125,296.92999267578125,296.2099914550781,195941.0
202606231337,296.5299987792969,297.8999938964844,297.9100036621094,296.5299987792969,140094.0
202606231338,297.9100036621094,298.5400085449219,298.8949890136719,297.9100036621094,179924.0
202606231339,298.5,298.9150085449219,299.19000244140625,297.9750061035156,170710.0
202606231340,298.9324951171875,299.32501220703125,299.42999267578125,298.7300109863281,169975.0
202606231341,299.32000732421875,299.3999938964844,299.4800109863281,298.9599914550781,137450.0
202606231342,299.4700012207031,300.17999267578125,300.260009765625,299.1099853515625,240417.0
202606231343,300.17999267578125,300.1549987792969,300.3450012207031,299.8200988769531,134060.0
202606231344,300.1400146484375,300.510009765625,300.5776062011719,300.1400146484375,176096.0
202606231345,300.4700012207031,300.590087890625,301.0400085449219,300.3500061035156,155960.0
202606231346,300.6099853515625,300.9549865722656,301.1400146484375,300.3599853515625,118121.0
202606231347,301.0,301.3399963378906,301.5,300.81500244140625,205881.0
202606231348,301.4200134277344,300.5350036621094,301.6400146484375,300.44000244140625,195050.0
202606231349,300.56988525390625,300.4049987792969,300.6499938964844,300.1700134277344,110026.0
202606231350,300.3599853515625,300.0899963378906,300.5299987792969,300.0899963378906,124879.0
202606231351,300.0799865722656,299.3999938964844,300.2300109863281,299.3299865722656,190345.0
202606231352,299.4100036621094,298.95001220703125,299.70001220703125,298.86248779296875,103548.0
202606231353,298.9150085449219,298.57000732421875,298.9200134277344,298.42999267578125,239631.0
202606231354,298.5899963378906,298.3699951171875,298.6600036621094,298.1600036621094,79297.0
202606231355,298.3599853515625,298.57501220703125,298.6499938964844,298.15850830078125,111263.0
202606231356,298.57501220703125,298.9599914550781,299.0400085449219,298.4649963378906,121005.0
202606231357,298.9599914550781,299.04998779296875,299.3299865722656,298.8949890136719,88224.0
202606231358,299.0249938964844,298.93499755859375,299.30999755859375,298.8999938964844,65064.0
202606231359,298.94000244140625,299.1099853515625,299.2279968261719,298.7799987792969,68647.0
202606231400,299.0849914550781,299.1000061035156,299.1899108886719,298.7950134277344,98562.0
202606231401,299.0899963378906,299.3999938964844,299.42999267578125,299.010009765625,87195.0
202606231402,299.42999267578125,299.3399963378906,299.6499938964844,299.2099914550781,76697.0
202606231403,299.2449951171875,299.2250061035156,299.3349914550781,299.0400085449219,75210.0
202606231404,299.2099914550781,299.385009765625,299.54998779296875,299.1700134277344,97140.0
202606231405,299.3500061035156,299.4100036621094,299.4100036621094,298.8599853515625,227197.0
202606231406,299.3599853515625,299.31500244140625,299.44000244140625,299.05999755859375,75511.0
202606231407,299.32000732421875,299.6600036621094,299.75,299.25,99498.0
202606231408,299.67999267578125,299.510009765625,299.7398986816406,299.31500244140625,90351.0
202606231409,299.510009765625,299.6300048828125,299.69000244140625,299.3999938964844,71416.0
202606231410,299.6300048828125,299.739990234375,299.989990234375,299.5199890136719,163348.0
202606231411,299.75,299.5299987792969,299.8009948730469,299.4320068359375,91054.0
202606231412,299.54998779296875,299.5799865722656,299.6499938964844,299.4849853515625,84103.0
202606231413,299.57000732421875,299.7099914550781,299.92999267578125,299.5559997558594,72890.0
202606231414,299.7300109863281,299.42999267578125,299.79998779296875,299.3800048828125,63610.0
202606231415,299.42999267578125,299.81500244140625,299.8299865722656,299.30999755859375,71705.0
202606231416,299.79998779296875,299.8399963378906,299.8699951171875,299.625,62601.0
202606231417,299.7699890136719,299.6000061035156,299.7900085449219,299.5,67503.0
202606231418,299.5950012207031,299.6000061035156,299.67999267578125,299.4200134277344,69807.0
202606231419,299.6000061035156,299.5400085449219,299.67999267578125,299.4800109863281,111635.0
202606231420,299.5199890136719,299.2650146484375,299.7099914550781,299.2200012207031,121931.0
202606231421,299.260009765625,299.1400146484375,299.2799987792969,298.9849853515625,77191.0
202606231422,299.1099853515625,299.510009765625,299.59991455078125,299.04998779296875,102323.0
202606231423,299.4800109863281,299.0849914550781,299.5,298.94000244140625,99635.0
202606231424,299.07000732421875,299.5799865722656,299.5799865722656,298.8999938964844,76550.0
202606231425,299.54998779296875,299.8599853515625,299.9100036621094,299.4200134277344,79883.0
202606231426,299.8399963378906,300.0400085449219,300.0400085449219,299.60009765625,123303.0
202606231427,300.0400085449219,299.8900146484375,300.2200012207031,299.8399963378906,95706.0
202606231428,299.8949890136719,300.1471862792969,300.1600036621094,299.8599853515625,71995.0
202606231429,300.1300048828125,300.506591796875,300.55999755859375,300.1300048828125,165417.0
202606231430,300.5199890136719,300.2099914550781,300.6000061035156,300.2099914550781,87779.0
202606231431,300.2049865722656,300.19000244140625,300.25,300.010009765625,83170.0
202606231432,300.19500732421875,300.3999938964844,300.44000244140625,300.05999755859375,78465.0
202606231433,300.42999267578125,300.7200012207031,300.8800048828125,300.4200134277344,96296.0
202606231434,300.69000244140625,300.4200134277344,300.7799987792969,300.25,167149.0
202606231435,300.44000244140625,300.2650146484375,300.5,299.8299865722656,135219.0
202606231436,300.2699890136719,300.3800048828125,300.44000244140625,300.239990234375,70016.0
202606231437,300.385009765625,300.239990234375,300.3949890136719,300.1600036621094,63776.0
202606231438,300.260009765625,300.2200012207031,300.4700012207031,300.17999267578125,67013.0
202606231439,300.2149963378906,299.6499938964844,300.2950134277344,299.60430908203125,64609.0
202606231440,299.6499938964844,299.8399963378906,299.8500061035156,299.55999755859375,58790.0
202606231441,299.8450012207031,300.1199951171875,300.1499938964844,299.82000732421875,59378.0
202606231442,300.0899963378906,300.4049987792969,300.45989990234375,299.9849853515625,64752.0
202606231443,300.4150085449219,300.3800048828125,300.4599914550781,300.2200012207031,61592.0
202606231444,300.3699951171875,300.3500061035156,300.45001220703125,300.2300109863281,53331.0
202606231445,300.3699951171875,300.2300109863281,300.4800109863281,300.17999267578125,67899.0
202606231446,300.2300109863281,300.2349853515625,300.3299865722656,300.05999755859375,61251.0
202606231447,300.2300109863281,300.1099853515625,300.2699890136719,300.0199890136719,50312.0
202606231448,300.1050109863281,300.2900085449219,300.32000732421875,299.8450012207031,121405.0
202606231449,300.29998779296875,300.0398864746094,300.32000732421875,300.0199890136719,73074.0
202606231450,300.010009765625,300.07000732421875,300.1300048828125,299.8699951171875,70427.0
202606231451,300.07000732421875,299.8100891113281,300.239990234375,299.8100891113281,78781.0
202606231452,299.8599853515625,299.95001220703125,299.95001220703125,299.614990234375,57169.0
202606231453,299.8951110839844,300.0899963378906,300.1099853515625,299.8599853515625,59813.0
202606231454,300.0899963378906,300.1000061035156,300.1499938964844,299.8599853515625,68112.0
202606231455,300.0950012207031,299.7099914550781,300.1499938964844,299.6600036621094,62517.0
202606231456,299.6600036621094,299.54998779296875,299.8399963378906,299.5400085449219,63031.0
202606231457,299.5599060058594,300.1499938964844,300.2499084472656,299.5450134277344,81017.0
202606231458,300.1700134277344,300.1099853515625,300.2149963378906,299.9700012207031,60231.0
202606231459,300.1099853515625,300.0899963378906,300.1600036621094,299.92999267578125,91597.0
202606231500,300.0899963378906,300.2699890136719,300.29998779296875,300.010009765625,96280.0
202606231501,300.239990234375,299.8299865722656,300.32000732421875,299.8186950683594,49501.0
202606231502,299.79998779296875,299.7099914550781,299.8599853515625,299.45001220703125,65852.0
202606231503,299.70001220703125,299.67999267578125,299.7850036621094,299.5299987792969,113810.0
202606231504,299.69500732421875,299.7300109863281,299.760009765625,299.4800109863281,45201.0
202606231505,299.7200012207031,299.4200134277344,299.7200012207031,299.2900085449219,97110.0
202606231506,299.4200134277344,299.489990234375,299.5299072265625,299.32000732421875,88627.0
202606231507,299.4800109863281,299.3750915527344,299.5299987792969,299.2200012207031,66461.0
202606231508,299.3800048828125,299.4200134277344,299.489990234375,299.3299865722656,56540.0
202606231509,299.4200134277344,299.70001220703125,299.739990234375,299.3599853515625,68389.0
202606231510,299.69000244140625,299.7051086425781,299.8900146484375,299.67999267578125,78995.0
202606231511,299.7099914550781,299.82000732421875,299.9800109863281,299.6600036621094,82293.0
202606231512,299.79998779296875,299.489990234375,299.8598937988281,299.4599914550781,96362.0
202606231513,299.4800109863281,299.2300109863281,299.5,299.2200012207031,79574.0
202606231514,299.2200012207031,299.1477966308594,299.29998779296875,299.1000061035156,64974.0
202606231515,299.1300048828125,299.17999267578125,299.20001220703125,298.95001220703125,71656.0
202606231516,299.18499755859375,298.7300109863281,299.2900085449219,298.7237854003906,76972.0
202606231517,298.760009765625,298.69000244140625,298.9800109863281,298.5909118652344,70449.0
202606231518,298.69000244140625,298.739990234375,298.80999755859375,298.5199890136719,83160.0
202606231519,298.7099914550781,298.6465148925781,298.7900085449219,298.6400146484375,54959.0
202606231520,298.6700134277344,298.95001220703125,298.9700012207031,298.6400146484375,49167.0
202606231521,298.9200134277344,298.57000732421875,298.92999267578125,298.55999755859375,48783.0
202606231522,298.57000732421875,298.6400146484375,298.7250061035156,298.5201110839844,54394.0
202606231523,298.6400146484375,298.7749938964844,298.8699951171875,298.6357116699219,85195.0
202606231524,298.760009765625,298.6600036621094,298.95001220703125,298.6600036621094,79463.0
202606231525,298.625,298.54998779296875,298.6650085449219,298.42999267578125,70638.0
202606231526,298.57000732421875,298.6499938964844,298.7099914550781,298.3999938964844,82453.0
202606231527,298.6400146484375,298.70001220703125,298.7099914550781,298.57000732421875,119864.0
202606231528,298.7099914550781,298.67999267578125,298.80999755859375,298.5899963378906,49836.0
202606231529,298.67498779296875,298.54998779296875,298.7099914550781,298.4700012207031,63677.0
202606231530,298.5450134277344,298.4198913574219,298.5899963378906,298.3399963378906,86516.0
202606231531,298.40240478515625,298.4549865722656,298.5751037597656,298.3901062011719,61937.0
202606231532,298.45001220703125,297.9949951171875,298.4700012207031,297.94000244140625,69821.0
202606231533,297.9949951171875,297.9649963378906,298.19000244140625,297.9414978027344,122193.0
202606231534,297.9750061035156,297.8999938964844,298.0,297.8299865722656,65221.0
202606231535,297.95001220703125,297.9750061035156,298.2799987792969,297.885009765625,74452.0
202606231536,297.9750061035156,297.7200012207031,298.0299987792969,297.6600036621094,66631.0
202606231537,297.7250061035156,297.4549865722656,297.7250061035156,297.3500061035156,96941.0
202606231538,297.4784851074219,297.7099914550781,297.7099914550781,297.44000244140625,89451.0
202606231539,297.69000244140625,297.55999755859375,297.760009765625,297.5400085449219,48422.0
202606231540,297.57000732421875,297.80999755859375,297.80999755859375,297.5199890136719,62992.0
202606231541,297.80999755859375,297.82000732421875,297.8900146484375,297.7200012207031,45662.0
202606231542,297.8299865722656,297.7200012207031,297.8599853515625,297.6549987792969,44804.0
202606231543,297.70001220703125,297.5950012207031,297.8799133300781,297.5400085449219,69829.0
202606231544,297.6098937988281,297.760009765625,297.8900146484375,297.5,77865.0
202606231545,297.7699890136719,297.7799987792969,297.92999267578125,297.739990234375,44348.0
202606231546,297.7699890136719,297.54998779296875,297.80999755859375,297.4599914550781,48978.0
202606231547,297.55999755859375,297.6499938964844,297.7699890136719,297.5400085449219,45884.0
202606231548,297.6499938964844,297.9100036621094,297.92498779296875,297.5903015136719,54961.0
202606231549,297.9100036621094,297.8699951171875,297.9800109863281,297.75799560546875,46536.0
202606231550,297.875,297.82000732421875,298.0400085449219,297.82000732421875,144447.0
202606231551,297.80999755859375,298.0400085449219,298.0400085449219,297.739990234375,48134.0
202606231552,298.0350036621094,297.8699951171875,298.0950012207031,297.8550109863281,55729.0
202606231553,297.8450012207031,297.78009033203125,297.989990234375,297.7699890136719,73139.0
202606231554,297.79998779296875,297.9150085449219,298.0400085449219,297.7300109863281,87573.0
202606231555,297.9150085449219,297.7900085449219,297.9599914550781,297.7349853515625,32471.0
202606231556,297.7900085449219,297.8299865722656,297.840087890625,297.70001220703125,40466.0
202606231557,297.8399963378906,297.9200134277344,297.9200134277344,297.75,40139.0
202606231558,297.9150085449219,297.94000244140625,298.2349853515625,297.9100036621094,91065.0
202606231559,297.94500732421875,298.06500244140625,298.1300048828125,297.8949890136719,65229.0
202606231600,298.07000732421875,298.2699890136719,298.2799987792969,298.0350036621094,66457.0
202606231601,298.2699890136719,298.1300048828125,298.2749938964844,298.05499267578125,78464.0
202606231602,298.1199951171875,298.1099853515625,298.2099914550781,297.95001220703125,76524.0
202606231603,298.114990234375,298.30999755859375,298.3999938964844,298.114990234375,64996.0
202606231604,298.3500061035156,298.3351135253906,298.3900146484375,298.2200012207031,67915.0
202606231605,298.3399963378906,298.3796081542969,298.45001220703125,298.3299865722656,61074.0
202606231606,298.3699951171875,298.44000244140625,298.510009765625,298.30999755859375,46754.0
202606231607,298.45001220703125,298.4700012207031,298.5397033691406,298.3500061035156,42088.0
202606231608,298.44500732421875,298.5150146484375,298.5199890136719,298.360107421875,48072.0
202606231609,298.5199890136719,298.5439147949219,298.6300048828125,298.510009765625,53467.0
202606231610,298.55999755859375,298.6549987792969,298.7699890136719,298.55999755859375,79162.0
202606231611,298.6549987792969,298.45989990234375,298.6549987792969,298.4122009277344,45092.0
202606231612,298.45001220703125,298.3299865722656,298.5450134277344,298.32501220703125,80294.0
202606231613,298.3299865722656,298.2699890136719,298.3949890136719,298.2449951171875,42778.0
202606231614,298.260009765625,298.17999267578125,298.260009765625,298.1300048828125,47388.0
202606231615,298.19000244140625,298.43499755859375,298.4700012207031,298.19000244140625,53343.0
202606231616,298.42498779296875,298.3599853515625,298.4800109863281,298.31500244140625,34499.0
202606231617,298.3699951171875,298.5199890136719,298.6000061035156,298.3550109863281,43141.0
202606231618,298.5199890136719,298.67498779296875,298.67498779296875,298.4750061035156,90475.0
202606231619,298.69000244140625,298.8599853515625,298.885009765625,298.6199951171875,66296.0
202606231620,298.8500061035156,298.6300048828125,298.8500061035156,298.5199890136719,67322.0
202606231621,298.6199951171875,298.69000244140625,298.7200012207031,298.6050109863281,43172.0
202606231622,298.69500732421875,298.7799987792969,298.7799987792969,298.6199951171875,45729.0
202606231623,298.7699890136719,298.7200012207031,298.82000732421875,298.69000244140625,87604.0
202606231624,298.7200012207031,298.67999267578125,298.7799987792969,298.5400085449219,84791.0
202606231625,298.67999267578125,298.8299865722656,298.8500061035156,298.57000732421875,84802.0
202606231626,298.82000732421875,298.80999755859375,298.875,298.70001220703125,78826.0
202606231627,298.79998779296875,298.6199951171875,298.80999755859375,298.55499267578125,76270.0
202606231628,298.6199951171875,298.7049865722656,298.81500244140625,298.6199951171875,34235.0
202606231629,298.7049865722656,298.6199035644531,298.7049865722656,298.5199890136719,39264.0
202606231630,298.5849914550781,298.489990234375,298.6600036621094,298.43499755859375,56515.0
202606231631,298.4800109863281,298.4327087402344,298.489990234375,298.2900085449219,53575.0
202606231632,298.4599914550781,298.489990234375,298.57000732421875,298.3599853515625,51279.0
202606231633,298.4849853515625,298.2200012207031,298.5,298.19500732421875,55977.0
202606231634,298.2300109863281,298.45001220703125,298.4700012207031,298.2250061035156,52471.0
202606231635,298.45001220703125,298.30999755859375,298.4700012207031,298.2300109863281,43343.0
202606231636,298.31500244140625,298.5199890136719,298.5299987792969,298.31500244140625,43050.0
202606231637,298.5199890136719,298.3399963378906,298.55999755859375,298.3399963378906,42165.0
202606231638,298.3299865722656,298.43499755859375,298.5,298.31500244140625,45445.0
202606231639,298.43011474609375,298.635009765625,298.6400146484375,298.42498779296875,57487.0
202606231640,298.635009765625,298.7200012207031,298.8500061035156,298.63031005859375,79696.0
202606231641,298.7200012207031,298.7449951171875,298.79998779296875,298.54998779296875,71841.0
202606231642,298.7300109863281,298.6300048828125,298.7300109863281,298.614990234375,55581.0
202606231643,298.6300048828125,298.6199951171875,298.7200012207031,298.57000732421875,39897.0
202606231644,298.6199951171875,298.5799865722656,298.67999267578125,298.54998779296875,45873.0
202606231645,298.5799865722656,298.5199890136719,298.67999267578125,298.4649963378906,71277.0
202606231646,298.510009765625,298.75,298.8599853515625,298.4200134277344,69113.0
202606231647,298.760009765625,298.57000732421875,298.79998779296875,298.5400085449219,39378.0
202606231648,298.5799865722656,298.6300048828125,298.70001220703125,298.489990234375,56867.0
202606231649,298.6400146484375,298.67999267578125,298.67999267578125,298.5450134277344,42000.0
202606231650,298.68499755859375,298.5199890136719,298.715087890625,298.5,54612.0
202606231651,298.5199890136719,298.5400085449219,298.7298889160156,298.5199890136719,66153.0
202606231652,298.54998779296875,298.8299865722656,298.8299865722656,298.5299987792969,63171.0
202606231653,298.8299865722656,298.8900146484375,298.9700012207031,298.7449951171875,106090.0
202606231654,298.9100036621094,298.8900146484375,298.9800109863281,298.8500061035156,68245.0
202606231655,298.8999938964844,298.8900146484375,298.9700012207031,298.8500061035156,53114.0
202606231656,298.9200134277344,299.0050048828125,299.1700134277344,298.8800048828125,61083.0
202606231657,299.0050048828125,299.1499938964844,299.2799987792969,298.9700012207031,82150.0
202606231658,299.1509094238281,299.13238525390625,299.1600036621094,299.0400085449219,49485.0
202606231659,299.1300048828125,298.989990234375,299.1700134277344,298.989990234375,40326.0
202606231700,299.010009765625,298.7300109863281,299.010009765625,298.6099853515625,145791.0
202606231701,298.7300109863281,298.5150146484375,298.75,298.3699951171875,84800.0
202606231702,298.5,298.2650146484375,298.5050048828125,298.1499938964844,64405.0
202606231703,298.2650146484375,298.1600036621094,298.2699890136719,298.07000732421875,55057.0
202606231704,298.1600036621094,298.0249938964844,298.17999267578125,297.8800048828125,59894.0
202606231705,298.0299987792969,298.2900085449219,298.3392028808594,298.02410888671875,57620.0
202606231706,298.29998779296875,298.4200134277344,298.4200134277344,298.29998779296875,59747.0
202606231707,298.4100036621094,298.489990234375,298.5,298.2900085449219,44879.0
202606231708,298.4700012207031,298.5299987792969,298.5899963378906,298.3800048828125,53290.0
202606231709,298.510009765625,298.760009765625,298.7699890136719,298.510009765625,56891.0
202606231710,298.7699890136719,299.0150146484375,299.0400085449219,298.7650146484375,68746.0
202606231711,299.0199890136719,299.2749938964844,299.3949890136719,299.0199890136719,60939.0
202606231712,299.2799987792969,299.0899963378906,299.2799987792969,299.0849914550781,49661.0
202606231713,299.0849914550781,299.1000061035156,299.2149963378906,299.04998779296875,39644.0
202606231714,299.0899963378906,299.0400085449219,299.1400146484375,299.0400085449219,37090.0
202606231715,299.04998779296875,299.05999755859375,299.1000061035156,298.9949951171875,40030.0
202606231716,299.0450134277344,299.1000061035156,299.1199951171875,299.010009765625,31326.0
202606231717,299.1000061035156,298.989990234375,299.1098937988281,298.9100036621094,38718.0
202606231718,299.010009765625,299.06500244140625,299.1099853515625,298.9800109863281,34912.0
202606231719,299.05999755859375,299.0,299.114990234375,298.95001220703125,50511.0
202606231720,299.010009765625,299.1600036621094,299.1600036621094,299.0050048828125,48510.0
202606231721,299.1499938964844,299.25,299.2900085449219,299.114990234375,76025.0
202606231722,299.25421142578125,299.2200012207031,299.25421142578125,299.1600036621094,37589.0
202606231723,299.2099914550781,299.3500061035156,299.3699951171875,299.17999267578125,44549.0
202606231724,299.3299865722656,299.32501220703125,299.3900146484375,299.25,45986.0
202606231725,299.32501220703125,299.260009765625,299.3900146484375,299.2500915527344,54500.0
202606231726,299.2799072265625,299.3299865722656,299.3900146484375,299.20001220703125,39138.0
202606231727,299.3500061035156,299.4200134277344,299.4700012207031,299.3299865722656,38972.0
202606231728,299.4100036621094,299.44500732421875,299.4599914550781,299.2250061035156,74001.0
202606231729,299.4200134277344,299.3949890136719,299.4700012207031,299.29998779296875,54198.0
202606231730,299.3949890136719,299.32501220703125,299.44000244140625,299.2799987792969,53251.0
202606231731,299.3299865722656,299.5799865722656,299.5799865722656,299.30999755859375,68063.0
202606231732,299.57501220703125,299.5299987792969,299.7300109863281,299.3699951171875,81384.0
202606231733,299.5299987792969,299.55999755859375,299.6650085449219,299.510009765625,45068.0
202606231734,299.57000732421875,299.69000244140625,299.70001220703125,299.4049987792969,47221.0
202606231735,299.70001220703125,299.7650146484375,299.7699890136719,299.67498779296875,41045.0
202606231736,299.760009765625,299.7099914550781,299.79998779296875,299.6549987792969,44438.0
202606231737,299.7200012207031,299.510009765625,299.739990234375,299.489990234375,41350.0
202606231738,299.489990234375,299.4800109863281,299.6199951171875,299.42498779296875,41842.0
202606231739,299.4700012207031,299.43499755859375,299.5299987792969,299.2449951171875,83583.0
202606231740,299.42498779296875,299.2900085449219,299.4599914550781,299.2500915527344,34774.0
202606231741,299.2900085449219,299.25,299.2900085449219,299.0400085449219,43482.0
202606231742,299.25,299.1600036621094,299.25,299.07000732421875,35728.0
202606231743,299.1600036621094,299.18499755859375,299.19000244140625,299.1000061035156,35527.0
202606231744,299.18499755859375,299.3399963378906,299.3450012207031,299.07000732421875,66377.0
202606231745,299.3299865722656,299.7099914550781,299.7200012207031,299.2900085449219,79615.0
202606231746,299.68499755859375,299.7101135253906,299.760009765625,299.6600036621094,45492.0
202606231747,299.7149963378906,299.8900146484375,299.94000244140625,299.6549987792969,82591.0
202606231748,299.8900146484375,299.9700012207031,300.0299987792969,299.8399963378906,105208.0
202606231749,300.0,299.9150085449219,300.0849914550781,299.8900146484375,61735.0
202606231750,299.9150085449219,299.6600036621094,299.94000244140625,299.6499938964844,75084.0
202606231751,299.6600036621094,299.739990234375,299.8345031738281,299.5400085449219,73154.0
202606231752,299.739990234375,299.69000244140625,299.739990234375,299.614990234375,36969.0
202606231753,299.69000244140625,299.54998779296875,299.70001220703125,299.5,58469.0
202606231754,299.54998779296875,299.3500061035156,299.6650085449219,299.3299865722656,61677.0
202606231755,299.3500061035156,299.1099853515625,299.46990966796875,299.1099853515625,37956.0
202606231756,299.1499938964844,298.95001220703125,299.1499938964844,298.9056091308594,60605.0
202606231757,298.9599914550781,298.94000244140625,299.0199890136719,298.8949890136719,41714.0
202606231758,298.94000244140625,299.0150146484375,299.0199890136719,298.8900146484375,43463.0
202606231759,299.0150146484375,298.9599914550781,299.0950012207031,298.9599914550781,53795.0
202606231800,298.989990234375,299.2300109863281,299.2300109863281,298.8900146484375,57032.0
202606231801,299.2300109863281,299.29998779296875,299.30999755859375,299.1499938964844,47151.0
202606231802,299.2950134277344,299.20001220703125,299.3800048828125,299.1600036621094,49606.0
202606231803,299.19500732421875,298.9849853515625,299.19500732421875,298.9200134277344,66753.0
202606231804,298.9750061035156,298.9599914550781,299.1000061035156,298.94000244140625,60628.0
202606231805,298.9700012207031,298.8800048828125,299.0199890136719,298.80999755859375,61598.0
202606231806,298.8900146484375,298.8800048828125,298.9125061035156,298.8500061035156,57422.0
202606231807,298.8599853515625,298.6700134277344,298.8800048828125,298.6700134277344,51495.0
202606231808,298.67999267578125,298.8299865722656,298.8599853515625,298.55999755859375,51725.0
202606231809,298.8299865722656,298.739990234375,298.9079895019531,298.7200927734375,53219.0
202606231810,298.739990234375,298.489990234375,298.75,298.45001220703125,72238.0
202606231811,298.5,298.6700134277344,298.69500732421875,298.5,38849.0
202606231812,298.6600036621094,298.55999755859375,298.70001220703125,298.5249938964844,35196.0
202606231813,298.54998779296875,298.7200012207031,298.760009765625,298.4849853515625,60297.0
202606231814,298.7149963378906,298.760009765625,298.86981201171875,298.7149963378906,42317.0
202606231815,298.7699890136719,298.7349853515625,298.8599853515625,298.7200012207031,67395.0
202606231816,298.7349853515625,298.5700988769531,298.7900085449219,298.54998779296875,41109.0
202606231817,298.57000732421875,298.4649963378906,298.5799865722656,298.45001220703125,38939.0
202606231818,298.4599914550781,298.3500061035156,298.4800109863281,298.3399963378906,37582.0
202606231819,298.3450012207031,298.510009765625,298.5299987792969,298.3399963378906,100065.0
202606231820,298.5050048828125,298.5050048828125,298.5400085449219,298.4049987792969,43708.0
202606231821,298.4849853515625,298.6000061035156,298.6600036621094,298.4100036621094,48276.0
202606231822,298.6000061035156,298.7900085449219,298.8599853515625,298.5899963378906,58022.0
202606231823,298.7799987792969,298.67498779296875,298.7799987792969,298.5199890136719,108244.0
202606231824,298.6000061035156,298.5199890136719,298.6099853515625,298.4700012207031,33635.0
202606231825,298.5400085449219,298.3900146484375,298.54998779296875,298.3699951171875,70194.0
202606231826,298.3900146484375,298.6099853515625,298.6099853515625,298.3699951171875,80777.0
202606231827,298.6000061035156,298.57000732421875,298.6300048828125,298.4599914550781,46445.0
202606231828,298.57000732421875,298.5450134277344,298.590087890625,298.5,47130.0
202606231829,298.55999755859375,298.5199890136719,298.5899963378906,298.4750061035156,40366.0
202606231830,298.5249938964844,298.54998779296875,298.6300048828125,298.5150146484375,51610.0
202606231831,298.54998779296875,298.4006042480469,298.635009765625,298.4006042480469,62115.0
202606231832,298.3999938964844,298.2799987792969,298.4100036621094,298.1449890136719,105660.0
202606231833,298.260009765625,298.2550048828125,298.4200134277344,298.2200012207031,69206.0
202606231834,298.2550048828125,298.2300109863281,298.3299865722656,298.2149963378906,47181.0
202606231835,298.2250061035156,298.07000732421875,298.2803955078125,298.0350036621094,48262.0
202606231836,298.0899963378906,298.1499938964844,298.17999267578125,297.989990234375,47051.0
202606231837,298.1499938964844,297.9100036621094,298.1650085449219,297.8999938964844,40823.0
202606231838,297.9049987792969,297.8200988769531,297.9200134277344,297.7250061035156,84996.0
202606231839,297.8399963378906,298.05010986328125,298.17999267578125,297.82000732421875,73589.0
202606231840,298.07000732421875,297.9700012207031,298.07000732421875,297.90020751953125,70081.0
202606231841,297.9700012207031,298.05999755859375,298.05999755859375,297.9599914550781,47132.0
202606231842,298.06500244140625,297.8999938964844,298.1000061035156,297.8699951171875,49735.0
202606231843,297.885009765625,297.79998779296875,297.94000244140625,297.7799987792969,53719.0
202606231844,297.79998779296875,297.8999938964844,297.8999938964844,297.75,64519.0
202606231845,297.8949890136719,297.8699951171875,298.0,297.8699951171875,47997.0
202606231846,297.8699951171875,297.8500061035156,297.9200134277344,297.810302734375,61174.0
202606231847,297.8500061035156,297.8100891113281,298.0,297.7701110839844,144116.0
202606231848,297.82000732421875,297.9599914550781,298.0,297.7349853515625,55311.0
202606231849,297.9599914550781,297.8999938964844,298.0299987792969,297.8299865722656,66150.0
202606231850,297.9100036621094,298.1700134277344,298.2200012207031,297.8999938964844,64281.0
202606231851,298.15008544921875,298.1199951171875,298.20001220703125,298.05999755859375,38506.0
202606231852,298.1300048828125,298.06768798828125,298.1700134277344,298.04998779296875,40763.0
202606231853,298.05999755859375,297.7550048828125,298.07000732421875,297.75,62622.0
202606231854,297.7699890136719,297.6099853515625,297.8558044433594,297.45001220703125,135368.0
202606231855,297.6199951171875,297.54998779296875,297.7300109863281,297.5299987792969,55204.0
202606231856,297.54998779296875,297.739990234375,297.739990234375,297.4750061035156,66620.0
202606231857,297.7301025390625,297.5899963378906,297.7900085449219,297.5799865722656,99105.0
202606231858,297.5849914550781,297.7789001464844,297.8349914550781,297.5849914550781,72570.0
202606231859,297.7699890136719,297.5199890136719,297.80999755859375,297.5199890136719,65321.0
202606231900,297.5199890136719,297.5,297.58990478515625,297.43499755859375,106093.0
202606231901,297.510009765625,297.4649963378906,298.86761474609375,297.3999938964844,110388.0
202606231902,297.45001220703125,297.4649963378906,297.57000732421875,297.3999938964844,58435.0
202606231903,297.4700012207031,297.6000061035156,297.6700134277344,297.45001220703125,59571.0
202606231904,297.6000061035156,297.5799865722656,297.6199951171875,297.4700012207031,52741.0
202606231905,297.6099853515625,297.6499938964844,297.8800048828125,297.57000732421875,78063.0
202606231906,297.6300048828125,297.3299865722656,297.6400146484375,297.2701110839844,75312.0
202606231907,297.32501220703125,297.239990234375,297.3900146484375,297.2101135253906,65471.0
202606231908,297.2349853515625,297.1700134277344,297.30999755859375,297.135009765625,83667.0
202606231909,297.1000061035156,297.1000061035156,297.1000061035156,297.1000061035156,0.0
202606240800,294.0205,294.6142,294.99,293.5125,0.0
202606240801,294.6872,294.4875,294.9,293.7,0.0
202606240802,294.4988,294.4877,294.4988,294.0012,0.0
202606240803,294.0222,294.0417,294.4988,294.02,0.0
202606240804,294.4882,294.4485,294.5,294.0115,0.0
202606240805,294.0125,294.032,294.5,294.0115,0.0
202606240806,294.488,294.1187,294.488,294.031,0.0
202606240807,294.4512,294.49,294.4902,294.1095,0.0
202606240808,294.11,294.01,294.49,293.78,0.0
202606240809,294.15,294.0012,294.9,293.78,0.0
202606240810,294.0,294.4788,294.4788,294.0,0.0
202606240811,294.24,293.75,294.24,293.7307,0.0
202606240812,293.75,293.727,293.9988,293.3175,0.0
202606240813,293.993,293.727,293.993,293.72,0.0
202606240814,293.727,293.7367,293.9932,293.727,0.0
202606240815,293.7367,293.995,293.995,293.7367,0.0
202606240816,293.995,293.7075,294.0,293.7075,0.0
202606240817,293.9902,293.6002,293.9917,293.6002,0.0
202606240818,293.6002,293.6685,293.9917,293.6002,0.0
202606240819,293.6685,293.509,293.9925,293.509,0.0
202606240820,293.851,293.5087,293.851,293.5087,0.0
202606240821,293.5087,293.8325,293.8512,293.5087,0.0
202606240822,293.5475,293.8132,293.8327,293.5475,0.0
202606240823,293.5567,293.8135,293.82,293.5567,0.0
202606240824,293.5665,293.5762,293.82,293.5567,0.0
202606240825,293.57,293.8132,293.8137,293.5567,0.0
202606240826,293.5567,293.8132,293.8132,293.55,0.0
202606240827,293.5567,293.5567,293.8132,293.5567,0.0
202606240828,293.8132,293.6962,293.8132,293.5537,0.0
202606240829,293.55,293.6962,293.6998,293.55,0.0
202606240830,293.5537,293.6962,293.6962,293.5537,0.0
202606240831,293.6962,293.6962,293.6962,293.5537,0.0
202606240832,293.5537,293.5612,293.9887,293.5537,0.0
202606240833,293.9887,293.9697,293.99,293.5612,0.0
202606240834,293.9697,293.9892,293.9892,293.5705,0.0
202606240835,293.9892,293.6072,293.9892,293.5682,0.0
202606240836,293.8827,293.5705,293.9695,293.5632,0.0
202606240837,293.5705,293.69,293.9695,293.57,0.0
202606240838,293.88,293.5702,293.9788,293.56,0.0
202606240839,293.9597,293.8817,293.9597,293.5682,0.0
202606240840,293.8817,293.6072,293.8888,293.5682,0.0
202606240841,293.6072,293.6072,293.8827,293.6072,0.0
202606240842,293.8827,293.8827,293.89,293.6072,0.0
202606240843,293.8827,293.6072,293.8827,293.6072,0.0
202606240844,293.6072,293.795,293.8888,293.605,0.0
202606240845,293.605,293.8827,293.8888,293.6012,0.0
202606240846,293.6072,293.8827,293.8827,293.6072,0.0
202606240847,293.6072,293.8827,293.8827,293.6072,0.0
202606240848,293.6072,293.617,293.883,293.6072,0.0
202606240849,293.883,293.834,293.883,293.606,0.0
202606240850,293.73,293.606,293.834,293.606,0.0
202606240851,293.834,293.6037,293.8388,293.6,0.0
202606240852,293.7462,293.6037,293.7488,293.6,0.0
202606240853,293.7462,293.7462,293.7462,293.6037,0.0
202606240854,293.6037,293.7462,293.7488,293.6,0.0
202606240855,293.6037,293.7462,293.7462,293.6037,0.0
202606240856,293.7462,293.7462,293.75,293.6037,0.0
202606240857,293.6037,293.6037,293.7462,293.6035,0.0
202606240858,293.7462,293.7462,293.7462,293.6037,0.0
202606240859,293.7462,293.9917,293.9917,293.6037,0.0
202606240900,293.6782,293.688,293.992,293.6782,0.0
202606240901,293.688,293.992,293.992,293.688,0.0
202606240902,293.9988,293.6295,293.9988,293.6197,0.0
202606240903,293.6295,293.6392,293.9907,293.6295,0.0
202606240904,293.6392,293.6392,293.9907,293.6392,0.0
202606240905,293.6392,294.0,294.0,293.6392,0.0
202606240906,293.6392,293.9907,293.9907,293.6392,0.0
202606240907,293.9907,293.6392,293.9907,293.6392,0.0
202606240908,293.9907,293.649,293.991,293.6392,0.0
202606240909,293.649,293.9615,293.991,293.6385,0.0
202606240910,293.9615,293.6392,293.9907,293.638,0.0
202606240911,293.9907,293.6392,294.0,293.6392,0.0
202606240912,293.9907,293.9907,293.9988,293.6312,0.0
202606240913,293.9907,293.9907,293.9907,293.6392,0.0
202606240914,293.6392,293.6392,293.9907,293.6392,0.0
202606240915,293.9907,293.9907,293.9907,293.6392,0.0
202606240916,293.9907,293.9907,293.9907,293.6392,0.0
202606240917,293.6392,293.991,293.991,293.6392,0.0
202606240918,293.649,293.6092,293.991,293.6,0.0
202606240919,293.9607,293.9875,293.9988,293.5117,0.0
202606240920,293.5125,293.61,293.9988,293.5122,0.0
202606240921,293.9877,293.9877,293.9877,293.5222,0.0
202606240922,293.5222,293.5222,293.9988,293.5222,0.0
202606240923,293.9877,293.9877,293.9877,293.5222,0.0
202606240924,293.98,293.988,293.9887,293.5222,0.0
202606240925,293.532,293.532,293.988,293.532,0.0
202606240926,293.988,293.9882,293.9882,293.532,0.0
202606240927,293.5417,293.988,293.9882,293.532,0.0
202606240928,293.532,293.532,293.988,293.532,0.0
202606240929,293.988,293.9887,293.9887,293.5125,0.0
202606240930,293.9887,293.9875,293.9887,293.5125,0.0
202606240931,293.5125,293.5125,293.9902,293.51,0.0
202606240932,293.5125,293.5075,293.9875,293.5075,0.0
202606240933,293.5075,293.5075,293.7927,293.5,0.0
202606240934,293.5075,293.7925,293.7997,293.5075,0.0
202606240935,293.5075,293.7925,293.7925,293.5,0.0
202606240936,293.5075,293.9875,293.9875,293.5075,0.0
202606240937,293.9875,293.4442,293.9875,293.4442,0.0
202606240938,293.4442,293.4402,293.9862,293.4402,0.0
202606240939,293.4402,293.8307,293.8307,293.4402,0.0
202606240940,293.4792,293.3222,293.8307,293.3222,0.0
202606240941,293.778,293.3227,293.8267,293.3222,0.0
202606240942,293.3227,293.411,293.829,293.322,0.0
202606240943,293.829,293.829,293.8388,293.4,0.0
202606240944,293.411,293.6925,293.829,293.4012,0.0
202606240945,293.4075,293.6925,293.6988,293.4075,0.0
202606240946,293.4075,293.6927,293.6927,293.4075,0.0
202606240947,293.4172,293.9902,293.9902,293.4172,0.0
202606240948,293.6197,293.8,293.9902,293.6192,0.0
202606240949,293.9707,293.9707,293.9707,293.58,0.0
202606240950,293.9707,293.9902,293.9902,293.6192,0.0
202606240951,293.7,293.9805,293.9902,293.6195,0.0
202606240952,293.9805,293.6195,293.99,293.6195,0.0
202606240953,293.9805,293.9805,293.9805,293.6195,0.0
202606240954,293.9805,293.6195,293.9888,293.6195,0.0
202606240955,293.9805,293.9805,293.9805,293.6195,0.0
202606240956,293.6195,293.9805,293.9805,293.6195,0.0
202606240957,293.9805,293.9805,293.9805,293.6195,0.0
202606240958,293.6195,293.6195,293.9805,293.6195,0.0
202606240959,293.6195,293.961,293.9805,293.619,0.0
202606241000,293.961,293.6195,293.9805,293.619,0.0
202606241001,293.6195,293.9805,293.9888,293.6195,0.0
202606241002,293.9805,293.9805,293.9805,293.6195,0.0
202606241003,293.9805,293.6197,293.9902,293.6195,0.0
202606241004,293.9902,293.7757,293.9932,293.6197,0.0
202606241005,293.9872,293.78,293.9988,293.4637,0.0
202606241006,293.5807,293.9895,293.9988,293.5807,0.0
202606241007,293.5905,293.5905,293.9895,293.5905,0.0
202606241008,293.5905,293.9895,293.9895,293.5905,0.0
202606241009,293.9895,293.99,293.99,293.5905,0.0
202606241010,293.61,293.99,293.99,293.61,0.0
202606241011,293.61,293.6782,293.9917,293.61,0.0
202606241012,293.9917,293.98,293.9952,293.61,0.0
202606241013,293.7855,293.7855,294.0,293.7855,0.0
202606241014,293.9945,293.92,293.996,293.78,0.0
202606241015,293.785,293.975,293.9788,293.78,0.0
202606241016,293.785,293.785,293.975,293.785,0.0
202606241017,293.785,293.9945,293.9945,293.785,0.0
202606241018,293.7855,293.7855,293.9945,293.78,0.0
202606241019,293.7855,293.8245,293.9955,293.7855,0.0
202606241020,293.9955,293.6392,293.9955,293.6392,0.0
202606241021,293.9907,293.6197,293.9907,293.6197,0.0
202606241022,293.6197,293.8635,293.9902,293.6165,0.0
202606241023,293.8635,293.636,293.8688,293.6165,0.0
202606241024,293.636,293.8647,293.8647,293.636,0.0
202606241025,293.6652,293.6652,293.8647,293.6652,0.0
202606241026,293.8647,293.6652,293.8647,293.6652,0.0
202606241027,293.8647,293.6652,293.8647,293.6555,0.0
202606241028,293.6652,293.8647,293.8647,293.6652,0.0
202606241029,293.8647,293.8667,293.8667,293.6652,0.0
202606241030,293.8667,293.8667,293.8667,293.7432,0.0
202606241031,293.8017,294.2437,294.25,293.8017,0.0
202606241032,294.0062,294.4875,294.4875,294.0062,0.0
202606241033,294.0125,294.0097,294.4882,294.0097,0.0
202606241034,294.3802,294.3802,294.39,294.0097,0.0
202606241035,294.0097,294.38,294.3802,294.0097,0.0
202606241036,294.0097,294.3802,294.3802,294.0097,0.0
202606241037,294.0125,294.4925,294.4925,294.0125,0.0
202606241038,294.4925,294.4925,294.4988,294.2,0.0
202606241039,294.4925,294.4925,294.4925,294.2075,0.0
202606241040,294.271,294.395,294.4925,294.205,0.0
202606241041,294.395,294.395,294.395,294.205,0.0
202606241042,294.395,294.4025,294.5,294.2012,0.0
202606241043,294.4975,294.63,294.63,294.4025,0.0
202606241044,294.57,294.6632,294.68,294.4067,0.0
202606241045,294.6632,294.661,294.6632,294.319,0.0
202606241046,294.319,294.319,294.661,294.319,0.0
202606241047,294.319,294.661,294.661,294.319,0.0
202606241048,294.661,294.6662,294.6665,294.5237,0.0
202606241049,294.6662,294.5237,294.6662,294.5237,0.0
202606241050,294.5237,294.3287,294.6662,294.319,0.0
202606241051,294.6612,294.3287,294.6688,294.3287,0.0
202606241052,294.6612,294.6612,294.6612,294.3287,0.0
202606241053,294.3287,294.3287,294.6612,294.3285,0.0
202606241054,294.6612,294.6517,294.6615,294.3287,0.0
202606241055,294.6517,294.309,294.661,294.309,0.0
202606241056,294.309,294.6607,294.6607,294.309,0.0
202606241057,294.6607,294.3092,294.6607,294.309,0.0
202606241058,294.3092,294.655,294.9912,294.3092,0.0
202606241059,294.845,294.845,294.845,294.6545,0.0
202606241100,294.75,295.02,295.195,294.615,0.0
202606241101,295.0,294.6587,295.1865,294.5955,0.0
202606241102,294.6587,294.9057,295.13,294.6575,0.0
202606241103,294.9057,294.9057,295.13,294.9057,0.0
202606241104,294.9057,295.1025,295.13,294.9057,0.0
202606241105,295.0032,295.1932,295.195,294.9367,0.0
202606241106,295.1932,295.1542,295.1988,294.93,0.0
202606241107,294.9357,295.1432,295.1542,294.72,0.0
202606241108,295.1432,294.8855,295.145,294.8855,0.0
202606241109,294.8855,294.9062,295.15,294.88,0.0
202606241110,294.9062,295.1427,295.1437,294.8672,0.0
202606241111,294.8672,294.93,295.1488,294.7405,0.0
202606241112,294.7405,295.12,295.1395,294.73,0.0
202606241113,294.74,294.7367,295.12,294.7312,0.0
202606241114,294.7367,295.0907,295.12,294.7367,0.0
202606241115,295.0907,294.9932,295.0907,294.7367,0.0
202606241116,294.8665,294.7367,295.0,294.7335,0.0
202606241117,294.7367,294.756,294.9935,294.7367,0.0
202606241118,294.756,294.7555,294.99,294.7555,0.0
202606241119,294.7555,294.88,294.9647,294.75,0.0
202606241120,294.7652,294.765,294.9647,294.76,0.0
202606241121,294.955,294.9455,294.96,294.765,0.0
202606241122,294.7745,294.7732,294.95,294.77,0.0
202606241123,294.8967,294.7747,294.96,294.7732,0.0
202606241124,294.7747,294.965,294.97,294.771,0.0
202606241125,294.775,294.7847,294.9652,294.775,0.0
202606241126,294.9652,294.7887,295.1265,294.7847,0.0
202606241127,294.7887,295.1215,295.1215,294.7887,0.0
202606241128,295.0,295.0037,295.2,294.7887,0.0
202606241129,295.0037,295.1462,295.1491,295.0037,0.0
202606241130,295.0037,295.0075,295.2999,295.0,0.0
202606241131,295.2925,295.417,295.417,295.0,0.0
202606241132,295.303,295.4177,295.4177,295.3,0.0
202606241133,295.3322,295.303,295.42,295.303,0.0
202606241134,295.417,295.303,295.42,295.303,0.0
202606241135,295.417,295.6265,295.8735,295.303,0.0
202606241136,295.6265,295.6245,295.8735,295.5075,0.0
202606241137,295.7955,295.9832,296.4867,295.62,0.0
202606241138,296.4867,296.4872,296.4872,295.9832,0.0
202606241139,296.0027,296.4875,296.68,295.9827,0.0
202606241140,296.4875,296.4582,296.4902,296.01,0.0
202606241141,296.0117,296.119,296.47,296.0012,0.0
202606241142,296.461,296.27,296.47,296.11,0.0
202606241143,296.27,296.3962,296.4,296.2537,0.0
202606241144,296.2537,296.1172,296.4,296.1172,0.0
202606241145,296.3927,296.3927,296.4,296.11,0.0
202606241146,296.1172,296.127,296.3999,296.11,0.0
202606241147,296.393,296.393,296.393,296.1212,0.0
202606241148,296.12,296.259,296.68,296.12,0.0
202606241149,296.601,296.2607,296.68,296.259,0.0
202606241150,296.2607,296.6705,296.68,296.2512,0.0
202606241151,296.6705,296.586,296.68,296.01,0.0
202606241152,296.054,296.3412,296.59,295.7845,0.0
202606241153,296.3412,296.3375,296.3412,295.765,0.0
202606241154,295.8625,296.2435,296.3488,295.8625,0.0
202606241155,295.9965,296.1,296.2462,295.99,0.0
202606241156,296.2447,295.8367,296.2447,295.8075,0.0
202606241157,295.8367,296.0932,296.0932,295.83,0.0
202606241158,295.8367,296.0932,296.0932,295.8367,0.0
202606241159,296.0932,295.8075,296.1,295.8075,0.0
202606241200,296.0925,295.805,296.0937,295.8,0.0
202606241201,295.995,295.826,296.0925,295.8,0.0
202606241202,296.054,295.8065,296.054,295.8062,0.0
202606241203,295.8065,295.8065,296.0535,295.8065,0.0
202606241204,295.8065,296.0482,296.06,295.8065,0.0
202606241205,295.855,295.8692,296.0481,295.85,0.0
202606241206,295.8537,295.9972,296.0,295.85,0.0
202606241207,295.9972,295.8412,295.9993,295.77,0.0
202606241208,295.8805,295.5075,295.89,295.5001,0.0
202606241209,295.7925,295.7857,295.8,295.5075,0.0
202606241210,295.6242,295.7975,295.7975,295.6242,0.0
202606241211,295.7975,295.75,295.7975,295.65,0.0
202606241212,295.7317,295.8572,295.8675,295.6357,0.0
202606241213,295.7527,295.8545,295.8599,295.64,0.0
202606241214,295.6455,295.796,295.8545,295.6435,0.0
202606241215,295.796,295.7235,295.8565,295.641,0.0
202606241216,295.7235,295.6455,295.86,295.6455,0.0
202606241217,295.6455,295.8545,295.8545,295.64,0.0
202606241218,295.8545,295.8547,295.8547,295.6455,0.0
202606241219,295.6552,295.6842,295.8588,295.6452,0.0
202606241220,295.8457,295.6452,295.8572,295.6452,0.0
202606241221,295.8447,295.7512,295.8547,295.6452,0.0
202606241222,295.7512,295.7962,295.8,295.6525,0.0
202606241223,295.6537,295.79,295.7993,295.6512,0.0
202606241224,295.7975,295.8307,295.87,295.7025,0.0
202606241225,295.84,295.8647,295.8647,295.663,0.0
202606241226,295.8647,295.8147,295.9952,295.6652,0.0
202606241227,295.9952,295.8537,295.9994,295.8147,0.0
202606241228,295.8537,296.2412,296.2412,295.85,0.0
202606241229,295.9087,296.244,296.2488,295.9087,0.0
202606241230,296.016,295.8185,296.244,295.8185,0.0
202606241231,296.1415,296.142,296.15,295.81,0.0
202606241232,296.142,295.8477,296.15,295.838,0.0
202606241233,296.1422,296.1415,296.15,295.8185,0.0
202606241234,296.1415,295.6877,296.1415,295.6585,0.0
202606241235,295.9822,296.0895,296.0988,295.6877,0.0
202606241236,295.6905,295.8837,296.1,295.6412,0.0
202606241237,295.6462,296.069,296.069,295.64,0.0
202606241238,296.069,295.6635,296.0695,295.651,0.0
202606241239,295.7965,295.9915,296.128,295.6612,0.0
202606241240,295.9915,295.9815,296.0,295.66,0.0
202606241241,295.6585,295.6355,295.99,295.5032,0.0
202606241242,295.8445,295.822,295.8445,295.5082,0.0
202606241243,295.518,295.7437,295.83,295.5,0.0
202606241244,295.7437,295.695,295.75,295.505,0.0
202606241245,295.505,295.5025,295.8217,295.5012,0.0
202606241246,295.5975,295.5122,295.5999,295.5007,0.0
202606241247,295.5122,295.5512,295.6,295.5025,0.0
202606241248,295.5987,295.3462,295.5987,295.3462,0.0
202606241249,295.3462,295.3567,295.584,295.23,0.0
202606241250,295.3567,295.581,295.7272,295.23,0.0
202606241251,295.239,295.2407,314.0,295.239,0.0
202606241252,295.2407,295.24,295.6977,295.23,0.0
202606241253,295.62,295.2777,295.62,295.147,0.0
202606241254,295.5722,295.4805,295.5722,295.11,0.0
202606241255,295.4805,295.118,295.4805,295.11,0.0
202606241256,295.118,295.6387,295.6777,295.118,0.0
202606241257,295.2105,295.2075,295.6777,295.2075,0.0
202606241258,295.4925,295.649,295.649,295.1822,0.0
202606241259,295.649,295.2332,295.7367,295.2,0.0
202606241300,295.7367,295.3032,295.75,295.22,0.0
202606241301,295.4267,295.3462,295.4267,295.1355,0.0
202606241302,295.2037,295.2037,295.3499,295.2001,0.0
202606241303,295.3462,295.2135,295.3499,295.2001,0.0
202606241304,295.2135,295.3975,295.3975,295.2037,0.0
202606241305,295.3025,295.3462,295.3975,295.2037,0.0
202606241306,295.3462,295.2525,295.35,295.2,0.0
202606241307,295.2525,295.2025,295.35,295.2,0.0
202606241308,295.2025,295.205,295.3952,295.2,0.0
202606241309,295.205,295.204,295.4,295.204,0.0
202606241310,295.204,295.395,295.395,295.2,0.0
202606241311,295.205,295.205,295.4,295.2025,0.0
202606241312,295.395,295.3962,295.4,295.205,0.0
202606241313,295.3962,295.3965,295.4,295.25,0.0
202606241314,295.2635,295.269,295.611,295.2537,0.0
202606241315,295.2787,295.6022,295.6122,295.27,0.0
202606241316,295.39,295.4462,295.61,295.3,0.0
202606241317,295.4462,295.7035,295.7035,295.3037,0.0
202606241318,295.7035,295.4552,295.7035,295.45,0.0
202606241319,295.6263,295.7032,295.7032,295.309,0.0
202606241320,295.7032,295.499,295.7037,295.4467,0.0
202606241321,295.461,295.45,295.7925,295.2612,0.0
202606241322,295.3447,295.7342,295.744,295.2537,0.0
202606241323,295.5157,295.082,295.744,295.0,0.0
202606241324,295.082,295.028,295.55,295.005,0.0
202606241325,295.1,295.2355,295.24,294.7997,0.0
202606241326,295.09,295.0067,295.38,294.8045,0.0
202606241327,295.16,295.79,296.1365,295.0067,0.0
202606241328,295.4097,295.6865,296.1222,295.2227,0.0
202606241329,295.9335,295.25,296.1427,295.043,0.0
202606241330,295.375,293.239990234375,295.375,293.2099914550781,1250972.0
202606241331,293.239990234375,293.6300048828125,294.0299987792969,293.20001220703125,218611.0
202606241332,293.6000061035156,295.1199951171875,295.1199951171875,293.57000732421875,141095.0
202606241333,295.0101013183594,296.07000732421875,296.4599914550781,295.0,157353.0
202606241334,296.07000732421875,295.7300109863281,296.07000732421875,295.44000244140625,113387.0
202606241335,295.7200012207031,295.9599914550781,296.1499938964844,295.56500244140625,86439.0
202606241336,295.9599914550781,295.18499755859375,296.1299133300781,295.156005859375,72934.0
202606241337,295.17999267578125,295.5,295.5,294.8299865722656,94591.0
202606241338,295.3999938964844,295.29998779296875,295.6156005859375,295.0199890136719,64445.0
202606241339,295.2900085449219,295.44500732421875,295.6199951171875,295.2300109863281,109212.0
202606241340,295.4700012207031,295.05999755859375,295.739990234375,294.9800109863281,193318.0
202606241341,295.0799865722656,295.2950134277344,295.54998779296875,295.0400085449219,97893.0
202606241342,295.29998779296875,295.6499938964844,295.7099914550781,295.1400146484375,120180.0
202606241343,295.6199951171875,295.760009765625,295.989990234375,295.45001220703125,84678.0
202606241344,295.7799987792969,295.67999267578125,295.8299865722656,295.45001220703125,76191.0
202606241345,295.69000244140625,295.7650146484375,295.9065856933594,295.3500061035156,104020.0
202606241346,295.7950134277344,296.19000244140625,296.2799987792969,295.5299987792969,91825.0
202606241347,296.2099914550781,296.0199890136719,296.2099914550781,295.6650085449219,75775.0
202606241348,296.0400085449219,295.9200134277344,296.07501220703125,295.6050109863281,74716.0
202606241349,295.8800048828125,295.82501220703125,295.9700012207031,295.5899963378906,92097.0
202606241350,295.82000732421875,295.9200134277344,296.1361999511719,295.75,91707.0
202606241351,295.94000244140625,295.7300109863281,296.2300109863281,295.7099914550781,104719.0
202606241352,295.739990234375,295.6400146484375,295.93499755859375,295.6000061035156,59153.0
202606241353,295.6099853515625,295.7550048828125,295.80999755859375,295.55999755859375,59404.0
202606241354,295.7650146484375,296.0801086425781,296.1400146484375,295.7200012207031,98140.0
202606241355,296.07000732421875,295.3200988769531,296.072509765625,295.25,80373.0
202606241356,295.3756103515625,295.55999755859375,295.7699890136719,295.260009765625,64265.0
202606241357,295.57000732421875,295.2900085449219,295.7699890136719,295.1600036621094,57060.0
202606241358,295.2900085449219,295.2200012207031,295.3299865722656,295.0899963378906,51337.0
202606241359,295.2099914550781,294.7699890136719,295.25,294.4800109863281,207983.0
202606241400,294.7200012207031,294.4750061035156,294.8500061035156,294.28009033203125,109161.0
202606241401,294.4800109863281,294.8299865722656,295.0,294.4700927734375,83791.0
202606241402,294.8143005371094,294.6300048828125,294.8399963378906,294.5799865722656,60198.0
202606241403,294.6099853515625,294.42999267578125,294.7099914550781,294.3999938964844,42502.0
202606241404,294.42999267578125,294.5899963378906,294.6199951171875,294.2300109863281,50302.0
202606241405,294.5849914550781,294.7850036621094,294.8500061035156,294.57000732421875,48080.0
202606241406,294.80499267578125,294.7149963378906,294.8500061035156,294.6199951171875,49408.0
202606241407,294.7149963378906,294.69000244140625,294.94000244140625,294.68719482421875,48510.0
202606241408,294.6650085449219,294.55999755859375,294.81500244140625,294.44000244140625,76764.0
202606241409,294.5195007324219,294.79998779296875,294.8599853515625,294.4849853515625,50085.0
202606241410,294.7850036621094,294.8699951171875,295.0799865722656,294.7449951171875,57859.0
202606241411,294.8699951171875,294.8599853515625,294.94000244140625,294.7200012207031,45463.0
202606241412,294.8800048828125,295.3999938964844,295.5,294.8349914550781,101597.0
202606241413,295.3800048828125,295.2550048828125,295.3999938964844,295.06500244140625,85948.0
202606241414,295.2550048828125,294.875,295.2550048828125,294.55499267578125,123337.0
202606241415,294.8999938964844,295.0,295.0899963378906,294.7250061035156,70042.0
202606241416,295.0350036621094,295.2749938964844,295.3900146484375,295.010009765625,58216.0
202606241417,295.2749938964844,295.32000732421875,295.3999938964844,295.19000244140625,63490.0
202606241418,295.29998779296875,295.4100036621094,295.4200134277344,295.17999267578125,44364.0
202606241419,295.4049987792969,295.29998779296875,295.489990234375,295.20001220703125,61059.0
202606241420,295.2699890136719,295.4700012207031,295.5299987792969,295.1099853515625,82304.0
202606241421,295.4949951171875,295.97100830078125,296.0799865722656,295.4800109863281,94350.0
202606241422,295.9599914550781,295.6400146484375,296.20941162109375,295.6241149902344,69838.0
202606241423,295.6099853515625,295.33990478515625,295.6099853515625,295.3100891113281,37639.0
202606241424,295.29998779296875,295.56500244140625,295.57000732421875,295.2250061035156,57800.0
202606241425,295.56500244140625,295.6700134277344,295.82000732421875,295.5299987792969,48282.0
202606241426,295.6300048828125,295.44500732421875,295.6600036621094,295.42181396484375,47129.0
202606241427,295.42999267578125,295.55999755859375,295.55999755859375,295.2200012207031,48945.0
202606241428,295.5400085449219,295.5150146484375,295.6400146484375,295.45001220703125,44677.0
202606241429,295.510009765625,295.4649963378906,295.70001220703125,295.3999938964844,63434.0
202606241430,295.4599914550781,295.79998779296875,295.79998779296875,295.4599914550781,49341.0
202606241431,295.7850036621094,295.54998779296875,295.8099060058594,295.3399963378906,42268.0
202606241432,295.54998779296875,295.5350036621094,295.58990478515625,295.4599914550781,35409.0
202606241433,295.5498962402344,295.6000061035156,295.7200012207031,295.5249938964844,48048.0
202606241434,295.6000061035156,295.6000061035156,295.67999267578125,295.4150085449219,97595.0
202606241435,295.6000061035156,295.364990234375,295.6600036621094,295.3399963378906,45526.0
202606241436,295.364990234375,295.31500244140625,295.4100036621094,295.1099853515625,45819.0
202606241437,295.2900085449219,295.4700012207031,295.489990234375,295.2449951171875,123279.0
202606241438,295.4649963378906,295.5849914550781,295.6899108886719,295.4599914550781,45567.0
202606241439,295.57501220703125,295.54998779296875,295.6099853515625,295.45001220703125,48006.0
202606241440,295.54998779296875,295.8500061035156,295.8800048828125,295.54998779296875,32837.0
202606241441,295.8399963378906,295.80999755859375,295.8999938964844,295.760009765625,54637.0
202606241442,295.80999755859375,296.0,296.1300048828125,295.7900085449219,47349.0
202606241443,296.0299987792969,296.114990234375,296.1199951171875,295.9800109863281,30924.0
202606241444,296.0899963378906,296.4849853515625,296.6000061035156,296.0400085449219,89926.0
202606241445,296.4700012207031,296.55499267578125,296.739990234375,296.45001220703125,85507.0
202606241446,296.55999755859375,296.760009765625,296.8399963378906,296.5400085449219,75212.0
202606241447,296.7300109863281,296.7200012207031,296.7699890136719,296.6199951171875,37591.0
202606241448,296.7200012207031,296.8800048828125,296.9649963378906,296.7200012207031,68775.0
202606241449,296.9049987792969,296.9049987792969,297.0799865722656,296.840087890625,74031.0
202606241450,296.9200134277344,297.17999267578125,297.2049865722656,296.9150085449219,61905.0
202606241451,297.17999267578125,297.1050109863281,297.260009765625,296.9700012207031,73877.0
202606241452,297.114990234375,297.1700134277344,297.17999267578125,297.0,56425.0
202606241453,297.1600036621094,297.1300048828125,297.2099914550781,297.1199951171875,48673.0
202606241454,297.1199951171875,296.8999938964844,297.1400146484375,296.8599853515625,66916.0
202606241455,296.9049987792969,297.03009033203125,297.07000732421875,296.8599853515625,66806.0
202606241456,297.0450134277344,297.0,297.13580322265625,296.9700012207031,58671.0
202606241457,297.0199890136719,296.94000244140625,297.0400085449219,296.8699951171875,55176.0
202606241458,296.9599914550781,296.9751892089844,297.04998779296875,296.9200134277344,50590.0
202606241459,296.9649963378906,297.0799865722656,297.1400146484375,296.9649963378906,48040.0
202606241500,297.1099853515625,296.9949951171875,297.1449890136719,296.9750061035156,64334.0
202606241501,296.9800109863281,297.1734924316406,297.19000244140625,296.8500061035156,69546.0
202606241502,297.1700134277344,297.30999755859375,297.32501220703125,297.1000061035156,61720.0
202606241503,297.2950134277344,297.4649963378906,297.5,297.25,70032.0
202606241504,297.4750061035156,297.2349853515625,297.510009765625,297.2001037597656,62232.0
202606241505,297.2349853515625,297.19000244140625,297.42999267578125,297.0799865722656,111480.0
202606241506,297.1600036621094,297.30999755859375,297.30999755859375,297.1025085449219,37986.0
202606241507,297.3299865722656,297.2300109863281,297.3999938964844,297.2099914550781,51142.0
202606241508,297.2099914550781,297.0199890136719,297.2099914550781,296.9599914550781,58751.0
202606241509,297.0,296.7449951171875,297.0,296.7300109863281,57782.0
202606241510,296.75,296.9100036621094,296.9599914550781,296.6499938964844,76480.0
202606241511,296.9100036621094,297.260009765625,297.260009765625,296.9100036621094,82009.0
202606241512,297.2300109863281,297.0799865722656,297.2300109863281,296.9704895019531,43832.0
202606241513,297.05999755859375,297.2900085449219,297.29998779296875,297.0,45396.0
202606241514,297.2950134277344,297.4800109863281,297.5899963378906,297.2650146484375,76722.0
202606241515,297.4700012207031,297.2349853515625,297.510009765625,297.1499938964844,46144.0
202606241516,297.19000244140625,297.3299865722656,297.3999938964844,297.1400146484375,32206.0
202606241517,297.32501220703125,297.56500244140625,297.57000732421875,297.309814453125,44664.0
202606241518,297.54998779296875,297.4717102050781,297.6000061035156,297.43011474609375,39676.0
202606241519,297.44500732421875,297.4849853515625,297.5400085449219,297.1129150390625,36071.0
202606241520,297.4849853515625,297.4599914550781,297.5,297.2300109863281,54914.0
202606241521,297.44000244140625,297.5249938964844,297.5299987792969,297.3900146484375,63897.0
202606241522,297.5199890136719,297.9599914550781,298.1499938964844,297.5199890136719,208572.0
202606241523,297.9649963378906,298.19500732421875,298.3500061035156,297.9100036621094,111730.0
202606241524,298.19000244140625,297.93499755859375,298.2900085449219,297.9200134277344,93252.0
202606241525,297.93499755859375,297.70001220703125,297.93499755859375,297.510009765625,83939.0
202606241526,297.70001220703125,297.8900146484375,297.989990234375,297.70001220703125,72331.0
202606241527,297.8900146484375,298.3599853515625,298.3599853515625,297.8868103027344,52117.0
202606241528,298.3900146484375,298.3800048828125,298.5199890136719,298.25,123212.0
202606241529,298.3800048828125,298.7850036621094,298.8800048828125,298.3800048828125,304519.0
202606241530,298.760009765625,299.1600036621094,299.25,298.7099914550781,110297.0
202606241531,299.1785888671875,298.8699951171875,299.20001220703125,298.8299865722656,144794.0
202606241532,298.8599853515625,298.8800048828125,299.0,298.760009765625,67041.0
202606241533,298.8999938964844,298.9599914550781,299.0,298.7799987792969,63318.0
202606241534,299.0,299.0799865722656,299.22821044921875,298.989990234375,107687.0
202606241535,299.0882873535156,299.43499755859375,299.4700012207031,299.0450134277344,71007.0
202606241536,299.44000244140625,299.2799987792969,299.5,299.2300109863281,62391.0
202606241537,299.260009765625,299.2900085449219,299.4800109863281,299.260009765625,50529.0
202606241538,299.32000732421875,299.2149963378906,299.3299865722656,299.1099853515625,51037.0
202606241539,299.20001220703125,299.07000732421875,299.2099914550781,298.92999267578125,70006.0
202606241540,299.05999755859375,298.9049987792969,299.1199951171875,298.8800048828125,68780.0
202606241541,298.90008544921875,298.6400146484375,298.95001220703125,298.60009765625,48409.0
202606241542,298.6199951171875,298.6000061035156,298.6593933105469,298.5299987792969,53898.0
202606241543,298.5950012207031,298.4649963378906,298.7149963378906,298.4200134277344,268930.0
202606241544,298.4649963378906,298.1700134277344,298.4800109863281,298.1610107421875,79306.0
202606241545,298.2300109863281,298.5,298.5,298.0799865722656,78167.0
202606241546,298.4750061035156,298.4949951171875,298.6000061035156,298.3900146484375,46923.0
202606241547,298.489990234375,298.6896057128906,298.75,298.42999267578125,72298.0
202606241548,298.6724853515625,298.6400146484375,298.8699035644531,298.60009765625,63840.0
202606241549,298.635009765625,299.0050048828125,299.08990478515625,298.6000061035156,40296.0
202606241550,299.0199890136719,299.1499938964844,299.2069091796875,299.0199890136719,105875.0
202606241551,299.1600036621094,299.3900146484375,299.3999938964844,299.1600036621094,58979.0
202606241552,299.3799133300781,299.5350036621094,299.5799865722656,299.340087890625,61511.0
202606241553,299.5249938964844,299.6025085449219,299.6600036621094,299.510009765625,56122.0
202606241554,299.6098937988281,299.4549865722656,299.6098937988281,299.340087890625,59445.0
202606241555,299.44500732421875,299.6400146484375,299.6600036621094,299.42999267578125,43171.0
202606241556,299.6499938964844,299.502685546875,299.70001220703125,299.4501037597656,40101.0
202606241557,299.510009765625,299.54998779296875,299.6300048828125,299.4901123046875,40628.0
202606241558,299.5450134277344,299.29010009765625,299.55999755859375,299.2799987792969,37625.0
202606241559,299.30499267578125,299.4750061035156,299.5299987792969,299.30499267578125,50929.0
202606241600,299.4649963378906,299.375,299.5,299.3299865722656,57663.0
202606241601,299.3500061035156,299.19000244140625,299.4100036621094,299.1700134277344,59329.0
202606241602,299.16009521484375,299.1099853515625,299.25,299.1099853515625,48251.0
202606241603,299.1000061035156,298.8999938964844,299.1000061035156,298.7701110839844,44817.0
202606241604,298.9200134277344,298.8999938964844,298.9750061035156,298.7699890136719,48019.0
202606241605,298.8999938964844,298.81988525390625,298.92999267578125,298.760009765625,34547.0
202606241606,298.82000732421875,298.95001220703125,298.9700012207031,298.80999755859375,35859.0
202606241607,298.95001220703125,298.8900146484375,298.9800109863281,298.82000732421875,40642.0
202606241608,298.8999938964844,298.75,299.0400085449219,298.75,57444.0
202606241609,298.7500915527344,298.8599853515625,298.8599853515625,298.7200012207031,48649.0
202606241610,298.8450012207031,298.8999938964844,298.90960693359375,298.6199951171875,69435.0
202606241611,298.93499755859375,298.8800048828125,299.04998779296875,298.8599853515625,54006.0
202606241612,298.8699951171875,298.7799987792969,298.8699951171875,298.6499938964844,59155.0
202606241613,298.75,298.7850036621094,298.82000732421875,298.5899963378906,41008.0
202606241614,298.7799987792969,298.7300109863281,298.8299865722656,298.69000244140625,78515.0
202606241615,298.75,298.70001220703125,298.8999938964844,298.70001220703125,35866.0
202606241616,298.67999267578125,298.6300048828125,298.70001220703125,298.489990234375,52535.0
202606241617,298.6549987792969,298.5769958496094,298.6549987792969,298.5,33786.0
202606241618,298.57000732421875,298.489990234375,298.6199951171875,298.43499755859375,68342.0
202606241619,298.4849853515625,298.3703918457031,298.489990234375,298.3699951171875,45743.0
202606241620,298.3699951171875,298.135009765625,298.3699951171875,298.0400085449219,106352.0
202606241621,298.1600036621094,297.8900146484375,298.1700134277344,297.839599609375,79820.0
202606241622,297.8999938964844,298.1099853515625,298.239990234375,297.8699951171875,86759.0
202606241623,298.1199951171875,298.2699890136719,298.42999267578125,298.1000061035156,83612.0
202606241624,298.2900085449219,298.3550109863281,298.42999267578125,298.2300109863281,44227.0
202606241625,298.3399963378906,298.135009765625,298.3399963378906,298.1203918457031,47580.0
202606241626,298.135009765625,298.20001220703125,298.2099914550781,298.1099853515625,33771.0
202606241627,298.19500732421875,298.0799865722656,298.2200012207031,298.0002136230469,46542.0
202606241628,298.0899963378906,298.1099853515625,298.17999267578125,298.0744934082031,35013.0
202606241629,298.1300048828125,298.07000732421875,298.19000244140625,298.04998779296875,40845.0
202606241630,298.04998779296875,297.8699951171875,298.04998779296875,297.7900085449219,54220.0
202606241631,297.8599853515625,297.7200012207031,297.9255065917969,297.69000244140625,61523.0
202606241632,297.7099914550781,297.54998779296875,297.7300109863281,297.5199890136719,61067.0
202606241633,297.5350036621094,297.7449951171875,297.760009765625,297.5199890136719,61768.0
202606241634,297.7449951171875,297.7300109863281,297.8900146484375,297.6824951171875,52878.0
202606241635,297.7301025390625,297.8900146484375,297.9649963378906,297.6199951171875,71122.0
202606241636,297.8699951171875,297.7149963378906,297.8999938964844,297.7099914550781,44914.0
202606241637,297.7149963378906,297.4200134277344,297.7349853515625,297.3901062011719,41521.0
202606241638,297.42999267578125,297.3965148925781,297.4700012207031,297.3500061035156,53361.0
202606241639,297.3949890136719,297.55999755859375,297.5799865722656,297.3200988769531,76095.0
202606241640,297.5400085449219,297.5849914550781,297.6700134277344,297.375,53647.0
202606241641,297.5675048828125,297.5249938964844,297.6300048828125,297.25,73908.0
202606241642,297.5369873046875,297.3699951171875,297.5369873046875,297.2799987792969,54598.0
202606241643,297.375,297.31170654296875,297.4200134277344,297.2200012207031,54734.0
202606241644,297.239990234375,297.31500244140625,297.5400085449219,297.2300109863281,61419.0
202606241645,297.2749938964844,297.1299133300781,297.2950134277344,297.0108947753906,55241.0
202606241646,297.1300048828125,297.1549987792969,297.2200012207031,297.1199951171875,35499.0
202606241647,297.1650085449219,297.2699890136719,297.32000732421875,297.1390075683594,42184.0
202606241648,297.2950134277344,297.4100036621094,297.4200134277344,297.2449951171875,64920.0
202606241649,297.3949890136719,297.4700012207031,297.53179931640625,297.3301086425781,44484.0
202606241650,297.44000244140625,297.55999755859375,297.6000061035156,297.42999267578125,37228.0
202606241651,297.55999755859375,297.4800109863281,297.5799865722656,297.4700012207031,30203.0
202606241652,297.489990234375,297.3800048828125,297.489990234375,297.2200012207031,49844.0
202606241653,297.3599853515625,297.1700134277344,297.3900146484375,297.1199951171875,62917.0
202606241654,297.1409912109375,297.0199890136719,297.1600036621094,297.0,64809.0
202606241655,297.0199890136719,297.0154113769531,297.05999755859375,296.8699951171875,57169.0
202606241656,297.0,297.05999755859375,297.1300048828125,296.9100036621094,56193.0
202606241657,297.0400085449219,297.18499755859375,297.20001220703125,296.9901123046875,72403.0
202606241658,297.20001220703125,297.44000244140625,297.44000244140625,297.20001220703125,57827.0
202606241659,297.44989013671875,297.3450012207031,297.45001220703125,297.19000244140625,50021.0
202606241700,297.3599853515625,297.2799987792969,297.385009765625,297.2200012207031,37118.0
202606241701,297.2699890136719,297.2799987792969,297.2950134277344,297.1510009765625,32274.0
202606241702,297.2601013183594,297.17999267578125,297.30999755859375,297.1499938964844,39433.0
202606241703,297.17999267578125,297.30999755859375,297.32000732421875,297.17999267578125,29971.0
202606241704,297.29998779296875,297.32501220703125,297.3349914550781,297.2300109863281,30106.0
202606241705,297.31500244140625,296.92999267578125,297.31500244140625,296.9100036621094,50675.0
202606241706,296.95001220703125,296.95001220703125,297.07000732421875,296.9010925292969,42286.0
202606241707,296.9649963378906,296.55999755859375,296.9649963378906,296.54998779296875,62123.0
202606241708,296.55999755859375,296.4700012207031,296.6400146484375,296.3999938964844,60050.0
202606241709,296.4700012207031,296.45001220703125,296.4700012207031,296.3121032714844,49612.0
202606241710,296.45001220703125,296.7950134277344,296.79998779296875,296.45001220703125,55446.0
202606241711,296.80999755859375,296.67999267578125,296.8500061035156,296.6748962402344,44179.0
202606241712,296.68499755859375,296.760009765625,296.8299865722656,296.68499755859375,39571.0
202606241713,296.760009765625,296.5899963378906,296.760009765625,296.5299987792969,58439.0
202606241714,296.58990478515625,296.6099853515625,296.7300109863281,296.55999755859375,46183.0
202606241715,296.6099853515625,296.3599853515625,296.6600036621094,296.3399963378906,70817.0
202606241716,296.3500061035156,296.05999755859375,296.3500061035156,295.94000244140625,99676.0
202606241717,296.05999755859375,296.17999267578125,296.2749938964844,296.0054016113281,52236.0
202606241718,296.1700134277344,296.2349853515625,296.2900085449219,296.0299987792969,51678.0
202606241719,296.239990234375,296.29998779296875,296.29998779296875,296.1300048828125,77418.0
202606241720,296.29998779296875,295.93499755859375,296.29998779296875,295.79998779296875,121240.0
202606241721,295.93499755859375,296.0299987792969,296.1000061035156,295.93499755859375,75800.0
202606241722,296.0423889160156,296.0799865722656,296.239990234375,296.0423889160156,52981.0
202606241723,296.0801086425781,296.3340148925781,296.3800048828125,296.010009765625,43431.0
202606241724,296.3399963378906,296.3699951171875,296.4798889160156,296.29998779296875,45419.0
202606241725,296.375,296.6700134277344,296.7200012207031,296.17999267578125,61302.0
202606241726,296.6499938964844,296.67498779296875,296.7598876953125,296.489990234375,65285.0
202606241727,296.70001220703125,296.69989013671875,296.7900085449219,296.6000061035156,47002.0
202606241728,296.67999267578125,296.7300109863281,296.94000244140625,296.6449890136719,121600.0
202606241729,296.7099914550781,296.4200134277344,296.71990966796875,296.3847961425781,82820.0
202606241730,296.4100036621094,296.5799865722656,296.6300048828125,296.2900085449219,48589.0
202606241731,296.5849914550781,296.17999267578125,296.5849914550781,296.1700134277344,75028.0
202606241732,296.17999267578125,296.04998779296875,296.2200012207031,296.0,56545.0
202606241733,296.07000732421875,296.1099853515625,296.1600036621094,295.8399963378906,87616.0
202606241734,296.1099853515625,296.3349914550781,296.3699951171875,296.1050109863281,58361.0
202606241735,296.3450012207031,296.71990966796875,296.8644104003906,296.3450012207031,155283.0
202606241736,296.69500732421875,296.5050048828125,296.739990234375,296.5,67858.0
202606241737,296.5050048828125,296.54998779296875,296.7200012207031,296.43499755859375,117020.0
202606241738,296.5799865722656,296.5799865722656,296.69500732421875,296.32000732421875,55476.0
202606241739,296.6000061035156,296.6099853515625,296.6700134277344,296.35260009765625,78303.0
202606241740,296.626708984375,296.4599914550781,296.7049865722656,296.4599914550781,58143.0
202606241741,296.4700012207031,296.6000061035156,296.6600036621094,296.4599914550781,42866.0
202606241742,296.5899963378906,296.5950012207031,296.6700134277344,296.45001220703125,35889.0
202606241743,296.5799865722656,296.5,296.5799865722656,296.3500061035156,50994.0
202606241744,296.5,295.8999938964844,296.5,295.760009765625,86787.0
202606241745,295.9161071777344,295.8349914550781,296.07000732421875,295.8349914550781,63168.0
202606241746,295.8399963378906,296.07000732421875,296.0899963378906,295.7699890136719,56270.0
202606241747,296.07000732421875,296.1000061035156,296.1300048828125,295.94000244140625,54149.0
202606241748,296.1099853515625,296.1651916503906,296.17999267578125,296.010009765625,54961.0
202606241749,296.1099853515625,296.2099914550781,296.32000732421875,296.1000061035156,54599.0
202606241750,296.19000244140625,296.1705017089844,296.29998779296875,296.1000061035156,54267.0
202606241751,296.18499755859375,296.1700134277344,296.2398986816406,296.1300048828125,49535.0
202606241752,296.19000244140625,296.0880126953125,296.2099914550781,295.94000244140625,58825.0
202606241753,296.1300048828125,295.9599914550781,296.1300048828125,295.92999267578125,51952.0
202606241754,295.9800109863281,296.0400085449219,296.0799865722656,295.9800109863281,47271.0
202606241755,296.04998779296875,296.2250061035156,296.239990234375,296.04998779296875,68991.0
202606241756,296.2300109863281,296.0799865722656,296.24249267578125,296.0799865722656,52156.0
202606241757,296.07000732421875,295.9800109863281,296.07501220703125,295.95001220703125,44248.0
202606241758,295.9700012207031,295.7900085449219,295.9700012207031,295.739990234375,59632.0
202606241759,295.7799072265625,295.6099853515625,295.79998779296875,295.5899963378906,50551.0
202606241800,295.6099853515625,295.95001220703125,295.9949951171875,295.590087890625,88397.0
202606241801,295.93011474609375,296.17999267578125,296.4700012207031,295.8601989746094,90393.0
202606241802,296.19500732421875,296.0400085449219,296.19500732421875,295.8699951171875,90516.0
202606241803,296.0635986328125,296.1499938964844,296.2099914550781,295.9342956542969,75446.0
202606241804,296.1600036621094,296.30999755859375,296.4100036621094,296.1099853515625,74838.0
202606241805,296.2950134277344,296.2900085449219,296.4949951171875,296.260009765625,149214.0
202606241806,296.2900085449219,296.2699890136719,296.42999267578125,296.1925048828125,66114.0
202606241807,296.2950134277344,295.9649963378906,296.29998779296875,295.95001220703125,54541.0
202606241808,295.9599914550781,295.8599853515625,296.06988525390625,295.8399963378906,75245.0
202606241809,295.8800048828125,295.93499755859375,295.989990234375,295.8500061035156,46541.0
202606241810,295.92999267578125,295.7799987792969,295.9399108886719,295.7200012207031,60784.0
202606241811,295.7799987792969,295.82501220703125,295.9100036621094,295.75,50616.0
202606241812,295.80999755859375,295.5350036621094,295.8800048828125,295.510009765625,58820.0
202606241813,295.5350036621094,295.8299865722656,295.8699951171875,295.3800048828125,77026.0
202606241814,295.8299865722656,295.57000732421875,295.8450012207031,295.56500244140625,58932.0
202606241815,295.57000732421875,295.7799987792969,295.82000732421875,295.56500244140625,61135.0
202606241816,295.760009765625,295.7099914550781,295.7900085449219,295.6650085449219,57164.0
202606241817,295.67999267578125,295.7950134277344,295.80999755859375,295.6549987792969,73258.0
202606241818,295.80999755859375,295.94500732421875,295.9599914550781,295.7149963378906,61143.0
202606241819,295.9599914550781,295.92999267578125,296.2099914550781,295.90008544921875,76300.0
202606241820,295.9200134277344,295.9649963378906,296.07000732421875,295.885009765625,47729.0
202606241821,295.9649963378906,295.9175109863281,295.98480224609375,295.8800048828125,44436.0
202606241822,295.9200134277344,295.8500061035156,295.92999267578125,295.7799987792969,49510.0
202606241823,295.8599853515625,296.0050048828125,296.0198974609375,295.8406066894531,51194.0
202606241824,296.0050048828125,296.1099853515625,296.1099853515625,295.95001220703125,63164.0
202606241825,296.1099853515625,296.0950012207031,296.2099914550781,296.0899963378906,74655.0
202606241826,296.0950012207031,295.9700012207031,296.17999267578125,295.9599914550781,90586.0
202606241827,295.9599914550781,296.00030517578125,296.0777893066406,295.93011474609375,88939.0
202606241828,296.0,295.9649963378906,296.0199890136719,295.8500061035156,64562.0
202606241829,295.9750061035156,296.0,296.03009033203125,295.94500732421875,52582.0
202606241830,296.0,296.1499938964844,296.17999267578125,296.0,76158.0
202606241831,296.1400146484375,296.0350036621094,296.1700134277344,295.92999267578125,79654.0
202606241832,296.0425109863281,296.010009765625,296.0899963378906,295.8900146484375,78944.0
202606241833,295.989990234375,295.9800109863281,296.17498779296875,295.95001220703125,85990.0
202606241834,295.9800109863281,296.125,296.1600036621094,295.9800109863281,74260.0
202606241835,296.1000061035156,295.9800109863281,296.1099853515625,295.9154968261719,70648.0
202606241836,295.9800109863281,295.9200134277344,296.0799865722656,295.80999755859375,65341.0
202606241837,295.92498779296875,295.8299865722656,295.989990234375,295.7699890136719,95180.0
202606241838,295.82501220703125,295.4200134277344,295.82501220703125,295.4200134277344,82554.0
202606241839,295.43499755859375,295.42999267578125,295.4700012207031,295.2900085449219,105142.0
202606241840,295.43499755859375,295.2200012207031,295.5299987792969,295.1000061035156,93265.0
202606241841,295.2250061035156,295.2803039550781,295.4750061035156,295.2200927734375,85647.0
202606241842,295.29998779296875,295.3699951171875,295.4200134277344,295.2449951171875,73626.0
202606241843,295.3699951171875,295.0299987792969,295.3699951171875,295.0,76478.0
202606241844,295.0199890136719,295.20001220703125,295.25,294.8800048828125,165486.0
202606241845,295.19000244140625,295.1000061035156,295.25,295.04010009765625,86535.0
202606241846,295.1000061035156,294.8599853515625,295.1400146484375,294.8399963378906,87977.0
202606241847,294.8599853515625,294.6698913574219,294.8800048828125,294.6488037109375,98306.0
202606241848,294.6600036621094,294.7300109863281,294.7300109863281,294.5899963378906,117614.0
202606241849,294.7149963378906,294.5299987792969,294.739990234375,294.4200134277344,96278.0
202606241850,294.5350036621094,294.32501220703125,294.56988525390625,294.260009765625,138957.0
202606241851,294.3299865722656,294.32000732421875,294.3500061035156,294.1600036621094,108440.0
202606241852,294.30999755859375,294.385009765625,294.54998779296875,294.29998779296875,104551.0
202606241853,294.3900146484375,294.4549865722656,294.57501220703125,294.385009765625,88434.0
202606241854,294.4549865722656,294.45001220703125,294.510009765625,294.3999938964844,98358.0
202606241855,294.45001220703125,294.4700012207031,294.4800109863281,294.26611328125,110918.0
202606241856,294.4700012207031,294.739990234375,294.79998779296875,294.4700012207031,125261.0
202606241857,294.760009765625,295.0,295.19000244140625,294.7427978515625,132202.0
202606241858,295.0,295.1300048828125,295.1300048828125,294.8699951171875,82491.0
202606241859,295.125,295.1700134277344,295.1700134277344,294.9800109863281,72786.0
202606241900,295.19000244140625,295.05999755859375,295.2300109863281,295.0400085449219,73213.0
202606241901,295.04998779296875,294.8599853515625,295.04998779296875,294.8399963378906,81429.0
202606241902,294.8500061035156,295.20001220703125,295.260009765625,294.8450012207031,108943.0
202606241903,295.20001220703125,295.3349914550781,295.3800048828125,295.0899963378906,90220.0
202606241904,295.3200988769531,295.3900146484375,295.42999267578125,295.2799987792969,72676.0
202606241905,295.4049987792969,295.1050109863281,295.4125061035156,294.9800109863281,98266.0
202606241906,295.0950012207031,294.9100036621094,295.1000061035156,294.7900085449219,65472.0
202606241907,294.9200134277344,294.9800109863281,295.05999755859375,294.8699951171875,78463.0
202606241908,294.9800109863281,295.1000061035156,295.1000061035156,294.95001220703125,71142.0
202606241909,295.1050109863281,295.2149963378906,295.44000244140625,295.1000061035156,77500.0
202606241910,295.2149963378906,295.114990234375,295.2369079589844,295.03009033203125,89605.0
202606241911,295.1099853515625,295.1000061035156,295.2099914550781,295.0799865722656,80695.0
202606241912,295.1099853515625,295.0127868652344,295.1549987792969,294.9700012207031,75586.0
202606241913,295.0050048828125,295.010009765625,295.1400146484375,294.94000244140625,87033.0
202606241914,295.010009765625,295.0400085449219,295.1099853515625,294.9400939941406,76010.0
202606241915,295.0299987792969,294.94000244140625,295.0799865722656,294.875,74267.0
202606241916,294.92999267578125,294.9949951171875,295.010009765625,294.80999755859375,75104.0
202606241917,295.0,295.0400085449219,295.0400085449219,294.9200134277344,80621.0
202606241918,295.0400085449219,295.07501220703125,295.0799865722656,294.9100036621094,77197.0
202606241919,295.07989501953125,295.05999755859375,295.2200012207031,295.0299987792969,72974.0
202606241920,295.05999755859375,295.0400085449219,295.1199951171875,294.9599914550781,82244.0
202606241921,295.04010009765625,295.13690185546875,295.1600036621094,295.0299987792969,75178.0
202606241922,295.135009765625,295.0050048828125,295.1400146484375,294.9800109863281,61098.0
202606241923,295.0050048828125,295.0199890136719,295.1400146484375,294.94000244140625,89815.0
202606241924,295.0199890136719,294.9800109863281,295.0299987792969,294.9100036621094,73199.0
202606241925,294.989990234375,295.0199890136719,295.239990234375,294.9599914550781,74836.0
202606241926,295.0199890136719,295.010009765625,295.1199951171875,294.9849853515625,65951.0
202606241927,294.989990234375,295.0199890136719,295.1099853515625,294.9599914550781,63555.0
202606241928,295.0199890136719,294.9750061035156,295.07000732421875,294.9200134277344,69956.0
202606241929,294.9700012207031,294.9400939941406,295.05999755859375,294.8999938964844,65686.0
202606241930,294.92999267578125,295.04998779296875,295.05999755859375,294.8800048828125,93131.0
202606241931,295.0400085449219,295.010009765625,295.1300048828125,294.9200134277344,94717.0
202606241932,295.0199890136719,294.80999755859375,295.0299987792969,294.80999755859375,103459.0
202606241933,294.80999755859375,294.864990234375,294.94000244140625,294.7300109863281,121387.0
202606241934,294.8500061035156,294.9599914550781,294.9599914550781,294.7950134277344,113444.0
202606241935,294.9519958496094,294.70001220703125,294.9800109863281,294.6400146484375,132659.0
202606241936,294.69000244140625,294.8800048828125,294.92999267578125,294.6199951171875,90979.0
202606241937,294.885009765625,294.6919860839844,294.95001220703125,294.6919860839844,113314.0
202606241938,294.7049865722656,294.5199890136719,294.7049865722656,294.5,336429.0
202606241939,294.5249938964844,294.6499938964844,294.69000244140625,294.4700012207031,127884.0
202606241940,294.6400146484375,294.6499938964844,294.8299865722656,294.5199890136719,102565.0
202606241941,294.6600036621094,294.7200012207031,294.7300109863281,294.6000061035156,99341.0
202606241942,294.7012023925781,294.7550048828125,294.7799987792969,294.6700134277344,110436.0
202606241943,294.739990234375,294.989990234375,295.0,294.739990234375,135421.0
202606241944,294.9800109863281,295.0350036621094,295.1400146484375,294.93499755859375,125599.0
202606241945,295.04998779296875,295.2699890136719,295.2699890136719,294.8999938964844,132407.0
202606241946,295.2699890136719,295.2099914550781,295.3299865722656,295.1000061035156,95301.0
202606241947,295.1914978027344,295.2650146484375,295.3699951171875,295.1549987792969,116775.0
202606241948,295.260009765625,295.0,295.2799987792969,294.8999938964844,117554.0
202606241949,295.0,294.9700012207031,295.1300048828125,294.82000732421875,105781.0
202606241950,294.989990234375,294.2699890136719,295.0249938964844,294.0799865722656,285433.0
202606241951,294.29998779296875,294.3500061035156,294.5199890136719,294.1400146484375,259643.0
202606241952,294.3500061035156,294.4599914550781,294.5050048828125,294.2200012207031,235036.0
202606241953,294.44000244140625,294.6099853515625,294.67999267578125,294.3450012207031,233224.0
202606241954,294.6199951171875,295.25,295.2900085449219,294.3399963378906,270224.0
202606241955,295.239990234375,294.135009765625,295.25,293.8599853515625,583436.0
202606241956,294.1199951171875,293.6000061035156,294.1199951171875,293.5,387219.0
202606241957,293.5950012207031,293.0799865722656,293.6300048828125,292.95001220703125,692882.0
202606241958,293.1000061035156,293.0199890136719,293.1499938964844,292.95001220703125,694154.0
202606241959,293.2099914550781,293.2099914550781,293.2099914550781,293.2099914550781,0.0
