datetime,open,close,high,low,volume
202606230800,295.39,294.4091,299.9772,294.09,0.0
202606230801,295.0647,294.5,299.99,294.221,0.0
202606230802,294.5,294.48,294.64,294.1,0.0
202606230803,294.1033,294.8605,294.8702,294.1033,0.0
202606230804,294.44,294.81,294.86,294.051,0.0
202606230805,294.84,294.8907,295.31,294.491,0.0
202606230806,295.2992,295.6052,295.6052,294.5005,0.0
202606230807,295.0415,295.0417,295.4882,295.0312,0.0
202606230808,295.4785,294.92,295.4785,294.5132,0.0
202606230809,295.1501,295.28,295.29,294.5433,0.0
202606230810,295.29,298.54,299.61,294.513,0.0
202606230811,297.99,295.12,299.73,294.55,0.0
202606230812,298.12,294.7925,299.99,294.5,0.0
202606230813,294.75,294.8,294.8,294.5,0.0
202606230814,294.85,294.9268,295.1865,294.5,0.0
202606230815,295.15,294.6755,295.2161,294.66,0.0
202606230816,294.92,295.23,295.49,294.675,0.0
202606230817,295.13,295.49,295.5,294.66,0.0
202606230818,295.5,295.59,295.6,294.7912,0.0
202606230819,295.61,294.9012,295.61,294.9,0.0
202606230820,295.07,295.5445,295.6088,294.9012,0.0
202606230821,295.5247,295.5247,295.5247,294.9452,0.0
202606230822,295.52,294.9452,295.5247,294.9452,0.0
202606230823,295.12,295.4895,295.5,295.12,0.0
202606230824,295.0905,295.35,295.4895,294.98,0.0
202606230825,295.46,295.2977,295.46,295.0003,0.0
202606230826,295.5,295.08,295.62,295.0,0.0
202606230827,295.0425,294.9437,295.4662,294.93,0.0
202606230828,295.25,295.2061,295.28,294.9387,0.0
202606230829,295.1351,295.03,295.2788,295.03,0.0
202606230830,295.03,295.01,295.05,294.93,0.0
202606230831,294.99,295.3882,295.3988,294.9312,0.0
202606230832,294.9417,294.93,295.4,294.93,0.0
202606230833,295.0414,295.04,295.28,294.9417,0.0
202606230834,295.4,295.3882,295.4,295.0002,0.0
202606230835,294.9417,295.3882,295.4,294.9417,0.0
202606230836,294.94,295.04,295.04,294.94,0.0
202606230837,295.07,295.16,295.4,294.93,0.0
202606230838,295.3897,295.0075,295.3897,294.9392,0.0
202606230839,295.2925,295.01,295.39,295.0072,0.0
202606230840,295.22,295.5,295.6045,295.0,0.0
202606230841,295.0,295.5881,295.6,295.0,0.0
202606230842,295.4159,295.4353,295.614,295.386,0.0
202606230843,295.386,295.6077,295.6197,295.1422,0.0
202606230844,295.1422,295.15,295.6077,295.13,0.0
202606230845,295.5,295.0,295.5,295.0,0.0
202606230846,295.02,295.4188,295.4188,295.0,0.0
202606230847,295.0219,295.4188,295.4188,295.0219,0.0
202606230848,295.02,295.77,295.77,294.86,0.0
202606230849,295.95,295.5125,295.99,295.5125,0.0
202606230850,295.57,295.57,295.57,295.57,0.0
202606230851,295.79,295.96,296.0,295.5714,0.0
202606230852,295.9887,295.58,295.9988,295.55,0.0
202606230853,295.58,295.51,295.9302,295.51,0.0
202606230854,295.9988,295.51,295.9988,295.51,0.0
202606230855,295.58,295.51,295.89,295.51,0.0
202606230856,295.51,295.9644,295.9644,295.5097,0.0
202606230857,295.6,295.63,295.69,295.5047,0.0
202606230858,295.5411,295.5047,295.6852,295.5,0.0
202606230859,295.62,295.5402,295.7388,295.505,0.0
202606230900,295.695,295.5344,295.695,295.505,0.0
202606230902,295.73,295.5047,295.73,295.5047,0.0
202606230903,295.54,295.5,295.7242,295.5,0.0
202606230904,295.5017,295.52,295.5682,295.5012,0.0
202606230905,295.57,295.51,295.57,295.51,0.0
202606230906,295.5,295.5682,295.5682,295.5,0.0
202606230907,295.539,295.5017,295.5682,295.46,0.0
202606230908,295.5196,295.5017,295.5682,295.5,0.0
202606230909,295.5682,295.51,295.5682,295.5017,0.0
202606230910,295.5036,295.5682,295.5682,295.5,0.0
202606230911,295.5017,295.6,295.6087,295.5017,0.0
202606230912,295.726,295.505,295.726,295.505,0.0
202606230913,295.505,295.5232,295.6988,295.505,0.0
202606230914,295.5975,295.5975,295.5975,295.5,0.0
202606230915,295.5012,295.5975,295.6,295.5,0.0
202606230916,295.52,295.5242,295.5975,295.5,0.0
202606230917,295.51,295.5012,295.54,295.4,0.0
202606230918,295.5975,295.5,295.5975,295.5,0.0
202606230919,295.5975,295.52,295.5975,295.5,0.0
202606230920,295.5025,295.5025,295.5975,295.5025,0.0
202606230921,295.5975,295.5025,295.5988,295.5025,0.0
202606230922,295.5975,295.5214,295.5975,295.5025,0.0
202606230923,295.5201,295.5212,295.6,295.5012,0.0
202606230924,295.56,295.5775,295.6,295.5025,0.0
202606230925,295.5,295.6032,295.66,295.5,0.0
202606230926,295.63,295.55,295.73,295.5012,0.0
202606230927,295.61,295.53,295.7288,295.5057,0.0
202606230928,295.5025,295.5025,295.5975,295.5025,0.0
202606230929,295.5975,295.6,295.6,295.5012,0.0
202606230930,295.5797,295.7242,295.73,295.5797,0.0
202606230931,295.7027,295.6032,295.7267,295.6032,0.0
202606230932,295.7267,295.6032,295.7267,295.6,0.0
202606230933,295.7267,295.605,295.7267,295.5,0.0
202606230934,295.63,295.6295,295.9,295.512,0.0
202606230935,295.6295,295.9905,295.9905,295.6295,0.0
202606230936,295.6292,295.98,295.9807,295.6292,0.0
202606230937,295.6292,295.971,295.9807,295.629,0.0
202606230938,295.629,295.98,295.98,295.629,0.0
202606230939,295.9901,295.888,295.9901,295.812,0.0
202606230940,295.8858,295.5097,295.888,295.5097,0.0
202606230941,295.8802,295.78,295.8802,295.5097,0.0
202606230942,295.9,295.9105,296.1,295.5819,0.0
202606230943,296.18,296.14,296.31,295.9214,0.0
202606230944,296.14,296.17,296.3788,295.929,0.0
202606230945,295.929,295.99,296.1435,295.61,0.0
202606230946,295.61,296.0,296.0,295.61,0.0
202606230947,296.0,296.0,296.0,295.7075,0.0
202606230948,295.5261,295.9875,296.0,295.5125,0.0
202606230949,296.1655,296.163,296.1655,295.517,0.0
202606230950,296.28,295.9875,296.28,295.5125,0.0
202606230951,296.0,296.0,296.0,295.5125,0.0
202606230952,296.212,295.9012,296.212,295.9012,0.0
202606230953,296.0,296.22,296.22,295.908,0.0
202606230954,296.0,296.212,296.212,295.908,0.0
202606230955,295.908,295.908,296.212,295.908,0.0
202606230956,295.9534,295.9003,295.9534,295.9003,0.0
202606230957,296.05,295.9082,296.212,295.9,0.0
202606230958,296.0,296.09,296.2217,295.905,0.0
202606230959,296.02,296.1,296.1,296.02,0.0
202606231000,295.9012,296.0,296.0,295.9012,0.0
202606231001,296.0962,296.0,296.0962,295.95,0.0
202606231002,296.0,295.9537,296.0962,295.9537,0.0
202606231003,296.0962,296.2,296.21,295.9537,0.0
202606231004,296.2,296.2206,296.295,296.1,0.0
202606231005,296.2975,296.1104,296.2975,296.1104,0.0
202606231006,296.295,296.105,296.295,296.105,0.0
202606231007,296.25,296.1,296.2988,296.1,0.0
202606231008,296.13,295.9587,296.3,295.95,0.0
202606231009,296.2912,296.3,296.3,295.95,0.0
202606231010,296.2912,295.9587,296.3,295.9587,0.0
202606231011,295.97,295.9587,296.2912,295.95,0.0
202606231012,295.97,296.29,296.2988,295.91,0.0
202606231013,296.29,296.1867,296.29,295.6857,0.0
202606231014,295.6832,295.683,296.1867,295.6742,0.0
202606231015,295.74,296.0,296.01,295.74,0.0
202606231016,295.6976,296.187,296.187,295.6832,0.0
202606231017,295.693,296.11,296.187,295.693,0.0
202606231018,296.11,296.0107,296.1851,295.8,0.0
202606231019,296.09,296.02,296.1937,295.9562,0.0
202606231020,296.02,295.9562,296.1937,295.9562,0.0
202606231021,295.956,296.0,296.2,295.956,0.0
202606231022,296.194,296.2025,296.21,295.96,0.0
202606231023,296.15,296.2988,296.3,295.96,0.0
202606231024,296.0,296.0,296.0,296.0,0.0
202606231025,295.99,295.9685,296.2915,295.9685,0.0
202606231026,296.29,296.25,296.29,295.96,0.0
202606231027,296.2915,295.9685,296.2915,295.9685,0.0
202606231028,296.25,296.2823,296.2915,295.9685,0.0
202606231029,296.3,296.2915,296.3,296.0207,0.0
202606231030,296.13,296.2915,296.2915,295.96,0.0
202606231031,295.96,296.027,296.2988,295.96,0.0
202606231032,296.02,296.0,296.28,295.96,0.0
202606231033,296.0,296.0,296.0,295.6872,0.0
202606231034,295.85,295.685,296.0,295.685,0.0
202606231035,296.14,295.9009,296.27,295.9009,0.0
202606231036,296.24,295.9612,296.2788,295.88,0.0
202606231037,296.27,296.16,296.27,295.89,0.0
202606231038,296.1509,296.23,296.24,295.8897,0.0
202606231039,296.26,295.8897,296.2602,295.8897,0.0
202606231040,296.26,295.8895,296.2602,295.8895,0.0
202606231041,296.2602,296.21,296.2602,296.21,0.0
202606231042,296.2,296.02,296.2688,295.8897,0.0
202606231043,295.88,295.88,296.07,295.88,0.0
202606231044,295.89,295.93,295.93,295.89,0.0
202606231045,295.93,295.96,295.99,295.88,0.0
202606231046,295.9472,295.93,295.9982,295.93,0.0
202606231047,295.9466,295.8033,295.95,295.67,0.0
202606231048,295.8942,295.91,295.9917,295.67,0.0
202606231049,296.1867,296.1867,296.1867,295.6712,0.0
202606231050,295.67,295.6832,296.1867,295.67,0.0
202606231051,296.1867,296.07,296.1867,295.68,0.0
202606231052,296.06,295.97,296.0697,295.6387,0.0
202606231053,295.68,295.6442,296.1857,295.6303,0.0
202606231054,296.1857,296.1077,296.1857,295.6422,0.0
202606231055,295.6422,295.6392,296.1077,295.6392,0.0
202606231056,295.9907,296.059,296.0688,295.6313,0.0
202606231057,296.059,295.8,296.0632,295.639,0.0
202606231058,295.82,296.0,296.0632,295.6612,0.0
202606231059,295.9917,295.678,295.9917,295.678,0.0
202606231100,295.83,295.856,297.01,295.65,0.0
202606231101,295.856,295.636,297.01,295.636,0.0
202606231102,295.864,295.6572,297.01,295.63,0.0
202606231103,295.6342,295.6322,295.7665,295.6312,0.0
202606231104,295.6312,295.6291,295.6789,295.6267,0.0
202606231105,295.5032,295.4932,295.6462,295.2367,0.0
202606231106,295.33,295.24,295.5,295.23,0.0
202606231107,295.23,294.875,295.2816,294.75,0.0
202606231108,294.9942,294.94,295.0,294.53,0.0
202606231109,294.88,294.6,294.88,294.5,0.0
202606231110,294.61,294.6072,294.88,294.5,0.0
202606231111,294.6942,294.7939,294.9937,294.6776,0.0
202606231112,294.9937,294.8026,294.9937,294.75,0.0
202606231113,294.7562,294.9712,295.5,294.7562,0.0
202606231114,295.389,294.971,295.3988,294.96,0.0
202606231115,294.96,294.9705,295.389,294.96,0.0
202606231116,295.3695,294.665,295.3695,294.6622,0.0
202606231117,295.235,294.9922,295.235,294.6602,0.0
202606231118,294.6977,295.2,295.236,294.6977,0.0
202606231119,294.79,294.977,295.243,294.704,0.0
202606231120,295.243,295.2,295.44,294.97,0.0
202606231121,295.0391,294.97,295.41,294.97,0.0
202606231122,295.0392,295.1,295.38,295.0,0.0
202606231123,295.1,295.2,295.4455,295.0,0.0
202606231124,295.2,295.2,295.5,295.01,0.0
202606231125,295.03,295.1392,295.4999,295.0,0.0
202606231126,295.15,295.1377,295.46,295.13,0.0
202606231127,295.4322,295.1375,295.4399,295.13,0.0
202606231128,295.14,295.13,295.4225,295.0105,0.0
202606231129,295.13,295.1312,295.442,295.0,0.0
202606231130,295.442,295.3835,295.45,295.13,0.0
202606231131,295.13,295.26,295.3,295.1,0.0
202606231132,295.13,295.15,295.3,295.13,0.0
202606231133,295.1537,295.1648,295.1648,295.13,0.0
202606231134,295.13,295.19,295.1982,295.0,0.0
202606231135,295.07,294.9745,295.1852,294.81,0.0
202606231136,294.9794,294.9996,295.15,294.97,0.0
202606231137,295.18,294.99,295.1988,294.6,0.0
202606231138,294.61,295.19,295.2825,294.6085,0.0
202606231139,294.9,294.91,295.3,294.804,0.0
202606231140,294.7029,295.07,295.285,294.7,0.0
202606231141,295.004,295.1875,295.2907,294.7,0.0
202606231142,294.83,294.81,295.1887,294.7612,0.0
202606231143,295.19,294.81,295.1902,294.7125,0.0
202606231144,294.7222,294.7417,295.2,294.7222,0.0
202606231145,295.1882,294.7995,295.1882,294.73,0.0
202606231146,294.82,294.6252,294.9927,294.62,0.0
202606231147,294.83,294.68,294.83,294.6201,0.0
202606231148,294.68,294.7,294.8,294.62,0.0
202606231149,294.75,294.7942,295.0,294.6782,0.0
202606231150,295.0,294.8,295.0,294.78,0.0
202606231151,295.0,294.9905,295.0,294.62,0.0
202606231152,294.6295,294.8,295.01,294.6295,0.0
202606231153,294.82,294.62,295.0002,294.62,0.0
202606231154,295.0002,294.9506,295.01,294.6295,0.0
202606231155,294.6295,294.76,294.9388,294.62,0.0
202606231156,294.9327,294.6022,294.9327,294.6,0.0
202606231157,294.6877,294.6037,294.7462,294.6,0.0
202606231158,294.6037,294.7003,294.75,294.58,0.0
202606231159,294.75,294.7,294.75,294.7,0.0
202606231200,294.7,294.7465,296.268,294.61,0.0
202606231201,294.75,294.8,294.8,294.5,0.0
202606231202,294.9171,294.48,294.9171,294.207,0.0
202606231203,294.4799,294.478,294.4799,294.2,0.0
202606231204,294.4787,294.3925,294.48,294.19,0.0
202606231205,294.1,294.22,294.5415,294.1,0.0
202606231206,294.21,294.4925,294.5,294.2,0.0
202606231207,294.36,294.2552,294.46,294.2136,0.0
202606231208,294.35,294.4,294.43,294.2503,0.0
202606231209,294.3962,294.3865,294.3962,294.25,0.0
202606231210,294.32,294.445,294.5327,294.25,0.0
202606231211,294.255,294.6222,294.6222,294.2512,0.0
202606231212,294.3277,294.634,294.6522,294.3277,0.0
202606231213,294.6,294.5,294.6388,294.4,0.0
202606231214,294.6,294.55,294.66,294.426,0.0
202606231215,294.62,294.504,294.6599,294.4605,0.0
202606231216,294.64,294.5235,294.66,294.5,0.0
202606231217,294.6565,294.6455,294.6588,294.4062,0.0
202606231218,294.4742,294.6,294.6357,294.405,0.0
202606231219,294.57,294.54,294.6,294.54,0.0
202606231220,294.47,294.52,294.6357,294.47,0.0
202606231221,294.471,294.5755,294.7845,294.471,0.0
202606231222,294.7845,294.5049,294.79,294.478,0.0
202606231223,294.729,294.6,294.79,294.5012,0.0
202606231224,294.61,294.7991,294.9388,294.61,0.0
202606231225,294.8034,294.9188,294.9188,294.5012,0.0
202606231226,294.8771,294.61,294.8771,294.513,0.0
202606231227,294.75,294.77,294.7899,294.6978,0.0
202606231228,294.94,294.6962,294.94,294.69,0.0
202606231229,294.9337,294.694,294.9337,294.69,0.0
202606231230,294.846,294.7177,294.846,294.69,0.0
202606231231,294.721,294.82,294.84,294.6978,0.0
202606231232,294.7229,294.89,294.8988,294.72,0.0
202606231233,294.7208,294.6276,294.83,294.56,0.0
202606231234,294.63,294.32,294.69,294.32,0.0
202606231235,294.22,294.18,294.32,294.06,0.0
202606231236,294.19,294.23,294.36,294.06,0.0
202606231237,294.36,294.22,294.5222,294.22,0.0
202606231238,294.4988,294.5,294.5,294.227,0.0
202606231239,294.493,294.4,294.493,294.2245,0.0
202606231240,294.3025,294.495,294.5257,294.3,0.0
202606231241,294.495,294.683,294.683,294.305,0.0
202606231242,294.6754,294.41,294.683,294.41,0.0
202606231243,294.6755,294.58,294.69,294.4,0.0
202606231244,294.5,294.5,294.7228,294.41,0.0
202606231245,294.69,294.53,294.9,294.51,0.0
202606231246,294.6,294.5277,294.8902,294.51,0.0
202606231247,294.65,294.5072,294.82,294.5072,0.0
202606231248,294.79,294.5588,294.9,294.54,0.0
202606231249,294.79,294.8012,294.94,294.7,0.0
202606231250,294.8073,294.8035,294.9365,294.8035,0.0
202606231251,294.9,295.37,295.37,294.9,0.0
202606231252,295.2,295.1687,295.37,295.019,0.0
202606231253,295.09,295.1,295.342,295.02,0.0
202606231254,295.13,294.9,295.23,294.9,0.0
202606231255,295.11,295.2327,295.24,294.976,0.0
202606231256,294.9572,295.04,295.24,294.9501,0.0
202606231257,295.14,295.23,295.23,295.0342,0.0
202606231258,295.0,295.1,295.223,294.95,0.0
202606231259,295.12,295.0115,295.22,294.95,0.0
202606231300,295.12,295.2537,295.26,295.01,0.0
202606231301,295.0162,295.0203,295.26,295.0,0.0
202606231302,295.004,295.075,295.26,294.9562,0.0
202606231303,295.0,294.9555,295.2,294.9555,0.0
202606231304,295.1645,295.2437,295.2452,294.9555,0.0
202606231305,295.1974,295.0177,295.339,295.0,0.0
202606231306,295.3122,295.4955,295.59,295.008,0.0
202606231307,295.3245,295.8,295.8317,295.3245,0.0
202606231308,295.8317,295.65,295.8317,295.449,0.0
202606231309,295.4465,295.8,295.8,295.4465,0.0
202606231310,295.8,295.7571,295.8,295.0,0.0
202606231311,295.79,295.7375,295.8,295.2912,0.0
202606231312,295.7,295.89,295.9,295.23,0.0
202606231313,295.95,295.9792,296.0,295.375,0.0
202606231314,295.9888,295.7425,295.9888,295.56,0.0
202606231315,295.723,295.5599,295.86,295.546,0.0
202606231316,295.0,295.96,295.978,295.0,0.0
202606231317,295.51,295.64,295.99,295.3952,0.0
202606231318,295.62,295.3392,295.9,295.2112,0.0
202606231319,295.52,295.2209,295.6907,295.2209,0.0
202606231320,295.3796,295.5,295.7288,295.3465,0.0
202606231321,295.6,295.4,295.7,295.2779,0.0
202606231322,295.4,295.59,295.7962,295.2097,0.0
202606231323,295.59,295.4963,295.75,295.42,0.0
202606231324,295.44,295.6258,295.74,295.44,0.0
202606231325,295.52,295.32,295.52,295.01,0.0
202606231326,295.0,295.5212,295.7056,295.0,0.0
202606231327,295.63,295.5276,295.87,295.25,0.0
202606231328,295.7,297.5996,297.6155,295.402,0.0
202606231329,297.61,297.6,297.8,297.54,0.0
202606231330,297.5379943847656,296.5799865722656,298.30999755859375,295.17999267578125,1821353.0
202606231331,296.6050109863281,297.3299865722656,297.80999755859375,296.2300109863281,266719.0
202606231332,297.2699890136719,297.70001220703125,298.29998779296875,297.1499938964844,272691.0
202606231333,297.6499938964844,297.1449890136719,297.70001220703125,296.8599853515625,172200.0
202606231334,297.1400146484375,297.04998779296875,297.3799133300781,296.80999755859375,152238.0
202606231335,296.9800109863281,296.5400085449219,296.9800109863281,296.20001220703125,182705.0
202606231336,296.55999755859375,296.54669189453125,296.92999267578125,296.2099914550781,195941.0
202606231337,296.5299987792969,297.8999938964844,297.9100036621094,296.5299987792969,140094.0
202606231338,297.9100036621094,298.5400085449219,298.8949890136719,297.9100036621094,179924.0
202606231339,298.5,298.9150085449219,299.19000244140625,297.9750061035156,170710.0
202606231340,298.9324951171875,299.32501220703125,299.42999267578125,298.7300109863281,169975.0
202606231341,299.32000732421875,299.3999938964844,299.4800109863281,298.9599914550781,137450.0
202606231342,299.4700012207031,300.17999267578125,300.260009765625,299.1099853515625,240417.0
202606231343,300.17999267578125,300.1549987792969,300.3450012207031,299.8200988769531,134060.0
202606231344,300.1400146484375,300.510009765625,300.5776062011719,300.1400146484375,176096.0
202606231345,300.4700012207031,300.590087890625,301.0400085449219,300.3500061035156,155960.0
202606231346,300.6099853515625,300.9549865722656,301.1400146484375,300.3599853515625,118121.0
202606231347,301.0,301.3399963378906,301.5,300.81500244140625,205881.0
202606231348,301.4200134277344,300.5350036621094,301.6400146484375,300.44000244140625,195050.0
202606231349,300.56988525390625,300.4049987792969,300.6499938964844,300.1700134277344,110026.0
202606231350,300.3599853515625,300.0899963378906,300.5299987792969,300.0899963378906,124879.0
202606231351,300.0799865722656,299.3999938964844,300.2300109863281,299.3299865722656,190345.0
202606231352,299.4100036621094,298.95001220703125,299.70001220703125,298.86248779296875,103548.0
202606231353,298.9150085449219,298.57000732421875,298.9200134277344,298.42999267578125,239631.0
202606231354,298.5899963378906,298.3699951171875,298.6600036621094,298.1600036621094,79297.0
202606231355,298.3599853515625,298.57501220703125,298.6499938964844,298.15850830078125,111263.0
202606231356,298.57501220703125,298.9599914550781,299.0400085449219,298.4649963378906,121005.0
202606231357,298.9599914550781,299.04998779296875,299.3299865722656,298.8949890136719,88224.0
202606231358,299.0249938964844,298.93499755859375,299.30999755859375,298.8999938964844,65064.0
202606231359,298.94000244140625,299.1099853515625,299.2279968261719,298.7799987792969,68647.0
202606231400,299.0849914550781,299.1000061035156,299.1899108886719,298.7950134277344,98562.0
202606231401,299.0899963378906,299.3999938964844,299.42999267578125,299.010009765625,87195.0
202606231402,299.42999267578125,299.3399963378906,299.6499938964844,299.2099914550781,76697.0
202606231403,299.2449951171875,299.2250061035156,299.3349914550781,299.0400085449219,75210.0
202606231404,299.2099914550781,299.385009765625,299.54998779296875,299.1700134277344,97140.0
202606231405,299.3500061035156,299.4100036621094,299.4100036621094,298.8599853515625,227197.0
202606231406,299.3599853515625,299.31500244140625,299.44000244140625,299.05999755859375,75511.0
202606231407,299.32000732421875,299.6600036621094,299.75,299.25,99498.0
202606231408,299.67999267578125,299.510009765625,299.7398986816406,299.31500244140625,90351.0
202606231409,299.510009765625,299.6300048828125,299.69000244140625,299.3999938964844,71416.0
202606231410,299.6300048828125,299.739990234375,299.989990234375,299.5199890136719,163348.0
202606231411,299.75,299.5299987792969,299.8009948730469,299.4320068359375,91054.0
202606231412,299.54998779296875,299.5799865722656,299.6499938964844,299.4849853515625,84103.0
202606231413,299.57000732421875,299.7099914550781,299.92999267578125,299.5559997558594,72890.0
202606231414,299.7300109863281,299.42999267578125,299.79998779296875,299.3800048828125,63610.0
202606231415,299.42999267578125,299.81500244140625,299.8299865722656,299.30999755859375,71705.0
202606231416,299.79998779296875,299.8399963378906,299.8699951171875,299.625,62601.0
202606231417,299.7699890136719,299.6000061035156,299.7900085449219,299.5,67503.0
202606231418,299.5950012207031,299.6000061035156,299.67999267578125,299.4200134277344,69807.0
202606231419,299.6000061035156,299.5400085449219,299.67999267578125,299.4800109863281,111635.0
202606231420,299.5199890136719,299.2650146484375,299.7099914550781,299.2200012207031,121931.0
202606231421,299.260009765625,299.1400146484375,299.2799987792969,298.9849853515625,77191.0
202606231422,299.1099853515625,299.510009765625,299.59991455078125,299.04998779296875,102323.0
202606231423,299.4800109863281,299.0849914550781,299.5,298.94000244140625,99635.0
202606231424,299.07000732421875,299.5799865722656,299.5799865722656,298.8999938964844,76550.0
202606231425,299.54998779296875,299.8599853515625,299.9100036621094,299.4200134277344,79883.0
202606231426,299.8399963378906,300.0400085449219,300.0400085449219,299.60009765625,123303.0
202606231427,300.0400085449219,299.8900146484375,300.2200012207031,299.8399963378906,95706.0
202606231428,299.8949890136719,300.1471862792969,300.1600036621094,299.8599853515625,71995.0
202606231429,300.1300048828125,300.506591796875,300.55999755859375,300.1300048828125,165417.0
202606231430,300.5199890136719,300.2099914550781,300.6000061035156,300.2099914550781,87779.0
202606231431,300.2049865722656,300.19000244140625,300.25,300.010009765625,83170.0
202606231432,300.19500732421875,300.3999938964844,300.44000244140625,300.05999755859375,78465.0
202606231433,300.42999267578125,300.7200012207031,300.8800048828125,300.4200134277344,96296.0
202606231434,300.69000244140625,300.4200134277344,300.7799987792969,300.25,167149.0
202606231435,300.44000244140625,300.2650146484375,300.5,299.8299865722656,135219.0
202606231436,300.2699890136719,300.3800048828125,300.44000244140625,300.239990234375,70016.0
202606231437,300.385009765625,300.239990234375,300.3949890136719,300.1600036621094,63776.0
202606231438,300.260009765625,300.2200012207031,300.4700012207031,300.17999267578125,67013.0
202606231439,300.2149963378906,299.6499938964844,300.2950134277344,299.60430908203125,64609.0
202606231440,299.6499938964844,299.8399963378906,299.8500061035156,299.55999755859375,58790.0
202606231441,299.8450012207031,300.1199951171875,300.1499938964844,299.82000732421875,59378.0
202606231442,300.0899963378906,300.4049987792969,300.45989990234375,299.9849853515625,64752.0
202606231443,300.4150085449219,300.3800048828125,300.4599914550781,300.2200012207031,61592.0
202606231444,300.3699951171875,300.3500061035156,300.45001220703125,300.2300109863281,53331.0
202606231445,300.3699951171875,300.2300109863281,300.4800109863281,300.17999267578125,67899.0
202606231446,300.2300109863281,300.2349853515625,300.3299865722656,300.05999755859375,61251.0
202606231447,300.2300109863281,300.1099853515625,300.2699890136719,300.0199890136719,50312.0
202606231448,300.1050109863281,300.2900085449219,300.32000732421875,299.8450012207031,121405.0
202606231449,300.29998779296875,300.0398864746094,300.32000732421875,300.0199890136719,73074.0
202606231450,300.010009765625,300.07000732421875,300.1300048828125,299.8699951171875,70427.0
202606231451,300.07000732421875,299.8100891113281,300.239990234375,299.8100891113281,78781.0
202606231452,299.8599853515625,299.95001220703125,299.95001220703125,299.614990234375,57169.0
202606231453,299.8951110839844,300.0899963378906,300.1099853515625,299.8599853515625,59813.0
202606231454,300.0899963378906,300.1000061035156,300.1499938964844,299.8599853515625,68112.0
202606231455,300.0950012207031,299.7099914550781,300.1499938964844,299.6600036621094,62517.0
202606231456,299.6600036621094,299.54998779296875,299.8399963378906,299.5400085449219,63031.0
202606231457,299.5599060058594,300.1499938964844,300.2499084472656,299.5450134277344,81017.0
202606231458,300.1700134277344,300.1099853515625,300.2149963378906,299.9700012207031,60231.0
202606231459,300.1099853515625,300.0899963378906,300.1600036621094,299.92999267578125,91597.0
202606231500,300.0899963378906,300.2699890136719,300.29998779296875,300.010009765625,96280.0
202606231501,300.239990234375,299.8299865722656,300.32000732421875,299.8186950683594,49501.0
202606231502,299.79998779296875,299.7099914550781,299.8599853515625,299.45001220703125,65852.0
202606231503,299.70001220703125,299.67999267578125,299.7850036621094,299.5299987792969,113810.0
202606231504,299.69500732421875,299.7300109863281,299.760009765625,299.4800109863281,45201.0
202606231505,299.7200012207031,299.4200134277344,299.7200012207031,299.2900085449219,97110.0
202606231506,299.4200134277344,299.489990234375,299.5299072265625,299.32000732421875,88627.0
202606231507,299.4800109863281,299.3750915527344,299.5299987792969,299.2200012207031,66461.0
202606231508,299.3800048828125,299.4200134277344,299.489990234375,299.3299865722656,56540.0
202606231509,299.4200134277344,299.70001220703125,299.739990234375,299.3599853515625,68389.0
202606231510,299.69000244140625,299.7051086425781,299.8900146484375,299.67999267578125,78995.0
202606231511,299.7099914550781,299.82000732421875,299.9800109863281,299.6600036621094,82293.0
202606231512,299.79998779296875,299.489990234375,299.8598937988281,299.4599914550781,96362.0
202606231513,299.4800109863281,299.2300109863281,299.5,299.2200012207031,79574.0
202606231514,299.2200012207031,299.1477966308594,299.29998779296875,299.1000061035156,64974.0
202606231515,299.1300048828125,299.17999267578125,299.20001220703125,298.95001220703125,71656.0
202606231516,299.18499755859375,298.7300109863281,299.2900085449219,298.7237854003906,76972.0
202606231517,298.760009765625,298.69000244140625,298.9800109863281,298.5909118652344,70449.0
202606231518,298.69000244140625,298.739990234375,298.80999755859375,298.5199890136719,83160.0
202606231519,298.7099914550781,298.6465148925781,298.7900085449219,298.6400146484375,54959.0
202606231520,298.6700134277344,298.95001220703125,298.9700012207031,298.6400146484375,49167.0
202606231521,298.9200134277344,298.57000732421875,298.92999267578125,298.55999755859375,48783.0
202606231522,298.57000732421875,298.6400146484375,298.7250061035156,298.5201110839844,54394.0
202606231523,298.6400146484375,298.7749938964844,298.8699951171875,298.6357116699219,85195.0
202606231524,298.760009765625,298.6600036621094,298.95001220703125,298.6600036621094,79463.0
202606231525,298.625,298.54998779296875,298.6650085449219,298.42999267578125,70638.0
202606231526,298.57000732421875,298.6499938964844,298.7099914550781,298.3999938964844,82453.0
202606231527,298.6400146484375,298.70001220703125,298.7099914550781,298.57000732421875,119864.0
202606231528,298.7099914550781,298.67999267578125,298.80999755859375,298.5899963378906,49836.0
202606231529,298.67498779296875,298.54998779296875,298.7099914550781,298.4700012207031,63677.0
202606231530,298.5450134277344,298.4198913574219,298.5899963378906,298.3399963378906,86516.0
202606231531,298.40240478515625,298.4549865722656,298.5751037597656,298.3901062011719,61937.0
202606231532,298.45001220703125,297.9949951171875,298.4700012207031,297.94000244140625,69821.0
202606231533,297.9949951171875,297.9649963378906,298.19000244140625,297.9414978027344,122193.0
202606231534,297.9750061035156,297.8999938964844,298.0,297.8299865722656,65221.0
202606231535,297.95001220703125,297.9750061035156,298.2799987792969,297.885009765625,74452.0
202606231536,297.9750061035156,297.7200012207031,298.0299987792969,297.6600036621094,66631.0
202606231537,297.7250061035156,297.4549865722656,297.7250061035156,297.3500061035156,96941.0
202606231538,297.4784851074219,297.7099914550781,297.7099914550781,297.44000244140625,89451.0
202606231539,297.69000244140625,297.55999755859375,297.760009765625,297.5400085449219,48422.0
202606231540,297.57000732421875,297.80999755859375,297.80999755859375,297.5199890136719,62992.0
202606231541,297.80999755859375,297.82000732421875,297.8900146484375,297.7200012207031,45662.0
202606231542,297.8299865722656,297.7200012207031,297.8599853515625,297.6549987792969,44804.0
202606231543,297.70001220703125,297.5950012207031,297.8799133300781,297.5400085449219,69829.0
202606231544,297.6098937988281,297.760009765625,297.8900146484375,297.5,77865.0
202606231545,297.7699890136719,297.7799987792969,297.92999267578125,297.739990234375,44348.0
202606231546,297.7699890136719,297.54998779296875,297.80999755859375,297.4599914550781,48978.0
202606231547,297.55999755859375,297.6499938964844,297.7699890136719,297.5400085449219,45884.0
202606231548,297.6499938964844,297.9100036621094,297.92498779296875,297.5903015136719,54961.0
202606231549,297.9100036621094,297.8699951171875,297.9800109863281,297.75799560546875,46536.0
202606231550,297.875,297.82000732421875,298.0400085449219,297.82000732421875,144447.0
202606231551,297.80999755859375,298.0400085449219,298.0400085449219,297.739990234375,48134.0
202606231552,298.0350036621094,297.8699951171875,298.0950012207031,297.8550109863281,55729.0
202606231553,297.8450012207031,297.78009033203125,297.989990234375,297.7699890136719,73139.0
202606231554,297.79998779296875,297.9150085449219,298.0400085449219,297.7300109863281,87573.0
202606231555,297.9150085449219,297.7900085449219,297.9599914550781,297.7349853515625,32471.0
202606231556,297.7900085449219,297.8299865722656,297.840087890625,297.70001220703125,40466.0
202606231557,297.8399963378906,297.9200134277344,297.9200134277344,297.75,40139.0
202606231558,297.9150085449219,297.94000244140625,298.2349853515625,297.9100036621094,91065.0
202606231559,297.94500732421875,298.06500244140625,298.1300048828125,297.8949890136719,65229.0
202606231600,298.07000732421875,298.2699890136719,298.2799987792969,298.0350036621094,66457.0
202606231601,298.2699890136719,298.1300048828125,298.2749938964844,298.05499267578125,78464.0
202606231602,298.1199951171875,298.1099853515625,298.2099914550781,297.95001220703125,76524.0
202606231603,298.114990234375,298.30999755859375,298.3999938964844,298.114990234375,64996.0
202606231604,298.3500061035156,298.3351135253906,298.3900146484375,298.2200012207031,67915.0
202606231605,298.3399963378906,298.3796081542969,298.45001220703125,298.3299865722656,61074.0
202606231606,298.3699951171875,298.44000244140625,298.510009765625,298.30999755859375,46754.0
202606231607,298.45001220703125,298.4700012207031,298.5397033691406,298.3500061035156,42088.0
202606231608,298.44500732421875,298.5150146484375,298.5199890136719,298.360107421875,48072.0
202606231609,298.5199890136719,298.5439147949219,298.6300048828125,298.510009765625,53467.0
202606231610,298.55999755859375,298.6549987792969,298.7699890136719,298.55999755859375,79162.0
202606231611,298.6549987792969,298.45989990234375,298.6549987792969,298.4122009277344,45092.0
202606231612,298.45001220703125,298.3299865722656,298.5450134277344,298.32501220703125,80294.0
202606231613,298.3299865722656,298.2699890136719,298.3949890136719,298.2449951171875,42778.0
202606231614,298.260009765625,298.17999267578125,298.260009765625,298.1300048828125,47388.0
202606231615,298.19000244140625,298.43499755859375,298.4700012207031,298.19000244140625,53343.0
202606231616,298.42498779296875,298.3599853515625,298.4800109863281,298.31500244140625,34499.0
202606231617,298.3699951171875,298.5199890136719,298.6000061035156,298.3550109863281,43141.0
202606231618,298.5199890136719,298.67498779296875,298.67498779296875,298.4750061035156,90475.0
202606231619,298.69000244140625,298.8599853515625,298.885009765625,298.6199951171875,66296.0
202606231620,298.8500061035156,298.6300048828125,298.8500061035156,298.5199890136719,67322.0
202606231621,298.6199951171875,298.69000244140625,298.7200012207031,298.6050109863281,43172.0
202606231622,298.69500732421875,298.7799987792969,298.7799987792969,298.6199951171875,45729.0
202606231623,298.7699890136719,298.7200012207031,298.82000732421875,298.69000244140625,87604.0
202606231624,298.7200012207031,298.67999267578125,298.7799987792969,298.5400085449219,84791.0
202606231625,298.67999267578125,298.8299865722656,298.8500061035156,298.57000732421875,84802.0
202606231626,298.82000732421875,298.80999755859375,298.875,298.70001220703125,78826.0
202606231627,298.79998779296875,298.6199951171875,298.80999755859375,298.55499267578125,76270.0
202606231628,298.6199951171875,298.7049865722656,298.81500244140625,298.6199951171875,34235.0
202606231629,298.7049865722656,298.6199035644531,298.7049865722656,298.5199890136719,39264.0
202606231630,298.5849914550781,298.489990234375,298.6600036621094,298.43499755859375,56515.0
202606231631,298.4800109863281,298.4327087402344,298.489990234375,298.2900085449219,53575.0
202606231632,298.4599914550781,298.489990234375,298.57000732421875,298.3599853515625,51279.0
202606231633,298.4849853515625,298.2200012207031,298.5,298.19500732421875,55977.0
202606231634,298.2300109863281,298.45001220703125,298.4700012207031,298.2250061035156,52471.0
202606231635,298.45001220703125,298.30999755859375,298.4700012207031,298.2300109863281,43343.0
202606231636,298.31500244140625,298.5199890136719,298.5299987792969,298.31500244140625,43050.0
202606231637,298.5199890136719,298.3399963378906,298.55999755859375,298.3399963378906,42165.0
202606231638,298.3299865722656,298.43499755859375,298.5,298.31500244140625,45445.0
202606231639,298.43011474609375,298.635009765625,298.6400146484375,298.42498779296875,57487.0
202606231640,298.635009765625,298.7200012207031,298.8500061035156,298.63031005859375,79696.0
202606231641,298.7200012207031,298.7449951171875,298.79998779296875,298.54998779296875,71841.0
202606231642,298.7300109863281,298.6300048828125,298.7300109863281,298.614990234375,55581.0
202606231643,298.6300048828125,298.6199951171875,298.7200012207031,298.57000732421875,39897.0
202606231644,298.6199951171875,298.5799865722656,298.67999267578125,298.54998779296875,45873.0
202606231645,298.5799865722656,298.5199890136719,298.67999267578125,298.4649963378906,71277.0
202606231646,298.510009765625,298.75,298.8599853515625,298.4200134277344,69113.0
202606231647,298.760009765625,298.57000732421875,298.79998779296875,298.5400085449219,39378.0
202606231648,298.5799865722656,298.6300048828125,298.70001220703125,298.489990234375,56867.0
202606231649,298.6400146484375,298.67999267578125,298.67999267578125,298.5450134277344,42000.0
202606231650,298.68499755859375,298.5199890136719,298.715087890625,298.5,54612.0
202606231651,298.5199890136719,298.5400085449219,298.7298889160156,298.5199890136719,66153.0
202606231652,298.54998779296875,298.8299865722656,298.8299865722656,298.5299987792969,63171.0
202606231653,298.8299865722656,298.8900146484375,298.9700012207031,298.7449951171875,106090.0
202606231654,298.9100036621094,298.8900146484375,298.9800109863281,298.8500061035156,68245.0
202606231655,298.8999938964844,298.8900146484375,298.9700012207031,298.8500061035156,53114.0
202606231656,298.9200134277344,299.0050048828125,299.1700134277344,298.8800048828125,61083.0
202606231657,299.0050048828125,299.1499938964844,299.2799987792969,298.9700012207031,82150.0
202606231658,299.1509094238281,299.13238525390625,299.1600036621094,299.0400085449219,49485.0
202606231659,299.1300048828125,298.989990234375,299.1700134277344,298.989990234375,40326.0
202606231700,299.010009765625,298.7300109863281,299.010009765625,298.6099853515625,145791.0
202606231701,298.7300109863281,298.5150146484375,298.75,298.3699951171875,84800.0
202606231702,298.5,298.2650146484375,298.5050048828125,298.1499938964844,64405.0
202606231703,298.2650146484375,298.1600036621094,298.2699890136719,298.07000732421875,55057.0
202606231704,298.1600036621094,298.0249938964844,298.17999267578125,297.8800048828125,59894.0
202606231705,298.0299987792969,298.2900085449219,298.3392028808594,298.02410888671875,57620.0
202606231706,298.29998779296875,298.4200134277344,298.4200134277344,298.29998779296875,59747.0
202606231707,298.4100036621094,298.489990234375,298.5,298.2900085449219,44879.0
202606231708,298.4700012207031,298.5299987792969,298.5899963378906,298.3800048828125,53290.0
202606231709,298.510009765625,298.760009765625,298.7699890136719,298.510009765625,56891.0
202606231710,298.7699890136719,299.0150146484375,299.0400085449219,298.7650146484375,68746.0
202606231711,299.0199890136719,299.2749938964844,299.3949890136719,299.0199890136719,60939.0
202606231712,299.2799987792969,299.0899963378906,299.2799987792969,299.0849914550781,49661.0
202606231713,299.0849914550781,299.1000061035156,299.2149963378906,299.04998779296875,39644.0
202606231714,299.0899963378906,299.0400085449219,299.1400146484375,299.0400085449219,37090.0
202606231715,299.04998779296875,299.05999755859375,299.1000061035156,298.9949951171875,40030.0
202606231716,299.0450134277344,299.1000061035156,299.1199951171875,299.010009765625,31326.0
202606231717,299.1000061035156,298.989990234375,299.1098937988281,298.9100036621094,38718.0
202606231718,299.010009765625,299.06500244140625,299.1099853515625,298.9800109863281,34912.0
202606231719,299.05999755859375,299.0,299.114990234375,298.95001220703125,50511.0
202606231720,299.010009765625,299.1600036621094,299.1600036621094,299.0050048828125,48510.0
202606231721,299.1499938964844,299.25,299.2900085449219,299.114990234375,76025.0
202606231722,299.25421142578125,299.2200012207031,299.25421142578125,299.1600036621094,37589.0
202606231723,299.2099914550781,299.3500061035156,299.3699951171875,299.17999267578125,44549.0
202606231724,299.3299865722656,299.32501220703125,299.3900146484375,299.25,45986.0
202606231725,299.32501220703125,299.260009765625,299.3900146484375,299.2500915527344,54500.0
202606231726,299.2799072265625,299.3299865722656,299.3900146484375,299.20001220703125,39138.0
202606231727,299.3500061035156,299.4200134277344,299.4700012207031,299.3299865722656,38972.0
202606231728,299.4100036621094,299.44500732421875,299.4599914550781,299.2250061035156,74001.0
202606231729,299.4200134277344,299.3949890136719,299.4700012207031,299.29998779296875,54198.0
202606231730,299.3949890136719,299.32501220703125,299.44000244140625,299.2799987792969,53251.0
202606231731,299.3299865722656,299.5799865722656,299.5799865722656,299.30999755859375,68063.0
202606231732,299.57501220703125,299.5299987792969,299.7300109863281,299.3699951171875,81384.0
202606231733,299.5299987792969,299.55999755859375,299.6650085449219,299.510009765625,45068.0
202606231734,299.57000732421875,299.69000244140625,299.70001220703125,299.4049987792969,47221.0
202606231735,299.70001220703125,299.7650146484375,299.7699890136719,299.67498779296875,41045.0
202606231736,299.760009765625,299.7099914550781,299.79998779296875,299.6549987792969,44438.0
202606231737,299.7200012207031,299.510009765625,299.739990234375,299.489990234375,41350.0
202606231738,299.489990234375,299.4800109863281,299.6199951171875,299.42498779296875,41842.0
202606231739,299.4700012207031,299.43499755859375,299.5299987792969,299.2449951171875,83583.0
202606231740,299.42498779296875,299.2900085449219,299.4599914550781,299.2500915527344,34774.0
202606231741,299.2900085449219,299.25,299.2900085449219,299.0400085449219,43482.0
202606231742,299.25,299.1600036621094,299.25,299.07000732421875,35728.0
202606231743,299.1600036621094,299.18499755859375,299.19000244140625,299.1000061035156,35527.0
202606231744,299.18499755859375,299.3399963378906,299.3450012207031,299.07000732421875,66377.0
202606231745,299.3299865722656,299.7099914550781,299.7200012207031,299.2900085449219,79615.0
202606231746,299.68499755859375,299.7101135253906,299.760009765625,299.6600036621094,45492.0
202606231747,299.7149963378906,299.8900146484375,299.94000244140625,299.6549987792969,82591.0
202606231748,299.8900146484375,299.9700012207031,300.0299987792969,299.8399963378906,105208.0
202606231749,300.0,299.9150085449219,300.0849914550781,299.8900146484375,61735.0
202606231750,299.9150085449219,299.6600036621094,299.94000244140625,299.6499938964844,75084.0
202606231751,299.6600036621094,299.739990234375,299.8345031738281,299.5400085449219,73154.0
202606231752,299.739990234375,299.69000244140625,299.739990234375,299.614990234375,36969.0
202606231753,299.69000244140625,299.54998779296875,299.70001220703125,299.5,58469.0
202606231754,299.54998779296875,299.3500061035156,299.6650085449219,299.3299865722656,61677.0
202606231755,299.3500061035156,299.1099853515625,299.46990966796875,299.1099853515625,37956.0
202606231756,299.1499938964844,298.95001220703125,299.1499938964844,298.9056091308594,60605.0
202606231757,298.9599914550781,298.94000244140625,299.0199890136719,298.8949890136719,41714.0
202606231758,298.94000244140625,299.0150146484375,299.0199890136719,298.8900146484375,43463.0
202606231759,299.0150146484375,298.9599914550781,299.0950012207031,298.9599914550781,53795.0
202606231800,298.989990234375,299.2300109863281,299.2300109863281,298.8900146484375,57032.0
202606231801,299.2300109863281,299.29998779296875,299.30999755859375,299.1499938964844,47151.0
202606231802,299.2950134277344,299.20001220703125,299.3800048828125,299.1600036621094,49606.0
202606231803,299.19500732421875,298.9849853515625,299.19500732421875,298.9200134277344,66753.0
202606231804,298.9750061035156,298.9599914550781,299.1000061035156,298.94000244140625,60628.0
202606231805,298.9700012207031,298.8800048828125,299.0199890136719,298.80999755859375,61598.0
202606231806,298.8900146484375,298.8800048828125,298.9125061035156,298.8500061035156,57422.0
202606231807,298.8599853515625,298.6700134277344,298.8800048828125,298.6700134277344,51495.0
202606231808,298.67999267578125,298.8299865722656,298.8599853515625,298.55999755859375,51725.0
202606231809,298.8299865722656,298.739990234375,298.9079895019531,298.7200927734375,53219.0
202606231810,298.739990234375,298.489990234375,298.75,298.45001220703125,72238.0
202606231811,298.5,298.6700134277344,298.69500732421875,298.5,38849.0
202606231812,298.6600036621094,298.55999755859375,298.70001220703125,298.5249938964844,35196.0
202606231813,298.54998779296875,298.7200012207031,298.760009765625,298.4849853515625,60297.0
202606231814,298.7149963378906,298.760009765625,298.86981201171875,298.7149963378906,42317.0
202606231815,298.7699890136719,298.7349853515625,298.8599853515625,298.7200012207031,67395.0
202606231816,298.7349853515625,298.5700988769531,298.7900085449219,298.54998779296875,41109.0
202606231817,298.57000732421875,298.4649963378906,298.5799865722656,298.45001220703125,38939.0
202606231818,298.4599914550781,298.3500061035156,298.4800109863281,298.3399963378906,37582.0
202606231819,298.3450012207031,298.510009765625,298.5299987792969,298.3399963378906,100065.0
202606231820,298.5050048828125,298.5050048828125,298.5400085449219,298.4049987792969,43708.0
202606231821,298.4849853515625,298.6000061035156,298.6600036621094,298.4100036621094,48276.0
202606231822,298.6000061035156,298.7900085449219,298.8599853515625,298.5899963378906,58022.0
202606231823,298.7799987792969,298.67498779296875,298.7799987792969,298.5199890136719,108244.0
202606231824,298.6000061035156,298.5199890136719,298.6099853515625,298.4700012207031,33635.0
202606231825,298.5400085449219,298.3900146484375,298.54998779296875,298.3699951171875,70194.0
202606231826,298.3900146484375,298.6099853515625,298.6099853515625,298.3699951171875,80777.0
202606231827,298.6000061035156,298.57000732421875,298.6300048828125,298.4599914550781,46445.0
202606231828,298.57000732421875,298.5450134277344,298.590087890625,298.5,47130.0
202606231829,298.55999755859375,298.5199890136719,298.5899963378906,298.4750061035156,40366.0
202606231830,298.5249938964844,298.54998779296875,298.6300048828125,298.5150146484375,51610.0
202606231831,298.54998779296875,298.4006042480469,298.635009765625,298.4006042480469,62115.0
202606231832,298.3999938964844,298.2799987792969,298.4100036621094,298.1449890136719,105660.0
202606231833,298.260009765625,298.2550048828125,298.4200134277344,298.2200012207031,69206.0
202606231834,298.2550048828125,298.2300109863281,298.3299865722656,298.2149963378906,47181.0
202606231835,298.2250061035156,298.07000732421875,298.2803955078125,298.0350036621094,48262.0
202606231836,298.0899963378906,298.1499938964844,298.17999267578125,297.989990234375,47051.0
202606231837,298.1499938964844,297.9100036621094,298.1650085449219,297.8999938964844,40823.0
202606231838,297.9049987792969,297.8200988769531,297.9200134277344,297.7250061035156,84996.0
202606231839,297.8399963378906,298.05010986328125,298.17999267578125,297.82000732421875,73589.0
202606231840,298.07000732421875,297.9700012207031,298.07000732421875,297.90020751953125,70081.0
202606231841,297.9700012207031,298.05999755859375,298.05999755859375,297.9599914550781,47132.0
202606231842,298.06500244140625,297.8999938964844,298.1000061035156,297.8699951171875,49735.0
202606231843,297.885009765625,297.79998779296875,297.94000244140625,297.7799987792969,53719.0
202606231844,297.79998779296875,297.8999938964844,297.8999938964844,297.75,64519.0
202606231845,297.8949890136719,297.8699951171875,298.0,297.8699951171875,47997.0
202606231846,297.8699951171875,297.8500061035156,297.9200134277344,297.810302734375,61174.0
202606231847,297.8500061035156,297.8100891113281,298.0,297.7701110839844,144116.0
202606231848,297.82000732421875,297.9599914550781,298.0,297.7349853515625,55311.0
202606231849,297.9599914550781,297.8999938964844,298.0299987792969,297.8299865722656,66150.0
202606231850,297.9100036621094,298.1700134277344,298.2200012207031,297.8999938964844,64281.0
202606231851,298.15008544921875,298.1199951171875,298.20001220703125,298.05999755859375,38506.0
202606231852,298.1300048828125,298.06768798828125,298.1700134277344,298.04998779296875,40763.0
202606231853,298.05999755859375,297.7550048828125,298.07000732421875,297.75,62622.0
202606231854,297.7699890136719,297.6099853515625,297.8558044433594,297.45001220703125,135368.0
202606231855,297.6199951171875,297.54998779296875,297.7300109863281,297.5299987792969,55204.0
202606231856,297.54998779296875,297.739990234375,297.739990234375,297.4750061035156,66620.0
202606231857,297.7301025390625,297.5899963378906,297.7900085449219,297.5799865722656,99105.0
202606231858,297.5849914550781,297.7789001464844,297.8349914550781,297.5849914550781,72570.0
202606231859,297.7699890136719,297.5199890136719,297.80999755859375,297.5199890136719,65321.0
202606231900,297.5199890136719,297.5,297.58990478515625,297.43499755859375,106093.0
202606231901,297.510009765625,297.4649963378906,298.86761474609375,297.3999938964844,110388.0
202606231902,297.45001220703125,297.4649963378906,297.57000732421875,297.3999938964844,58435.0
202606231903,297.4700012207031,297.6000061035156,297.6700134277344,297.45001220703125,59571.0
202606231904,297.6000061035156,297.5799865722656,297.6199951171875,297.4700012207031,52741.0
202606231905,297.6099853515625,297.6499938964844,297.8800048828125,297.57000732421875,78063.0
202606231906,297.6300048828125,297.3299865722656,297.6400146484375,297.2701110839844,75312.0
202606231907,297.32501220703125,297.239990234375,297.3900146484375,297.2101135253906,65471.0
202606231908,297.2349853515625,297.1700134277344,297.30999755859375,297.135009765625,83667.0
202606231909,297.1000061035156,297.1000061035156,297.1000061035156,297.1000061035156,0.0
202606240800,294.0205,294.6142,294.99,293.5125,0.0
202606240801,294.6872,294.4875,294.9,293.7,0.0
202606240802,294.4988,294.4877,294.4988,294.0012,0.0
202606240803,294.0222,294.0417,294.4988,294.02,0.0
202606240804,294.4882,294.4485,294.5,294.0115,0.0
202606240805,294.0125,294.032,294.5,294.0115,0.0
202606240806,294.488,294.1187,294.488,294.031,0.0
202606240807,294.4512,294.49,294.4902,294.1095,0.0
202606240808,294.11,294.01,294.49,293.78,0.0
202606240809,294.15,294.0012,294.9,293.78,0.0
202606240810,294.0,294.4788,294.4788,294.0,0.0
202606240811,294.24,293.75,294.24,293.7307,0.0
202606240812,293.75,293.727,293.9988,293.3175,0.0
202606240813,293.993,293.727,293.993,293.72,0.0
202606240814,293.727,293.7367,293.9932,293.727,0.0
202606240815,293.7367,293.995,293.995,293.7367,0.0
202606240816,293.995,293.7075,294.0,293.7075,0.0
202606240817,293.9902,293.6002,293.9917,293.6002,0.0
202606240818,293.6002,293.6685,293.9917,293.6002,0.0
202606240819,293.6685,293.509,293.9925,293.509,0.0
202606240820,293.851,293.5087,293.851,293.5087,0.0
202606240821,293.5087,293.8325,293.8512,293.5087,0.0
202606240822,293.5475,293.8132,293.8327,293.5475,0.0
202606240823,293.5567,293.8135,293.82,293.5567,0.0
202606240824,293.5665,293.5762,293.82,293.5567,0.0
202606240825,293.57,293.8132,293.8137,293.5567,0.0
202606240826,293.5567,293.8132,293.8132,293.55,0.0
202606240827,293.5567,293.5567,293.8132,293.5567,0.0
202606240828,293.8132,293.6962,293.8132,293.5537,0.0
202606240829,293.55,293.6962,293.6998,293.55,0.0
202606240830,293.5537,293.6962,293.6962,293.5537,0.0
202606240831,293.6962,293.6962,293.6962,293.5537,0.0
202606240832,293.5537,293.5612,293.9887,293.5537,0.0
202606240833,293.9887,293.9697,293.99,293.5612,0.0
202606240834,293.9697,293.9892,293.9892,293.5705,0.0
202606240835,293.9892,293.6072,293.9892,293.5682,0.0
202606240836,293.8827,293.5705,293.9695,293.5632,0.0
202606240837,293.5705,293.69,293.9695,293.57,0.0
202606240838,293.88,293.5702,293.9788,293.56,0.0
202606240839,293.9597,293.8817,293.9597,293.5682,0.0
202606240840,293.8817,293.6072,293.8888,293.5682,0.0
202606240841,293.6072,293.6072,293.8827,293.6072,0.0
202606240842,293.8827,293.8827,293.89,293.6072,0.0
202606240843,293.8827,293.6072,293.8827,293.6072,0.0
202606240844,293.6072,293.795,293.8888,293.605,0.0
202606240845,293.605,293.8827,293.8888,293.6012,0.0
202606240846,293.6072,293.8827,293.8827,293.6072,0.0
202606240847,293.6072,293.8827,293.8827,293.6072,0.0
202606240848,293.6072,293.617,293.883,293.6072,0.0
202606240849,293.883,293.834,293.883,293.606,0.0
202606240850,293.73,293.606,293.834,293.606,0.0
202606240851,293.834,293.6037,293.8388,293.6,0.0
202606240852,293.7462,293.6037,293.7488,293.6,0.0
202606240853,293.7462,293.7462,293.7462,293.6037,0.0
202606240854,293.6037,293.7462,293.7488,293.6,0.0
202606240855,293.6037,293.7462,293.7462,293.6037,0.0
202606240856,293.7462,293.7462,293.75,293.6037,0.0
202606240857,293.6037,293.6037,293.7462,293.6035,0.0
202606240858,293.7462,293.7462,293.7462,293.6037,0.0
202606240859,293.7462,293.9917,293.9917,293.6037,0.0
202606240900,293.6782,293.688,293.992,293.6782,0.0
202606240901,293.688,293.992,293.992,293.688,0.0
202606240902,293.9988,293.6295,293.9988,293.6197,0.0
202606240903,293.6295,293.6392,293.9907,293.6295,0.0
202606240904,293.6392,293.6392,293.9907,293.6392,0.0
202606240905,293.6392,294.0,294.0,293.6392,0.0
202606240906,293.6392,293.9907,293.9907,293.6392,0.0
202606240907,293.9907,293.6392,293.9907,293.6392,0.0
202606240908,293.9907,293.649,293.991,293.6392,0.0
202606240909,293.649,293.9615,293.991,293.6385,0.0
202606240910,293.9615,293.6392,293.9907,293.638,0.0
202606240911,293.9907,293.6392,294.0,293.6392,0.0
202606240912,293.9907,293.9907,293.9988,293.6312,0.0
202606240913,293.9907,293.9907,293.9907,293.6392,0.0
202606240914,293.6392,293.6392,293.9907,293.6392,0.0
202606240915,293.9907,293.9907,293.9907,293.6392,0.0
202606240916,293.9907,293.9907,293.9907,293.6392,0.0
202606240917,293.6392,293.991,293.991,293.6392,0.0
202606240918,293.649,293.6092,293.991,293.6,0.0
202606240919,293.9607,293.9875,293.9988,293.5117,0.0
202606240920,293.5125,293.61,293.9988,293.5122,0.0
202606240921,293.9877,293.9877,293.9877,293.5222,0.0
202606240922,293.5222,293.5222,293.9988,293.5222,0.0
202606240923,293.9877,293.9877,293.9877,293.5222,0.0
202606240924,293.98,293.988,293.9887,293.5222,0.0
202606240925,293.532,293.532,293.988,293.532,0.0
202606240926,293.988,293.9882,293.9882,293.532,0.0
202606240927,293.5417,293.988,293.9882,293.532,0.0
202606240928,293.532,293.532,293.988,293.532,0.0
202606240929,293.988,293.9887,293.9887,293.5125,0.0
202606240930,293.9887,293.9875,293.9887,293.5125,0.0
202606240931,293.5125,293.5125,293.9902,293.51,0.0
202606240932,293.5125,293.5075,293.9875,293.5075,0.0
202606240933,293.5075,293.5075,293.7927,293.5,0.0
202606240934,293.5075,293.7925,293.7997,293.5075,0.0
202606240935,293.5075,293.7925,293.7925,293.5,0.0
202606240936,293.5075,293.9875,293.9875,293.5075,0.0
202606240937,293.9875,293.4442,293.9875,293.4442,0.0
202606240938,293.4442,293.4402,293.9862,293.4402,0.0
202606240939,293.4402,293.8307,293.8307,293.4402,0.0
202606240940,293.4792,293.3222,293.8307,293.3222,0.0
202606240941,293.778,293.3227,293.8267,293.3222,0.0
202606240942,293.3227,293.411,293.829,293.322,0.0
202606240943,293.829,293.829,293.8388,293.4,0.0
202606240944,293.411,293.6925,293.829,293.4012,0.0
202606240945,293.4075,293.6925,293.6988,293.4075,0.0
202606240946,293.4075,293.6927,293.6927,293.4075,0.0
202606240947,293.4172,293.9902,293.9902,293.4172,0.0
202606240948,293.6197,293.8,293.9902,293.6192,0.0
202606240949,293.9707,293.9707,293.9707,293.58,0.0
202606240950,293.9707,293.9902,293.9902,293.6192,0.0
202606240951,293.7,293.9805,293.9902,293.6195,0.0
202606240952,293.9805,293.6195,293.99,293.6195,0.0
202606240953,293.9805,293.9805,293.9805,293.6195,0.0
202606240954,293.9805,293.6195,293.9888,293.6195,0.0
202606240955,293.9805,293.9805,293.9805,293.6195,0.0
202606240956,293.6195,293.9805,293.9805,293.6195,0.0
202606240957,293.9805,293.9805,293.9805,293.6195,0.0
202606240958,293.6195,293.6195,293.9805,293.6195,0.0
202606240959,293.6195,293.961,293.9805,293.619,0.0
202606241000,293.961,293.6195,293.9805,293.619,0.0
202606241001,293.6195,293.9805,293.9888,293.6195,0.0
202606241002,293.9805,293.9805,293.9805,293.6195,0.0
202606241003,293.9805,293.6197,293.9902,293.6195,0.0
202606241004,293.9902,293.7757,293.9932,293.6197,0.0
202606241005,293.9872,293.78,293.9988,293.4637,0.0
202606241006,293.5807,293.9895,293.9988,293.5807,0.0
202606241007,293.5905,293.5905,293.9895,293.5905,0.0
202606241008,293.5905,293.9895,293.9895,293.5905,0.0
202606241009,293.9895,293.99,293.99,293.5905,0.0
202606241010,293.61,293.99,293.99,293.61,0.0
202606241011,293.61,293.6782,293.9917,293.61,0.0
202606241012,293.9917,293.98,293.9952,293.61,0.0
202606241013,293.7855,293.7855,294.0,293.7855,0.0
202606241014,293.9945,293.92,293.996,293.78,0.0
202606241015,293.785,293.975,293.9788,293.78,0.0
202606241016,293.785,293.785,293.975,293.785,0.0
202606241017,293.785,293.9945,293.9945,293.785,0.0
202606241018,293.7855,293.7855,293.9945,293.78,0.0
202606241019,293.7855,293.8245,293.9955,293.7855,0.0
202606241020,293.9955,293.6392,293.9955,293.6392,0.0
202606241021,293.9907,293.6197,293.9907,293.6197,0.0
202606241022,293.6197,293.8635,293.9902,293.6165,0.0
202606241023,293.8635,293.636,293.8688,293.6165,0.0
202606241024,293.636,293.8647,293.8647,293.636,0.0
202606241025,293.6652,293.6652,293.8647,293.6652,0.0
202606241026,293.8647,293.6652,293.8647,293.6652,0.0
202606241027,293.8647,293.6652,293.8647,293.6555,0.0
202606241028,293.6652,293.8647,293.8647,293.6652,0.0
202606241029,293.8647,293.8667,293.8667,293.6652,0.0
202606241030,293.8667,293.8667,293.8667,293.7432,0.0
202606241031,293.8017,294.2437,294.25,293.8017,0.0
202606241032,294.0062,294.4875,294.4875,294.0062,0.0
202606241033,294.0125,294.0097,294.4882,294.0097,0.0
202606241034,294.3802,294.3802,294.39,294.0097,0.0
202606241035,294.0097,294.38,294.3802,294.0097,0.0
202606241036,294.0097,294.3802,294.3802,294.0097,0.0
202606241037,294.0125,294.4925,294.4925,294.0125,0.0
202606241038,294.4925,294.4925,294.4988,294.2,0.0
202606241039,294.4925,294.4925,294.4925,294.2075,0.0
202606241040,294.271,294.395,294.4925,294.205,0.0
202606241041,294.395,294.395,294.395,294.205,0.0
202606241042,294.395,294.4025,294.5,294.2012,0.0
202606241043,294.4975,294.63,294.63,294.4025,0.0
202606241044,294.57,294.6632,294.68,294.4067,0.0
202606241045,294.6632,294.661,294.6632,294.319,0.0
202606241046,294.319,294.319,294.661,294.319,0.0
202606241047,294.319,294.661,294.661,294.319,0.0
202606241048,294.661,294.6662,294.6665,294.5237,0.0
202606241049,294.6662,294.5237,294.6662,294.5237,0.0
202606241050,294.5237,294.3287,294.6662,294.319,0.0
202606241051,294.6612,294.3287,294.6688,294.3287,0.0
202606241052,294.6612,294.6612,294.6612,294.3287,0.0
202606241053,294.3287,294.3287,294.6612,294.3285,0.0
202606241054,294.6612,294.6517,294.6615,294.3287,0.0
202606241055,294.6517,294.309,294.661,294.309,0.0
202606241056,294.309,294.6607,294.6607,294.309,0.0
202606241057,294.6607,294.3092,294.6607,294.309,0.0
202606241058,294.3092,294.655,294.9912,294.3092,0.0
202606241059,294.845,294.845,294.845,294.6545,0.0
202606241100,294.75,295.02,295.195,294.615,0.0
202606241101,295.0,294.6587,295.1865,294.5955,0.0
202606241102,294.6587,294.9057,295.13,294.6575,0.0
202606241103,294.9057,294.9057,295.13,294.9057,0.0
202606241104,294.9057,295.1025,295.13,294.9057,0.0
202606241105,295.0032,295.1932,295.195,294.9367,0.0
202606241106,295.1932,295.1542,295.1988,294.93,0.0
202606241107,294.9357,295.1432,295.1542,294.72,0.0
202606241108,295.1432,294.8855,295.145,294.8855,0.0
202606241109,294.8855,294.9062,295.15,294.88,0.0
202606241110,294.9062,295.1427,295.1437,294.8672,0.0
202606241111,294.8672,294.93,295.1488,294.7405,0.0
202606241112,294.7405,295.12,295.1395,294.73,0.0
202606241113,294.74,294.7367,295.12,294.7312,0.0
202606241114,294.7367,295.0907,295.12,294.7367,0.0
202606241115,295.0907,294.9932,295.0907,294.7367,0.0
202606241116,294.8665,294.7367,295.0,294.7335,0.0
202606241117,294.7367,294.756,294.9935,294.7367,0.0
202606241118,294.756,294.7555,294.99,294.7555,0.0
202606241119,294.7555,294.88,294.9647,294.75,0.0
202606241120,294.7652,294.765,294.9647,294.76,0.0
202606241121,294.955,294.9455,294.96,294.765,0.0
202606241122,294.7745,294.7732,294.95,294.77,0.0
202606241123,294.8967,294.7747,294.96,294.7732,0.0
202606241124,294.7747,294.965,294.97,294.771,0.0
202606241125,294.775,294.7847,294.9652,294.775,0.0
202606241126,294.9652,294.7887,295.1265,294.7847,0.0
202606241127,294.7887,295.1215,295.1215,294.7887,0.0
202606241128,295.0,295.0037,295.2,294.7887,0.0
202606241129,295.0037,295.1462,295.1491,295.0037,0.0
202606241130,295.0037,295.0075,295.2999,295.0,0.0
202606241131,295.2925,295.417,295.417,295.0,0.0
202606241132,295.303,295.4177,295.4177,295.3,0.0
202606241133,295.3322,295.303,295.42,295.303,0.0
202606241134,295.417,295.303,295.42,295.303,0.0
202606241135,295.417,295.6265,295.8735,295.303,0.0
202606241136,295.6265,295.6245,295.8735,295.5075,0.0
202606241137,295.7955,295.9832,296.4867,295.62,0.0
202606241138,296.4867,296.4872,296.4872,295.9832,0.0
202606241139,296.0027,296.4875,296.68,295.9827,0.0
202606241140,296.4875,296.4582,296.4902,296.01,0.0
202606241141,296.0117,296.119,296.47,296.0012,0.0
202606241142,296.461,296.27,296.47,296.11,0.0
202606241143,296.27,296.3962,296.4,296.2537,0.0
202606241144,296.2537,296.1172,296.4,296.1172,0.0
202606241145,296.3927,296.3927,296.4,296.11,0.0
202606241146,296.1172,296.127,296.3999,296.11,0.0
202606241147,296.393,296.393,296.393,296.1212,0.0
202606241148,296.12,296.259,296.68,296.12,0.0
202606241149,296.601,296.2607,296.68,296.259,0.0
202606241150,296.2607,296.6705,296.68,296.2512,0.0
202606241151,296.6705,296.586,296.68,296.01,0.0
202606241152,296.054,296.3412,296.59,295.7845,0.0
202606241153,296.3412,296.3375,296.3412,295.765,0.0
202606241154,295.8625,296.2435,296.3488,295.8625,0.0
202606241155,295.9965,296.1,296.2462,295.99,0.0
202606241156,296.2447,295.8367,296.2447,295.8075,0.0
202606241157,295.8367,296.0932,296.0932,295.83,0.0
202606241158,295.8367,296.0932,296.0932,295.8367,0.0
202606241159,296.0932,295.8075,296.1,295.8075,0.0
202606241200,296.0925,295.805,296.0937,295.8,0.0
202606241201,295.995,295.826,296.0925,295.8,0.0
202606241202,296.054,295.8065,296.054,295.8062,0.0
202606241203,295.8065,295.8065,296.0535,295.8065,0.0
202606241204,295.8065,296.0482,296.06,295.8065,0.0
202606241205,295.855,295.8692,296.0481,295.85,0.0
202606241206,295.8537,295.9972,296.0,295.85,0.0
202606241207,295.9972,295.8412,295.9993,295.77,0.0
202606241208,295.8805,295.5075,295.89,295.5001,0.0
202606241209,295.7925,295.7857,295.8,295.5075,0.0
202606241210,295.6242,295.7975,295.7975,295.6242,0.0
202606241211,295.7975,295.75,295.7975,295.65,0.0
202606241212,295.7317,295.8572,295.8675,295.6357,0.0
202606241213,295.7527,295.8545,295.8599,295.64,0.0
202606241214,295.6455,295.796,295.8545,295.6435,0.0
202606241215,295.796,295.7235,295.8565,295.641,0.0
202606241216,295.7235,295.6455,295.86,295.6455,0.0
202606241217,295.6455,295.8545,295.8545,295.64,0.0
202606241218,295.8545,295.8547,295.8547,295.6455,0.0
202606241219,295.6552,295.6842,295.8588,295.6452,0.0
202606241220,295.8457,295.6452,295.8572,295.6452,0.0
202606241221,295.8447,295.7512,295.8547,295.6452,0.0
202606241222,295.7512,295.7962,295.8,295.6525,0.0
202606241223,295.6537,295.79,295.7993,295.6512,0.0
202606241224,295.7975,295.8307,295.87,295.7025,0.0
202606241225,295.84,295.8647,295.8647,295.663,0.0
202606241226,295.8647,295.8147,295.9952,295.6652,0.0
202606241227,295.9952,295.8537,295.9994,295.8147,0.0
202606241228,295.8537,296.2412,296.2412,295.85,0.0
202606241229,295.9087,296.244,296.2488,295.9087,0.0
202606241230,296.016,295.8185,296.244,295.8185,0.0
202606241231,296.1415,296.142,296.15,295.81,0.0
202606241232,296.142,295.8477,296.15,295.838,0.0
202606241233,296.1422,296.1415,296.15,295.8185,0.0
202606241234,296.1415,295.6877,296.1415,295.6585,0.0
202606241235,295.9822,296.0895,296.0988,295.6877,0.0
202606241236,295.6905,295.8837,296.1,295.6412,0.0
202606241237,295.6462,296.069,296.069,295.64,0.0
202606241238,296.069,295.6635,296.0695,295.651,0.0
202606241239,295.7965,295.9915,296.128,295.6612,0.0
202606241240,295.9915,295.9815,296.0,295.66,0.0
202606241241,295.6585,295.6355,295.99,295.5032,0.0
202606241242,295.8445,295.822,295.8445,295.5082,0.0
202606241243,295.518,295.7437,295.83,295.5,0.0
202606241244,295.7437,295.695,295.75,295.505,0.0
202606241245,295.505,295.5025,295.8217,295.5012,0.0
202606241246,295.5975,295.5122,295.5999,295.5007,0.0
202606241247,295.5122,295.5512,295.6,295.5025,0.0
202606241248,295.5987,295.3462,295.5987,295.3462,0.0
202606241249,295.3462,295.3567,295.584,295.23,0.0
202606241250,295.3567,295.581,295.7272,295.23,0.0
202606241251,295.239,295.2407,314.0,295.239,0.0
202606241252,295.2407,295.24,295.6977,295.23,0.0
202606241253,295.62,295.2777,295.62,295.147,0.0
202606241254,295.5722,295.4805,295.5722,295.11,0.0
202606241255,295.4805,295.118,295.4805,295.11,0.0
202606241256,295.118,295.6387,295.6777,295.118,0.0
202606241257,295.2105,295.2075,295.6777,295.2075,0.0
202606241258,295.4925,295.649,295.649,295.1822,0.0
202606241259,295.649,295.2332,295.7367,295.2,0.0
202606241300,295.7367,295.3032,295.75,295.22,0.0
202606241301,295.4267,295.3462,295.4267,295.1355,0.0
202606241302,295.2037,295.2037,295.3499,295.2001,0.0
202606241303,295.3462,295.2135,295.3499,295.2001,0.0
202606241304,295.2135,295.3975,295.3975,295.2037,0.0
202606241305,295.3025,295.3462,295.3975,295.2037,0.0
202606241306,295.3462,295.2525,295.35,295.2,0.0
202606241307,295.2525,295.2025,295.35,295.2,0.0
202606241308,295.2025,295.205,295.3952,295.2,0.0
202606241309,295.205,295.204,295.4,295.204,0.0
202606241310,295.204,295.395,295.395,295.2,0.0
202606241311,295.205,295.205,295.4,295.2025,0.0
202606241312,295.395,295.3962,295.4,295.205,0.0
202606241313,295.3962,295.3965,295.4,295.25,0.0
202606241314,295.2635,295.269,295.611,295.2537,0.0
202606241315,295.2787,295.6022,295.6122,295.27,0.0
202606241316,295.39,295.4462,295.61,295.3,0.0
202606241317,295.4462,295.7035,295.7035,295.3037,0.0
202606241318,295.7035,295.4552,295.7035,295.45,0.0
202606241319,295.6263,295.7032,295.7032,295.309,0.0
202606241320,295.7032,295.499,295.7037,295.4467,0.0
202606241321,295.461,295.45,295.7925,295.2612,0.0
202606241322,295.3447,295.7342,295.744,295.2537,0.0
202606241323,295.5157,295.082,295.744,295.0,0.0
202606241324,295.082,295.028,295.55,295.005,0.0
202606241325,295.1,295.2355,295.24,294.7997,0.0
202606241326,295.09,295.0067,295.38,294.8045,0.0
202606241327,295.16,295.79,296.1365,295.0067,0.0
202606241328,295.4097,295.6865,296.1222,295.2227,0.0
202606241329,295.9335,295.25,296.1427,295.043,0.0
202606241330,295.375,293.239990234375,295.375,293.2099914550781,1250972.0
202606241331,293.239990234375,293.6300048828125,294.0299987792969,293.20001220703125,218611.0
202606241332,293.6000061035156,295.1199951171875,295.1199951171875,293.57000732421875,141095.0
202606241333,295.0101013183594,296.07000732421875,296.4599914550781,295.0,157353.0
202606241334,296.07000732421875,295.7300109863281,296.07000732421875,295.44000244140625,113387.0
202606241335,295.7200012207031,295.9599914550781,296.1499938964844,295.56500244140625,86439.0
202606241336,295.9599914550781,295.18499755859375,296.1299133300781,295.156005859375,72934.0
202606241337,295.17999267578125,295.5,295.5,294.8299865722656,94591.0
202606241338,295.3999938964844,295.29998779296875,295.6156005859375,295.0199890136719,64445.0
202606241339,295.2900085449219,295.44500732421875,295.6199951171875,295.2300109863281,109212.0
202606241340,295.4700012207031,295.05999755859375,295.739990234375,294.9800109863281,193318.0
202606241341,295.0799865722656,295.2950134277344,295.54998779296875,295.0400085449219,97893.0
202606241342,295.29998779296875,295.6499938964844,295.7099914550781,295.1400146484375,120180.0
202606241343,295.6199951171875,295.760009765625,295.989990234375,295.45001220703125,84678.0
202606241344,295.7799987792969,295.67999267578125,295.8299865722656,295.45001220703125,76191.0
202606241345,295.69000244140625,295.7650146484375,295.9065856933594,295.3500061035156,104020.0
202606241346,295.7950134277344,296.19000244140625,296.2799987792969,295.5299987792969,91825.0
202606241347,296.2099914550781,296.0199890136719,296.2099914550781,295.6650085449219,75775.0
202606241348,296.0400085449219,295.9200134277344,296.07501220703125,295.6050109863281,74716.0
202606241349,295.8800048828125,295.82501220703125,295.9700012207031,295.5899963378906,92097.0
202606241350,295.82000732421875,295.9200134277344,296.1361999511719,295.75,91707.0
202606241351,295.94000244140625,295.7300109863281,296.2300109863281,295.7099914550781,104719.0
202606241352,295.739990234375,295.6400146484375,295.93499755859375,295.6000061035156,59153.0
202606241353,295.6099853515625,295.7550048828125,295.80999755859375,295.55999755859375,59404.0
202606241354,295.7650146484375,296.0801086425781,296.1400146484375,295.7200012207031,98140.0
202606241355,296.07000732421875,295.3200988769531,296.072509765625,295.25,80373.0
202606241356,295.3756103515625,295.55999755859375,295.7699890136719,295.260009765625,64265.0
202606241357,295.57000732421875,295.2900085449219,295.7699890136719,295.1600036621094,57060.0
202606241358,295.2900085449219,295.2200012207031,295.3299865722656,295.0899963378906,51337.0
202606241359,295.2099914550781,294.7699890136719,295.25,294.4800109863281,207983.0
202606241400,294.7200012207031,294.4750061035156,294.8500061035156,294.28009033203125,109161.0
202606241401,294.4800109863281,294.8299865722656,295.0,294.4700927734375,83791.0
202606241402,294.8143005371094,294.6300048828125,294.8399963378906,294.5799865722656,60198.0
202606241403,294.6099853515625,294.42999267578125,294.7099914550781,294.3999938964844,42502.0
202606241404,294.42999267578125,294.5899963378906,294.6199951171875,294.2300109863281,50302.0
202606241405,294.5849914550781,294.7850036621094,294.8500061035156,294.57000732421875,48080.0
202606241406,294.80499267578125,294.7149963378906,294.8500061035156,294.6199951171875,49408.0
202606241407,294.7149963378906,294.69000244140625,294.94000244140625,294.68719482421875,48510.0
202606241408,294.6650085449219,294.55999755859375,294.81500244140625,294.44000244140625,76764.0
202606241409,294.5195007324219,294.79998779296875,294.8599853515625,294.4849853515625,50085.0
202606241410,294.7850036621094,294.8699951171875,295.0799865722656,294.7449951171875,57859.0
202606241411,294.8699951171875,294.8599853515625,294.94000244140625,294.7200012207031,45463.0
202606241412,294.8800048828125,295.3999938964844,295.5,294.8349914550781,101597.0
202606241413,295.3800048828125,295.2550048828125,295.3999938964844,295.06500244140625,85948.0
202606241414,295.2550048828125,294.875,295.2550048828125,294.55499267578125,123337.0
202606241415,294.8999938964844,295.0,295.0899963378906,294.7250061035156,70042.0
202606241416,295.0350036621094,295.2749938964844,295.3900146484375,295.010009765625,58216.0
202606241417,295.2749938964844,295.32000732421875,295.3999938964844,295.19000244140625,63490.0
202606241418,295.29998779296875,295.4100036621094,295.4200134277344,295.17999267578125,44364.0
202606241419,295.4049987792969,295.29998779296875,295.489990234375,295.20001220703125,61059.0
202606241420,295.2699890136719,295.4700012207031,295.5299987792969,295.1099853515625,82304.0
202606241421,295.4949951171875,295.97100830078125,296.0799865722656,295.4800109863281,94350.0
202606241422,295.9599914550781,295.6400146484375,296.20941162109375,295.6241149902344,69838.0
202606241423,295.6099853515625,295.33990478515625,295.6099853515625,295.3100891113281,37639.0
202606241424,295.29998779296875,295.56500244140625,295.57000732421875,295.2250061035156,57800.0
202606241425,295.56500244140625,295.6700134277344,295.82000732421875,295.5299987792969,48282.0
202606241426,295.6300048828125,295.44500732421875,295.6600036621094,295.42181396484375,47129.0
202606241427,295.42999267578125,295.55999755859375,295.55999755859375,295.2200012207031,48945.0
202606241428,295.5400085449219,295.5150146484375,295.6400146484375,295.45001220703125,44677.0
202606241429,295.510009765625,295.4649963378906,295.70001220703125,295.3999938964844,63434.0
202606241430,295.4599914550781,295.79998779296875,295.79998779296875,295.4599914550781,49341.0
202606241431,295.7850036621094,295.54998779296875,295.8099060058594,295.3399963378906,42268.0
202606241432,295.54998779296875,295.5350036621094,295.58990478515625,295.4599914550781,35409.0
202606241433,295.5498962402344,295.6000061035156,295.7200012207031,295.5249938964844,48048.0
202606241434,295.6000061035156,295.6000061035156,295.67999267578125,295.4150085449219,97595.0
202606241435,295.6000061035156,295.364990234375,295.6600036621094,295.3399963378906,45526.0
202606241436,295.364990234375,295.31500244140625,295.4100036621094,295.1099853515625,45819.0
202606241437,295.2900085449219,295.4700012207031,295.489990234375,295.2449951171875,123279.0
202606241438,295.4649963378906,295.5849914550781,295.6899108886719,295.4599914550781,45567.0
202606241439,295.57501220703125,295.54998779296875,295.6099853515625,295.45001220703125,48006.0
202606241440,295.54998779296875,295.8500061035156,295.8800048828125,295.54998779296875,32837.0
202606241441,295.8399963378906,295.80999755859375,295.8999938964844,295.760009765625,54637.0
202606241442,295.80999755859375,296.0,296.1300048828125,295.7900085449219,47349.0
202606241443,296.0299987792969,296.114990234375,296.1199951171875,295.9800109863281,30924.0
202606241444,296.0899963378906,296.4849853515625,296.6000061035156,296.0400085449219,89926.0
202606241445,296.4700012207031,296.55499267578125,296.739990234375,296.45001220703125,85507.0
202606241446,296.55999755859375,296.760009765625,296.8399963378906,296.5400085449219,75212.0
202606241447,296.7300109863281,296.7200012207031,296.7699890136719,296.6199951171875,37591.0
202606241448,296.7200012207031,296.8800048828125,296.9649963378906,296.7200012207031,68775.0
202606241449,296.9049987792969,296.9049987792969,297.0799865722656,296.840087890625,74031.0
202606241450,296.9200134277344,297.17999267578125,297.2049865722656,296.9150085449219,61905.0
202606241451,297.17999267578125,297.1050109863281,297.260009765625,296.9700012207031,73877.0
202606241452,297.114990234375,297.1700134277344,297.17999267578125,297.0,56425.0
202606241453,297.1600036621094,297.1300048828125,297.2099914550781,297.1199951171875,48673.0
202606241454,297.1199951171875,296.8999938964844,297.1400146484375,296.8599853515625,66916.0
202606241455,296.9049987792969,297.03009033203125,297.07000732421875,296.8599853515625,66806.0
202606241456,297.0450134277344,297.0,297.13580322265625,296.9700012207031,58671.0
202606241457,297.0199890136719,296.94000244140625,297.0400085449219,296.8699951171875,55176.0
202606241458,296.9599914550781,296.9751892089844,297.04998779296875,296.9200134277344,50590.0
202606241459,296.9649963378906,297.0799865722656,297.1400146484375,296.9649963378906,48040.0
202606241500,297.1099853515625,296.9949951171875,297.1449890136719,296.9750061035156,64334.0
202606241501,296.9800109863281,297.1734924316406,297.19000244140625,296.8500061035156,69546.0
202606241502,297.1700134277344,297.30999755859375,297.32501220703125,297.1000061035156,61720.0
202606241503,297.2950134277344,297.4649963378906,297.5,297.25,70032.0
202606241504,297.4750061035156,297.2349853515625,297.510009765625,297.2001037597656,62232.0
202606241505,297.2349853515625,297.19000244140625,297.42999267578125,297.0799865722656,111480.0
202606241506,297.1600036621094,297.30999755859375,297.30999755859375,297.1025085449219,37986.0
202606241507,297.3299865722656,297.2300109863281,297.3999938964844,297.2099914550781,51142.0
202606241508,297.2099914550781,297.0199890136719,297.2099914550781,296.9599914550781,58751.0
202606241509,297.0,296.7449951171875,297.0,296.7300109863281,57782.0
202606241510,296.75,296.9100036621094,296.9599914550781,296.6499938964844,76480.0
202606241511,296.9100036621094,297.260009765625,297.260009765625,296.9100036621094,82009.0
202606241512,297.2300109863281,297.0799865722656,297.2300109863281,296.9704895019531,43832.0
202606241513,297.05999755859375,297.2900085449219,297.29998779296875,297.0,45396.0
202606241514,297.2950134277344,297.4800109863281,297.5899963378906,297.2650146484375,76722.0
202606241515,297.4700012207031,297.2349853515625,297.510009765625,297.1499938964844,46144.0
202606241516,297.19000244140625,297.3299865722656,297.3999938964844,297.1400146484375,32206.0
202606241517,297.32501220703125,297.56500244140625,297.57000732421875,297.309814453125,44664.0
202606241518,297.54998779296875,297.4717102050781,297.6000061035156,297.43011474609375,39676.0
202606241519,297.44500732421875,297.4849853515625,297.5400085449219,297.1129150390625,36071.0
202606241520,297.4849853515625,297.4599914550781,297.5,297.2300109863281,54914.0
202606241521,297.44000244140625,297.5249938964844,297.5299987792969,297.3900146484375,63897.0
202606241522,297.5199890136719,297.9599914550781,298.1499938964844,297.5199890136719,208572.0
202606241523,297.9649963378906,298.19500732421875,298.3500061035156,297.9100036621094,111730.0
202606241524,298.19000244140625,297.93499755859375,298.2900085449219,297.9200134277344,93252.0
202606241525,297.93499755859375,297.70001220703125,297.93499755859375,297.510009765625,83939.0
202606241526,297.70001220703125,297.8900146484375,297.989990234375,297.70001220703125,72331.0
202606241527,297.8900146484375,298.3599853515625,298.3599853515625,297.8868103027344,52117.0
202606241528,298.3900146484375,298.3800048828125,298.5199890136719,298.25,123212.0
202606241529,298.3800048828125,298.7850036621094,298.8800048828125,298.3800048828125,304519.0
202606241530,298.760009765625,299.1600036621094,299.25,298.7099914550781,110297.0
202606241531,299.1785888671875,298.8699951171875,299.20001220703125,298.8299865722656,144794.0
202606241532,298.8599853515625,298.8800048828125,299.0,298.760009765625,67041.0
202606241533,298.8999938964844,298.9599914550781,299.0,298.7799987792969,63318.0
202606241534,299.0,299.0799865722656,299.22821044921875,298.989990234375,107687.0
202606241535,299.0882873535156,299.43499755859375,299.4700012207031,299.0450134277344,71007.0
202606241536,299.44000244140625,299.2799987792969,299.5,299.2300109863281,62391.0
202606241537,299.260009765625,299.2900085449219,299.4800109863281,299.260009765625,50529.0
202606241538,299.32000732421875,299.2149963378906,299.3299865722656,299.1099853515625,51037.0
202606241539,299.20001220703125,299.07000732421875,299.2099914550781,298.92999267578125,70006.0
202606241540,299.05999755859375,298.9049987792969,299.1199951171875,298.8800048828125,68780.0
202606241541,298.90008544921875,298.6400146484375,298.95001220703125,298.60009765625,48409.0
202606241542,298.6199951171875,298.6000061035156,298.6593933105469,298.5299987792969,53898.0
202606241543,298.5950012207031,298.4649963378906,298.7149963378906,298.4200134277344,268930.0
202606241544,298.4649963378906,298.1700134277344,298.4800109863281,298.1610107421875,79306.0
202606241545,298.2300109863281,298.5,298.5,298.0799865722656,78167.0
202606241546,298.4750061035156,298.4949951171875,298.6000061035156,298.3900146484375,46923.0
202606241547,298.489990234375,298.6896057128906,298.75,298.42999267578125,72298.0
202606241548,298.6724853515625,298.6400146484375,298.8699035644531,298.60009765625,63840.0
202606241549,298.635009765625,299.0050048828125,299.08990478515625,298.6000061035156,40296.0
202606241550,299.0199890136719,299.1499938964844,299.2069091796875,299.0199890136719,105875.0
202606241551,299.1600036621094,299.3900146484375,299.3999938964844,299.1600036621094,58979.0
202606241552,299.3799133300781,299.5350036621094,299.5799865722656,299.340087890625,61511.0
202606241553,299.5249938964844,299.6025085449219,299.6600036621094,299.510009765625,56122.0
202606241554,299.6098937988281,299.4549865722656,299.6098937988281,299.340087890625,59445.0
202606241555,299.44500732421875,299.6400146484375,299.6600036621094,299.42999267578125,43171.0
202606241556,299.6499938964844,299.502685546875,299.70001220703125,299.4501037597656,40101.0
202606241557,299.510009765625,299.54998779296875,299.6300048828125,299.4901123046875,40628.0
202606241558,299.5450134277344,299.29010009765625,299.55999755859375,299.2799987792969,37625.0
202606241559,299.30499267578125,299.4750061035156,299.5299987792969,299.30499267578125,50929.0
202606241600,299.4649963378906,299.375,299.5,299.3299865722656,57663.0
202606241601,299.3500061035156,299.19000244140625,299.4100036621094,299.1700134277344,59329.0
202606241602,299.16009521484375,299.1099853515625,299.25,299.1099853515625,48251.0
202606241603,299.1000061035156,298.8999938964844,299.1000061035156,298.7701110839844,44817.0
202606241604,298.9200134277344,298.8999938964844,298.9750061035156,298.7699890136719,48019.0
202606241605,298.8999938964844,298.81988525390625,298.92999267578125,298.760009765625,34547.0
202606241606,298.82000732421875,298.95001220703125,298.9700012207031,298.80999755859375,35859.0
202606241607,298.95001220703125,298.8900146484375,298.9800109863281,298.82000732421875,40642.0
202606241608,298.8999938964844,298.75,299.0400085449219,298.75,57444.0
202606241609,298.7500915527344,298.8599853515625,298.8599853515625,298.7200012207031,48649.0
202606241610,298.8450012207031,298.8999938964844,298.90960693359375,298.6199951171875,69435.0
202606241611,298.93499755859375,298.8800048828125,299.04998779296875,298.8599853515625,54006.0
202606241612,298.8699951171875,298.7799987792969,298.8699951171875,298.6499938964844,59155.0
202606241613,298.75,298.7850036621094,298.82000732421875,298.5899963378906,41008.0
202606241614,298.7799987792969,298.7300109863281,298.8299865722656,298.69000244140625,78515.0
202606241615,298.75,298.70001220703125,298.8999938964844,298.70001220703125,35866.0
202606241616,298.67999267578125,298.6300048828125,298.70001220703125,298.489990234375,52535.0
202606241617,298.6549987792969,298.5769958496094,298.6549987792969,298.5,33786.0
202606241618,298.57000732421875,298.489990234375,298.6199951171875,298.43499755859375,68342.0
202606241619,298.4849853515625,298.3703918457031,298.489990234375,298.3699951171875,45743.0
202606241620,298.3699951171875,298.135009765625,298.3699951171875,298.0400085449219,106352.0
202606241621,298.1600036621094,297.8900146484375,298.1700134277344,297.839599609375,79820.0
202606241622,297.8999938964844,298.1099853515625,298.239990234375,297.8699951171875,86759.0
202606241623,298.1199951171875,298.2699890136719,298.42999267578125,298.1000061035156,83612.0
202606241624,298.2900085449219,298.3550109863281,298.42999267578125,298.2300109863281,44227.0
202606241625,298.3399963378906,298.135009765625,298.3399963378906,298.1203918457031,47580.0
202606241626,298.135009765625,298.20001220703125,298.2099914550781,298.1099853515625,33771.0
202606241627,298.19500732421875,298.0799865722656,298.2200012207031,298.0002136230469,46542.0
202606241628,298.0899963378906,298.1099853515625,298.17999267578125,298.0744934082031,35013.0
202606241629,298.1300048828125,298.07000732421875,298.19000244140625,298.04998779296875,40845.0
202606241630,298.04998779296875,297.8699951171875,298.04998779296875,297.7900085449219,54220.0
202606241631,297.8599853515625,297.7200012207031,297.9255065917969,297.69000244140625,61523.0
202606241632,297.7099914550781,297.54998779296875,297.7300109863281,297.5199890136719,61067.0
202606241633,297.5350036621094,297.7449951171875,297.760009765625,297.5199890136719,61768.0
202606241634,297.7449951171875,297.7300109863281,297.8900146484375,297.6824951171875,52878.0
202606241635,297.7301025390625,297.8900146484375,297.9649963378906,297.6199951171875,71122.0
202606241636,297.8699951171875,297.7149963378906,297.8999938964844,297.7099914550781,44914.0
202606241637,297.7149963378906,297.4200134277344,297.7349853515625,297.3901062011719,41521.0
202606241638,297.42999267578125,297.3965148925781,297.4700012207031,297.3500061035156,53361.0
202606241639,297.3949890136719,297.55999755859375,297.5799865722656,297.3200988769531,76095.0
202606241640,297.5400085449219,297.5849914550781,297.6700134277344,297.375,53647.0
202606241641,297.5675048828125,297.5249938964844,297.6300048828125,297.25,73908.0
202606241642,297.5369873046875,297.3699951171875,297.5369873046875,297.2799987792969,54598.0
202606241643,297.375,297.31170654296875,297.4200134277344,297.2200012207031,54734.0
202606241644,297.239990234375,297.31500244140625,297.5400085449219,297.2300109863281,61419.0
202606241645,297.2749938964844,297.1299133300781,297.2950134277344,297.0108947753906,55241.0
202606241646,297.1300048828125,297.1549987792969,297.2200012207031,297.1199951171875,35499.0
202606241647,297.1650085449219,297.2699890136719,297.32000732421875,297.1390075683594,42184.0
202606241648,297.2950134277344,297.4100036621094,297.4200134277344,297.2449951171875,64920.0
202606241649,297.3949890136719,297.4700012207031,297.53179931640625,297.3301086425781,44484.0
202606241650,297.44000244140625,297.55999755859375,297.6000061035156,297.42999267578125,37228.0
202606241651,297.55999755859375,297.4800109863281,297.5799865722656,297.4700012207031,30203.0
202606241652,297.489990234375,297.3800048828125,297.489990234375,297.2200012207031,49844.0
202606241653,297.3599853515625,297.1700134277344,297.3900146484375,297.1199951171875,62917.0
202606241654,297.1409912109375,297.0199890136719,297.1600036621094,297.0,64809.0
202606241655,297.0199890136719,297.0154113769531,297.05999755859375,296.8699951171875,57169.0
202606241656,297.0,297.05999755859375,297.1300048828125,296.9100036621094,56193.0
202606241657,297.0400085449219,297.18499755859375,297.20001220703125,296.9901123046875,72403.0
202606241658,297.20001220703125,297.44000244140625,297.44000244140625,297.20001220703125,57827.0
202606241659,297.44989013671875,297.3450012207031,297.45001220703125,297.19000244140625,50021.0
202606241700,297.3599853515625,297.2799987792969,297.385009765625,297.2200012207031,37118.0
202606241701,297.2699890136719,297.2799987792969,297.2950134277344,297.1510009765625,32274.0
202606241702,297.2601013183594,297.17999267578125,297.30999755859375,297.1499938964844,39433.0
202606241703,297.17999267578125,297.30999755859375,297.32000732421875,297.17999267578125,29971.0
202606241704,297.29998779296875,297.32501220703125,297.3349914550781,297.2300109863281,30106.0
202606241705,297.31500244140625,296.92999267578125,297.31500244140625,296.9100036621094,50675.0
202606241706,296.95001220703125,296.95001220703125,297.07000732421875,296.9010925292969,42286.0
202606241707,296.9649963378906,296.55999755859375,296.9649963378906,296.54998779296875,62123.0
202606241708,296.55999755859375,296.4700012207031,296.6400146484375,296.3999938964844,60050.0
202606241709,296.4700012207031,296.45001220703125,296.4700012207031,296.3121032714844,49612.0
202606241710,296.45001220703125,296.7950134277344,296.79998779296875,296.45001220703125,55446.0
202606241711,296.80999755859375,296.67999267578125,296.8500061035156,296.6748962402344,44179.0
202606241712,296.68499755859375,296.760009765625,296.8299865722656,296.68499755859375,39571.0
202606241713,296.760009765625,296.5899963378906,296.760009765625,296.5299987792969,58439.0
202606241714,296.58990478515625,296.6099853515625,296.7300109863281,296.55999755859375,46183.0
202606241715,296.6099853515625,296.3599853515625,296.6600036621094,296.3399963378906,70817.0
202606241716,296.3500061035156,296.05999755859375,296.3500061035156,295.94000244140625,99676.0
202606241717,296.05999755859375,296.17999267578125,296.2749938964844,296.0054016113281,52236.0
202606241718,296.1700134277344,296.2349853515625,296.2900085449219,296.0299987792969,51678.0
202606241719,296.239990234375,296.29998779296875,296.29998779296875,296.1300048828125,77418.0
202606241720,296.29998779296875,295.93499755859375,296.29998779296875,295.79998779296875,121240.0
202606241721,295.93499755859375,296.0299987792969,296.1000061035156,295.93499755859375,75800.0
202606241722,296.0423889160156,296.0799865722656,296.239990234375,296.0423889160156,52981.0
202606241723,296.0801086425781,296.3340148925781,296.3800048828125,296.010009765625,43431.0
202606241724,296.3399963378906,296.3699951171875,296.4798889160156,296.29998779296875,45419.0
202606241725,296.375,296.6700134277344,296.7200012207031,296.17999267578125,61302.0
202606241726,296.6499938964844,296.67498779296875,296.7598876953125,296.489990234375,65285.0
202606241727,296.70001220703125,296.69989013671875,296.7900085449219,296.6000061035156,47002.0
202606241728,296.67999267578125,296.7300109863281,296.94000244140625,296.6449890136719,121600.0
202606241729,296.7099914550781,296.4200134277344,296.71990966796875,296.3847961425781,82820.0
202606241730,296.4100036621094,296.5799865722656,296.6300048828125,296.2900085449219,48589.0
202606241731,296.5849914550781,296.17999267578125,296.5849914550781,296.1700134277344,75028.0
202606241732,296.17999267578125,296.04998779296875,296.2200012207031,296.0,56545.0
202606241733,296.07000732421875,296.1099853515625,296.1600036621094,295.8399963378906,87616.0
202606241734,296.1099853515625,296.3349914550781,296.3699951171875,296.1050109863281,58361.0
202606241735,296.3450012207031,296.71990966796875,296.8644104003906,296.3450012207031,155283.0
202606241736,296.69500732421875,296.5050048828125,296.739990234375,296.5,67858.0
202606241737,296.5050048828125,296.54998779296875,296.7200012207031,296.43499755859375,117020.0
202606241738,296.5799865722656,296.5799865722656,296.69500732421875,296.32000732421875,55476.0
202606241739,296.6000061035156,296.6099853515625,296.6700134277344,296.35260009765625,78303.0
202606241740,296.626708984375,296.4599914550781,296.7049865722656,296.4599914550781,58143.0
202606241741,296.4700012207031,296.6000061035156,296.6600036621094,296.4599914550781,42866.0
202606241742,296.5899963378906,296.5950012207031,296.6700134277344,296.45001220703125,35889.0
202606241743,296.5799865722656,296.5,296.5799865722656,296.3500061035156,50994.0
202606241744,296.5,295.8999938964844,296.5,295.760009765625,86787.0
202606241745,295.9161071777344,295.8349914550781,296.07000732421875,295.8349914550781,63168.0
202606241746,295.8399963378906,296.07000732421875,296.0899963378906,295.7699890136719,56270.0
202606241747,296.07000732421875,296.1000061035156,296.1300048828125,295.94000244140625,54149.0
202606241748,296.1099853515625,296.1651916503906,296.17999267578125,296.010009765625,54961.0
202606241749,296.1099853515625,296.2099914550781,296.32000732421875,296.1000061035156,54599.0
202606241750,296.19000244140625,296.1705017089844,296.29998779296875,296.1000061035156,54267.0
202606241751,296.18499755859375,296.1700134277344,296.2398986816406,296.1300048828125,49535.0
202606241752,296.19000244140625,296.0880126953125,296.2099914550781,295.94000244140625,58825.0
202606241753,296.1300048828125,295.9599914550781,296.1300048828125,295.92999267578125,51952.0
202606241754,295.9800109863281,296.0400085449219,296.0799865722656,295.9800109863281,47271.0
202606241755,296.04998779296875,296.2250061035156,296.239990234375,296.04998779296875,68991.0
202606241756,296.2300109863281,296.0799865722656,296.24249267578125,296.0799865722656,52156.0
202606241757,296.07000732421875,295.9800109863281,296.07501220703125,295.95001220703125,44248.0
202606241758,295.9700012207031,295.7900085449219,295.9700012207031,295.739990234375,59632.0
202606241759,295.7799072265625,295.6099853515625,295.79998779296875,295.5899963378906,50551.0
202606241800,295.6099853515625,295.95001220703125,295.9949951171875,295.590087890625,88397.0
202606241801,295.93011474609375,296.17999267578125,296.4700012207031,295.8601989746094,90393.0
202606241802,296.19500732421875,296.0400085449219,296.19500732421875,295.8699951171875,90516.0
202606241803,296.0635986328125,296.1499938964844,296.2099914550781,295.9342956542969,75446.0
202606241804,296.1600036621094,296.30999755859375,296.4100036621094,296.1099853515625,74838.0
202606241805,296.2950134277344,296.2900085449219,296.4949951171875,296.260009765625,149214.0
202606241806,296.2900085449219,296.2699890136719,296.42999267578125,296.1925048828125,66114.0
202606241807,296.2950134277344,295.9649963378906,296.29998779296875,295.95001220703125,54541.0
202606241808,295.9599914550781,295.8599853515625,296.06988525390625,295.8399963378906,75245.0
202606241809,295.8800048828125,295.93499755859375,295.989990234375,295.8500061035156,46541.0
202606241810,295.92999267578125,295.7799987792969,295.9399108886719,295.7200012207031,60784.0
202606241811,295.7799987792969,295.82501220703125,295.9100036621094,295.75,50616.0
202606241812,295.80999755859375,295.5350036621094,295.8800048828125,295.510009765625,58820.0
202606241813,295.5350036621094,295.8299865722656,295.8699951171875,295.3800048828125,77026.0
202606241814,295.8299865722656,295.57000732421875,295.8450012207031,295.56500244140625,58932.0
202606241815,295.57000732421875,295.7799987792969,295.82000732421875,295.56500244140625,61135.0
202606241816,295.760009765625,295.7099914550781,295.7900085449219,295.6650085449219,57164.0
202606241817,295.67999267578125,295.7950134277344,295.80999755859375,295.6549987792969,73258.0
202606241818,295.80999755859375,295.94500732421875,295.9599914550781,295.7149963378906,61143.0
202606241819,295.9599914550781,295.92999267578125,296.2099914550781,295.90008544921875,76300.0
202606241820,295.9200134277344,295.9649963378906,296.07000732421875,295.885009765625,47729.0
202606241821,295.9649963378906,295.9175109863281,295.98480224609375,295.8800048828125,44436.0
202606241822,295.9200134277344,295.8500061035156,295.92999267578125,295.7799987792969,49510.0
202606241823,295.8599853515625,296.0050048828125,296.0198974609375,295.8406066894531,51194.0
202606241824,296.0050048828125,296.1099853515625,296.1099853515625,295.95001220703125,63164.0
202606241825,296.1099853515625,296.0950012207031,296.2099914550781,296.0899963378906,74655.0
202606241826,296.0950012207031,295.9700012207031,296.17999267578125,295.9599914550781,90586.0
202606241827,295.9599914550781,296.00030517578125,296.0777893066406,295.93011474609375,88939.0
202606241828,296.0,295.9649963378906,296.0199890136719,295.8500061035156,64562.0
202606241829,295.9750061035156,296.0,296.03009033203125,295.94500732421875,52582.0
202606241830,296.0,296.1499938964844,296.17999267578125,296.0,76158.0
202606241831,296.1400146484375,296.0350036621094,296.1700134277344,295.92999267578125,79654.0
202606241832,296.0425109863281,296.010009765625,296.0899963378906,295.8900146484375,78944.0
202606241833,295.989990234375,295.9800109863281,296.17498779296875,295.95001220703125,85990.0
202606241834,295.9800109863281,296.125,296.1600036621094,295.9800109863281,74260.0
202606241835,296.1000061035156,295.9800109863281,296.1099853515625,295.9154968261719,70648.0
202606241836,295.9800109863281,295.9200134277344,296.0799865722656,295.80999755859375,65341.0
202606241837,295.92498779296875,295.8299865722656,295.989990234375,295.7699890136719,95180.0
202606241838,295.82501220703125,295.4200134277344,295.82501220703125,295.4200134277344,82554.0
202606241839,295.43499755859375,295.42999267578125,295.4700012207031,295.2900085449219,105142.0
202606241840,295.43499755859375,295.2200012207031,295.5299987792969,295.1000061035156,93265.0
202606241841,295.2250061035156,295.2803039550781,295.4750061035156,295.2200927734375,85647.0
202606241842,295.29998779296875,295.3699951171875,295.4200134277344,295.2449951171875,73626.0
202606241843,295.3699951171875,295.0299987792969,295.3699951171875,295.0,76478.0
202606241844,295.0199890136719,295.20001220703125,295.25,294.8800048828125,165486.0
202606241845,295.19000244140625,295.1000061035156,295.25,295.04010009765625,86535.0
202606241846,295.1000061035156,294.8599853515625,295.1400146484375,294.8399963378906,87977.0
202606241847,294.8599853515625,294.6698913574219,294.8800048828125,294.6488037109375,98306.0
202606241848,294.6600036621094,294.7300109863281,294.7300109863281,294.5899963378906,117614.0
202606241849,294.7149963378906,294.5299987792969,294.739990234375,294.4200134277344,96278.0
202606241850,294.5350036621094,294.32501220703125,294.56988525390625,294.260009765625,138957.0
202606241851,294.3299865722656,294.32000732421875,294.3500061035156,294.1600036621094,108440.0
202606241852,294.30999755859375,294.385009765625,294.54998779296875,294.29998779296875,104551.0
202606241853,294.3900146484375,294.4549865722656,294.57501220703125,294.385009765625,88434.0
202606241854,294.4549865722656,294.45001220703125,294.510009765625,294.3999938964844,98358.0
202606241855,294.45001220703125,294.4700012207031,294.4800109863281,294.26611328125,110918.0
202606241856,294.4700012207031,294.739990234375,294.79998779296875,294.4700012207031,125261.0
202606241857,294.760009765625,295.0,295.19000244140625,294.7427978515625,132202.0
202606241858,295.0,295.1300048828125,295.1300048828125,294.8699951171875,82491.0
202606241859,295.125,295.1700134277344,295.1700134277344,294.9800109863281,72786.0
202606241900,295.19000244140625,295.05999755859375,295.2300109863281,295.0400085449219,73213.0
202606241901,295.04998779296875,294.8599853515625,295.04998779296875,294.8399963378906,81429.0
202606241902,294.8500061035156,295.20001220703125,295.260009765625,294.8450012207031,108943.0
202606241903,295.20001220703125,295.3349914550781,295.3800048828125,295.0899963378906,90220.0
202606241904,295.3200988769531,295.3900146484375,295.42999267578125,295.2799987792969,72676.0
202606241905,295.4049987792969,295.1050109863281,295.4125061035156,294.9800109863281,98266.0
202606241906,295.0950012207031,294.9100036621094,295.1000061035156,294.7900085449219,65472.0
202606241907,294.9200134277344,294.9800109863281,295.05999755859375,294.8699951171875,78463.0
202606241908,294.9800109863281,295.1000061035156,295.1000061035156,294.95001220703125,71142.0
202606241909,295.1050109863281,295.2149963378906,295.44000244140625,295.1000061035156,77500.0
202606241910,295.2149963378906,295.114990234375,295.2369079589844,295.03009033203125,89605.0
202606241911,295.1099853515625,295.1000061035156,295.2099914550781,295.0799865722656,80695.0
202606241912,295.1099853515625,295.0127868652344,295.1549987792969,294.9700012207031,75586.0
202606241913,295.0050048828125,295.010009765625,295.1400146484375,294.94000244140625,87033.0
202606241914,295.010009765625,295.0400085449219,295.1099853515625,294.9400939941406,76010.0
202606241915,295.0299987792969,294.94000244140625,295.0799865722656,294.875,74267.0
202606241916,294.92999267578125,294.9949951171875,295.010009765625,294.80999755859375,75104.0
202606241917,295.0,295.0400085449219,295.0400085449219,294.9200134277344,80621.0
202606241918,295.0400085449219,295.07501220703125,295.0799865722656,294.9100036621094,77197.0
202606241919,295.07989501953125,295.05999755859375,295.2200012207031,295.0299987792969,72974.0
202606241920,295.05999755859375,295.0400085449219,295.1199951171875,294.9599914550781,82244.0
202606241921,295.04010009765625,295.13690185546875,295.1600036621094,295.0299987792969,75178.0
202606241922,295.135009765625,295.0050048828125,295.1400146484375,294.9800109863281,61098.0
202606241923,295.0050048828125,295.0199890136719,295.1400146484375,294.94000244140625,89815.0
202606241924,295.0199890136719,294.9800109863281,295.0299987792969,294.9100036621094,73199.0
202606241925,294.989990234375,295.0199890136719,295.239990234375,294.9599914550781,74836.0
202606241926,295.0199890136719,295.010009765625,295.1199951171875,294.9849853515625,65951.0
202606241927,294.989990234375,295.0199890136719,295.1099853515625,294.9599914550781,63555.0
202606241928,295.0199890136719,294.9750061035156,295.07000732421875,294.9200134277344,69956.0
202606241929,294.9700012207031,294.9400939941406,295.05999755859375,294.8999938964844,65686.0
202606241930,294.92999267578125,295.04998779296875,295.05999755859375,294.8800048828125,93131.0
202606241931,295.0400085449219,295.010009765625,295.1300048828125,294.9200134277344,94717.0
202606241932,295.0199890136719,294.80999755859375,295.0299987792969,294.80999755859375,103459.0
202606241933,294.80999755859375,294.864990234375,294.94000244140625,294.7300109863281,121387.0
202606241934,294.8500061035156,294.9599914550781,294.9599914550781,294.7950134277344,113444.0
202606241935,294.9519958496094,294.70001220703125,294.9800109863281,294.6400146484375,132659.0
202606241936,294.69000244140625,294.8800048828125,294.92999267578125,294.6199951171875,90979.0
202606241937,294.885009765625,294.6919860839844,294.95001220703125,294.6919860839844,113314.0
202606241938,294.7049865722656,294.5199890136719,294.7049865722656,294.5,336429.0
202606241939,294.5249938964844,294.6499938964844,294.69000244140625,294.4700012207031,127884.0
202606241940,294.6400146484375,294.6499938964844,294.8299865722656,294.5199890136719,102565.0
202606241941,294.6600036621094,294.7200012207031,294.7300109863281,294.6000061035156,99341.0
202606241942,294.7012023925781,294.7550048828125,294.7799987792969,294.6700134277344,110436.0
202606241943,294.739990234375,294.989990234375,295.0,294.739990234375,135421.0
202606241944,294.9800109863281,295.0350036621094,295.1400146484375,294.93499755859375,125599.0
202606241945,295.04998779296875,295.2699890136719,295.2699890136719,294.8999938964844,132407.0
202606241946,295.2699890136719,295.2099914550781,295.3299865722656,295.1000061035156,95301.0
202606241947,295.1914978027344,295.2650146484375,295.3699951171875,295.1549987792969,116775.0
202606241948,295.260009765625,295.0,295.2799987792969,294.8999938964844,117554.0
202606241949,295.0,294.9700012207031,295.1300048828125,294.82000732421875,105781.0
202606241950,294.989990234375,294.2699890136719,295.0249938964844,294.0799865722656,285433.0
202606241951,294.29998779296875,294.3500061035156,294.5199890136719,294.1400146484375,259643.0
202606241952,294.3500061035156,294.4599914550781,294.5050048828125,294.2200012207031,235036.0
202606241953,294.44000244140625,294.6099853515625,294.67999267578125,294.3450012207031,233224.0
202606241954,294.6199951171875,295.25,295.2900085449219,294.3399963378906,270224.0
202606241955,295.239990234375,294.135009765625,295.25,293.8599853515625,583436.0
202606241956,294.1199951171875,293.6000061035156,294.1199951171875,293.5,387219.0
202606241957,293.5950012207031,293.0799865722656,293.6300048828125,292.95001220703125,692882.0
202606241958,293.1000061035156,293.0199890136719,293.1499938964844,292.95001220703125,694154.0
202606241959,293.2099914550781,293.2099914550781,293.2099914550781,293.2099914550781,0.0
202606250800,290.99,292.47,293.08,290.543,0.0
202606250801,292.6,292.6,292.99,290.57,0.0
202606250802,292.47,292.1899,292.7372,292.1899,0.0
202606250803,292.74,292.61,292.74,292.207,0.0
202606250804,292.61,292.14,292.61,290.85,0.0
202606250805,292.5,292.35,292.5,292.1334,0.0
202606250806,292.35,292.3985,292.74,292.1615,0.0
202606250807,292.4788,292.4037,292.4788,292.4037,0.0
202606250808,292.4627,290.94,292.86,290.56,0.0
202606250809,290.74,292.4427,292.4427,290.74,0.0
202606250810,292.3142,292.34,292.48,292.3142,0.0
202606250811,292.34,292.3305,292.34,292.3305,0.0
202606250812,292.4788,292.1455,292.4788,292.1455,0.0
202606250813,292.3,292.0516,292.3,291.8697,0.0
202606250814,292.1,291.837,292.2,291.83,0.0
202606250815,291.8375,291.8104,291.8375,291.8,0.0
202606250817,291.8107,292.2688,292.2688,291.8107,0.0
202606250818,291.8012,291.9488,291.9488,291.8012,0.0
202606250820,291.8833,291.88,291.8833,291.88,0.0
202606250821,291.9088,291.8122,291.9088,291.8122,0.0
202606250822,291.91,292.2888,292.2888,291.91,0.0
202606250823,291.9988,291.8,291.9988,291.8,0.0
202606250824,291.995,291.98,291.995,291.9,0.0
202606250825,291.8877,291.7012,291.8877,291.7012,0.0
202606250826,291.83,291.94,291.94,291.83,0.0
202606250827,291.94,291.94,291.94,291.9,0.0
202606250828,291.8961,291.91,291.94,291.7065,0.0
202606250831,291.87,291.6012,291.87,291.6012,0.0
202606250835,291.7027,291.79,291.97,291.7027,0.0
202606250836,291.79,291.7601,291.7988,291.7601,0.0
202606250837,291.76,291.71,291.965,291.6342,0.0
202606250838,291.7372,291.7338,291.7488,291.73,0.0
202606250839,291.633,291.7,291.7,291.633,0.0
202606250840,291.75,291.72,291.75,291.6363,0.0
202606250841,291.74,291.72,291.85,291.6392,0.0
202606250842,291.72,291.77,291.77,291.72,0.0
202606250844,291.77,291.6392,292.0,291.6392,0.0
202606250845,291.63,291.77,291.77,291.63,0.0
202606250846,291.77,291.97,291.97,291.77,0.0
202606250847,291.7025,291.98,291.9807,291.7025,0.0
202606250848,291.7,291.64,291.82,291.64,0.0
202606250849,291.81,291.91,291.91,291.81,0.0
202606250850,291.91,291.9897,291.9897,291.91,0.0
202606250852,291.99,291.9815,291.99,291.9815,0.0
202606250854,291.98,291.78,291.98,291.78,0.0
202606250858,291.73,291.68,291.9788,291.6387,0.0
202606250859,291.67,291.7367,291.7367,291.67,0.0
202606250900,291.91,291.7412,291.9935,291.7412,0.0
202606250902,291.973,291.97,291.973,291.97,0.0
202606250903,291.81,291.77,291.81,291.77,0.0
202606250904,291.72,291.68,291.8055,291.68,0.0
202606250905,291.669,291.8088,291.8088,291.63,0.0
202606250906,291.6788,291.6203,291.68,291.6203,0.0
202606250907,291.64,291.61,291.64,291.6,0.0
202606250908,291.6,291.41,291.68,291.41,0.0
202606250909,291.41,291.2616,291.6655,291.15,0.0
202606250910,291.39,291.2075,291.5,291.2,0.0
202606250911,291.2156,291.2585,291.2585,291.2156,0.0
202606250912,291.2156,291.44,291.44,291.2156,0.0
202606250913,291.41,291.2512,291.41,291.2512,0.0
202606250914,291.37,291.42,291.44,291.37,0.0
202606250915,291.4,291.58,291.58,291.4,0.0
202606250917,291.5579,291.5426,291.5579,291.52,0.0
202606250918,291.41,291.58,291.58,291.41,0.0
202606250919,291.5,291.4308,291.5758,291.4308,0.0
202606250920,291.4045,291.58,291.58,291.4045,0.0
202606250922,291.4412,291.58,291.58,291.4412,0.0
202606250923,291.5357,291.468,291.5357,291.468,0.0
202606250924,291.58,291.5825,291.5825,291.58,0.0
202606250925,291.446,291.51,291.51,291.44,0.0
202606250927,291.57,291.674,291.674,291.57,0.0
202606250928,291.67,291.446,291.67,291.446,0.0
202606250929,291.4924,291.446,291.5,291.446,0.0
202606250930,291.6,291.63,291.63,291.6,0.0
202606250931,291.4412,291.6788,291.6788,291.4412,0.0
202606250932,291.56,291.6,291.6,291.56,0.0
202606250934,291.6,291.674,291.674,291.6,0.0
202606250935,291.67,291.4745,291.67,291.4745,0.0
202606250936,291.5532,291.5568,291.5568,291.5532,0.0
202606250937,291.5532,291.63,291.63,291.5532,0.0
202606250938,291.62,291.81,291.81,291.596,0.0
202606250939,291.74,291.74,291.74,291.5612,0.0
202606250940,291.79,291.56,291.98,291.56,0.0
202606250941,291.91,291.73,291.91,291.73,0.0
202606250942,291.6,291.73,291.7567,291.6,0.0
202606250944,291.5587,291.5612,291.5612,291.5587,0.0
202606250946,291.6,291.56,291.6,291.56,0.0
202606250947,291.68,291.73,291.8988,291.68,0.0
202606250950,291.68,291.7,291.9,291.68,0.0
202606250952,291.56,291.6448,291.6448,291.56,0.0
202606250953,291.6488,291.65,291.65,291.61,0.0
202606250954,291.61,291.63,291.63,291.61,0.0
202606250956,291.62,291.68,291.68,291.61,0.0
202606250958,291.73,291.6855,291.73,291.6855,0.0
202606250959,291.73,291.7342,291.8104,291.73,0.0
202606251000,291.75,291.7352,291.9347,291.73,0.0
202606251001,291.9388,291.85,291.9388,291.85,0.0
202606251002,291.76,291.9347,291.9347,291.76,0.0
202606251003,291.94,291.77,291.95,291.7312,0.0
202606251005,291.8525,291.82,291.8525,291.755,0.0
202606251006,291.9,291.87,291.9,291.87,0.0
202606251007,291.87,291.93,291.9488,291.87,0.0
202606251008,291.945,291.81,291.9488,291.7512,0.0
202606251009,291.9488,291.91,291.9488,291.91,0.0
202606251011,291.95,291.95,291.95,291.82,0.0
202606251012,291.93,291.66,291.9427,291.66,0.0
202606251013,291.8,291.8899,291.9488,291.8,0.0
202606251014,291.8035,291.89,291.89,291.8035,0.0
202606251016,291.82,291.88,291.94,291.82,0.0
202606251017,291.9437,291.77,291.9437,291.7012,0.0
202606251018,291.89,291.7017,291.89,291.7017,0.0
202606251019,291.7017,291.6,291.72,291.6,0.0
202606251020,291.6012,291.687,291.687,291.56,0.0
202606251021,291.68,291.6988,291.6988,291.62,0.0
202606251022,291.7,291.6534,291.7,291.463,0.0
202606251024,291.64,291.6469,291.654,291.64,0.0
202606251026,291.463,291.4973,291.4973,291.45,0.0
202606251028,291.63,291.6988,291.6988,291.5118,0.0
202606251029,291.6897,291.5313,291.6897,291.5313,0.0
202606251030,291.52,291.44,291.69,291.44,0.0
202606251031,291.44,291.4711,291.6988,291.4,0.0
202606251033,291.69,291.41,291.69,291.41,0.0
202606251034,291.46,291.4487,291.4975,291.4,0.0
202606251035,291.43,291.4,291.43,291.4,0.0
202606251036,291.37,291.6812,291.6812,291.34,0.0
202606251037,291.5,291.37,291.5,291.37,0.0
202606251038,291.37,291.4,291.6828,291.37,0.0
202606251040,291.4311,291.5643,291.5643,291.4311,0.0
202606251041,291.5135,291.41,291.7,291.41,0.0
202606251042,291.38,291.41,291.41,291.378,0.0
202606251043,291.41,291.61,291.69,291.3583,0.0
202606251044,291.3583,291.37,291.6812,291.35,0.0
202606251045,291.41,291.4507,291.48,291.33,0.0
202606251046,291.47,291.46,291.47,291.46,0.0
202606251047,291.3312,291.4407,291.47,291.3312,0.0
202606251049,291.4788,291.44,291.48,291.44,0.0
202606251050,291.44,291.681,291.681,291.44,0.0
202606251051,291.4462,291.48,291.4928,291.4462,0.0
202606251052,291.58,291.4993,291.58,291.4993,0.0
202606251053,291.55,291.5142,291.6788,291.49,0.0
202606251055,291.51,291.3862,291.57,291.3862,0.0
202606251056,291.44,291.42,291.44,291.38,0.0
202606251057,291.5337,291.53,291.5337,291.53,0.0
202606251058,291.58,291.5825,291.5825,291.58,0.0
202606251059,291.5825,291.6388,291.68,291.5825,0.0
202606251100,291.64,291.45,293.08,291.45,0.0
202606251101,291.35,291.218,291.61,291.218,0.0
202606251102,291.45,291.34,293.08,291.21,0.0
202606251103,291.2,291.12,291.4317,291.11,0.0
202606251104,291.3,291.23,291.381,291.171,0.0
202606251105,291.16,291.15,291.35,291.13,0.0
202606251106,291.176,291.2,291.35,291.1604,0.0
202606251107,291.28,291.3,291.35,291.2,0.0
202606251108,291.35,291.3207,291.35,291.3,0.0
202606251109,291.2502,291.2663,291.3,291.25,0.0
202606251110,291.35,291.25,291.35,291.25,0.0
202606251111,291.32,291.35,291.35,291.25,0.0
202606251112,291.35,291.469,291.469,291.25,0.0
202606251113,291.32,291.4899,291.4899,291.32,0.0
202606251114,291.49,291.3,291.61,291.3,0.0
202606251115,291.41,291.5,291.6,291.41,0.0
202606251116,291.5,291.61,291.61,291.5,0.0
202606251117,291.5,291.6,291.61,291.5,0.0
202606251118,291.54,291.55,291.609,291.5333,0.0
202606251119,291.55,291.42,291.6,291.42,0.0
202606251120,291.58,291.51,291.58,291.485,0.0
202606251121,291.51,291.5,291.5957,291.49,0.0
202606251122,291.5876,291.5,291.5876,291.4247,0.0
202606251123,291.5,291.6791,291.7,291.5,0.0
202606251124,291.6814,291.64,291.6814,291.6025,0.0
202606251125,291.65,291.64,291.7,291.613,0.0
202606251126,291.6,291.61,291.7,291.5,0.0
202606251127,291.66,291.54,291.66,291.5083,0.0
202606251128,291.66,291.45,291.66,291.45,0.0
202606251129,291.5,291.504,291.6301,291.4695,0.0
202606251130,291.59,291.6588,291.6599,291.51,0.0
202606251131,291.6,291.55,291.66,291.511,0.0
202606251132,291.55,291.66,291.66,291.54,0.0
202606251133,291.51,291.55,291.66,291.51,0.0
202606251134,291.5637,291.6572,291.6572,291.5637,0.0
202606251135,291.61,291.66,291.66,291.55,0.0
202606251136,291.65,291.65,291.6588,291.5987,0.0
202606251137,291.65,291.58,291.65,291.5,0.0
202606251138,291.6392,291.656,291.66,291.51,0.0
202606251139,291.56,291.55,291.66,291.5041,0.0
202606251140,291.658,291.6,291.66,291.56,0.0
202606251141,291.504,291.6,291.6,291.5,0.0
202606251142,291.6,291.6,291.66,291.54,0.0
202606251143,291.647,291.66,291.66,291.56,0.0
202606251144,291.65,291.15,291.66,291.09,0.0
202606251145,291.09,291.396,291.5,291.09,0.0
202606251146,291.4,291.1,291.4,290.95,0.0
202606251147,291.02,291.13,291.4782,291.02,0.0
202606251148,291.07,291.1,291.1,290.95,0.0
202606251149,291.153,291.1669,291.21,291.01,0.0
202606251150,291.17,291.07,291.2,290.9903,0.0
202606251151,291.14,290.93,291.17,290.8,0.0
202606251152,291.0,290.84,291.07,290.8,0.0
202606251153,291.07,290.8,291.07,290.8,0.0
202606251154,290.9,290.91,290.98,290.8,0.0
202606251155,291.07,291.029,291.07,290.8,0.0
202606251156,290.98,291.08,291.21,290.9,0.0
202606251157,291.08,290.9256,291.2,290.9256,0.0
202606251158,290.9112,291.0,291.1457,290.9112,0.0
202606251159,291.1957,291.1,291.1957,291.1,0.0
202606251200,291.1,291.21,291.21,291.1,0.0
202606251201,291.2,291.1301,291.25,291.1037,0.0
202606251202,291.23,291.4,291.4802,291.1037,0.0
202606251203,291.42,291.33,291.47,291.18,0.0
202606251204,291.3143,291.3,291.3143,291.1299,0.0
202606251205,291.18,291.3105,291.33,291.1,0.0
202606251207,291.28,291.33,291.33,291.25,0.0
202606251208,291.31,291.19,291.33,291.19,0.0
202606251209,291.28,291.29,291.29,291.1935,0.0
202606251210,291.29,291.3232,291.33,291.1912,0.0
202606251211,291.3232,291.58,291.58,291.2011,0.0
202606251212,291.58,291.4871,291.58,291.2507,0.0
202606251213,291.39,291.0,291.5088,291.0,0.0
202606251214,291.3049,291.23,291.3049,291.04,0.0
202606251215,291.46,291.5092,291.5092,291.09,0.0
202606251216,291.2265,291.18,291.2265,291.09,0.0
202606251217,291.2,291.2,291.23,291.14,0.0
202606251218,291.0957,291.2,291.23,291.0901,0.0
202606251219,291.23,291.17,291.47,291.15,0.0
202606251220,291.1662,291.1112,291.37,291.1112,0.0
202606251221,291.45,291.4,291.45,291.11,0.0
202606251222,291.21,291.21,291.423,291.2,0.0
202606251223,291.21,291.3,291.41,291.15,0.0
202606251224,291.1512,291.32,291.4132,291.1512,0.0
202606251225,291.15,291.3,291.33,291.15,0.0
202606251226,291.21,291.3,291.3,291.2,0.0
202606251227,291.3,291.2,291.3,291.2,0.0
202606251228,291.2052,291.2,291.2985,291.17,0.0
202606251229,291.2988,291.18,291.3,291.18,0.0
202606251230,291.2669,291.82,292.0,291.15,0.0
202606251231,291.9512,291.5209,291.9688,291.41,0.0
202606251232,291.67,291.6,291.9,291.51,0.0
202606251233,291.5583,291.4,291.84,291.4,0.0
202606251234,291.4589,291.39,291.5,291.2,0.0
202606251235,291.39,291.39,291.47,291.239,0.0
202606251236,291.37,291.34,291.5,291.3,0.0
202606251237,291.3,291.44,291.48,291.22,0.0
202606251238,291.38,291.4,291.47,291.21,0.0
202606251239,291.25,291.97,293.95,290.78,0.0
202606251240,291.835,291.44,292.32,290.94,0.0
202606251241,291.43,291.91,292.52,290.88,0.0
202606251242,291.9303,290.9,292.6,290.9,0.0
202606251243,291.3016,290.9,291.38,290.7,0.0
202606251244,290.8931,290.88,291.3,290.85,0.0
202606251245,291.0,291.48,291.8,290.8802,0.0
202606251246,291.41,291.3,291.571,291.2212,0.0
202606251247,291.2987,291.36,291.47,291.1147,0.0
202606251248,291.32,291.5,291.5,291.26,0.0
202606251249,291.39,291.25,291.46,291.25,0.0
202606251250,291.39,291.44,291.45,291.2,0.0
202606251251,291.36,291.42,291.47,291.26,0.0
202606251252,291.4799,291.26,291.4799,291.19,0.0
202606251253,291.2999,291.18,291.2999,291.16,0.0
202606251254,291.18,291.25,291.3,290.85,0.0
202606251255,291.02,291.0,291.19,290.92,0.0
202606251256,290.91,290.949,291.2,290.76,0.0
202606251257,290.82,291.19,291.19,290.75,0.0
202606251258,291.12,291.15,291.2,290.9075,0.0
202606251259,291.05,291.15,291.15,290.97,0.0
202606251300,291.02,291.03,291.14,290.9,0.0
202606251301,291.03,291.09,291.0988,290.88,0.0
202606251302,290.7955,290.8497,291.023,290.52,0.0
202606251303,290.85,290.37,290.8599,290.3025,0.0
202606251304,290.48,290.1821,290.73,290.16,0.0
202606251305,290.16,290.778,290.81,290.01,0.0
202606251306,290.79,290.4932,290.79,290.4,0.0
202606251307,290.49,290.25,290.5,290.25,0.0
202606251308,290.35,290.45,290.5,290.35,0.0
202606251309,290.48,290.339,290.5,290.28,0.0
202606251310,290.4989,290.59,290.64,290.3389,0.0
202606251311,290.5147,290.3608,290.7,290.36,0.0
202606251312,290.5,290.35,290.5,290.3,0.0
202606251313,290.43,290.345,290.44,290.3,0.0
202606251314,290.3768,290.3752,290.39,290.3,0.0
202606251315,290.39,290.29,290.39,290.2,0.0
202606251316,290.29,290.31,290.39,290.19,0.0
202606251317,290.31,290.51,290.52,290.3,0.0
202606251318,290.51,290.0,290.7,289.88,0.0
202606251319,289.89,289.59,290.4747,289.59,0.0
202606251320,289.5842,289.36,289.89,289.28,0.0
202606251321,289.5,289.32,289.64,289.32,0.0
202606251322,289.4491,289.14,289.52,289.0,0.0
202606251323,289.02,289.5,289.54,289.01,0.0
202606251324,289.5,289.01,289.5,289.01,0.0
202606251325,289.48,288.8947,289.5,288.81,0.0
202606251326,288.91,289.1657,289.1792,288.9,0.0
202606251327,289.07,288.9,289.52,288.75,0.0
202606251328,288.94,287.86,289.1,287.65,0.0
202606251329,287.85,287.55,288.0,287.3,0.0
202606251330,287.510009765625,287.8999938964844,288.0799865722656,286.2799987792969,2071864.0
202606251331,287.94000244140625,286.69000244140625,288.79998779296875,286.54998779296875,383265.0
202606251332,286.69000244140625,285.239990234375,286.7250061035156,284.7300109863281,841268.0
202606251333,285.20001220703125,285.9599914550781,286.1300048828125,284.8999938964844,373626.0
202606251334,286.0,285.69000244140625,286.2799987792969,285.44000244140625,287249.0
202606251335,285.6199951171875,284.6499938964844,285.8399963378906,284.5899963378906,326648.0
202606251336,284.6199951171875,283.05999755859375,285.260009765625,282.94000244140625,767235.0
202606251337,283.0799865722656,282.05999755859375,283.239990234375,281.8900146484375,500237.0
202606251338,282.05999755859375,281.4750061035156,282.239990234375,281.32000732421875,524474.0
202606251339,281.45001220703125,281.1499938964844,281.6600036621094,281.0799865722656,428393.0
202606251340,281.1199951171875,280.739990234375,281.2799987792969,280.5801086425781,468674.0
202606251341,280.739990234375,279.94000244140625,280.7449951171875,279.739990234375,876817.0
202606251342,279.9200134277344,279.3900146484375,279.9700012207031,278.7200012207031,738091.0
202606251343,279.4150085449219,278.7699890136719,279.5,278.44000244140625,476136.0
202606251344,278.739990234375,278.1600036621094,278.80999755859375,277.8800048828125,514214.0
202606251345,278.1199951171875,278.94000244140625,279.260009765625,278.07000732421875,632014.0
202606251346,278.92999267578125,279.4020080566406,279.510009765625,278.6499938964844,451872.0
202606251347,279.3599853515625,279.260009765625,279.4200134277344,278.8800048828125,472905.0
202606251348,279.2699890136719,279.3299865722656,279.54998779296875,278.9100036621094,357322.0
202606251349,279.32501220703125,279.760009765625,279.92999267578125,279.1300048828125,465264.0
202606251350,279.7799987792969,279.8454895019531,279.94000244140625,279.44000244140625,463327.0
202606251351,279.8349914550781,279.5400085449219,279.8999938964844,279.3800048828125,431771.0
202606251352,279.57000732421875,279.44000244140625,279.6600036621094,279.19000244140625,269633.0
202606251353,279.4549865722656,279.375,279.7699890136719,279.05999755859375,268696.0
202606251354,279.3800048828125,278.1300048828125,279.4100036621094,278.1199951171875,435929.0
202606251355,278.1400146484375,278.25,278.42999267578125,277.6700134277344,555708.0
202606251356,278.260009765625,279.1300048828125,279.32000732421875,278.2349853515625,229742.0
202606251357,279.1499938964844,278.69000244140625,279.3399963378906,278.6600036621094,211474.0
202606251358,278.7149963378906,279.0299987792969,279.1300048828125,278.6499938964844,145007.0
202606251359,279.0299987792969,278.9700012207031,279.20001220703125,278.57000732421875,177819.0
202606251400,278.94500732421875,279.0799865722656,279.3999938964844,278.8299865722656,243598.0
202606251401,279.07501220703125,279.4100036621094,279.4200134277344,278.864990234375,265651.0
202606251402,279.42999267578125,280.1099853515625,280.1300048828125,279.2900085449219,234456.0
202606251403,280.1199035644531,279.739990234375,280.1798095703125,279.0,425268.0
202606251404,279.75,279.95001220703125,280.0299072265625,279.6000061035156,317835.0
202606251405,279.95001220703125,279.4599914550781,280.06988525390625,279.44000244140625,232165.0
202606251406,279.45001220703125,279.7149963378906,279.7300109863281,279.2001037597656,171299.0
202606251407,279.7099914550781,279.3800048828125,279.7699890136719,279.20001220703125,187544.0
202606251408,279.3800048828125,279.6798095703125,279.739990234375,279.010009765625,181510.0
202606251409,279.7200012207031,279.57000732421875,279.9700012207031,279.55999755859375,201881.0
202606251410,279.5799865722656,279.2900085449219,279.92498779296875,279.25750732421875,174219.0
202606251411,279.30999755859375,278.7799987792969,279.4200134277344,278.7699890136719,221496.0
202606251412,278.7799987792969,278.4049987792969,278.9800109863281,278.2799987792969,401027.0
202606251413,278.4049987792969,278.2650146484375,278.5799865722656,278.2200012207031,274512.0
202606251414,278.2699890136719,278.4599914550781,278.510009765625,277.9599914550781,336999.0
202606251415,278.44500732421875,278.2650146484375,278.58990478515625,278.20001220703125,232293.0
202606251416,278.2900085449219,277.739013671875,278.44000244140625,277.4599914550781,398445.0
202606251417,277.7349853515625,278.29998779296875,278.32989501953125,277.5,306606.0
202606251418,278.26690673828125,278.2349853515625,278.5899963378906,278.17999267578125,192669.0
202606251419,278.260009765625,279.1449890136719,279.19000244140625,277.9700012207031,215723.0
202606251420,279.1549987792969,279.43499755859375,279.5299987792969,279.1400146484375,267168.0
202606251421,279.43499755859375,279.6650085449219,279.69000244140625,279.2809143066406,242382.0
202606251422,279.6600036621094,278.7699890136719,279.7799987792969,278.760009765625,386116.0
202606251423,278.77239990234375,278.57989501953125,278.8299865722656,278.3500061035156,160276.0
202606251424,278.57501220703125,278.04998779296875,278.7550048828125,277.92999267578125,280169.0
202606251425,278.0350036621094,278.3586120605469,278.6400146484375,278.0350036621094,236658.0
202606251426,278.3450012207031,279.19500732421875,279.2300109863281,278.1600036621094,156320.0
202606251427,279.20001220703125,278.82000732421875,279.6499938964844,278.5,343714.0
202606251428,278.8599853515625,279.1199035644531,279.1700134277344,278.6300048828125,145308.0
202606251429,279.1000061035156,279.6300048828125,279.739990234375,278.9501037597656,163861.0
202606251430,279.635009765625,279.7200012207031,279.92999267578125,279.4700012207031,156453.0
202606251431,279.739990234375,279.6300048828125,279.7900085449219,279.1300048828125,157517.0
202606251432,279.6199951171875,279.7900085449219,279.8299865722656,279.5000915527344,153962.0
202606251433,279.7799987792969,279.6549987792969,280.0899963378906,279.5899963378906,223996.0
202606251434,279.70001220703125,279.54998779296875,279.8197021484375,279.0199890136719,165051.0
202606251435,279.5350036621094,279.54998779296875,279.7799987792969,279.5299987792969,103199.0
202606251436,279.5899963378906,279.760009765625,279.8699951171875,279.510009765625,142724.0
202606251437,279.7699890136719,279.3699951171875,280.0,279.20001220703125,149528.0
202606251438,279.3800048828125,279.239990234375,279.5249938964844,279.05499267578125,121956.0
202606251439,279.2699890136719,279.75,279.8900146484375,279.25,124937.0
202606251440,279.7550048828125,279.8399963378906,280.0899963378906,279.6499938964844,138768.0
202606251441,279.8550109863281,279.31500244140625,279.8800048828125,279.2799987792969,120851.0
202606251442,279.3399963378906,279.17999267578125,279.54998779296875,279.05499267578125,162601.0
202606251443,279.25,278.8699951171875,279.2799987792969,278.6600036621094,203566.0
202606251444,278.8800048828125,279.7300109863281,279.739990234375,278.5899963378906,346019.0
202606251445,279.7300109863281,279.6499938964844,279.989990234375,279.30999755859375,316398.0
202606251446,279.6199951171875,279.2250061035156,279.6199951171875,279.1499938964844,76475.0
202606251447,279.25,279.1549987792969,279.2799987792969,278.93499755859375,207021.0
202606251448,279.2099914550781,279.3349914550781,279.3399963378906,279.05718994140625,142359.0
202606251449,279.3450012207031,279.0299987792969,279.4700012207031,279.0133972167969,150728.0
202606251450,279.0199890136719,278.552490234375,279.3349914550781,278.45001220703125,209952.0
202606251451,278.55499267578125,279.1650085449219,279.19500732421875,278.4100036621094,152286.0
202606251452,279.1600036621094,279.25,279.5,279.135009765625,122328.0
202606251453,279.2380065917969,278.6600036621094,279.2380065917969,278.5799865722656,130987.0
202606251454,278.69000244140625,279.02850341796875,279.1099853515625,278.6650085449219,124898.0
202606251455,279.0,278.8699951171875,279.2099914550781,278.7449951171875,92544.0
202606251456,278.8399963378906,278.2799987792969,278.8399963378906,278.2699890136719,159069.0
202606251457,278.2749938964844,277.9849853515625,278.4599914550781,277.8525085449219,190487.0
202606251458,278.010009765625,277.760009765625,278.2398986816406,277.6300048828125,203610.0
202606251459,277.7300109863281,277.6050109863281,277.989990234375,277.4599914550781,197896.0
202606251500,277.6099853515625,277.82000732421875,277.82000732421875,277.239990234375,224758.0
202606251501,277.79998779296875,277.8949890136719,278.1000061035156,277.79119873046875,158158.0
202606251502,277.9049987792969,277.95001220703125,277.9599914550781,277.75,135796.0
202606251503,277.92999267578125,277.6600036621094,277.92999267578125,277.6199951171875,148371.0
202606251504,277.6600036621094,277.55999755859375,277.7699890136719,277.3949890136719,149175.0
202606251505,277.55999755859375,277.19500732421875,277.7200012207031,277.0899963378906,223181.0
202606251506,277.1700134277344,277.0350036621094,277.2178039550781,276.7799987792969,279458.0
202606251507,277.0400085449219,276.94000244140625,277.07000732421875,276.779296875,139328.0
202606251508,276.9200134277344,277.4599914550781,277.4996032714844,276.7799987792969,156589.0
202606251509,277.4999084472656,277.82501220703125,277.8299865722656,277.3599853515625,119497.0
202606251510,277.79998779296875,277.67498779296875,277.81988525390625,277.40008544921875,109285.0
202606251511,277.67999267578125,277.2650146484375,277.7699890136719,277.239990234375,201201.0
202606251512,277.2651062011719,277.0899963378906,277.4150085449219,277.07000732421875,104373.0
202606251513,277.0950012207031,276.9100036621094,277.1600036621094,276.8800048828125,120283.0
202606251514,276.9200134277344,277.0199890136719,277.0199890136719,276.80999755859375,210805.0
202606251515,277.0199890136719,276.80499267578125,277.0199890136719,276.6422119140625,247484.0
202606251516,276.80999755859375,276.67498779296875,276.82000732421875,276.5400085449219,163253.0
202606251517,276.6600036621094,276.79998779296875,276.80999755859375,276.5199890136719,155012.0
202606251518,276.80499267578125,276.95001220703125,277.1000061035156,276.7799987792969,229500.0
202606251519,276.94000244140625,276.8550109863281,277.0400085449219,276.8299865722656,153753.0
202606251520,276.8599853515625,276.5899963378906,276.9949951171875,276.44000244140625,241616.0
202606251521,276.5899963378906,277.0299987792969,277.0299987792969,276.5450134277344,125948.0
202606251522,277.010009765625,276.82000732421875,277.0299987792969,276.80999755859375,156941.0
202606251523,276.80999755859375,276.80999755859375,277.17999267578125,276.75,256808.0
202606251524,276.80999755859375,276.8699951171875,276.989990234375,276.760009765625,202856.0
202606251525,276.8599853515625,276.7349853515625,276.8599853515625,276.44000244140625,176834.0
202606251526,276.7349853515625,277.2799987792969,277.32000732421875,276.510009765625,113476.0
202606251527,277.29998779296875,277.75,277.79998779296875,277.2699890136719,155955.0
202606251528,277.7601013183594,277.739990234375,277.89990234375,277.54998779296875,128643.0
202606251529,277.7449951171875,277.6400146484375,278.0,277.5199890136719,176998.0
202606251530,277.6600036621094,278.1499938964844,278.239990234375,277.5899963378906,128658.0
202606251531,278.1650085449219,278.4801025390625,278.5299987792969,278.0690002441406,147550.0
202606251532,278.5,278.760009765625,278.79998779296875,278.45001220703125,144970.0
202606251533,278.760009765625,278.7200012207031,278.8699951171875,278.6099853515625,175465.0
202606251534,278.69500732421875,278.42999267578125,278.8301086425781,278.3699951171875,156879.0
202606251535,278.44000244140625,278.7349853515625,278.8800048828125,278.44000244140625,85112.0
202606251536,278.760009765625,278.989990234375,279.25,278.7300109863281,236007.0
202606251537,278.989990234375,278.7699890136719,278.989990234375,278.7349853515625,108532.0
202606251538,278.7449951171875,278.69000244140625,278.8299865722656,278.55999755859375,97048.0
202606251539,278.69500732421875,278.5849914550781,278.7900085449219,278.5199890136719,143907.0
202606251540,278.5801086425781,278.6000061035156,278.6499938964844,278.385009765625,130055.0
202606251541,278.57501220703125,278.32000732421875,278.5899963378906,278.1300048828125,121423.0
202606251542,278.29998779296875,278.5799865722656,278.6499938964844,278.17999267578125,126983.0
202606251543,278.5851135253906,279.1499938964844,279.1700134277344,278.5849914550781,99397.0
202606251544,279.1449890136719,279.25,279.4700012207031,279.1000061035156,188496.0
202606251545,279.25,279.489990234375,279.55999755859375,279.1600036621094,100622.0
202606251546,279.5,279.4100036621094,279.6449890136719,279.3599853515625,93694.0
202606251547,279.4200134277344,279.5697937011719,279.5801086425781,279.3500061035156,61652.0
202606251548,279.5799865722656,279.17999267578125,279.6000061035156,279.010009765625,218432.0
202606251549,279.19000244140625,279.13958740234375,279.239990234375,278.989990234375,86201.0
202606251550,279.1199951171875,278.6199951171875,279.1499938964844,278.5950012207031,116581.0
202606251551,278.6400146484375,278.6449890136719,278.9179992675781,278.5899963378906,95715.0
202606251552,278.6400146484375,278.489990234375,278.70001220703125,278.3599853515625,108111.0
202606251553,278.5,278.260009765625,278.5249938964844,278.1099853515625,97718.0
202606251554,278.260009765625,278.3900146484375,278.4898986816406,278.2099914550781,86368.0
202606251555,278.3800048828125,278.6199951171875,278.7699890136719,278.364990234375,62903.0
202606251556,278.5899963378906,278.3500061035156,278.6400146484375,278.2200012207031,127819.0
202606251557,278.3500061035156,278.25,278.3949890136719,278.1099853515625,87085.0
202606251558,278.2699890136719,278.0299987792969,278.28448486328125,278.0199890136719,138576.0
202606251559,278.010009765625,277.8550109863281,278.0899963378906,277.6300048828125,297992.0
202606251600,277.8900146484375,277.8999938964844,278.19000244140625,277.8328857421875,107543.0
202606251601,277.9200134277344,277.92999267578125,278.04998779296875,277.6650085449219,129616.0
202606251602,277.8999938964844,277.8599853515625,278.0,277.80999755859375,70953.0
202606251603,277.8550109863281,277.8500061035156,277.92999267578125,277.7699890136719,99402.0
202606251604,277.8299865722656,277.9800109863281,278.010009765625,277.6000061035156,122810.0
202606251605,277.989990234375,277.9200134277344,278.1369934082031,277.9100036621094,81632.0
202606251606,277.9100036621094,277.94000244140625,277.9599914550781,277.7099914550781,98836.0
202606251607,277.95001220703125,277.7099914550781,278.0,277.69000244140625,111147.0
202606251608,277.7099914550781,277.8800048828125,277.8800048828125,277.4700012207031,124078.0
202606251609,277.8699951171875,277.69000244140625,277.989990234375,277.614990234375,89537.0
202606251610,277.7049865722656,277.1400146484375,277.9200134277344,276.7099914550781,288099.0
202606251611,277.1700134277344,276.42999267578125,277.3399963378906,276.3599853515625,299108.0
202606251612,276.4700012207031,276.67498779296875,276.739990234375,276.30999755859375,200433.0
202606251613,276.67498779296875,276.7099914550781,276.8399963378906,276.3599853515625,242751.0
202606251614,276.67999267578125,276.4750061035156,276.69000244140625,276.30450439453125,105250.0
202606251615,276.4800109863281,276.25,276.510009765625,276.17999267578125,161778.0
202606251616,276.239990234375,276.6300048828125,276.6499938964844,276.1499938964844,287844.0
202606251617,276.6400146484375,276.4649963378906,276.6400146484375,276.3299865722656,115931.0
202606251618,276.4599914550781,276.32501220703125,276.489990234375,276.1700134277344,119657.0
202606251619,276.340087890625,275.56500244140625,276.3900146484375,275.5400085449219,351845.0
202606251620,275.56500244140625,275.7300109863281,276.20001220703125,275.55999755859375,180714.0
202606251621,275.7099914550781,275.54998779296875,275.8800048828125,275.45001220703125,179891.0
202606251622,275.55499267578125,275.3900146484375,275.6000061035156,274.8599853515625,600919.0
202606251623,275.4200134277344,275.260009765625,275.5799865722656,275.1099853515625,180828.0
202606251624,275.2799987792969,275.0950012207031,275.32000732421875,275.0799865722656,124358.0
202606251625,275.1050109863281,275.30499267578125,275.3800048828125,274.9100036621094,177438.0
202606251626,275.29998779296875,275.2900085449219,275.3900146484375,275.2149963378906,123414.0
202606251627,275.29998779296875,275.18499755859375,275.3349914550781,275.17999267578125,98884.0
202606251628,275.19000244140625,274.8699951171875,275.2099914550781,274.7799987792969,201647.0
202606251629,274.8599853515625,274.56500244140625,274.8800048828125,274.4599914550781,212012.0
202606251630,274.56500244140625,274.489990234375,274.6099853515625,274.3500061035156,193662.0
202606251631,274.4949951171875,274.6200866699219,274.79998779296875,274.3700866699219,259783.0
202606251632,274.6300048828125,274.5799865722656,274.6650085449219,274.1300048828125,258684.0
202606251633,274.57000732421875,274.7099914550781,274.7598876953125,274.4800109863281,156492.0
202606251634,274.6499938964844,274.6600036621094,274.7300109863281,274.3999938964844,126965.0
202606251635,274.6650085449219,274.74920654296875,274.8399963378906,274.4501037597656,226173.0
202606251636,274.7200012207031,274.6600036621094,275.0,274.55999755859375,194006.0
202606251637,274.6549987792969,274.010009765625,274.6600036621094,273.75,425520.0
202606251638,273.9949951171875,274.3699951171875,274.3900146484375,273.7799987792969,212451.0
202606251639,274.3500061035156,274.2850036621094,274.4898986816406,274.2099914550781,135276.0
202606251640,274.2850036621094,274.0450134277344,274.4800109863281,273.9700012207031,208589.0
202606251641,274.05999755859375,274.34991455078125,274.3800048828125,274.05999755859375,121814.0
202606251642,274.3349914550781,274.5400085449219,274.57501220703125,274.2705078125,125530.0
202606251643,274.55999755859375,274.6300964355469,274.6300964355469,274.2200012207031,214717.0
202606251644,274.6600036621094,274.7449951171875,275.0,274.57000732421875,184283.0
202606251645,274.7749938964844,274.4490966796875,274.7850036621094,274.260009765625,214187.0
202606251646,274.4200134277344,274.2099914550781,274.7650146484375,274.1199951171875,503944.0
202606251647,274.2099914550781,274.489990234375,274.69000244140625,274.1700134277344,158029.0
202606251648,274.5,274.7650146484375,274.79998779296875,274.2900085449219,140390.0
202606251649,274.7500915527344,274.510009765625,274.8699951171875,274.45001220703125,126635.0
202606251650,274.5,274.3699951171875,274.70001220703125,274.25,153847.0
202606251651,274.3800048828125,274.625,274.6400146484375,274.1700134277344,188249.0
202606251652,274.6300048828125,274.8599853515625,275.0,274.54998779296875,167774.0
202606251653,274.8599853515625,274.79998779296875,275.0799865722656,274.7699890136719,198143.0
202606251654,274.79998779296875,274.6449890136719,274.9798889160156,274.6199951171875,140679.0
202606251655,274.6600036621094,274.6600036621094,274.739990234375,274.4599914550781,100406.0
202606251656,274.6700134277344,274.6099853515625,274.9700012207031,274.54998779296875,609225.0
202606251657,274.614990234375,274.7749938964844,274.9299011230469,274.59100341796875,66066.0
202606251658,274.7799987792969,274.989990234375,275.0,274.7702941894531,137521.0
202606251659,275.0,275.1199951171875,275.1600036621094,274.7550048828125,235285.0
202606251700,275.135009765625,275.4049987792969,275.42999267578125,275.1099853515625,283573.0
202606251701,275.42498779296875,275.5899963378906,275.5899963378906,275.239990234375,210386.0
202606251702,275.5799865722656,275.8949890136719,275.96990966796875,275.56988525390625,190432.0
202606251703,275.8900146484375,276.2650146484375,276.2699890136719,275.82000732421875,146108.0
202606251704,276.32000732421875,276.44000244140625,276.7149963378906,276.2998046875,304483.0
202606251705,276.4599914550781,276.6050109863281,276.6098937988281,276.239990234375,233285.0
202606251706,276.6199035644531,276.6199951171875,276.82000732421875,276.5249938964844,157633.0
202606251707,276.6400146484375,276.65008544921875,277.0,276.55999755859375,226697.0
202606251708,276.68499755859375,276.885009765625,276.989990234375,276.6534118652344,1201842.0
202606251709,276.8800048828125,277.07000732421875,277.1991882324219,276.8699951171875,160894.0
202606251710,277.09991455078125,277.3500061035156,277.3699951171875,277.0350036621094,172768.0
202606251711,277.364990234375,277.2200012207031,277.5398864746094,277.1000061035156,216351.0
202606251712,277.2149963378906,277.0799865722656,277.45001220703125,277.0199890136719,236851.0
202606251713,277.07000732421875,277.4198913574219,277.4198913574219,277.010009765625,102589.0
202606251714,277.4100036621094,277.1700134277344,277.4649963378906,277.125,117066.0
202606251715,277.1899108886719,277.69000244140625,277.864990234375,277.1899108886719,325636.0
202606251716,277.6600036621094,277.625,277.989990234375,277.47088623046875,143140.0
202606251717,277.625,277.7051086425781,277.75,277.5799865722656,156997.0
202606251718,277.7099914550781,277.70001220703125,277.7900085449219,277.5899963378906,118489.0
202606251719,277.69500732421875,277.44000244140625,277.7799987792969,277.41009521484375,157897.0
202606251720,277.44000244140625,277.44000244140625,277.6300048828125,277.25,160538.0
202606251721,277.44000244140625,277.5899963378906,277.6690979003906,277.4200134277344,122684.0
202606251722,277.6000061035156,277.7200012207031,277.7499084472656,277.5350036621094,156751.0
202606251723,277.7200012207031,277.57000732421875,277.7699890136719,277.5199890136719,163675.0
202606251724,277.5600891113281,277.2799072265625,277.57000732421875,277.239990234375,141757.0
202606251725,277.2701110839844,277.2799987792969,277.29998779296875,277.0199890136719,159775.0
202606251726,277.2699890136719,278.17999267578125,278.19500732421875,277.2699890136719,253690.0
202606251727,278.1650085449219,277.79998779296875,278.3900146484375,277.7749938964844,1145780.0
202606251728,277.80999755859375,277.8800048828125,277.9100036621094,277.5,138629.0
202606251729,277.8699951171875,278.0400085449219,278.0599060058594,277.79998779296875,93444.0
202606251730,278.04998779296875,277.8900146484375,278.05999755859375,277.75,95281.0
202606251731,277.9100036621094,277.7900085449219,278.1099853515625,277.70001220703125,146993.0
202606251732,277.79998779296875,277.7200012207031,278.0,277.70001220703125,97939.0
202606251733,277.75,277.8699951171875,277.9700012207031,277.70001220703125,82000.0
202606251734,277.864990234375,277.7799987792969,277.9150085449219,277.7601013183594,104988.0
202606251735,277.7900085449219,277.614990234375,277.906005859375,277.5899963378906,90817.0
202606251736,277.635009765625,277.7650146484375,277.82000732421875,277.6050109863281,90442.0
202606251737,277.7650146484375,277.6400146484375,277.7699890136719,277.5574951171875,130982.0
202606251738,277.635009765625,277.7349853515625,277.7972106933594,277.5249938964844,85977.0
202606251739,277.7449951171875,277.23150634765625,277.80499267578125,276.9800109863281,111766.0
202606251740,277.2300109863281,277.5199890136719,277.55999755859375,277.2300109863281,91238.0
202606251741,277.5101013183594,277.3999938964844,277.6300048828125,277.3699951171875,161678.0
202606251742,277.3999938964844,277.2699890136719,277.4800109863281,277.2101135253906,86145.0
202606251743,277.27020263671875,277.2250061035156,277.4700012207031,277.19000244140625,129714.0
202606251744,277.2149963378906,277.06500244140625,277.2300109863281,277.02099609375,123051.0
202606251745,277.05999755859375,276.70001220703125,277.07000732421875,276.6499938964844,128668.0
202606251746,276.70001220703125,276.75,276.80999755859375,276.6300048828125,418078.0
202606251747,276.7550048828125,276.4549865722656,276.7550048828125,276.239990234375,131855.0
202606251748,276.4700012207031,276.56500244140625,276.6265869140625,276.2749938964844,167032.0
202606251749,276.5799865722656,276.75,276.7749938964844,276.5799865722656,77056.0
202606251750,276.739990234375,276.3500061035156,276.7900085449219,276.3349914550781,109928.0
202606251751,276.3500061035156,276.4100036621094,276.57501220703125,276.2200012207031,156752.0
202606251752,276.4200134277344,276.3800048828125,276.68499755859375,276.3599853515625,115639.0
202606251753,276.3900146484375,276.5,276.54998779296875,276.19000244140625,112350.0
202606251754,276.5,276.2449951171875,276.5350036621094,276.2099914550781,151726.0
202606251755,276.239990234375,276.54998779296875,276.6400146484375,276.2300109863281,114996.0
202606251756,276.55999755859375,276.4849853515625,276.6099853515625,276.2309875488281,120570.0
202606251757,276.489990234375,276.510009765625,276.6099853515625,276.44000244140625,94423.0
202606251758,276.5199890136719,276.6499938964844,276.6700134277344,276.5199890136719,405576.0
202606251759,276.6099853515625,276.7882080078125,276.79998779296875,276.54998779296875,125944.0
202606251800,276.7950134277344,276.54998779296875,276.92999267578125,276.5400085449219,181655.0
202606251801,276.56500244140625,276.6400146484375,276.8399963378906,276.510009765625,148110.0
202606251802,276.6400146484375,276.2900085449219,276.6499938964844,276.2200012207031,143810.0
202606251803,276.2900085449219,276.54998779296875,276.7200012207031,276.2900085449219,121924.0
202606251804,276.55499267578125,276.760009765625,276.8399963378906,276.5194091796875,110717.0
202606251805,276.760009765625,277.1099853515625,277.1400146484375,276.6199951171875,147214.0
202606251806,277.0899963378906,277.625,277.625,277.04998779296875,162364.0
202606251807,277.625,277.8550109863281,277.8800048828125,277.4800109863281,154408.0
202606251808,277.8699951171875,277.94000244140625,278.0,277.760009765625,142828.0
202606251809,277.94000244140625,278.42999267578125,278.5,277.9100036621094,121510.0
202606251810,278.42999267578125,278.5400085449219,278.5899963378906,278.4100036621094,161504.0
202606251811,278.55999755859375,278.5450134277344,278.7099914550781,278.4800109863281,136961.0
202606251812,278.5400085449219,278.80499267578125,278.8599853515625,278.5199890136719,149794.0
202606251813,278.79998779296875,278.44000244140625,278.79998779296875,278.20001220703125,176585.0
202606251814,278.4599914550781,278.2900085449219,278.4750061035156,278.1099853515625,128019.0
202606251815,278.2799987792969,278.3500061035156,278.3658142089844,278.07000732421875,132404.0
202606251816,278.3399963378906,278.6400146484375,278.6449890136719,278.25,142327.0
202606251817,278.6300048828125,279.2149963378906,279.239990234375,278.6300048828125,121983.0
202606251818,279.2200012207031,279.82000732421875,279.8399963378906,279.2099914550781,168669.0
202606251819,279.82000732421875,279.94000244140625,280.0400085449219,279.7699890136719,181260.0
202606251820,279.94500732421875,279.885009765625,280.17999267578125,279.8599853515625,179837.0
202606251821,279.8699951171875,279.5199890136719,279.885009765625,279.40008544921875,174391.0
202606251822,279.5299987792969,279.6099853515625,279.7699890136719,279.489990234375,131057.0
202606251823,279.67999267578125,279.75,279.8299865722656,279.55999755859375,131058.0
202606251824,279.75079345703125,279.69000244140625,279.8900146484375,279.6600036621094,133961.0
202606251825,279.6600036621094,279.29998779296875,279.67999267578125,279.0173034667969,249554.0
202606251826,279.32000732421875,279.30999755859375,279.44000244140625,279.2200927734375,111453.0
202606251827,279.4100036621094,279.32501220703125,279.43499755859375,279.2200012207031,134392.0
202606251828,279.30999755859375,279.32000732421875,279.5199890136719,279.2449951171875,118158.0
202606251829,279.32000732421875,279.3450012207031,279.4949951171875,279.2950134277344,85981.0
202606251830,279.3500061035156,279.1050109863281,279.3800048828125,279.04998779296875,191371.0
202606251831,279.1099853515625,279.1449890136719,279.1600036621094,278.80999755859375,176162.0
202606251832,279.15008544921875,279.0950012207031,279.2300109863281,279.07000732421875,112154.0
202606251833,279.0950012207031,279.2200012207031,279.3429870605469,279.0400085449219,190778.0
202606251834,279.2099914550781,279.5799865722656,279.6499938964844,279.2099914550781,97811.0
202606251835,279.55999755859375,279.7049865722656,279.7690124511719,279.3599853515625,147039.0
202606251836,279.7049865722656,279.7699890136719,279.8900146484375,279.67999267578125,134002.0
202606251837,279.75,280.0849914550781,280.1300048828125,279.75,127406.0
202606251838,280.0799865722656,280.05499267578125,280.19989013671875,280.0400085449219,114460.0
202606251839,280.06829833984375,279.8699951171875,280.2200927734375,279.79998779296875,153740.0
202606251840,279.8800048828125,280.0849914550781,280.0899963378906,279.8599853515625,105128.0
202606251841,280.0849914550781,280.0400085449219,280.1700134277344,279.9700927734375,79097.0
202606251842,280.0400085449219,280.1000061035156,280.13848876953125,279.9700012207031,88157.0
202606251843,280.1000061035156,280.05499267578125,280.20001220703125,280.0299987792969,69902.0
202606251844,280.04998779296875,279.7699890136719,280.0780029296875,279.7099914550781,103296.0
202606251845,279.739990234375,279.5400085449219,279.75,279.3999938964844,111590.0
202606251846,279.510009765625,279.2900085449219,279.5400085449219,279.2900085449219,106201.0
202606251847,279.2900085449219,279.5299987792969,279.54998779296875,279.2799987792969,78840.0
202606251848,279.510009765625,279.6000061035156,279.6300048828125,279.3699951171875,75653.0
202606251849,279.6048889160156,279.5557861328125,279.7300109863281,279.4549865722656,78851.0
202606251850,279.5400085449219,279.4049987792969,279.58990478515625,279.29998779296875,66033.0
202606251851,279.41009521484375,279.135009765625,279.4599914550781,279.0899963378906,95850.0
202606251852,279.1400146484375,279.43499755859375,279.5,279.0299987792969,98736.0
202606251853,279.44000244140625,279.42010498046875,279.4750061035156,279.3699951171875,70125.0
202606251854,279.44000244140625,279.3699951171875,279.5,279.2699890136719,108949.0
202606251855,279.3699951171875,279.31500244140625,279.4949951171875,279.3005065917969,72959.0
202606251856,279.31500244140625,279.30999755859375,279.3599853515625,279.1199951171875,108897.0
202606251857,279.32000732421875,279.42999267578125,279.489990234375,279.2699890136719,91590.0
202606251858,279.45001220703125,279.3699951171875,279.494384765625,279.3299865722656,119603.0
202606251859,279.3599853515625,279.42498779296875,279.4949951171875,279.3399963378906,112826.0
202606251900,279.42999267578125,279.19000244140625,279.42999267578125,279.1400146484375,100778.0
202606251901,279.20001220703125,278.92999267578125,279.2099914550781,278.92999267578125,172041.0
202606251902,278.95001220703125,279.1650085449219,279.3598937988281,278.95001220703125,166089.0
202606251903,279.20001220703125,279.2099914550781,279.2300109863281,279.0,150837.0
202606251904,279.2099914550781,279.0,279.2300109863281,278.8399963378906,175151.0
202606251905,279.0,278.7300109863281,279.0199890136719,278.5799865722656,159063.0
202606251906,278.7300109863281,278.8399963378906,278.94500732421875,278.67999267578125,98066.0
202606251907,278.8450927734375,278.6700134277344,278.8900146484375,278.5199890136719,210008.0
202606251908,278.67498779296875,278.55999755859375,278.739990234375,278.4700012207031,128593.0
202606251909,278.5799865722656,278.5299987792969,278.58990478515625,278.1499938964844,251899.0
202606251910,278.5400085449219,277.739990234375,278.5400085449219,277.739990234375,219575.0
202606251911,277.739990234375,277.19000244140625,277.739990234375,277.1199951171875,236606.0
202606251912,277.19000244140625,277.32000732421875,277.4100036621094,276.8399963378906,317582.0
202606251913,277.32000732421875,276.625,277.375,276.4800109863281,297721.0
202606251914,276.6199951171875,276.5299987792969,276.7900085449219,276.29998779296875,297712.0
202606251915,276.5299987792969,276.8475036621094,277.18798828125,276.30999755859375,342536.0
202606251916,276.8999938964844,276.9700012207031,277.1499938964844,276.739990234375,224764.0
202606251917,276.9549865722656,276.4800109863281,277.010009765625,276.4800109863281,210306.0
202606251918,276.5,276.9549865722656,277.0199890136719,276.4400939941406,283504.0
202606251919,276.94000244140625,276.739990234375,277.0299072265625,276.68499755859375,189856.0
202606251920,276.7300109863281,276.1600036621094,276.82000732421875,276.1300048828125,219140.0
202606251921,276.1549987792969,276.67498779296875,276.7300109863281,276.0400085449219,182946.0
202606251922,276.68499755859375,277.2900085449219,277.3299865722656,276.5799865722656,270836.0
202606251923,277.2900085449219,277.9100036621094,278.07000732421875,277.24200439453125,164648.0
202606251924,277.8999938964844,277.5799865722656,277.92498779296875,277.4100036621094,193796.0
202606251925,277.5299987792969,277.6499938964844,277.8550109863281,277.5199890136719,119423.0
202606251926,277.6499938964844,277.42999267578125,277.760009765625,277.3949890136719,174238.0
202606251927,277.4100036621094,277.0199890136719,277.4495849609375,276.8800048828125,202617.0
202606251928,277.0199890136719,276.7799987792969,277.0299987792969,276.760009765625,151415.0
202606251929,276.7850036621094,276.7250061035156,277.0,276.7099914550781,172243.0
202606251930,276.70001220703125,276.80999755859375,276.8900146484375,276.57000732421875,219811.0
202606251931,276.7950134277344,276.70001220703125,276.8699951171875,276.5401916503906,399799.0
202606251932,276.69000244140625,276.18499755859375,276.70001220703125,276.0400085449219,303906.0
202606251933,276.18499755859375,276.7200012207031,276.739990234375,276.18499755859375,674820.0
202606251934,276.7200012207031,276.5899963378906,277.05999755859375,276.5400085449219,212504.0
202606251935,276.5899963378906,276.1549987792969,276.6000061035156,276.110107421875,284518.0
202606251936,276.1499938964844,275.7200012207031,276.35870361328125,275.69000244140625,328134.0
202606251937,275.7049865722656,275.94000244140625,275.9599914550781,275.61199951171875,345527.0
202606251938,275.94000244140625,275.68499755859375,276.0199890136719,275.6300964355469,284229.0
202606251939,275.68499755859375,275.8599853515625,276.0899963378906,275.6600036621094,173570.0
202606251940,275.8599853515625,275.5050048828125,275.95001220703125,275.44000244140625,341225.0
202606251941,275.5050048828125,275.7950134277344,275.9150085449219,275.489990234375,170350.0
202606251942,275.7950134277344,275.6000061035156,275.9700012207031,275.44000244140625,251234.0
202606251943,275.6050109863281,275.7449951171875,275.7699890136719,275.4800109863281,160689.0
202606251944,275.7449951171875,275.375,275.8500061035156,275.3299865722656,281608.0
202606251945,275.3599853515625,275.489990234375,275.6099853515625,275.3299865722656,193148.0
202606251946,275.4700012207031,275.0,275.4800109863281,274.8599853515625,361015.0
202606251947,274.989990234375,275.1199035644531,275.3900146484375,274.9800109863281,472314.0
202606251948,275.0700988769531,274.989990234375,275.1499938964844,274.57000732421875,353642.0
202606251949,274.9800109863281,275.1700134277344,275.29998779296875,274.9599914550781,335768.0
202606251950,275.260009765625,275.4100036621094,276.3900146484375,275.20001220703125,610117.0
202606251951,275.4100036621094,276.2550048828125,276.3999938964844,275.3800048828125,471832.0
202606251952,276.239990234375,276.6000061035156,276.6000061035156,275.9599914550781,376456.0
202606251953,276.5950012207031,276.92999267578125,277.19000244140625,276.5950012207031,554442.0
202606251954,276.9100036621094,276.8900146484375,277.45001220703125,276.4649963378906,757614.0
202606251955,276.94000244140625,275.1199951171875,276.95001220703125,274.8999938964844,1035047.0
202606251956,275.1199951171875,275.1199951171875,275.489990234375,274.5,926139.0
202606251957,275.1300048828125,274.3399963378906,275.3299865722656,274.2900085449219,982859.0
202606251958,274.3500061035156,274.29998779296875,274.44000244140625,273.8999938964844,1229878.0
202606251959,274.29998779296875,275.04998779296875,275.260009765625,273.8999938964844,2532813.0
202606252000,275.16,274.51,275.58,273.72,9283621.0
202606252001,274.5559,274.6568,275.15,274.49,0.0
202606252002,274.75,274.7,275.15,274.3,0.0
202606252003,274.6,274.6668,274.84,274.3869,0.0
202606252004,274.661,274.813,275.15,274.61,0.0
202606252005,274.8006,274.6009,275.15,274.5388,0.0
202606252006,274.65,274.6581,275.15,274.33,0.0
202606252007,274.52,274.6672,274.7,274.52,0.0
202606252008,274.7,274.6383,274.75,274.52,0.0
202606252009,274.6393,275.15,275.15,274.6065,0.0
202606252010,274.64,274.65,275.15,274.608,0.0
202606252011,274.6499,275.08,275.0999,274.6,0.0
202606252012,275.1001,274.9998,275.23,274.95,0.0
202606252013,275.0,274.99,275.0,274.95,0.0
202606252014,274.95,274.9602,275.0,274.95,0.0
202606252015,274.994,275.0,275.15,274.99,0.0
202606252016,275.0,274.99,275.0,274.97,0.0
202606252017,274.99,275.0,275.15,274.95,0.0
202606252018,274.9769,274.999,277.98,274.9681,0.0
202606252019,275.0,275.0,277.8,274.98,0.0
202606252020,274.9999,274.97,276.76,274.9112,0.0
202606252021,274.9804,275.25,275.25,274.95,0.0
202606252022,275.2127,275.32,275.36,275.2127,0.0
202606252023,275.35,275.65,276.7699,275.25,0.0
202606252024,275.6,275.47,275.65,275.4,0.0
202606252025,275.53,275.44,277.98,275.4,0.0
202606252026,275.4398,275.7,275.7199,275.4101,0.0
202606252027,275.7,275.6987,275.7,275.5,0.0
202606252028,275.6,275.59,275.65,275.44,0.0
202606252029,275.5,275.6,275.7,275.5,0.0
202606252030,275.6,275.15,275.65,275.15,0.0
202606252031,275.65,275.55,275.65,275.5,0.0
202606252032,275.61,275.59,275.63,275.43,0.0
202606252033,275.53,275.5,275.6388,275.4312,0.0
202606252034,275.6,275.6399,275.64,275.43,0.0
202606252035,275.6,275.6,275.64,275.5112,0.0
202606252036,275.6,275.6,275.65,275.5753,0.0
202606252037,275.6,275.6,275.64,275.51,0.0
202606252038,275.6,275.42,275.6,275.2812,0.0
202606252039,275.41,275.11,275.43,275.0,0.0
202606252040,275.2161,275.3,275.39,275.16,0.0
202606252041,275.2,275.27,275.3,275.18,0.0
202606252042,275.29,275.2501,275.3,275.18,0.0
202606252043,275.2877,275.3,275.3,275.23,0.0
202606252044,275.3,275.29,275.3,275.18,0.0
202606252045,275.29,275.3,275.3,275.25,0.0
202606252046,275.27,275.114,275.3,275.114,0.0
202606252047,275.24,275.2,275.24,275.0447,0.0
202606252048,275.18,275.18,275.2,275.0537,0.0
202606252049,275.2,275.2389,275.2389,275.14,0.0
202606252050,275.27,275.35,275.37,275.2,0.0
202606252051,275.365,275.33,275.39,275.3,0.0
202606252052,275.3783,275.2999,275.39,275.27,0.0
202606252053,275.3,275.38,275.39,275.28,0.0
202606252054,275.33,275.3707,275.39,275.294,0.0
202606252055,275.32,275.35,275.35,275.15,0.0
202606252056,275.3481,275.3099,275.35,275.28,0.0
202606252057,275.35,275.3,275.35,275.29,0.0
202606252058,275.3361,275.3397,275.35,275.28,0.0
202606252059,275.34,275.35,275.35,275.28,0.0
202606252100,275.35,275.3292,275.35,275.3,0.0
202606252101,275.34,275.3013,275.34,275.3013,0.0
202606252102,275.31,275.31,275.3388,275.3,0.0
202606252103,275.3,275.34,275.35,275.3,0.0
202606252104,275.35,275.3402,275.35,275.34,0.0
202606252105,275.35,275.39,275.39,275.35,0.0
202606252106,275.389,275.388,275.4,275.38,0.0
202606252107,275.4261,275.39,275.43,275.3888,0.0
202606252108,275.3883,275.31,275.39,275.305,0.0
202606252109,275.3,275.39,275.39,275.28,0.0
202606252110,275.33,275.2995,275.335,275.28,0.0
202606252111,275.2954,275.3,275.3,275.28,0.0
202606252112,275.2999,275.2995,275.39,275.28,0.0
202606252113,275.2974,275.2997,275.3,275.27,0.0
202606252114,275.2997,275.3,275.3,275.29,0.0
202606252115,275.3,275.34,275.35,275.29,0.0
202606252116,275.31,275.35,275.35,275.2,0.0
202606252117,275.3409,275.3353,275.35,275.28,0.0
202606252118,275.35,275.3899,275.39,275.28,0.0
202606252119,275.3848,275.4,275.43,275.35,0.0
202606252120,275.4255,275.42,275.43,275.3591,0.0
202606252121,275.4,275.42,275.42,275.3517,0.0
202606252122,275.42,275.41,275.43,275.35,0.0
202606252123,275.42,275.39,275.43,275.353,0.0
202606252124,275.43,275.4072,275.43,275.28,0.0
202606252125,275.3128,275.35,275.43,275.28,0.0
202606252126,275.36,275.37,275.4,275.29,0.0
202606252127,275.28,275.43,275.43,275.28,0.0
202606252128,275.37,275.3696,275.37,275.35,0.0
202606252129,275.37,275.37,275.39,275.3,0.0
202606252130,275.3883,275.39,275.39,275.35,0.0
202606252131,275.37,275.38,275.39,275.35,0.0
202606252132,275.35,275.3,275.35,275.15,0.0
202606252133,275.23,275.2,275.3,275.1412,0.0
202606252134,275.23,275.33,275.33,275.2,0.0
202606252135,275.21,275.2195,275.33,275.2032,0.0
202606252136,275.21,275.15,275.22,275.15,0.0
202606252137,275.2,275.3,275.33,275.1501,0.0
202606252138,275.3,275.24,275.33,275.1545,0.0
202606252139,275.21,275.11,275.21,275.06,0.0
202606252140,275.11,275.15,275.16,275.0625,0.0
202606252141,275.14,275.14,275.16,275.12,0.0
202606252142,275.1596,275.15,275.16,275.11,0.0
202606252143,275.1599,275.1502,275.16,275.15,0.0
202606252144,275.15,275.16,275.22,275.14,0.0
202606252145,275.1499,275.1474,275.16,275.14,0.0
202606252146,275.15,275.1474,275.15,275.14,0.0
202606252147,275.15,275.15,275.15,275.14,0.0
202606252148,275.1498,275.1487,275.15,275.14,0.0
202606252149,275.14,275.14,275.15,275.14,0.0
202606252150,275.1497,275.14,275.15,275.14,0.0
202606252151,275.145,275.1477,275.15,275.14,0.0
202606252152,275.14,275.1499,275.15,275.14,0.0
202606252153,275.1475,275.1474,275.15,275.14,0.0
202606252154,275.1471,275.23,275.25,275.14,0.0
202606252155,275.15,275.14,275.15,275.13,0.0
202606252156,275.13,275.1283,275.14,275.11,0.0
202606252157,275.14,275.0878,275.14,275.0815,0.0
202606252158,275.1,275.1395,275.14,275.08,0.0
202606252159,275.1335,275.13,275.14,275.1005,0.0
202606252200,275.13,275.0975,275.39,275.0975,0.0
202606252201,275.28,275.19,275.39,275.08,0.0
202606252202,275.35,275.15,275.37,275.135,0.0
202606252203,275.29,275.2,275.38,275.08,0.0
202606252204,275.2,275.2142,275.23,275.08,0.0
202606252205,275.15,275.11,275.23,275.08,0.0
202606252206,275.14,275.15,275.23,275.09,0.0
202606252207,275.08,275.14,275.19,275.08,0.0
202606252208,275.14,281.8182,281.8182,275.08,0.0
202606252209,275.0827,275.14,281.8182,275.08,0.0
202606252210,275.08,274.93,275.15,274.93,0.0
202606252211,275.15,274.913,275.15,270.6169,0.0
202606252212,274.99,275.19,290.9995,274.9,0.0
202606252213,276.2208,275.03,290.9995,270.6169,0.0
202606252214,275.1472,275.1988,275.25,275.02,0.0
202606252215,275.2,275.12,275.2,275.0245,0.0
202606252216,275.1794,275.2,275.2,275.1217,0.0
202606252217,275.2,275.36,275.38,275.18,0.0
202606252218,275.38,275.213,275.38,275.2026,0.0
202606252219,275.3,275.1893,275.3,275.11,0.0
202606252220,275.15,275.1,275.15,275.05,0.0
202606252221,275.09,275.0993,275.1,275.05,0.0
202606252222,275.09,275.3,275.3,275.05,0.0
202606252223,275.1537,275.3631,275.38,275.1537,0.0
202606252224,275.37,275.3566,275.38,275.26,0.0
202606252225,275.3785,275.15,275.38,275.15,0.0
202606252226,275.26,275.3,275.35,275.155,0.0
202606252227,275.3,275.3,275.35,275.153,0.0
202606252228,275.29,275.28,275.35,275.17,0.0
202606252229,275.3,275.34,275.35,275.2,0.0
202606252230,275.21,275.4,275.43,275.21,0.0
202606252231,275.43,275.48,275.5,275.4,0.0
