datetime,open,close,high,low,volume
20240625,185.86,186.48,188.84,185.42,363090.0
20240626,188.02,193.07,194.8,185.9,490551.0
20240627,193.37,198.21,199.84,192.8,621600.0
20240628,198.65,193.32,199.5,192.5,552212.0
20240701,194.39,196.95,198.3,192.82,329235.0
20240702,196.5,200.02,200.43,195.93,369369.0
20240703,200.12,197.55,200.95,196.76,252775.0
20240705,198.0,199.9,200.55,197.25,308381.0
20240708,200.07,199.62,201.2,197.96,257196.0
20240709,199.62,199.46,200.57,199.04,246610.0
20240710,199.69,199.54,200.3,197.69,256267.0
20240711,199.79,195.1,201.5,192.86,354783.0
20240712,195.0,194.54,196.47,193.65,231854.0
20240715,194.95,193.66,196.19,190.83,302760.0
20240716,193.36,192.83,196.62,192.24,252263.0
20240717,192.08,188.82,192.85,185.99,367315.0
20240718,188.95,184.43,190.8,181.44,378851.0
20240719,184.0,182.83,185.33,179.07,289860.0
20240722,183.7,182.73,185.48,182.46,274178.0
20240723,182.86,186.3,189.39,182.2,367570.0
20240724,185.98,181.71,186.34,180.41,326524.0
20240725,180.98,180.29,183.9,176.83,328265.0
20240726,181.6,182.75,183.19,180.14,219690.0
20240729,182.76,182.72,184.75,182.38,231296.0
20240730,183.6,180.88,185.86,173.78,270251.0
20240731,182.0,189.92,190.0,181.25,325064.0
20240801,190.18,171.4,191.49,169.0,553588.0
20240802,169.97,167.75,170.39,160.55,1067184.0
20240805,158.0,162.87,164.26,150.79,635488.0
20240806,164.0,160.55,165.08,158.54,411209.0
20240807,164.11,160.75,167.58,160.08,365581.0
20240808,163.25,166.6,166.69,161.5,335055.0
20240809,166.55,166.98,168.55,164.9,242101.0
20240812,167.91,166.74,168.77,166.11,228314.0
20240813,167.9,170.45,171.04,166.62,294351.0
20240814,170.45,170.02,172.3,168.86,224346.0
20240815,170.71,177.74,177.93,169.61,413364.0
20240816,178.15,176.77,179.52,175.77,231694.0
20240819,177.25,178.12,178.3,176.16,221763.0
20240820,178.29,178.63,179.11,177.43,194044.0
20240821,178.99,180.25,182.39,178.43,285087.0
20240822,180.2,176.5,181.57,175.68,243694.0
20240823,177.77,176.8,178.97,175.24,225387.0
20240826,177.0,175.11,177.69,174.3,170449.0
20240827,175.5,172.55,176.08,172.25,234108.0
20240828,172.99,169.25,173.69,168.92,228079.0
20240829,170.86,172.45,174.29,170.0,200307.0
20240830,173.25,178.52,178.9,171.69,347882.0
20240903,178.5,175.51,178.52,175.26,303205.0
20240904,175.0,173.05,176.25,172.54,230453.0
20240905,173.71,177.25,179.88,172.58,322285.0
20240906,176.84,170.56,178.38,170.23,303132.0
20240909,172.12,176.25,177.0,170.96,219959.0
20240910,175.74,179.4,180.5,174.99,270202.0
20240911,179.09,184.05,184.99,175.73,341586.0
20240912,184.64,186.95,187.41,183.54,239595.0
20240913,186.75,186.12,188.5,185.91,190634.0
20240916,185.41,184.89,187.19,183.36,191327.0
20240917,184.55,187.1,189.45,184.42,201125.0
20240918,186.91,187.98,188.8,185.06,248703.0
20240919,188.97,189.65,190.99,185.96,311317.0
20240920,189.4,191.22,191.84,187.41,719715.0
20240923,191.27,193.62,194.41,190.57,300236.0
20240924,191.0,193.8,195.37,190.13,352803.0
20240925,192.91,192.54,194.16,192.16,198484.0
20240926,193.68,191.16,194.9,189.54,265440.0
20240927,191.3,187.68,191.4,187.34,248897.0
20240930,187.75,185.69,188.49,184.65,326273.0
20241001,186.0,184.3,186.39,183.45,269476.0
20241002,184.65,184.97,186.6,184.0,180852.0
20241003,184.05,184.07,184.48,180.87,234609.0
20241004,184.3,186.09,187.6,183.6,300889.0
20241007,186.39,180.51,186.67,180.25,319844.0
20241008,180.91,182.3,183.09,180.5,187780.0
20241009,182.63,185.09,185.85,182.05,199120.0
20241010,185.15,186.6,188.14,185.0,215108.0
20241011,186.65,188.58,189.93,186.22,202070.0
20241014,188.9,187.67,190.19,187.36,172169.0
20241015,188.0,188.0,188.64,184.58,234767.0
20241016,188.0,186.51,188.48,185.61,158519.0
20241017,187.16,187.98,188.94,186.0,184371.0
20241018,188.06,188.83,190.74,186.28,274452.0
20241021,188.6,189.0,189.46,186.4,185345.0
20241022,188.55,189.47,191.53,186.97,230022.0
20241023,189.7,185.25,189.94,183.69,231148.0
20241024,185.73,186.18,187.11,183.86,160831.0
20241025,186.71,187.55,190.45,185.91,225823.0
20241028,189.2,188.35,190.21,188.15,170966.0
20241029,188.67,193.79,193.9,187.81,228546.0
20241030,194.0,191.51,195.61,188.55,271830.0
20241031,189.79,197.5,198.88,184.2,561282.0
20241101,197.3,197.01,200.5,196.52,772658.0
20241104,197.29,195.11,197.69,194.31,271858.0
20241105,195.33,199.1,199.82,195.33,241524.0
20241106,201.17,206.0,207.55,197.59,554866.0
20241107,206.0,210.27,212.25,205.59,392361.0
20241108,210.55,208.29,210.97,207.44,272738.0
20241111,208.76,206.26,210.75,205.59,229196.0
20241112,206.28,209.0,210.73,205.94,268677.0
20241113,208.8,214.3,215.07,208.28,335735.0
20241114,214.13,210.26,215.99,210.25,312167.0
20241115,210.8,202.77,211.65,199.65,651035.0
20241118,204.3,201.89,204.67,200.95,248153.0
20241119,201.66,205.1,205.3,198.8,243623.0
20241120,205.0,202.2,205.32,199.45,244930.0
20241121,202.66,198.08,205.37,195.75,442429.0
20241122,198.37,197.05,200.26,196.75,235602.0
20241125,197.76,199.71,201.95,197.61,305602.0
20241126,200.9,208.01,208.35,200.46,318590.0
20241127,208.02,206.75,208.8,205.05,212844.0
20241129,207.05,208.25,208.31,204.59,157567.0
20241202,208.5,210.65,212.99,207.34,302042.0
20241203,211.05,213.9,214.02,209.65,248544.0
20241204,214.0,217.89,220.0,213.8,366612.0
20241205,219.02,220.32,222.15,217.3,295640.0
20241206,220.87,226.38,227.15,220.22,321853.0
20241209,227.03,226.39,230.08,225.67,330176.0
20241210,226.77,225.6,229.06,224.2,225270.0
20241211,226.0,230.0,231.2,225.16,231191.0
20241212,229.5,228.15,231.09,227.63,185273.0
20241213,229.0,227.3,230.2,225.86,208390.0
20241216,228.11,232.6,233.0,227.46,267584.0
20241217,232.0,230.89,232.92,227.85,257421.0
20241218,231.6,221.38,233.35,218.35,318189.0
20241219,222.0,221.4,226.09,221.07,264304.0
20241220,220.31,226.06,226.21,216.48,623603.0
20241223,226.71,224.8,227.88,223.9,184157.0
20241224,225.05,228.85,229.14,224.49,111569.0
20241226,228.85,226.95,230.0,226.67,117722.0
20241227,226.0,224.02,226.7,220.9,210803.0
20241230,223.71,220.81,223.84,218.43,189097.0
20241231,221.03,219.68,223.27,218.94,178297.0
20250102,220.44,220.95,225.15,218.19,244550.0
20250103,221.52,224.25,225.36,221.0,195762.0
20250106,225.9,227.7,228.84,224.75,231497.0
20250107,227.35,222.36,228.75,221.46,218332.0
20250108,222.95,221.4,223.75,220.2,171260.0
20250110,221.4,218.5,222.1,216.5,262130.0
20250113,217.73,219.4,219.6,215.55,203671.0
20250114,220.51,218.12,221.82,216.2,183252.0
20250115,218.3,223.65,224.0,217.65,235307.0
20250116,224.01,220.4,225.31,220.01,169811.0
20250117,221.4,226.39,226.66,220.1,318864.0
20250121,226.56,231.41,231.83,225.37,286472.0
20250122,231.45,234.35,235.44,231.15,312099.0
20250123,233.22,235.16,235.94,231.51,195055.0
20250124,235.19,234.6,236.4,232.93,177254.0
20250127,228.63,235.18,235.99,218.93,360092.0
20250128,235.13,238.45,241.77,233.5,310670.0
20250129,238.61,236.0,240.66,230.26,192760.0
20250130,237.09,235.36,238.2,232.22,221651.0
20250131,235.93,236.25,240.29,235.06,266426.0
20250203,233.77,238.99,239.37,228.85,274615.0
20250204,237.98,239.13,242.52,235.36,214326.0
20250205,238.1,237.08,239.58,235.2,288037.0
20250206,237.88,229.16,239.66,221.77,444470.0
20250207,229.24,228.58,234.81,228.06,517597.0
20250210,229.99,232.56,233.92,229.2,258721.0
20250211,232.28,232.81,233.44,230.13,168375.0
20250212,232.82,229.31,232.92,228.16,233823.0
20250213,229.0,230.08,230.54,227.52,239151.0
20250214,230.62,228.6,231.2,227.23,195541.0
20250218,230.05,226.58,230.35,223.72,301386.0
20250219,226.51,225.97,226.83,223.71,198221.0
20250220,225.82,223.25,226.09,221.81,222347.0
20250221,223.2,216.53,224.06,214.75,370949.0
20250224,217.35,212.4,218.35,212.0,298483.0
20250225,211.38,213.84,213.99,204.16,414598.0
20250226,213.76,214.31,218.16,213.09,268486.0
20250227,216.9,208.89,219.97,208.2,299921.0
20250228,208.84,212.57,212.89,206.99,389015.0
20250303,213.16,205.23,214.42,202.55,315167.0
20250304,205.29,206.13,206.8,197.43,443644.0
20250305,206.49,208.11,209.98,203.26,269622.0
20250306,208.1,200.7,208.65,198.34,359615.0
20250307,200.78,199.02,202.27,192.53,432554.0
20250310,198.01,191.49,198.29,190.8,465544.0
20250311,194.35,197.14,200.18,191.82,364090.0
20250312,198.0,199.85,202.4,195.29,309561.0
20250313,197.4,195.0,199.16,191.82,298622.0
20250314,195.29,198.01,198.65,195.29,282381.0
20250317,196.8,196.04,199.85,194.32,353472.0
20250318,195.99,192.85,196.35,189.38,287306.0
20250319,193.36,196.25,196.26,191.96,302072.0
20250320,196.5,194.9,199.32,192.3,307237.0
20250321,194.65,196.7,196.99,191.74,415839.0
20250324,198.69,203.17,203.64,196.7,294595.0
20250325,203.37,206.0,206.29,202.4,236333.0
20250326,206.21,200.2,207.0,198.76,244797.0
20250327,200.44,200.9,203.79,199.28,193522.0
20250328,200.25,192.66,201.0,191.88,381710.0
20250331,191.35,189.1,192.24,184.4,450830.0
20250401,189.66,192.85,193.93,187.2,305677.0
20250402,191.3,184.06,199.79,182.87,403854.0
20250403,187.0,178.68,187.39,176.97,711611.0
20250404,177.73,170.2,178.41,163.27,898083.0
20250407,165.66,179.01,183.41,159.0,847611.0
20250408,179.0,168.34,186.45,167.1,649356.0
20250409,172.75,191.97,194.36,166.0,893834.0
20250410,190.79,179.34,191.33,175.85,508095.0
20250411,182.22,185.0,185.86,178.0,371552.0
20250414,187.0,181.01,188.49,179.23,361006.0
20250415,182.94,177.75,183.2,177.44,308803.0
20250416,176.59,174.5,180.13,171.41,381642.0
20250417,176.29,173.13,176.88,172.0,312489.0
20250421,172.5,168.2,173.22,165.28,349792.0
20250422,169.29,179.82,180.0,167.87,422905.0
20250423,179.1,181.3,187.38,178.77,479310.0
20250424,181.12,189.99,191.21,178.31,310606.0
20250425,189.84,189.2,190.69,185.49,263364.0
20250428,189.09,187.65,190.5,184.88,231323.0
20250429,188.89,186.41,189.0,182.89,323671.0
20250430,186.99,190.8,191.29,178.85,398181.0
20250501,191.2,184.1,193.0,179.99,538799.0
20250502,186.29,189.9,193.32,184.75,616151.0
20250505,189.24,186.13,189.52,185.53,213878.0
20250506,185.9,187.85,188.49,183.85,207507.0
20250507,187.25,189.39,190.99,185.01,323798.0
20250508,191.25,192.0,194.33,188.82,309827.0
20250509,192.79,193.2,194.69,191.16,204421.0
20250512,201.81,208.59,211.66,198.47,573377.0
20250513,207.61,211.11,214.84,206.76,399784.0
20250514,211.44,208.95,212.11,208.85,279812.0
20250515,209.46,205.01,209.48,202.67,489127.0
20250516,205.76,202.05,207.0,202.0,290791.0
20250519,202.0,206.35,206.62,200.77,227936.0
20250520,205.55,203.8,205.98,202.65,220235.0
20250521,203.1,200.9,203.46,200.06,311393.0
20250522,201.43,202.76,205.76,200.16,294117.0
20250523,203.37,200.36,203.56,196.0,234751.0
20250527,204.55,205.99,206.69,202.19,252761.0
20250528,205.65,211.9,211.95,204.29,206117.0
20250529,211.4,204.9,211.75,204.23,250876.0
20250530,205.12,204.58,206.75,201.69,355114.0
20250602,203.25,206.58,208.0,202.68,200775.0
20250603,206.43,205.9,208.95,205.03,239190.0
20250604,206.0,207.1,208.18,204.9,211815.0
20250605,207.8,208.01,212.81,206.51,377719.0
20250606,209.15,213.75,213.87,208.69,304954.0
20250609,213.65,217.4,217.85,212.88,278885.0
20250610,217.7,217.68,218.67,214.15,234756.0
20250611,216.92,212.8,219.0,212.75,269522.0
20250612,212.24,212.0,213.58,211.05,197288.0
20250613,209.88,211.86,214.05,208.0,201950.0
20250616,213.07,213.64,217.06,211.6,239535.0
20250617,214.06,214.3,217.41,213.7,220676.0
20250618,215.02,212.53,217.96,212.34,309352.0
20250620,212.71,210.18,215.3,208.27,547162.0
20250623,209.58,210.7,211.25,207.31,275856.0
20250624,211.3,213.0,214.34,210.88,280847.0
20250625,213.35,212.2,218.0,211.11,226123.0
20250626,212.6,218.18,218.75,212.01,362183.0
20250627,218.93,222.5,223.31,216.74,707311.0
20250630,225.0,219.4,225.2,219.04,429291.0
20250701,219.98,220.69,221.88,217.93,281269.0
20250702,221.36,220.0,221.65,218.79,218117.0
20250703,220.21,223.01,224.01,219.95,226747.0
20250707,223.02,223.14,224.69,222.28,272050.0
20250708,224.21,219.69,224.5,218.43,337379.0
20250709,219.62,222.3,224.29,219.49,287934.0
20250710,221.9,223.73,223.9,219.7,226670.0
20250711,222.25,224.95,226.68,221.08,391060.0
20250714,224.78,225.3,226.66,223.13,258078.0
20250715,225.69,225.85,227.27,225.34,257788.0
20250716,225.7,223.18,226.35,222.18,293034.0
20250717,223.81,224.35,224.5,222.51,225066.0
20250718,224.26,226.0,226.4,222.98,259470.0
20250721,226.78,229.4,229.69,225.5,291651.0
20250722,229.17,228.35,230.35,226.35,246335.0
20250723,228.31,229.9,230.25,227.09,199872.0
20250724,228.91,232.49,236.0,228.64,330896.0
20250725,232.26,231.67,233.42,231.0,190442.0
20250728,233.06,232.91,234.29,232.25,181612.0
20250729,233.51,231.24,234.72,230.31,246232.0
20250730,231.49,237.42,237.81,229.29,237986.0
20250731,238.15,218.6,242.0,215.5,790426.0
20250801,217.88,215.02,220.44,212.8,866451.0
20250804,216.2,212.36,218.84,211.42,579818.0
20250805,213.25,213.6,216.3,212.4,386228.0
20250806,215.0,221.55,222.65,213.74,425426.0
20250807,222.3,223.31,226.22,220.71,315063.0
20250808,223.96,222.7,224.1,221.88,230295.0
20250811,222.69,221.18,223.9,220.4,245596.0
20250812,221.67,221.4,223.5,219.05,277489.0
20250813,221.65,224.5,224.92,221.22,278076.0
20250814,224.54,230.6,233.11,224.06,459125.0
20250815,231.02,230.81,234.08,229.8,291496.0
20250818,230.9,231.16,231.91,228.33,169491.0
20250819,230.68,227.33,231.18,227.12,208711.0
20250820,226.98,223.38,227.45,220.91,239349.0
20250821,224.11,222.29,224.48,220.5,231559.0
20250822,222.1,228.87,229.14,220.82,275168.0
20250825,228.88,227.55,229.6,227.0,158560.0
20250826,227.0,229.0,229.0,226.02,176463.0
20250827,228.33,228.44,229.87,227.8,140643.0
20250828,229.55,231.2,232.71,228.02,219347.0
20250829,230.95,228.7,231.82,228.16,197838.0
20250902,228.47,224.9,228.7,221.83,288282.0
20250903,225.22,227.9,231.01,224.36,205726.0
20250904,228.23,235.61,236.1,227.8,456296.0
20250905,235.82,232.09,236.23,231.93,278263.0
20250908,233.34,236.06,237.6,232.81,247743.0
20250909,236.61,237.24,239.2,235.08,195023.0
20250910,238.0,231.2,238.03,227.97,462562.0
20250911,231.47,229.85,232.55,229.33,286842.0
20250912,229.7,228.28,231.43,226.29,280337.0
20250915,229.88,231.46,233.73,228.7,245910.0
20250916,232.35,233.85,235.9,232.0,275742.0
20250917,234.24,232.35,234.53,228.71,309353.0
20250918,233.2,231.62,233.5,228.79,278490.0
20250919,231.51,231.75,234.16,229.7,690525.0
20250922,231.0,228.1,231.91,227.51,324589.0
20250923,228.59,221.5,228.73,220.07,520070.0
20250924,222.15,220.8,224.99,219.45,346444.0
20250925,221.44,218.27,222.2,216.47,351289.0
20250926,219.2,220.25,221.55,217.84,286779.0
20250929,222.0,221.98,223.0,219.3,297265.0
20250930,221.54,218.99,222.53,217.89,333584.0
20251001,218.56,220.99,222.15,216.0,309512.0
20251002,221.75,222.3,222.81,218.94,308957.0
20251003,223.0,219.81,224.38,219.34,320016.0
20251006,220.73,220.7,221.73,216.03,311855.0
20251007,220.9,221.61,222.89,220.17,220663.0
20251008,222.09,225.8,226.73,221.19,324324.0
20251009,225.46,227.62,228.21,221.75,343892.0
20251010,227.3,215.1,228.25,210.6,526251.0
20251013,219.62,219.81,222.0,217.04,252347.0
20251014,218.2,217.0,219.5,212.6,302467.0
20251015,217.8,215.51,218.3,212.66,335846.0
20251016,215.5,213.76,218.59,212.81,294895.0
20251017,212.63,213.56,214.8,211.03,292656.0
20251020,215.0,216.67,216.75,211.72,247128.0
20251021,216.51,220.0,223.32,216.1,342598.0
20251022,220.88,218.05,221.09,216.52,310004.0
20251023,219.2,220.61,221.4,218.0,222238.0
20251024,221.3,224.32,225.4,220.3,269582.0
20251027,226.24,227.65,228.98,225.54,280238.0
20251028,227.6,229.17,231.49,226.21,346659.0
20251029,230.22,228.91,234.0,225.85,378427.0
20251030,230.0,252.18,255.55,222.61,735276.0
20251031,249.9,244.3,253.9,243.98,1150906.0
20251103,245.0,252.18,259.01,244.3,665989.0
20251104,250.58,247.01,255.44,247.0,341024.0
20251105,247.82,249.3,251.0,246.16,277732.0
20251106,249.55,243.55,250.85,242.17,319140.0
20251107,243.31,245.1,245.5,238.49,274604.0
20251110,247.57,248.4,251.75,243.79,257481.0
20251111,248.33,249.25,249.75,247.23,157367.0
20251112,250.2,243.7,252.5,243.01,217443.0
20251113,245.86,238.3,246.71,236.5,263822.0
20251114,235.1,235.52,238.73,232.66,265104.0
20251117,237.6,232.08,238.0,229.19,411427.0
20251118,229.79,222.82,231.5,222.31,435075.0
20251119,223.05,226.88,227.29,218.52,437564.0
20251120,227.36,217.85,228.06,216.27,357838.0
20251121,217.93,221.44,222.21,215.18,456570.0
20251124,224.0,226.29,227.33,221.5,352659.0
20251125,226.28,230.05,230.52,223.8,278111.0
20251126,229.67,229.53,232.0,228.77,240311.0
20251128,230.19,233.03,233.54,230.19,153609.0
20251201,232.84,234.7,235.8,229.92,286275.0
20251202,234.8,234.55,238.97,233.55,346761.0
20251203,235.3,232.2,235.65,230.61,247629.0
20251204,232.64,229.15,233.5,226.8,317176.0
20251205,229.99,229.85,231.24,228.54,241148.0
20251208,230.34,227.12,231.0,226.27,258952.0
20251209,227.21,227.92,228.57,225.11,170380.0
20251210,228.48,230.5,232.42,227.5,260191.0
20251211,228.69,230.43,232.11,228.0,186671.0
20251212,230.35,226.1,231.02,225.12,254421.0
20251215,226.6,222.08,227.93,222.0,333092.0
20251216,221.67,222.13,223.69,220.18,286284.0
20251217,224.65,221.87,227.07,220.99,321291.0
20251218,222.64,227.0,229.23,221.71,365789.0
20251219,228.11,227.9,229.13,225.58,519049.0
20251222,228.45,228.63,229.5,226.71,219927.0
20251223,228.59,232.2,232.45,227.71,208756.0
20251224,232.14,232.01,232.95,231.33,84424.0
20251226,232.38,232.45,232.99,231.18,111286.0
20251229,231.56,231.7,232.87,230.77,145317.0
20251230,232.03,232.34,233.41,230.2,161144.0
20251231,231.7,230.88,233.2,230.12,172919.0
20260102,232.85,226.65,235.46,224.7,365989.0
20260105,227.0,232.9,234.0,225.93,349410.0
20260106,233.06,241.35,243.18,231.74,383758.0
20260107,240.25,241.63,245.29,239.5,300040.0
20260108,241.2,245.77,246.5,239.52,288585.0
20260109,245.73,247.5,247.86,242.24,249670.0
20260112,244.91,245.33,248.94,244.2,263867.0
20260113,245.93,242.66,247.66,240.25,277471.0
20260114,241.5,236.54,242.82,236.21,304372.0
20260115,236.71,237.89,240.65,236.42,316794.0
20260116,239.0,238.82,240.6,236.41,279585.0
20260120,235.15,231.45,238.53,229.34,345352.0
20260121,232.34,232.0,232.53,226.88,337377.0
20260122,232.42,235.32,235.72,230.9,228285.0
20260123,234.4,238.81,240.45,233.49,243549.0
20260126,238.3,239.05,240.95,237.5,236765.0
20260127,239.55,245.53,245.55,238.08,278220.0
20260128,245.6,241.44,247.78,238.38,310934.0
20260129,243.35,240.56,243.35,236.74,328367.0
20260130,240.0,239.29,243.32,237.64,304122.0
20260202,237.2,244.04,245.63,234.01,261134.0
20260203,244.66,238.45,246.35,235.45,366127.0
20260204,238.78,234.29,240.4,231.82,365681.0
20260205,233.52,197.75,234.1,196.62,756962.0
20260206,201.2,210.05,212.0,199.25,1271102.0
20260209,211.17,208.88,212.81,203.35,693192.0
20260210,209.4,207.81,212.65,206.41,478887.0
20260211,207.6,204.35,209.15,202.49,465537.0
20260212,204.35,198.35,205.52,197.56,583954.0
20260213,199.2,198.95,201.16,197.27,457260.0
20260217,200.0,201.0,201.74,196.0,488762.0
20260218,202.05,204.89,206.86,201.51,380380.0
20260219,205.25,205.4,206.13,202.81,263772.0
20260220,205.6,210.05,211.17,203.75,491394.0
20260223,208.5,205.6,209.6,203.11,394667.0
20260224,205.06,209.18,210.36,203.25,293439.0
20260225,208.95,209.05,211.59,208.4,267753.0
20260226,210.0,206.55,211.2,205.34,317883.0
20260227,207.53,209.23,210.33,204.8,400563.0
20260302,205.17,207.42,210.0,202.98,330708.0
20260303,203.73,208.03,209.18,202.0,311835.0
20260304,207.29,217.15,217.54,205.9,397844.0
20260305,215.16,219.16,220.47,214.65,437862.0
20260306,219.67,212.5,219.7,212.5,366827.0
20260309,209.37,211.75,214.24,207.11,393442.0
20260310,213.95,214.86,215.65,212.41,236327.0
20260311,214.8,210.72,217.0,210.23,242942.0
20260312,211.96,209.53,212.35,208.15,317734.0
20260313,209.45,207.3,211.0,206.22,256116.0
20260316,208.4,211.35,212.73,207.15,319840.0
20260317,211.11,214.88,215.7,210.11,313799.0
20260318,216.0,209.86,216.57,208.82,281026.0
20260319,209.73,209.04,210.35,206.05,244680.0
20260320,208.57,207.1,208.96,204.31,408766.0
20260323,203.92,210.44,212.8,201.77,306335.0
20260324,210.57,208.9,210.8,206.64,249193.0
20260325,209.25,210.9,213.07,208.51,258841.0
20260326,210.5,208.04,212.89,207.12,325133.0
20260327,208.11,198.42,209.02,198.42,388178.0
20260330,199.15,199.98,203.8,199.15,306818.0
20260331,202.64,209.5,210.28,202.25,388797.0
20260401,210.0,209.86,213.58,208.19,309465.0
20260402,207.81,209.78,212.22,204.75,201596.0
20260406,210.57,212.43,213.42,209.0,188412.0
20260407,212.6,221.8,221.99,209.07,197310.0
20260408,221.65,220.32,226.1,219.62,341484.0
20260409,220.22,232.75,233.97,219.01,484262.0
20260410,234.0,238.4,240.43,232.7,407564.0
20260413,236.0,239.85,240.0,234.92,296296.0
20260414,240.67,249.25,252.18,240.12,504239.0
20260415,249.02,247.97,250.44,247.2,304380.0
20260416,248.49,249.71,250.0,244.2,302744.0
20260417,249.8,250.74,256.18,249.4,362929.0
20260420,249.93,254.3,256.15,245.36,292286.0
20260421,254.82,251.7,256.97,249.12,298743.0
20260422,252.0,254.7,255.94,250.33,268012.0
20260423,253.8,255.29,258.79,252.4,278648.0
20260424,255.19,264.22,264.61,254.63,363601.0
20260427,264.5,261.71,267.29,260.34,319920.0
20260428,260.2,259.67,262.42,256.39,299515.0
20260429,260.1,270.25,277.13,245.02,512192.0
20260430,269.2,264.06,275.17,256.16,706921.0
20260501,264.5,267.55,273.32,261.61,363504.0
20260504,267.62,272.0,276.1,266.6,343982.0
20260505,273.12,272.64,278.56,270.9,295278.0
20260506,272.97,274.82,277.8,271.67,306208.0
20260507,275.48,270.88,276.63,269.55,254989.0
20260508,271.67,272.58,274.0,269.95,248627.0
20260511,271.17,269.0,273.63,268.2,269836.0
20260512,268.13,267.33,268.3,262.63,263918.0
20260513,267.5,270.41,270.75,263.2,265288.0
20260514,270.41,266.48,270.78,266.45,213823.0
20260515,264.8,262.64,266.2,260.89,303407.0
20260518,262.13,264.84,268.85,260.14,234826.0
20260519,264.65,259.32,265.0,255.19,278594.0
20260520,259.5,264.19,265.79,258.53,235277.0
20260521,265.01,269.29,269.49,261.37,269551.0
20260522,269.0,265.4,269.79,265.3,196432.0
20260526,268.84,264.95,269.3,262.07,270170.0
20260527,264.89,272.35,273.33,263.88,279156.0
20260528,271.33,272.91,274.5,267.44,289408.0
20260529,271.55,270.48,274.75,269.64,370879.0
20260601,270.5,259.55,270.5,258.25,381773.0
20260602,259.1,256.27,261.21,254.37,294754.0
20260603,256.65,251.25,257.09,247.71,343153.0
20260604,251.76,253.2,255.83,250.02,254560.0
20260605,252.5,245.73,256.38,245.26,374906.0
20260608,247.7,244.98,250.0,243.36,239399.0
20260609,245.98,243.81,250.43,240.4,291437.0
20260610,243.84,236.18,244.35,235.44,273712.0
20260611,240.5,242.25,242.25,235.18,288341.0
20260612,242.35,238.67,245.24,233.59,358982.0
20260615,241.0,248.24,248.55,240.85,293745.0
20260616,248.42,245.77,249.51,245.4,244757.0
20260617,247.09,239.35,247.55,236.0,326635.0
20260618,240.01,243.15,245.73,236.02,511704.0
202606220800,243.99,242.91,244.0,241.45,184.0
202606220801,242.72,242.5,242.88,242.25,41.0
202606220802,242.72,242.72,242.72,242.72,1.0
202606220803,242.51,242.5,242.51,242.48,14.0
202606220804,242.5,241.5,242.5,241.5,11.0
202606220805,241.61,241.69,243.0,241.49,36.0
202606220806,242.51,242.83,242.99,241.69,50.0
202606220807,242.4,242.89,242.92,242.4,12.0
202606220808,242.92,242.3,242.92,242.3,44.0
202606220809,242.16,241.98,242.16,241.98,2.0
202606220810,241.98,241.98,241.98,241.98,0.0
202606220811,242.44,242.45,242.45,242.44,2.0
202606220812,242.44,242.5,242.5,242.44,10.0
202606220813,242.3,242.3,242.3,242.3,2.0
202606220814,242.3,242.3,242.3,242.3,0.0
202606220815,242.3,242.3,242.3,242.3,0.0
202606220816,242.59,242.59,242.59,242.58,2.0
202606220817,242.59,242.59,242.59,242.59,0.0
202606220818,242.35,242.2,242.35,242.2,6.0
202606220819,242.2,242.2,242.2,242.2,0.0
202606220820,242.31,242.31,242.31,242.31,2.0
202606220821,242.31,242.31,242.31,242.31,0.0
202606220822,242.32,242.37,242.59,242.32,19.0
202606220823,242.37,242.37,242.37,242.37,0.0
202606220824,242.37,242.37,242.37,242.37,0.0
202606220825,242.37,242.37,242.37,242.37,0.0
202606220826,242.37,242.32,242.37,242.32,5.0
202606220827,242.32,242.57,242.57,242.32,7.0
202606220828,242.32,242.32,242.32,242.32,1.0
202606220829,242.32,242.32,242.32,242.32,0.0
202606220830,242.32,242.32,242.32,242.32,0.0
202606220831,242.32,242.32,242.32,242.32,0.0
202606220832,242.39,242.39,242.39,242.39,1.0
202606220833,242.39,242.39,242.39,242.39,0.0
202606220834,242.15,242.1,242.15,242.1,8.0
202606220835,242.28,242.2,242.28,242.12,12.0
202606220836,242.2,242.2,242.2,242.2,1.0
202606220837,242.2,242.2,242.2,242.2,0.0
202606220838,242.2,242.2,242.2,242.2,0.0
202606220839,242.2,242.2,242.2,242.2,0.0
202606220840,242.0,242.0,242.0,242.0,6.0
202606220841,242.0,242.0,242.0,242.0,0.0
202606220842,242.0,242.0,242.0,242.0,0.0
202606220843,242.0,242.0,242.0,242.0,0.0
202606220844,242.0,242.0,242.0,242.0,0.0
202606220845,242.0,242.0,242.0,242.0,0.0
202606220846,242.0,242.0,242.0,242.0,0.0
202606220847,242.0,242.0,242.0,242.0,0.0
202606220848,242.0,242.0,242.0,242.0,0.0
202606220849,242.22,242.32,242.32,242.22,2.0
202606220850,242.32,242.32,242.32,242.32,0.0
202606220851,242.0,242.11,242.12,242.0,3.0
202606220852,242.32,242.32,242.32,242.32,2.0
202606220853,242.32,242.32,242.32,242.32,0.0
202606220854,242.3,242.3,242.3,242.3,1.0
202606220855,242.38,242.42,242.42,242.38,5.0
202606220856,242.24,242.24,242.24,242.24,2.0
202606220857,242.24,242.24,242.24,242.24,0.0
202606220858,242.24,242.24,242.24,242.24,0.0
202606220859,242.24,242.24,242.24,242.24,0.0
202606220900,242.24,242.24,242.24,242.24,0.0
202606220901,242.3,242.3,242.3,242.3,6.0
202606220902,242.3,242.3,242.3,242.3,0.0
202606220903,242.3,242.3,242.3,242.3,0.0
202606220904,242.3,242.28,242.3,242.28,5.0
202606220905,242.33,242.33,242.33,242.33,10.0
202606220906,242.39,242.39,242.39,242.39,1.0
202606220907,242.39,242.39,242.39,242.39,0.0
202606220908,242.39,242.39,242.39,242.39,0.0
202606220909,242.39,242.39,242.39,242.39,0.0
202606220910,242.39,242.39,242.39,242.39,0.0
202606220911,242.41,242.45,242.45,242.4,6.0
202606220912,242.45,242.45,242.45,242.45,0.0
202606220913,242.45,242.45,242.45,242.45,0.0
202606220914,242.45,242.45,242.45,242.45,0.0
202606220915,242.45,242.45,242.45,242.45,0.0
202606220916,242.4,242.39,242.4,242.39,4.0
202606220917,242.5,242.5,242.5,242.5,3.0
202606220918,242.5,242.5,242.5,242.5,0.0
202606220919,242.5,242.5,242.5,242.5,0.0
202606220920,242.45,242.5,242.5,242.45,3.0
202606220921,242.5,242.5,242.5,242.5,0.0
202606220922,242.5,242.5,242.5,242.5,0.0
202606220923,242.5,242.5,242.5,242.5,0.0
202606220924,242.57,242.57,242.57,242.57,1.0
202606220925,242.57,242.57,242.57,242.57,0.0
202606220926,242.62,242.62,242.62,242.61,2.0
202606220927,242.65,242.65,242.65,242.65,1.0
202606220928,242.65,242.65,242.65,242.65,0.0
202606220929,242.54,242.65,242.65,242.53,12.0
202606220930,242.65,242.65,242.65,242.65,0.0
202606220931,242.4,242.4,242.4,242.4,1.0
202606220932,242.4,242.4,242.4,242.39,13.0
202606220933,242.4,242.4,242.4,242.4,0.0
202606220934,242.4,242.4,242.4,242.4,0.0
202606220935,242.4,242.4,242.4,242.4,0.0
202606220936,242.4,242.4,242.4,242.4,0.0
202606220937,242.4,242.4,242.4,242.4,0.0
202606220938,242.4,242.4,242.4,242.4,2.0
202606220939,242.4,242.4,242.4,242.4,0.0
202606220940,242.4,242.4,242.4,242.4,0.0
202606220941,242.4,242.4,242.4,242.4,0.0
202606220942,242.4,242.4,242.4,242.4,0.0
202606220943,242.4,242.4,242.4,242.4,0.0
202606220944,242.4,242.4,242.4,242.4,0.0
202606220945,242.4,242.4,242.4,242.4,0.0
202606220946,242.4,242.4,242.4,242.4,0.0
202606220947,242.4,242.4,242.4,242.4,0.0
202606220948,242.4,242.4,242.4,242.4,0.0
202606220949,242.4,242.4,242.4,242.4,0.0
202606220950,242.4,242.4,242.4,242.4,0.0
202606220951,242.4,242.4,242.4,242.4,0.0
202606220952,242.21,242.21,242.21,242.21,1.0
202606220953,242.21,242.21,242.21,242.21,0.0
202606220954,242.21,242.21,242.21,242.21,0.0
202606220955,242.2,242.2,242.2,242.2,1.0
202606220956,242.2,242.2,242.2,242.2,0.0
202606220957,242.2,242.2,242.2,242.2,0.0
202606220958,242.2,242.2,242.2,242.2,0.0
202606220959,242.2,242.2,242.2,242.2,0.0
202606221000,242.16,242.15,242.16,242.15,3.0
202606221001,242.15,242.15,242.15,242.15,0.0
202606221002,242.34,242.34,242.34,242.34,2.0
202606221003,242.34,242.34,242.34,242.34,0.0
202606221004,242.4,242.48,242.48,242.4,6.0
202606221005,242.48,242.48,242.48,242.48,0.0
202606221006,242.48,242.48,242.48,242.48,0.0
202606221007,242.73,242.73,242.73,242.73,1.0
202606221008,242.73,242.73,242.73,242.73,0.0
202606221009,242.73,242.73,242.73,242.73,0.0
202606221010,242.73,242.73,242.73,242.73,0.0
202606221011,242.73,242.73,242.73,242.73,0.0
202606221012,242.53,242.7,242.7,242.53,5.0
202606221013,242.5,242.5,242.5,242.5,1.0
202606221014,242.5,242.5,242.5,242.5,0.0
202606221015,242.5,242.5,242.5,242.5,0.0
202606221016,242.56,242.59,242.59,242.56,15.0
202606221017,242.59,242.59,242.59,242.59,0.0
202606221018,242.59,242.59,242.59,242.59,0.0
202606221019,242.59,242.59,242.59,242.59,0.0
202606221020,242.63,242.65,242.66,242.63,4.0
202606221021,242.65,242.65,242.65,242.65,0.0
202606221022,242.65,242.65,242.65,242.65,0.0
202606221023,242.65,242.65,242.65,242.65,0.0
202606221024,242.69,242.53,242.69,242.53,2.0
202606221025,242.42,242.42,242.42,242.41,1.0
202606221026,242.38,242.38,242.38,242.3,4.0
202606221027,242.31,242.3,242.31,242.3,5.0
202606221028,242.3,242.3,242.3,242.3,3.0
202606221029,242.3,242.3,242.3,242.3,0.0
202606221030,242.3,242.3,242.3,242.3,0.0
202606221031,242.3,242.3,242.3,242.3,0.0
202606221032,242.3,242.3,242.3,242.3,0.0
202606221033,242.14,242.14,242.14,242.13,1.0
202606221034,242.14,242.14,242.14,242.14,0.0
202606221035,242.14,242.14,242.14,242.14,0.0
202606221036,242.14,242.14,242.14,242.14,0.0
202606221037,242.18,242.6,242.6,242.18,22.0
202606221038,242.0,242.0,242.0,242.0,2.0
202606221039,242.57,242.57,242.57,242.57,1.0
202606221040,242.57,242.57,242.57,242.57,0.0
202606221041,242.31,242.3,242.31,242.3,8.0
202606221042,242.3,242.3,242.3,242.3,0.0
202606221043,242.47,242.53,242.53,242.47,2.0
202606221044,242.53,242.53,242.53,242.53,0.0
202606221045,242.53,242.53,242.53,242.53,0.0
202606221046,242.53,242.53,242.53,242.53,0.0
202606221047,242.53,242.53,242.53,242.53,0.0
202606221048,242.53,242.53,242.53,242.53,0.0
202606221049,242.53,242.53,242.53,242.53,0.0
202606221050,242.13,242.13,242.13,242.13,1.0
202606221051,242.13,242.13,242.13,242.13,0.0
202606221052,242.25,242.49,242.52,242.25,4.0
202606221053,242.49,242.49,242.49,242.49,0.0
202606221054,242.49,242.49,242.49,242.49,0.0
202606221055,242.49,242.49,242.49,242.49,0.0
202606221056,242.49,242.49,242.49,242.49,0.0
202606221057,242.22,242.16,242.22,242.16,5.0
202606221058,242.16,242.16,242.16,242.16,0.0
202606221059,242.16,242.16,242.16,242.16,0.0
202606221100,242.49,242.6,242.6,242.3,58.0
202606221101,242.4,242.17,242.4,242.1,15.0
202606221102,242.5,242.51,242.64,242.49,29.0
202606221103,242.62,242.6,242.63,242.6,4.0
202606221104,242.65,242.75,242.75,242.65,7.0
202606221105,242.88,243.04,243.04,242.85,26.0
202606221106,243.4,243.15,243.4,242.96,8.0
202606221107,243.28,243.3,243.39,243.1,28.0
202606221108,243.0,242.75,243.08,242.75,8.0
202606221109,242.9,242.8,242.9,242.8,3.0
202606221110,242.85,242.97,242.97,242.75,3.0
202606221111,242.5,242.55,242.55,242.5,10.0
202606221112,242.55,242.55,242.55,242.55,0.0
202606221113,242.4,242.4,242.4,242.4,3.0
202606221114,242.4,242.4,242.4,242.4,1.0
202606221115,242.4,242.4,242.4,242.4,0.0
202606221116,242.45,242.35,242.45,242.35,7.0
202606221117,242.45,242.5,242.5,242.4,25.0
202606221118,242.55,242.55,242.55,242.54,13.0
202606221119,242.55,242.55,242.55,242.55,0.0
202606221120,242.46,242.45,242.46,242.45,91.0
202606221121,242.48,242.48,242.48,242.48,1.0
202606221122,242.48,242.48,242.48,242.48,0.0
202606221123,242.37,242.37,242.37,242.36,5.0
202606221124,242.35,242.35,242.36,242.35,3.0
202606221125,242.4,242.38,242.41,242.34,16.0
202606221126,242.38,242.39,242.39,242.34,6.0
202606221127,242.48,242.4,242.48,242.4,11.0
202606221128,242.4,242.4,242.4,242.4,0.0
202606221129,242.48,242.45,242.55,242.41,10.0
202606221130,242.4,242.4,242.4,242.4,1.0
202606221131,242.34,242.34,242.34,242.34,3.0
202606221132,242.25,242.29,242.43,242.25,8.0
202606221133,242.5,242.75,242.75,242.5,5.0
202606221134,242.54,242.52,242.54,242.52,2.0
202606221135,242.6,242.55,242.6,242.48,6.0
202606221136,242.45,242.45,242.45,242.45,1.0
202606221137,242.47,242.48,242.48,242.46,10.0
202606221138,242.48,242.58,242.58,242.48,12.0
202606221139,242.58,242.58,242.58,242.58,1.0
202606221140,242.48,242.48,242.48,242.47,2.0
202606221141,242.29,242.29,242.29,242.28,1.0
202606221142,242.56,242.56,242.56,242.55,2.0
202606221143,242.56,242.56,242.56,242.56,0.0
202606221144,242.46,242.46,242.46,242.46,1.0
202606221145,242.44,242.55,242.55,242.44,10.0
202606221146,242.39,242.39,242.39,242.39,2.0
202606221147,242.47,242.39,242.53,242.39,11.0
202606221148,242.39,242.42,242.42,242.39,6.0
202606221149,242.36,242.51,242.51,242.36,8.0
202606221150,242.55,242.6,242.6,242.55,11.0
202606221151,242.58,242.58,242.58,242.58,2.0
202606221152,242.72,242.75,242.75,242.71,3.0
202606221153,242.75,242.75,242.75,242.75,0.0
202606221154,242.73,242.55,242.73,242.55,2.0
202606221155,242.69,242.55,242.72,242.55,4.0
202606221156,242.55,242.72,242.73,242.55,2.0
202606221157,242.72,242.72,242.72,242.72,0.0
202606221158,242.56,242.56,242.56,242.56,5.0
202606221159,242.75,242.66,242.75,242.64,11.0
202606221200,242.72,242.87,242.9,242.72,13.0
202606221201,242.87,242.86,242.95,242.86,25.0
202606221202,242.94,242.94,242.94,242.91,4.0
202606221203,242.95,242.94,242.95,242.93,21.0
202606221204,242.93,242.93,242.94,242.93,3.0
202606221205,242.93,243.0,243.0,242.93,7.0
202606221206,243.0,242.96,243.0,242.96,6.0
202606221207,242.96,242.95,242.96,242.95,3.0
202606221208,243.78,242.96,243.78,242.96,7.0
202606221209,242.98,243.39,243.39,242.97,49.0
202606221210,243.35,243.35,243.39,243.35,5.0
202606221211,243.33,243.3,243.34,243.3,3.0
202606221212,243.14,243.14,243.14,243.11,5.0
202606221213,243.2,243.12,243.2,243.12,5.0
202606221214,243.14,243.1,243.14,243.1,8.0
202606221215,243.2,243.2,243.2,243.2,1.0
202606221216,243.2,243.2,243.2,243.2,0.0
202606221217,243.04,243.04,243.04,243.04,5.0
202606221218,243.0,243.0,243.12,243.0,6.0
202606221219,243.2,242.99,243.2,242.91,5.0
202606221220,243.2,243.2,243.2,243.2,1.0
202606221221,243.2,243.2,243.2,243.2,0.0
202606221222,243.06,243.06,243.06,242.98,5.0
202606221223,243.07,242.9,243.07,242.9,15.0
202606221224,242.9,243.05,243.05,242.88,6.0
202606221225,242.9,243.05,243.05,242.9,4.0
202606221226,242.9,243.05,243.06,242.9,14.0
202606221227,243.0,243.0,243.0,243.0,1.0
202606221228,242.95,243.04,243.05,242.95,7.0
202606221229,242.9,242.9,242.9,242.9,7.0
202606221230,242.92,242.92,242.92,242.92,1.0
202606221231,242.9,242.89,243.0,242.88,29.0
202606221232,243.0,242.86,243.0,242.86,8.0
202606221233,242.99,242.88,243.0,242.88,19.0
202606221234,242.96,242.97,242.97,242.96,5.0
202606221235,242.91,242.91,242.92,242.9,6.0
202606221236,243.06,243.0,243.06,243.0,4.0
202606221237,242.99,243.04,243.05,242.99,3.0
202606221238,242.94,242.94,242.94,242.94,2.0
202606221239,243.05,243.0,243.06,243.0,4.0
202606221240,242.99,242.92,242.99,242.92,5.0
202606221241,242.93,242.91,242.93,242.91,21.0
202606221242,242.9,242.9,243.0,242.89,5.0
202606221243,242.88,242.85,242.88,242.85,13.0
202606221244,242.8,242.8,242.8,242.8,4.0
202606221245,242.87,242.86,242.88,242.86,8.0
202606221246,242.86,242.86,242.86,242.86,0.0
202606221247,243.0,243.0,243.0,243.0,22.0
202606221248,243.06,243.06,243.06,243.05,37.0
202606221249,243.0,243.0,243.0,243.0,3.0
202606221250,243.04,243.04,243.04,243.04,1.0
202606221251,243.04,242.9,243.04,242.9,10.0
202606221252,242.91,242.95,242.95,242.91,14.0
202606221253,242.92,242.9,242.92,242.9,4.0
202606221254,242.86,242.8,242.94,242.8,9.0
202606221255,242.79,242.79,242.79,242.79,2.0
202606221256,242.8,242.77,242.8,242.76,3.0
202606221257,242.77,242.77,242.77,242.77,0.0
202606221258,242.77,242.77,242.77,242.77,0.0
202606221259,242.77,242.77,242.77,242.77,0.0
202606221300,242.99,243.0,243.0,242.99,6.0
202606221301,242.97,242.9,242.97,242.9,4.0
202606221302,242.9,242.9,242.9,242.9,0.0
202606221303,242.98,242.98,242.99,242.98,2.0
202606221304,242.98,242.98,242.98,242.98,0.0
202606221305,242.97,242.97,242.97,242.96,13.0
202606221306,242.97,242.97,242.97,242.97,0.0
202606221307,242.74,242.74,242.74,242.74,1.0
202606221308,242.72,242.7,242.74,242.7,23.0
202606221309,242.6,242.69,242.69,242.6,9.0
202606221310,242.68,242.65,242.69,242.65,11.0
202606221311,242.7,242.9,242.9,242.7,20.0
202606221312,242.9,242.9,242.9,242.9,0.0
202606221313,242.66,242.8,242.84,242.65,14.0
202606221314,242.8,242.8,242.8,242.8,0.0
202606221315,242.8,242.7,242.8,242.7,3.0
202606221316,242.9,242.88,242.9,242.75,36.0
202606221317,242.84,242.77,242.84,242.6,23.0
202606221318,242.61,242.65,242.7,242.61,7.0
202606221319,242.58,242.41,242.58,242.4,17.0
202606221320,242.4,242.32,242.44,242.24,62.0
202606221321,242.26,242.26,242.27,242.25,14.0
202606221322,242.34,242.52,242.53,242.25,40.0
202606221323,242.41,242.28,242.42,242.27,14.0
202606221324,242.29,242.28,242.29,242.27,4.0
202606221325,242.35,242.4,242.4,242.34,10.0
202606221326,242.2,242.2,242.21,242.11,43.0
202606221327,242.23,241.34,242.23,241.26,86.0
202606221328,241.0,240.03,241.09,239.16,511.0
202606221329,240.01,240.06,240.7,239.6,351.0
202606221330,240.08,240.69,241.14,239.5,11030.0
202606221331,240.63,241.6,242.0,240.51,1581.0
202606221332,241.64,241.5,241.78,241.28,1751.0
202606221333,241.58,240.02,241.67,239.94,1733.0
202606221334,240.01,239.65,240.19,239.62,1643.0
202606221335,239.66,239.72,240.09,239.57,1180.0
202606221336,239.78,240.19,240.25,239.65,1555.0
202606221337,240.13,240.84,240.9,240.12,1091.0
202606221338,240.84,240.35,240.9,240.32,834.0
202606221339,240.37,239.96,240.45,239.83,1349.0
202606221340,239.94,239.86,240.17,239.75,1270.0
202606221341,239.86,239.83,240.05,239.63,1226.0
202606221342,239.84,240.09,240.59,239.82,1091.0
202606221343,240.1,240.38,240.48,240.03,887.0
202606221344,240.38,240.23,240.39,240.21,749.0
202606221345,240.2,239.92,240.23,239.71,1135.0
202606221346,239.93,240.29,240.68,239.81,1280.0
202606221347,240.23,239.99,240.24,239.6,1118.0
202606221348,240.03,239.83,240.19,239.76,915.0
202606221349,239.81,239.84,240.14,239.67,1619.0
202606221350,239.85,239.58,239.85,239.37,1159.0
202606221351,239.58,239.39,239.67,239.26,1093.0
202606221352,239.39,239.19,239.39,238.9,1705.0
202606221353,239.22,239.4,239.43,239.09,1001.0
202606221354,239.38,238.8,239.38,238.77,1561.0
202606221355,238.79,238.7,239.0,238.65,773.0
202606221356,238.7,239.11,239.19,238.67,992.0
202606221357,239.1,239.07,239.34,239.02,657.0
202606221358,239.1,239.21,239.28,239.06,747.0
202606221359,239.18,239.29,239.35,239.14,778.0
202606221400,239.3,239.2,239.39,238.87,1663.0
202606221401,239.2,239.0,239.26,238.96,1016.0
202606221402,239.07,238.74,239.38,238.74,1503.0
202606221403,238.76,238.34,238.78,238.3,1314.0
202606221404,238.35,238.63,238.8,238.12,1993.0
202606221405,238.63,238.6,238.73,238.51,674.0
202606221406,238.6,238.59,238.85,238.58,806.0
202606221407,238.66,238.93,238.97,238.42,3766.0
202606221408,238.93,238.62,239.07,238.5,746.0
202606221409,238.63,238.51,238.71,238.32,788.0
202606221410,238.51,238.47,238.56,238.28,623.0
202606221411,238.46,238.25,238.54,238.22,877.0
202606221412,238.21,238.08,238.4,238.03,1468.0
202606221413,238.05,237.85,238.08,237.73,1488.0
202606221414,237.86,237.69,237.87,237.45,1440.0
202606221415,237.68,237.32,237.69,237.26,1060.0
202606221416,237.32,237.31,237.69,237.25,1699.0
202606221417,237.33,236.96,237.36,236.92,1094.0
202606221418,236.97,237.04,237.07,236.81,1079.0
202606221419,237.04,236.9,237.23,236.87,757.0
202606221420,236.93,236.76,237.0,236.7,823.0
202606221421,236.8,236.71,237.0,236.68,859.0
202606221422,236.71,236.63,236.73,236.51,1207.0
202606221423,236.63,236.32,236.7,236.32,785.0
202606221424,236.33,236.14,236.33,235.87,1507.0
202606221425,236.12,236.2,236.62,236.06,1767.0
202606221426,236.2,235.89,236.41,235.88,1325.0
202606221427,235.9,235.6,235.95,235.57,1637.0
202606221428,235.61,235.67,235.76,235.56,877.0
202606221429,235.67,235.71,235.79,235.5,1209.0
202606221430,235.72,235.52,235.72,235.42,870.0
202606221431,235.52,235.19,235.57,235.14,1645.0
202606221432,235.18,235.05,235.26,235.02,1885.0
202606221433,235.06,235.05,235.2,234.9,1770.0
202606221434,235.06,235.29,235.43,234.9,1355.0
202606221435,235.29,235.83,235.89,235.22,1292.0
202606221436,235.83,235.88,236.0,235.8,1021.0
202606221437,235.88,235.74,235.92,235.62,695.0
202606221438,235.75,235.9,235.99,235.72,511.0
202606221439,235.92,236.3,236.37,235.9,692.0
202606221440,236.31,236.33,236.4,236.15,862.0
202606221441,236.31,236.03,236.35,236.0,1684.0
202606221442,236.05,235.79,236.15,235.78,1856.0
202606221443,235.8,235.58,235.87,235.46,1427.0
202606221444,235.58,235.3,235.59,235.25,901.0
202606221445,235.28,235.32,235.51,235.25,1056.0
202606221446,235.29,235.53,235.57,235.22,588.0
202606221447,235.5,235.11,235.67,235.1,1044.0
202606221448,235.11,235.06,235.13,234.81,1317.0
202606221449,235.04,234.93,235.07,234.81,957.0
202606221450,234.96,234.66,234.97,234.62,910.0
202606221451,234.64,234.56,234.69,234.38,913.0
202606221452,234.56,234.9,234.92,234.56,578.0
202606221453,234.89,234.64,234.91,234.59,882.0
202606221454,234.67,234.37,234.72,234.27,1611.0
202606221455,234.38,234.19,234.38,233.84,1432.0
202606221456,234.21,234.17,234.29,234.05,656.0
202606221457,234.18,234.02,234.24,233.97,1302.0
202606221458,234.05,233.99,234.09,233.9,1760.0
202606221459,233.99,234.3,234.35,233.96,1469.0
202606221500,234.31,234.69,234.7,234.23,975.0
202606221501,234.69,234.53,234.82,234.43,1344.0
202606221502,234.53,234.56,234.61,234.3,553.0
202606221503,234.57,234.59,234.75,234.53,738.0
202606221504,234.62,234.34,234.62,234.25,616.0
202606221505,234.35,233.83,234.42,233.76,1350.0
202606221506,233.85,233.62,233.87,233.41,1839.0
202606221507,233.61,233.6,233.7,233.51,982.0
202606221508,233.6,233.53,233.66,233.41,1381.0
202606221509,233.54,233.59,233.7,233.22,1129.0
202606221510,233.62,233.59,233.66,233.22,950.0
202606221511,233.58,233.71,233.8,233.41,1057.0
202606221512,233.72,233.92,234.04,233.65,1050.0
202606221513,233.93,233.92,234.07,233.81,890.0
202606221514,233.92,233.6,233.99,233.43,1277.0
202606221515,233.6,233.36,233.72,233.31,759.0
202606221516,233.35,233.42,233.55,233.3,759.0
202606221517,233.46,233.68,233.79,233.33,827.0
202606221518,233.67,233.18,233.75,233.14,1563.0
202606221519,233.19,233.36,233.38,233.13,760.0
202606221520,233.38,233.18,233.45,233.13,947.0
202606221521,233.18,232.78,233.28,232.52,3689.0
202606221522,232.8,233.04,233.13,232.76,1176.0
202606221523,232.98,233.32,233.43,232.96,1224.0
202606221524,233.35,233.39,233.58,233.28,1265.0
202606221525,233.36,233.42,233.57,233.18,1097.0
202606221526,233.43,233.43,233.53,233.25,1129.0
202606221527,233.4,233.43,233.62,233.37,900.0
202606221528,233.45,233.07,233.54,233.04,1099.0
202606221529,233.08,233.04,233.24,232.85,857.0
202606221530,233.04,233.2,233.2,232.84,836.0
202606221531,233.2,233.27,233.36,233.16,948.0
202606221532,233.28,233.44,233.45,233.11,624.0
202606221533,233.45,233.78,233.87,233.4,1343.0
202606221534,233.77,233.64,233.95,233.63,1471.0
202606221535,233.65,233.81,233.81,233.61,884.0
202606221536,233.8,233.81,233.9,233.71,737.0
202606221537,233.8,233.64,233.91,233.62,661.0
202606221538,233.63,233.78,233.81,233.63,1007.0
202606221539,233.8,234.22,234.25,233.77,1388.0
202606221540,234.22,234.12,234.24,234.04,1170.0
202606221541,234.11,234.47,234.48,233.94,1595.0
202606221542,234.5,234.51,234.6,234.44,1067.0
202606221543,234.51,234.63,234.7,234.43,993.0
202606221544,234.61,234.5,234.63,234.38,732.0
202606221545,234.51,234.89,234.89,234.48,1105.0
202606221546,234.89,234.63,234.89,234.61,596.0
202606221547,234.65,234.43,234.71,234.4,563.0
202606221548,234.4,234.28,234.43,234.2,678.0
202606221549,234.28,233.69,234.28,233.57,1516.0
202606221550,233.69,233.73,233.86,233.69,702.0
202606221551,233.72,233.77,233.9,233.63,627.0
202606221552,233.77,233.81,233.87,233.63,380.0
202606221553,233.81,233.81,233.91,233.7,431.0
202606221554,233.79,233.58,233.87,233.58,485.0
202606221555,233.63,233.61,233.78,233.5,1735.0
202606221556,233.61,233.42,233.76,233.4,642.0
202606221557,233.4,233.56,233.65,233.35,619.0
202606221558,233.58,233.54,233.62,233.39,732.0
202606221559,233.54,233.69,233.7,233.49,699.0
202606221600,233.7,233.55,233.71,233.34,993.0
202606221601,233.52,233.49,233.62,233.41,385.0
202606221602,233.48,233.58,233.61,233.38,670.0
202606221603,233.58,233.26,233.59,233.23,1740.0
202606221604,233.25,233.17,233.25,233.03,502.0
202606221605,233.16,233.47,233.47,233.16,666.0
202606221606,233.45,233.56,233.62,233.35,609.0
202606221607,233.56,233.48,233.61,233.42,686.0
202606221608,233.5,233.3,233.69,233.29,716.0
202606221609,233.31,233.36,233.42,233.23,298.0
202606221610,233.34,233.59,233.62,233.3,664.0
202606221611,233.61,233.52,233.66,233.47,491.0
202606221612,233.5,233.28,233.5,233.24,626.0
202606221613,233.28,233.22,233.33,233.16,782.0
202606221614,233.22,233.37,233.47,233.19,445.0
202606221615,233.39,233.15,233.41,233.09,393.0
202606221616,233.15,233.05,233.22,233.04,494.0
202606221617,233.03,233.08,233.22,232.95,831.0
202606221618,233.08,232.95,233.17,232.86,1142.0
202606221619,232.92,232.88,232.94,232.77,482.0
202606221620,232.88,233.21,233.23,232.85,867.0
202606221621,233.21,232.9,233.22,232.9,591.0
202606221622,232.92,232.83,232.97,232.66,780.0
202606221623,232.86,232.69,232.91,232.69,542.0
202606221624,232.7,233.02,233.04,232.66,767.0
202606221625,233.02,233.12,233.15,232.9,600.0
202606221626,233.12,232.93,233.13,232.92,377.0
202606221627,232.94,233.12,233.17,232.86,484.0
202606221628,233.12,233.42,233.46,233.12,595.0
202606221629,233.42,233.3,233.52,233.23,439.0
202606221630,233.31,233.25,233.32,233.2,537.0
202606221631,233.25,233.31,233.35,233.2,340.0
202606221632,233.3,233.18,233.33,233.15,401.0
202606221633,233.2,233.25,233.3,233.19,295.0
202606221634,233.23,233.23,233.3,233.15,347.0
202606221635,233.22,233.16,233.24,233.09,529.0
202606221636,233.16,233.19,233.22,233.06,479.0
202606221637,233.22,233.29,233.29,233.11,386.0
202606221638,233.29,233.16,233.35,233.11,438.0
202606221639,233.17,233.09,233.23,233.06,689.0
202606221640,233.09,233.04,233.21,232.98,485.0
202606221641,233.04,233.28,233.39,233.03,794.0
202606221642,233.27,233.52,233.52,233.18,521.0
202606221643,233.52,233.57,233.6,233.47,439.0
202606221644,233.57,233.54,233.69,233.54,477.0
202606221645,233.55,233.36,233.62,233.29,353.0
202606221646,233.35,233.51,233.58,233.31,476.0
202606221647,233.53,233.5,233.61,233.46,616.0
202606221648,233.5,233.35,233.5,233.33,271.0
202606221649,233.37,233.4,233.44,233.31,411.0
202606221650,233.42,233.37,233.46,233.31,378.0
202606221651,233.36,233.6,233.62,233.28,607.0
202606221652,233.58,233.36,233.68,233.34,399.0
202606221653,233.36,233.31,233.39,233.16,378.0
202606221654,233.32,233.44,233.44,233.31,630.0
202606221655,233.44,233.32,233.51,233.3,481.0
202606221656,233.33,233.35,233.39,233.26,253.0
202606221657,233.36,233.36,233.4,233.3,320.0
202606221658,233.38,233.37,233.67,233.35,498.0
202606221659,233.39,233.23,233.54,233.19,613.0
202606221700,233.25,233.27,233.29,233.12,527.0
202606221701,233.27,233.32,233.49,233.25,801.0
202606221702,233.31,233.09,233.33,233.02,622.0
202606221703,233.09,232.88,233.1,232.81,1245.0
202606221704,232.85,232.94,233.06,232.85,822.0
202606221705,232.94,232.7,232.95,232.66,852.0
202606221706,232.69,232.32,232.7,232.26,1801.0
202606221707,232.33,232.7,232.71,232.24,999.0
202606221708,232.67,232.73,232.74,232.54,772.0
202606221709,232.71,232.96,233.01,232.68,628.0
202606221710,232.95,233.1,233.2,232.95,663.0
202606221711,233.11,233.32,233.41,233.06,658.0
202606221712,233.29,233.38,233.41,233.29,501.0
202606221713,233.38,233.38,233.44,233.31,582.0
202606221714,233.39,233.61,233.63,233.37,545.0
202606221715,233.62,233.75,233.8,233.6,734.0
202606221716,233.77,233.56,233.77,233.55,528.0
202606221717,233.56,233.74,233.75,233.53,518.0
202606221718,233.75,233.98,233.99,233.75,529.0
202606221719,233.99,234.1,234.11,233.91,800.0
202606221720,234.1,233.99,234.19,233.99,548.0
202606221721,233.99,233.81,234.05,233.77,424.0
202606221722,233.8,233.79,233.82,233.66,353.0
202606221723,233.79,233.84,233.92,233.72,323.0
202606221724,233.85,233.8,233.87,233.72,424.0
202606221725,233.82,233.73,233.84,233.7,389.0
202606221726,233.73,233.77,233.8,233.68,535.0
202606221727,233.77,233.73,233.82,233.7,367.0
202606221728,233.74,233.79,233.84,233.71,326.0
202606221729,233.78,233.6,233.78,233.57,496.0
202606221730,233.6,233.63,233.7,233.5,540.0
202606221731,233.6,233.42,233.65,233.35,659.0
202606221732,233.41,233.46,233.46,233.23,532.0
202606221733,233.42,233.48,233.54,233.39,449.0
202606221734,233.48,233.36,233.48,233.3,396.0
202606221735,233.36,233.16,233.36,233.15,382.0
202606221736,233.15,233.19,233.24,233.11,426.0
202606221737,233.19,233.31,233.36,233.08,691.0
202606221738,233.31,233.33,233.42,233.27,286.0
202606221739,233.3,233.37,233.39,233.17,330.0
202606221740,233.38,233.34,233.43,233.3,186.0
202606221741,233.35,233.32,233.42,233.27,388.0
202606221742,233.32,233.28,233.39,233.27,496.0
202606221743,233.27,233.26,233.35,233.25,241.0
202606221744,233.27,233.32,233.34,233.25,209.0
202606221745,233.32,233.3,233.32,233.23,234.0
202606221746,233.29,233.41,233.41,233.24,510.0
202606221747,233.39,233.51,233.51,233.35,584.0
202606221748,233.5,233.56,233.63,233.45,485.0
202606221749,233.59,233.56,233.61,233.5,302.0
202606221750,233.54,233.6,233.64,233.5,535.0
202606221751,233.6,233.51,233.64,233.46,670.0
202606221752,233.5,233.51,233.53,233.42,519.0
202606221753,233.51,233.57,233.6,233.48,426.0
202606221754,233.56,233.69,233.73,233.53,486.0
202606221755,233.68,233.63,233.69,233.58,384.0
202606221756,233.62,233.75,233.76,233.57,395.0
202606221757,233.73,233.91,233.91,233.63,376.0
202606221758,233.92,234.05,234.09,233.89,540.0
202606221759,234.05,233.77,234.09,233.74,585.0
202606221800,233.79,233.75,233.79,233.7,329.0
202606221801,233.76,233.79,233.84,233.71,335.0
202606221802,233.8,233.96,233.98,233.77,426.0
202606221803,233.98,233.82,234.05,233.82,359.0
202606221804,233.82,233.76,233.91,233.72,938.0
202606221805,233.77,233.71,233.8,233.67,447.0
202606221806,233.72,233.86,233.88,233.67,256.0
202606221807,233.84,233.95,233.96,233.83,419.0
202606221808,233.97,233.72,233.97,233.71,386.0
202606221809,233.7,233.81,233.81,233.7,334.0
202606221810,233.81,233.83,233.83,233.76,287.0
202606221811,233.81,233.77,233.87,233.71,461.0
202606221812,233.76,233.89,233.9,233.75,306.0
202606221813,233.88,233.95,233.97,233.87,474.0
202606221814,233.94,234.12,234.13,233.93,972.0
202606221815,234.11,234.12,234.25,234.1,475.0
202606221816,234.14,234.12,234.18,234.05,403.0
202606221817,234.09,234.03,234.16,233.99,631.0
202606221818,234.04,234.03,234.06,234.0,486.0
202606221819,234.01,233.96,234.04,233.93,336.0
202606221820,233.95,234.04,234.1,233.95,707.0
202606221821,234.01,233.96,234.06,233.95,558.0
202606221822,233.98,233.99,234.06,233.83,814.0
202606221823,233.98,233.98,234.01,233.9,376.0
202606221824,233.97,234.12,234.16,233.95,1086.0
202606221825,234.11,234.29,234.3,234.05,537.0
202606221826,234.29,234.23,234.41,234.22,650.0
202606221827,234.23,234.14,234.24,234.1,303.0
202606221828,234.15,233.88,234.15,233.77,853.0
202606221829,233.88,234.09,234.16,233.79,676.0
202606221830,234.1,234.31,234.31,234.09,624.0
202606221831,234.3,234.4,234.48,234.29,412.0
202606221832,234.4,234.4,234.48,234.26,706.0
202606221833,234.4,234.39,234.54,234.38,811.0
202606221834,234.41,234.47,234.6,234.39,619.0
202606221835,234.48,234.47,234.52,234.41,360.0
202606221836,234.47,234.48,234.52,234.42,364.0
202606221837,234.48,234.42,234.51,234.4,264.0
202606221838,234.43,234.47,234.54,234.41,534.0
202606221839,234.47,234.46,234.52,234.4,289.0
202606221840,234.46,234.46,234.52,234.45,441.0
202606221841,234.46,234.32,234.58,234.28,1601.0
202606221842,234.33,234.28,234.41,234.24,624.0
202606221843,234.28,234.28,234.34,234.26,244.0
202606221844,234.26,234.15,234.28,234.1,796.0
202606221845,234.14,234.06,234.23,234.04,589.0
202606221846,234.05,234.04,234.12,234.01,980.0
202606221847,234.03,234.1,234.15,234.03,597.0
202606221848,234.09,233.97,234.1,233.95,483.0
202606221849,233.97,233.94,234.02,233.94,366.0
202606221850,233.97,234.07,234.16,233.91,602.0
202606221851,234.09,234.2,234.21,233.95,411.0
202606221852,234.19,233.99,234.21,233.91,586.0
202606221853,233.99,234.07,234.15,233.98,460.0
202606221854,234.05,234.21,234.28,234.02,1702.0
202606221855,234.2,234.19,234.49,234.16,1269.0
202606221856,234.21,234.2,234.26,234.1,328.0
202606221857,234.16,234.15,234.24,234.11,305.0
202606221858,234.15,234.1,234.25,234.04,1762.0
202606221859,234.13,234.23,234.38,234.13,529.0
202606221900,234.25,234.46,234.46,234.17,516.0
202606221901,234.48,234.64,234.67,234.44,541.0
202606221902,234.67,234.71,234.76,234.62,606.0
202606221903,234.69,234.7,234.78,234.66,540.0
202606221904,234.68,234.55,234.7,234.51,506.0
202606221905,234.55,234.34,234.56,234.29,341.0
202606221906,234.33,234.43,234.45,234.26,384.0
202606221907,234.43,234.43,234.45,234.35,336.0
202606221908,234.43,234.6,234.6,234.37,400.0
202606221909,234.58,234.58,234.7,234.56,817.0
202606221910,234.58,234.62,234.65,234.5,476.0
202606221911,234.61,234.8,234.88,234.61,659.0
202606221912,234.82,234.7,234.84,234.67,453.0
202606221913,234.7,234.67,234.79,234.65,681.0
202606221914,234.66,234.73,234.77,234.57,7137.0
202606221915,234.73,234.66,234.82,234.57,702.0
202606221916,234.68,234.78,234.85,234.66,448.0
202606221917,234.79,234.67,234.81,234.56,576.0
202606221918,234.68,234.83,234.84,234.64,540.0
202606221919,234.83,234.88,234.98,234.83,820.0
202606221920,234.88,234.98,235.06,234.83,837.0
202606221921,234.97,234.88,234.98,234.65,679.0
202606221922,234.88,234.79,234.98,234.78,938.0
202606221923,234.79,234.59,234.8,234.57,721.0
202606221924,234.59,234.56,234.64,234.48,612.0
202606221925,234.57,234.24,234.6,234.18,1048.0
202606221926,234.26,233.68,234.26,233.66,1350.0
202606221927,233.7,233.67,233.71,233.45,1360.0
202606221928,233.67,234.24,234.3,233.56,1125.0
202606221929,234.24,233.92,234.24,233.91,962.0
202606221930,233.93,233.81,233.97,233.73,883.0
202606221931,233.81,233.74,233.83,233.65,1340.0
202606221932,233.74,233.58,233.74,233.54,1871.0
202606221933,233.56,233.33,233.56,233.27,1505.0
202606221934,233.33,233.04,233.33,233.0,1421.0
202606221935,233.04,233.3,233.33,233.02,1182.0
202606221936,233.32,233.35,233.38,233.26,714.0
202606221937,233.35,233.37,233.42,233.32,796.0
202606221938,233.36,233.42,233.5,233.29,908.0
202606221939,233.42,233.48,233.49,233.39,744.0
202606221940,233.47,233.34,233.57,233.34,933.0
202606221941,233.34,233.28,233.37,233.2,1201.0
202606221942,233.28,233.28,233.46,233.26,1233.0
202606221943,233.28,233.35,233.42,233.26,1208.0
202606221944,233.37,233.39,233.44,233.3,1047.0
202606221945,233.42,233.16,233.49,233.13,1283.0
202606221946,233.16,233.29,233.37,233.15,1472.0
202606221947,233.29,233.37,233.49,233.27,1222.0
202606221948,233.37,233.26,233.43,233.22,1648.0
202606221949,233.25,233.23,233.26,233.08,1196.0
202606221950,233.2,233.34,233.37,232.82,2434.0
202606221951,233.33,233.4,233.48,233.27,1637.0
202606221952,233.4,233.61,233.68,233.35,1934.0
202606221953,233.6,233.57,233.88,233.54,2257.0
202606221954,233.57,234.36,234.37,233.53,3044.0
202606221955,234.36,233.7,234.4,233.64,3529.0
202606221956,233.7,233.53,233.71,233.5,3152.0
202606221957,233.53,233.14,233.68,233.1,3745.0
202606221958,233.14,233.1,233.15,232.98,4754.0
202606221959,233.11,232.79,233.12,232.78,9857.0
202606222000,232.8,233.03,233.16,232.77,79526.0
202606222001,233.08,233.36,233.5,233.05,109.0
202606222002,233.4,233.2,233.5,233.2,33.0
202606222003,233.2,233.15,233.33,233.15,19.0
202606222004,233.13,233.4,233.4,233.12,21.0
202606222005,233.21,233.21,233.28,233.2,16.0
202606222006,233.2,233.25,233.37,233.07,85.0
202606222007,233.2,233.15,233.2,233.02,69.0
202606222008,233.09,233.1,233.2,233.09,7.0
202606222009,233.09,233.05,233.09,232.79,81.0
202606222010,233.18,233.11,233.39,233.02,34.0
202606222011,233.05,233.05,233.05,233.05,1.0
202606222012,233.05,233.15,233.16,233.05,8.0
202606222013,233.15,233.13,233.15,233.13,13.0
202606222014,233.15,233.14,233.15,233.14,6.0
202606222015,233.1,233.1,233.15,233.1,25.0
202606222016,233.1,233.15,233.15,233.1,18.0
202606222017,233.15,233.11,233.35,233.01,68.0
202606222018,233.1,233.3,233.35,233.1,56.0
202606222019,233.3,233.35,233.35,233.3,14.0
202606222020,233.4,233.3,233.4,233.3,13.0
202606222021,233.3,233.11,233.34,233.11,41.0
202606222022,233.17,233.1,233.21,233.1,3.0
202606222023,233.25,233.23,233.25,233.22,2.0
202606222024,233.16,233.2,233.2,233.15,5.0
202606222025,233.15,233.17,233.2,233.1,11.0
202606222026,233.2,233.15,233.23,233.11,11.0
202606222027,233.21,233.22,233.23,233.17,15.0
202606222028,233.19,233.26,233.26,233.1,36.0
202606222029,233.16,233.1,233.17,233.1,6.0
202606222030,233.17,233.17,233.17,233.17,1.0
202606222031,233.35,233.15,233.35,233.15,2.0
202606222032,233.25,233.2,233.28,233.1,26.0
202606222033,233.24,233.26,233.26,233.24,3.0
202606222034,233.16,233.28,233.28,233.1,55.0
202606222035,233.3,233.27,233.3,233.26,3.0
202606222036,233.3,233.34,233.35,233.26,15.0
202606222037,233.33,233.35,233.35,233.3,6.0
202606222038,233.3,233.3,233.3,233.3,1.0
202606222039,233.32,233.26,233.32,233.26,4.0
202606222040,233.2,233.16,233.2,233.15,16.0
202606222041,233.14,233.13,233.14,233.1,5.0
202606222042,233.14,233.15,233.15,233.14,12.0
202606222043,233.15,233.14,233.16,233.14,20.0
202606222044,233.25,233.1,233.26,233.1,4.0
202606222045,233.25,233.25,233.25,233.24,1.0
202606222046,233.22,233.22,233.22,233.22,1.0
202606222047,233.22,233.22,233.22,233.22,2.0
202606222048,233.29,233.29,233.29,233.29,2.0
202606222049,233.26,233.2,233.27,233.2,2.0
202606222050,233.15,233.19,233.2,233.11,3.0
202606222051,233.1,233.1,233.16,233.1,16.0
202606222052,233.11,233.11,233.2,233.1,28.0
202606222053,233.06,233.0,233.06,233.0,30.0
202606222054,233.07,233.1,233.1,233.0,34.0
202606222055,233.1,233.1,233.1,233.0,8.0
202606222056,233.09,233.01,233.1,233.0,16.0
202606222057,233.0,233.0,233.0,233.0,19.0
202606222058,233.01,233.0,233.05,233.0,62.0
202606222059,232.9,232.9,232.9,232.9,1.0
202606222100,232.95,232.95,232.95,232.95,12.0
202606222101,232.95,232.95,232.95,232.95,0.0
202606222102,232.92,232.92,232.96,232.91,6.0
202606222103,232.92,233.1,233.1,232.92,21.0
202606222104,233.1,233.05,233.1,233.05,2.0
202606222105,233.0,233.0,233.0,233.0,1.0
202606222106,233.03,233.03,233.04,233.03,1.0
202606222107,233.0,233.14,233.14,233.0,7.0
202606222108,233.1,233.09,233.1,233.09,25.0
202606222109,233.02,233.01,233.09,233.01,13.0
202606222110,233.08,233.1,233.1,233.08,24.0
202606222111,233.1,233.1,233.1,233.1,0.0
202606222112,233.19,233.29,233.29,233.12,13.0
202606222113,233.29,233.32,233.33,233.29,9.0
202606222114,233.32,233.47,233.47,233.32,6.0
202606222115,233.32,233.55,233.55,233.32,99.0
202606222116,233.55,233.59,233.59,233.55,20.0
202606222117,233.59,233.59,233.59,233.59,0.0
202606222118,233.58,233.58,233.58,233.5,8.0
202606222119,233.5,233.56,233.57,233.5,54.0
202606222120,233.56,233.56,233.56,233.56,0.0
202606222121,233.51,233.75,233.75,233.51,30.0
202606222122,233.75,233.89,233.89,233.75,51.0
202606222123,233.84,233.79,233.85,233.79,43.0
202606222124,233.8,233.79,233.8,233.79,9.0
202606222125,233.8,234.23,234.23,233.79,76.0
202606222126,234.0,234.1,234.14,234.0,24.0
202606222127,234.07,234.22,234.22,234.06,36.0
202606222128,234.21,234.2,234.29,234.2,21.0
202606222129,234.15,234.04,234.15,234.03,8.0
202606222130,234.05,234.05,234.05,234.05,1.0
202606222131,233.98,233.89,233.99,233.89,21.0
202606222132,233.83,234.05,234.05,233.83,11.0
202606222133,234.19,234.2,234.2,234.08,15.0
202606222134,234.0,234.0,234.0,234.0,1.0
202606222135,234.06,234.08,234.09,234.06,7.0
202606222136,234.09,234.33,234.33,234.09,25.0
202606222137,234.12,234.12,234.12,234.12,1.0
202606222138,234.19,234.19,234.19,234.19,8.0
202606222139,234.2,234.19,234.2,234.15,7.0
202606222140,234.19,234.15,234.19,234.11,18.0
202606222141,234.06,234.06,234.08,234.06,12.0
202606222142,234.0,234.0,234.01,234.0,1.0
202606222143,234.01,233.99,234.02,233.99,21.0
202606222144,233.99,233.89,233.99,233.89,21.0
202606222145,233.85,233.85,233.85,233.85,4.0
202606222146,233.82,233.8,233.82,233.8,23.0
202606222147,233.79,233.79,233.79,233.79,1.0
202606222148,233.8,233.84,233.84,233.8,45.0
202606222149,233.83,233.83,233.83,233.82,1.0
202606222150,233.83,234.0,234.0,233.83,13.0
202606222151,233.84,233.84,233.84,233.84,2.0
202606222152,233.79,233.73,233.8,233.71,8.0
202606222153,233.7,233.7,233.71,233.7,5.0
202606222154,233.75,233.75,233.75,233.74,4.0
202606222155,233.7,233.73,233.75,233.7,26.0
202606222156,233.71,233.75,233.75,233.7,7.0
202606222157,233.94,234.0,234.0,233.94,2.0
202606222158,233.9,233.94,233.94,233.75,13.0
202606222159,233.94,233.94,233.94,233.94,0.0
202606222200,233.75,233.6,233.75,233.6,5.0
202606222201,233.92,233.92,233.92,233.92,1.0
202606222202,233.91,233.9,233.91,233.9,5.0
202606222203,233.88,233.88,233.88,233.88,1.0
202606222204,233.82,233.82,233.82,233.82,3.0
202606222205,233.79,233.73,233.79,233.73,14.0
202606222206,233.61,233.61,233.61,233.61,1.0
202606222207,233.56,233.56,233.56,233.56,1.0
202606222208,233.63,233.63,233.75,233.63,4.0
202606222209,233.69,233.57,233.7,233.56,3.0
202606222210,233.65,233.65,233.65,233.64,1.0
202606222211,233.65,233.67,233.68,233.65,9.0
202606222212,233.8,233.8,233.8,233.8,3.0
202606222213,233.9,233.82,233.9,233.82,2.0
202606222214,233.9,233.8,233.9,233.8,9.0
202606222215,233.77,233.77,233.77,233.77,1.0
202606222216,233.77,233.77,233.77,233.77,0.0
202606222217,233.9,233.62,233.9,233.61,2.0
202606222218,233.62,233.62,233.62,233.62,0.0
202606222219,233.65,233.65,233.65,233.65,1.0
202606222220,233.69,233.69,233.69,233.69,1.0
202606222221,233.79,233.8,233.8,233.75,4.0
202606222222,233.8,233.8,233.8,233.8,0.0
202606222223,233.78,233.9,233.9,233.78,2.0
202606222224,233.89,233.89,233.89,233.89,1.0
202606222225,233.87,233.87,233.87,233.87,1.0
202606222226,233.87,233.87,233.87,233.87,0.0
202606222227,233.81,233.88,233.9,233.81,9.0
202606222228,233.81,233.81,233.81,233.81,3.0
202606222229,233.72,233.75,233.84,233.71,5.0
202606222230,233.7,233.68,233.7,233.68,2.0
202606222231,233.7,233.5,233.7,233.5,25.0
202606222232,233.5,233.5,233.5,233.5,4.0
202606222233,233.52,233.39,233.52,233.39,10.0
202606222234,233.33,233.32,233.37,233.32,17.0
202606222235,233.33,233.53,233.53,233.33,10.0
202606222236,233.32,233.32,233.34,233.32,7.0
202606222237,233.33,233.33,233.33,233.32,20.0
202606222238,233.34,233.47,233.47,233.32,34.0
202606222239,233.41,233.41,233.41,233.41,1.0
202606222240,233.47,233.48,233.5,233.47,7.0
202606222241,233.46,233.46,233.46,233.46,1.0
202606222242,233.33,233.27,233.34,233.27,9.0
202606222243,233.27,233.27,233.27,233.27,0.0
202606222244,233.27,233.1,233.27,233.1,24.0
202606222245,233.13,233.1,233.14,233.1,5.0
202606222246,233.01,232.91,233.06,232.9,25.0
202606222247,233.0,232.91,233.0,232.89,13.0
202606222248,232.93,232.93,232.93,232.93,1.0
202606222249,232.95,232.95,233.0,232.95,14.0
202606222250,233.1,233.09,233.12,233.03,14.0
202606222251,233.05,233.08,233.08,233.05,2.0
202606222252,233.1,233.1,233.1,233.1,2.0
202606222253,233.09,233.0,233.09,233.0,8.0
202606222254,233.1,233.1,233.1,233.1,4.0
202606222255,233.12,233.18,233.18,233.12,2.0
202606222256,233.19,233.19,233.19,233.19,8.0
202606222257,233.18,233.14,233.18,233.14,2.0
202606222258,233.19,233.17,233.19,233.14,6.0
202606222259,233.19,233.2,233.2,233.18,33.0
202606222300,233.25,233.3,233.3,233.24,49.0
202606222301,233.2,233.29,233.29,233.2,3.0
202606222302,233.29,233.19,233.3,233.18,12.0
202606222303,233.11,233.14,233.14,233.11,3.0
202606222304,233.1,233.2,233.2,233.1,2.0
202606222305,233.2,233.2,233.2,233.2,1.0
202606222306,233.27,233.12,233.28,233.12,10.0
202606222307,233.27,233.15,233.27,233.15,2.0
202606222308,233.16,233.15,233.16,233.15,3.0
202606222309,233.15,233.14,233.23,233.1,12.0
202606222310,233.1,233.1,233.11,233.1,1.0
202606222311,233.1,233.11,233.11,233.1,9.0
202606222312,233.03,233.01,233.03,233.0,14.0
202606222313,233.03,233.03,233.04,233.03,7.0
202606222314,233.14,233.14,233.14,233.14,1.0
202606222315,233.0,233.1,233.1,233.0,4.0
202606222316,233.0,233.03,233.15,233.0,24.0
202606222317,233.09,233.09,233.09,233.09,9.0
202606222318,233.15,233.15,233.15,233.14,3.0
202606222319,233.15,233.15,233.15,233.15,0.0
202606222320,233.0,233.05,233.05,233.0,7.0
202606222321,233.01,233.11,233.12,233.0,3.0
202606222322,233.02,233.09,233.09,233.02,4.0
202606222323,233.01,233.01,233.01,233.0,6.0
202606222324,233.0,233.09,233.09,233.0,27.0
202606222325,233.09,233.09,233.09,233.09,0.0
202606222326,233.01,233.01,233.01,233.01,1.0
202606222327,233.01,233.01,233.01,233.01,1.0
202606222328,233.0,233.18,233.18,233.0,13.0
202606222329,233.06,233.06,233.06,233.06,1.0
202606222330,233.08,233.08,233.09,233.08,1.0
202606222331,233.08,233.08,233.15,233.08,5.0
202606222332,233.1,233.05,233.1,233.05,6.0
202606222333,233.02,233.03,233.05,233.0,8.0
202606222334,233.03,233.03,233.03,233.03,0.0
202606222335,233.05,233.03,233.05,233.03,28.0
202606222336,233.06,233.06,233.06,233.06,1.0
202606222337,233.02,233.0,233.02,233.0,2.0
202606222338,233.13,233.13,233.14,233.13,2.0
202606222339,233.02,233.0,233.02,233.0,89.0
202606222340,233.0,232.93,233.0,232.93,2.0
202606222341,232.93,232.93,232.93,232.93,0.0
202606222342,232.93,232.93,232.93,232.93,0.0
202606222343,233.0,232.96,233.0,232.96,8.0
202606222344,232.99,232.99,233.0,232.98,5.0
202606222345,232.89,232.88,232.89,232.88,4.0
202606222346,232.91,232.87,232.91,232.82,3.0
202606222347,232.8,232.82,232.82,232.79,19.0
202606222348,232.81,232.8,232.82,232.8,2.0
202606222349,232.7,232.77,232.77,232.7,6.0
202606222350,232.77,232.73,232.78,232.73,5.0
202606222351,232.75,232.75,232.75,232.75,1.0
202606222352,232.7,232.69,232.7,232.68,18.0
202606222353,232.7,232.75,232.75,232.62,13.0
202606222354,232.75,232.76,232.8,232.75,6.0
202606222355,232.83,232.79,232.99,232.79,5.0
202606222356,233.0,232.81,233.0,232.8,12.0
202606222357,232.91,232.91,232.91,232.89,10.0
202606222358,232.91,233.0,233.0,232.91,10.0
202606222359,232.95,233.03,233.04,232.95,19.0
202606230800,230.2,229.87,232.692,229.29,0.0
202606230801,229.8,229.6,232.55,229.36,0.0
202606230802,231.6,229.9147,231.6,229.34,0.0
202606230803,229.8569,230.1,230.1,229.5,0.0
202606230804,230.0402,230.0,230.11,229.69,0.0
202606230805,230.0,230.05,230.39,229.69,0.0
202606230806,230.0,230.0,230.42,230.0,0.0
202606230807,230.5,230.35,231.04,230.0,0.0
202606230808,230.35,230.51,230.75,230.0,0.0
202606230809,230.51,230.25,231.01,230.25,0.0
202606230810,229.88,230.37,232.52,229.84,0.0
202606230811,230.8181,231.61,232.49,229.84,0.0
202606230812,230.73,230.693,232.54,230.0,0.0
202606230813,230.5642,230.71,230.73,230.56,0.0
202606230814,230.56,230.81,230.9988,230.5,0.0
202606230815,230.5,230.5,230.8,230.3988,0.0
202606230816,230.95,231.44,231.44,230.5,0.0
202606230817,231.15,231.43,231.44,231.0261,0.0
202606230818,231.45,231.42,231.5,231.0,0.0
202606230819,231.0261,231.24,231.5,231.0261,0.0
202606230820,231.33,231.5,231.9837,231.23,0.0
202606230821,231.5,231.5988,231.5988,231.2,0.0
202606230822,231.26,231.27,231.5,231.0261,0.0
202606230823,231.26,231.1824,231.6825,231.0,0.0
202606230824,231.18,231.28,231.35,231.1685,0.0
202606230825,231.28,231.18,231.3525,231.0,0.0
202606230826,231.28,231.3338,231.45,231.03,0.0
202606230827,231.3312,231.28,231.44,231.0496,0.0
202606230828,231.22,231.45,231.45,231.09,0.0
202606230829,231.0861,231.2,231.4488,231.0861,0.0
202606230830,231.12,231.19,231.45,231.12,0.0
202606230831,231.18,231.19,231.33,231.18,0.0
202606230832,231.19,230.83,231.2,230.83,0.0
202606230833,230.7,230.5,230.98,230.5,0.0
202606230834,230.68,230.3,231.0,230.3,0.0
202606230835,230.78,231.2,231.41,230.78,0.0
202606230836,231.01,231.21,231.27,230.87,0.0
202606230837,231.27,231.0,231.27,230.5,0.0
202606230838,230.98,230.8672,231.27,230.8672,0.0
202606230839,231.03,231.19,231.27,230.86,0.0
202606230840,231.19,231.4488,231.4488,231.19,0.0
202606230841,231.44,231.32,231.45,231.25,0.0
202606230842,231.42,231.31,231.48,231.3078,0.0
202606230843,231.25,231.1472,231.3,231.04,0.0
202606230844,231.04,231.2,231.27,231.04,0.0
202606230845,231.27,230.4218,231.3,230.3,0.0
202606230846,230.59,230.7972,231.1188,230.0628,0.0
202606230847,230.84,230.46,230.84,230.02,0.0
202606230848,230.35,230.25,230.35,230.0658,0.0
202606230849,230.25,230.4,230.9609,230.25,0.0
202606230850,230.37,230.37,230.74,230.25,0.0
202606230851,230.25,230.35,230.72,230.25,0.0
202606230852,231.0,230.34,231.0,230.34,0.0
202606230853,230.32,230.3741,230.661,230.25,0.0
202606230854,230.3,230.55,230.63,230.3,0.0
202606230855,230.68,230.5,230.964,230.3787,0.0
202606230856,230.3,230.49,230.67,230.3,0.0
202606230857,230.7,230.11,230.7,230.11,0.0
202606230858,230.1512,230.47,230.48,230.14,0.0
202606230859,230.56,230.42,231.0,230.2417,0.0
202606230900,230.66,230.52,230.7,230.3,0.0
202606230901,230.6,231.0,231.0,230.3,0.0
202606230902,230.71,230.4502,230.74,230.4218,0.0
202606230903,230.71,230.9888,230.9888,230.16,0.0
202606230904,230.17,230.3217,230.7995,230.02,0.0
202606230905,230.5,230.2,230.5,230.17,0.0
202606230906,230.6,230.25,230.9567,230.17,0.0
202606230907,230.48,230.5651,230.77,230.25,0.0
202606230908,230.56,230.7788,230.78,230.27,0.0
202606230909,230.7508,230.4672,230.78,230.3096,0.0
202606230910,230.44,230.4426,230.64,230.26,0.0
202606230911,230.5,230.45,230.59,230.42,0.0
202606230912,230.45,230.7788,230.78,230.36,0.0
202606230913,230.6,230.42,230.7088,230.36,0.0
202606230914,230.3174,230.5,230.7888,230.25,0.0
202606230915,230.5,230.36,230.5,230.2013,0.0
202606230916,230.7745,230.26,230.7745,230.17,0.0
202606230917,230.26,230.47,230.47,230.0012,0.0
202606230918,230.25,230.25,230.25,230.25,0.0
202606230919,230.27,230.16,230.77,230.16,0.0
202606230920,230.4,230.18,230.7605,230.0,0.0
202606230921,230.18,230.02,230.18,230.0,0.0
202606230922,230.0,230.24,230.24,230.0,0.0
202606230923,230.06,230.36,230.36,230.0,0.0
202606230924,230.28,230.36,230.4988,230.0628,0.0
202606230925,230.35,230.23,230.36,230.23,0.0
202606230926,230.23,230.0873,230.4,230.02,0.0
202606230927,230.26,230.09,230.36,230.09,0.0
202606230928,230.2389,230.35,230.4771,230.1402,0.0
202606230929,230.31,230.2112,230.53,230.21,0.0
202606230930,230.45,230.44,230.98,230.2417,0.0
202606230931,230.44,230.3977,230.44,230.3977,0.0
202606230932,230.39,230.434,230.434,230.2125,0.0
202606230933,230.4275,230.43,230.44,230.2125,0.0
202606230934,230.4275,230.22,230.43,230.22,0.0
202606230935,230.2133,230.15,230.2975,230.15,0.0
202606230936,230.2,230.1,230.3,229.99,0.0
202606230937,230.1,230.07,230.3,230.07,0.0
202606230938,230.06,230.18,230.3,230.05,0.0
202606230939,230.06,230.3,230.3,230.0562,0.0
202606230940,230.15,230.214,230.214,230.0,0.0
202606230941,230.0,230.1488,230.1488,230.0,0.0
202606230942,230.0078,230.0,230.0975,230.0,0.0
202606230943,230.0,229.85,230.0988,229.84,0.0
202606230944,229.85,229.84,229.995,229.84,0.0
202606230945,229.9,230.0,230.3988,229.85,0.0
202606230946,230.0209,230.22,230.3925,230.0,0.0
202606230947,230.21,230.105,230.3925,230.105,0.0
202606230948,230.295,230.23,230.3925,230.1,0.0
202606230949,230.1075,230.3652,230.3925,230.1075,0.0
202606230950,230.3927,230.27,230.3927,230.1172,0.0
202606230951,230.3488,230.43,230.43,230.28,0.0
202606230952,230.45,230.3873,230.4945,230.35,0.0
202606230953,230.48,230.4988,230.5,230.45,0.0
202606230954,230.5,230.61,230.9802,230.48,0.0
202606230955,230.57,230.79,230.79,230.5261,0.0
202606230956,230.9988,230.72,230.9988,230.72,0.0
202606230957,230.77,230.7,231.0,230.5125,0.0
202606230958,230.74,230.67,230.77,230.67,0.0
202606230959,230.68,230.5104,230.6988,230.5104,0.0
202606231000,230.7,230.8,231.0,230.5837,0.0
202606231001,230.82,230.66,230.96,230.5,0.0
202606231002,230.85,230.7,230.85,230.5,0.0
202606231003,230.7,230.93,231.3295,230.53,0.0
202606231004,230.93,231.17,231.175,230.93,0.0
202606231005,231.13,231.0,231.1697,231.0,0.0
202606231006,231.1468,231.15,231.17,231.0,0.0
202606231007,231.16,231.0183,231.3488,230.93,0.0
202606231008,231.3412,230.7065,231.3488,230.7065,0.0
202606231009,230.78,230.8,230.98,230.76,0.0
202606231010,230.75,230.69,230.8,230.69,0.0
202606231011,230.7288,230.97,230.97,230.69,0.0
202606231012,230.85,230.7,231.0488,230.7,0.0
202606231013,230.74,230.89,230.896,230.7397,0.0
202606231014,231.1102,230.7777,231.1102,230.73,0.0
202606231015,230.89,230.84,230.89,230.82,0.0
202606231016,230.84,230.85,230.85,230.69,0.0
202606231017,231.0,230.73,231.0,230.69,0.0
202606231018,230.69,230.72,231.0,230.69,0.0
202606231019,230.85,230.69,230.85,230.69,0.0
202606231020,230.84,230.95,231.0,230.759,0.0
202606231021,231.0,231.25,231.3005,230.9351,0.0
202606231022,231.094,231.22,231.22,231.0,0.0
202606231023,231.22,231.22,231.3488,231.11,0.0
202606231024,231.3335,230.9,231.3335,230.69,0.0
202606231025,230.86,230.7503,230.86,230.75,0.0
202606231026,230.94,230.7924,231.0762,230.71,0.0
202606231027,230.94,230.7137,231.0,230.7137,0.0
202606231028,230.8,231.25,231.25,230.8,0.0
202606231029,231.2213,230.7,231.2213,230.7,0.0
202606231030,230.7,230.99,230.99,230.7,0.0
202606231031,230.97,230.9577,231.08,230.7137,0.0
202606231032,230.78,230.79,230.96,230.78,0.0
202606231033,230.9265,230.83,230.93,230.7,0.0
202606231034,230.93,230.712,230.93,230.7,0.0
202606231035,230.7,230.4,230.815,230.3,0.0
202606231036,230.4,230.5,230.6988,230.3,0.0
202606231037,230.69,230.52,230.69,230.42,0.0
202606231038,230.6,230.3,230.7,230.3,0.0
202606231039,230.6,230.69,230.69,230.52,0.0
202606231040,230.51,230.63,230.63,230.51,0.0
202606231041,230.59,230.69,230.6988,230.52,0.0
202606231042,230.57,230.52,230.69,230.3,0.0
202606231043,230.29,230.59,230.7,230.29,0.0
202606231044,230.52,230.544,230.7,230.5,0.0
202606231045,230.5483,230.93,230.93,230.54,0.0
202606231046,230.98,231.25,231.25,230.8,0.0
202606231047,231.1961,231.12,231.2317,231.06,0.0
202606231048,231.0225,231.15,231.244,231.01,0.0
202606231049,231.15,231.05,231.25,231.05,0.0
202606231050,231.0022,231.05,231.05,231.0,0.0
202606231051,231.06,231.06,231.06,231.06,0.0
202606231052,231.0,230.9183,231.2412,230.88,0.0
202606231053,230.96,230.9003,231.154,230.9003,0.0
202606231054,231.0,231.15,231.24,230.99,0.0
202606231055,231.0,230.97,231.2488,230.9012,0.0
202606231056,230.97,230.9,231.0,230.9,0.0
202606231057,231.16,231.0,231.16,230.96,0.0
202606231058,231.0,230.95,231.2317,230.94,0.0
202606231059,231.0,230.96,231.2344,230.96,0.0
202606231100,231.0,231.03,231.29,230.9,0.0
202606231101,231.039,232.79,232.79,231.03,0.0
202606231102,232.79,231.15,232.79,230.9,0.0
202606231103,231.15,231.3,231.45,231.15,0.0
202606231104,231.25,231.45,231.45,230.98,0.0
202606231105,231.39,230.76,231.39,230.72,0.0
202606231106,230.72,230.6772,230.9,230.544,0.0
202606231107,230.61,230.7,230.9,230.5,0.0
202606231108,230.7,230.5,230.85,230.5,0.0
202606231109,230.54,230.55,230.7,230.34,0.0
202606231110,230.59,230.5,230.7,230.34,0.0
202606231111,230.43,230.83,230.83,230.34,0.0
202606231112,230.5447,230.59,230.7,230.47,0.0
202606231113,230.5,230.6305,230.69,230.48,0.0
202606231114,230.52,230.9201,230.95,230.5,0.0
202606231115,230.57,230.95,230.95,230.56,0.0
202606231116,230.57,230.95,230.95,230.56,0.0
202606231117,230.9,230.815,230.94,230.6277,0.0
202606231118,230.8175,230.74,230.94,230.64,0.0
202606231119,230.8269,231.45,231.45,230.75,0.0
202606231120,231.25,231.4,231.4,230.7102,0.0
202606231121,231.1455,230.74,231.44,230.7,0.0
202606231122,231.44,231.0,231.44,230.7962,0.0
202606231123,231.0,230.75,231.3,230.75,0.0
202606231124,230.9817,230.9937,231.1988,230.75,0.0
202606231125,230.77,230.7117,231.0,230.6,0.0
202606231126,230.8763,230.85,231.0,230.64,0.0
202606231127,230.64,230.89,231.0,230.64,0.0
202606231128,230.9,230.9,231.0,230.64,0.0
202606231129,230.91,230.6868,231.0,230.6868,0.0
202606231130,230.8933,230.88,231.0,230.78,0.0
202606231131,231.0,231.3,231.44,230.9,0.0
202606231132,231.4388,231.21,231.44,231.15,0.0
202606231133,231.4,231.3,231.45,231.2,0.0
202606231134,231.3,231.5122,231.7,231.261,0.0
202606231135,231.55,231.4,231.7,231.3835,0.0
202606231136,231.61,231.65,231.65,231.21,0.0
202606231137,231.44,231.285,231.65,231.1,0.0
202606231138,231.3,231.54,231.65,231.12,0.0
202606231139,231.39,231.79,231.79,231.1976,0.0
202606231140,231.5025,231.5988,231.7276,231.31,0.0
202606231141,231.514,231.7656,231.79,231.5,0.0
202606231142,231.79,231.79,231.79,231.5229,0.0
202606231143,231.79,231.51,231.79,231.5,0.0
202606231144,231.51,231.6,231.79,231.28,0.0
202606231145,231.56,231.5,231.7,231.28,0.0
202606231146,231.34,231.62,231.7,231.28,0.0
202606231147,231.6,231.5686,231.7,231.3,0.0
202606231148,231.5767,231.452,231.6988,231.31,0.0
202606231149,231.5,231.7,231.7,231.3197,0.0
202606231150,231.6493,231.5,231.7,231.36,0.0
202606231151,231.7,231.64,231.7,231.31,0.0
202606231152,231.41,231.5,231.7,231.41,0.0
202606231153,231.5116,231.61,231.7,231.5001,0.0
202606231154,231.6,231.59,231.64,231.42,0.0
202606231155,231.5,231.487,231.6,231.4,0.0
202606231156,231.4,231.4,231.5,231.4,0.0
202606231157,231.4,231.2,231.4925,231.2,0.0
202606231158,231.2,231.4254,231.4254,231.15,0.0
202606231159,231.26,231.12,231.39,231.12,0.0
202606231200,231.13,231.26,232.209,231.0,0.0
202606231201,231.5,231.13,231.5,231.0,0.0
202606231202,231.13,231.11,231.5,231.0,0.0
202606231203,231.435,231.1,231.5,231.0,0.0
202606231204,231.18,231.0,231.31,231.0,0.0
202606231205,231.01,231.0,231.31,230.88,0.0
202606231206,230.997,230.9565,231.0,230.7,0.0
202606231207,230.85,230.95,231.01,230.7,0.0
202606231208,230.85,230.9201,231.08,230.85,0.0
202606231209,230.92,231.31,231.31,230.92,0.0
202606231210,231.3,231.2605,231.31,231.231,0.0
202606231211,231.25,231.1147,231.29,231.1055,0.0
202606231212,231.15,231.2489,231.28,231.15,0.0
202606231213,231.2299,231.15,231.24,231.09,0.0
202606231214,231.1857,231.19,231.23,231.02,0.0
202606231215,231.23,231.03,231.47,230.7,0.0
202606231216,231.1,231.16,231.17,230.89,0.0
202606231217,231.1002,231.09,231.16,230.8,0.0
202606231218,231.0,230.88,231.09,230.7,0.0
202606231219,230.88,231.121,231.15,230.7573,0.0
202606231220,231.14,230.7601,231.15,230.76,0.0
202606231221,230.8395,230.71,230.98,230.64,0.0
202606231222,230.83,230.75,230.97,230.71,0.0
202606231223,230.75,230.596,230.8,230.5612,0.0
202606231224,230.64,230.62,230.64,230.5,0.0
202606231225,230.58,230.37,230.6,230.34,0.0
202606231226,230.46,230.3,230.46,230.25,0.0
202606231227,230.3,230.487,230.5,230.29,0.0
202606231228,230.46,230.565,230.85,230.46,0.0
202606231229,230.7718,230.8,230.9996,230.5,0.0
202606231230,230.9,230.9651,231.2,230.88,0.0
202606231231,230.94,231.02,231.2,230.7,0.0
202606231232,231.0,230.8057,231.2,230.7,0.0
202606231233,230.97,230.5959,231.04,230.5,0.0
202606231234,230.72,230.52,230.78,230.5001,0.0
202606231235,230.52,230.68,230.69,230.5012,0.0
202606231236,230.6707,230.69,230.74,230.5,0.0
202606231237,230.5166,230.6,230.74,230.5166,0.0
202606231238,230.617,230.56,230.7385,230.55,0.0
202606231239,230.55,230.6,230.68,230.53,0.0
202606231240,230.5838,230.6,230.78,230.513,0.0
202606231241,230.56,230.76,230.82,230.5,0.0
202606231242,230.78,230.5312,230.82,230.5312,0.0
202606231243,230.7565,230.81,230.81,230.5,0.0
202606231244,230.82,231.0,231.06,230.82,0.0
202606231245,231.0,231.17,231.24,230.9402,0.0
202606231246,231.22,231.11,231.22,231.01,0.0
202606231247,231.0,230.9,231.1688,230.6,0.0
202606231248,230.86,231.0877,231.16,230.61,0.0
202606231249,231.05,230.9999,231.16,230.61,0.0
202606231250,230.95,230.87,231.0,230.6,0.0
202606231251,230.95,230.8632,231.0,230.8,0.0
202606231252,230.87,231.0199,231.16,230.8295,0.0
202606231253,231.01,231.04,231.1,230.6,0.0
202606231254,231.04,230.86,231.1,230.61,0.0
202606231255,230.87,231.18,231.32,230.8516,0.0
202606231256,231.2991,231.2,231.5,231.1705,0.0
202606231257,231.18,231.18,231.34,231.0,0.0
202606231258,231.15,231.08,231.33,231.0,0.0
202606231259,231.06,231.2,231.31,231.0,0.0
202606231300,231.19,231.6,231.69,231.16,0.0
202606231301,231.5493,231.3317,231.6,231.21,0.0
202606231302,231.25,231.9635,232.0,231.25,0.0
202606231303,231.995,231.97,232.0,231.2,0.0
202606231304,231.87,232.12,232.2,231.78,0.0
202606231305,232.12,232.12,232.2,232.0,0.0
202606231306,232.1014,232.2,232.2,232.1012,0.0
202606231307,232.12,232.37,232.43,232.1,0.0
202606231308,232.418,232.21,232.4712,232.2,0.0
202606231309,232.24,232.3806,232.39,232.1,0.0
202606231310,232.29,232.07,232.39,232.06,0.0
202606231311,232.0977,232.14,232.2,231.99,0.0
202606231312,232.06,232.5104,232.74,232.0,0.0
202606231313,232.7,232.5132,232.82,232.47,0.0
202606231314,232.56,232.56,232.6,232.47,0.0
202606231315,232.52,232.5004,232.56,232.49,0.0
202606231316,232.48,232.6,232.6,232.48,0.0
202606231317,232.5176,232.53,232.6,232.5,0.0
202606231318,232.5011,232.73,232.81,232.5,0.0
202606231319,232.55,232.76,232.76,232.52,0.0
202606231320,232.651,232.52,232.77,232.5,0.0
202606231321,232.5887,232.502,232.69,232.47,0.0
202606231322,232.51,232.5355,232.68,232.5,0.0
202606231323,232.56,232.63,232.75,232.47,0.0
202606231324,232.62,232.5,232.65,232.416,0.0
202606231325,232.51,232.24,232.54,232.0,0.0
202606231326,232.04,231.7,239.89,231.6,0.0
202606231327,231.9,232.43,232.7588,231.5,0.0
202606231328,232.21,232.41,232.6,231.8625,0.0
202606231329,232.41,232.57,232.57,232.15,0.0
202606231330,232.5500030517578,233.25999450683594,233.44000244140625,232.0,3149013.0
202606231331,233.31500244140625,233.0,233.64999389648438,232.33999633789062,390583.0
202606231332,233.00399780273438,232.34800720214844,233.447998046875,232.34800720214844,320490.0
202606231333,232.39500427246094,232.6699981689453,232.80990600585938,232.11500549316406,161482.0
202606231334,232.66160583496094,232.52000427246094,232.85000610351562,232.41009521484375,169564.0
202606231335,232.5500030517578,233.40499877929688,233.49000549316406,232.49000549316406,177333.0
202606231336,233.3800048828125,233.3699951171875,233.72569274902344,233.08999633789062,189096.0
202606231337,233.3699951171875,233.75,233.875,233.1699981689453,171391.0
202606231338,233.77999877929688,234.31500244140625,234.42999267578125,233.62010192871094,227953.0
202606231339,234.3572998046875,234.63999938964844,234.75,234.17999267578125,256773.0
202606231340,234.6300048828125,234.2899932861328,234.72000122070312,233.9320068359375,204135.0
202606231341,234.3300018310547,234.24000549316406,234.47000122070312,233.9199981689453,141200.0
202606231342,234.36000061035156,235.08999633789062,235.14999389648438,234.36000061035156,163244.0
202606231343,235.10499572753906,234.60000610351562,235.13999938964844,234.5399932861328,148335.0
202606231344,234.5800018310547,234.71499633789062,234.85000610351562,234.5500030517578,95881.0
202606231345,234.63999938964844,234.61000061035156,234.75999450683594,234.4199981689453,143462.0
202606231346,234.6199951171875,234.32000732421875,234.7386016845703,234.27000427246094,153409.0
202606231347,234.32000732421875,234.94500732421875,234.99899291992188,234.25,157945.0
202606231348,234.94000244140625,235.3300018310547,235.42999267578125,234.9199981689453,159824.0
202606231349,235.2899932861328,235.0850067138672,235.2899932861328,234.91009521484375,158012.0
202606231350,235.0800018310547,234.39480590820312,235.13999938964844,234.3249969482422,132490.0
202606231351,234.43499755859375,233.8699951171875,234.52999877929688,233.8000030517578,103533.0
202606231352,233.88999938964844,233.77000427246094,234.14999389648438,233.66009521484375,113165.0
202606231353,233.75,234.02000427246094,234.02000427246094,233.6300048828125,163976.0
202606231354,234.0500030517578,234.03500366210938,234.1699981689453,233.72999572753906,135748.0
202606231355,233.97000122070312,233.875,234.0,233.70010375976562,88632.0
202606231356,233.89999389648438,234.50999450683594,234.55999755859375,233.8249969482422,132688.0
202606231357,234.52000427246094,234.47500610351562,234.5500030517578,234.22999572753906,126102.0
202606231358,234.41000366210938,234.4250030517578,234.53990173339844,234.25999450683594,127131.0
202606231359,234.4250030517578,234.25999450683594,234.4499969482422,234.1699981689453,76353.0
202606231400,234.3000030517578,234.68150329589844,234.68150329589844,234.1699981689453,100429.0
202606231401,234.67999267578125,234.57000732421875,234.77999877929688,234.56500244140625,111886.0
202606231402,234.5749969482422,234.61500549316406,234.6199951171875,234.3249969482422,170930.0
202606231403,234.6750030517578,234.82000732421875,235.1699981689453,234.66000366210938,144286.0
202606231404,234.80999755859375,234.82989501953125,235.0449981689453,234.72000122070312,123092.0
202606231405,234.85000610351562,235.35499572753906,235.42999267578125,234.82000732421875,578530.0
202606231406,235.33999633789062,235.5500030517578,235.67999267578125,235.2100067138672,217381.0
202606231407,235.5399932861328,235.7100067138672,235.77000427246094,235.4949951171875,163435.0
202606231408,235.72500610351562,235.31500244140625,235.81500244140625,235.27999877929688,177540.0
202606231409,235.30999755859375,235.69000244140625,235.69000244140625,235.24000549316406,140153.0
202606231410,235.69000244140625,236.10499572753906,236.24000549316406,235.6300048828125,184993.0
202606231411,236.1199951171875,236.11000061035156,236.19000244140625,235.8350067138672,146086.0
202606231412,236.09500122070312,236.47000122070312,236.52999877929688,236.0500030517578,200666.0
202606231413,236.46499633789062,236.6699981689453,236.74000549316406,236.3800048828125,172554.0
202606231414,236.63160705566406,236.58999633789062,236.7362060546875,236.50999450683594,157163.0
202606231415,236.66000366210938,236.6199951171875,236.66990661621094,236.29010009765625,113602.0
202606231416,236.6199951171875,236.38499450683594,236.6199951171875,236.32000732421875,98437.0
202606231417,236.41000366210938,236.35000610351562,236.5500030517578,236.3000030517578,99203.0
202606231418,236.389892578125,236.3699951171875,236.47000122070312,236.22000122070312,89705.0
202606231419,236.33999633789062,236.35000610351562,236.49989318847656,236.3000030517578,88831.0
202606231420,236.31430053710938,236.3300018310547,236.44000244140625,236.27999877929688,99999.0
202606231421,236.3300018310547,236.25999450683594,236.4600067138672,236.24000549316406,83359.0
202606231422,236.25999450683594,236.58999633789062,236.6199951171875,236.25999450683594,107949.0
202606231423,236.58999633789062,236.65499877929688,236.72000122070312,236.3509063720703,79506.0
202606231424,236.64999389648438,236.625,236.74000549316406,236.44009399414062,424518.0
202606231425,236.61500549316406,236.75999450683594,236.80999755859375,236.44009399414062,86033.0
202606231426,236.74000549316406,236.59500122070312,236.85000610351562,236.50999450683594,99941.0
202606231427,236.6300048828125,236.39999389648438,236.75,236.36000061035156,168156.0
202606231428,236.39999389648438,236.64999389648438,236.69000244140625,236.3800048828125,93512.0
202606231429,236.63499450683594,236.71119689941406,236.72999572753906,236.39999389648438,89163.0
202606231430,236.6934051513672,236.3300018310547,236.8699951171875,236.3300018310547,83617.0
202606231431,236.3249969482422,236.00999450683594,236.33999633789062,235.80999755859375,89544.0
202606231432,235.99099731445312,236.14999389648438,236.23989868164062,235.99099731445312,104472.0
202606231433,236.1300048828125,236.44000244140625,236.52499389648438,236.09500122070312,74013.0
202606231434,236.44000244140625,236.57000732421875,236.6199951171875,236.30999755859375,53262.0
202606231435,236.61000061035156,236.5500030517578,236.61000061035156,236.36500549316406,67072.0
202606231436,236.52999877929688,236.68499755859375,236.8000030517578,236.52499389648438,63592.0
202606231437,236.64999389648438,236.4600067138672,236.64999389648438,236.3966064453125,126093.0
202606231438,236.4499969482422,235.89500427246094,236.4600067138672,235.89500427246094,98805.0
202606231439,235.88999938964844,236.1300048828125,236.25,235.88999938964844,67160.0
202606231440,236.1300048828125,236.17999267578125,236.22000122070312,235.91000366210938,50637.0
202606231441,236.14999389648438,236.13999938964844,236.2100067138672,236.01010131835938,49692.0
202606231442,236.12130737304688,236.5500030517578,236.56500244140625,236.1199951171875,57843.0
202606231443,236.50999450683594,236.7100067138672,236.8699951171875,236.47000122070312,74094.0
202606231444,236.6999969482422,236.4250030517578,236.6999969482422,236.38999938964844,111225.0
202606231445,236.44000244140625,236.3699951171875,236.6199951171875,236.33999633789062,85165.0
202606231446,236.39999389648438,236.47000122070312,236.5800018310547,236.34750366210938,68001.0
202606231447,236.47999572753906,236.50999450683594,236.5399932861328,236.39999389648438,42134.0
202606231448,236.46499633789062,236.53050231933594,236.64999389648438,236.2899932861328,89974.0
202606231449,236.5399932861328,236.46499633789062,236.61500549316406,236.39999389648438,42142.0
202606231450,236.4600067138672,236.47500610351562,236.51499938964844,236.32000732421875,38530.0
202606231451,236.4949951171875,236.24000549316406,236.58999633789062,236.24000549316406,63462.0
202606231452,236.27999877929688,236.25999450683594,236.32000732421875,236.0399932861328,82609.0
202606231453,236.2301025390625,235.85000610351562,236.27679443359375,235.8300018310547,105570.0
202606231454,235.85000610351562,235.97000122070312,236.0399932861328,235.7322998046875,102089.0
202606231455,236.0,235.69000244140625,236.05999755859375,235.67999267578125,78029.0
202606231456,235.71499633789062,235.3800048828125,235.71499633789062,235.3350067138672,124916.0
202606231457,235.39999389648438,235.3000030517578,235.44000244140625,235.24009704589844,58811.0
202606231458,235.2949981689453,235.05999755859375,235.35000610351562,235.00999450683594,65437.0
202606231459,235.0399932861328,235.44000244140625,235.4499969482422,234.91000366210938,118598.0
202606231500,235.4499969482422,235.27999877929688,235.5,235.1699981689453,82016.0
202606231501,235.30990600585938,235.1649932861328,235.5399932861328,235.1602020263672,132680.0
202606231502,235.15499877929688,234.77999877929688,235.19000244140625,234.6999969482422,79768.0
202606231503,234.75999450683594,234.60000610351562,234.78500366210938,234.5500030517578,62598.0
202606231504,234.60000610351562,234.3000030517578,234.60000610351562,234.25,107659.0
202606231505,234.32000732421875,234.16000366210938,234.35000610351562,234.16000366210938,107250.0
202606231506,234.14999389648438,234.3000030517578,234.3000030517578,234.08140563964844,134183.0
202606231507,234.3188018798828,234.13450622558594,234.32009887695312,234.02999877929688,127125.0
202606231508,234.16990661621094,234.24000549316406,234.24000549316406,234.09010314941406,82224.0
202606231509,234.23500061035156,234.36000061035156,234.3800048828125,234.18429565429688,91744.0
202606231510,234.35499572753906,234.34500122070312,234.4499969482422,234.3000030517578,63912.0
202606231511,234.35000610351562,234.3699951171875,234.4293975830078,234.32000732421875,58586.0
202606231512,234.35000610351562,234.55999755859375,234.61000061035156,234.1699981689453,50877.0
202606231513,234.55999755859375,234.55999755859375,234.66990661621094,234.466796875,88561.0
202606231514,234.5500030517578,234.57989501953125,234.64999389648438,234.41000366210938,69240.0
202606231515,234.60000610351562,234.39999389648438,234.67999267578125,234.39999389648438,57056.0
202606231516,234.42999267578125,234.36000061035156,234.4600067138672,234.27000427246094,66800.0
202606231517,234.32000732421875,234.3699951171875,234.52000427246094,234.3000030517578,81011.0
202606231518,234.375,234.25999450683594,234.47999572753906,234.2449951171875,82296.0
202606231519,234.24000549316406,234.3000030517578,234.375,234.22000122070312,83098.0
202606231520,234.31500244140625,234.33999633789062,234.3961944580078,234.14999389648438,75406.0
202606231521,234.3699951171875,234.09500122070312,234.38999938964844,234.09500122070312,52121.0
202606231522,234.07000732421875,233.97000122070312,234.0800018310547,233.9001007080078,82792.0
202606231523,233.9499969482422,234.13999938964844,234.16000366210938,233.88999938964844,76348.0
202606231524,234.1300048828125,234.0500030517578,234.22999572753906,234.02000427246094,225220.0
202606231525,234.02999877929688,233.94000244140625,234.12339782714844,233.88999938964844,73836.0
202606231526,233.97999572753906,233.97999572753906,234.00999450683594,233.80999755859375,126532.0
202606231527,233.99000549316406,234.0,234.16000366210938,233.94000244140625,72494.0
202606231528,234.00999450683594,233.75,234.00999450683594,233.7449951171875,78872.0
202606231529,233.75,233.74000549316406,233.89999389648438,233.72999572753906,60848.0
202606231530,233.72000122070312,233.61000061035156,233.73500061035156,233.52000427246094,85975.0
202606231531,233.61000061035156,233.58999633789062,233.67999267578125,233.55999755859375,83544.0
202606231532,233.5800018310547,233.3000030517578,233.5800018310547,233.3000030517578,86316.0
202606231533,233.31509399414062,233.38499450683594,233.42999267578125,233.27999877929688,100091.0
202606231534,233.39999389648438,233.39999389648438,233.60000610351562,233.35000610351562,96026.0
202606231535,233.39999389648438,233.5050048828125,233.65879821777344,233.35000610351562,77755.0
202606231536,233.5050048828125,233.3300018310547,233.5050048828125,233.22000122070312,106935.0
202606231537,233.3300018310547,233.39999389648438,233.4600067138672,233.30999755859375,69531.0
202606231538,233.39999389648438,233.4199981689453,233.4600067138672,233.20750427246094,75565.0
202606231539,233.42999267578125,233.49000549316406,233.5399932861328,233.35000610351562,52582.0
202606231540,233.5,233.8199005126953,233.8199005126953,233.5,93080.0
202606231541,233.80499267578125,233.85499572753906,233.92999267578125,233.7449951171875,118840.0
202606231542,233.86000061035156,233.69000244140625,233.89999389648438,233.60000610351562,79831.0
202606231543,233.69500732421875,233.8699951171875,233.8699951171875,233.63999938964844,74512.0
202606231544,233.8800048828125,233.9499969482422,233.9499969482422,233.75,77715.0
202606231545,233.99000549316406,233.86500549316406,233.99989318847656,233.82000732421875,68495.0
202606231546,233.82000732421875,234.00999450683594,234.0500030517578,233.78500366210938,96241.0
202606231547,234.0399932861328,233.83999633789062,234.0399932861328,233.80999755859375,95145.0
202606231548,233.8000030517578,233.94500732421875,233.97999572753906,233.7100067138672,85618.0
202606231549,233.9499969482422,233.97500610351562,233.97999572753906,233.80999755859375,88184.0
202606231550,233.9600067138672,234.11000061035156,234.2100067138672,233.92999267578125,106241.0
202606231551,234.08999633789062,234.0850067138672,234.1750030517578,233.96499633789062,73061.0
202606231552,234.0800018310547,234.13999938964844,234.2550048828125,234.07090759277344,43050.0
202606231553,234.13999938964844,234.33999633789062,234.47000122070312,234.13999938964844,653884.0
202606231554,234.33999633789062,234.35000610351562,234.47000122070312,234.32000732421875,46838.0
202606231555,234.33999633789062,234.02999877929688,234.33999633789062,233.97999572753906,80656.0
202606231556,234.03500366210938,234.3325958251953,234.33999633789062,234.03500366210938,38834.0
202606231557,234.33999633789062,234.6699981689453,234.72999572753906,234.2899932861328,108199.0
202606231558,234.7050018310547,234.6199951171875,234.8000030517578,234.5500030517578,129561.0
202606231559,234.639892578125,234.5800018310547,234.6999969482422,234.55499267578125,111662.0
202606231600,234.60000610351562,234.94000244140625,234.97999572753906,234.55499267578125,112341.0
202606231601,234.94500732421875,234.8350067138672,234.99000549316406,234.80499267578125,102894.0
202606231602,234.8300018310547,234.81500244140625,234.97000122070312,234.8000030517578,59833.0
202606231603,234.81500244140625,234.6300048828125,234.86000061035156,234.5399932861328,66647.0
202606231604,234.6300048828125,234.59500122070312,234.7299041748047,234.5290069580078,57407.0
202606231605,234.61000061035156,234.70249938964844,234.75120544433594,234.5850067138672,66382.0
202606231606,234.7100067138672,234.77000427246094,234.80999755859375,234.7100067138672,56873.0
202606231607,234.77999877929688,234.7550048828125,234.7899932861328,234.5500030517578,72201.0
202606231608,234.77000427246094,234.6300048828125,234.77000427246094,234.57000732421875,66353.0
202606231609,234.64999389648438,234.7550048828125,234.80499267578125,234.6199951171875,59908.0
202606231610,234.77000427246094,234.66000366210938,234.8800048828125,234.58999633789062,74131.0
202606231611,234.65040588378906,234.4875030517578,234.65040588378906,234.44000244140625,52912.0
202606231612,234.5050048828125,234.61839294433594,234.67999267578125,234.49000549316406,87911.0
202606231613,234.61500549316406,234.35499572753906,234.6699981689453,234.35499572753906,69106.0
202606231614,234.32000732421875,234.50999450683594,234.50999450683594,234.24000549316406,53062.0
202606231615,234.5175018310547,234.6300048828125,234.67999267578125,234.50999450683594,73394.0
202606231616,234.64500427246094,234.3511962890625,234.64500427246094,234.24009704589844,67008.0
202606231617,234.35499572753906,234.24000549316406,234.35499572753906,234.22000122070312,85152.0
202606231618,234.2449951171875,234.3800048828125,234.3800048828125,234.1999969482422,58436.0
202606231619,234.35000610351562,234.39999389648438,234.4398956298828,234.27999877929688,53856.0
202606231620,234.4199981689453,234.4810028076172,234.5399932861328,234.30999755859375,45124.0
202606231621,234.49000549316406,234.55999755859375,234.60000610351562,234.47999572753906,47024.0
202606231622,234.5399932861328,234.625,234.63999938964844,234.50999450683594,67852.0
202606231623,234.63999938964844,234.63999938964844,234.66000366210938,234.60000610351562,48639.0
202606231624,234.63999938964844,234.625,234.66000366210938,234.55999755859375,43286.0
202606231625,234.63499450683594,234.80999755859375,234.81500244140625,234.6300048828125,65104.0
202606231626,234.80999755859375,234.88999938964844,234.9051055908203,234.74000549316406,71864.0
202606231627,234.8800048828125,234.75999450683594,234.92990112304688,234.6300048828125,146889.0
202606231628,234.7449951171875,234.69000244140625,234.7449951171875,234.60000610351562,62266.0
202606231629,234.7050018310547,234.61500549316406,234.73989868164062,234.61000061035156,55571.0
202606231630,234.6300048828125,234.58999633789062,234.6999969482422,234.57000732421875,54057.0
202606231631,234.57000732421875,234.6999969482422,234.74000549316406,234.5,87642.0
202606231632,234.69500732421875,234.6999969482422,234.72000122070312,234.59010314941406,38015.0
202606231633,234.68020629882812,234.52000427246094,234.94000244140625,234.52000427246094,153719.0
202606231634,234.52000427246094,234.35000610351562,234.53970336914062,234.35000610351562,115845.0
202606231635,234.35499572753906,234.49000549316406,234.49000549316406,234.32000732421875,128555.0
202606231636,234.5,234.7050018310547,234.7050018310547,234.5,59634.0
202606231637,234.6999969482422,234.7100067138672,234.7550048828125,234.6699981689453,33785.0
202606231638,234.6999969482422,234.64999389648438,234.7198944091797,234.6199951171875,45552.0
202606231639,234.65499877929688,234.7550048828125,234.7899932861328,234.65499877929688,59254.0
202606231640,234.77999877929688,234.92999267578125,235.07000732421875,234.77999877929688,108713.0
202606231641,234.94500732421875,234.94000244140625,234.97999572753906,234.8927001953125,49199.0
202606231642,234.9499969482422,234.89999389648438,234.9499969482422,234.74000549316406,70567.0
202606231643,234.9250030517578,234.9149932861328,234.95989990234375,234.8249969482422,41735.0
202606231644,234.93499755859375,234.89999389648438,234.99000549316406,234.85000610351562,55210.0
202606231645,234.9199981689453,234.83999633789062,234.96499633789062,234.80999755859375,60477.0
202606231646,234.83999633789062,234.8800048828125,234.99000549316406,234.75,84418.0
202606231647,234.86500549316406,234.8300018310547,234.86500549316406,234.67010498046875,45500.0
202606231648,234.86000061035156,234.78500366210938,234.97500610351562,234.75999450683594,40791.0
202606231649,234.7801971435547,234.72999572753906,234.8000030517578,234.6199951171875,60999.0
202606231650,234.72999572753906,234.61000061035156,234.74000549316406,234.57000732421875,44963.0
202606231651,234.625,234.5449981689453,234.625,234.52000427246094,50903.0
202606231652,234.52000427246094,234.63999938964844,234.68499755859375,234.50999450683594,57400.0
202606231653,234.6199951171875,234.6750030517578,234.71499633789062,234.5850067138672,46305.0
202606231654,234.6699981689453,234.7449951171875,234.7449951171875,234.6649932861328,41414.0
202606231655,234.74000549316406,234.75999450683594,234.8800048828125,234.64999389648438,73201.0
202606231656,234.73500061035156,234.6199951171875,234.77999877929688,234.61500549316406,38587.0
202606231657,234.61000061035156,234.67999267578125,234.67999267578125,234.49000549316406,44383.0
202606231658,234.6699981689453,234.65139770507812,234.7550048828125,234.63999938964844,39478.0
202606231659,234.64999389648438,234.6804962158203,234.77000427246094,234.55999755859375,47026.0
202606231700,234.7050018310547,234.35499572753906,234.72000122070312,234.33999633789062,53525.0
202606231701,234.35000610351562,234.4499969482422,234.5,234.35000610351562,52782.0
202606231702,234.46499633789062,234.3800048828125,234.48989868164062,234.3477020263672,33346.0
202606231703,234.37510681152344,234.46499633789062,234.49940490722656,234.33999633789062,57167.0
202606231704,234.4698944091797,234.4499969482422,234.49000549316406,234.38999938964844,49343.0
202606231705,234.44729614257812,234.4199981689453,234.50999450683594,234.375,60942.0
202606231706,234.41000366210938,234.4600067138672,234.4600067138672,234.38009643554688,51804.0
202606231707,234.47000122070312,234.3699951171875,234.5050048828125,234.33999633789062,41612.0
202606231708,234.36000061035156,234.4499053955078,234.46499633789062,234.2949981689453,47436.0
202606231709,234.40499877929688,234.44000244140625,234.50999450683594,234.3800048828125,74356.0
202606231710,234.4199981689453,234.50999450683594,234.5299072265625,234.38999938964844,47684.0
202606231711,234.50999450683594,234.67999267578125,234.67999267578125,234.5,95311.0
202606231712,234.6699981689453,234.47500610351562,234.67999267578125,234.47500610351562,36308.0
202606231713,234.48500061035156,234.6199951171875,234.64999389648438,234.4600067138672,67094.0
202606231714,234.6199951171875,234.60000610351562,234.64999389648438,234.4600067138672,64204.0
202606231715,234.58999633789062,234.47000122070312,234.58999633789062,234.4499969482422,46772.0
202606231716,234.4550018310547,234.4001007080078,234.52000427246094,234.39999389648438,53539.0
202606231717,234.4199981689453,234.19500732421875,234.42990112304688,234.17999267578125,55440.0
202606231718,234.19500732421875,234.07159423828125,234.1999969482422,234.00999450683594,70411.0
202606231719,234.07000732421875,234.02999877929688,234.1300048828125,233.94000244140625,75093.0
202606231720,234.02499389648438,234.22999572753906,234.24000549316406,234.02499389648438,40078.0
202606231721,234.25,234.2801055908203,234.38999938964844,234.22999572753906,40711.0
202606231722,234.26499938964844,234.1300048828125,234.27999877929688,234.0800018310547,61494.0
202606231723,234.1300048828125,234.23500061035156,234.30999755859375,234.1300048828125,45453.0
202606231724,234.22999572753906,234.25,234.29989624023438,234.17999267578125,41632.0
202606231725,234.24000549316406,234.05999755859375,234.25999450683594,234.0399932861328,44856.0
202606231726,234.0800018310547,234.10000610351562,234.1300048828125,233.94000244140625,41815.0
202606231727,234.11000061035156,234.0749969482422,234.14999389648438,234.00999450683594,50381.0
202606231728,234.0749969482422,234.08009338378906,234.1199951171875,233.9600067138672,41324.0
202606231729,234.0800018310547,233.97000122070312,234.0800018310547,233.91000366210938,44803.0
202606231730,233.97000122070312,233.99000549316406,234.00999450683594,233.85000610351562,63558.0
202606231731,233.99000549316406,233.97000122070312,234.05999755859375,233.9499969482422,40043.0
202606231732,233.9600067138672,233.9550018310547,234.02000427246094,233.86500549316406,41504.0
202606231733,233.97999572753906,234.0399932861328,234.11000061035156,233.9600067138672,43293.0
202606231734,234.0500030517578,234.11000061035156,234.12989807128906,233.99000549316406,39220.0
202606231735,234.12510681152344,234.3000030517578,234.3000030517578,234.12510681152344,36683.0
202606231736,234.3000030517578,234.25010681152344,234.35000610351562,234.24000549316406,48606.0
202606231737,234.25999450683594,234.2700958251953,234.3000030517578,234.21009826660156,37596.0
202606231738,234.2899932861328,234.2100067138672,234.35989379882812,234.1199951171875,85278.0
202606231739,234.23500061035156,234.25,234.3300018310547,234.19000244140625,42103.0
202606231740,234.22999572753906,234.27499389648438,234.3300018310547,234.22999572753906,31731.0
202606231741,234.27000427246094,234.2100067138672,234.27000427246094,234.17649841308594,43451.0
202606231742,234.2050018310547,234.16000366210938,234.22000122070312,234.0399932861328,65867.0
202606231743,234.15499877929688,234.24000549316406,234.30999755859375,234.15499877929688,63261.0
202606231744,234.27999877929688,234.17999267578125,234.2899932861328,234.1199951171875,50103.0
202606231745,234.1750030517578,234.3231964111328,234.3800048828125,234.1199951171875,183772.0
202606231746,234.30479431152344,234.41090393066406,234.47000122070312,234.24000549316406,77000.0
202606231747,234.4199981689453,234.4250030517578,234.4250030517578,234.25999450683594,81529.0
202606231748,234.4250030517578,234.3800048828125,234.44000244140625,234.22999572753906,89266.0
202606231749,234.375,234.72999572753906,234.8300018310547,234.375,93305.0
202606231750,234.77000427246094,234.6300048828125,234.77000427246094,234.55999755859375,51760.0
202606231751,234.6300048828125,234.6300048828125,234.65029907226562,234.5,33499.0
202606231752,234.6199951171875,234.6300048828125,234.72000122070312,234.50999450683594,32251.0
202606231753,234.63999938964844,234.625,234.75999450683594,234.61000061035156,44182.0
202606231754,234.61000061035156,234.5800018310547,234.6999969482422,234.5399932861328,43979.0
202606231755,234.5749969482422,234.5850067138672,234.63999938964844,234.51010131835938,32206.0
202606231756,234.58999633789062,234.64999389648438,234.66000366210938,234.4600067138672,41976.0
202606231757,234.64999389648438,234.6699981689453,234.6750030517578,234.55999755859375,32928.0
202606231758,234.67999267578125,234.69500732421875,234.72999572753906,234.55499267578125,60565.0
202606231759,234.67999267578125,234.7899932861328,234.83999633789062,234.61000061035156,71167.0
202606231800,234.8300018310547,235.1300048828125,235.1300048828125,234.77000427246094,122468.0
202606231801,235.13999938964844,235.25999450683594,235.27999877929688,235.07000732421875,70524.0
202606231802,235.26499938964844,235.33999633789062,235.36000061035156,235.22000122070312,67232.0
202606231803,235.33999633789062,235.1699981689453,235.33999633789062,235.1199951171875,43509.0
202606231804,235.1999969482422,235.27999877929688,235.35000610351562,235.01010131835938,79245.0
202606231805,235.2899932861328,235.36500549316406,235.3800048828125,235.25999450683594,73519.0
202606231806,235.36000061035156,235.27000427246094,235.4600067138672,235.27000427246094,98345.0
202606231807,235.27000427246094,235.22500610351562,235.3800048828125,235.22500610351562,45588.0
202606231808,235.25,235.2397003173828,235.25,235.10000610351562,51258.0
202606231809,235.22999572753906,235.36500549316406,235.36500549316406,235.22500610351562,47425.0
202606231810,235.3800048828125,235.5800018310547,235.6649932861328,235.3800048828125,70725.0
202606231811,235.60000610351562,235.46499633789062,235.60000610351562,235.4499969482422,76385.0
202606231812,235.46499633789062,235.3800048828125,235.49989318847656,235.35000610351562,76866.0
202606231813,235.375,235.4149932861328,235.48500061035156,235.34500122070312,51478.0
202606231814,235.41009521484375,235.625,235.625,235.375,67835.0
202606231815,235.6199951171875,235.72000122070312,235.72999572753906,235.5500030517578,65791.0
202606231816,235.72000122070312,235.73500061035156,235.83999633789062,235.7100067138672,71178.0
202606231817,235.72999572753906,235.76499938964844,235.8300018310547,235.72999572753906,49503.0
202606231818,235.75999450683594,235.80999755859375,235.83999633789062,235.67999267578125,57274.0
202606231819,235.80999755859375,235.6999969482422,235.83999633789062,235.63999938964844,56314.0
202606231820,235.6699981689453,235.19500732421875,235.6699981689453,235.17999267578125,96220.0
202606231821,235.19500732421875,235.32000732421875,235.3498992919922,235.11500549316406,55852.0
202606231822,235.30999755859375,235.24000549316406,235.39999389648438,235.07400512695312,144332.0
202606231823,235.24000549316406,235.27499389648438,235.3300018310547,235.24000549316406,51178.0
202606231824,235.14999389648438,235.172607421875,235.22999572753906,235.07000732421875,47636.0
202606231825,235.17999267578125,235.14999389648438,235.2799072265625,235.10000610351562,48706.0
202606231826,235.14999389648438,235.10499572753906,235.14999389648438,235.02999877929688,45573.0
202606231827,235.10000610351562,234.91000366210938,235.10000610351562,234.89999389648438,61175.0
202606231828,234.89999389648438,234.91000366210938,234.92999267578125,234.83999633789062,52804.0
202606231829,234.9250030517578,234.8800048828125,234.92999267578125,234.7899932861328,44007.0
202606231830,234.88999938964844,235.0601043701172,235.08999633789062,234.77999877929688,85932.0
202606231831,235.0800018310547,234.97500610351562,235.2449951171875,234.9600067138672,101097.0
202606231832,234.97000122070312,234.77999877929688,235.0,234.77999877929688,83754.0
202606231833,234.77499389648438,234.69000244140625,234.8000030517578,234.5399932861328,139591.0
202606231834,234.7198944091797,234.6300048828125,234.7198944091797,234.61000061035156,76263.0
202606231835,234.6291961669922,234.80999755859375,234.83999633789062,234.44000244140625,101213.0
202606231836,234.78990173339844,234.83999633789062,234.8699951171875,234.73069763183594,60164.0
202606231837,234.83999633789062,234.77999877929688,234.86000061035156,234.72999572753906,42323.0
202606231838,234.72999572753906,234.66000366210938,234.75999450683594,234.52000427246094,110025.0
202606231839,234.66000366210938,234.69000244140625,234.70989990234375,234.5800018310547,73830.0
202606231840,234.6999969482422,234.47999572753906,234.6999969482422,234.44000244140625,74786.0
202606231841,234.47999572753906,234.58999633789062,234.6199951171875,234.47000122070312,78343.0
202606231842,234.57200622558594,234.23500061035156,234.58999633789062,234.22109985351562,51259.0
202606231843,234.24000549316406,234.26499938964844,234.34519958496094,234.19000244140625,94498.0
202606231844,234.22000122070312,234.2949981689453,234.3800048828125,234.13999938964844,81421.0
202606231845,234.2949981689453,234.22999572753906,234.35000610351562,234.1999969482422,72303.0
202606231846,234.20889282226562,234.22999572753906,234.35000610351562,234.1699981689453,71817.0
202606231847,234.22000122070312,234.27499389648438,234.34500122070312,234.2100067138672,67195.0
202606231848,234.27499389648438,234.38499450683594,234.40989685058594,234.1300048828125,161962.0
202606231849,234.39999389648438,234.59500122070312,234.59500122070312,234.3699951171875,67275.0
202606231850,234.6300048828125,234.76499938964844,234.76939392089844,234.5,70752.0
202606231851,234.75999450683594,234.74000549316406,234.89999389648438,234.67010498046875,91274.0
202606231852,234.75999450683594,234.6199951171875,234.77000427246094,234.61000061035156,54958.0
202606231853,234.61000061035156,234.52000427246094,234.63999938964844,234.4499969482422,43813.0
202606231854,234.49000549316406,234.50999450683594,234.51499938964844,234.27000427246094,132060.0
202606231855,234.50999450683594,234.48500061035156,234.53500366210938,234.33120727539062,57677.0
202606231856,234.47999572753906,234.33999633789062,234.50999450683594,234.3300018310547,70261.0
202606231857,234.32000732421875,234.1999969482422,234.3300018310547,234.0800018310547,99033.0
202606231858,234.2050018310547,234.25010681152344,234.3498992919922,234.19009399414062,98071.0
202606231859,234.2899932861328,234.3000030517578,234.44000244140625,234.27999877929688,97631.0
202606231900,234.32000732421875,234.26010131835938,234.38999938964844,234.19000244140625,57103.0
202606231901,234.2899932861328,234.24000549316406,234.32000732421875,234.1999969482422,55001.0
202606231902,234.24000549316406,234.27999877929688,234.3000030517578,234.19000244140625,45584.0
202606231903,234.3000030517578,234.6199951171875,234.63999938964844,234.27000427246094,49587.0
202606231904,234.6199951171875,234.6300048828125,234.6300048828125,234.52000427246094,51350.0
202606231905,234.6300048828125,234.83810424804688,234.86500549316406,234.625,76651.0
202606231906,234.8300018310547,234.63009643554688,234.84500122070312,234.6199951171875,65698.0
202606231907,234.66000366210938,234.7100067138672,234.8000030517578,234.64999389648438,58144.0
202606231908,234.7100067138672,234.6999969482422,234.72000122070312,234.55999755859375,92771.0
202606231909,234.64500427246094,234.64500427246094,234.64500427246094,234.64500427246094,0.0
202606240800,233.7217,233.7792,234.9742,233.0125,0.0
202606240801,233.36,233.51,234.45,233.19,0.0
202606240802,233.8825,233.8988,234.02,233.2175,0.0
202606240803,233.31,233.45,233.45,233.3,0.0
202606240804,233.45,233.6888,233.6888,233.2,0.0
202606240805,233.5765,233.35,233.68,233.0512,0.0
202606240806,233.487,233.05,233.487,233.0012,0.0
202606240807,233.05,232.9,233.08,232.9,0.0
202606240808,232.9,234.12,234.17,232.9,0.0
202606240809,234.12,232.926,234.32,232.8,0.0
202606240810,233.1735,233.1442,233.1735,232.92,0.0
202606240811,232.925,232.925,233.1637,232.9247,0.0
202606240812,232.9356,232.9212,233.03,232.9212,0.0
202606240813,233.07,233.0801,233.0801,232.92,0.0
202606240814,233.1688,233.14,233.1688,232.9262,0.0
202606240815,233.119,233.1735,233.1735,232.9265,0.0
202606240816,232.9265,233.024,233.1662,232.9255,0.0
202606240817,233.176,233.02,233.176,233.02,0.0
202606240818,233.1955,233.0212,233.1955,233.0212,0.0
202606240819,233.02,232.83,233.1888,232.83,0.0
202606240820,233.0644,232.8,233.0644,232.8,0.0
202606240821,233.0327,232.96,233.05,232.8,0.0
202606240822,232.9,232.905,233.0588,232.86,0.0
202606240823,233.056,233.073,233.0937,232.85,0.0
202606240824,233.073,233.11,233.11,232.8,0.0
202606240825,232.96,232.84,232.96,232.71,0.0
202606240826,232.75,232.89,233.0,232.75,0.0
202606240828,232.7787,232.8441,232.8475,232.7525,0.0
202606240829,232.76,233.0,233.1771,232.7512,0.0
202606240830,233.1888,233.13,233.1888,233.0045,0.0
202606240831,233.1156,233.02,233.1156,233.0154,0.0
202606240832,233.09,233.0097,233.4875,233.0097,0.0
202606240833,233.24,233.2,233.33,233.2,0.0
202606240834,233.195,233.0,233.33,233.0,0.0
202606240835,233.11,233.0125,233.11,232.9985,0.0
202606240836,233.4744,233.1935,233.4744,232.94,0.0
202606240837,232.94,232.9692,232.9692,232.94,0.0
202606240838,233.0,233.0,233.0,233.0,0.0
202606240839,233.0,233.01,233.01,233.0,0.0
202606240840,233.01,233.01,233.01,233.01,0.0
202606240841,233.2,233.06,233.2,233.0,0.0
202606240842,233.4988,232.954,233.4988,232.954,0.0
202606240843,233.02,233.0267,233.11,232.94,0.0
202606240844,233.486,233.486,233.486,232.954,0.0
202606240845,233.5,233.5,233.5,233.5,0.0
202606240846,233.13,233.19,233.5835,232.9565,0.0
202606240847,233.19,233.19,233.19,233.19,0.0
202606240848,233.1,233.1,233.1,233.1,0.0
202606240849,233.5835,233.68,233.68,233.5835,0.0
202606240850,233.07,233.07,233.07,233.07,0.0
202606240851,233.4,233.21,233.4,233.21,0.0
202606240852,233.0973,233.07,233.0973,233.07,0.0
202606240853,233.05,233.0512,233.2,233.05,0.0
202606240854,233.179,233.0577,233.21,233.0577,0.0
202606240855,233.05,233.05,233.05,233.05,0.0
202606240856,233.05,233.1024,233.2,233.05,0.0
202606240857,233.1399,233.11,233.21,233.11,0.0
202606240858,233.3997,233.2085,233.5315,233.2085,0.0
202606240901,233.27,233.27,233.27,233.27,0.0
202606240902,233.18,233.18,233.24,232.99,0.0
202606240903,233.15,233.18,233.6367,233.08,0.0
202606240904,233.09,233.09,233.09,233.09,0.0
202606240905,233.02,233.6,233.6,233.015,0.0
202606240906,233.2,233.2,233.21,233.2,0.0
202606240907,233.2,233.25,233.25,233.2,0.0
202606240908,233.26,233.26,233.26,233.06,0.0
202606240909,233.36,233.37,233.4,233.21,0.0
202606240910,233.37,233.26,233.37,233.26,0.0
202606240911,233.37,233.43,233.43,233.34,0.0
202606240912,233.5752,233.0147,233.5752,233.0147,0.0
202606240913,233.0147,233.13,233.13,233.0147,0.0
202606240914,233.48,233.5,233.5025,233.48,0.0
202606240915,233.5122,233.5122,233.5122,233.5122,0.0
202606240916,233.9644,233.41,233.9644,233.41,0.0
202606240917,233.8,233.59,233.8,233.59,0.0
202606240918,233.5655,233.21,233.5655,233.21,0.0
202606240919,233.2,233.4485,233.4777,233.13,0.0
202606240920,233.06,233.15,233.15,233.06,0.0
202606240921,233.1,233.0115,233.15,233.0115,0.0
202606240922,233.15,233.54,233.54,233.0819,0.0
202606240923,233.7488,233.55,233.7488,233.55,0.0
202606240924,233.55,233.6,233.6,233.46,0.0
202606240925,233.6,233.6,233.6,233.43,0.0
202606240926,233.71,233.69,233.74,233.57,0.0
202606240927,233.69,233.69,233.9652,233.6,0.0
202606240928,233.69,233.62,233.71,233.38,0.0
202606240929,233.9652,233.4,233.9652,233.0247,0.0
202606240930,233.7402,233.4214,233.7402,233.3697,0.0
202606240931,233.48,233.4185,233.7415,233.4185,0.0
202606240932,233.7415,233.204,233.7488,233.0187,0.0
202606240933,233.4185,233.4457,233.7422,233.4185,0.0
202606240934,233.6,233.67,233.67,233.0,0.0
202606240935,233.61,233.6,233.67,233.2,0.0
202606240936,233.6582,233.5,233.6582,233.0167,0.0
202606240938,233.5,233.4,233.67,233.4,0.0
202606240939,233.39,233.7315,233.7315,233.2245,0.0
202606240940,233.4085,233.7377,233.7377,233.2427,0.0
202606240941,233.7488,233.5915,233.7488,233.26,0.0
202606240942,233.34,233.25,233.34,233.25,0.0
202606240944,233.33,233.3,233.57,233.25,0.0
202606240945,233.45,233.4488,233.45,233.4488,0.0
202606240946,233.429,233.429,233.429,233.011,0.0
202606240947,233.011,233.6,233.6,233.011,0.0
202606240948,233.585,233.41,233.6,233.015,0.0
202606240949,233.3927,233.4095,233.41,233.0105,0.0
202606240950,233.0105,233.42,233.585,233.0105,0.0
202606240951,233.47,233.1895,233.47,233.1826,0.0
202606240952,233.5752,233.2675,233.59,233.0147,0.0
202606240953,233.5752,233.45,233.5795,233.0147,0.0
202606240954,233.59,233.48,233.59,233.2097,0.0
202606240955,233.4967,233.58,233.58,233.0147,0.0
202606240956,233.59,233.4,233.59,233.3512,0.0
202606240957,233.4,233.5,233.6,233.3673,0.0
202606240958,233.5,233.5,233.5,233.47,0.0
202606240959,233.5,233.45,233.5,233.45,0.0
202606241000,233.45,233.4965,233.4988,233.45,0.0
202606241001,233.4776,233.4988,233.4988,233.4776,0.0
202606241002,233.4965,233.3635,233.5,233.3635,0.0
202606241003,233.3673,233.4,233.5,233.3635,0.0
202606241004,233.4786,233.4,233.4786,233.3673,0.0
202606241005,233.5,233.4,233.5,233.2,0.0
202606241006,233.32,233.3,233.32,233.3,0.0
202606241007,233.5,233.35,233.5,233.35,0.0
202606241008,233.4777,233.4095,233.4777,233.0105,0.0
202606241009,233.0105,233.4095,233.4095,233.0105,0.0
202606241010,233.1,233.42,233.4387,233.0105,0.0
202606241011,233.4095,233.19,233.44,233.0105,0.0
202606241012,233.35,233.0012,233.35,233.0012,0.0
202606241013,233.32,233.455,233.455,233.0,0.0
202606241014,233.32,233.3222,233.3222,233.32,0.0
202606241015,233.0105,233.23,233.4095,233.0105,0.0
202606241016,233.4387,233.0112,233.4387,233.0112,0.0
202606241017,233.4097,233.26,233.4097,233.0202,0.0
202606241018,233.3768,233.03,233.4295,233.03,0.0
202606241019,233.4102,233.25,233.4102,233.0397,0.0
202606241020,233.26,233.33,233.33,233.25,0.0
202606241021,233.4095,233.39,233.4095,233.38,0.0
202606241022,233.0115,233.24,233.41,233.0105,0.0
202606241023,233.0219,233.2465,233.35,233.0219,0.0
202606241024,233.33,233.24,233.33,233.24,0.0
202606241025,233.24,233.195,233.25,233.195,0.0
202606241026,233.4387,233.4788,233.4788,233.01,0.0
202606241027,233.36,233.3961,233.4588,233.36,0.0
202606241028,233.33,233.53,234.07,233.33,0.0
202606241029,233.53,233.63,233.64,233.53,0.0
202606241030,233.63,233.95,233.95,233.225,0.0
202606241031,233.93,233.61,234.2,233.61,0.0
202606241032,233.9292,233.9988,233.9988,233.9,0.0
202606241033,234.0,233.8203,234.0,233.8203,0.0
202606241034,233.85,233.7,233.85,233.7,0.0
202606241035,233.85,233.85,233.85,233.75,0.0
202606241036,233.616,233.616,233.85,233.616,0.0
202606241037,233.844,233.616,233.85,233.616,0.0
202606241038,233.844,233.33,233.844,233.0152,0.0
202606241039,233.0152,233.5,233.5,233.0152,0.0
202606241040,233.45,233.3,233.6088,233.3,0.0
202606241041,233.0152,233.35,233.5947,233.0152,0.0
202606241042,233.31,233.6,233.6,233.0152,0.0
202606241043,233.47,233.59,233.6097,233.47,0.0
202606241044,233.2718,233.45,233.45,233.2718,0.0
202606241045,233.55,233.55,233.55,233.55,0.0
202606241046,233.45,233.18,233.507,233.11,0.0
202606241047,233.2,233.43,233.43,233.2,0.0
202606241048,233.39,233.15,233.4905,233.15,0.0
202606241049,233.37,233.1212,233.37,233.1212,0.0
202606241050,233.35,233.35,233.35,233.18,0.0
202606241051,233.15,233.3,233.3,233.12,0.0
202606241052,233.3,233.5224,233.6,233.25,0.0
202606241053,233.35,233.32,233.38,233.32,0.0
202606241054,233.3,233.0347,233.5952,233.0347,0.0
202606241055,233.2,233.2,233.2,233.2,0.0
202606241056,233.2422,233.48,233.48,233.2422,0.0
202606241057,233.25,233.5,233.61,233.24,0.0
202606241058,233.47,233.47,233.47,233.47,0.0
202606241059,233.46,233.46,233.46,233.46,0.0
202606241100,233.31,233.4,234.11,233.1,0.0
202606241101,233.111,233.2102,233.5997,233.1,0.0
202606241102,233.2,233.5997,233.61,233.2,0.0
202606241103,233.2102,233.55,234.0,233.2,0.0
202606241104,233.55,233.99,233.99,233.55,0.0
202606241105,233.6195,233.7937,233.9702,233.61,0.0
202606241106,233.65,233.3,233.735,233.3,0.0
202606241107,233.6,233.62,233.62,233.3,0.0
202606241108,233.5,233.8671,233.89,233.3,0.0
202606241109,233.62,233.5767,233.99,233.46,0.0
202606241110,233.5,233.36,233.7988,233.3,0.0
202606241111,233.3125,233.58,233.58,233.3125,0.0
202606241112,233.58,233.7,233.7,233.352,0.0
202606241113,233.59,233.5,233.6791,233.45,0.0
202606241114,233.5,233.495,233.5,233.3012,0.0
202606241115,233.32,233.474,233.5,233.305,0.0
202606241116,233.43,233.305,233.45,233.305,0.0
202606241117,233.32,233.419,233.5,233.26,0.0
202606241118,233.39,233.4,233.44,233.2627,0.0
202606241119,233.37,233.39,233.5,233.2487,0.0
202606241120,233.5,233.25,233.5,233.25,0.0
202606241121,233.2377,233.15,233.3,233.15,0.0
202606241122,233.33,233.4,233.4817,233.15,0.0
202606241123,233.31,233.4999,233.5,233.22,0.0
202606241124,233.35,233.45,233.4915,233.3,0.0
202606241125,233.31,233.22,233.5,233.15,0.0
202606241126,233.4545,233.15,233.5,233.15,0.0
202606241127,233.4568,233.4912,233.5,233.15,0.0
202606241128,233.45,233.1587,233.5,233.15,0.0
202606241129,233.4912,233.4912,233.5,233.1587,0.0
202606241130,233.45,233.4915,233.5,233.1587,0.0
202606241131,233.5,233.4815,233.5,233.1585,0.0
202606241132,233.1585,233.47,233.49,233.15,0.0
202606241133,233.15,233.256,233.49,233.15,0.0
202606241134,233.484,233.45,233.484,233.25,0.0
202606241135,233.4599,233.44,233.46,233.25,0.0
202606241136,233.39,233.3,233.49,233.29,0.0
202606241137,233.3,233.5172,233.89,233.3,0.0
202606241138,233.79,233.73,233.8,233.5168,0.0
202606241139,233.75,233.6104,233.8506,233.6,0.0
202606241140,233.795,233.8,233.8,233.6,0.0
202606241141,233.7617,233.7549,233.79,233.52,0.0
202606241142,233.74,233.6,233.75,233.6,0.0
202606241143,233.738,233.403,233.75,233.403,0.0
202606241144,233.41,233.5,233.68,233.4,0.0
202606241145,233.6437,233.4355,233.65,233.4,0.0
202606241146,233.6445,233.6,233.65,233.4355,0.0
202606241147,233.54,233.595,233.6,233.405,0.0
202606241148,233.405,233.8885,233.9,233.405,0.0
202606241149,233.4515,233.6222,234.0877,233.4515,0.0
202606241150,233.85,234.0545,234.1,233.85,0.0
202606241151,234.0604,233.9607,234.1,233.75,0.0
202606241152,233.96,234.1,234.1,233.75,0.0
202606241153,233.7,233.9,234.1,233.7,0.0
202606241154,234.0,233.9925,234.1,233.7001,0.0
202606241155,233.85,234.0,234.0,233.7,0.0
202606241156,233.99,234.0,234.0,233.7001,0.0
202606241157,233.7,233.88,234.0,233.7,0.0
202606241158,234.0,233.95,234.0,233.8,0.0
202606241159,233.95,233.9,233.961,233.8,0.0
202606241200,233.87,233.99,234.0,233.79,0.0
202606241201,234.0,233.9,234.0,233.75,0.0
202606241202,234.0,234.0,234.0,233.7,0.0
202606241203,233.85,234.0,234.0,233.78,0.0
202606241204,233.89,233.8,233.94,233.7,0.0
202606241205,233.92,233.87,233.92,233.8007,0.0
202606241206,233.8,233.8035,233.9566,233.8,0.0
202606241207,233.8234,233.8,233.94,233.7,0.0
202606241208,233.8,233.7966,233.82,233.7,0.0
202606241209,233.81,233.82,233.9925,233.7,0.0
202606241210,233.75,234.0,234.0,233.7047,0.0
202606241211,233.9,233.85,233.9,233.72,0.0
202606241212,233.8716,233.85,233.9,233.7,0.0
202606241213,233.7104,233.6921,233.9,233.69,0.0
202606241214,233.6723,233.58,233.7027,233.42,0.0
202606241215,233.58,233.64,233.66,233.47,0.0
202606241216,233.65,233.328,233.65,233.328,0.0
202606241217,233.64,233.5,233.64,233.5,0.0
202606241218,233.63,233.8535,233.99,233.5924,0.0
202606241219,233.5407,233.8,233.96,233.5407,0.0
202606241220,233.8,233.9592,233.9805,233.5415,0.0
202606241221,233.75,233.69,233.97,233.53,0.0
202606241222,233.53,233.77,233.881,233.53,0.0
202606241223,233.72,233.959,233.959,233.53,0.0
202606241224,233.541,233.8157,233.959,233.541,0.0
202606241225,233.7227,233.74,233.83,233.55,0.0
202606241226,233.74,233.74,233.83,233.55,0.0
202606241227,233.83,233.7,233.83,233.55,0.0
202606241228,233.7933,233.7,233.83,233.7,0.0
202606241229,233.8,233.8,233.83,233.55,0.0
202606241230,233.65,233.49,233.83,233.3,0.0
202606241231,233.4852,233.4425,233.49,233.3,0.0
202606241232,233.3037,233.45,233.83,233.2905,0.0
202606241233,233.43,233.35,233.43,233.29,0.0
202606241234,233.3426,233.202,233.3487,233.2,0.0
202606241235,233.2,233.24,233.5997,233.2,0.0
202606241236,233.2492,233.27,233.6,233.2,0.0
202606241237,233.21,233.0395,233.3768,232.95,0.0
202606241238,232.857,233.05,233.32,232.85,0.0
202606241239,233.5,233.06,233.5,232.91,0.0
202606241240,233.4752,232.9442,233.49,232.9147,0.0
202606241241,233.3788,233.0,233.38,232.93,0.0
202606241242,233.2,233.36,233.38,233.05,0.0
202606241243,233.36,233.05,233.36,233.05,0.0
202606241244,233.21,233.0,233.21,233.0,0.0
202606241245,233.1755,233.46,233.49,233.0037,0.0
202606241246,233.4796,233.463,233.58,233.4407,0.0
202606241247,233.577,233.58,233.58,233.46,0.0
202606241248,233.4825,233.56,233.58,233.48,0.0
202606241249,233.52,233.46,233.58,233.45,0.0
202606241250,233.57,233.57,233.57,233.46,0.0
202606241251,233.42,233.3927,233.57,233.3927,0.0
202606241252,233.4777,233.478,233.48,233.3817,0.0
202606241253,233.402,233.47,233.5,233.4,0.0
202606241254,233.4975,233.4,233.5,233.4,0.0
202606241255,233.4025,233.4487,233.4975,233.4,0.0
202606241256,233.4,233.43,254.4,233.4,0.0
202606241257,233.43,233.43,233.4487,233.4,0.0
202606241258,233.4261,233.4322,233.4487,233.4,0.0
202606241259,233.4018,233.5462,233.5462,233.4,0.0
202606241300,233.4037,233.403,233.58,233.4,0.0
202606241301,233.4,233.4015,233.4585,233.4,0.0
202606241302,233.4522,233.48,233.5,233.4,0.0
202606241303,233.5,233.4975,233.57,233.4,0.0
202606241304,233.4025,233.4,233.5,233.4,0.0
202606241305,233.4022,233.5462,233.564,233.4,0.0
202606241306,233.5462,233.44,233.5462,233.4,0.0
202606241307,233.54,233.5267,233.55,233.4032,0.0
202606241308,233.4032,233.51,233.5462,233.4,0.0
202606241309,233.4,233.478,233.5462,233.4,0.0
202606241310,233.4,233.4035,233.54,233.4,0.0
202606241311,233.5365,233.23,233.5365,233.08,0.0
202606241312,233.35,232.78,233.4212,232.75,0.0
202606241313,232.82,232.9179,233.07,232.75,0.0
202606241314,232.87,232.87,232.99,232.77,0.0
202606241315,232.95,233.0,233.1,232.8,0.0
202606241316,232.9,233.09,233.0937,232.8,0.0
202606241317,233.1,232.9455,233.1,232.7745,0.0
202606241318,232.9455,233.0925,233.1,232.7745,0.0
202606241319,233.08,233.0657,233.1,232.8075,0.0
202606241320,233.056,232.99,233.09,232.9,0.0
202606241321,233.0852,233.0,233.09,232.9,0.0
202606241322,232.95,232.9035,233.04,232.9035,0.0
202606241323,233.0365,232.98,233.08,232.8,0.0
202606241324,232.98,232.8,232.98,232.64,0.0
202606241325,232.99,233.34,233.47,232.9532,0.0
202606241326,233.33,233.4,233.4,233.01,0.0
202606241327,233.3,232.81,233.4,232.655,0.0
202606241328,233.08,233.76,234.0,232.92,0.0
202606241329,233.8972,233.71,234.0,233.7,0.0
202606241330,233.84500122070312,233.9499969482422,234.1999969482422,232.9499969482422,1402516.0
202606241331,233.98500061035156,234.2899932861328,234.99000549316406,233.86000061035156,171185.0
202606241332,234.30999755859375,235.02499389648438,235.3000030517578,234.30999755859375,284244.0
202606241333,235.02499389648438,236.49319458007812,236.5500030517578,235.02499389648438,209905.0
202606241334,236.4550018310547,236.83999633789062,236.99000549316406,236.4199981689453,142803.0
202606241335,236.85000610351562,236.3300018310547,237.15989685058594,236.3000030517578,237444.0
202606241336,236.3350067138672,237.35000610351562,237.44000244140625,236.3350067138672,188431.0
202606241337,237.35000610351562,238.27999877929688,238.33999633789062,237.3199005126953,298752.0
202606241338,238.27000427246094,238.4600067138672,238.47999572753906,238.02200317382812,245207.0
202606241339,238.4250030517578,237.53500366210938,238.44000244140625,237.460205078125,241497.0
202606241340,237.52999877929688,237.4250030517578,237.83999633789062,237.09500122070312,366058.0
202606241341,237.4250030517578,237.25999450683594,237.5500030517578,237.0399932861328,199565.0
202606241342,237.25999450683594,237.3300018310547,237.44000244140625,237.1699981689453,166606.0
202606241343,237.32000732421875,237.96420288085938,238.0050048828125,237.32000732421875,237433.0
202606241344,237.99000549316406,237.8000030517578,238.1699981689453,237.6699981689453,175199.0
202606241345,237.77000427246094,237.7550048828125,238.1300048828125,237.4199981689453,154722.0
202606241346,237.66000366210938,237.41749572753906,237.67990112304688,237.23500061035156,150415.0
202606241347,237.3751983642578,237.27000427246094,237.75,237.0399932861328,119963.0
202606241348,237.27000427246094,237.16000366210938,237.3000030517578,236.9199981689453,135199.0
202606241349,237.14999389648438,237.1199951171875,237.39999389648438,236.8800048828125,126386.0
202606241350,237.13499450683594,237.2449951171875,237.47340393066406,237.1300048828125,175791.0
202606241351,237.28500366210938,237.9149932861328,237.9149932861328,237.26010131835938,136254.0
202606241352,237.89999389648438,238.22999572753906,238.30999755859375,237.85000610351562,204667.0
202606241353,238.23899841308594,238.40499877929688,238.5,237.94000244140625,324057.0
202606241354,238.3800048828125,238.05999755859375,238.43499755859375,237.82000732421875,124709.0
202606241355,238.05020141601562,237.3885040283203,238.25,237.3000946044922,184241.0
202606241356,237.3699951171875,237.25999450683594,237.60910034179688,237.24000549316406,94107.0
202606241357,237.27000427246094,237.36000061035156,237.47000122070312,237.1699981689453,69823.0
202606241358,237.33999633789062,237.57919311523438,237.61000061035156,237.25,65116.0
202606241359,237.5500030517578,237.21499633789062,237.58999633789062,237.0,178049.0
202606241400,237.19000244140625,237.52999877929688,237.58999633789062,237.0399932861328,120046.0
202606241401,237.63999938964844,237.3300018310547,237.6840057373047,237.22000122070312,100592.0
202606241402,237.2949981689453,237.1199951171875,237.33999633789062,237.0500030517578,68161.0
202606241403,237.1215057373047,236.75,237.125,236.70010375976562,202010.0
202606241404,236.75,236.77000427246094,237.89999389648438,236.57000732421875,311346.0
202606241405,236.78500366210938,236.9499969482422,237.0,236.63999938964844,114144.0
202606241406,236.9550018310547,236.77000427246094,237.16000366210938,236.69000244140625,104638.0
202606241407,236.8000030517578,236.6999969482422,236.94000244140625,236.6114044189453,81152.0
202606241408,236.6999969482422,236.94000244140625,237.05999755859375,236.52999877929688,167859.0
202606241409,236.94500732421875,237.02999877929688,237.07000732421875,236.8000030517578,97753.0
202606241410,237.0399932861328,237.0200958251953,237.13999938964844,236.9199981689453,126664.0
202606241411,237.0500030517578,236.90499877929688,237.0500030517578,236.69500732421875,63273.0
202606241412,236.88999938964844,237.1800994873047,237.22000122070312,236.7700958251953,104420.0
202606241413,237.22500610351562,237.38999938964844,237.55999755859375,237.09500122070312,98024.0
202606241414,237.4199981689453,237.5299072265625,237.6199951171875,237.3800048828125,83292.0
202606241415,237.52999877929688,237.4199981689453,237.67999267578125,237.38999938964844,89073.0
202606241416,237.44000244140625,237.11500549316406,237.4499969482422,237.03500366210938,97788.0
202606241417,237.10000610351562,237.3000030517578,237.3699951171875,237.00999450683594,108678.0
202606241418,237.3000030517578,237.8300018310547,237.8800048828125,237.2100067138672,96054.0
202606241419,237.8300018310547,237.9199981689453,238.10000610351562,237.76499938964844,125411.0
202606241420,237.9499969482422,238.3881072998047,238.38999938964844,237.64500427246094,149451.0
202606241421,238.3800048828125,238.6300048828125,238.6750030517578,238.24000549316406,185105.0
202606241422,238.64999389648438,238.67250061035156,238.88999938964844,238.6199951171875,154995.0
202606241423,238.63999938964844,238.5500030517578,238.97000122070312,238.5323028564453,146489.0
202606241424,238.49000549316406,238.6699981689453,238.77749633789062,238.47000122070312,116829.0
202606241425,238.69000244140625,238.625,238.9199981689453,238.61000061035156,100584.0
202606241426,238.65499877929688,238.26010131835938,238.68870544433594,238.22999572753906,103462.0
202606241427,238.2899932861328,238.6699981689453,238.68499755859375,238.19009399414062,71052.0
202606241428,238.7050018310547,238.32000732421875,238.72000122070312,238.25999450683594,60097.0
202606241429,238.2899932861328,238.4149932861328,238.47999572753906,238.1999969482422,78619.0
202606241430,238.41000366210938,238.6699981689453,238.69000244140625,238.39999389648438,79056.0
202606241431,238.6699981689453,238.8350067138672,238.85989379882812,238.52999877929688,63875.0
202606241432,238.85000610351562,238.83999633789062,239.0800018310547,238.6875,187658.0
202606241433,238.83999633789062,238.67999267578125,238.86500549316406,238.5800018310547,138299.0
202606241434,238.73500061035156,238.69000244140625,238.78900146484375,238.5800018310547,85573.0
202606241435,238.69000244140625,238.35000610351562,238.77000427246094,238.3300018310547,78275.0
202606241436,238.3300018310547,238.07000732421875,238.39999389648438,238.02000427246094,90937.0
202606241437,238.0850067138672,237.96499633789062,238.10989379882812,237.73500061035156,105438.0
202606241438,237.9600067138672,237.9550018310547,238.0,237.7899932861328,75877.0
202606241439,237.9600067138672,238.13519287109375,238.22000122070312,237.88999938964844,71180.0
202606241440,238.125,238.25999450683594,238.39930725097656,238.125,58328.0
202606241441,238.25999450683594,238.38999938964844,238.5800018310547,238.2449951171875,91144.0
202606241442,238.38999938964844,238.34579467773438,238.39999389648438,238.07000732421875,70194.0
202606241443,238.35000610351562,238.3699951171875,238.41000366210938,238.23699951171875,39165.0
202606241444,238.4199981689453,238.8699951171875,238.8979949951172,238.38499450683594,52387.0
202606241445,238.86000061035156,239.2899932861328,239.3300018310547,238.83999633789062,111911.0
202606241446,239.27000427246094,239.4499969482422,239.5800018310547,239.27000427246094,136194.0
202606241447,239.38099670410156,239.60000610351562,239.60499572753906,239.3699951171875,65683.0
202606241448,239.6199951171875,239.75999450683594,239.7899932861328,239.57009887695312,94075.0
202606241449,239.77999877929688,240.0092010498047,240.0500030517578,239.77999877929688,219037.0
202606241450,240.03500366210938,239.97999572753906,240.27999877929688,239.9250030517578,203676.0
202606241451,239.96580505371094,240.1999969482422,240.1999969482422,239.8000030517578,85225.0
202606241452,240.1999969482422,240.37969970703125,240.47999572753906,240.1999969482422,143593.0
202606241453,240.36000061035156,240.35499572753906,240.47999572753906,240.3350067138672,127863.0
202606241454,240.35000610351562,239.94000244140625,240.35000610351562,239.81809997558594,184571.0
202606241455,239.96499633789062,240.32000732421875,240.35000610351562,239.92999267578125,94214.0
202606241456,240.32000732421875,240.60000610351562,240.64999389648438,240.25999450683594,147664.0
202606241457,240.60000610351562,240.67999267578125,240.72999572753906,240.5,111261.0
202606241458,240.69500732421875,240.8000030517578,240.88999938964844,240.6699981689453,138586.0
202606241459,240.8000030517578,241.01040649414062,241.0489959716797,240.7899932861328,194559.0
202606241500,241.02999877929688,241.05999755859375,241.10499572753906,240.85000610351562,145649.0
202606241501,241.0800018310547,241.13499450683594,241.22500610351562,241.0601043701172,187310.0
202606241502,241.1300048828125,241.1999969482422,241.25999450683594,241.0399932861328,180667.0
202606241503,241.1999969482422,241.32000732421875,241.3498992919922,241.13499450683594,124408.0
202606241504,241.32000732421875,241.1300048828125,241.41000366210938,241.02999877929688,166075.0
202606241505,241.13999938964844,240.97000122070312,241.17999267578125,240.83009338378906,148863.0
202606241506,240.9499969482422,241.09500122070312,241.15499877929688,240.86000061035156,131954.0
202606241507,241.09500122070312,241.20599365234375,241.22000122070312,240.97999572753906,104451.0
202606241508,241.2169952392578,241.27999877929688,241.47999572753906,241.1999969482422,194735.0
202606241509,241.26499938964844,241.67959594726562,241.67999267578125,241.26499938964844,197750.0
202606241510,241.6737060546875,241.3300018310547,241.82000732421875,241.19500732421875,164617.0
202606241511,241.30999755859375,241.52000427246094,241.60000610351562,241.3000030517578,154129.0
202606241512,241.52000427246094,241.4499969482422,241.53500366210938,241.17449951171875,167114.0
202606241513,241.42999267578125,241.61000061035156,241.7100067138672,241.30499267578125,104900.0
202606241514,241.6199951171875,241.88999938964844,242.10000610351562,241.61000061035156,282745.0
202606241515,241.8300018310547,241.89500427246094,242.08999633789062,241.77000427246094,208559.0
202606241516,241.89999389648438,242.1300048828125,242.31500244140625,241.89500427246094,224926.0
202606241517,242.13499450683594,242.2698974609375,242.3000030517578,241.9842987060547,100049.0
202606241518,242.2899932861328,241.9199981689453,242.41990661621094,241.9001007080078,169049.0
202606241519,241.89999389648438,241.8249969482422,241.9499969482422,241.62010192871094,131030.0
202606241520,241.80999755859375,241.90499877929688,241.97000122070312,241.75,85913.0
202606241521,241.88999938964844,241.99000549316406,242.14999389648438,241.85000610351562,159954.0
202606241522,241.99609375,241.9600067138672,242.16000366210938,241.88999938964844,163535.0
202606241523,241.9799041748047,241.97000122070312,242.1199951171875,241.82000732421875,128266.0
202606241524,241.97000122070312,242.00010681152344,242.16000366210938,241.77000427246094,146535.0
202606241525,241.9600067138672,241.7550048828125,241.99249267578125,241.73500061035156,103691.0
202606241526,241.7550048828125,241.86000061035156,241.86099243164062,241.6300048828125,119054.0
202606241527,241.85499572753906,241.86000061035156,242.0500030517578,241.77999877929688,100716.0
202606241528,241.85499572753906,241.39010620117188,241.86000061035156,241.34500122070312,99609.0
202606241529,241.4250030517578,241.8249969482422,241.8249969482422,241.41000366210938,93338.0
202606241530,241.80999755859375,241.9149932861328,241.97999572753906,241.77000427246094,106941.0
202606241531,241.9237060546875,241.5,241.9499969482422,241.49200439453125,90113.0
202606241532,241.5,241.5113983154297,241.6667938232422,241.36000061035156,73385.0
202606241533,241.5399932861328,241.32000732421875,241.56700134277344,241.2100067138672,108198.0
202606241534,241.3249969482422,241.5800018310547,241.68499755859375,241.31629943847656,115521.0
202606241535,241.5800018310547,241.92689514160156,242.02499389648438,241.5749969482422,136714.0
202606241536,241.94000244140625,241.44500732421875,241.99000549316406,241.44500732421875,115773.0
202606241537,241.44500732421875,241.30999755859375,241.52999877929688,241.25999450683594,100007.0
202606241538,241.3300018310547,241.09140014648438,241.3300018310547,241.08999633789062,78243.0
202606241539,241.11000061035156,241.1199951171875,241.14999389648438,241.0,103400.0
202606241540,241.10000610351562,241.17999267578125,241.3249969482422,241.10000610351562,127840.0
202606241541,241.1699981689453,241.11500549316406,241.25999450683594,241.02999877929688,65806.0
202606241542,241.1199951171875,240.88999938964844,241.1199951171875,240.75999450683594,149759.0
202606241543,240.88999938964844,240.8249969482422,240.97000122070312,240.72000122070312,148799.0
202606241544,240.8249969482422,241.07000732421875,241.11000061035156,240.8000030517578,97146.0
202606241545,241.0800018310547,241.05499267578125,241.0800018310547,240.9217071533203,67506.0
202606241546,241.05999755859375,241.02999877929688,241.14500427246094,240.96499633789062,87829.0
202606241547,241.0399932861328,241.02000427246094,241.18310546875,241.0,67135.0
202606241548,241.03500366210938,241.2100067138672,241.42999267578125,241.03500366210938,1203809.0
202606241549,241.19500732421875,241.4600067138672,241.4600067138672,241.17999267578125,75152.0
202606241550,241.47999572753906,241.68499755859375,241.7100067138672,241.44000244140625,80279.0
202606241551,241.7050018310547,241.6999969482422,241.72000122070312,241.5399932861328,104588.0
202606241552,241.6999969482422,241.86000061035156,241.8800048828125,241.64999389648438,59935.0
202606241553,241.86000061035156,241.7100067138672,241.86000061035156,241.7100067138672,63315.0
202606241554,241.7100067138672,241.61000061035156,241.71499633789062,241.52000427246094,57723.0
202606241555,241.6199951171875,241.72500610351562,241.8267059326172,241.60499572753906,50878.0
202606241556,241.71060180664062,241.83999633789062,241.86000061035156,241.67999267578125,57310.0
202606241557,241.80999755859375,241.7100067138672,241.85499572753906,241.66000366210938,156391.0
202606241558,241.7100067138672,241.63099670410156,241.8300018310547,241.6199951171875,54767.0
202606241559,241.63999938964844,241.94000244140625,241.9698944091797,241.60000610351562,92060.0
202606241600,241.9199981689453,241.8350067138672,242.0,241.75,76043.0
202606241601,241.8350067138672,241.7899932861328,241.99000549316406,241.77999877929688,59149.0
202606241602,241.78500366210938,241.83999633789062,241.9199981689453,241.77999877929688,43635.0
202606241603,241.82000732421875,241.6699981689453,241.83999633789062,241.5749969482422,94560.0
202606241604,241.69000244140625,241.625,241.79449462890625,241.56109619140625,57331.0
202606241605,241.6300048828125,241.61000061035156,241.64549255371094,241.52000427246094,46910.0
202606241606,241.64999389648438,241.58999633789062,241.77999877929688,241.57000732421875,51929.0
202606241607,241.5950927734375,241.77999877929688,241.7899932861328,241.58999633789062,51272.0
202606241608,241.7675018310547,241.7301025390625,242.0,241.7301025390625,80005.0
202606241609,241.72999572753906,241.83999633789062,241.86000061035156,241.63250732421875,50033.0
202606241610,241.85000610351562,241.8800048828125,241.91000366210938,241.69000244140625,63802.0
202606241611,241.875,241.86500549316406,241.97000122070312,241.85499572753906,60364.0
202606241612,241.8699951171875,241.85499572753906,241.9199981689453,241.72000122070312,74413.0
202606241613,241.85000610351562,241.85499572753906,241.9001007080078,241.72000122070312,45095.0
202606241614,241.85499572753906,241.7899932861328,241.9600067138672,241.75,51096.0
202606241615,241.80499267578125,241.61000061035156,241.9499969482422,241.61000061035156,49178.0
202606241616,241.59010314941406,241.5500030517578,241.61000061035156,241.38999938964844,55709.0
202606241617,241.57000732421875,241.72999572753906,241.72999572753906,241.51010131835938,53070.0
202606241618,241.74000549316406,241.52999877929688,241.92999267578125,241.5,73097.0
202606241619,241.53500366210938,241.52999877929688,241.61500549316406,241.41000366210938,50680.0
202606241620,241.5449981689453,241.26499938964844,241.6199951171875,241.2220001220703,59884.0
202606241621,241.2899932861328,241.41000366210938,241.4499969482422,241.14999389648438,60945.0
202606241622,241.40750122070312,241.4199981689453,241.4600067138672,241.3000946044922,550624.0
202606241623,241.41000366210938,241.50999450683594,241.55990600585938,241.3300018310547,43474.0
202606241624,241.50999450683594,241.3699951171875,241.58999633789062,241.3699951171875,41480.0
202606241625,241.35000610351562,241.11000061035156,241.3699951171875,241.08999633789062,66382.0
202606241626,241.11000061035156,241.02000427246094,241.13040161132812,241.0,88133.0
202606241627,241.039794921875,241.11000061035156,241.1199951171875,240.97000122070312,59355.0
202606241628,241.10000610351562,241.0050048828125,241.1699981689453,241.0050048828125,47923.0
202606241629,241.0050048828125,240.91000366210938,241.0800018310547,240.89999389648438,57909.0
202606241630,240.9199981689453,240.72000122070312,240.94000244140625,240.6699981689453,63558.0
202606241631,240.74000549316406,240.67999267578125,240.77999877929688,240.67999267578125,75954.0
202606241632,240.67999267578125,240.625,240.75,240.5399932861328,57020.0
202606241633,240.61000061035156,240.75,240.77000427246094,240.58999633789062,63435.0
202606241634,240.75,240.63999938964844,240.77000427246094,240.5800018310547,58784.0
202606241635,240.6300048828125,240.65499877929688,240.75,240.610595703125,58210.0
202606241636,240.65499877929688,240.4499969482422,240.69000244140625,240.42449951171875,60915.0
202606241637,240.46499633789062,239.97999572753906,240.47999572753906,239.9499969482422,108276.0
202606241638,240.0,239.88499450683594,240.1300048828125,239.83999633789062,59616.0
202606241639,239.85000610351562,239.89999389648438,239.9600067138672,239.7198944091797,74588.0
202606241640,239.91990661621094,239.89999389648438,239.92999267578125,239.7899932861328,86279.0
202606241641,239.89999389648438,239.78500366210938,239.91000366210938,239.5800018310547,330961.0
202606241642,239.77000427246094,239.82000732421875,239.85000610351562,239.64999389648438,57378.0
202606241643,239.82000732421875,239.89999389648438,239.89999389648438,239.8000030517578,74365.0
202606241644,239.91000366210938,239.8699951171875,239.9774932861328,239.86000061035156,70140.0
202606241645,239.87510681152344,239.93499755859375,239.9600067138672,239.78500366210938,64497.0
202606241646,239.94000244140625,240.0800018310547,240.27999877929688,239.94000244140625,80805.0
202606241647,240.08999633789062,240.38999938964844,240.42630004882812,240.07000732421875,70912.0
202606241648,240.35000610351562,240.3800048828125,240.4499969482422,240.30999755859375,43910.0
202606241649,240.38999938964844,240.30999755859375,240.42999267578125,240.30999755859375,40742.0
202606241650,240.3197021484375,240.44000244140625,240.49000549316406,240.29010009765625,59972.0
202606241651,240.44000244140625,240.35499572753906,240.47500610351562,240.30499267578125,37870.0
202606241652,240.33999633789062,239.98500061035156,240.35000610351562,239.98500061035156,35222.0
202606241653,239.97999572753906,240.02000427246094,240.09860229492188,239.89500427246094,42742.0
202606241654,240.00999450683594,239.70010375976562,240.02000427246094,239.70010375976562,36171.0
202606241655,239.7100067138672,239.77999877929688,239.7899932861328,239.6002960205078,65437.0
202606241656,239.77999877929688,239.85499572753906,239.8699951171875,239.74200439453125,42294.0
202606241657,239.83999633789062,239.83090209960938,239.8699951171875,239.77999877929688,37262.0
202606241658,239.83999633789062,239.99000549316406,240.07000732421875,239.83999633789062,69607.0
202606241659,239.99000549316406,239.72500610351562,239.99000549316406,239.65499877929688,85203.0
202606241700,239.74000549316406,239.8699951171875,239.9199981689453,239.66009521484375,57449.0
202606241701,239.84500122070312,239.94000244140625,239.97000122070312,239.84500122070312,38567.0
202606241702,239.9550018310547,239.99000549316406,240.01499938964844,239.8699951171875,43141.0
202606241703,240.00999450683594,240.09500122070312,240.10000610351562,239.94000244140625,35236.0
202606241704,240.07000732421875,240.0500030517578,240.11000061035156,239.99000549316406,38335.0
202606241705,240.05999755859375,240.03500366210938,240.10000610351562,239.97000122070312,56729.0
202606241706,240.03500366210938,239.75999450683594,240.0399932861328,239.74000549316406,39029.0
202606241707,239.75,239.57000732421875,239.77999877929688,239.52000427246094,83536.0
202606241708,239.5500030517578,239.78500366210938,239.8300018310547,239.50999450683594,57317.0
202606241709,239.78500366210938,239.69000244140625,239.8249969482422,239.6300048828125,35125.0
202606241710,239.69009399414062,239.83999633789062,239.83999633789062,239.5850067138672,40666.0
202606241711,239.8300018310547,239.7100067138672,239.8800048828125,239.7100067138672,30031.0
202606241712,239.7100067138672,239.73500061035156,239.9199981689453,239.7100067138672,35938.0
202606241713,239.72000122070312,239.69000244140625,239.75999450683594,239.6199951171875,68573.0
202606241714,239.69000244140625,239.9199981689453,239.9199981689453,239.67999267578125,28807.0
202606241715,239.92999267578125,239.94000244140625,240.09939575195312,239.8699951171875,80974.0
202606241716,239.95989990234375,239.6999969482422,239.95989990234375,239.55999755859375,97177.0
202606241717,239.6999969482422,239.8000030517578,239.88999938964844,239.6699981689453,141992.0
202606241718,239.80999755859375,239.6999969482422,239.90499877929688,239.6699981689453,64481.0
202606241719,239.6999969482422,239.8249969482422,239.83999633789062,239.64999389648438,54988.0
202606241720,239.82809448242188,239.57000732421875,239.82809448242188,239.52000427246094,65548.0
202606241721,239.57000732421875,239.75999450683594,239.81500244140625,239.57000732421875,59242.0
202606241722,239.77999877929688,239.6699981689453,239.8697052001953,239.6699981689453,54161.0
202606241723,239.6750030517578,239.6699981689453,239.72000122070312,239.5449981689453,54985.0
202606241724,239.67999267578125,239.5800018310547,239.67999267578125,239.52499389648438,63075.0
202606241725,239.57000732421875,239.5688018798828,239.6396942138672,239.3300018310547,66119.0
202606241726,239.5800018310547,239.61000061035156,239.68499755859375,239.5800018310547,48761.0
202606241727,239.57000732421875,239.52000427246094,239.6300048828125,239.4199981689453,97938.0
202606241728,239.47000122070312,239.36000061035156,239.5,239.30079650878906,62403.0
202606241729,239.375,239.3350067138672,239.50999450683594,239.3300018310547,61977.0
202606241730,239.3350067138672,239.4199981689453,239.52999877929688,239.3000030517578,115692.0
202606241731,239.42999267578125,239.09539794921875,239.42999267578125,239.0500030517578,110505.0
202606241732,239.10499572753906,239.05999755859375,239.17999267578125,238.91000366210938,79577.0
202606241733,239.07000732421875,239.00999450683594,239.10000610351562,238.72999572753906,149596.0
202606241734,239.02999877929688,239.1300048828125,239.2100067138672,239.00999450683594,106187.0
202606241735,239.11000061035156,239.1649932861328,239.33999633789062,239.0800018310547,91571.0
202606241736,239.14999389648438,239.05999755859375,239.2100067138672,238.9600067138672,63971.0
202606241737,239.02999877929688,239.15499877929688,239.1750030517578,238.97500610351562,66084.0
202606241738,239.1699981689453,239.2899932861328,239.33999633789062,239.14999389648438,100283.0
202606241739,239.28500366210938,239.27499389648438,239.33999633789062,239.1999969482422,66464.0
202606241740,239.27499389648438,239.16000366210938,239.3000030517578,239.10000610351562,59117.0
202606241741,239.16000366210938,239.30999755859375,239.3350067138672,239.16000366210938,71640.0
202606241742,239.26499938964844,239.3000030517578,239.32000732421875,239.1750030517578,55056.0
202606241743,239.2899932861328,239.00999450683594,239.2899932861328,239.00999450683594,59899.0
202606241744,238.99000549316406,238.8300018310547,238.99000549316406,238.81500244140625,142169.0
202606241745,238.82000732421875,238.90499877929688,239.0800018310547,238.80999755859375,71630.0
202606241746,238.91000366210938,238.9600067138672,238.97999572753906,238.77000427246094,75968.0
202606241747,238.92999267578125,238.95010375976562,238.97999572753906,238.84010314941406,70456.0
202606241748,238.97000122070312,238.89500427246094,239.0749969482422,238.8800048828125,68393.0
202606241749,238.9199981689453,238.99000549316406,239.0500030517578,238.88009643554688,62271.0
202606241750,238.97000122070312,238.49000549316406,238.99000549316406,238.36000061035156,148589.0
202606241751,238.4949951171875,238.55990600585938,238.6300048828125,238.4199981689453,65076.0
202606241752,238.5500030517578,238.44000244140625,238.57000732421875,238.35009765625,78080.0
202606241753,238.4199981689453,238.47500610351562,238.47500610351562,238.26499938964844,95039.0
202606241754,238.47500610351562,238.5850067138672,238.58999633789062,238.47000122070312,72651.0
202606241755,238.58999633789062,238.7899932861328,238.89950561523438,238.58999633789062,102945.0
202606241756,238.77999877929688,238.46499633789062,238.77999877929688,238.46499633789062,56496.0
202606241757,238.4499969482422,238.30999755859375,238.47000122070312,238.3000030517578,63505.0
202606241758,238.30999755859375,238.2050018310547,238.3699951171875,238.193603515625,116642.0
202606241759,238.21499633789062,238.3249969482422,238.3800048828125,238.17999267578125,117728.0
202606241800,238.36000061035156,238.38999938964844,238.5,238.3300018310547,88993.0
202606241801,238.38999938964844,238.47999572753906,238.6300048828125,238.3300018310547,107678.0
202606241802,238.5,238.5500030517578,238.5500030517578,238.3699951171875,49998.0
202606241803,238.52999877929688,238.4324951171875,238.53500366210938,238.3350067138672,80586.0
202606241804,238.4199981689453,238.56500244140625,238.5800018310547,238.3699951171875,62192.0
202606241805,238.5399932861328,238.44500732421875,238.5800018310547,238.38999938964844,74223.0
202606241806,238.44500732421875,238.56500244140625,238.6300048828125,238.42999267578125,47593.0
202606241807,238.56500244140625,238.30999755859375,238.61000061035156,238.30999755859375,55728.0
202606241808,238.3000030517578,238.27999877929688,238.3997039794922,238.24000549316406,90334.0
202606241809,238.27999877929688,238.44000244140625,238.4600067138672,238.25,64192.0
202606241810,238.44500732421875,238.4149932861328,238.44630432128906,238.3300018310547,65619.0
202606241811,238.41000366210938,238.21499633789062,238.4600067138672,238.2100067138672,76875.0
202606241812,238.22999572753906,238.13499450683594,238.33999633789062,238.1199951171875,95995.0
202606241813,238.15499877929688,238.27999877929688,238.27999877929688,238.10000610351562,81241.0
202606241814,238.25999450683594,238.3000030517578,238.3300018310547,238.1199951171875,92091.0
202606241815,238.30999755859375,238.59500122070312,238.60000610351562,238.27000427246094,77315.0
202606241816,238.60499572753906,238.71499633789062,238.75999450683594,238.58999633789062,78864.0
202606241817,238.70010375976562,238.49000549316406,238.77000427246094,238.49000549316406,96235.0
202606241818,238.5,238.4499969482422,238.5,238.23069763183594,74910.0
202606241819,238.46499633789062,238.64500427246094,238.77499389648438,238.4600067138672,53964.0
202606241820,238.64999389648438,238.5800018310547,238.6999969482422,238.52999877929688,76456.0
202606241821,238.59500122070312,238.57000732421875,238.64999389648438,238.52999877929688,63798.0
202606241822,238.52999877929688,238.5,238.57000732421875,238.41000366210938,93909.0
202606241823,238.5,238.57000732421875,238.5800018310547,238.4600067138672,69658.0
202606241824,238.55999755859375,238.2899932861328,238.55999755859375,238.2100067138672,99089.0
202606241825,238.27499389648438,238.3800048828125,238.4550018310547,238.25,121404.0
202606241826,238.38999938964844,238.1300048828125,238.4199981689453,238.11000061035156,134879.0
202606241827,238.10000610351562,237.82000732421875,238.1999969482422,237.82000732421875,171003.0
202606241828,237.85000610351562,237.79330444335938,237.8699951171875,237.4949951171875,161382.0
202606241829,237.8000030517578,237.65499877929688,237.99000549316406,237.57000732421875,85570.0
202606241830,237.6999969482422,237.82000732421875,237.8450927734375,237.52999877929688,123367.0
202606241831,237.77999877929688,237.98500061035156,238.0500030517578,237.7100067138672,96980.0
202606241832,237.9824981689453,238.0,238.0399932861328,237.8800048828125,114213.0
202606241833,238.0,237.89999389648438,238.02000427246094,237.89999389648438,81295.0
202606241834,237.92999267578125,237.86000061035156,237.99000549316406,237.82000732421875,86259.0
202606241835,237.86000061035156,237.7899932861328,237.8699951171875,237.6999969482422,82744.0
202606241836,237.85000610351562,237.5399932861328,237.89999389648438,237.4600067138672,85626.0
202606241837,237.5500030517578,237.38999938964844,237.69000244140625,237.33999633789062,123588.0
202606241838,237.375,237.25999450683594,237.44000244140625,237.24000549316406,131033.0
202606241839,237.27000427246094,237.4199981689453,237.58999633789062,237.24000549316406,116031.0
202606241840,237.4199981689453,237.2899932861328,237.55990600585938,237.2100067138672,116699.0
202606241841,237.2949981689453,237.44000244140625,237.58999633789062,237.27999877929688,104997.0
202606241842,237.44000244140625,237.35499572753906,237.47999572753906,237.25,83999.0
202606241843,237.36000061035156,237.1699981689453,237.41000366210938,237.14500427246094,93991.0
202606241844,237.19000244140625,237.27999877929688,237.2899932861328,237.1300048828125,108651.0
202606241845,237.2899932861328,237.36500549316406,237.4199981689453,237.17999267578125,102780.0
202606241846,237.38499450683594,237.38499450683594,237.4600067138672,237.24000549316406,145900.0
202606241847,237.38999938964844,237.4199981689453,237.51499938964844,237.35000610351562,93511.0
202606241848,237.39999389648438,237.38499450683594,237.4499969482422,237.27000427246094,82642.0
202606241849,237.38999938964844,237.1699981689453,237.42999267578125,237.08999633789062,224144.0
202606241850,237.14999389648438,236.80999755859375,237.17999267578125,236.75999450683594,160338.0
202606241851,236.80999755859375,236.82000732421875,236.91000366210938,236.60000610351562,126482.0
202606241852,236.8300018310547,236.94500732421875,237.07000732421875,236.8300018310547,74729.0
202606241853,236.9600067138672,236.9720001220703,237.0800018310547,236.8699951171875,101730.0
202606241854,236.97000122070312,237.07000732421875,237.10000610351562,236.94000244140625,75182.0
202606241855,237.0800018310547,237.10000610351562,237.1300048828125,237.01010131835938,91596.0
202606241856,237.10000610351562,236.92010498046875,237.1562957763672,236.82000732421875,112101.0
202606241857,236.9219970703125,236.8350067138672,237.0050048828125,236.7812042236328,100861.0
202606241858,236.84500122070312,236.88999938964844,236.88999938964844,236.67999267578125,80865.0
202606241859,236.88999938964844,236.97000122070312,237.0,236.80999755859375,115590.0
202606241900,236.97999572753906,236.6999969482422,237.0198974609375,236.66000366210938,99676.0
202606241901,236.69000244140625,236.47999572753906,236.77999877929688,236.44039916992188,99091.0
202606241902,236.4600067138672,236.75999450683594,236.80999755859375,236.4199981689453,110347.0
202606241903,236.77000427246094,237.02999877929688,237.15969848632812,236.72500610351562,111993.0
202606241904,237.05999755859375,237.17999267578125,237.1999969482422,236.8699951171875,126257.0
202606241905,237.19000244140625,237.13999938964844,237.1999969482422,236.9499969482422,92166.0
202606241906,237.13710021972656,236.89999389648438,237.14999389648438,236.8101043701172,112557.0
202606241907,236.91900634765625,236.86500549316406,236.91900634765625,236.61000061035156,158006.0
202606241908,236.86500549316406,236.92999267578125,236.97999572753906,236.81500244140625,102465.0
202606241909,236.9250030517578,236.9199981689453,237.0,236.77499389648438,113569.0
202606241910,236.8699951171875,236.97000122070312,236.97999572753906,236.63999938964844,121079.0
202606241911,236.9600067138672,236.5413055419922,237.02000427246094,236.4600067138672,124383.0
202606241912,236.52999877929688,236.2899932861328,236.57000732421875,236.27999877929688,116480.0
202606241913,236.2899932861328,236.24000549316406,236.3699951171875,236.1999969482422,125621.0
202606241914,236.24000549316406,236.3699951171875,236.44000244140625,236.1699981689453,182291.0
202606241915,236.33999633789062,236.24000549316406,236.41000366210938,236.16000366210938,107368.0
202606241916,236.24000549316406,236.11990356445312,236.24000549316406,236.00999450683594,138255.0
202606241917,236.08999633789062,236.25999450683594,236.25999450683594,236.08999633789062,134662.0
202606241918,236.25999450683594,236.43499755859375,236.53500366210938,236.16000366210938,218205.0
202606241919,236.44000244140625,236.4149932861328,236.47000122070312,236.3300018310547,114302.0
202606241920,236.39999389648438,236.32000732421875,236.39999389648438,236.16000366210938,122329.0
202606241921,236.30999755859375,236.3699951171875,236.5,236.30499267578125,251488.0
202606241922,236.38999938964844,236.2301025390625,236.4199981689453,236.2100067138672,166339.0
202606241923,236.22000122070312,236.13499450683594,236.3000030517578,236.10000610351562,104875.0
202606241924,236.11000061035156,236.2050018310547,236.22000122070312,236.07000732421875,127744.0
202606241925,236.17999267578125,236.25999450683594,236.3300018310547,236.14999389648438,114046.0
202606241926,236.27999877929688,236.05999755859375,236.27999877929688,236.0399932861328,131448.0
202606241927,236.06500244140625,236.02999877929688,236.11000061035156,235.92999267578125,142805.0
202606241928,236.02000427246094,236.02999877929688,236.0800018310547,235.94000244140625,136259.0
202606241929,236.03500366210938,235.91000366210938,236.03500366210938,235.82000732421875,121318.0
202606241930,235.9149932861328,235.51499938964844,235.9149932861328,235.49000549316406,196609.0
202606241931,235.5,235.22000122070312,235.50010681152344,235.14999389648438,242793.0
202606241932,235.1999969482422,235.25,235.27000427246094,235.11000061035156,202825.0
202606241933,235.25999450683594,235.38499450683594,235.47999572753906,235.19000244140625,173584.0
202606241934,235.375,235.58999633789062,235.58999633789062,235.35000610351562,593993.0
202606241935,235.58999633789062,235.60000610351562,235.9199981689453,235.5800018310547,1759656.0
202606241936,235.58999633789062,235.85000610351562,235.89999389648438,235.52000427246094,161342.0
202606241937,235.8300018310547,235.52999877929688,235.86000061035156,235.3800048828125,163866.0
202606241938,235.52000427246094,235.38999938964844,235.57000732421875,235.3300018310547,145482.0
202606241939,235.3800048828125,235.57000732421875,235.58900451660156,235.3699951171875,133474.0
202606241940,235.57000732421875,235.5800018310547,235.72000122070312,235.5,160925.0
202606241941,235.52999877929688,235.48500061035156,235.57000732421875,235.22000122070312,210170.0
202606241942,235.49000549316406,235.43499755859375,235.5399932861328,235.32000732421875,149621.0
202606241943,235.4499969482422,235.42999267578125,235.6300048828125,235.32000732421875,170868.0
202606241944,235.41000366210938,235.47000122070312,235.5800018310547,235.41000366210938,118604.0
202606241945,235.47000122070312,235.60000610351562,235.60000610351562,235.4250030517578,227968.0
202606241946,235.58999633789062,235.4499969482422,235.6300048828125,235.32000732421875,176315.0
202606241947,235.44000244140625,235.5800018310547,235.61000061035156,235.3800048828125,166474.0
202606241948,235.5800018310547,235.24000549316406,235.60000610351562,235.19000244140625,186749.0
202606241949,235.25,235.2100067138672,235.42999267578125,235.1999969482422,206149.0
202606241950,235.1999969482422,235.34500122070312,235.4600067138672,234.9499969482422,404618.0
202606241951,235.35000610351562,235.22999572753906,235.44000244140625,235.16000366210938,280181.0
202606241952,235.2100067138672,235.2100067138672,235.22999572753906,234.94000244140625,319162.0
202606241953,235.17999267578125,235.22999572753906,235.30999755859375,235.0500030517578,352455.0
202606241954,235.22999572753906,235.10000610351562,235.6300048828125,234.6300048828125,462890.0
202606241955,235.1199951171875,234.1300048828125,235.1199951171875,233.89999389648438,870337.0
202606241956,234.13999938964844,234.2949981689453,234.3300018310547,233.9199981689453,590411.0
202606241957,234.3000030517578,234.2899932861328,234.42999267578125,234.00999450683594,740340.0
202606241958,234.2899932861328,234.22999572753906,234.30499267578125,234.1199951171875,787025.0
202606241959,234.4499969482422,234.4499969482422,234.4499969482422,234.4499969482422,0.0
