datetime,open,close,high,low,volume
20240625,330.0,327.89,330.0,324.37,49147.0
20240626,329.0,326.03,329.95,323.78,32479.0
20240627,326.14,327.5,329.23,324.67,32562.0
20240628,328.77,333.69,334.55,328.32,139727.0
20240701,334.0,328.55,335.29,325.37,45541.0
20240702,328.0,327.76,330.09,325.58,34118.0
20240703,328.94,330.61,331.41,328.26,22391.0
20240705,331.98,328.35,333.44,326.63,37285.0
20240708,328.65,329.06,333.26,327.14,29567.0
20240709,329.5,326.06,330.12,325.83,31646.0
20240710,326.86,328.21,328.48,321.64,47546.0
20240711,328.39,331.5,334.43,328.39,44478.0
20240712,332.65,335.98,338.23,332.1,38721.0
20240715,337.99,346.99,347.9,337.15,51679.0
20240716,346.7,360.4,362.28,345.26,70154.0
20240717,360.5,358.8,362.69,356.0,47985.0
20240718,357.3,356.03,369.23,355.66,62884.0
20240719,356.1,347.22,356.49,346.69,54828.0
20240722,347.98,347.8,348.73,341.37,39655.0
20240723,347.0,343.81,348.66,341.38,29367.0
20240724,342.5,336.3,344.82,335.45,42576.0
20240725,336.5,345.34,348.2,333.95,57353.0
20240726,346.77,350.52,352.94,346.77,29616.0
20240729,352.39,344.53,353.25,343.13,37650.0
20240730,344.3,341.37,345.72,338.62,32567.0
20240731,345.0,346.8,350.99,340.85,40708.0
20240801,346.22,330.01,349.83,328.07,63184.0
20240802,328.25,320.87,329.0,317.66,74377.0
20240805,310.0,316.85,320.58,303.25,74154.0
20240806,321.61,325.5,340.26,310.5,84922.0
20240807,331.51,325.5,335.18,322.58,50969.0
20240808,324.95,336.99,336.99,324.95,37698.0
20240809,337.85,338.33,338.5,332.48,25805.0
20240812,338.26,337.0,339.85,333.59,38290.0
20240813,337.0,338.8,339.52,333.73,24352.0
20240814,338.8,336.74,341.79,334.6,28387.0
20240815,339.0,345.65,347.64,339.0,59409.0
20240816,346.0,344.0,346.0,340.76,43749.0
20240819,343.7,344.99,346.1,343.3,38815.0
20240820,345.5,343.3,346.73,341.82,23366.0
20240821,344.58,343.3,345.6,341.85,21534.0
20240822,343.0,342.5,345.14,341.77,24205.0
20240823,344.97,348.41,349.55,343.07,38326.0
20240826,350.0,351.14,354.41,348.93,26543.0
20240827,351.17,351.11,351.72,347.1,18157.0
20240828,350.5,346.0,354.43,345.84,18371.0
20240829,348.56,351.68,356.46,347.49,25489.0
20240830,354.9,356.22,356.24,348.75,55344.0
20240903,353.75,339.6,356.1,338.4,50084.0
20240904,339.35,336.0,340.85,335.29,54103.0
20240905,336.0,333.47,336.83,330.56,40446.0
20240906,333.35,329.0,338.62,328.0,45657.0
20240909,331.38,334.1,336.36,330.0,37762.0
20240910,334.04,334.16,336.49,329.39,31481.0
20240911,333.76,335.0,335.48,326.11,31664.0
20240912,336.99,339.64,341.04,333.68,28821.0
20240913,341.92,345.31,347.22,340.35,37784.0
20240916,344.26,347.96,351.46,344.26,24061.0
20240917,348.89,353.69,354.58,348.15,31196.0
20240918,354.71,356.0,361.63,352.32,33450.0
20240919,361.7,373.31,374.69,360.5,72289.0
20240920,372.26,370.26,373.29,365.84,94434.0
20240923,370.24,371.0,372.97,366.97,43664.0
20240924,373.09,386.2,389.43,373.09,64452.0
20240925,384.65,378.78,388.64,377.92,40636.0
20240926,382.41,391.49,397.22,382.41,61036.0
20240927,390.0,390.5,395.56,389.13,42833.0
20240930,392.0,391.05,393.0,386.82,39799.0
20241001,390.01,392.0,395.49,386.63,33269.0
20241002,392.62,395.0,395.66,388.63,28709.0
20241003,392.0,391.49,394.0,388.72,28070.0
20241004,394.0,397.08,397.46,391.85,26167.0
20241007,396.1,398.25,401.17,396.08,36101.0
20241008,391.96,388.15,395.0,384.84,39302.0
20241009,387.4,396.19,396.6,387.4,28685.0
20241010,396.0,396.35,397.0,390.5,20678.0
20241011,396.64,402.02,403.6,396.64,37126.0
20241014,395.0,393.96,396.29,386.87,49862.0
20241015,392.31,388.1,393.53,387.5,45027.0
20241016,389.94,393.62,394.6,386.92,24628.0
20241017,394.15,394.49,397.12,393.16,22687.0
20241018,395.85,393.86,396.52,389.72,59268.0
20241021,392.33,390.48,393.15,389.24,33661.0
20241022,389.75,388.46,391.29,385.72,23669.0
20241023,387.2,385.3,390.03,382.69,22322.0
20241024,386.95,387.06,388.36,382.21,32865.0
20241025,388.35,385.97,392.03,384.31,28055.0
20241028,386.51,390.4,391.57,386.5,66562.0
20241029,391.8,386.82,391.8,385.55,29554.0
20241030,383.67,379.75,388.26,363.0,63898.0
20241031,378.0,375.54,383.15,372.75,38063.0
20241101,376.2,379.99,383.27,376.2,25334.0
20241104,379.64,377.0,381.49,375.3,29106.0
20241105,377.5,384.7,386.07,375.65,24653.0
20241106,398.0,416.05,418.31,391.0,76822.0
20241107,419.58,408.98,419.64,407.54,55464.0
20241108,407.49,393.5,407.49,392.4,53448.0
20241111,394.4,396.54,402.08,394.4,30183.0
20241112,396.01,393.01,398.9,391.15,26415.0
20241113,388.0,387.5,391.2,385.5,33730.0
20241114,388.11,387.36,390.18,386.2,21650.0
20241115,386.3,384.47,388.49,382.2,32498.0
20241118,385.63,384.46,386.3,382.92,26148.0
20241119,382.41,382.33,383.25,378.03,30300.0
20241120,383.2,381.5,386.2,378.47,28063.0
20241121,381.13,389.99,392.02,379.0,27831.0
20241122,392.0,397.58,398.16,387.89,29768.0
20241125,400.26,403.0,407.15,399.99,66216.0
20241126,404.11,407.83,408.41,401.76,28725.0
20241127,409.1,404.5,412.12,403.24,21259.0
20241129,404.71,406.7,411.19,404.7,20855.0
20241202,406.51,402.98,408.15,400.79,20105.0
20241203,402.38,398.53,405.53,396.59,27143.0
20241204,398.03,399.0,401.47,396.12,17881.0
20241205,399.2,395.99,401.89,394.21,19476.0
20241206,395.7,395.03,399.74,392.74,21254.0
20241209,397.5,399.8,409.71,395.79,26394.0
20241210,397.5,388.47,398.99,385.61,34150.0
20241211,387.88,388.87,393.41,387.42,26160.0
20241212,389.44,381.0,392.58,380.15,29163.0
20241213,382.5,380.51,382.89,378.89,30608.0
20241216,380.75,378.92,382.32,377.76,19046.0
20241217,378.92,375.01,381.7,373.83,33636.0
20241218,376.81,363.89,381.16,363.03,46688.0
20241219,366.08,360.0,369.7,360.0,39234.0
20241220,356.99,366.04,371.49,356.32,88117.0
20241223,366.4,365.65,366.66,361.49,24849.0
20241224,365.8,367.25,367.57,362.66,14409.0
20241226,365.21,367.11,367.49,363.86,18611.0
20241227,366.01,364.86,367.4,361.74,18930.0
20241230,363.5,362.5,364.82,358.74,20715.0
20241231,364.2,362.75,365.77,361.8,16169.0
20250102,364.07,359.77,368.85,358.09,28900.0
20250103,361.59,363.99,364.48,359.49,18623.0
20250106,367.0,364.55,370.84,362.58,22005.0
20250107,365.73,363.0,366.09,361.09,27504.0
20250108,362.01,361.07,363.0,357.7,30384.0
20250110,362.38,350.65,362.38,349.8,43441.0
20250113,349.31,363.48,366.3,349.31,43865.0
20250114,363.21,372.34,372.39,360.39,37806.0
20250115,374.77,375.3,380.0,374.0,30520.0
20250116,376.0,380.54,381.42,374.72,32962.0
20250117,382.31,386.02,386.85,382.0,43083.0
20250121,387.98,398.0,402.58,385.57,43172.0
20250122,399.51,397.49,400.49,395.11,31840.0
20250123,396.75,406.4,409.59,394.51,42996.0
20250124,407.7,407.9,409.4,405.28,33319.0
20250127,404.79,394.51,405.06,389.92,44425.0
20250128,395.79,389.84,396.88,386.48,27288.0
20250129,390.29,396.0,399.36,389.23,38343.0
20250130,398.03,375.75,398.03,370.24,69512.0
20250131,377.07,371.0,378.0,371.0,48058.0
20250203,365.23,364.54,371.44,359.69,47191.0
20250204,359.88,362.78,370.2,357.32,45488.0
20250205,360.74,358.85,363.3,357.2,34472.0
20250206,360.77,364.05,367.54,359.8,54697.0
20250207,365.38,363.88,369.99,362.11,27809.0
20250210,366.74,363.22,367.98,361.55,31267.0
20250211,362.48,362.92,364.42,360.0,24870.0
20250212,363.52,352.5,364.26,351.44,48619.0
20250213,354.53,354.01,357.59,350.01,63685.0
20250214,354.5,353.03,358.88,352.49,34119.0
20250218,355.35,354.0,356.93,351.11,55659.0
20250219,358.0,352.01,358.0,349.59,35693.0
20250220,353.34,350.0,356.86,347.45,36303.0
20250221,349.18,340.04,352.0,337.59,52767.0
20250224,342.22,339.09,345.45,336.23,44686.0
20250225,338.99,343.06,344.23,336.38,57658.0
20250226,345.0,342.7,348.78,340.12,39411.0
20250227,345.49,340.8,346.92,338.46,31548.0
20250228,341.88,344.01,344.9,338.74,52281.0
20250303,343.5,332.31,348.15,330.03,41202.0
20250304,331.01,328.5,331.92,318.68,55356.0
20250305,331.0,338.09,339.51,327.01,49348.0
20250306,334.5,341.58,341.98,331.15,34959.0
20250307,340.5,350.24,352.12,339.3,44697.0
20250310,348.01,345.8,352.41,341.85,42126.0
20250311,345.66,340.0,345.66,336.37,45141.0
20250312,341.25,338.11,345.0,335.45,26767.0
20250313,337.1,333.51,340.65,331.67,36159.0
20250314,337.82,338.5,341.99,336.95,29380.0
20250317,338.01,342.99,344.37,338.01,24850.0
20250318,342.67,336.28,342.67,335.35,38378.0
20250319,337.88,338.62,342.0,336.67,36086.0
20250320,336.0,336.25,339.78,333.61,42058.0
20250321,335.0,334.59,335.95,329.21,127968.0
20250324,337.99,341.79,343.15,337.99,34470.0
20250325,340.93,342.62,344.81,340.83,27192.0
20250326,343.41,339.8,347.27,338.79,27840.0
20250327,340.61,339.3,342.0,336.63,22965.0
20250328,337.02,329.01,338.25,328.05,31634.0
20250331,327.21,329.0,331.98,322.0,43633.0
20250401,328.5,330.15,332.21,323.89,27626.0
20250402,327.0,323.02,337.23,321.02,26517.0
20250403,322.62,305.0,324.7,305.0,75412.0
20250404,301.7,287.58,304.27,281.5,122333.0
20250407,277.84,283.32,294.35,267.3,134901.0
20250408,285.78,270.0,292.0,268.27,80096.0
20250409,273.93,303.95,305.0,265.52,110166.0
20250410,295.05,289.41,299.87,279.8,66380.0
20250411,289.95,293.5,295.41,284.14,46771.0
20250414,297.34,297.0,302.48,295.71,40005.0
20250415,298.62,290.21,301.73,290.21,53075.0
20250416,290.1,290.96,295.74,287.1,47587.0
20250417,292.71,294.53,297.7,291.9,45700.0
20250421,290.88,284.74,291.77,282.45,45688.0
20250422,287.57,297.0,297.5,287.0,33587.0
20250423,298.84,295.0,305.36,293.2,36476.0
20250424,294.5,307.19,308.21,294.5,46395.0
20250425,305.39,306.44,307.99,303.91,33639.0
20250428,305.8,307.06,311.43,303.85,35276.0
20250429,306.9,306.51,309.27,302.91,38508.0
20250430,306.75,308.01,319.85,289.79,88687.0
20250501,310.08,313.96,318.89,310.07,40507.0
20250502,317.48,323.68,324.67,317.48,54166.0
20250505,320.45,324.0,326.47,319.38,27866.0
20250506,320.35,324.0,324.1,319.75,24973.0
20250507,323.6,322.37,323.6,318.11,22282.0
20250508,324.88,324.25,328.87,322.9,41664.0
20250509,324.25,325.95,327.74,323.31,23512.0
20250512,331.05,342.1,351.0,331.05,72975.0
20250513,344.7,352.54,355.33,343.39,65311.0
20250514,352.49,343.53,356.83,343.53,28440.0
20250515,348.17,349.81,354.76,348.0,22159.0
20250516,353.77,351.0,354.22,348.24,36270.0
20250519,349.51,352.57,353.21,348.54,36240.0
20250520,352.6,349.0,352.6,347.48,36850.0
20250521,347.45,342.51,348.42,341.65,32022.0
20250522,342.29,345.15,347.37,340.59,25685.0
20250523,340.38,343.0,345.65,336.24,22607.0
20250527,349.0,351.11,353.6,346.61,31389.0
20250528,351.51,354.99,355.0,348.86,27136.0
20250529,355.21,351.79,356.0,348.74,34997.0
20250530,352.0,348.03,353.24,347.02,82953.0
20250602,346.51,344.69,347.0,339.5,38267.0
20250603,344.22,349.81,350.84,344.17,39770.0
20250604,349.82,348.93,351.73,348.93,19795.0
20250605,351.0,348.26,351.51,345.85,26797.0
20250606,351.82,353.35,357.44,350.04,22630.0
20250609,353.45,358.55,360.65,353.41,30368.0
20250610,358.67,358.57,360.36,356.08,29991.0
20250611,359.04,363.14,364.29,355.0,38844.0
20250612,356.0,360.67,362.0,356.0,21588.0
20250613,356.0,357.88,360.38,354.69,23343.0
20250616,359.26,362.44,364.61,359.26,21458.0
20250617,359.34,356.49,362.39,356.49,21471.0
20250618,357.68,359.9,364.23,356.96,29072.0
20250620,359.4,360.53,364.25,358.95,115906.0
20250623,360.79,368.22,368.23,357.73,47224.0
20250624,369.69,373.04,374.11,367.91,48479.0
20250625,373.49,371.75,374.19,369.51,25051.0
20250626,371.6,383.0,383.0,371.6,37980.0
20250627,383.0,384.8,387.49,382.75,72044.0
20250630,387.0,388.01,389.15,384.81,40976.0
20250701,386.53,391.48,393.89,384.25,32041.0
20250702,391.57,398.25,398.64,389.42,42965.0
20250703,398.0,399.71,402.42,397.59,26298.0
20250707,397.72,391.07,398.94,388.09,44317.0
20250708,392.32,392.16,395.95,391.52,30054.0
20250709,395.98,402.89,403.76,395.98,50556.0
20250710,402.24,409.0,412.0,402.24,42227.0
20250711,406.5,405.31,406.88,401.7,31375.0
20250714,405.04,405.0,406.79,402.22,36392.0
20250715,405.77,404.65,408.75,403.02,31023.0
20250716,405.0,412.83,413.07,403.32,46398.0
20250717,411.26,418.25,419.9,411.25,35644.0
20250718,418.36,413.71,420.0,412.16,36292.0
20250721,414.35,410.07,417.43,409.84,27847.0
20250722,410.0,418.88,418.88,409.49,33400.0
20250723,419.78,427.49,428.16,419.45,38055.0
20250724,427.44,429.98,430.16,424.5,39747.0
20250725,430.98,434.0,434.87,428.62,34181.0
20250728,436.38,437.33,437.4,430.76,35973.0
20250729,434.15,429.02,435.21,424.8,35375.0
20250730,430.35,432.8,436.83,426.43,49224.0
20250731,433.47,438.51,441.15,432.0,65276.0
20250801,433.28,428.69,438.02,421.29,61002.0
20250804,431.98,434.06,436.9,429.52,63583.0
20250805,434.03,434.92,439.74,406.1,56735.0
20250806,435.0,427.8,435.0,425.54,36785.0
20250807,424.0,417.57,428.84,409.96,64657.0
20250808,418.75,417.0,421.9,415.76,47746.0
20250811,417.52,408.72,418.29,406.8,52139.0
20250812,407.8,413.0,418.19,407.06,41807.0
20250813,414.44,413.98,415.54,410.54,67387.0
20250814,411.8,411.69,419.95,406.5,53885.0
20250815,413.9,407.9,416.56,407.1,47563.0
20250818,408.82,412.99,413.14,405.46,46138.0
20250819,417.99,416.48,421.88,414.06,55210.0
20250820,415.0,420.02,421.92,412.05,69150.0
20250821,418.45,418.5,420.58,414.16,41775.0
20250822,419.74,435.51,437.84,419.08,58113.0
20250825,434.17,432.11,436.9,432.11,25895.0
20250826,429.9,431.24,433.0,426.41,44048.0
20250827,430.89,432.67,435.06,428.95,29010.0
20250828,434.0,422.05,435.98,419.42,21773.0
20250829,422.31,421.0,428.1,414.37,55973.0
20250902,416.08,415.4,419.04,410.51,34618.0
20250903,418.13,414.79,418.13,411.37,20522.0
20250904,415.12,419.26,422.0,414.28,22296.0
20250905,420.0,423.08,424.9,415.8,26970.0
20250908,424.0,422.79,424.51,416.78,25624.0
20250909,423.16,418.09,423.55,416.44,23462.0
20250910,419.56,422.93,426.5,418.0,33545.0
20250911,423.38,431.38,435.79,423.2,41273.0
20250912,429.06,431.12,433.91,427.75,37002.0
20250915,432.3,435.41,438.75,430.61,32174.0
20250916,435.88,440.67,440.85,434.28,35262.0
20250917,440.68,451.81,452.34,440.6,69923.0
20250918,453.47,467.63,467.71,448.86,68480.0
20250919,467.0,466.01,472.12,462.71,83287.0
20250922,464.94,471.69,473.24,459.61,49581.0
20250923,472.52,470.0,485.34,468.19,56491.0
20250924,471.0,469.73,476.52,468.62,40410.0
20250925,466.5,464.25,468.0,459.57,47019.0
20250926,464.49,465.76,469.0,462.38,37183.0
20250929,467.56,471.61,472.49,467.46,40405.0
20250930,471.25,475.81,477.44,470.24,37740.0
20251001,473.26,480.5,483.93,471.14,44029.0
20251002,481.4,490.57,495.98,480.82,38000.0
20251003,494.24,498.03,504.48,490.16,47813.0
20251006,498.09,495.63,505.59,493.04,28053.0
20251007,494.99,490.0,498.38,483.54,29906.0
20251008,489.67,503.1,509.48,487.3,53232.0
20251009,502.0,500.95,506.53,497.14,43292.0
20251010,502.93,487.0,511.5,485.04,54866.0
20251013,502.98,504.76,507.78,495.45,38746.0
20251014,499.35,529.87,531.56,498.84,83897.0
20251015,530.05,533.99,538.45,527.21,49986.0
20251016,536.64,538.91,544.99,534.05,53698.0
20251017,538.0,527.08,542.21,526.97,40905.0
20251020,527.0,531.16,534.2,526.94,32191.0
20251021,530.0,525.24,533.38,522.04,30992.0
20251022,524.75,513.51,527.02,510.21,62959.0
20251023,515.11,520.5,522.89,513.01,37381.0
20251024,522.37,522.54,527.23,521.02,35964.0
20251027,527.02,521.77,529.48,521.43,31274.0
20251028,526.49,523.48,530.29,521.59,42258.0
20251029,523.5,585.0,596.21,522.5,108878.0
20251030,583.0,581.5,593.77,575.77,35978.0
20251031,580.19,577.62,587.05,571.35,47423.0
20251103,579.46,570.0,579.51,565.39,44074.0
20251104,566.33,546.52,567.99,545.2,64819.0
20251105,547.64,571.0,574.01,547.64,49122.0
20251106,570.82,571.13,583.99,564.23,39968.0
20251107,568.04,564.85,573.91,550.33,40896.0
20251110,568.94,573.0,574.18,561.51,30618.0
20251111,571.1,567.92,573.22,560.26,26490.0
20251112,569.02,572.0,581.27,568.0,47578.0
20251113,574.41,554.68,576.82,544.63,61815.0
20251114,553.63,555.0,558.31,541.0,46597.0
20251117,556.98,551.0,561.59,547.57,32996.0
20251118,548.5,547.0,551.57,538.05,32873.0
20251119,548.34,561.0,561.0,547.03,32015.0
20251120,560.07,546.15,568.87,541.0,61072.0
20251121,546.2,551.0,554.99,537.08,54070.0
20251124,550.45,559.8,565.74,550.45,78741.0
20251125,560.7,567.0,568.2,547.55,47745.0
20251126,568.09,574.7,574.88,560.0,35415.0
20251128,577.39,575.86,577.39,572.4,15176.0
20251201,572.38,567.1,575.76,567.0,31457.0
20251202,570.0,583.3,585.56,568.9,47505.0
20251203,584.01,591.69,593.24,562.21,42969.0
20251204,592.0,599.5,603.52,587.0,38052.0
20251205,600.94,605.01,609.94,597.73,37243.0
20251208,604.8,597.0,606.2,591.93,32905.0
20251209,596.91,593.02,599.99,592.23,32980.0
20251210,595.0,615.5,617.23,595.0,46579.0
20251211,613.75,627.0,627.4,604.25,49616.0
20251212,628.6,598.0,629.18,595.78,86444.0
20251215,602.99,589.66,606.5,587.89,74484.0
20251216,590.06,588.87,598.66,586.28,40962.0
20251217,590.32,563.96,591.99,557.46,62980.0
20251218,563.0,566.8,574.66,561.91,36586.0
20251219,568.08,576.99,581.73,566.33,94316.0
20251222,578.5,583.0,585.79,575.69,30602.0
20251223,582.05,583.36,588.71,580.5,32811.0
20251224,581.97,583.68,587.13,581.0,14520.0
20251226,583.25,582.63,585.22,578.65,16239.0
20251229,581.99,578.85,583.97,574.64,38106.0
20251230,580.0,576.87,581.75,575.51,21327.0
20251231,576.85,575.0,578.94,572.05,19581.0
20260102,578.85,598.99,599.76,572.87,45423.0
20260105,601.74,617.8,621.75,596.85,56255.0
20260106,614.75,623.5,626.77,608.9,50030.0
20260107,624.0,597.13,625.37,595.77,61993.0
20260108,595.8,608.0,609.58,594.17,36055.0
20260109,608.98,617.62,619.15,607.7,29418.0
20260112,614.25,628.13,630.98,612.96,31730.0
20260113,629.68,636.63,644.59,629.68,32964.0
20260114,636.0,638.1,639.73,623.07,37874.0
20260115,643.65,647.99,652.36,641.82,32463.0
20260116,652.49,646.5,656.64,641.01,42163.0
20260120,630.78,630.47,644.1,625.12,46255.0
20260121,633.58,647.32,647.9,627.32,43674.0
20260122,648.83,649.81,655.78,640.9,28357.0
20260123,649.89,626.29,652.19,623.57,41256.0
20260126,626.5,636.29,639.0,619.26,48630.0
20260127,639.0,640.93,644.13,633.23,30253.0
20260128,640.72,644.76,647.28,628.98,47501.0
20260129,651.37,665.05,687.97,642.73,77654.0
20260130,658.9,657.35,677.84,650.31,58193.0
20260202,651.02,692.47,692.86,643.33,70208.0
20260203,693.2,702.2,710.03,691.4,62307.0
20260204,707.34,694.45,723.16,675.0,146459.0
20260205,691.63,676.13,695.52,665.07,45753.0
20260206,689.51,726.1,727.4,684.81,57645.0
20260209,730.26,743.0,744.0,721.61,45320.0
20260210,744.04,743.85,752.0,737.67,72713.0
20260211,749.44,775.0,775.54,745.99,74754.0
20260212,782.75,761.02,789.81,756.01,95094.0
20260213,761.54,775.02,784.0,747.42,52994.0
20260217,774.24,764.31,774.68,750.0,65521.0
20260218,770.0,752.99,772.94,750.38,47993.0
20260219,752.17,760.0,762.0,744.15,57405.0
20260220,761.81,760.0,771.97,752.11,39412.0
20260223,757.6,757.15,767.98,750.0,43004.0
20260224,758.02,768.5,773.94,751.69,48767.0
20260225,770.68,767.69,777.6,756.74,46631.0
20260226,766.59,748.5,771.5,728.4,63271.0
20260227,744.0,740.0,751.49,731.04,59570.0
20260302,729.1,752.32,755.73,723.0,48073.0
20260303,733.03,720.92,746.26,706.6,63301.0
20260304,719.46,732.17,746.01,715.0,53359.0
20260305,732.08,706.55,735.0,693.57,68983.0
20260306,706.5,679.51,709.79,675.07,63940.0
20260309,672.63,703.01,709.57,661.51,66096.0
20260310,708.64,717.4,730.8,700.96,58824.0
20260311,721.7,698.8,723.58,697.35,32982.0
20260312,700.02,702.7,704.0,679.75,58869.0
20260313,695.5,694.35,710.94,687.18,37597.0
20260316,699.0,699.78,710.0,694.59,38489.0
20260317,693.6,700.0,709.0,693.6,33672.0
20260318,708.3,693.0,711.84,692.41,34122.0
20260319,686.55,690.25,693.49,669.0,35897.0
20260320,682.85,684.5,694.06,670.44,98410.0
20260323,671.58,702.0,712.0,666.0,54125.0
20260324,701.99,724.08,726.0,688.92,36978.0
20260325,729.0,719.44,730.4,717.0,27287.0
20260326,711.04,705.02,720.0,696.43,42041.0
20260327,700.0,694.0,708.36,690.0,34716.0
20260330,695.43,665.12,702.99,664.57,46347.0
20260331,673.96,709.0,710.0,670.0,52231.0
20260401,713.28,730.46,740.01,712.97,42226.0
20260402,716.53,717.55,735.41,705.45,31714.0
20260406,723.0,720.0,726.63,704.27,22349.0
20260407,716.46,747.79,748.0,708.93,27033.0
20260408,751.22,770.0,774.4,749.9,52684.0
20260409,767.51,788.25,795.52,766.0,43803.0
20260410,785.95,791.76,797.85,785.95,35079.0
20260413,785.08,793.43,798.54,777.25,32390.0
20260414,795.94,793.62,798.68,782.04,27037.0
20260415,793.43,770.48,795.0,756.65,46746.0
20260416,766.49,772.85,773.71,754.45,36110.0
20260417,773.99,795.32,801.77,773.99,48665.0
20260420,790.56,800.99,801.5,783.98,23535.0
20260421,802.0,804.86,820.2,797.79,39159.0
20260422,807.96,808.87,817.85,803.0,26956.0
20260423,808.0,836.5,845.27,806.0,46335.0
20260424,836.71,831.2,843.72,826.65,28811.0
20260427,831.01,830.0,836.02,816.72,31834.0
20260428,827.15,820.13,828.1,805.0,32723.0
20260429,822.96,809.11,829.09,806.0,34838.0
20260430,812.8,888.5,896.98,807.0,86458.0
20260501,896.46,889.45,905.0,879.58,41589.0
20260504,892.69,876.55,894.24,869.59,49816.0
20260505,877.99,909.02,911.99,877.99,43781.0
20260506,913.1,926.09,933.89,905.35,53644.0
20260507,929.34,894.0,932.0,886.88,54218.0
20260508,903.2,898.77,914.77,893.0,34453.0
20260511,895.0,926.27,929.0,892.09,52918.0
20260512,923.69,911.8,924.46,894.51,42571.0
20260513,914.85,903.58,922.99,897.38,35658.0
20260514,905.0,918.77,922.0,902.5,36394.0
20260515,914.31,887.32,914.31,880.2,52092.0
20260518,880.0,864.5,894.0,850.82,50433.0
20260519,865.0,860.31,869.86,845.55,63359.0
20260520,855.9,871.0,877.76,855.9,40002.0
20260521,872.01,868.17,880.15,858.6,31395.0
20260522,872.0,879.5,893.84,861.06,33912.0
20260526,891.93,910.99,910.99,878.02,40093.0
20260527,912.53,910.06,919.0,889.83,42204.0
20260528,903.75,889.52,909.29,880.47,45726.0
20260529,890.0,873.1,897.77,866.19,93062.0
20260601,871.48,865.75,876.0,853.37,47615.0
20260602,863.6,911.52,912.0,863.6,52776.0
20260603,910.0,926.5,936.71,904.0,42885.0
20260604,924.11,938.47,946.83,903.0,57264.0
20260605,935.5,901.1,938.99,901.0,39535.0
20260608,904.54,915.0,927.34,902.73,46420.0
20260609,915.64,912.4,938.18,876.99,50465.0
20260610,907.07,854.06,911.79,852.04,65267.0
20260611,860.97,897.01,900.65,860.0,60268.0
20260612,894.6,910.98,918.98,894.6,36474.0
20260615,927.46,933.79,946.1,925.86,43462.0
20260616,937.0,946.4,961.33,933.5,43689.0
20260617,949.65,962.73,975.64,949.65,49757.0
20260618,965.0,988.0,994.49,962.48,117752.0
202606220800,988.0,988.0,988.0,988.0,1.0
202606220801,988.0,988.0,988.0,988.0,0.0
202606220802,988.0,988.0,988.0,988.0,0.0
202606220803,988.0,988.0,988.0,988.0,0.0
202606220804,988.0,988.0,988.0,988.0,0.0
202606220805,991.84,985.69,994.0,985.0,45.0
202606220806,988.46,990.0,990.0,988.46,5.0
202606220807,991.75,988.96,991.75,988.96,2.0
202606220808,993.14,993.14,993.14,993.14,1.0
202606220809,993.14,993.14,993.14,993.14,0.0
202606220810,993.14,993.14,993.14,993.14,0.0
202606220811,993.14,993.14,993.14,993.14,0.0
202606220812,993.14,993.14,993.14,993.14,0.0
202606220813,997.64,999.96,999.96,997.64,20.0
202606220814,999.96,999.96,999.96,999.96,10.0
202606220815,999.79,999.96,999.96,999.79,24.0
202606220816,999.96,999.96,999.96,999.96,0.0
202606220817,999.96,999.96,999.96,999.96,0.0
202606220818,999.96,999.96,999.96,999.96,0.0
202606220819,999.96,999.96,999.96,999.96,0.0
202606220820,999.96,999.96,999.96,999.96,0.0
202606220821,999.96,999.96,999.96,999.96,0.0
202606220822,999.96,999.96,999.96,999.96,0.0
202606220823,999.96,999.96,999.96,999.96,0.0
202606220824,999.96,999.96,999.96,999.96,0.0
202606220825,999.96,999.96,999.96,999.96,0.0
202606220826,999.96,999.96,999.96,999.96,0.0
202606220827,999.96,999.96,999.96,999.96,0.0
202606220828,999.96,999.96,999.96,999.96,0.0
202606220829,999.96,999.96,999.96,999.96,0.0
202606220830,999.96,999.96,999.96,999.96,0.0
202606220831,999.96,999.96,999.96,999.96,0.0
202606220832,999.96,999.96,999.96,999.96,0.0
202606220833,999.96,999.96,999.96,999.96,0.0
202606220834,999.96,999.96,999.96,999.96,0.0
202606220835,999.96,999.96,999.96,999.96,0.0
202606220836,999.96,999.96,999.96,999.96,0.0
202606220837,999.96,999.96,999.96,999.96,0.0
202606220838,999.96,999.96,999.96,999.96,0.0
202606220839,999.96,999.96,999.96,999.96,0.0
202606220840,999.96,999.96,999.96,999.96,0.0
202606220841,999.96,999.96,999.96,999.96,0.0
202606220842,999.96,999.96,999.96,999.96,0.0
202606220843,999.96,999.96,999.96,999.96,0.0
202606220844,999.96,999.96,999.96,999.96,0.0
202606220845,999.12,999.12,999.12,999.12,1.0
202606220846,999.12,999.12,999.12,999.12,0.0
202606220847,999.12,999.12,999.12,999.12,0.0
202606220848,999.12,999.12,999.12,999.12,0.0
202606220849,999.12,999.12,999.12,999.12,0.0
202606220850,999.12,999.12,999.12,999.12,0.0
202606220851,999.12,999.12,999.12,999.12,0.0
202606220852,999.12,999.12,999.12,999.12,0.0
202606220853,999.12,999.12,999.12,999.12,0.0
202606220854,999.12,999.12,999.12,999.12,0.0
202606220855,999.12,999.12,999.12,999.12,0.0
202606220856,999.12,999.12,999.12,999.12,0.0
202606220857,999.12,999.12,999.12,999.12,0.0
202606220858,999.12,999.12,999.12,999.12,0.0
202606220859,999.12,999.12,999.12,999.12,0.0
202606220900,999.12,999.12,999.12,999.12,0.0
202606220901,999.12,999.12,999.12,999.12,0.0
202606220902,999.12,999.12,999.12,999.12,0.0
202606220903,999.12,999.12,999.12,999.12,0.0
202606220904,999.12,999.12,999.12,999.12,0.0
202606220905,999.12,999.12,999.12,999.12,0.0
202606220906,999.12,999.12,999.12,999.12,0.0
202606220907,999.12,999.12,999.12,999.12,0.0
202606220908,999.12,999.12,999.12,999.12,0.0
202606220909,999.12,999.12,999.12,999.12,0.0
202606220910,999.12,999.12,999.12,999.12,0.0
202606220911,1000.0,1000.0,1000.0,1000.0,1.0
202606220912,1000.0,1000.0,1000.0,1000.0,0.0
202606220913,1000.0,1000.0,1000.0,1000.0,0.0
202606220914,1000.0,1000.0,1000.0,1000.0,0.0
202606220915,1000.0,1000.0,1000.0,1000.0,0.0
202606220916,1000.0,1000.0,1000.0,1000.0,0.0
202606220917,1000.0,1000.0,1000.0,1000.0,0.0
202606220918,1000.0,1000.0,1000.0,1000.0,0.0
202606220919,1000.0,1000.0,1000.0,1000.0,0.0
202606220920,1000.0,1000.0,1000.0,1000.0,0.0
202606220921,1000.0,1000.0,1000.0,1000.0,0.0
202606220922,1000.0,1000.0,1000.0,1000.0,0.0
202606220923,1000.0,1000.0,1000.0,1000.0,0.0
202606220924,1000.0,1000.0,1000.0,1000.0,0.0
202606220925,1000.0,1000.0,1000.0,1000.0,0.0
202606220926,1000.0,1000.0,1000.0,1000.0,0.0
202606220927,1000.0,1000.0,1000.0,1000.0,0.0
202606220928,1000.0,1000.0,1000.0,1000.0,0.0
202606220929,1002.01,1002.01,1002.01,1002.01,2.0
202606220930,1002.01,1002.01,1002.01,1002.01,0.0
202606220931,1002.01,1002.01,1002.01,1002.01,0.0
202606220932,1002.01,1002.01,1002.01,1002.01,0.0
202606220933,1002.01,1002.01,1002.01,1002.01,0.0
202606220934,1002.01,1002.01,1002.01,1002.01,0.0
202606220935,1002.01,1002.01,1002.01,1002.01,0.0
202606220936,1002.01,1002.01,1002.01,1002.01,0.0
202606220937,1002.01,1002.01,1002.01,1002.01,0.0
202606220938,1002.01,1002.01,1002.01,1002.01,0.0
202606220939,1003.07,1003.07,1003.07,1003.07,2.0
202606220940,1003.07,1003.07,1003.07,1003.07,0.0
202606220941,1003.07,1003.07,1003.07,1003.07,0.0
202606220942,1003.07,1003.07,1003.07,1003.07,0.0
202606220943,1003.07,1003.07,1003.07,1003.07,0.0
202606220944,1003.07,1003.07,1003.07,1003.07,0.0
202606220945,1003.07,1003.07,1003.07,1003.07,0.0
202606220946,1003.07,1003.07,1003.07,1003.07,0.0
202606220947,1003.07,1003.07,1003.07,1003.07,0.0
202606220948,1003.07,1003.07,1003.07,1003.07,0.0
202606220949,1003.62,999.99,1003.62,999.99,13.0
202606220950,999.99,999.99,999.99,999.99,0.0
202606220951,999.99,999.99,999.99,999.99,0.0
202606220952,999.99,999.99,999.99,999.99,0.0
202606220953,999.99,999.99,999.99,999.99,0.0
202606220954,999.99,999.99,999.99,999.99,0.0
202606220955,999.99,999.99,999.99,999.99,0.0
202606220956,999.99,999.99,999.99,999.99,0.0
202606220957,999.99,999.99,999.99,999.99,0.0
202606220958,999.99,999.99,999.99,999.99,0.0
202606220959,999.99,999.99,999.99,999.99,0.0
202606221000,999.99,999.99,999.99,999.99,0.0
202606221001,999.99,999.99,999.99,999.99,0.0
202606221002,999.99,999.99,999.99,999.99,0.0
202606221003,999.99,999.99,999.99,999.99,0.0
202606221004,999.99,999.99,999.99,999.99,0.0
202606221005,999.99,999.99,999.99,999.99,0.0
202606221006,999.99,999.99,999.99,999.99,0.0
202606221007,999.99,999.99,999.99,999.99,0.0
202606221008,999.99,999.99,999.99,999.99,0.0
202606221009,999.99,999.99,999.99,999.99,0.0
202606221010,999.99,999.99,999.99,999.99,0.0
202606221011,999.99,999.99,999.99,999.99,0.0
202606221012,999.99,999.99,999.99,999.99,0.0
202606221013,999.99,999.99,999.99,999.99,0.0
202606221014,999.99,999.99,999.99,999.99,0.0
202606221015,999.99,999.99,999.99,999.99,0.0
202606221016,999.99,999.99,999.99,999.99,0.0
202606221017,999.99,999.99,999.99,999.99,0.0
202606221018,999.99,999.99,999.99,999.99,0.0
202606221019,999.99,999.99,999.99,999.99,0.0
202606221020,999.99,999.99,999.99,999.99,0.0
202606221021,999.99,999.99,999.99,999.99,0.0
202606221022,999.99,999.99,999.99,999.99,0.0
202606221023,999.99,999.99,999.99,999.99,0.0
202606221024,999.99,999.99,999.99,999.99,0.0
202606221025,999.99,999.99,999.99,999.99,0.0
202606221026,999.99,999.99,999.99,999.99,0.0
202606221027,999.99,999.99,999.99,999.99,0.0
202606221028,999.99,999.99,999.99,999.99,0.0
202606221029,999.99,999.99,999.99,999.99,0.0
202606221030,999.99,999.99,999.99,999.99,0.0
202606221031,999.99,999.99,999.99,999.99,0.0
202606221032,999.99,999.99,999.99,999.99,0.0
202606221033,999.99,999.99,999.99,999.99,0.0
202606221034,999.99,999.99,999.99,999.99,0.0
202606221035,999.99,999.99,999.99,999.99,0.0
202606221036,999.99,999.99,999.99,999.99,0.0
202606221037,999.99,999.99,999.99,999.99,0.0
202606221038,1001.01,1001.01,1001.01,1001.01,2.0
202606221039,1001.01,1001.01,1001.01,1001.01,0.0
202606221040,1001.01,1001.01,1001.01,1001.01,0.0
202606221041,1001.01,1001.01,1001.01,1001.01,0.0
202606221042,1001.01,1001.01,1001.01,1001.01,0.0
202606221043,1001.01,1001.01,1001.01,1001.01,0.0
202606221044,1001.01,1001.01,1001.01,1001.01,0.0
202606221045,1001.01,1001.01,1001.01,1001.01,0.0
202606221046,1001.01,1001.01,1001.01,1001.01,0.0
202606221047,1001.01,1001.01,1001.01,1001.01,0.0
202606221048,1001.01,1001.01,1001.01,1001.01,0.0
202606221049,1001.01,1001.01,1001.01,1001.01,0.0
202606221050,1001.01,1001.01,1001.01,1001.01,0.0
202606221051,1001.01,1001.01,1001.01,1001.01,0.0
202606221052,1001.01,1001.01,1001.01,1001.01,0.0
202606221053,1001.01,1001.01,1001.01,1001.01,0.0
202606221054,1001.01,1001.01,1001.01,1001.01,0.0
202606221055,1001.01,1001.01,1001.01,1001.01,0.0
202606221056,1001.01,1001.01,1001.01,1001.01,0.0
202606221057,1002.12,1002.12,1002.12,1002.12,1.0
202606221058,1002.12,1002.12,1002.12,1002.12,0.0
202606221059,1002.12,1002.12,1002.12,1002.12,0.0
202606221100,1000.01,998.97,1000.01,998.96,4.0
202606221101,998.52,998.0,998.52,998.0,3.0
202606221102,998.0,998.0,998.0,998.0,0.0
202606221103,999.91,1000.0,1000.0,999.91,5.0
202606221104,1000.0,1000.0,1000.0,1000.0,0.0
202606221105,1000.0,1000.0,1000.0,1000.0,0.0
202606221106,1003.0,1003.0,1003.0,1003.0,1.0
202606221107,1001.16,1001.16,1001.16,1001.16,1.0
202606221108,1001.16,1001.16,1001.16,1001.16,0.0
202606221109,1001.16,1001.16,1001.16,1001.16,0.0
202606221110,1001.16,1001.16,1001.16,1001.16,0.0
202606221111,1001.16,1001.16,1001.16,1001.16,0.0
202606221112,1001.16,1001.16,1001.16,1001.16,0.0
202606221113,1001.16,1001.16,1001.16,1001.16,0.0
202606221114,1001.16,1001.16,1001.16,1001.16,0.0
202606221115,1001.16,1001.16,1001.16,1001.16,0.0
202606221116,1001.16,1001.16,1001.16,1001.16,0.0
202606221117,1001.16,1001.16,1001.16,1001.16,0.0
202606221118,1001.16,1001.16,1001.16,1001.16,0.0
202606221119,1001.16,1001.16,1001.16,1001.16,0.0
202606221120,999.96,999.96,999.96,999.96,1.0
202606221121,999.96,999.96,999.96,999.96,0.0
202606221122,999.96,999.96,999.96,999.96,0.0
202606221123,999.96,999.96,999.96,999.96,0.0
202606221124,1003.0,1003.0,1003.0,1003.0,2.0
202606221125,1003.0,1003.0,1003.0,1003.0,0.0
202606221126,1003.0,1003.0,1003.0,1003.0,0.0
202606221127,1003.0,1003.0,1003.0,1003.0,0.0
202606221128,1003.0,1003.0,1003.0,1003.0,0.0
202606221129,1003.0,1003.0,1003.0,1003.0,0.0
202606221130,1001.0,1000.2,1001.0,1000.2,3.0
202606221131,1000.2,1000.2,1000.2,1000.2,0.0
202606221132,1000.2,1000.2,1000.2,1000.2,0.0
202606221133,1000.2,1000.2,1000.2,1000.2,0.0
202606221134,1000.2,1000.2,1000.2,1000.2,0.0
202606221135,1000.2,1000.2,1000.2,1000.2,0.0
202606221136,1000.2,1000.2,1000.2,1000.2,0.0
202606221137,1000.2,1000.2,1000.2,1000.2,0.0
202606221138,1002.83,1002.83,1002.83,1002.82,2.0
202606221139,1000.42,1000.42,1000.43,1000.42,1.0
202606221140,1000.42,1000.42,1000.42,1000.42,0.0
202606221141,1000.42,1000.42,1000.42,1000.42,0.0
202606221142,1000.42,1000.42,1000.42,1000.42,0.0
202606221143,1000.42,1000.42,1000.42,1000.42,0.0
202606221144,1000.42,1000.42,1000.42,1000.42,0.0
202606221145,1001.0,1001.0,1001.0,1001.0,1.0
202606221146,1001.0,1001.0,1001.0,1001.0,0.0
202606221147,1001.0,1001.0,1001.0,1001.0,0.0
202606221148,1001.0,1001.0,1001.0,1001.0,0.0
202606221149,1001.0,1001.0,1001.0,1001.0,0.0
202606221150,1001.0,1001.0,1001.0,1001.0,0.0
202606221151,1001.0,1001.0,1001.0,1001.0,0.0
202606221152,1001.0,1001.0,1001.0,1001.0,0.0
202606221153,1001.0,1001.0,1001.0,1001.0,0.0
202606221154,1001.0,1001.0,1001.0,1001.0,0.0
202606221155,1001.0,1001.0,1001.0,1001.0,0.0
202606221156,1001.0,1001.0,1001.0,1001.0,3.0
202606221157,1001.0,1001.0,1001.0,1001.0,0.0
202606221158,1002.88,1002.88,1002.88,1002.88,1.0
202606221159,1002.88,1002.88,1002.88,1002.88,0.0
202606221200,1002.88,1002.88,1002.88,1002.88,0.0
202606221201,1002.88,1002.88,1002.88,1002.88,0.0
202606221202,1002.88,1002.88,1002.88,1002.88,0.0
202606221203,1002.88,1002.88,1002.88,1002.88,0.0
202606221204,1002.88,1002.88,1002.88,1002.88,0.0
202606221205,1002.86,1005.46,1005.46,1002.61,19.0
202606221206,1008.8,1008.8,1008.8,1008.79,1.0
202606221207,1008.8,1008.8,1008.8,1008.8,0.0
202606221208,1009.0,1010.5,1010.5,1009.0,32.0
202606221209,1016.81,1013.0,1016.82,1012.55,6.0
202606221210,1010.01,1010.0,1010.01,1010.0,3.0
202606221211,1010.0,1010.0,1010.0,1010.0,0.0
202606221212,1011.98,1010.96,1011.98,1006.0,7.0
202606221213,1010.96,1010.96,1010.96,1010.96,0.0
202606221214,1010.96,1010.96,1010.96,1010.96,0.0
202606221215,1010.96,1010.96,1010.96,1010.96,0.0
202606221216,1009.0,1009.0,1009.0,1009.0,3.0
202606221217,1009.0,1009.0,1009.0,1009.0,1.0
202606221218,1009.0,1009.0,1009.0,1009.0,0.0
202606221219,1009.0,1009.0,1009.0,1009.0,0.0
202606221220,1009.0,1009.0,1009.0,1009.0,0.0
202606221221,1009.99,1010.0,1010.0,1009.99,5.0
202606221222,1010.0,1010.0,1010.0,1010.0,0.0
202606221223,1010.0,1010.0,1010.0,1010.0,0.0
202606221224,1011.0,1011.0,1011.0,1011.0,1.0
202606221225,1007.1,1007.1,1007.1,1007.1,5.0
202606221226,1007.1,1007.1,1007.1,1007.1,0.0
202606221227,1007.1,1007.1,1007.1,1007.1,0.0
202606221228,1007.1,1007.1,1007.1,1007.1,0.0
202606221229,1007.1,1007.1,1007.1,1007.1,0.0
202606221230,1009.99,1009.99,1009.99,1009.99,1.0
202606221231,1009.99,1009.99,1009.99,1009.99,0.0
202606221232,1009.99,1009.99,1009.99,1009.99,0.0
202606221233,1007.1,1005.02,1007.1,1005.0,9.0
202606221234,1005.02,1005.02,1005.02,1005.02,0.0
202606221235,1006.0,1006.0,1006.0,1006.0,1.0
202606221236,1007.48,1007.48,1007.49,1007.48,1.0
202606221237,1007.48,1007.48,1007.48,1007.48,0.0
202606221238,1007.5,1007.5,1007.51,1007.5,1.0
202606221239,1007.48,1006.78,1007.48,1006.78,2.0
202606221240,1006.78,1006.78,1006.78,1006.78,0.0
202606221241,1005.06,1005.0,1005.06,1005.0,2.0
202606221242,1005.0,1005.0,1005.0,1005.0,0.0
202606221243,1005.0,1005.0,1005.0,1005.0,4.0
202606221244,1005.0,1005.0,1005.0,1005.0,0.0
202606221245,1005.0,1005.0,1005.0,1005.0,12.0
202606221246,1005.0,1005.0,1005.0,1005.0,1.0
202606221247,1005.0,1005.0,1005.0,1005.0,0.0
202606221248,1005.0,1005.0,1005.0,1005.0,0.0
202606221249,1005.54,1005.54,1005.54,1005.54,2.0
202606221250,1005.54,1005.54,1005.54,1005.54,0.0
202606221251,1005.54,1005.54,1005.54,1005.54,0.0
202606221252,1005.61,1005.61,1005.61,1005.6,2.0
202606221253,1005.61,1005.61,1005.61,1005.61,0.0
202606221254,1005.61,1005.61,1005.61,1005.61,0.0
202606221255,1005.61,1005.61,1005.61,1005.61,0.0
202606221256,1005.61,1005.61,1005.61,1005.61,0.0
202606221257,1005.61,1005.61,1005.61,1005.61,0.0
202606221258,1005.61,1005.61,1005.61,1005.61,0.0
202606221259,1005.61,1005.61,1005.61,1005.61,0.0
202606221300,1005.61,1005.61,1005.61,1005.61,0.0
202606221301,1007.0,1007.0,1007.0,1007.0,3.0
202606221302,1007.0,1007.0,1007.0,1007.0,0.0
202606221303,1007.0,1007.0,1007.0,1007.0,0.0
202606221304,1007.0,1007.0,1007.0,1007.0,0.0
202606221305,1007.0,1007.0,1007.0,1007.0,0.0
202606221306,1006.84,1006.84,1006.84,1006.83,1.0
202606221307,1006.84,1006.84,1006.84,1006.84,0.0
202606221308,1006.84,1006.84,1006.84,1006.84,0.0
202606221309,1005.99,1006.0,1006.0,1005.99,8.0
202606221310,1005.2,1006.75,1006.89,1005.2,16.0
202606221311,1007.03,1009.0,1009.0,1007.03,6.0
202606221312,1009.0,1009.0,1009.0,1009.0,0.0
202606221313,1009.0,1009.0,1009.0,1009.0,0.0
202606221314,1009.0,1009.0,1009.0,1009.0,0.0
202606221315,1007.49,1007.49,1007.49,1007.49,2.0
202606221316,1008.0,1008.28,1008.28,1008.0,2.0
202606221317,1007.63,1007.63,1007.64,1007.63,1.0
202606221318,1007.94,1008.0,1008.0,1007.94,13.0
202606221319,1008.21,1008.28,1008.28,1008.21,3.0
202606221320,1008.28,1008.28,1008.28,1008.28,0.0
202606221321,1008.28,1008.28,1008.28,1008.28,0.0
202606221322,1008.28,1008.28,1008.28,1008.28,0.0
202606221323,1007.0,1006.06,1007.0,1006.06,2.0
202606221324,1005.0,1001.0,1005.5,1001.0,36.0
202606221325,1005.88,1005.88,1005.88,1005.87,1.0
202606221326,1003.39,1003.39,1003.39,1003.39,1.0
202606221327,1003.39,1003.39,1003.39,1003.39,0.0
202606221328,1001.31,1000.0,1001.31,1000.0,6.0
202606221329,1000.0,1000.0,1000.0,1000.0,0.0
202606221330,999.28,1004.41,1008.08,999.0,2201.0
202606221331,1004.56,1009.62,1009.99,1001.13,699.0
202606221332,1009.98,1012.33,1013.04,1007.87,638.0
202606221333,1012.42,1011.0,1014.0,1010.71,172.0
202606221334,1011.99,1014.59,1015.92,1010.01,297.0
202606221335,1014.6,1012.4,1015.32,1010.8,124.0
202606221336,1013.46,1013.87,1014.98,1011.46,118.0
202606221337,1013.86,1010.0,1013.9,1010.0,168.0
202606221338,1010.76,1011.62,1013.04,1010.05,94.0
202606221339,1011.77,1011.84,1012.61,1010.23,194.0
202606221340,1013.07,1012.43,1013.81,1011.27,101.0
202606221341,1013.06,1009.25,1013.19,1009.21,454.0
202606221342,1008.42,1009.68,1010.14,1008.23,153.0
202606221343,1009.87,1006.79,1009.89,1006.19,283.0
202606221344,1006.0,1004.32,1006.0,1004.32,241.0
202606221345,1004.69,1003.89,1006.96,1002.51,340.0
202606221346,1002.82,1005.36,1005.42,1001.72,144.0
202606221347,1006.23,1005.66,1007.67,1005.21,163.0
202606221348,1005.76,1006.05,1006.47,1005.21,112.0
202606221349,1006.0,1005.36,1006.53,1004.08,273.0
202606221350,1004.58,1005.88,1005.88,1003.68,191.0
202606221351,1005.87,1005.36,1005.9,1004.53,140.0
202606221352,1005.38,1003.1,1005.46,1003.1,195.0
202606221353,1003.1,1002.48,1005.38,1002.48,204.0
202606221354,1003.25,1004.9,1004.95,1001.72,209.0
202606221355,1005.27,1004.91,1007.0,1004.91,248.0
202606221356,1006.15,1008.22,1008.98,1006.15,77.0
202606221357,1008.22,1010.11,1010.11,1007.24,120.0
202606221358,1009.43,1006.63,1009.43,1006.63,154.0
202606221359,1007.77,1007.15,1007.77,1006.07,32.0
202606221400,1006.57,1005.66,1006.85,1005.02,90.0
202606221401,1005.5,1006.33,1006.36,1005.0,151.0
202606221402,1006.5,1005.09,1006.5,1005.0,101.0
202606221403,1005.28,1006.08,1006.97,1005.28,31.0
202606221404,1006.91,1007.22,1008.14,1006.67,130.0
202606221405,1007.59,1005.66,1008.0,1005.65,170.0
202606221406,1006.32,1005.4,1006.76,1005.39,55.0
202606221407,1006.74,1007.26,1007.58,1006.0,16.0
202606221408,1007.72,1009.9,1010.17,1007.72,91.0
202606221409,1009.72,1011.5,1011.78,1009.72,521.0
202606221410,1011.45,1011.31,1012.74,1010.9,104.0
202606221411,1010.9,1009.49,1010.9,1008.81,198.0
202606221412,1009.78,1010.6,1010.6,1009.64,20.0
202606221413,1011.0,1009.75,1011.21,1007.83,84.0
202606221414,1010.03,1012.02,1012.02,1007.58,157.0
202606221415,1011.1,1013.42,1013.45,1011.09,39.0
202606221416,1013.06,1013.18,1014.38,1011.86,66.0
202606221417,1012.95,1013.95,1014.17,1012.94,174.0
202606221418,1014.21,1013.73,1015.33,1013.42,267.0
202606221419,1014.12,1013.07,1014.12,1012.49,62.0
202606221420,1013.07,1012.3,1013.19,1011.81,81.0
202606221421,1011.94,1012.71,1013.21,1011.93,86.0
202606221422,1012.64,1012.81,1013.54,1012.24,52.0
202606221423,1012.9,1010.63,1013.54,1010.63,71.0
202606221424,1011.25,1012.34,1012.34,1010.14,60.0
202606221425,1012.95,1012.5,1013.29,1012.26,44.0
202606221426,1012.59,1014.57,1014.71,1012.56,79.0
202606221427,1014.21,1012.83,1014.21,1012.47,94.0
202606221428,1011.95,1012.69,1013.17,1011.79,86.0
202606221429,1012.18,1012.0,1012.58,1011.5,31.0
202606221430,1011.38,1011.58,1011.86,1010.93,75.0
202606221431,1011.47,1010.9,1012.46,1010.9,96.0
202606221432,1010.77,1010.54,1011.0,1010.0,90.0
202606221433,1011.08,1013.0,1013.0,1010.64,25.0
202606221434,1013.0,1014.3,1014.87,1013.0,46.0
202606221435,1014.3,1014.86,1014.98,1013.61,52.0
202606221436,1014.25,1014.84,1015.11,1014.04,44.0
202606221437,1015.0,1014.68,1015.18,1014.0,84.0
202606221438,1014.25,1014.09,1014.56,1014.0,147.0
202606221439,1014.03,1013.0,1014.07,1012.8,97.0
202606221440,1013.09,1012.99,1014.4,1012.73,100.0
202606221441,1012.96,1012.29,1012.96,1011.65,25.0
202606221442,1012.0,1012.67,1013.03,1012.0,32.0
202606221443,1013.1,1013.33,1013.64,1012.72,72.0
202606221444,1013.18,1012.71,1013.18,1012.04,77.0
202606221445,1012.6,1013.48,1013.82,1012.59,96.0
202606221446,1014.48,1015.74,1015.75,1013.8,149.0
202606221447,1015.75,1014.16,1015.95,1014.15,65.0
202606221448,1013.48,1014.0,1014.56,1013.04,49.0
202606221449,1013.68,1013.55,1014.16,1013.04,28.0
202606221450,1013.73,1015.04,1015.78,1013.73,79.0
202606221451,1014.82,1014.29,1015.4,1014.29,61.0
202606221452,1014.75,1015.0,1015.0,1014.0,30.0
202606221453,1014.66,1014.49,1014.86,1014.49,13.0
202606221454,1014.82,1013.32,1014.82,1012.93,226.0
202606221455,1013.68,1014.19,1014.37,1012.95,117.0
202606221456,1014.07,1014.57,1015.0,1014.05,39.0
202606221457,1014.99,1014.73,1015.27,1014.13,70.0
202606221458,1014.86,1015.76,1016.0,1014.52,270.0
202606221459,1015.45,1015.93,1016.8,1015.35,56.0
202606221500,1015.75,1016.12,1016.38,1015.72,13.0
202606221501,1016.02,1018.0,1018.4,1016.01,103.0
202606221502,1017.88,1017.24,1018.0,1017.03,81.0
202606221503,1017.03,1016.91,1017.95,1016.7,158.0
202606221504,1016.91,1017.08,1017.09,1016.5,80.0
202606221505,1016.81,1018.23,1018.23,1016.64,156.0
202606221506,1017.55,1016.41,1017.55,1016.36,80.0
202606221507,1016.93,1016.33,1016.95,1015.94,45.0
202606221508,1016.79,1017.24,1017.24,1016.35,51.0
202606221509,1017.29,1015.56,1017.6,1015.56,55.0
202606221510,1016.07,1016.06,1017.1,1015.95,43.0
202606221511,1016.46,1018.11,1018.11,1016.46,35.0
202606221512,1017.99,1015.66,1017.99,1015.66,45.0
202606221513,1017.17,1016.77,1017.53,1016.76,79.0
202606221514,1016.76,1017.0,1017.2,1016.49,86.0
202606221515,1016.78,1018.3,1018.3,1016.78,51.0
202606221516,1018.29,1018.53,1019.05,1018.29,114.0
202606221517,1018.02,1017.63,1018.49,1017.35,54.0
202606221518,1017.63,1017.25,1018.25,1017.0,253.0
202606221519,1017.06,1014.82,1017.08,1014.25,91.0
202606221520,1014.82,1014.68,1015.36,1014.11,33.0
202606221521,1014.68,1015.45,1015.75,1014.2,55.0
202606221522,1015.76,1016.36,1016.37,1015.46,18.0
202606221523,1016.12,1016.46,1017.35,1016.08,34.0
202606221524,1016.78,1016.74,1016.98,1016.65,17.0
202606221525,1016.74,1016.34,1016.74,1016.24,51.0
202606221526,1016.83,1016.62,1017.12,1016.19,11.0
202606221527,1016.54,1016.07,1016.95,1016.07,118.0
202606221528,1016.66,1016.08,1016.96,1015.79,158.0
202606221529,1016.47,1016.31,1016.81,1015.73,50.0
202606221530,1016.52,1015.69,1016.58,1015.65,53.0
202606221531,1015.86,1015.1,1015.86,1015.1,34.0
202606221532,1015.38,1015.99,1016.09,1015.38,10.0
202606221533,1015.71,1016.41,1016.79,1015.58,106.0
202606221534,1016.29,1015.86,1016.58,1015.83,127.0
202606221535,1015.75,1015.75,1015.83,1015.06,36.0
202606221536,1015.55,1016.02,1016.3,1015.55,35.0
202606221537,1016.02,1015.61,1016.02,1015.49,21.0
202606221538,1015.77,1015.24,1015.89,1015.0,96.0
202606221539,1015.24,1014.39,1015.47,1014.3,196.0
202606221540,1014.51,1014.66,1014.88,1014.31,75.0
202606221541,1014.65,1015.04,1015.19,1014.36,62.0
202606221542,1015.13,1015.3,1015.37,1014.93,116.0
202606221543,1014.67,1014.72,1015.07,1014.56,13.0
202606221544,1014.89,1014.79,1015.06,1014.51,113.0
202606221545,1014.79,1015.91,1016.14,1014.5,371.0
202606221546,1016.4,1014.91,1017.19,1014.91,86.0
202606221547,1015.43,1015.78,1015.94,1014.91,83.0
202606221548,1015.49,1015.59,1015.78,1015.38,29.0
202606221549,1015.66,1014.33,1015.66,1013.64,100.0
202606221550,1014.39,1014.83,1014.83,1014.39,18.0
202606221551,1014.86,1014.45,1014.96,1014.07,17.0
202606221552,1014.48,1014.78,1015.03,1014.07,57.0
202606221553,1014.78,1014.45,1015.26,1014.42,11.0
202606221554,1015.41,1015.28,1015.59,1015.14,32.0
202606221555,1015.28,1016.47,1016.47,1014.97,136.0
202606221556,1016.48,1016.5,1017.13,1016.0,168.0
202606221557,1016.69,1016.71,1016.93,1016.68,9.0
202606221558,1016.36,1017.22,1017.22,1016.36,42.0
202606221559,1017.31,1017.04,1017.51,1016.55,304.0
202606221600,1017.4,1017.45,1017.72,1016.59,178.0
202606221601,1017.21,1016.63,1017.44,1015.94,197.0
202606221602,1016.91,1015.43,1017.22,1015.01,124.0
202606221603,1015.43,1015.43,1015.71,1015.0,40.0
202606221604,1015.86,1015.84,1016.25,1015.52,16.0
202606221605,1016.25,1016.12,1016.34,1015.35,31.0
202606221606,1016.35,1015.92,1016.35,1015.48,38.0
202606221607,1016.22,1015.88,1016.35,1015.41,340.0
202606221608,1015.89,1015.47,1016.36,1015.15,302.0
202606221609,1015.54,1016.02,1016.36,1015.26,356.0
202606221610,1016.2,1016.99,1017.44,1016.07,78.0
202606221611,1016.99,1017.02,1017.46,1016.8,25.0
202606221612,1017.24,1017.0,1017.45,1017.0,24.0
202606221613,1017.44,1018.31,1018.74,1017.44,63.0
202606221614,1018.27,1018.73,1018.78,1018.26,21.0
202606221615,1018.57,1017.12,1018.81,1017.11,93.0
202606221616,1017.48,1017.88,1018.15,1017.26,34.0
202606221617,1017.85,1017.48,1018.16,1017.46,38.0
202606221618,1017.48,1018.35,1018.35,1017.37,35.0
202606221619,1018.43,1019.72,1019.72,1018.43,222.0
202606221620,1019.56,1021.59,1021.59,1019.55,577.0
202606221621,1021.53,1021.13,1021.6,1021.01,142.0
202606221622,1020.81,1020.0,1020.94,1019.42,278.0
202606221623,1020.21,1020.14,1020.43,1020.11,40.0
202606221624,1020.55,1020.98,1020.98,1019.81,42.0
202606221625,1020.98,1021.75,1022.0,1020.73,72.0
202606221626,1022.01,1021.36,1022.06,1021.35,132.0
202606221627,1021.57,1021.38,1021.57,1021.14,40.0
202606221628,1021.25,1021.46,1021.72,1020.63,66.0
202606221629,1021.74,1020.86,1021.74,1020.86,17.0
202606221630,1020.94,1020.86,1021.46,1020.65,51.0
202606221631,1020.96,1020.65,1021.25,1020.65,23.0
202606221632,1020.65,1020.04,1020.79,1019.53,175.0
202606221633,1020.44,1021.2,1021.2,1020.0,33.0
202606221634,1021.2,1020.74,1021.23,1020.41,45.0
202606221635,1020.38,1020.67,1020.89,1020.38,61.0
202606221636,1020.63,1021.89,1022.05,1020.6,89.0
202606221637,1022.19,1022.54,1022.62,1021.83,114.0
202606221638,1022.54,1022.35,1022.75,1022.23,93.0
202606221639,1022.35,1022.73,1022.74,1021.88,27.0
202606221640,1022.51,1021.49,1022.65,1021.32,40.0
202606221641,1021.7,1022.24,1022.24,1021.64,39.0
202606221642,1021.74,1021.01,1021.9,1021.01,18.0
202606221643,1021.45,1021.42,1021.58,1021.01,36.0
202606221644,1021.54,1021.44,1021.79,1021.3,19.0
202606221645,1021.44,1020.63,1021.44,1020.63,45.0
202606221646,1020.78,1020.54,1020.88,1020.39,59.0
202606221647,1020.89,1020.92,1021.13,1020.53,15.0
202606221648,1021.05,1021.3,1021.47,1020.55,50.0
202606221649,1020.96,1021.64,1021.69,1020.96,16.0
202606221650,1021.99,1022.79,1022.96,1021.74,147.0
202606221651,1022.86,1023.11,1023.29,1022.86,55.0
202606221652,1023.14,1022.53,1023.14,1022.01,193.0
202606221653,1022.55,1021.71,1022.57,1021.68,24.0
202606221654,1021.96,1021.95,1022.77,1021.95,120.0
202606221655,1022.0,1021.87,1022.63,1021.87,217.0
202606221656,1021.88,1021.59,1022.08,1021.2,138.0
202606221657,1021.57,1021.25,1021.58,1021.03,81.0
202606221658,1021.25,1022.35,1022.54,1021.25,117.0
202606221659,1022.09,1021.65,1022.09,1021.3,77.0
202606221700,1022.0,1021.96,1022.79,1021.95,48.0
202606221701,1021.95,1022.17,1022.17,1021.95,29.0
202606221702,1022.06,1021.57,1022.07,1021.57,36.0
202606221703,1021.82,1022.58,1022.61,1021.81,35.0
202606221704,1022.55,1022.47,1022.68,1022.35,36.0
202606221705,1022.28,1021.72,1022.65,1021.41,163.0
202606221706,1021.72,1021.02,1021.72,1021.02,132.0
202606221707,1021.1,1020.92,1021.12,1020.91,86.0
202606221708,1020.93,1020.42,1021.08,1020.42,63.0
202606221709,1020.76,1020.43,1020.88,1020.43,31.0
202606221710,1020.24,1020.5,1020.83,1020.15,80.0
202606221711,1020.5,1021.25,1021.28,1020.5,45.0
202606221712,1021.35,1022.0,1022.25,1021.35,174.0
202606221713,1021.99,1022.24,1022.68,1021.77,65.0
202606221714,1022.25,1021.81,1022.34,1021.76,87.0
202606221715,1022.15,1022.29,1022.39,1022.15,13.0
202606221716,1021.9,1022.1,1022.29,1021.84,124.0
202606221717,1022.0,1021.61,1022.0,1021.45,46.0
202606221718,1021.61,1021.57,1021.86,1021.32,104.0
202606221719,1021.42,1021.05,1021.54,1020.81,66.0
202606221720,1021.13,1021.06,1021.34,1020.8,81.0
202606221721,1021.06,1020.83,1021.06,1020.65,43.0
202606221722,1020.83,1020.33,1020.87,1020.0,80.0
202606221723,1020.58,1020.86,1021.21,1020.15,43.0
202606221724,1020.86,1020.65,1021.24,1020.23,48.0
202606221725,1020.62,1020.45,1020.99,1020.22,49.0
202606221726,1020.45,1021.26,1021.26,1020.38,79.0
202606221727,1021.2,1020.9,1021.5,1020.9,210.0
202606221728,1020.9,1020.42,1021.01,1020.41,70.0
202606221729,1020.42,1020.54,1020.8,1020.18,84.0
202606221730,1020.45,1021.18,1021.18,1020.45,116.0
202606221731,1020.97,1020.87,1020.97,1020.69,69.0
202606221732,1020.74,1020.46,1020.9,1020.39,107.0
202606221733,1020.46,1019.69,1020.46,1019.69,140.0
202606221734,1019.39,1019.86,1020.06,1019.38,47.0
202606221735,1019.86,1020.48,1020.48,1019.28,213.0
202606221736,1019.84,1019.0,1020.46,1018.65,198.0
202606221737,1019.21,1019.35,1019.74,1019.0,50.0
202606221738,1019.19,1019.46,1019.76,1019.18,30.0
202606221739,1019.47,1019.6,1019.86,1019.22,35.0
202606221740,1019.59,1018.69,1019.96,1018.35,122.0
202606221741,1018.57,1018.57,1018.7,1018.26,26.0
202606221742,1018.26,1019.69,1020.17,1018.16,111.0
202606221743,1019.69,1019.75,1020.1,1019.25,28.0
202606221744,1019.75,1020.79,1021.08,1019.74,80.0
202606221745,1020.79,1020.21,1020.98,1020.07,59.0
202606221746,1020.32,1020.3,1020.44,1019.77,33.0
202606221747,1020.3,1019.75,1020.7,1019.39,238.0
202606221748,1019.26,1019.6,1019.77,1018.88,135.0
202606221749,1020.31,1019.09,1020.31,1019.06,27.0
202606221750,1019.59,1019.94,1020.18,1019.23,55.0
202606221751,1019.85,1019.57,1019.85,1019.44,32.0
202606221752,1019.71,1020.15,1020.3,1019.7,199.0
202606221753,1019.99,1020.06,1020.34,1019.81,72.0
202606221754,1020.06,1021.0,1021.0,1020.04,73.0
202606221755,1021.0,1020.8,1021.0,1020.62,79.0
202606221756,1020.62,1020.61,1020.85,1020.47,61.0
202606221757,1020.61,1021.0,1021.0,1020.42,97.0
202606221758,1020.96,1020.27,1020.96,1020.09,72.0
202606221759,1020.41,1019.31,1020.41,1019.31,71.0
202606221800,1019.31,1019.6,1019.6,1018.8,88.0
202606221801,1019.42,1018.83,1019.77,1018.83,48.0
202606221802,1019.02,1018.43,1019.21,1018.42,68.0
202606221803,1018.27,1018.78,1018.78,1017.92,102.0
202606221804,1018.8,1018.97,1019.0,1018.47,63.0
202606221805,1018.97,1019.45,1019.46,1018.97,55.0
202606221806,1019.31,1019.03,1019.5,1018.45,152.0
202606221807,1018.84,1018.87,1019.3,1018.61,49.0
202606221808,1019.13,1019.03,1019.29,1018.59,44.0
202606221809,1018.72,1018.66,1019.02,1018.52,26.0
202606221810,1018.99,1018.84,1019.0,1018.41,45.0
202606221811,1018.42,1018.03,1018.68,1018.03,121.0
202606221812,1018.01,1018.09,1018.43,1017.77,66.0
202606221813,1018.07,1017.83,1018.32,1017.74,43.0
202606221814,1017.83,1018.42,1018.42,1017.83,75.0
202606221815,1018.15,1018.15,1018.35,1018.04,58.0
202606221816,1018.0,1018.37,1018.48,1017.94,95.0
202606221817,1018.38,1018.12,1018.52,1018.12,131.0
202606221818,1018.17,1018.54,1018.59,1018.17,75.0
202606221819,1018.41,1017.99,1018.41,1017.79,66.0
202606221820,1018.17,1018.76,1019.41,1018.17,80.0
202606221821,1019.0,1019.05,1019.45,1018.78,85.0
202606221822,1019.05,1018.91,1019.05,1018.52,83.0
202606221823,1018.86,1018.66,1019.03,1018.31,45.0
202606221824,1018.67,1018.86,1019.08,1018.67,44.0
202606221825,1018.86,1018.43,1019.02,1018.42,69.0
202606221826,1018.51,1018.33,1018.66,1017.84,208.0
202606221827,1018.46,1018.6,1018.77,1018.0,361.0
202606221828,1018.6,1018.66,1018.91,1018.0,243.0
202606221829,1018.67,1019.78,1019.78,1018.65,63.0
202606221830,1019.78,1020.44,1021.25,1019.77,66.0
202606221831,1020.75,1020.64,1020.91,1020.06,64.0
202606221832,1020.64,1019.67,1021.3,1019.67,278.0
202606221833,1019.66,1019.81,1020.31,1019.59,76.0
202606221834,1019.58,1019.08,1020.07,1019.0,86.0
202606221835,1019.19,1019.0,1019.42,1019.0,63.0
202606221836,1019.36,1020.35,1020.49,1018.98,257.0
202606221837,1020.25,1019.41,1020.53,1019.39,45.0
202606221838,1019.37,1019.44,1019.73,1019.27,39.0
202606221839,1019.28,1020.1,1020.26,1019.28,71.0
202606221840,1019.91,1020.02,1020.1,1019.7,67.0
202606221841,1019.26,1020.05,1020.05,1019.14,75.0
202606221842,1020.16,1018.99,1020.16,1018.64,101.0
202606221843,1018.75,1019.16,1019.27,1018.68,47.0
202606221844,1019.07,1019.23,1019.42,1019.0,51.0
202606221845,1019.25,1019.25,1019.3,1018.99,28.0
202606221846,1019.24,1019.46,1019.7,1019.24,32.0
202606221847,1019.67,1019.86,1019.86,1019.43,40.0
202606221848,1019.76,1020.94,1020.94,1019.34,171.0
202606221849,1020.87,1021.38,1021.52,1020.87,78.0
202606221850,1021.25,1020.39,1021.25,1020.17,30.0
202606221851,1020.39,1020.63,1020.98,1020.34,45.0
202606221852,1020.63,1019.17,1020.63,1018.91,91.0
202606221853,1019.01,1019.59,1019.88,1019.0,184.0
202606221854,1019.15,1019.82,1019.82,1019.13,45.0
202606221855,1019.55,1019.29,1019.55,1019.29,6.0
202606221856,1019.29,1019.57,1019.81,1019.25,49.0
202606221857,1019.57,1019.09,1019.81,1019.03,88.0
202606221858,1019.19,1018.74,1019.33,1018.69,59.0
202606221859,1018.87,1018.65,1019.06,1018.65,75.0
202606221900,1018.82,1018.86,1019.45,1018.81,68.0
202606221901,1018.99,1018.85,1019.15,1018.85,64.0
202606221902,1019.0,1019.1,1019.1,1018.0,145.0
202606221903,1019.08,1018.92,1019.26,1018.85,67.0
202606221904,1018.82,1018.32,1018.82,1018.32,117.0
202606221905,1018.42,1018.0,1018.97,1018.0,287.0
202606221906,1018.0,1017.74,1018.16,1017.59,72.0
202606221907,1017.74,1016.66,1017.79,1016.44,258.0
202606221908,1016.38,1016.86,1017.0,1016.38,54.0
202606221909,1016.87,1017.26,1017.69,1016.87,47.0
202606221910,1017.11,1017.0,1017.41,1017.0,96.0
202606221911,1017.08,1017.54,1017.93,1017.01,82.0
202606221912,1017.43,1017.09,1017.72,1017.09,28.0
202606221913,1017.48,1017.66,1018.0,1017.48,54.0
202606221914,1017.57,1018.18,1018.35,1017.57,185.0
202606221915,1018.18,1017.5,1018.35,1017.28,163.0
202606221916,1017.88,1017.68,1017.88,1017.5,118.0
202606221917,1017.68,1017.97,1018.34,1017.5,95.0
202606221918,1017.97,1017.9,1018.2,1017.88,66.0
202606221919,1017.9,1017.84,1018.12,1017.84,34.0
202606221920,1017.97,1016.4,1018.11,1016.4,238.0
202606221921,1016.4,1016.5,1017.07,1016.4,153.0
202606221922,1016.5,1016.63,1016.78,1016.05,118.0
202606221923,1016.63,1016.23,1016.63,1016.23,22.0
202606221924,1016.27,1016.61,1017.0,1016.15,89.0
202606221925,1016.98,1015.56,1017.0,1015.48,153.0
202606221926,1015.61,1016.34,1016.52,1015.61,79.0
202606221927,1016.34,1016.42,1016.73,1016.0,83.0
202606221928,1016.42,1014.65,1016.74,1014.65,253.0
202606221929,1014.84,1013.68,1015.23,1013.53,131.0
202606221930,1013.61,1013.96,1014.46,1013.17,157.0
202606221931,1013.85,1013.83,1014.18,1013.57,90.0
202606221932,1013.83,1014.02,1014.13,1013.24,128.0
202606221933,1013.7,1015.73,1015.76,1013.69,240.0
202606221934,1015.5,1014.57,1015.61,1013.93,362.0
202606221935,1014.57,1016.52,1016.52,1014.48,148.0
202606221936,1016.49,1017.52,1017.52,1015.72,227.0
202606221937,1017.3,1017.83,1017.97,1016.86,121.0
202606221938,1017.84,1017.62,1017.91,1017.08,91.0
202606221939,1017.54,1015.82,1017.81,1015.67,112.0
202606221940,1015.87,1015.5,1016.37,1015.4,277.0
202606221941,1015.56,1015.41,1015.85,1014.98,98.0
202606221942,1015.45,1016.12,1016.4,1015.29,270.0
202606221943,1016.35,1017.23,1017.4,1016.11,255.0
202606221944,1017.23,1017.0,1017.48,1016.6,240.0
202606221945,1017.31,1017.27,1017.67,1017.0,81.0
202606221946,1017.27,1016.46,1017.27,1016.2,237.0
202606221947,1016.18,1016.18,1016.53,1015.46,187.0
202606221948,1016.08,1016.56,1016.84,1015.6,140.0
202606221949,1016.8,1017.5,1017.71,1016.53,199.0
202606221950,1017.39,1018.6,1018.76,1017.3,352.0
202606221951,1018.53,1018.27,1018.72,1017.78,271.0
202606221952,1018.31,1018.08,1018.58,1017.89,251.0
202606221953,1018.09,1018.48,1018.53,1017.82,455.0
202606221954,1018.39,1017.89,1018.71,1017.66,384.0
202606221955,1017.89,1019.19,1019.49,1017.76,860.0
202606221956,1019.2,1019.88,1019.89,1018.8,397.0
202606221957,1019.97,1020.81,1021.09,1019.56,541.0
202606221958,1020.8,1020.29,1022.0,1020.29,985.0
202606221959,1020.29,1022.04,1022.39,1020.11,2050.0
202606222000,1022.05,1022.28,1022.28,1022.05,11522.0
202606222001,1022.28,1022.28,1022.28,1022.28,446.0
202606222002,1016.93,1016.93,1016.93,1016.93,18.0
202606222003,1016.93,1016.93,1016.93,1016.93,0.0
202606222004,1016.93,1016.93,1016.93,1016.93,0.0
202606222005,1022.75,1022.75,1022.75,1022.75,2.0
202606222006,1022.75,1022.75,1022.75,1022.75,0.0
202606222007,1022.75,1022.75,1022.75,1022.75,0.0
202606222008,1022.75,1022.75,1022.75,1022.75,0.0
202606222009,1022.75,1022.75,1022.75,1022.75,0.0
202606222010,1022.75,1022.75,1022.75,1022.75,0.0
202606222011,1022.75,1022.75,1022.75,1022.75,0.0
202606222012,1022.75,1022.75,1022.75,1022.75,0.0
202606222013,1022.75,1022.75,1022.75,1022.75,0.0
202606222014,1022.75,1022.75,1022.75,1022.75,0.0
202606222015,1022.75,1022.75,1022.75,1022.75,0.0
202606222016,1022.75,1022.75,1022.75,1022.75,0.0
202606222017,1022.75,1022.75,1022.75,1022.75,0.0
202606222018,1024.0,1024.0,1024.0,1024.0,1.0
202606222019,1024.0,1024.0,1024.0,1024.0,0.0
202606222020,1022.28,1022.28,1022.28,1022.28,317.0
202606222021,1022.28,1022.28,1022.28,1022.28,0.0
202606222022,1022.28,1022.28,1022.28,1022.28,0.0
202606222023,1022.28,1022.28,1022.28,1022.28,0.0
202606222024,1023.37,1023.37,1023.38,1023.37,1.0
202606222025,1023.37,1023.37,1023.37,1023.37,0.0
202606222026,1023.37,1023.37,1023.37,1023.37,0.0
202606222027,1022.58,1022.58,1022.58,1022.58,2.0
202606222028,1022.58,1022.58,1022.58,1022.58,0.0
202606222029,1022.58,1022.58,1022.58,1022.58,0.0
202606222030,1022.58,1022.58,1022.58,1022.58,0.0
202606222031,1022.58,1022.58,1022.58,1022.58,0.0
202606222032,1022.99,1022.59,1022.99,1022.59,2.0
202606222033,1022.59,1022.59,1022.59,1022.59,0.0
202606222034,1022.59,1022.59,1022.59,1022.59,0.0
202606222035,1022.59,1022.59,1022.59,1022.59,0.0
202606222036,1022.59,1022.59,1022.59,1022.59,0.0
202606222037,1022.59,1022.59,1022.59,1022.59,0.0
202606222038,1023.29,1023.29,1023.29,1023.29,1.0
202606222039,1023.29,1023.29,1023.29,1023.29,0.0
202606222040,1023.29,1023.29,1023.29,1023.29,0.0
202606222041,1023.29,1023.29,1023.29,1023.29,0.0
202606222042,1023.29,1023.29,1023.29,1023.29,0.0
202606222043,1023.29,1023.29,1023.29,1023.29,0.0
202606222044,1023.29,1023.29,1023.29,1023.29,0.0
202606222045,1023.29,1023.29,1023.29,1023.29,0.0
202606222046,1023.29,1023.29,1023.29,1023.29,0.0
202606222047,1023.29,1023.29,1023.29,1023.29,0.0
202606222048,1023.29,1023.29,1023.29,1023.29,0.0
202606222049,1023.29,1023.29,1023.29,1023.29,0.0
202606222050,1023.29,1023.29,1023.29,1023.29,0.0
202606222051,1023.29,1023.29,1023.29,1023.29,0.0
202606222052,1023.29,1023.29,1023.29,1023.29,0.0
202606222053,1023.29,1023.29,1023.29,1023.29,0.0
202606222054,1023.29,1023.29,1023.29,1023.29,0.0
202606222055,1023.29,1023.29,1023.29,1023.29,0.0
202606222056,1023.29,1023.29,1023.29,1023.29,0.0
202606222057,1023.29,1023.29,1023.29,1023.29,0.0
202606222058,1023.29,1023.29,1023.29,1023.29,0.0
202606222059,1024.37,1024.37,1024.37,1024.37,2.0
202606222100,1024.37,1024.37,1024.37,1024.37,0.0
202606222101,1024.37,1024.37,1024.37,1024.37,0.0
202606222102,1024.37,1024.37,1024.37,1024.37,0.0
202606222103,1024.37,1024.37,1024.37,1024.37,0.0
202606222104,1024.37,1024.37,1024.37,1024.37,0.0
202606222105,1024.37,1024.37,1024.37,1024.37,0.0
202606222106,1024.08,1024.08,1024.08,1024.08,1.0
202606222107,1024.08,1024.08,1024.08,1024.08,0.0
202606222108,1024.89,1025.0,1025.01,1024.89,24.0
202606222109,1025.0,1025.0,1025.0,1025.0,0.0
202606222110,1025.0,1025.0,1025.0,1025.0,0.0
202606222111,1025.0,1025.0,1025.0,1025.0,0.0
202606222112,1025.0,1025.0,1025.0,1025.0,0.0
202606222113,1025.0,1025.0,1025.0,1025.0,0.0
202606222114,1025.0,1025.0,1025.0,1025.0,0.0
202606222115,1025.0,1025.0,1025.0,1025.0,0.0
202606222116,1026.0,1026.0,1026.0,1026.0,1.0
202606222117,1026.0,1026.0,1026.0,1026.0,0.0
202606222118,1026.0,1026.0,1026.0,1026.0,0.0
202606222119,1026.0,1026.0,1026.0,1026.0,0.0
202606222120,1026.0,1026.0,1026.0,1026.0,0.0
202606222121,1026.0,1026.0,1026.0,1026.0,0.0
202606222122,1026.0,1026.0,1026.0,1026.0,0.0
202606222123,1026.0,1026.0,1026.0,1026.0,0.0
202606222124,1026.0,1026.0,1026.0,1026.0,0.0
202606222125,1026.0,1026.0,1026.0,1026.0,0.0
202606222126,1026.0,1026.0,1026.0,1026.0,0.0
202606222127,1026.0,1026.0,1026.0,1026.0,0.0
202606222128,1026.0,1026.0,1026.0,1026.0,0.0
202606222129,1026.0,1026.0,1026.0,1026.0,0.0
202606222130,1026.0,1026.0,1026.0,1026.0,0.0
202606222131,1026.2,1026.2,1026.2,1026.2,10.0
202606222132,1026.2,1026.2,1026.2,1026.2,2.0
202606222133,1026.2,1026.2,1026.2,1026.2,0.0
202606222134,1025.4,1025.35,1025.4,1025.35,9.0
202606222135,1025.35,1025.35,1025.35,1025.35,0.0
202606222136,1025.35,1025.35,1025.35,1025.35,0.0
202606222137,1026.21,1026.99,1026.99,1026.21,7.0
202606222138,1026.99,1026.99,1026.99,1026.99,0.0
202606222139,1026.99,1026.99,1026.99,1026.99,0.0
202606222140,1026.99,1026.99,1026.99,1026.99,0.0
202606222141,1026.99,1026.99,1026.99,1026.99,0.0
202606222142,1026.25,1026.25,1026.25,1026.25,1.0
202606222143,1026.25,1026.25,1026.25,1026.25,0.0
202606222144,1026.25,1026.25,1026.25,1026.25,0.0
202606222145,1026.25,1026.25,1026.25,1026.25,0.0
202606222146,1026.25,1026.25,1026.25,1026.25,0.0
202606222147,1026.25,1026.25,1026.25,1026.25,0.0
202606222148,1026.25,1026.25,1026.25,1026.25,0.0
202606222149,1026.25,1026.25,1026.25,1026.25,0.0
202606222150,1026.25,1026.25,1026.25,1026.25,0.0
202606222151,1026.25,1026.25,1026.25,1026.25,0.0
202606222152,1026.25,1026.25,1026.25,1026.25,0.0
202606222153,1026.25,1026.25,1026.25,1026.25,0.0
202606222154,1026.25,1026.25,1026.25,1026.25,0.0
202606222155,1026.25,1026.25,1026.25,1026.25,0.0
202606222156,1026.25,1026.25,1026.25,1026.25,0.0
202606222157,1026.25,1026.25,1026.25,1026.25,0.0
202606222158,1026.25,1026.25,1026.25,1026.25,0.0
202606222159,1026.25,1026.25,1026.25,1026.25,0.0
202606222200,1026.25,1026.25,1026.25,1026.25,0.0
202606222201,1025.99,1025.99,1025.99,1025.99,8.0
202606222202,1026.0,1026.0,1026.0,1026.0,2.0
202606222203,1026.0,1026.0,1026.0,1026.0,0.0
202606222204,1026.0,1026.0,1026.0,1026.0,0.0
202606222205,1026.0,1026.0,1026.0,1026.0,0.0
202606222206,1026.0,1026.0,1026.0,1026.0,0.0
202606222207,1026.0,1026.0,1026.0,1026.0,0.0
202606222208,1026.0,1026.0,1026.0,1026.0,0.0
202606222209,1026.0,1026.0,1026.0,1026.0,0.0
202606222210,1026.0,1026.0,1026.0,1026.0,0.0
202606222211,1026.0,1026.0,1026.0,1026.0,0.0
202606222212,1026.0,1026.0,1026.0,1026.0,0.0
202606222213,1026.0,1026.0,1026.0,1026.0,0.0
202606222214,1026.0,1026.0,1026.0,1026.0,0.0
202606222215,1026.0,1026.0,1026.0,1026.0,0.0
202606222216,1022.28,1022.28,1022.28,1022.28,1119.0
202606222217,1022.28,1022.28,1022.28,1022.28,0.0
202606222218,1022.28,1022.28,1022.28,1022.28,0.0
202606222219,1022.28,1022.28,1022.28,1022.28,0.0
202606222220,1022.28,1022.28,1022.28,1022.28,0.0
202606222221,1022.28,1022.28,1022.28,1022.28,0.0
202606222222,1022.28,1022.28,1022.28,1022.28,0.0
202606222223,1026.43,1026.43,1026.43,1026.42,2.0
202606222224,1026.43,1026.43,1026.43,1026.43,0.0
202606222225,1026.5,1026.5,1026.5,1026.5,1.0
202606222226,1026.5,1026.5,1026.5,1026.5,0.0
202606222227,1026.5,1026.5,1026.5,1026.5,0.0
202606222228,1026.5,1026.5,1026.5,1026.5,0.0
202606222229,1026.5,1026.5,1026.5,1026.5,0.0
202606222230,1026.5,1026.5,1026.5,1026.5,0.0
202606222231,1025.06,1025.05,1025.06,1025.05,3.0
202606222232,1025.05,1025.05,1025.05,1025.05,0.0
202606222233,1025.05,1025.05,1025.05,1025.05,1.0
202606222234,1025.05,1025.05,1025.05,1025.05,0.0
202606222235,1026.46,1026.5,1026.5,1026.46,123.0
202606222236,1026.5,1026.5,1026.5,1026.5,0.0
202606222237,1026.5,1026.5,1026.5,1026.5,0.0
202606222238,1026.37,1026.37,1026.38,1026.37,1.0
202606222239,1026.37,1026.37,1026.37,1026.37,0.0
202606222240,1026.37,1026.37,1026.37,1026.37,0.0
202606222241,1026.37,1026.37,1026.37,1026.37,0.0
202606222242,1026.37,1026.37,1026.37,1026.37,0.0
202606222243,1026.37,1026.37,1026.37,1026.37,0.0
202606222244,1026.37,1026.37,1026.37,1026.37,0.0
202606222245,1026.5,1026.5,1026.5,1026.5,1.0
202606222246,1026.5,1026.5,1026.5,1026.5,0.0
202606222247,1026.5,1026.5,1026.5,1026.5,0.0
202606222248,1026.5,1026.5,1026.5,1026.5,0.0
202606222249,1026.5,1026.5,1026.5,1026.5,0.0
202606222250,1026.5,1026.5,1026.5,1026.5,0.0
202606222251,1026.5,1026.5,1026.5,1026.5,0.0
202606222252,1027.0,1027.25,1027.25,1027.0,5.0
202606222253,1027.25,1027.25,1027.25,1027.25,0.0
202606222254,1027.25,1027.25,1027.25,1027.25,0.0
202606222255,1027.25,1027.25,1027.25,1027.25,0.0
202606222256,1027.25,1027.25,1027.25,1027.25,0.0
202606222257,1027.25,1027.25,1027.25,1027.25,0.0
202606222258,1027.25,1027.25,1027.25,1027.25,0.0
202606222259,1027.25,1027.25,1027.25,1027.25,0.0
202606222300,1027.25,1027.25,1027.25,1027.25,0.0
202606222301,1027.25,1027.25,1027.25,1027.25,0.0
202606222302,1027.25,1027.25,1027.25,1027.25,0.0
202606222303,1027.25,1027.25,1027.25,1027.25,0.0
202606222304,1027.25,1027.25,1027.25,1027.25,0.0
202606222305,1027.25,1027.25,1027.25,1027.25,0.0
202606222306,1027.25,1027.25,1027.25,1027.25,0.0
202606222307,1027.25,1027.25,1027.25,1027.25,0.0
202606222308,1027.25,1027.25,1027.25,1027.25,0.0
202606222309,1027.0,1027.0,1027.0,1027.0,2.0
202606222310,1027.0,1027.0,1027.0,1027.0,0.0
202606222311,1027.0,1027.0,1027.0,1027.0,0.0
202606222312,1027.75,1027.75,1027.75,1027.75,2.0
202606222313,1027.75,1027.75,1027.75,1027.75,0.0
202606222314,1027.75,1027.75,1027.75,1027.75,0.0
202606222315,1026.23,1026.23,1026.23,1026.22,1.0
202606222316,1026.06,1026.06,1026.06,1026.06,2.0
202606222317,1026.06,1026.06,1026.06,1026.06,0.0
202606222318,1026.06,1026.06,1026.06,1026.06,0.0
202606222319,1026.06,1026.06,1026.06,1026.06,0.0
202606222320,1026.06,1026.06,1026.06,1026.06,0.0
202606222321,1026.06,1026.06,1026.06,1026.06,4.0
202606222322,1026.06,1026.06,1026.06,1026.06,0.0
202606222323,1026.06,1026.06,1026.06,1026.06,0.0
202606222324,1026.06,1026.06,1026.06,1026.06,0.0
202606222325,1026.06,1026.06,1026.06,1026.06,0.0
202606222326,1026.06,1026.06,1026.06,1026.06,0.0
202606222327,1026.06,1026.06,1026.06,1026.06,0.0
202606222328,1026.06,1026.06,1026.06,1026.06,0.0
202606222329,1026.06,1026.06,1026.06,1026.06,0.0
202606222330,1026.12,1026.12,1026.12,1026.12,2.0
202606222331,1026.12,1026.12,1026.12,1026.12,0.0
202606222332,1026.98,1026.98,1026.98,1026.97,1.0
202606222333,1026.98,1026.98,1026.98,1026.98,0.0
202606222334,1026.98,1026.98,1026.98,1026.98,0.0
202606222335,1026.98,1026.98,1026.98,1026.98,0.0
202606222336,1026.51,1026.51,1026.51,1026.51,1.0
202606222337,1026.51,1026.51,1026.51,1026.51,0.0
202606222338,1026.51,1026.51,1026.51,1026.51,0.0
202606222339,1026.51,1026.51,1026.51,1026.51,0.0
202606222340,1026.57,1026.57,1026.57,1026.56,1.0
202606222341,1026.97,1026.97,1026.97,1026.97,1.0
202606222342,1026.97,1026.97,1026.97,1026.97,0.0
202606222343,1026.97,1026.97,1026.97,1026.97,0.0
202606222344,1027.0,1027.3,1027.3,1027.0,5.0
202606222345,1027.3,1027.3,1027.3,1027.3,0.0
202606222346,1027.3,1027.3,1027.3,1027.3,3.0
202606222347,1027.3,1027.3,1027.3,1027.3,0.0
202606222348,1027.3,1027.3,1027.3,1027.3,0.0
202606222349,1027.3,1027.3,1027.3,1027.3,0.0
202606222350,1027.3,1027.3,1027.3,1027.3,0.0
202606222351,1026.76,1026.76,1026.76,1026.76,2.0
202606222352,1026.76,1026.76,1026.76,1026.76,0.0
202606222353,1026.76,1026.76,1026.76,1026.76,0.0
202606222354,1026.76,1026.76,1026.76,1026.76,0.0
202606222355,1027.93,1027.93,1027.94,1027.93,1.0
202606222356,1027.93,1027.93,1027.93,1027.93,0.0
202606222357,1027.93,1027.93,1027.93,1027.93,0.0
202606222358,1027.93,1027.93,1027.93,1027.93,0.0
202606222359,1027.93,1027.93,1027.94,1027.93,0.0
202606230800,1003.92,1000.0,1005.17,1000.0,10.0
202606230801,1008.0,1008.0,1008.0,1008.0,2.0
202606230802,1008.0,1008.0,1008.0,1008.0,0.0
202606230803,1008.0,1008.0,1008.0,1008.0,0.0
202606230804,1001.01,1001.01,1001.01,1001.01,3.0
202606230805,1001.01,1001.01,1001.01,1001.01,0.0
202606230806,1021.59,1000.42,1021.59,1000.42,5.0
202606230807,1012.0,1009.0,1018.0,1009.0,20.0
202606230808,1004.51,1006.95,1006.95,1004.51,2.0
202606230809,1007.61,1003.92,1007.61,1003.92,11.0
202606230810,1007.0,1000.68,1007.0,1000.68,2.0
202606230811,1005.0,1004.0,1007.74,1004.0,11.0
202606230812,1004.0,1000.17,1004.0,1000.17,7.0
202606230813,1000.17,1000.17,1000.17,1000.17,0.0
202606230814,1000.0,996.41,1000.0,996.41,6.0
202606230815,996.41,996.41,996.41,996.41,0.0
202606230816,996.41,996.41,996.41,996.41,0.0
202606230817,996.41,996.41,996.41,996.41,0.0
202606230818,996.41,996.41,996.41,996.41,0.0
202606230819,996.41,996.41,996.41,996.41,0.0
202606230820,996.41,996.41,996.41,996.41,0.0
202606230821,996.41,996.41,996.41,996.41,0.0
202606230822,996.41,996.41,996.41,996.41,0.0
202606230823,996.41,996.41,996.41,996.41,0.0
202606230824,997.0,997.0,997.0,997.0,1.0
202606230825,995.52,995.07,995.52,995.07,4.0
202606230826,995.07,995.07,995.07,995.07,0.0
202606230827,995.07,995.07,995.07,995.07,0.0
202606230828,995.07,995.07,995.07,995.07,0.0
202606230829,994.42,994.42,994.42,994.42,1.0
202606230830,994.42,994.42,994.42,994.42,0.0
202606230831,994.42,994.42,994.42,994.42,0.0
202606230832,994.42,994.42,994.42,994.42,0.0
202606230833,994.42,994.42,994.42,994.42,0.0
202606230834,994.42,994.42,994.42,994.42,0.0
202606230835,994.42,994.42,994.42,994.42,0.0
202606230836,994.42,994.42,994.42,994.42,0.0
202606230837,994.42,994.42,994.42,994.42,0.0
202606230838,994.42,994.42,994.42,994.42,0.0
202606230839,994.42,994.42,994.42,994.42,0.0
202606230840,994.42,994.42,994.42,994.42,0.0
202606230841,994.42,994.42,994.42,994.42,0.0
202606230842,997.26,997.0,997.26,997.0,4.0
202606230843,997.0,997.0,997.0,997.0,0.0
202606230844,997.0,997.0,997.0,997.0,0.0
202606230845,997.0,997.0,997.0,997.0,0.0
202606230846,997.0,997.0,997.0,997.0,0.0
202606230847,997.0,997.0,997.0,997.0,0.0
202606230848,997.0,997.0,997.0,997.0,0.0
202606230849,997.0,997.0,997.0,997.0,0.0
202606230850,997.0,997.0,997.0,997.0,0.0
202606230851,997.0,997.0,997.0,997.0,0.0
202606230852,997.0,997.0,997.0,997.0,0.0
202606230853,996.62,996.62,996.62,996.62,7.0
202606230854,996.62,996.62,996.62,996.62,0.0
202606230855,995.4,995.4,995.4,995.4,1.0
202606230856,995.4,995.4,995.4,995.4,0.0
202606230857,995.4,995.4,995.4,995.4,0.0
202606230858,995.4,995.4,995.4,995.4,0.0
202606230859,995.4,995.4,995.4,995.4,0.0
202606230900,995.4,995.4,995.4,995.4,0.0
202606230901,995.4,995.4,995.4,995.4,0.0
202606230902,995.4,995.4,995.4,995.4,0.0
202606230903,995.4,995.4,995.4,995.4,0.0
202606230904,995.4,995.4,995.4,995.4,0.0
202606230905,995.4,995.4,995.4,995.4,0.0
202606230906,995.4,995.4,995.4,995.4,0.0
202606230907,995.4,995.4,995.4,995.4,0.0
202606230908,995.4,995.4,995.4,995.4,0.0
202606230909,995.4,995.4,995.4,995.4,0.0
202606230910,995.4,995.4,995.4,995.4,0.0
202606230911,995.4,995.4,995.4,995.4,0.0
202606230912,997.16,997.16,997.16,997.16,1.0
202606230913,997.16,997.16,997.16,997.16,0.0
202606230914,997.16,997.16,997.16,997.16,0.0
202606230915,997.16,997.16,997.16,997.16,0.0
202606230916,997.16,997.16,997.16,997.16,0.0
202606230917,998.51,998.47,998.51,998.47,2.0
202606230918,998.47,998.47,998.47,998.47,0.0
202606230919,998.47,998.47,998.47,998.47,0.0
202606230920,998.47,998.47,998.47,998.47,0.0
202606230921,998.47,998.47,998.47,998.47,0.0
202606230922,998.47,998.47,998.47,998.47,0.0
202606230923,998.47,998.47,998.47,998.47,0.0
202606230924,998.47,998.47,998.47,998.47,0.0
202606230925,1000.0,1000.0,1000.0,1000.0,1.0
202606230926,1000.0,1000.0,1000.0,1000.0,0.0
202606230927,1000.0,1000.0,1000.0,1000.0,0.0
202606230928,1000.0,1000.0,1000.0,1000.0,0.0
202606230929,999.88,999.88,999.88,999.88,1.0
202606230930,999.88,999.88,999.88,999.88,0.0
202606230931,999.88,999.88,999.88,999.88,0.0
202606230932,999.88,999.88,999.88,999.88,0.0
202606230933,999.88,999.88,999.88,999.88,0.0
202606230934,999.03,999.13,999.13,999.03,2.0
202606230935,999.13,999.13,999.13,999.13,0.0
202606230936,999.13,999.13,999.13,999.13,0.0
202606230937,999.13,999.13,999.13,999.13,0.0
202606230938,999.13,999.13,999.13,999.13,0.0
202606230939,999.13,999.13,999.13,999.13,0.0
202606230940,999.13,999.13,999.13,999.13,0.0
202606230941,999.13,999.13,999.13,999.13,0.0
202606230942,999.13,999.13,999.13,999.13,0.0
202606230943,999.13,999.13,999.13,999.13,0.0
202606230944,999.13,999.13,999.13,999.13,0.0
202606230945,999.13,999.13,999.13,999.13,0.0
202606230946,999.13,999.13,999.13,999.13,0.0
202606230947,999.13,999.13,999.13,999.13,0.0
202606230948,999.13,999.13,999.13,999.13,0.0
202606230949,999.13,999.13,999.13,999.13,0.0
202606230950,999.13,999.13,999.13,999.13,0.0
202606230951,999.13,999.13,999.13,999.13,0.0
202606230952,999.13,999.13,999.13,999.13,0.0
202606230953,999.13,999.13,999.13,999.13,0.0
202606230954,999.13,999.13,999.13,999.13,0.0
202606230955,999.13,999.13,999.13,999.13,0.0
202606230956,999.13,999.13,999.13,999.13,0.0
202606230957,999.13,999.13,999.13,999.13,0.0
202606230958,999.13,999.13,999.13,999.13,0.0
202606230959,999.13,999.13,999.13,999.13,0.0
202606231000,999.13,999.13,999.13,999.13,0.0
202606231001,999.13,999.13,999.13,999.13,0.0
202606231002,998.99,998.99,998.99,998.99,10.0
202606231003,998.99,998.99,998.99,998.99,0.0
202606231004,998.99,998.99,998.99,998.99,0.0
202606231005,998.99,998.99,998.99,998.99,0.0
202606231006,998.99,998.99,998.99,998.99,0.0
202606231007,998.99,998.99,998.99,998.99,0.0
202606231008,998.99,998.99,998.99,998.99,0.0
202606231009,998.99,998.99,998.99,998.99,0.0
202606231010,998.99,998.99,998.99,998.99,0.0
202606231011,998.99,998.99,998.99,998.99,0.0
202606231012,998.99,998.99,998.99,998.99,0.0
202606231013,998.99,998.99,998.99,998.99,0.0
202606231014,998.99,998.99,998.99,998.99,0.0
202606231015,998.99,998.99,998.99,998.99,0.0
202606231016,998.99,998.99,998.99,998.99,0.0
202606231017,998.99,998.99,998.99,998.99,0.0
202606231018,998.99,998.99,998.99,998.99,0.0
202606231019,998.99,998.99,998.99,998.99,0.0
202606231020,998.99,998.99,998.99,998.99,0.0
202606231021,998.99,998.99,998.99,998.99,0.0
202606231022,998.99,998.99,998.99,998.99,0.0
202606231023,998.99,998.99,998.99,998.99,0.0
202606231024,1001.61,1001.78,1001.78,1001.61,3.0
202606231025,1001.01,1001.01,1001.01,1001.01,1.0
202606231026,1001.01,1001.01,1001.01,1001.01,0.0
202606231027,1001.01,1001.01,1001.01,1001.01,0.0
202606231028,1001.01,1001.01,1001.01,1001.01,0.0
202606231029,1001.01,1001.01,1001.01,1001.01,0.0
202606231030,1001.01,1001.01,1001.01,1001.01,0.0
202606231031,1001.01,1001.01,1001.01,1001.01,0.0
202606231032,1001.01,1001.01,1001.01,1001.01,0.0
202606231033,999.0,998.45,999.0,998.45,5.0
202606231034,998.45,998.45,998.45,998.45,0.0
202606231035,998.45,998.45,998.45,998.45,0.0
202606231036,998.45,998.45,998.45,998.45,0.0
202606231037,998.45,998.45,998.45,998.45,0.0
202606231038,998.45,998.45,998.45,998.45,0.0
202606231039,998.45,998.45,998.45,998.45,0.0
202606231040,998.45,998.45,998.45,998.45,0.0
202606231041,998.45,998.45,998.45,998.45,0.0
202606231042,997.32,997.3,997.32,997.3,10.0
202606231043,997.08,996.0,997.08,996.0,8.0
202606231044,995.25,995.25,995.25,995.25,4.0
202606231045,995.25,995.25,995.25,995.25,0.0
202606231046,995.25,995.25,995.25,995.25,0.0
202606231047,995.25,995.25,995.25,995.25,0.0
202606231048,995.25,995.25,995.25,995.25,0.0
202606231049,998.0,998.0,998.0,998.0,1.0
202606231050,998.0,998.0,998.0,998.0,0.0
202606231051,998.0,998.0,998.0,998.0,0.0
202606231052,998.0,998.0,998.0,998.0,0.0
202606231053,998.0,998.0,998.0,998.0,0.0
202606231054,998.0,998.0,998.0,998.0,0.0
202606231055,998.0,998.0,998.0,998.0,0.0
202606231056,998.0,998.0,998.0,998.0,0.0
202606231057,998.0,998.0,998.0,998.0,0.0
202606231058,998.0,998.0,998.0,998.0,0.0
202606231059,998.0,998.0,998.0,998.0,0.0
202606231100,997.57,996.12,999.62,995.31,17.0
202606231101,996.12,996.12,996.12,996.12,0.0
202606231102,997.82,997.82,997.82,997.82,1.0
202606231103,997.39,997.5,997.5,997.38,5.0
202606231104,995.32,997.05,997.05,995.31,2.0
202606231105,997.28,997.28,997.28,997.27,3.0
202606231106,997.28,997.28,997.28,997.28,0.0
202606231107,997.28,997.28,997.28,997.28,0.0
202606231108,997.28,997.28,997.28,997.28,0.0
202606231109,997.28,997.28,997.28,997.28,0.0
202606231110,997.28,997.28,997.28,997.28,0.0
202606231111,997.28,997.28,997.28,997.28,0.0
202606231112,997.28,997.28,997.28,997.28,0.0
202606231113,997.0,997.5,997.5,997.0,5.0
202606231114,997.5,997.5,997.5,997.5,0.0
202606231115,997.5,997.5,997.5,997.5,0.0
202606231116,997.5,997.5,997.5,997.5,0.0
202606231117,997.04,997.04,997.04,997.03,1.0
202606231118,997.28,998.82,998.82,997.28,2.0
202606231119,998.82,998.82,998.82,998.82,0.0
202606231120,998.82,998.82,998.82,998.82,0.0
202606231121,999.98,999.98,999.98,999.98,1.0
202606231122,999.98,999.98,999.98,999.98,0.0
202606231123,1000.0,1000.0,1000.0,1000.0,1.0
202606231124,1000.0,1000.0,1000.0,1000.0,0.0
202606231125,1000.01,1000.18,1000.21,1000.01,4.0
202606231126,1000.18,1000.18,1000.18,1000.18,0.0
202606231127,1000.18,1000.18,1000.18,1000.18,0.0
202606231128,1000.18,1000.18,1000.18,1000.18,0.0
202606231129,1000.18,1000.18,1000.18,1000.18,0.0
202606231130,1000.18,1000.18,1000.18,1000.18,0.0
202606231131,999.0,999.99,999.99,999.0,8.0
202606231132,997.35,997.35,997.36,997.35,2.0
202606231133,997.35,997.35,997.35,997.35,0.0
202606231134,997.35,997.35,997.35,997.35,0.0
202606231135,998.06,998.06,998.06,998.06,1.0
202606231136,998.0,998.0,998.0,998.0,1.0
202606231137,997.04,997.03,997.04,997.03,2.0
202606231138,997.75,997.75,997.75,997.75,3.0
202606231139,997.61,997.61,997.61,997.6,2.0
202606231140,997.61,997.61,997.61,997.61,0.0
202606231141,998.09,998.4,998.4,998.0,6.0
202606231142,999.0,999.0,999.0,999.0,2.0
202606231143,998.0,998.0,998.01,998.0,5.0
202606231144,998.0,998.0,998.0,998.0,0.0
202606231145,998.0,998.0,998.0,998.0,0.0
202606231146,998.0,998.0,998.0,998.0,0.0
202606231147,998.0,998.0,998.0,998.0,0.0
202606231148,998.25,998.25,998.25,998.25,2.0
202606231149,998.25,998.25,998.25,998.25,0.0
202606231150,998.25,998.25,998.25,998.25,0.0
202606231151,998.25,998.25,998.25,998.25,0.0
202606231152,999.06,999.06,999.06,999.06,1.0
202606231153,1000.0,1000.0,1000.0,1000.0,1.0
202606231154,1000.0,1000.0,1000.0,1000.0,0.0
202606231155,1000.0,1000.0,1000.0,1000.0,0.0
202606231156,1001.53,1000.75,1001.53,1000.75,9.0
202606231157,1000.75,1000.75,1000.75,1000.75,0.0
202606231158,1000.75,1000.75,1000.75,1000.75,0.0
202606231159,1000.75,1000.75,1000.75,1000.75,0.0
202606231200,1001.0,1001.0,1001.0,1000.99,2.0
202606231201,1000.75,1000.75,1000.75,1000.75,1.0
202606231202,1000.75,1000.75,1000.75,1000.75,0.0
202606231203,1000.75,1000.75,1000.75,1000.75,0.0
202606231204,1001.75,1001.75,1001.75,1001.74,1.0
202606231205,1008.0,1008.0,1008.0,1008.0,3.0
202606231206,1000.75,1000.75,1000.75,1000.75,2.0
202606231207,1000.75,1000.75,1000.75,1000.75,0.0
202606231208,1000.75,1000.75,1000.75,1000.75,0.0
202606231209,1000.75,1000.75,1000.75,1000.75,0.0
202606231210,1000.0,1000.0,1003.96,1000.0,3.0
202606231211,1000.0,1000.0,1000.0,1000.0,0.0
202606231212,998.0,998.0,998.51,998.0,19.0
202606231213,998.0,998.0,998.0,998.0,1.0
202606231214,998.0,998.0,998.0,998.0,0.0
202606231215,998.0,998.0,998.0,998.0,1.0
202606231216,998.0,998.0,998.0,998.0,0.0
202606231217,998.0,998.0,998.0,998.0,1.0
202606231218,997.93,998.0,998.0,997.93,2.0
202606231219,997.03,997.15,997.15,997.03,2.0
202606231220,997.1,995.6,997.1,995.6,7.0
202606231221,995.6,995.07,995.81,994.91,71.0
202606231222,995.0,995.11,995.11,995.0,6.0
202606231223,996.0,996.0,996.0,996.0,2.0
202606231224,995.63,995.63,995.63,995.63,4.0
202606231225,995.71,995.72,995.72,995.1,7.0
202606231226,995.72,995.72,995.72,995.72,0.0
202606231227,994.95,994.95,994.95,994.95,2.0
202606231228,994.92,994.92,994.92,994.92,2.0
202606231229,994.92,994.92,994.92,994.92,0.0
202606231230,994.92,994.92,994.92,994.92,0.0
202606231231,995.24,995.34,995.34,995.24,4.0
202606231232,995.31,995.31,995.31,995.29,3.0
202606231233,994.4,994.93,994.98,993.0,11.0
202606231234,994.05,995.0,995.0,993.19,7.0
202606231235,994.01,994.0,994.01,994.0,14.0
202606231236,994.0,994.0,994.0,994.0,0.0
202606231237,994.0,994.0,994.0,994.0,0.0
202606231238,993.01,993.01,993.01,993.01,1.0
202606231239,996.0,996.0,996.0,996.0,5.0
202606231240,996.0,996.0,996.0,996.0,0.0
202606231241,996.0,996.0,996.0,996.0,0.0
202606231242,996.0,996.0,996.0,996.0,0.0
202606231243,995.25,995.25,995.25,995.25,1.0
202606231244,995.38,995.38,995.38,995.38,6.0
202606231245,995.37,995.38,995.38,995.37,5.0
202606231246,995.38,995.38,995.38,995.38,0.0
202606231247,994.0,994.0,994.0,994.0,1.0
202606231248,993.75,993.75,993.75,993.75,1.0
202606231249,993.75,993.75,993.75,993.75,0.0
202606231250,995.8,995.8,995.8,995.79,1.0
202606231251,995.8,995.8,995.8,995.8,0.0
202606231252,994.56,994.56,994.56,994.56,1.0
202606231253,995.0,994.19,995.0,994.19,3.0
202606231254,995.0,995.0,995.0,995.0,1.0
202606231255,994.05,994.05,994.05,994.05,2.0
202606231256,994.5,994.5,994.5,994.5,5.0
202606231257,994.5,994.5,994.5,994.5,0.0
202606231258,994.5,994.5,994.5,994.5,0.0
202606231259,994.5,994.5,994.5,994.5,0.0
202606231300,994.52,994.52,994.52,994.52,1.0
202606231301,994.52,994.52,994.52,994.52,0.0
202606231302,995.0,995.0,995.0,995.0,4.0
202606231303,995.0,995.0,995.0,995.0,0.0
202606231304,995.0,995.0,995.0,995.0,1.0
202606231305,996.5,995.52,996.5,995.52,6.0
202606231306,995.52,995.52,995.52,995.52,0.0
202606231307,994.65,994.5,994.65,993.9,10.0
202606231308,993.75,993.29,993.75,993.0,16.0
202606231309,992.98,992.73,992.98,992.73,3.0
202606231310,992.71,991.9,992.71,991.9,18.0
202606231311,992.28,992.28,992.29,992.28,1.0
202606231312,993.18,993.18,993.18,993.18,2.0
202606231313,993.18,993.18,993.18,993.18,0.0
202606231314,994.54,992.87,994.55,992.87,16.0
202606231315,992.87,992.87,992.87,992.87,0.0
202606231316,991.7,990.55,991.7,990.55,51.0
202606231317,990.55,990.55,990.55,990.55,7.0
202606231318,990.0,990.0,990.0,990.0,1.0
202606231319,990.0,990.0,990.0,990.0,6.0
202606231320,989.43,988.0,989.43,987.66,35.0
202606231321,989.2,989.46,989.46,989.0,6.0
202606231322,989.02,989.0,989.02,989.0,2.0
202606231323,989.92,992.94,992.94,989.92,2.0
202606231324,992.94,992.94,992.94,992.94,0.0
202606231325,992.94,992.94,992.94,992.94,0.0
202606231326,988.13,985.85,988.13,985.85,23.0
202606231327,985.85,985.85,985.85,985.85,0.0
202606231328,985.85,985.85,985.85,985.85,0.0
202606231329,988.13,988.13,988.13,988.13,1.0
202606231330,985.25,985.13,988.0,980.05,2747.0
202606231331,984.4,985.9,986.94,980.92,412.0
202606231332,986.57,983.84,986.57,982.36,300.0
202606231333,984.09,982.99,984.41,982.04,143.0
202606231334,983.48,980.98,986.0,979.0,341.0
202606231335,981.32,975.27,981.98,975.27,1178.0
202606231336,975.54,974.34,977.8,974.34,580.0
202606231337,974.56,973.36,975.74,972.65,794.0
202606231338,973.36,978.86,979.91,973.01,407.0
202606231339,979.02,979.74,980.79,978.59,199.0
202606231340,979.74,980.9,982.99,978.59,310.0
202606231341,980.91,979.38,980.98,979.2,961.0
202606231342,979.19,976.19,979.19,976.19,272.0
202606231343,976.73,974.12,978.37,973.85,272.0
202606231344,974.26,975.68,976.1,973.94,284.0
202606231345,975.14,975.85,977.65,975.14,230.0
202606231346,976.29,977.54,977.54,975.33,280.0
202606231347,977.75,979.6,980.0,977.53,293.0
202606231348,979.55,979.46,980.58,978.15,612.0
202606231349,979.43,983.33,984.9,978.82,717.0
202606231350,983.48,985.8,986.07,983.48,265.0
202606231351,985.8,985.19,986.84,984.78,181.0
202606231352,985.54,984.92,985.59,983.0,446.0
202606231353,985.12,983.41,985.12,982.56,584.0
202606231354,983.42,981.54,985.05,981.53,590.0
202606231355,981.54,980.46,981.7,978.24,284.0
202606231356,980.3,975.5,980.36,975.18,184.0
202606231357,976.28,974.66,977.23,974.66,301.0
202606231358,974.57,974.51,975.33,974.0,243.0
202606231359,974.0,976.6,976.6,973.85,158.0
202606231400,976.72,976.99,978.04,976.0,158.0
202606231401,976.71,980.41,980.52,976.38,183.0
202606231402,980.84,981.41,981.78,979.42,77.0
202606231403,981.43,980.07,981.77,979.18,271.0
202606231404,980.52,981.49,981.67,980.08,176.0
202606231405,981.55,979.25,981.62,978.44,218.0
202606231406,979.5,982.27,982.71,979.5,342.0
202606231407,981.67,980.55,982.55,980.55,192.0
202606231408,980.55,981.2,982.02,979.56,153.0
202606231409,981.75,983.76,984.68,981.56,146.0
202606231410,983.41,983.19,985.06,982.92,110.0
202606231411,983.78,983.5,984.46,983.44,100.0
202606231412,983.25,987.59,988.08,982.82,448.0
202606231413,987.02,987.23,988.87,986.08,202.0
202606231414,987.88,988.45,989.0,987.27,160.0
202606231415,987.73,984.89,988.53,984.89,212.0
202606231416,984.59,985.49,985.95,983.99,213.0
202606231417,984.98,985.07,985.31,984.19,119.0
202606231418,984.9,986.01,986.01,984.6,118.0
202606231419,985.98,986.9,987.0,984.04,86.0
202606231420,986.91,987.62,987.62,986.76,40.0
202606231421,986.98,987.39,987.6,986.3,226.0
202606231422,986.95,983.95,986.95,983.79,185.0
202606231423,984.08,985.89,986.44,984.07,106.0
202606231424,985.88,985.25,986.14,985.02,49.0
202606231425,985.61,984.16,985.9,984.14,112.0
202606231426,984.19,982.38,984.19,982.01,202.0
202606231427,982.49,981.43,983.26,980.69,261.0
202606231428,981.21,981.77,981.77,980.36,146.0
202606231429,981.66,982.25,983.0,981.04,89.0
202606231430,981.83,981.21,983.25,981.21,44.0
202606231431,982.02,979.72,982.52,979.24,149.0
202606231432,979.18,977.58,979.66,977.54,197.0
202606231433,978.0,978.42,978.76,977.25,65.0
202606231434,977.92,979.01,979.87,977.91,77.0
202606231435,979.14,979.19,979.39,978.39,67.0
202606231436,979.62,981.79,982.34,979.6,124.0
202606231437,981.79,981.19,981.93,980.71,119.0
202606231438,981.35,979.62,981.35,978.64,151.0
202606231439,979.09,977.91,979.09,977.74,47.0
202606231440,977.91,978.18,978.46,976.58,116.0
202606231441,977.83,977.5,977.83,976.99,23.0
202606231442,977.41,978.36,978.9,977.07,61.0
202606231443,978.58,978.27,978.9,978.0,34.0
202606231444,977.68,976.58,977.68,976.58,117.0
202606231445,977.4,976.89,977.43,976.44,76.0
202606231446,976.89,977.4,977.92,976.62,78.0
202606231447,977.06,977.11,977.96,976.75,97.0
202606231448,976.75,977.69,978.14,976.53,85.0
202606231449,977.34,978.38,978.62,977.18,83.0
202606231450,978.62,980.65,980.65,978.08,110.0
202606231451,981.25,981.26,981.26,980.13,75.0
202606231452,980.03,979.81,980.4,979.33,38.0
202606231453,979.83,982.06,982.36,979.83,531.0
202606231454,981.95,982.18,982.42,980.16,200.0
202606231455,982.54,983.66,984.04,981.74,137.0
202606231456,983.28,984.82,985.26,983.28,80.0
202606231457,984.82,985.53,986.23,984.19,158.0
202606231458,985.88,985.74,985.88,984.8,51.0
202606231459,985.84,985.87,986.41,985.58,53.0
202606231500,985.87,986.11,987.09,985.86,98.0
202606231501,986.19,985.71,987.17,985.47,186.0
202606231502,986.0,986.46,986.7,985.44,65.0
202606231503,986.9,986.72,987.85,986.41,152.0
202606231504,986.97,988.38,989.28,986.97,114.0
202606231505,988.38,987.71,989.6,987.17,179.0
202606231506,987.44,986.43,987.49,986.42,203.0
202606231507,986.01,986.84,986.86,985.5,100.0
202606231508,986.84,984.58,986.84,984.17,283.0
202606231509,984.58,983.8,985.14,983.79,231.0
202606231510,983.8,985.21,986.0,982.8,442.0
202606231511,985.45,983.61,985.78,983.14,178.0
202606231512,983.32,981.66,983.78,981.29,126.0
202606231513,980.99,981.45,981.89,980.86,127.0
202606231514,981.65,981.55,981.8,980.8,99.0
202606231515,981.78,981.75,982.53,981.2,408.0
202606231516,981.75,981.07,981.75,980.87,58.0
202606231517,980.79,981.04,981.53,980.7,72.0
202606231518,980.96,979.96,981.62,979.89,174.0
202606231519,979.71,981.5,981.64,979.63,182.0
202606231520,981.76,982.6,982.65,981.76,65.0
202606231521,981.96,982.37,982.79,981.95,57.0
202606231522,982.38,983.69,984.11,982.27,109.0
202606231523,983.69,982.86,984.08,982.57,51.0
202606231524,982.52,980.8,982.86,980.63,157.0
202606231525,980.88,982.0,982.0,980.03,165.0
202606231526,981.38,982.15,982.55,981.37,86.0
202606231527,982.2,982.03,982.71,981.7,22.0
202606231528,981.97,981.75,982.29,981.64,37.0
202606231529,981.46,981.54,982.24,981.16,40.0
202606231530,981.81,982.88,982.93,981.18,62.0
202606231531,982.85,982.64,982.97,981.53,138.0
202606231532,982.89,982.22,982.97,981.62,64.0
202606231533,982.69,982.75,983.5,982.69,40.0
202606231534,983.22,982.54,983.22,982.05,17.0
202606231535,982.33,983.02,983.63,982.04,58.0
202606231536,983.53,984.3,984.93,983.53,131.0
202606231537,984.3,983.39,984.3,982.81,70.0
202606231538,983.33,982.86,983.33,982.5,120.0
202606231539,982.86,983.12,983.44,982.43,99.0
202606231540,982.98,982.9,983.43,982.5,61.0
202606231541,982.96,983.53,983.77,982.95,45.0
202606231542,983.75,984.07,984.42,983.64,38.0
202606231543,984.41,984.29,985.5,984.23,122.0
202606231544,984.83,984.56,984.95,984.29,23.0
202606231545,984.58,984.6,985.18,984.14,17.0
202606231546,984.47,984.27,984.69,983.75,11.0
202606231547,984.28,984.73,985.16,984.17,28.0
202606231548,984.78,985.42,985.62,984.77,57.0
202606231549,985.42,984.68,985.59,984.68,44.0
202606231550,985.12,985.26,985.78,985.12,29.0
202606231551,985.62,986.39,986.66,984.72,666.0
202606231552,986.39,986.5,986.66,985.84,36.0
202606231553,986.6,987.17,987.96,986.42,158.0
202606231554,987.19,986.86,987.97,986.6,71.0
202606231555,986.45,987.43,987.74,986.45,124.0
202606231556,987.35,987.39,987.79,986.04,216.0
202606231557,987.78,987.33,987.92,987.33,74.0
202606231558,987.34,987.0,987.77,987.0,157.0
202606231559,986.68,986.2,986.69,985.8,80.0
202606231600,986.2,985.36,986.2,985.34,168.0
202606231601,985.26,986.51,987.0,985.26,87.0
202606231602,986.58,986.2,986.93,986.15,73.0
202606231603,986.83,987.02,987.37,986.76,71.0
202606231604,987.31,988.2,988.2,987.0,81.0
202606231605,987.57,988.26,988.95,987.57,34.0
202606231606,988.2,988.43,988.43,987.45,45.0
202606231607,988.23,987.86,988.39,987.51,85.0
202606231608,988.24,990.0,990.0,988.24,140.0
202606231609,990.47,990.81,990.81,990.04,34.0
202606231610,990.99,993.21,993.23,990.99,55.0
202606231611,992.18,992.35,993.18,992.16,252.0
202606231612,992.33,992.87,993.34,992.33,84.0
202606231613,993.09,994.1,994.32,993.09,97.0
202606231614,993.81,993.66,994.6,993.37,121.0
202606231615,993.78,992.68,993.78,992.62,76.0
202606231616,992.48,992.61,993.17,992.24,130.0
202606231617,992.84,992.29,993.01,992.05,136.0
202606231618,992.65,991.67,992.65,991.67,128.0
202606231619,991.67,990.36,991.79,990.11,292.0
202606231620,990.43,989.38,990.43,989.12,106.0
202606231621,989.23,989.43,990.16,989.22,78.0
202606231622,989.43,990.22,990.3,989.42,53.0
202606231623,990.23,990.53,990.86,990.18,96.0
202606231624,990.6,990.0,990.86,990.0,86.0
202606231625,989.95,990.2,990.35,989.63,54.0
202606231626,990.16,992.08,992.09,989.84,173.0
202606231627,991.54,992.37,992.37,991.42,31.0
202606231628,992.39,992.36,992.64,991.81,35.0
202606231629,992.25,992.31,993.0,992.13,74.0
202606231630,991.95,992.47,992.56,991.61,71.0
202606231631,992.04,990.9,992.04,990.72,52.0
202606231632,990.69,990.86,990.86,990.28,44.0
202606231633,990.84,990.53,990.92,990.52,20.0
202606231634,990.53,991.92,991.92,990.11,75.0
202606231635,991.48,991.36,991.97,991.1,91.0
202606231636,991.85,992.07,992.97,991.64,93.0
202606231637,992.46,992.22,992.97,992.01,117.0
202606231638,992.4,992.27,992.79,991.8,170.0
202606231639,992.68,992.65,993.06,992.36,59.0
202606231640,992.86,992.76,992.86,991.91,70.0
202606231641,992.75,993.04,993.38,992.7,130.0
202606231642,993.02,993.15,993.38,992.87,169.0
202606231643,993.13,993.13,993.67,993.0,99.0
202606231644,993.66,993.98,994.19,993.5,148.0
202606231645,993.95,991.93,993.95,991.59,1054.0
202606231646,991.51,993.6,993.6,990.78,200.0
202606231647,993.32,993.08,993.35,992.55,186.0
202606231648,993.36,992.94,993.55,992.56,361.0
202606231649,992.75,993.7,994.45,992.74,146.0
202606231650,994.02,993.56,994.02,993.12,229.0
202606231651,993.52,993.46,993.58,992.81,119.0
202606231652,993.6,993.25,993.83,993.21,118.0
202606231653,993.25,992.52,993.6,992.5,262.0
202606231654,992.88,992.72,993.23,992.48,106.0
202606231655,992.7,991.65,993.21,991.51,172.0
202606231656,991.74,991.51,992.63,991.51,124.0
202606231657,992.03,992.55,992.65,991.92,112.0
202606231658,992.55,992.32,992.56,991.97,272.0
202606231659,992.14,992.44,992.83,992.0,80.0
202606231700,992.21,991.37,992.47,991.37,77.0
202606231701,991.49,991.5,991.91,990.74,148.0
202606231702,991.49,991.08,991.55,990.26,178.0
202606231703,991.04,990.59,991.05,990.14,136.0
202606231704,990.65,990.05,990.65,989.79,285.0
202606231705,990.27,989.36,990.27,989.26,40.0
202606231706,989.36,989.25,989.36,989.0,48.0
202606231707,989.28,989.58,990.17,989.28,172.0
202606231708,989.58,989.38,989.99,989.13,36.0
202606231709,989.42,989.75,989.83,989.22,109.0
202606231710,989.65,989.78,989.95,989.65,25.0
202606231711,989.89,990.97,991.08,989.89,174.0
202606231712,990.76,990.75,991.19,990.46,74.0
202606231713,990.99,991.26,991.31,990.71,84.0
202606231714,991.38,991.64,992.44,991.38,396.0
202606231715,991.7,990.61,991.81,990.25,59.0
202606231716,990.57,991.37,991.38,990.41,98.0
202606231717,991.01,990.44,991.16,990.36,68.0
202606231718,990.48,991.36,991.67,990.38,117.0
202606231719,991.08,990.8,991.24,990.73,24.0
202606231720,991.24,991.27,991.37,990.76,81.0
202606231721,991.27,991.73,992.07,991.14,65.0
202606231722,991.62,992.12,992.2,991.36,207.0
202606231723,992.24,992.2,992.44,992.0,151.0
202606231724,992.34,992.43,993.15,992.14,47.0
202606231725,992.02,991.83,992.16,991.24,161.0
202606231726,991.83,992.38,992.38,991.34,58.0
202606231727,992.56,992.89,992.9,992.56,61.0
202606231728,992.6,992.98,993.43,992.6,85.0
202606231729,992.74,992.82,992.89,992.26,213.0
202606231730,992.82,991.58,992.82,991.38,279.0
202606231731,991.58,990.97,992.16,990.97,307.0
202606231732,991.28,991.82,991.96,990.78,127.0
202606231733,991.84,991.36,991.84,991.35,26.0
202606231734,991.36,991.38,991.71,991.0,110.0
202606231735,991.73,991.7,992.2,991.33,64.0
202606231736,991.74,991.74,991.75,991.74,4.0
202606231737,991.74,991.06,991.74,990.82,65.0
202606231738,991.06,990.41,991.06,990.41,43.0
202606231739,990.6,991.07,991.37,990.6,132.0
202606231740,991.07,990.75,991.37,990.5,24.0
202606231741,990.75,990.62,990.83,990.28,97.0
202606231742,990.59,990.37,990.62,990.28,34.0
202606231743,990.37,990.46,990.7,990.29,56.0
202606231744,990.29,990.12,990.63,990.12,42.0
202606231745,990.0,990.01,990.44,989.87,37.0
202606231746,989.9,989.69,990.2,989.33,79.0
202606231747,989.7,989.47,990.41,989.47,216.0
202606231748,989.72,989.42,989.72,989.23,36.0
202606231749,989.23,988.71,989.42,988.14,299.0
202606231750,988.48,988.06,988.65,988.0,76.0
202606231751,988.05,988.0,988.29,987.85,51.0
202606231752,987.85,988.17,988.47,987.65,140.0
202606231753,988.17,987.5,988.17,987.43,75.0
202606231754,987.69,986.95,987.78,986.7,70.0
202606231755,986.88,986.38,986.88,985.89,161.0
202606231756,986.38,986.31,986.48,986.0,45.0
202606231757,986.31,986.28,986.67,985.88,39.0
202606231758,986.67,987.2,987.58,985.94,227.0
202606231759,987.5,987.34,987.77,986.8,51.0
202606231800,986.8,988.64,988.64,986.8,89.0
202606231801,989.49,988.86,989.49,988.47,26.0
202606231802,988.86,987.85,988.95,987.35,56.0
202606231803,987.68,987.65,988.2,987.33,170.0
202606231804,987.65,986.93,987.95,986.56,55.0
202606231805,986.93,987.08,987.83,986.92,107.0
202606231806,987.24,987.64,988.14,987.08,126.0
202606231807,987.51,985.91,987.64,985.91,190.0
202606231808,986.09,986.23,986.46,985.73,78.0
202606231809,986.47,986.15,986.55,986.14,44.0
202606231810,986.56,986.81,987.08,986.27,71.0
202606231811,986.96,986.61,986.96,986.5,23.0
202606231812,986.95,986.91,987.46,986.81,252.0
202606231813,986.8,986.81,986.89,986.47,61.0
202606231814,986.81,986.78,986.81,986.47,78.0
202606231815,986.79,985.86,986.81,985.67,420.0
202606231816,985.73,985.2,985.96,984.88,81.0
202606231817,985.02,984.54,985.27,984.27,71.0
202606231818,984.67,984.3,984.77,984.26,36.0
202606231819,984.0,983.72,984.18,983.69,60.0
202606231820,983.69,983.05,983.91,982.79,74.0
202606231821,982.89,983.11,983.32,982.71,70.0
202606231822,983.06,984.4,984.76,983.06,145.0
202606231823,984.42,984.77,984.77,983.99,45.0
202606231824,984.68,984.91,985.08,984.51,137.0
202606231825,984.93,984.37,984.93,983.94,145.0
202606231826,984.37,984.17,984.57,984.01,71.0
202606231827,984.2,984.19,984.56,984.02,110.0
202606231828,984.25,984.44,984.44,983.73,94.0
202606231829,984.32,984.49,984.79,984.31,83.0
202606231830,984.3,983.88,984.45,983.71,236.0
202606231831,983.87,984.37,984.51,983.78,92.0
202606231832,984.25,984.04,984.28,984.03,23.0
202606231833,984.01,983.95,984.04,983.22,60.0
202606231834,983.82,984.48,984.48,983.82,78.0
202606231835,984.49,984.09,984.56,984.09,9.0
202606231836,984.3,984.32,984.65,984.0,186.0
202606231837,984.32,984.8,985.47,984.31,93.0
202606231838,984.8,985.3,985.6,984.8,71.0
202606231839,985.33,985.19,985.42,984.95,68.0
202606231840,985.06,984.17,985.18,984.17,250.0
202606231841,984.22,984.42,984.75,984.21,100.0
202606231842,984.66,983.67,984.98,983.31,213.0
202606231843,983.64,983.58,984.14,983.57,203.0
202606231844,983.58,983.41,983.85,983.08,364.0
202606231845,983.74,982.77,983.74,982.5,151.0
202606231846,982.77,983.0,983.22,982.53,277.0
202606231847,983.0,982.5,983.23,982.5,240.0
202606231848,982.5,983.57,983.69,982.5,697.0
202606231849,983.58,983.35,983.77,983.21,127.0
202606231850,983.5,983.87,984.38,983.38,50.0
202606231851,983.88,983.74,984.24,983.69,16.0
202606231852,983.94,983.81,984.38,983.73,97.0
202606231853,983.78,982.59,983.81,982.39,175.0
202606231854,982.5,983.31,983.69,982.39,300.0
202606231855,983.25,983.34,983.79,982.91,63.0
202606231856,983.34,983.35,983.87,983.33,86.0
202606231857,983.37,983.24,983.66,982.89,104.0
202606231858,983.26,983.97,983.97,983.21,53.0
202606231859,983.81,983.86,984.22,983.74,79.0
202606231900,983.84,984.59,984.59,983.48,78.0
202606231901,984.27,985.71,985.95,984.26,136.0
202606231902,985.66,985.86,986.17,985.65,42.0
202606231903,986.14,985.49,986.31,985.32,100.0
202606231904,985.73,986.03,986.03,985.35,60.0
202606231905,985.63,987.33,987.92,985.63,130.0
202606231906,987.33,985.95,987.62,985.94,131.0
202606231907,986.25,984.99,986.27,984.95,51.0
202606231908,985.13,984.76,985.33,984.39,132.0
202606231909,985.05,985.18,985.32,984.91,31.0
202606231910,985.45,986.2,986.2,985.4,73.0
202606231911,985.82,986.75,986.75,985.81,65.0
202606231912,986.64,986.91,986.96,986.33,33.0
202606231913,986.68,986.49,986.7,985.81,135.0
202606231914,986.76,986.8,986.92,986.48,23.0
202606231915,986.8,986.7,987.45,986.7,48.0
202606231916,987.34,987.27,987.72,986.93,87.0
202606231917,986.87,985.82,986.87,985.31,146.0
202606231918,985.72,985.43,986.03,985.42,86.0
202606231919,985.29,984.67,985.95,984.56,83.0
202606231920,984.91,984.91,985.18,984.7,61.0
202606231921,984.91,985.32,985.71,984.7,102.0
202606231922,985.5,983.35,985.69,983.24,203.0
202606231923,983.5,985.08,985.98,983.19,152.0
202606231924,985.01,985.22,985.73,984.86,65.0
202606231925,985.12,986.76,986.8,985.01,169.0
202606231926,986.41,985.66,986.74,985.66,104.0
202606231927,985.67,985.6,985.67,985.24,42.0
202606231928,985.45,985.09,985.62,984.67,343.0
202606231929,985.0,984.97,985.67,984.97,137.0
202606231930,984.99,985.88,986.14,984.93,175.0
202606231931,985.87,984.91,985.87,984.66,37.0
202606231932,984.66,984.64,985.29,983.82,237.0
202606231933,984.64,985.04,985.04,983.94,216.0
202606231934,985.16,984.91,985.82,984.66,111.0
202606231935,985.05,984.77,985.28,984.62,95.0
202606231936,984.91,985.06,985.51,984.91,49.0
202606231937,984.97,984.91,985.19,984.63,48.0
202606231938,985.04,984.85,985.23,984.42,89.0
202606231939,984.93,984.63,985.25,984.5,133.0
202606231940,984.67,984.23,984.82,984.22,113.0
202606231941,984.2,984.16,984.58,983.96,199.0
202606231942,984.1,983.35,984.29,982.96,306.0
202606231943,983.35,983.21,983.86,982.78,668.0
202606231944,983.2,983.47,983.93,982.97,145.0
202606231945,983.47,983.86,984.24,983.24,160.0
202606231946,984.0,983.42,984.09,983.14,488.0
202606231947,983.3,983.35,983.57,983.25,606.0
202606231948,983.35,982.8,983.43,982.78,369.0
202606231949,982.94,984.36,984.36,982.79,215.0
202606231950,984.36,985.24,985.47,984.11,144.0
202606231951,985.06,982.78,985.06,982.66,335.0
202606231952,982.74,983.52,984.13,982.51,201.0
202606231953,983.46,983.21,983.7,982.61,199.0
202606231954,983.43,985.68,985.93,982.71,323.0
202606231955,985.53,986.07,986.75,984.77,519.0
202606231956,986.17,986.49,989.02,985.95,635.0
202606231957,986.29,986.21,986.58,985.45,452.0
202606231958,986.22,985.99,986.74,985.9,935.0
202606231959,986.02,984.37,986.25,983.8,2180.0
202606232000,984.24,984.24,984.24,984.24,11333.0
202606232001,984.24,984.24,984.24,984.24,446.0
202606232002,984.24,984.24,984.24,984.24,145.0
202606232003,985.49,985.49,985.49,985.49,1.0
202606232004,985.49,985.49,985.49,985.49,0.0
202606232005,985.49,985.49,985.49,985.49,0.0
202606232006,985.49,985.49,985.49,985.49,0.0
202606232007,985.49,985.49,985.49,985.49,0.0
202606232008,985.49,985.49,985.49,985.49,0.0
202606232009,985.49,985.49,985.49,985.49,0.0
202606232010,984.24,984.24,984.24,984.24,55.0
202606232011,984.24,984.24,984.24,984.24,0.0
202606232012,984.24,984.24,984.24,984.24,0.0
202606232013,984.24,984.24,984.24,984.24,0.0
202606232014,984.24,984.24,984.24,984.24,0.0
202606232015,984.24,984.24,984.24,984.24,0.0
202606232016,984.24,984.24,984.24,984.24,0.0
202606232017,986.8,986.8,986.8,986.8,1.0
202606232018,986.8,986.8,986.8,986.8,0.0
202606232019,986.8,986.8,986.8,986.8,0.0
202606232020,986.8,986.8,986.8,986.8,0.0
202606232021,986.8,986.8,986.8,986.8,0.0
202606232022,986.8,986.8,986.8,986.8,0.0
202606232023,986.8,986.8,986.8,986.8,0.0
202606232024,986.8,986.8,986.8,986.8,0.0
202606232025,986.8,986.8,986.8,986.8,0.0
202606232026,986.8,986.8,986.8,986.8,0.0
202606232027,986.8,986.8,986.8,986.8,0.0
202606232028,986.8,986.8,986.8,986.8,0.0
202606232029,986.8,986.8,986.8,986.8,0.0
202606232030,986.8,986.8,986.8,986.8,0.0
202606232031,986.8,986.8,986.8,986.8,0.0
202606232032,986.8,986.8,986.8,986.8,0.0
202606232033,986.8,986.8,986.8,986.8,0.0
202606232034,986.8,986.8,986.8,986.8,0.0
202606232035,986.8,986.8,986.8,986.8,0.0
202606232036,986.02,985.0,986.02,985.0,23.0
202606232037,985.0,985.0,985.0,985.0,0.0
202606232038,985.0,985.0,985.0,985.0,0.0
202606232039,985.0,985.0,985.0,985.0,0.0
202606232040,985.0,985.0,985.0,985.0,0.0
202606232041,985.0,985.0,985.0,985.0,0.0
202606232042,985.0,985.0,985.0,985.0,0.0
202606232043,985.18,985.18,985.19,985.18,1.0
202606232044,985.18,985.18,985.18,985.18,0.0
202606232045,985.18,985.18,985.18,985.18,0.0
202606232046,985.18,985.18,985.18,985.18,0.0
202606232047,985.18,985.18,985.18,985.18,0.0
202606232048,985.18,985.18,985.18,985.18,0.0
202606232049,985.18,985.18,985.18,985.18,0.0
202606232050,985.18,985.18,985.18,985.18,0.0
202606232051,985.18,985.18,985.18,985.18,0.0
202606232052,985.18,985.18,985.18,985.18,0.0
202606232053,985.18,985.18,985.18,985.18,0.0
202606232054,985.18,985.18,985.18,985.18,0.0
202606232055,985.18,985.18,985.18,985.18,0.0
202606232056,985.18,985.18,985.18,985.18,0.0
202606232057,985.18,985.18,985.18,985.18,0.0
202606232058,985.18,985.18,985.18,985.18,0.0
202606232059,985.18,985.18,985.18,985.18,0.0
202606232100,985.18,985.18,985.18,985.18,0.0
202606232101,985.0,985.0,985.0,985.0,2.0
202606232102,985.0,985.0,985.0,985.0,0.0
202606232103,985.0,985.0,985.0,985.0,0.0
202606232104,985.0,985.0,985.0,985.0,0.0
202606232105,985.0,985.0,985.0,985.0,0.0
202606232106,985.0,985.0,985.0,985.0,0.0
202606232107,985.0,985.0,985.0,985.0,0.0
202606232108,985.0,985.0,985.0,985.0,0.0
202606232109,985.0,985.0,985.0,985.0,0.0
202606232110,985.0,985.0,985.0,985.0,0.0
202606232111,985.0,985.0,985.0,985.0,0.0
202606232112,985.0,985.0,985.0,985.0,0.0
202606232113,985.0,985.0,985.0,985.0,0.0
202606232114,985.0,985.0,985.0,985.0,0.0
202606232115,985.0,985.0,985.0,985.0,0.0
202606232116,986.0,986.0,986.0,986.0,2.0
202606232117,986.0,986.0,986.0,986.0,0.0
202606232118,986.0,986.0,986.0,986.0,0.0
202606232119,986.0,986.0,986.0,986.0,0.0
202606232120,986.0,986.0,986.0,986.0,0.0
202606232121,986.0,986.0,986.0,986.0,0.0
202606232122,986.0,986.0,986.0,986.0,0.0
202606232123,986.0,986.0,986.0,986.0,0.0
202606232124,986.0,986.0,986.0,986.0,0.0
202606232125,986.0,986.0,986.0,986.0,0.0
202606232126,986.0,986.0,986.0,986.0,0.0
202606232127,986.0,986.0,986.0,986.0,0.0
202606232128,986.0,986.0,986.0,986.0,0.0
202606232129,986.0,986.0,986.0,986.0,0.0
202606232130,986.0,986.0,986.0,986.0,0.0
202606232131,986.0,986.0,986.0,986.0,0.0
202606232132,986.0,986.0,986.0,986.0,0.0
202606232133,986.0,986.0,986.0,986.0,0.0
202606232134,986.0,986.0,986.0,986.0,0.0
202606232135,986.0,986.0,986.0,986.0,0.0
202606232136,986.0,986.0,986.0,986.0,0.0
202606232137,986.0,986.0,986.0,986.0,0.0
202606232138,986.0,986.0,986.0,986.0,0.0
202606232139,986.0,986.0,986.0,986.0,0.0
202606232140,986.2,986.2,986.2,986.2,1.0
202606232141,986.2,986.2,986.2,986.2,0.0
202606232142,986.2,986.2,986.2,986.2,0.0
202606232143,986.2,986.2,986.2,986.2,0.0
202606232144,986.2,986.2,986.2,986.2,0.0
202606232145,986.89,986.89,986.89,986.89,2.0
202606232146,987.0,987.0,987.0,987.0,2.0
202606232147,987.0,987.0,987.0,987.0,0.0
202606232148,987.0,987.0,987.0,987.0,0.0
202606232149,987.74,987.74,987.74,987.74,1.0
202606232150,987.74,987.74,987.74,987.74,0.0
202606232151,987.74,987.74,987.74,987.74,0.0
202606232152,987.74,987.74,987.74,987.74,0.0
202606232153,987.74,987.74,987.74,987.74,0.0
202606232154,987.74,987.74,987.74,987.74,0.0
202606232155,987.74,987.74,987.74,987.74,0.0
202606232156,987.74,987.74,987.74,987.74,0.0
202606232157,987.74,987.74,987.74,987.74,0.0
202606232158,987.74,987.74,987.74,987.74,0.0
202606232159,987.74,987.74,987.74,987.74,0.0
202606232200,987.74,987.74,987.74,987.74,0.0
202606232201,987.74,987.74,987.74,987.74,0.0
202606232202,987.74,987.74,987.74,987.74,0.0
202606232203,987.74,987.74,987.74,987.74,0.0
202606232204,987.74,987.74,987.74,987.74,0.0
202606232205,987.74,987.74,987.74,987.74,0.0
202606232206,987.74,987.74,987.74,987.74,0.0
202606232207,987.74,987.74,987.74,987.74,0.0
202606232208,987.74,987.74,987.74,987.74,0.0
202606232209,987.74,987.74,987.74,987.74,0.0
202606232210,987.79,988.0,988.02,987.79,10.0
202606232211,988.0,988.0,988.0,988.0,0.0
202606232212,988.0,988.0,988.0,988.0,0.0
202606232213,988.0,988.0,988.0,988.0,0.0
202606232214,988.0,988.0,988.0,988.0,0.0
202606232215,988.0,988.0,988.0,988.0,0.0
202606232216,988.01,988.41,988.41,988.0,3.0
202606232217,988.41,988.41,988.41,988.41,0.0
202606232218,988.41,988.41,988.41,988.41,0.0
202606232219,988.41,988.41,988.41,988.41,0.0
202606232220,988.41,988.41,988.41,988.41,0.0
202606232221,988.0,988.0,988.0,988.0,12.0
202606232222,988.0,988.0,988.0,988.0,0.0
202606232223,988.0,988.0,988.0,988.0,0.0
202606232224,987.1,987.1,987.1,987.1,1.0
202606232225,987.1,987.1,987.1,987.1,0.0
202606232226,987.1,987.1,987.1,987.1,0.0
202606232227,987.1,987.1,987.1,987.1,0.0
202606232228,987.1,987.1,987.1,987.1,0.0
202606232229,987.1,987.1,987.1,987.1,0.0
202606232230,987.1,987.1,987.1,987.1,0.0
202606232231,987.1,987.1,987.1,987.1,0.0
202606232232,987.1,987.1,987.1,987.1,0.0
202606232233,987.1,987.1,987.1,987.1,0.0
202606232234,985.41,985.41,985.41,985.41,2.0
202606232235,985.25,985.25,985.25,985.25,2.0
202606232236,985.25,985.25,985.25,985.25,0.0
202606232237,985.25,985.25,985.25,985.25,0.0
202606232238,985.25,985.25,985.25,985.25,0.0
202606232239,985.25,985.25,985.25,985.25,0.0
202606232240,985.25,985.25,985.25,985.25,0.0
202606232241,985.25,985.25,985.25,985.25,0.0
202606232242,985.25,985.25,985.25,985.25,0.0
202606232243,985.25,985.25,985.25,985.25,0.0
202606232244,985.25,985.25,985.25,985.25,0.0
202606232245,985.25,985.25,985.25,985.25,0.0
202606232246,985.25,985.25,985.25,985.25,0.0
202606232247,985.25,985.25,985.25,985.25,0.0
202606232248,985.25,985.25,985.25,985.25,0.0
202606232249,985.25,985.25,985.25,985.25,0.0
202606232250,985.25,985.25,985.25,985.25,0.0
202606232251,985.25,985.25,985.25,985.25,0.0
202606232252,985.25,985.25,985.25,985.25,0.0
202606232253,985.25,985.25,985.25,985.25,0.0
202606232254,985.25,985.25,985.25,985.25,0.0
202606232255,985.25,985.25,985.25,985.25,0.0
202606232256,985.25,985.25,985.25,985.25,0.0
202606232257,985.25,985.25,985.25,985.25,0.0
202606232258,985.25,985.25,985.25,985.25,0.0
202606232259,985.25,985.25,985.25,985.25,0.0
202606232300,985.25,985.25,985.25,985.25,0.0
202606232301,985.25,985.25,985.25,985.25,0.0
202606232302,985.25,985.25,985.25,985.25,0.0
202606232303,985.25,985.25,985.25,985.25,0.0
202606232304,985.25,985.25,985.25,985.25,0.0
202606232305,985.25,985.25,985.25,985.25,0.0
202606232306,985.25,985.25,985.25,985.25,0.0
202606232307,985.25,985.25,985.25,985.25,0.0
202606232308,985.25,985.25,985.25,985.25,0.0
202606232309,985.25,985.25,985.25,985.25,0.0
202606232310,985.25,985.25,985.25,985.25,0.0
202606232311,985.25,985.25,985.25,985.25,0.0
202606232312,985.25,985.25,985.25,985.25,0.0
202606232313,985.25,985.25,985.25,985.25,0.0
202606232314,985.25,985.25,985.25,985.25,0.0
202606232315,985.25,985.25,985.25,985.25,0.0
202606232316,985.25,985.25,985.25,985.25,0.0
202606232317,985.25,985.25,985.25,985.25,0.0
202606232318,985.25,985.25,985.25,985.25,0.0
202606232319,985.25,985.25,985.25,985.25,0.0
202606232320,985.25,985.25,985.25,985.25,0.0
202606232321,985.25,985.25,985.25,985.25,0.0
202606232322,985.25,985.25,985.25,985.25,0.0
202606232323,985.25,985.25,985.25,985.25,0.0
202606232324,985.25,985.25,985.25,985.25,0.0
202606232325,985.25,985.25,985.25,985.25,0.0
202606232326,985.25,985.25,985.25,985.25,0.0
202606232327,985.25,985.25,985.25,985.25,0.0
202606232328,985.25,985.25,985.25,985.25,0.0
202606232329,985.25,985.25,985.25,985.25,0.0
202606232330,985.25,985.25,985.25,985.25,0.0
202606232331,985.25,985.25,985.25,985.25,0.0
202606232332,986.93,986.93,986.93,986.92,1.0
202606232333,986.93,986.93,986.93,986.93,0.0
202606232334,986.93,986.93,986.93,986.93,0.0
202606232335,986.93,986.93,986.93,986.93,0.0
202606232336,986.93,986.93,986.93,986.93,0.0
202606232337,986.93,986.93,986.93,986.93,0.0
202606232338,986.93,986.93,986.93,986.93,0.0
202606232339,986.93,986.93,986.93,986.93,0.0
202606232340,986.93,986.93,986.93,986.93,0.0
202606232341,986.93,986.93,986.93,986.93,0.0
202606232342,986.93,986.93,986.93,986.93,0.0
202606232343,986.93,986.93,986.93,986.93,0.0
202606232344,986.93,986.93,986.93,986.93,0.0
202606232345,986.93,986.93,986.93,986.93,0.0
202606232346,986.93,986.93,986.93,986.93,0.0
202606232347,986.93,986.93,986.93,986.93,0.0
202606232348,986.93,986.93,986.93,986.93,0.0
202606232349,986.93,986.93,986.93,986.93,0.0
202606232350,986.93,986.93,986.93,986.93,0.0
202606232351,986.93,986.93,986.93,986.93,0.0
202606232352,986.93,986.93,986.93,986.93,0.0
202606232353,986.93,986.93,986.93,986.93,0.0
202606232354,986.93,986.93,986.93,986.93,0.0
202606232355,986.93,986.93,986.93,986.92,0.0
202606232356,986.93,986.93,986.93,986.92,0.0
202606232357,986.93,986.93,986.93,986.92,0.0
202606232358,986.93,986.93,986.93,986.92,0.0
202606232359,986.93,986.93,986.93,986.92,0.0
202606240800,990.01,991.26,1004.0088,984.24,0.0
202606240801,991.0,991.17,993.01,986.19,0.0
202606240803,992.0,992.0,992.0,992.0,0.0
202606240804,991.52,987.11,1004.7788,986.21,0.0
202606240805,987.1,989.0,990.99,987.0,0.0
202606240806,988.0,991.98,991.98,988.0,0.0
202606240809,991.72,991.75,991.75,991.68,0.0
202606240810,991.75,994.0,994.0,991.75,0.0
202606240812,993.02,993.02,993.02,993.02,0.0
202606240813,993.32,993.32,993.32,993.32,0.0
202606240814,994.98,994.98,994.98,994.98,0.0
202606240815,994.98,994.98,994.98,994.98,0.0
202606240817,994.0,992.72,994.0,992.72,0.0
202606240818,993.02,992.01,993.02,990.0012,0.0
202606240819,992.38,992.81,999.0,992.38,0.0
202606240821,992.42,993.24,993.24,992.35,0.0
202606240822,993.14,993.13,993.14,993.13,0.0
202606240823,993.13,992.98,993.15,992.98,0.0
202606240824,997.79,997.79,997.79,997.79,0.0
202606240825,993.42,991.4512,993.42,991.4512,0.0
202606240826,997.34,992.03,997.34,992.0,0.0
202606240827,994.02,992.0,1004.78,992.0,0.0
202606240829,994.0,994.0,994.0,994.0,0.0
202606240830,994.0,994.0,994.0,994.0,0.0
202606240832,996.1211,996.1211,996.1211,996.1211,0.0
202606240834,993.0,993.0,993.0,993.0,0.0
202606240835,993.92,994.61,994.61,993.92,0.0
202606240836,996.12,996.12,996.12,996.12,0.0
202606240838,992.58,992.59,992.59,992.58,0.0
202606240839,997.34,997.34,997.34,997.34,0.0
202606240840,996.12,996.12,996.12,996.12,0.0
202606240842,992.82,996.12,996.12,992.82,0.0
202606240843,994.67,994.67,994.67,994.67,0.0
202606240844,995.0,995.0,995.0,995.0,0.0
202606240845,993.76,993.76,993.76,993.76,0.0
202606240847,993.02,992.59,993.02,992.59,0.0
202606240853,993.92,993.76,993.92,993.76,0.0
202606240856,994.1,996.0,996.0,994.1,0.0
202606240857,994.1,994.1,994.1,994.1,0.0
202606240858,993.65,994.1,994.1,993.65,0.0
202606240859,994.1,995.0,995.0,994.1,0.0
202606240900,995.0,995.0,995.0,995.0,0.0
202606240901,992.82,992.52,992.82,992.52,0.0
202606240903,992.52,992.52,992.52,992.52,0.0
202606240905,994.7651,995.31,995.31,994.7651,0.0
202606240907,994.26,994.26,994.26,994.26,0.0
202606240909,993.51,993.51,993.51,993.51,0.0
202606240915,993.51,993.51,993.51,993.51,0.0
202606240922,993.51,993.51,993.51,993.51,0.0
202606240923,992.76,992.52,992.76,992.52,0.0
202606240925,993.51,993.51,993.51,993.51,0.0
202606240926,996.8165,996.8165,996.8165,996.8165,0.0
202606240927,997.21,997.21,997.21,997.21,0.0
202606240928,997.76,997.76,997.76,997.76,0.0
202606240930,997.76,994.79,997.76,994.79,0.0
202606240931,994.79,994.79,994.79,994.79,0.0
202606240932,994.15,994.15,994.15,994.15,0.0
202606240934,994.25,994.1,994.25,994.1,0.0
202606240936,992.85,992.0,992.85,992.0,0.0
202606240937,992.0,992.0,992.6,992.0,0.0
202606240938,992.0,992.06,992.6,992.0,0.0
202606240939,992.68,992.06,992.68,992.06,0.0
202606240940,992.07,992.11,992.7,992.01,0.0
202606240941,992.02,992.05,992.64,992.0,0.0
202606240942,992.05,992.28,992.68,992.05,0.0
202606240943,992.24,992.0,992.72,992.0,0.0
202606240945,992.0,990.04,992.35,990.04,0.0
202606240949,990.04,990.04,990.04,990.04,0.0
202606240950,991.306,992.81,992.81,991.306,0.0
202606240954,993.0,992.79,993.0,992.79,0.0
202606240955,993.47,993.47,993.47,993.47,0.0
202606240959,993.47,993.47,993.47,993.47,0.0
202606241001,992.79,992.36,992.86,992.36,0.0
202606241005,992.49,992.53,992.53,992.49,0.0
202606241006,992.9,992.9,992.9,992.9,0.0
202606241007,993.18,993.43,993.43,993.18,0.0
202606241008,993.43,993.81,993.81,993.27,0.0
202606241009,993.71,992.5345,994.0,992.5345,0.0
202606241012,994.6571,994.6571,994.6571,994.6571,0.0
202606241014,994.3,994.3,994.3,994.3,0.0
202606241015,993.0,992.32,993.75,992.0,0.0
202606241016,993.18,993.18,993.18,993.18,0.0
202606241017,993.56,993.75,993.75,993.56,0.0
202606241022,993.93,997.0,997.0,993.93,0.0
202606241024,994.05,994.05,994.05,994.05,0.0
202606241025,994.49,994.49,994.49,994.49,0.0
202606241026,993.94,993.94,993.94,993.94,0.0
202606241029,993.7096,993.7096,993.7096,993.7096,0.0
202606241030,993.7096,993.7096,993.7096,993.7096,0.0
202606241031,993.71,993.71,993.71,993.71,0.0
202606241032,994.34,994.34,994.34,994.34,0.0
202606241033,993.92,991.3,993.92,991.3,0.0
202606241035,993.64,992.0,993.64,992.0,0.0
202606241037,993.64,993.64,993.64,993.64,0.0
202606241038,995.9988,995.9988,995.9988,995.9988,0.0
202606241039,995.99,995.99,995.99,995.99,0.0
202606241040,995.9988,995.9988,995.9988,995.9988,0.0
202606241042,993.59,993.68,993.68,993.58,0.0
202606241044,988.0,988.0,988.0,988.0,0.0
202606241045,988.0,988.0,988.0,988.0,0.0
202606241047,993.7,993.5575,993.7,993.41,0.0
202606241048,993.64,993.64,993.64,993.64,0.0
202606241049,991.96,991.96,991.96,991.96,0.0
202606241058,991.96,991.25,991.96,991.25,0.0
202606241059,991.6,991.25,991.6,991.25,0.0
202606241100,991.25,991.96,993.64,984.24,0.0
202606241101,993.63,992.3,993.63,992.3,0.0
202606241102,992.3,992.3,993.57,992.3,0.0
202606241103,992.0,992.35,992.35,992.0,0.0
202606241104,992.49,992.35,992.68,992.35,0.0
202606241105,992.35,992.35,993.23,992.35,0.0
202606241107,992.12,991.9,992.5,991.9,0.0
202606241108,991.95,991.48,991.95,991.48,0.0
202606241109,991.91,991.91,991.91,991.91,0.0
202606241110,988.52,991.99,991.99,988.52,0.0
202606241111,991.99,991.99,991.99,991.99,0.0
202606241112,991.0,991.63,991.63,991.0,0.0
202606241114,990.8,991.9,992.0,990.8,0.0
202606241115,991.9,991.0,991.9,990.8,0.0
202606241117,990.93,991.48,991.48,990.88,0.0
202606241118,991.48,991.68,991.68,991.48,0.0
202606241119,992.0,991.34,992.0,991.0,0.0
202606241120,991.0,988.0,991.0,988.0,0.0
202606241121,991.06,991.48,991.48,991.06,0.0
202606241122,990.01,991.0,991.0,990.01,0.0
202606241123,990.51,990.9875,990.9875,990.51,0.0
202606241124,991.75,991.76,991.76,991.75,0.0
202606241125,990.8371,990.99,991.4,990.8371,0.0
202606241129,991.0,990.5,991.0,990.5,0.0
202606241130,990.1,990.1,990.1,990.1,0.0
202606241131,990.99,990.975,991.0,990.975,0.0
202606241132,990.87,991.08,991.11,990.87,0.0
202606241133,991.9,991.9,991.9,991.9,0.0
202606241134,990.76,990.65,990.76,990.65,0.0
202606241135,991.78,991.7358,991.78,991.7358,0.0
202606241137,991.5054,991.5,992.0,991.4,0.0
202606241138,991.5,991.5,991.5,991.5,0.0
202606241139,991.6,991.6,991.6,991.6,0.0
202606241140,992.2,992.99,992.99,991.6,0.0
202606241141,992.0,992.7459,992.7459,991.6,0.0
202606241142,991.6,992.83,992.83,991.06,0.0
202606241143,992.98,992.9899,992.9899,992.98,0.0
202606241145,992.38,991.5,992.38,991.5,0.0
202606241146,991.84,991.85,991.85,991.84,0.0
202606241147,992.29,992.29,992.29,992.29,0.0
202606241148,992.6919,992.7313,992.7313,992.6919,0.0
202606241149,992.5,993.71,993.71,992.5,0.0
202606241150,993.71,994.42,994.42,991.715,0.0
202606241151,991.0,994.5,996.4999,991.0,0.0
202606241152,994.5,994.0,995.0,994.0,0.0
202606241154,994.5,994.5,994.5,994.5,0.0
202606241156,994.0,993.71,995.0,993.71,0.0
202606241157,995.0,995.0,995.0,995.0,0.0
202606241158,994.5,994.5,994.5,994.5,0.0
202606241159,995.0,995.0,995.0,995.0,0.0
202606241200,995.0,994.5,995.0,994.2,0.0
202606241202,993.93,993.93,993.93,993.93,0.0
202606241203,994.02,994.5,994.5,994.02,0.0
202606241204,993.91,994.4,994.4,993.91,0.0
202606241205,994.5,994.0,994.5,993.83,0.0
202606241206,994.0,994.5,994.5,994.0,0.0
202606241207,994.8875,994.5,995.25,993.82,0.0
202606241208,993.58,994.0,994.48,993.58,0.0
202606241210,994.02,994.0,994.02,994.0,0.0
202606241211,994.5,994.0,994.5,993.73,0.0
202606241212,994.5,994.48,994.5,994.48,0.0
202606241213,994.0,993.88,994.0,993.88,0.0
202606241214,993.88,993.39,993.88,993.39,0.0
202606241215,993.5,993.17,994.04,993.17,0.0
202606241216,993.5,993.52,995.25,993.5,0.0
202606241217,993.5,994.49,994.49,993.25,0.0
202606241218,994.378,994.48,994.48,993.5,0.0
202606241219,994.271,994.0,994.49,994.0,0.0
202606241220,994.2,994.48,994.48,994.2,0.0
202606241221,994.49,995.25,995.25,994.0,0.0
202606241222,995.25,995.25,995.25,995.25,0.0
202606241223,994.5,994.5,994.5,994.5,0.0
202606241224,993.0,994.5,995.25,993.0,0.0
202606241226,993.54,992.93,993.54,992.92,0.0
202606241227,992.0,992.75,992.76,992.0,0.0
202606241228,992.53,993.0,993.0,992.53,0.0
202606241229,993.0,993.0,993.0,993.0,0.0
202606241230,994.0,993.0,994.0,993.0,0.0
202606241231,993.34,993.27,993.34,993.0,0.0
202606241232,993.27,993.27,993.27,993.27,0.0
202606241234,993.27,993.3358,993.99,993.27,0.0
202606241235,993.0,991.51,993.0,990.25,0.0
202606241236,992.0,992.0,992.0,992.0,0.0
202606241237,994.0,990.25,994.0,990.25,0.0
202606241238,992.6106,992.12,992.6106,991.86,0.0
202606241240,992.12,991.0,992.12,990.98,0.0
202606241241,990.41,989.0,990.41,989.0,0.0
202606241242,989.18,988.89,989.99,988.89,0.0
202606241243,988.88,988.88,988.88,988.88,0.0
202606241244,989.05,988.98,989.05,988.98,0.0
202606241245,988.9,989.03,989.14,988.8,0.0
202606241246,989.1,989.1,989.1,989.1,0.0
202606241247,989.56,989.75,989.75,989.42,0.0
202606241249,989.0,989.0,989.5006,988.3,0.0
202606241251,989.5796,989.19,989.5796,989.19,0.0
202606241252,988.62,988.62,988.62,988.62,0.0
202606241253,989.17,989.63,989.63,989.17,0.0
202606241254,989.4,989.19,989.4,989.19,0.0
202606241255,988.5,988.46,988.5,988.3,0.0
202606241256,988.16,988.01,988.26,988.0,0.0
202606241257,988.04,988.02,988.54,988.0,0.0
202606241258,988.35,988.35,988.35,988.35,0.0
202606241259,988.72,988.72,988.72,988.72,0.0
202606241300,988.97,989.08,991.0,988.0,0.0
202606241302,988.08,989.08,989.08,988.0,0.0
202606241303,988.04,987.8,988.04,987.8,0.0
202606241304,988.0,987.99,988.0,985.0,0.0
202606241305,988.0,988.0,988.0,988.0,0.0
202606241306,988.0,988.0,988.0,988.0,0.0
202606241307,989.66,989.66,989.66,989.66,0.0
202606241308,988.92,988.81,988.92,988.81,0.0
202606241309,988.46,988.0,988.86,988.0,0.0
202606241310,985.0,985.0,985.0,985.0,0.0
202606241311,986.88,986.5,990.22,985.0,0.0
202606241312,986.95,986.0,986.95,986.0,0.0
202606241313,986.0,985.0,988.9,985.0,0.0
202606241314,984.77,985.0,985.0,984.5,0.0
202606241330,981.6099853515625,981.3629760742188,983.6199951171875,980.1199951171875,57746.0
202606241331,981.989990234375,980.8198852539062,982.7249755859375,978.9000244140625,18571.0
202606241332,977.739990234375,980.85498046875,983.0,977.739990234375,7326.0
202606241333,980.85498046875,980.0,983.52001953125,979.5800170898438,2323.0
202606241334,979.3400268554688,982.5050048828125,983.5349731445312,978.72998046875,10692.0
202606241335,982.0775146484375,982.0,984.4600219726562,981.97998046875,9078.0
202606241336,981.5999755859375,978.97998046875,981.9450073242188,978.9500122070312,10959.0
202606241337,979.0828247070312,977.10498046875,979.35498046875,977.0,5436.0
202606241338,977.0,977.9149780273438,977.9149780273438,975.7899780273438,4557.0
202606241339,977.9749755859375,978.4400024414062,978.9550170898438,977.3510131835938,9409.0
202606241340,977.9525756835938,976.8300170898438,982.5399780273438,975.8499755859375,21914.0
202606241341,976.8049926757812,975.0,977.0599975585938,974.3892822265625,13329.0
202606241342,974.5999755859375,973.260009765625,975.7750244140625,973.260009765625,5729.0
202606241343,973.5150146484375,970.7750244140625,973.5150146484375,970.0501098632812,24309.0
202606241344,970.8720703125,974.5150146484375,974.9849853515625,970.1964111328125,6778.0
202606241345,975.97998046875,978.9824829101562,978.9849853515625,974.530029296875,9082.0
202606241346,978.5900268554688,980.6599731445312,982.5499877929688,978.0,6491.0
202606241347,981.7949829101562,979.469970703125,981.7949829101562,978.739990234375,6585.0
202606241348,980.3900146484375,979.094970703125,980.3900146484375,978.4400024414062,2786.0
202606241349,979.0999755859375,983.3300170898438,983.3300170898438,979.0999755859375,4392.0
202606241350,984.0,986.6300048828125,988.489990234375,983.75,10639.0
202606241351,986.1849975585938,987.594970703125,988.530029296875,985.3699951171875,12108.0
202606241352,986.780029296875,985.22998046875,987.3499755859375,985.22998046875,2379.0
202606241353,985.7750244140625,985.4600219726562,986.22998046875,984.6900024414062,3362.0
202606241354,985.4299926757812,986.4600219726562,987.0,985.3099975585938,3839.0
202606241355,986.4600219726562,987.1400146484375,987.1400146484375,984.8800048828125,4724.0
202606241356,987.1400146484375,986.9550170898438,987.219970703125,985.0800170898438,3618.0
202606241357,986.9550170898438,986.4400024414062,986.9849853515625,985.9400024414062,4670.0
202606241358,986.405029296875,986.905029296875,987.530029296875,985.9400024414062,2263.0
202606241359,987.0700073242188,988.114990234375,989.4000244140625,986.3499755859375,12607.0
202606241400,987.8499755859375,986.1099853515625,989.9998779296875,986.1099853515625,6190.0
202606241401,986.9299926757812,987.05126953125,988.5,986.9299926757812,2554.0
202606241402,987.9400024414062,989.1199951171875,989.4899291992188,987.0900268554688,7481.0
202606241403,988.6799926757812,988.1099853515625,990.1799926757812,988.1099853515625,6271.0
202606241404,987.890380859375,988.9949951171875,989.760009765625,987.7999877929688,4421.0
202606241405,989.280029296875,991.2745971679688,993.119873046875,989.280029296875,7057.0
202606241406,992.9400024414062,992.2100219726562,994.5800170898438,991.8400268554688,15352.0
202606241407,992.5,993.3800048828125,994.9199829101562,992.469970703125,5686.0
202606241408,993.0,991.6749877929688,993.9199829101562,991.27001953125,6770.0
202606241409,991.7050170898438,992.3499755859375,992.3499755859375,991.4199829101562,1854.0
202606241410,991.77001953125,990.6599731445312,992.5399169921875,990.5032958984375,5446.0
202606241411,990.655029296875,990.8499755859375,991.010986328125,989.1199951171875,5770.0
202606241412,991.8400268554688,991.8250122070312,992.6298828125,990.77001953125,2837.0
202606241413,991.469970703125,990.931884765625,991.469970703125,990.260009765625,3530.0
202606241414,990.6649780273438,990.4299926757812,990.989990234375,989.3800048828125,3862.0
202606241415,989.8599853515625,987.5900268554688,990.3900146484375,987.0001220703125,5438.0
202606241416,987.5900268554688,987.1099853515625,987.5900268554688,986.2100219726562,5237.0
202606241417,987.489990234375,986.0499877929688,987.510009765625,986.0399780273438,6536.0
202606241418,986.4398803710938,986.7199096679688,986.7199096679688,984.1699829101562,15853.0
202606241419,985.655029296875,986.9498901367188,986.9498901367188,985.5399780273438,4959.0
202606241420,986.280029296875,985.510009765625,986.280029296875,984.27001953125,11829.0
202606241421,985.5700073242188,987.3800048828125,987.3800048828125,984.7346801757812,4056.0
202606241422,987.3800048828125,988.0349731445312,988.5399780273438,987.25,3212.0
202606241423,988.0349731445312,988.6099853515625,990.0,987.4000244140625,4513.0
202606241424,988.8300170898438,988.46728515625,989.4249877929688,988.46728515625,2133.0
202606241425,989.77001953125,989.614990234375,990.5050048828125,989.0,5733.0
202606241426,989.72998046875,989.7000122070312,991.0599975585938,989.7000122070312,5134.0
202606241427,989.719970703125,991.8250122070312,992.4121704101562,989.0900268554688,5844.0
202606241428,991.5599975585938,990.8599853515625,991.8198852539062,990.8599853515625,3325.0
202606241429,990.8400268554688,990.4000244140625,991.030029296875,990.1400146484375,2651.0
202606241430,990.469970703125,990.9824829101562,991.8499755859375,990.469970703125,4404.0
202606241431,991.2650146484375,992.0700073242188,992.0700073242188,990.0700073242188,4542.0
202606241432,992.1599731445312,993.02001953125,993.9409790039062,991.1901245117188,2997.0
202606241433,993.010009765625,992.239990234375,993.010009765625,991.3699951171875,4919.0
202606241434,992.239990234375,992.7999877929688,993.1174926757812,992.02001953125,3949.0
202606241435,993.3099975585938,992.6599731445312,994.0700073242188,992.6599731445312,6092.0
202606241436,992.6199951171875,993.9000244140625,993.9199829101562,992.6199951171875,1692.0
202606241437,993.6799926757812,994.5399780273438,995.02001953125,993.6799926757812,4714.0
202606241438,995.1900024414062,995.1500244140625,995.97998046875,995.0750122070312,7488.0
202606241439,995.1099853515625,994.5599975585938,995.1799926757812,993.8699951171875,5866.0
202606241440,995.5150146484375,995.0,996.469970703125,994.5999755859375,2833.0
202606241441,994.5200805664062,994.6099853515625,995.1400146484375,994.4749755859375,1518.0
202606241442,994.3599853515625,993.4700927734375,994.77001953125,993.0089721679688,2923.0
202606241443,994.5900268554688,995.8049926757812,996.1799926757812,993.4636840820312,3927.0
202606241444,996.2100219726562,997.1799926757812,997.6799926757812,996.0700073242188,2414.0
202606241445,997.3800048828125,997.2150268554688,997.9998779296875,996.780029296875,7938.0
202606241446,997.6699829101562,999.5499877929688,1000.8800048828125,997.6699829101562,10727.0
202606241447,1000.3099975585938,1000.4849853515625,1000.8800048828125,1000.3099975585938,4594.0
202606241448,1000.0,998.739990234375,1000.114990234375,998.739990234375,7081.0
202606241449,998.3400268554688,998.6300048828125,998.969970703125,997.8099975585938,4708.0
202606241450,998.8800048828125,1000.1950073242188,1000.8699951171875,998.8800048828125,5288.0
202606241451,1000.155029296875,1000.77001953125,1001.1199951171875,999.739990234375,4214.0
202606241452,1000.885009765625,1002.2899780273438,1003.0,1000.780029296875,6433.0
202606241453,1002.7000122070312,1002.5225219726562,1002.7000122070312,1001.8499755859375,2488.0
202606241454,1002.6400146484375,1001.3800048828125,1002.6500244140625,1001.1300048828125,6139.0
202606241455,1001.1400146484375,1000.1849975585938,1001.1400146484375,999.8599853515625,7482.0
202606241456,1000.530029296875,1002.489990234375,1002.489990234375,1000.530029296875,3567.0
202606241457,1002.22998046875,1002.5,1002.5,1001.5599975585938,5043.0
202606241458,1002.080078125,1002.6599731445312,1003.0349731445312,1002.080078125,5263.0
202606241459,1002.4299926757812,1002.6950073242188,1003.1798706054688,1001.6599731445312,3152.0
202606241500,1002.7575073242188,1001.8790283203125,1002.8150024414062,1001.719970703125,4180.0
202606241501,1002.14501953125,1001.5599975585938,1002.3400268554688,1001.4500122070312,4354.0
202606241502,1001.9500122070312,1002.0800170898438,1002.0999755859375,1001.2899780273438,2988.0
202606241503,1002.135009765625,1002.0025634765625,1002.5900268554688,1001.5599975585938,3816.0
202606241504,1002.4224853515625,1001.010986328125,1002.4224853515625,1000.6699829101562,3536.0
202606241505,1000.6950073242188,1000.2080078125,1001.1599731445312,1000.2000122070312,3931.0
202606241506,1000.5999755859375,999.4000244140625,1000.5999755859375,998.7578735351562,6501.0
202606241507,1000.280029296875,999.6599731445312,1000.7888793945312,999.219970703125,2908.0
202606241508,1000.2150268554688,999.0,1000.2150268554688,999.0,2942.0
202606241509,999.25,999.6300048828125,1000.0700073242188,998.6699829101562,5398.0
202606241510,999.7550048828125,1000.989990234375,1000.989990234375,999.7550048828125,3732.0
202606241511,1000.5549926757812,1000.3798828125,1000.5549926757812,999.6300048828125,3043.0
202606241512,1000.0499877929688,998.1099853515625,1000.0499877929688,998.1099853515625,6435.0
202606241513,997.8900146484375,998.1300048828125,998.3699951171875,997.4299926757812,3257.0
202606241514,998.1099853515625,998.4299926757812,998.8699951171875,997.9468994140625,17426.0
202606241515,998.4299926757812,998.27001953125,998.5349731445312,997.8699951171875,3155.0
202606241516,998.25,998.3800048828125,998.9400024414062,998.02001953125,3715.0
202606241517,998.5399780273438,999.989990234375,1000.0499877929688,998.5399780273438,3235.0
202606241518,999.0700073242188,998.3200073242188,999.4550170898438,998.1950073242188,5727.0
202606241519,998.3800048828125,998.1699829101562,998.6099243164062,997.7100219726562,5645.0
202606241520,998.0599975585938,998.3524780273438,998.52001953125,997.9500122070312,2367.0
202606241521,998.2849731445312,998.4500122070312,999.2000122070312,998.2849731445312,3331.0
202606241522,998.4500122070312,998.3574829101562,998.7584228515625,998.3099975585938,4689.0
202606241523,997.8099975585938,997.9600219726562,998.8399047851562,997.5900268554688,20891.0
202606241524,997.9949951171875,997.510009765625,998.4000244140625,997.1799926757812,8218.0
202606241525,997.4299926757812,997.7401123046875,998.4450073242188,997.1699829101562,194281.0
202606241526,998.2899780273438,1000.4500122070312,1000.4500122070312,998.2899780273438,6169.0
202606241527,1000.4500122070312,1000.39501953125,1000.9400024414062,999.9000854492188,4277.0
202606241528,1000.0,1000.6900024414062,1000.8900146484375,999.75,6285.0
202606241529,1000.4400024414062,1002.7750244140625,1002.7750244140625,1000.4400024414062,9540.0
202606241530,1002.3099975585938,1002.489990234375,1003.4349975585938,1002.1099853515625,9131.0
202606241531,1002.489990234375,1000.9000244140625,1002.489990234375,1000.4801025390625,8771.0
202606241532,1000.9749755859375,1000.9000244140625,1001.3900146484375,1000.35498046875,5334.0
202606241533,1000.9299926757812,1000.7999877929688,1001.2100219726562,1000.1799926757812,11966.0
202606241534,1000.8400268554688,1002.22998046875,1002.2750244140625,1000.8400268554688,19330.0
202606241535,1002.155029296875,1002.5800170898438,1002.77001953125,1001.4600219726562,2168.0
202606241536,1002.6799926757812,1003.02001953125,1003.2000122070312,1002.4000244140625,12682.0
202606241537,1002.9299926757812,1002.989990234375,1003.6099853515625,1002.6859741210938,2601.0
202606241538,1003.4199829101562,1002.4000244140625,1003.469970703125,1002.0999755859375,5907.0
202606241539,1002.3599853515625,1001.614990234375,1002.4450073242188,1000.739990234375,4913.0
202606241540,1001.614990234375,1002.5499877929688,1002.77001953125,1001.614990234375,2830.0
202606241541,1003.010009765625,1000.8599853515625,1003.010009765625,1000.8599853515625,4832.0
202606241542,1001.2100219726562,1000.614990234375,1001.4949951171875,1000.4099731445312,4775.0
202606241543,1001.0499877929688,1000.219970703125,1001.22998046875,1000.219970703125,1512.0
202606241544,1000.5900268554688,1001.02001953125,1001.02001953125,1000.0,3688.0
202606241545,1000.8400268554688,1001.219970703125,1001.219970703125,1000.5999755859375,12136.0
202606241546,1000.7849731445312,1001.1500244140625,1001.77001953125,1000.7849731445312,1849.0
202606241547,1000.5499877929688,1000.0,1000.5499877929688,999.8099975585938,4267.0
202606241548,1000.3599853515625,999.1599731445312,1000.4099731445312,999.1599731445312,2553.0
202606241549,999.5549926757812,1001.7150268554688,1001.8800048828125,999.10009765625,4539.0
202606241550,1002.1099853515625,1002.0499877929688,1002.6900024414062,1001.7509765625,6863.0
202606241551,1002.114990234375,1002.2949829101562,1002.4099731445312,1002.114990234375,7036.0
202606241552,1001.8699951171875,1002.3499755859375,1002.3499755859375,1001.6799926757812,3132.0
202606241553,1002.3900146484375,1002.0399780273438,1002.6099243164062,1001.8599853515625,3914.0
202606241554,1001.5599975585938,1002.4099731445312,1002.5800170898438,1001.5499877929688,3743.0
202606241555,1002.6099853515625,1002.5599975585938,1003.4400024414062,1002.5599975585938,6467.0
202606241556,1002.5700073242188,1002.4600219726562,1002.8784790039062,1002.1099853515625,2542.0
202606241557,1002.3900146484375,1002.6599731445312,1002.72998046875,1002.3200073242188,2013.0
202606241558,1002.135009765625,1001.6199951171875,1002.27001953125,1001.6199951171875,1146.0
202606241559,1002.0399780273438,1002.0549926757812,1002.3200073242188,1002.010009765625,3037.0
202606241600,1002.0225219726562,1000.47998046875,1002.0499877929688,1000.469970703125,6849.0
202606241601,1000.469970703125,1000.6300048828125,1001.3400268554688,1000.469970703125,3238.0
202606241602,1000.6300048828125,1000.4149780273438,1000.7650146484375,1000.4149780273438,2943.0
202606241603,1000.0800170898438,999.5999755859375,1000.1699829101562,999.5999755859375,1342.0
202606241604,999.7650146484375,999.8800048828125,999.9600219726562,999.5800170898438,3377.0
202606241605,999.7200927734375,999.6801147460938,1000.0700073242188,999.5800170898438,2963.0
202606241606,1000.0700073242188,999.4298706054688,1000.5,999.2849731445312,5348.0
202606241607,999.4299926757812,999.8699951171875,999.8699951171875,999.4299926757812,1582.0
202606241608,1000.010009765625,999.030029296875,1000.02001953125,999.0,1820.0
202606241609,998.8599853515625,999.0399780273438,999.1799926757812,998.6699829101562,2284.0
202606241610,999.3099975585938,999.469970703125,999.469970703125,998.719970703125,3064.0
202606241611,999.489990234375,999.27001953125,999.6900024414062,998.85498046875,24934.0
202606241612,999.1300048828125,999.7550048828125,999.8699951171875,999.1300048828125,1986.0
202606241613,1000.0150146484375,1000.989990234375,1000.989990234375,999.4400024414062,4962.0
202606241614,1000.760009765625,1000.52001953125,1001.27001953125,1000.27001953125,2080.0
202606241615,1000.8400268554688,1001.5549926757812,1001.5728759765625,1000.8400268554688,1836.0
202606241616,1001.1099853515625,1001.655029296875,1001.7899780273438,1001.1099853515625,2997.0
202606241617,1001.739990234375,1001.364990234375,1001.739990234375,1001.0599975585938,1596.0
202606241618,1001.364990234375,1001.60498046875,1001.6699829101562,1000.9600219726562,5804.0
202606241619,1001.6099853515625,1001.844970703125,1001.9500122070312,1001.2100219726562,7035.0
202606241620,1001.989990234375,1002.0225219726562,1002.5999755859375,1001.5800170898438,13600.0
202606241621,1001.9625244140625,1002.4000244140625,1002.6199951171875,1001.8900146484375,12385.0
202606241622,1002.4000244140625,1003.6900024414062,1003.7000122070312,1002.2000122070312,7111.0
202606241623,1003.3150024414062,1004.010009765625,1004.1699829101562,1003.3150024414062,4368.0
202606241624,1004.1749877929688,1003.52001953125,1004.8699951171875,1003.4949951171875,4840.0
202606241625,1003.489990234375,1001.8200073242188,1003.489990234375,1001.8200073242188,2456.0
202606241626,1001.9600219726562,1002.5650024414062,1002.760009765625,1001.9600219726562,1336.0
202606241627,1002.6950073242188,1002.4349975585938,1003.0999755859375,1002.1900024414062,4299.0
202606241628,1002.1900024414062,1002.6099853515625,1002.7999877929688,1001.989990234375,10310.0
202606241629,1002.5859985351562,1001.7000122070312,1002.7449951171875,1001.7000122070312,6884.0
202606241630,1002.0322875976562,1000.5963134765625,1002.0322875976562,1000.5963134765625,3520.0
202606241631,1000.9199829101562,999.7349853515625,1001.02001953125,999.3699951171875,2675.0
202606241632,999.3209838867188,1000.3800048828125,1000.6300048828125,999.3209838867188,7360.0
202606241633,1000.1900024414062,1001.2999877929688,1001.2999877929688,999.6400146484375,10530.0
202606241634,1001.510009765625,1000.594970703125,1001.7899169921875,1000.0,2560.0
202606241635,1001.1300048828125,1002.3699951171875,1002.7999877929688,1000.7050170898438,5523.0
202606241636,1002.1199951171875,1000.8599853515625,1002.1199951171875,1000.0,9436.0
202606241637,1000.6475219726562,1000.7849731445312,1000.8300170898438,1000.0,3826.0
202606241638,1001.2899780273438,1001.2000122070312,1001.2899780273438,1000.5399780273438,1733.0
202606241639,1000.6599731445312,1000.7899780273438,1001.030029296875,1000.0599975585938,8127.0
202606241640,1000.010009765625,1000.760009765625,1000.9199829101562,999.72998046875,10279.0
202606241641,1000.0999755859375,1000.5399780273438,1001.0,1000.0,7944.0
202606241642,1000.489990234375,999.155029296875,1000.489990234375,998.75,8477.0
202606241643,999.6199951171875,998.6199951171875,999.6300048828125,998.6199951171875,1544.0
202606241644,999.0599975585938,999.8099975585938,999.9299926757812,998.2401123046875,14510.0
202606241645,999.2808227539062,998.8259887695312,999.5050048828125,998.7899780273438,17507.0
202606241646,998.6649780273438,998.6849975585938,999.1099853515625,997.9500122070312,6512.0
202606241647,998.6500244140625,999.6900024414062,999.6900024414062,998.4099731445312,12043.0
202606241648,999.6649780273438,999.1849975585938,1000.0349731445312,998.844970703125,8179.0
202606241649,998.9249877929688,998.4824829101562,999.405029296875,998.3699951171875,1332.0
202606241650,998.3599853515625,996.6900024414062,998.5900268554688,996.39501953125,13737.0
202606241651,996.1599731445312,995.7550048828125,996.3699951171875,995.5499877929688,7318.0
202606241652,995.5499877929688,995.3499755859375,995.9600219726562,995.2750244140625,6675.0
202606241653,995.0499877929688,995.4000244140625,995.969970703125,995.0499877929688,1874.0
202606241654,995.3499755859375,994.9000244140625,995.6900024414062,994.6099853515625,4633.0
202606241655,994.8900146484375,994.5150146484375,994.8900146484375,994.1514892578125,4233.0
202606241656,994.510009765625,994.3499755859375,995.0399780273438,994.0999755859375,2232.0
202606241657,994.030029296875,994.094970703125,994.3099975585938,993.9099731445312,3261.0
202606241658,994.0150146484375,994.719970703125,994.8200073242188,993.4400024414062,9709.0
202606241659,994.35009765625,993.8300170898438,994.4271240234375,993.719970703125,4024.0
202606241700,993.719970703125,994.360595703125,995.3400268554688,993.239990234375,14436.0
202606241701,994.3599853515625,994.8784790039062,994.8784790039062,994.3599853515625,2711.0
202606241702,994.5,993.0399780273438,994.5,992.8599853515625,22812.0
202606241703,992.8599853515625,994.739990234375,995.0250244140625,992.8599853515625,10374.0
202606241704,994.7999877929688,994.22998046875,994.97998046875,994.1199951171875,1119.0
202606241705,994.8900146484375,993.5499877929688,994.9299926757812,993.5499877929688,5784.0
202606241706,993.260009765625,991.656005859375,993.5,991.656005859375,5170.0
202606241707,992.0,990.635009765625,992.2899780273438,990.635009765625,7877.0
202606241708,990.4219970703125,990.5599975585938,990.7750244140625,990.260009765625,899.0
202606241709,990.5800170898438,991.5449829101562,991.6099853515625,990.5800170898438,2984.0
202606241710,991.8699951171875,991.8900146484375,991.989990234375,991.719970703125,1678.0
202606241711,992.1699829101562,990.9500122070312,992.1699829101562,990.9500122070312,3228.0
202606241712,990.9000244140625,990.1199951171875,990.9349975585938,990.0,5309.0
202606241713,990.260009765625,990.4249877929688,990.4249877929688,989.610107421875,4564.0
202606241714,990.1699829101562,989.8300170898438,990.1900024414062,989.8300170898438,1239.0
202606241715,990.5009155273438,990.5999755859375,991.3800048828125,990.114990234375,1831.0
202606241716,990.6649780273438,987.4666748046875,990.6649780273438,987.4666748046875,7507.0
202606241717,988.0750122070312,988.0700073242188,988.489990234375,987.5,1877.0
202606241718,988.1400146484375,986.9400024414062,988.1400146484375,986.9400024414062,2730.0
202606241719,987.0,987.52001953125,988.8599853515625,986.77001953125,3487.0
202606241720,987.3839721679688,986.8400268554688,987.8200073242188,986.6099853515625,3391.0
202606241721,986.760009765625,987.3900146484375,987.5599975585938,986.0,2801.0
202606241722,987.469970703125,986.2999877929688,988.1099243164062,986.2999877929688,4170.0
202606241723,986.3001098632812,985.3300170898438,986.52001953125,985.0,4018.0
202606241724,985.5599975585938,983.219970703125,985.5599975585938,982.780029296875,15090.0
202606241725,982.5499877929688,981.875,982.5499877929688,981.7050170898438,2813.0
202606241726,982.0999755859375,981.8250122070312,982.3200073242188,981.2301025390625,1290.0
202606241727,981.8250122070312,981.8200073242188,981.844970703125,981.239990234375,2775.0
202606241728,981.1799926757812,979.8599853515625,981.6400146484375,978.9400024414062,7771.0
202606241729,979.8800048828125,980.02001953125,980.4400024414062,979.4500122070312,4005.0
202606241730,980.3400268554688,981.2000122070312,981.2000122070312,979.8200073242188,4026.0
202606241731,980.52001953125,980.0499877929688,980.7849731445312,979.22998046875,3140.0
202606241732,980.10498046875,981.0399780273438,981.1300048828125,980.10498046875,1084.0
202606241733,980.1400146484375,980.5,981.3699951171875,980.094970703125,1983.0
202606241734,980.8350219726562,981.4349975585938,981.6699829101562,979.8300170898438,1265.0
202606241735,981.8499755859375,981.1099853515625,983.1400146484375,981.1099853515625,5711.0
202606241736,981.4299926757812,980.5999755859375,981.4299926757812,980.5999755859375,2024.0
202606241737,980.5250244140625,979.510009765625,980.6900024414062,978.9500122070312,4018.0
202606241738,979.2999877929688,979.3800048828125,979.3800048828125,978.239990234375,2272.0
202606241739,979.9199829101562,980.2000122070312,980.2000122070312,979.2899780273438,3002.0
202606241740,979.9550170898438,979.6649780273438,979.9550170898438,979.260009765625,1973.0
202606241741,979.75,980.469970703125,980.469970703125,979.6649780273438,5590.0
202606241742,979.9099731445312,979.280029296875,980.1699829101562,979.1199951171875,3169.0
202606241743,979.3250122070312,979.1699829101562,979.8200073242188,978.8699951171875,2777.0
202606241744,978.8800048828125,977.989013671875,979.1646118164062,977.75,5777.0
202606241745,978.0546875,978.1900024414062,979.1502075195312,978.0546875,3066.0
202606241746,978.1900024414062,979.0,979.6300048828125,978.1900024414062,2390.0
202606241747,979.0449829101562,981.2349853515625,981.3699951171875,978.9860229492188,4377.0
202606241748,981.0399780273438,980.4299926757812,981.22998046875,980.4299926757812,2354.0
202606241749,981.0349731445312,981.7899780273438,981.7899780273438,980.9199829101562,3255.0
202606241750,981.6630859375,982.4400024414062,982.5,981.6630859375,11870.0
202606241751,983.0999755859375,982.4650268554688,983.219970703125,982.1901245117188,4721.0
202606241752,982.969970703125,983.1699829101562,983.1699829101562,982.0,2661.0
202606241753,983.1500244140625,982.64501953125,983.3599853515625,982.3200073242188,11037.0
202606241754,982.3300170898438,982.3800048828125,983.4699096679688,982.0399780273438,3549.0
202606241755,983.5,984.35498046875,984.8800048828125,983.5,3035.0
202606241756,984.75,983.6599731445312,984.8499755859375,983.469970703125,2449.0
202606241757,983.5999755859375,982.72998046875,983.5999755859375,982.6300048828125,1090.0
202606241758,982.1400146484375,981.1300048828125,982.1400146484375,980.9600219726562,2525.0
202606241759,982.0800170898438,981.47998046875,982.0800170898438,981.47998046875,3764.0
202606241800,981.6199951171875,980.5900268554688,981.6799926757812,980.4099731445312,3352.0
202606241801,980.5700073242188,980.1500244140625,981.4019775390625,980.0,4957.0
202606241802,980.1300048828125,980.6950073242188,980.7100219726562,979.5,2619.0
202606241803,980.3599853515625,980.3699951171875,980.3699951171875,979.7899780273438,2866.0
202606241804,980.1950073242188,980.1950073242188,980.2000122070312,980.1950073242188,397.0
202606241805,980.1849975585938,980.2349853515625,980.75,980.0800170898438,4145.0
202606241806,980.2349853515625,980.802490234375,981.1300048828125,980.2349853515625,2881.0
202606241807,980.1900024414062,979.8400268554688,980.6799926757812,979.75,2101.0
202606241808,980.27001953125,980.9349975585938,981.1799926757812,980.27001953125,2565.0
202606241809,980.9349975585938,980.6900024414062,980.9349975585938,979.72998046875,2802.0
202606241810,980.260009765625,980.9199829101562,980.9199829101562,980.22998046875,1880.0
202606241811,980.6300048828125,979.5599975585938,980.8900146484375,979.02001953125,9724.0
202606241812,979.47998046875,980.0349731445312,980.2000122070312,979.02001953125,3994.0
202606241813,980.1900024414062,979.885009765625,980.1900024414062,979.510009765625,3445.0
202606241814,979.885009765625,979.8900146484375,979.989990234375,978.8800048828125,15162.0
202606241815,979.7849731445312,980.8400268554688,981.5599975585938,979.5800170898438,7465.0
202606241816,980.8400268554688,981.4600219726562,981.6400146484375,980.1599731445312,5717.0
202606241817,981.4299926757812,981.6500244140625,982.9550170898438,981.1500244140625,6401.0
202606241818,982.1279907226562,981.4000244140625,982.1279907226562,980.375,2421.0
202606241819,981.4099731445312,981.8099975585938,982.1900024414062,981.030029296875,3328.0
202606241820,981.905029296875,981.7550048828125,982.1964111328125,981.2999877929688,1366.0
202606241821,981.2999877929688,981.7999877929688,981.8099975585938,981.2999877929688,2801.0
202606241822,982.0599975585938,982.0399780273438,982.280029296875,981.4000244140625,3054.0
202606241823,982.2100219726562,982.7000122070312,982.8800048828125,982.2100219726562,1476.0
202606241824,982.9550170898438,983.2474975585938,983.4000244140625,982.469970703125,4421.0
202606241825,983.4000244140625,984.6599731445312,984.6699829101562,983.4000244140625,4269.0
202606241826,984.1500244140625,983.8259887695312,984.6163940429688,983.8049926757812,3350.0
202606241827,983.9199829101562,984.97998046875,985.2000122070312,983.9199829101562,4538.0
202606241828,984.146728515625,984.4000244140625,985.217529296875,984.1199951171875,3124.0
202606241829,984.4310302734375,983.5599975585938,984.6900024414062,983.5599975585938,3637.0
202606241830,984.0999755859375,984.6500244140625,984.6500244140625,983.1799926757812,7709.0
202606241831,984.3800048828125,985.2999877929688,985.2999877929688,984.010009765625,1896.0
202606241832,985.3699951171875,984.7999877929688,985.52001953125,984.6799926757812,2415.0
202606241833,985.030029296875,983.9000244140625,985.1400146484375,983.9000244140625,3450.0
202606241834,984.3599853515625,985.0,985.0,984.3599853515625,1235.0
202606241835,984.8300170898438,984.239990234375,985.010009765625,984.239990234375,6098.0
202606241836,984.5150146484375,984.8300170898438,984.8300170898438,983.6950073242188,3422.0
202606241837,985.0850219726562,984.0449829101562,985.0850219726562,984.0449829101562,1818.0
202606241838,984.02001953125,983.885009765625,984.3800048828125,983.5449829101562,1466.0
202606241839,983.8800048828125,983.489990234375,984.1599731445312,983.489990234375,1960.0
202606241840,983.1799926757812,982.7999877929688,983.5,982.3900146484375,3990.0
202606241841,982.5599975585938,983.4099731445312,983.760009765625,982.5599975585938,2094.0
202606241842,982.9949951171875,983.1900024414062,983.47998046875,982.5001220703125,1242.0
202606241843,983.1900024414062,982.760009765625,983.1900024414062,982.760009765625,1095.0
202606241844,982.9650268554688,983.1900024414062,983.3800048828125,982.7000122070312,4542.0
202606241845,982.9099731445312,982.4500122070312,982.9099731445312,982.2150268554688,2764.0
202606241846,982.4500122070312,981.9600219726562,982.4500122070312,981.719970703125,3351.0
202606241847,982.1599731445312,981.6400146484375,982.52001953125,981.6400146484375,2000.0
202606241848,981.25,980.780029296875,981.4998779296875,980.3599853515625,3501.0
202606241849,980.4500122070312,980.3724975585938,980.739990234375,979.4299926757812,5152.0
202606241850,980.7999877929688,979.6799926757812,980.8099975585938,979.6799926757812,1527.0
202606241851,980.3900146484375,979.8200073242188,980.5490112304688,979.8200073242188,4334.0
202606241852,980.1300048828125,980.4199829101562,981.0499877929688,980.1300048828125,2750.0
202606241853,980.8200073242188,981.6699829101562,981.6699829101562,980.7000122070312,3257.0
202606241854,981.739990234375,981.8699951171875,982.0800170898438,981.5999755859375,2338.0
202606241855,982.16748046875,981.8800048828125,982.3599853515625,981.5700073242188,3320.0
202606241856,981.5250244140625,981.8200073242188,981.8200073242188,981.3150024414062,1621.0
202606241857,982.5850219726562,981.1799926757812,982.5850219726562,981.1799926757812,3340.0
202606241858,981.0650024414062,980.2061157226562,981.0999755859375,980.2061157226562,3131.0
202606241859,980.2899780273438,980.6699829101562,980.6699829101562,980.1099853515625,1268.0
202606241900,980.760009765625,980.8599853515625,981.3300170898438,979.6500854492188,6662.0
202606241901,980.780029296875,980.0,980.8499755859375,979.6749877929688,2973.0
202606241902,980.0050048828125,981.9099731445312,981.9099731445312,980.0050048828125,2601.0
202606241903,981.5750122070312,982.7650146484375,983.6500244140625,981.4299926757812,5789.0
202606241904,982.6699829101562,981.760009765625,982.6699829101562,981.760009765625,2222.0
202606241905,982.2000122070312,980.8074951171875,982.2000122070312,980.6649780273438,2557.0
202606241906,980.6849975585938,979.3875122070312,980.6849975585938,979.3699951171875,2952.0
202606241907,979.3699951171875,978.4099731445312,979.3699951171875,977.864990234375,8080.0
202606241908,978.2150268554688,979.2000122070312,979.4600219726562,978.0999755859375,4334.0
202606241909,979.6099853515625,979.5800170898438,979.97998046875,978.8099975585938,10315.0
202606241910,979.2899780273438,980.5850219726562,980.5850219726562,978.780029296875,5268.0
202606241911,980.5700073242188,980.219970703125,980.6886596679688,979.8150024414062,2057.0
202606241912,980.22998046875,980.5349731445312,980.6199951171875,979.969970703125,1739.0
202606241913,980.719970703125,981.4299926757812,981.6900024414062,980.719970703125,2924.0
202606241914,981.8699951171875,983.0599975585938,983.0599975585938,981.8699951171875,3478.0
202606241915,982.8150024414062,982.0,982.8150024414062,981.7100219726562,4157.0
202606241916,982.4400024414062,981.9600219726562,982.5599975585938,981.7899780273438,3373.0
202606241917,981.72998046875,981.9000244140625,982.8250122070312,981.6400146484375,1988.0
202606241918,981.9849853515625,982.0599975585938,982.3200073242188,981.8150024414062,2348.0
202606241919,981.7100219726562,981.6300048828125,982.0750122070312,981.3599853515625,2208.0
202606241920,981.3400268554688,981.1599731445312,981.7100219726562,980.6436157226562,5451.0
202606241921,981.1300048828125,980.8699951171875,981.2000122070312,980.3599853515625,3823.0
202606241922,980.7349853515625,980.8701171875,981.5499877929688,980.6300048828125,2752.0
202606241923,981.25,981.5,981.7449951171875,981.1400146484375,2632.0
202606241924,981.0,981.780029296875,981.780029296875,980.8699951171875,4265.0
202606241925,981.85498046875,982.8800048828125,983.6900024414062,981.85498046875,13764.0
202606241926,983.3599853515625,983.125,983.4299926757812,982.9299926757812,4254.0
202606241927,983.125,982.0150146484375,983.419921875,982.0150146484375,3198.0
202606241928,982.1400146484375,982.4299926757812,982.9299926757812,982.114990234375,3831.0
202606241929,982.4744873046875,982.864990234375,982.8800048828125,982.2550048828125,2944.0
202606241930,982.8499755859375,983.532470703125,983.8250122070312,982.2899780273438,5669.0
202606241931,983.489990234375,983.9400024414062,983.9400024414062,982.840087890625,7008.0
202606241932,983.8200073242188,983.9299926757812,984.1799926757812,983.3200073242188,3624.0
202606241933,984.3699951171875,983.625,984.3699951171875,983.5150146484375,3425.0
202606241934,983.6749877929688,983.635009765625,983.9500122070312,983.3800048828125,4162.0
202606241935,983.9400024414062,984.1649780273438,984.4400024414062,983.3499755859375,7478.0
202606241936,984.4600219726562,985.5499877929688,985.614990234375,984.3400268554688,8346.0
202606241937,985.4450073242188,985.3699951171875,985.6500244140625,984.989990234375,5656.0
202606241938,985.4149780273438,985.3499755859375,985.989990234375,984.8800048828125,8316.0
202606241939,985.3499755859375,985.2100219726562,985.6799926757812,984.8200073242188,11933.0
202606241940,985.6599731445312,986.010009765625,986.5900268554688,985.6599731445312,6763.0
202606241941,986.2100219726562,986.0,986.489990234375,985.6199951171875,6063.0
202606241942,985.989990234375,985.6599731445312,986.27001953125,985.1599731445312,7916.0
202606241943,985.6699829101562,986.4550170898438,986.6900024414062,985.4650268554688,5143.0
202606241944,986.3800048828125,986.3800048828125,986.989990234375,985.9600219726562,0.0
202606241945,986.97998046875,988.3250122070312,988.6900024414062,986.97998046875,15200.0
202606241946,988.489990234375,988.0449829101562,988.8599853515625,987.8099975585938,9748.0
202606241947,987.760009765625,987.6199951171875,987.9400024414062,987.3900146484375,7240.0
202606241948,987.45751953125,987.8300170898438,988.25,987.45751953125,9799.0
202606241949,987.9299926757812,988.8200073242188,988.8200073242188,987.52001953125,8696.0
202606241950,988.2750244140625,989.4525146484375,990.0,987.719970703125,16033.0
202606241951,989.5,989.5599975585938,989.864990234375,989.1900024414062,17379.0
202606241952,989.3800048828125,989.4749755859375,989.5800170898438,988.8900146484375,14216.0
202606241953,989.5599975585938,991.219970703125,991.4099731445312,989.5599975585938,11991.0
202606241954,991.3599853515625,990.5,991.5,990.5,22789.0
202606241955,990.8599853515625,991.6099853515625,993.010009765625,990.760009765625,42160.0
202606241956,991.6099853515625,992.8400268554688,993.280029296875,991.510009765625,27802.0
202606241957,993.219970703125,994.27001953125,994.5,992.510009765625,52227.0
202606241958,993.7899780273438,993.7899780273438,993.7899780273438,993.7899780273438,0.0
