datetime,open,close,high,low,volume
202606230801,962.0,962.0,962.0,962.0,1.0
202606230802,962.0,962.0,962.0,962.0,0.0
202606230803,962.0,962.0,962.0,962.0,0.0
202606230804,962.0,962.0,962.0,962.0,0.0
202606230805,962.0,962.0,962.0,962.0,0.0
202606230806,956.93,956.93,956.93,956.93,1.0
202606230807,956.93,956.93,956.93,956.93,1.0
202606230808,962.0,962.0,962.0,962.0,2.0
202606230809,960.35,960.35,960.35,960.35,2.0
202606230810,958.01,958.01,958.01,958.01,2.0
202606230811,956.84,956.84,956.84,956.84,1.0
202606230812,956.84,956.84,956.84,956.84,0.0
202606230813,960.55,961.0,961.0,960.55,6.0
202606230814,961.0,961.0,961.0,961.0,0.0
202606230815,961.0,961.0,961.0,961.0,0.0
202606230816,961.0,961.0,961.0,961.0,0.0
202606230817,961.0,961.0,961.0,961.0,0.0
202606230818,961.0,961.0,961.0,961.0,0.0
202606230819,961.0,961.0,961.0,961.0,0.0
202606230820,961.0,961.0,961.0,961.0,0.0
202606230821,961.0,961.0,961.0,961.0,0.0
202606230822,961.65,962.0,962.0,961.65,4.0
202606230823,962.0,962.0,962.0,962.0,0.0
202606230824,962.58,962.58,962.58,962.58,5.0
202606230825,962.58,962.58,962.58,962.58,0.0
202606230826,962.58,962.58,962.58,962.58,0.0
202606230827,962.58,962.58,962.58,962.58,0.0
202606230828,962.58,962.58,962.58,962.58,0.0
202606230829,962.58,962.58,962.58,962.58,0.0
202606230830,962.58,962.58,962.58,962.58,0.0
202606230831,962.58,962.58,962.58,962.58,0.0
202606230832,962.58,962.58,962.58,962.58,0.0
202606230833,962.58,962.58,962.58,962.58,0.0
202606230834,962.58,962.58,962.58,962.58,0.0
202606230835,962.58,962.58,962.58,962.58,0.0
202606230836,962.58,962.58,962.58,962.58,0.0
202606230837,962.58,962.58,962.58,962.58,0.0
202606230838,962.58,962.58,962.58,962.58,0.0
202606230839,962.58,962.58,962.58,962.58,0.0
202606230840,962.58,962.58,962.58,962.58,0.0
202606230841,962.0,962.0,962.0,962.0,3.0
202606230842,962.0,962.0,962.0,962.0,0.0
202606230843,962.0,962.0,962.0,962.0,0.0
202606230844,962.0,962.0,962.0,962.0,0.0
202606230845,962.0,962.0,962.0,962.0,0.0
202606230846,962.0,962.0,962.0,962.0,0.0
202606230847,962.0,962.0,962.0,962.0,0.0
202606230848,962.0,962.0,962.0,962.0,0.0
202606230849,962.0,962.0,962.0,962.0,0.0
202606230850,962.0,962.0,962.0,962.0,0.0
202606230851,962.0,962.0,962.0,962.0,0.0
202606230852,962.0,962.0,962.0,962.0,0.0
202606230853,962.0,962.0,962.0,962.0,0.0
202606230854,962.0,962.0,962.0,962.0,0.0
202606230855,962.0,962.0,962.0,962.0,0.0
202606230856,962.0,962.0,962.0,962.0,0.0
202606230857,962.0,962.0,962.0,962.0,0.0
202606230858,962.0,962.0,962.0,962.0,0.0
202606230859,962.0,962.0,962.0,962.0,0.0
202606230900,962.0,962.0,962.0,962.0,0.0
202606230901,962.0,962.0,962.0,962.0,0.0
202606230902,955.0,955.0,955.0,955.0,2.0
202606230903,955.0,955.0,955.0,955.0,0.0
202606230904,955.0,955.0,955.0,955.0,0.0
202606230905,955.0,955.0,955.0,955.0,0.0
202606230906,955.0,955.0,955.0,955.0,0.0
202606230907,955.0,955.0,955.0,955.0,0.0
202606230908,955.0,955.0,955.0,955.0,0.0
202606230909,955.0,955.0,955.0,955.0,0.0
202606230910,955.0,955.0,955.0,955.0,0.0
202606230911,955.0,955.0,955.0,955.0,0.0
202606230912,955.0,955.0,955.0,955.0,0.0
202606230913,955.0,955.0,955.0,955.0,0.0
202606230914,955.0,955.0,955.0,955.0,0.0
202606230915,955.0,955.0,955.0,955.0,0.0
202606230916,955.0,955.0,955.0,955.0,0.0
202606230917,955.0,955.0,955.0,955.0,0.0
202606230918,955.0,955.0,955.0,955.0,0.0
202606230919,955.0,955.0,955.0,955.0,0.0
202606230920,955.0,955.0,955.0,955.0,0.0
202606230921,955.0,955.0,955.0,955.0,0.0
202606230922,955.0,955.0,955.0,955.0,0.0
202606230923,955.0,955.0,955.0,955.0,0.0
202606230924,955.0,955.0,955.0,955.0,0.0
202606230925,955.0,955.0,955.0,955.0,0.0
202606230926,955.0,955.0,955.0,955.0,0.0
202606230927,955.0,955.0,955.0,955.0,0.0
202606230928,955.0,955.0,955.0,955.0,0.0
202606230929,955.0,955.0,955.0,955.0,0.0
202606230930,955.0,955.0,955.0,955.0,0.0
202606230931,955.0,955.0,955.0,955.0,0.0
202606230932,955.0,955.0,955.0,955.0,0.0
202606230933,955.0,955.0,955.0,955.0,0.0
202606230934,955.0,955.0,955.0,955.0,0.0
202606230935,955.0,955.0,955.0,955.0,0.0
202606230936,955.0,955.0,955.0,955.0,0.0
202606230937,955.0,955.0,955.0,955.0,0.0
202606230938,955.0,955.0,955.0,955.0,0.0
202606230939,955.0,955.0,955.0,955.0,0.0
202606230940,955.0,955.0,955.0,955.0,0.0
202606230941,955.0,955.0,955.0,955.0,0.0
202606230942,955.0,955.0,955.0,955.0,0.0
202606230943,955.0,955.0,955.0,955.0,0.0
202606230944,955.0,955.0,955.0,955.0,0.0
202606230945,955.0,955.0,955.0,955.0,0.0
202606230946,955.0,955.0,955.0,955.0,0.0
202606230947,955.0,955.0,955.0,955.0,0.0
202606230948,955.0,955.0,955.0,955.0,0.0
202606230949,955.0,955.0,955.0,955.0,0.0
202606230950,955.0,955.0,955.0,955.0,0.0
202606230951,955.0,955.0,955.0,955.0,0.0
202606230952,955.0,955.0,955.0,955.0,0.0
202606230953,955.0,955.0,955.0,955.0,0.0
202606230954,955.0,955.0,955.0,955.0,0.0
202606230955,955.0,955.0,955.0,955.0,0.0
202606230956,955.0,955.0,955.0,955.0,0.0
202606230957,955.0,955.0,955.0,955.0,0.0
202606230958,955.0,955.0,955.0,955.0,0.0
202606230959,955.0,955.0,955.0,955.0,0.0
202606231000,955.0,955.0,955.0,955.0,0.0
202606231001,955.0,955.0,955.0,955.0,0.0
202606231002,955.0,955.0,955.0,955.0,0.0
202606231003,955.0,955.0,955.0,955.0,0.0
202606231004,955.0,955.0,955.0,955.0,0.0
202606231005,955.0,955.0,955.0,955.0,0.0
202606231006,955.0,955.0,955.0,955.0,0.0
202606231007,955.0,955.0,955.0,955.0,0.0
202606231008,955.0,955.0,955.0,955.0,0.0
202606231009,959.4,959.4,959.4,959.4,1.0
202606231010,959.4,959.4,959.4,959.4,0.0
202606231011,959.4,959.4,959.4,959.4,0.0
202606231012,959.4,959.4,959.4,959.4,0.0
202606231013,959.4,959.4,959.4,959.4,0.0
202606231014,959.4,959.4,959.4,959.4,0.0
202606231015,959.4,959.4,959.4,959.4,0.0
202606231016,959.4,959.4,959.4,959.4,0.0
202606231017,959.4,959.4,959.4,959.4,0.0
202606231018,959.4,959.4,959.4,959.4,0.0
202606231019,959.4,959.4,959.4,959.4,0.0
202606231020,959.4,959.4,959.4,959.4,0.0
202606231021,959.4,959.4,959.4,959.4,0.0
202606231022,959.4,959.4,959.4,959.4,0.0
202606231023,959.4,959.4,959.4,959.4,0.0
202606231024,959.4,959.4,959.4,959.4,0.0
202606231025,959.4,959.4,959.4,959.4,0.0
202606231026,959.4,959.4,959.4,959.4,3.0
202606231027,959.4,959.4,959.4,959.4,10.0
202606231028,959.4,959.4,959.4,959.4,0.0
202606231029,959.4,959.4,959.4,959.4,0.0
202606231030,959.4,959.4,959.4,959.4,0.0
202606231031,959.4,959.4,959.4,959.4,0.0
202606231032,959.4,959.4,959.4,959.4,0.0
202606231033,959.4,959.4,959.4,959.4,0.0
202606231034,959.4,959.4,959.4,959.4,0.0
202606231035,959.4,959.4,959.4,959.4,0.0
202606231036,959.4,959.4,959.4,959.4,0.0
202606231037,959.4,959.4,959.4,959.4,0.0
202606231038,959.4,959.4,959.4,959.4,0.0
202606231039,959.99,960.0,960.0,959.99,2.0
202606231040,960.0,960.0,960.0,960.0,0.0
202606231041,960.0,960.0,960.0,960.0,0.0
202606231042,960.0,960.0,960.0,960.0,0.0
202606231043,960.0,960.0,960.0,960.0,0.0
202606231044,960.0,960.0,960.0,960.0,0.0
202606231045,960.0,960.0,960.0,960.0,0.0
202606231046,960.0,960.0,960.0,960.0,0.0
202606231047,960.0,960.0,960.0,960.0,0.0
202606231048,960.0,960.0,960.0,960.0,0.0
202606231049,960.0,960.0,960.0,960.0,0.0
202606231050,960.0,960.0,960.0,960.0,0.0
202606231051,960.0,960.0,960.0,960.0,0.0
202606231052,960.0,960.0,960.0,960.0,0.0
202606231053,960.0,960.0,960.0,960.0,0.0
202606231054,960.0,960.0,960.0,960.0,0.0
202606231055,960.0,960.0,960.0,960.0,0.0
202606231056,960.0,960.0,960.0,960.0,0.0
202606231057,960.0,960.0,960.0,960.0,0.0
202606231058,960.0,960.0,960.0,960.0,0.0
202606231059,960.0,960.0,960.0,960.0,0.0
202606231100,958.06,958.01,958.23,958.01,10.0
202606231101,958.0,959.0,959.0,958.0,5.0
202606231102,959.0,959.0,959.0,959.0,0.0
202606231103,957.0,957.0,957.0,957.0,2.0
202606231104,957.87,957.87,957.87,957.87,1.0
202606231105,957.87,957.87,957.87,957.87,0.0
202606231106,957.87,957.87,957.87,957.87,0.0
202606231107,957.87,957.87,957.87,957.87,0.0
202606231108,957.87,957.87,957.87,957.87,0.0
202606231109,957.87,957.87,957.87,957.87,0.0
202606231110,957.04,957.0,957.04,957.0,4.0
202606231111,957.0,957.0,957.0,957.0,0.0
202606231112,957.0,957.0,957.0,957.0,0.0
202606231113,957.0,957.0,957.0,957.0,0.0
202606231114,957.0,957.0,957.0,957.0,0.0
202606231115,957.0,957.0,957.0,957.0,0.0
202606231116,957.0,957.0,957.0,957.0,0.0
202606231117,957.29,956.7,957.29,956.7,3.0
202606231118,956.7,956.7,956.7,956.7,0.0
202606231119,956.7,956.7,956.7,956.7,0.0
202606231120,957.04,957.99,958.0,957.04,7.0
202606231121,957.99,957.99,957.99,957.99,0.0
202606231122,957.99,957.99,957.99,957.99,0.0
202606231123,957.95,957.95,957.95,957.95,1.0
202606231124,950.27,950.27,950.27,950.27,33.0
202606231125,950.27,950.27,950.27,950.27,0.0
202606231126,950.27,950.27,950.27,950.27,0.0
202606231127,950.27,950.27,950.27,950.27,0.0
202606231128,956.57,958.0,958.0,956.13,14.0
202606231129,958.0,958.0,958.0,958.0,0.0
202606231130,958.0,958.0,958.0,958.0,0.0
202606231131,957.26,957.0,957.26,957.0,4.0
202606231132,957.0,957.0,957.0,957.0,0.0
202606231133,957.0,957.0,957.0,956.56,9.0
202606231134,957.0,957.0,957.0,957.0,0.0
202606231135,957.0,957.0,957.0,957.0,0.0
202606231136,957.0,957.0,957.0,957.0,0.0
202606231137,957.0,957.0,957.0,957.0,15.0
202606231138,957.0,957.0,957.0,957.0,0.0
202606231139,957.0,957.0,957.0,957.0,0.0
202606231140,957.0,957.0,957.0,957.0,0.0
202606231141,957.0,957.0,957.0,957.0,0.0
202606231142,957.4,957.4,957.41,957.4,2.0
202606231143,957.4,957.4,957.4,957.4,0.0
202606231144,957.4,957.4,957.4,957.4,0.0
202606231145,957.4,957.4,957.4,957.4,0.0
202606231146,957.4,957.4,957.4,957.4,0.0
202606231147,955.02,955.4,955.4,955.02,2.0
202606231148,955.4,955.4,955.4,955.4,0.0
202606231149,955.4,955.4,955.4,955.4,0.0
202606231150,955.4,955.4,955.4,955.4,0.0
202606231151,955.4,955.4,955.4,955.4,0.0
202606231152,955.4,955.4,955.4,955.4,0.0
202606231153,955.4,955.4,955.4,955.4,0.0
202606231154,955.4,955.4,955.4,955.4,0.0
202606231155,955.4,955.4,955.4,955.4,0.0
202606231156,955.4,955.4,955.4,955.4,0.0
202606231157,955.4,955.4,955.4,955.4,0.0
202606231158,955.5,955.5,955.5,955.5,1.0
202606231159,955.5,955.5,955.5,955.5,0.0
202606231200,955.5,955.5,955.5,955.5,0.0
202606231201,955.5,955.5,955.5,955.5,0.0
202606231202,956.0,956.0,956.0,956.0,3.0
202606231203,956.0,956.0,956.0,956.0,0.0
202606231204,956.45,956.5,956.5,956.45,2.0
202606231205,956.5,956.5,956.5,956.5,0.0
202606231206,956.55,956.55,956.55,956.55,1.0
202606231207,956.55,956.55,956.55,956.55,0.0
202606231208,956.55,956.55,956.55,956.55,0.0
202606231209,956.55,956.55,956.55,956.55,0.0
202606231210,956.55,956.55,956.55,956.55,0.0
202606231211,956.55,956.55,956.55,956.55,0.0
202606231212,956.55,956.55,956.55,956.55,0.0
202606231213,956.55,956.55,956.55,956.55,0.0
202606231214,956.55,956.55,956.55,956.55,0.0
202606231215,956.55,956.55,956.55,956.55,0.0
202606231216,956.55,956.55,956.55,956.55,0.0
202606231217,956.55,956.55,956.55,956.55,0.0
202606231218,956.55,956.55,956.55,956.55,0.0
202606231219,956.55,956.55,956.55,956.55,0.0
202606231220,956.55,956.55,956.55,956.55,0.0
202606231221,956.55,956.55,956.55,956.55,0.0
202606231222,956.55,956.55,956.55,956.55,0.0
202606231223,957.0,957.0,957.0,957.0,126.0
202606231224,957.0,957.0,957.0,957.0,0.0
202606231225,957.15,957.15,957.16,957.15,3.0
202606231226,957.15,957.15,957.15,957.15,0.0
202606231227,957.15,957.15,957.15,957.15,0.0
202606231228,957.15,957.15,957.15,957.15,0.0
202606231229,957.15,957.15,957.15,957.15,0.0
202606231230,957.15,957.15,957.15,957.15,0.0
202606231231,957.15,957.15,957.15,957.15,0.0
202606231232,957.15,957.15,957.15,957.15,0.0
202606231233,957.15,957.15,957.15,957.15,0.0
202606231234,957.15,957.15,957.15,957.15,0.0
202606231235,957.15,957.15,957.15,957.15,0.0
202606231236,957.15,957.15,957.15,957.15,0.0
202606231237,957.17,957.17,957.17,957.17,1.0
202606231238,957.17,957.17,957.17,957.17,0.0
202606231239,957.09,957.09,957.09,957.08,1.0
202606231240,957.09,957.09,957.09,957.09,0.0
202606231241,957.09,957.09,957.09,957.09,0.0
202606231242,957.09,957.09,957.09,957.09,0.0
202606231243,957.09,957.09,957.09,957.09,0.0
202606231244,957.09,957.09,957.09,957.09,0.0
202606231245,958.0,958.0,958.0,958.0,1.0
202606231246,958.0,958.0,958.0,958.0,0.0
202606231247,958.0,958.0,958.0,958.0,0.0
202606231248,958.0,958.0,958.0,958.0,0.0
202606231249,958.5,958.5,958.5,958.5,10.0
202606231250,958.5,958.5,958.5,958.5,2.0
202606231251,958.5,958.5,958.5,958.5,0.0
202606231252,958.5,958.5,958.5,958.5,0.0
202606231253,958.5,958.5,958.5,958.5,0.0
202606231254,958.5,958.5,958.5,958.5,0.0
202606231255,958.14,958.14,958.14,958.14,1.0
202606231256,958.14,958.14,958.14,958.14,0.0
202606231257,958.14,958.14,958.14,958.14,0.0
202606231258,958.14,958.14,958.14,958.14,0.0
202606231259,958.14,958.14,958.14,958.14,0.0
202606231300,958.14,958.14,958.14,958.14,0.0
202606231301,958.14,958.14,958.14,958.14,0.0
202606231302,957.8,957.8,957.8,957.8,2.0
202606231303,957.65,957.65,957.65,957.65,2.0
202606231304,957.65,957.65,957.65,957.65,0.0
202606231305,957.65,957.65,957.65,957.65,0.0
202606231306,958.0,958.5,958.5,958.0,19.0
202606231307,958.5,958.5,958.5,958.5,0.0
202606231308,958.5,958.5,958.5,958.5,0.0
202606231309,958.84,958.5,958.89,958.5,14.0
202606231310,959.62,959.62,959.62,959.62,1.0
202606231311,959.7,960.0,960.0,959.7,25.0
202606231312,961.14,961.14,961.14,961.14,2.0
202606231313,961.8,961.0,961.8,961.0,13.0
202606231314,961.0,961.0,961.0,961.0,0.0
202606231315,961.0,961.0,961.0,961.0,0.0
202606231316,961.1,961.01,961.5,961.01,17.0
202606231317,961.01,961.01,961.01,961.01,0.0
202606231318,961.97,961.97,961.97,961.97,1.0
202606231319,961.97,961.97,961.97,961.97,0.0
202606231320,961.97,961.97,961.97,961.97,0.0
202606231321,961.49,961.92,961.92,961.48,10.0
202606231322,961.92,961.92,961.92,961.92,0.0
202606231323,961.92,961.92,961.92,961.92,0.0
202606231324,961.0,961.0,961.0,961.0,13.0
202606231325,961.0,961.55,961.97,961.0,28.0
202606231326,961.0,962.8,962.8,961.0,12.0
202606231327,962.8,962.8,962.8,962.8,0.0
202606231328,965.0,965.0,965.0,965.0,11.0
202606231329,966.89,966.89,966.89,966.89,3.0
202606231330,965.68,961.48,966.38,960.65,1138.0
202606231331,961.05,963.87,965.98,959.79,315.0
202606231332,964.11,962.5,966.02,961.02,235.0
202606231333,962.5,960.6,963.32,960.19,199.0
202606231334,960.38,958.0,960.78,957.58,102.0
202606231335,958.23,957.03,958.3,956.23,74.0
202606231336,956.97,957.32,958.1,956.58,64.0
202606231337,958.05,960.9,961.4,958.05,48.0
202606231338,960.9,961.46,962.06,960.0,100.0
202606231339,961.35,959.98,964.76,959.09,360.0
202606231340,960.12,959.84,961.59,959.48,129.0
202606231341,961.41,960.04,961.57,960.0,38.0
202606231342,960.72,962.41,963.5,960.67,70.0
202606231343,962.42,961.59,962.95,961.1,30.0
202606231344,961.56,962.5,962.5,961.27,115.0
202606231345,962.14,962.5,963.5,961.9,161.0
202606231346,961.9,961.09,963.27,961.09,56.0
202606231347,961.84,962.56,963.19,961.69,45.0
202606231348,962.56,961.43,963.1,960.16,43.0
202606231349,961.48,960.12,961.52,960.12,36.0
202606231350,960.59,959.75,960.71,959.53,117.0
202606231351,959.14,956.68,959.14,955.99,354.0
202606231352,956.67,956.4,956.93,956.0,152.0
202606231353,956.25,957.11,957.69,956.0,244.0
202606231354,956.5,958.25,959.0,955.9,234.0
202606231355,958.09,958.32,958.32,957.08,46.0
202606231356,959.0,961.08,961.66,959.0,127.0
202606231357,961.15,962.42,962.88,960.79,101.0
202606231358,962.49,960.78,962.51,960.33,40.0
202606231359,960.78,958.58,960.78,958.58,99.0
202606231400,959.0,958.71,959.08,957.66,49.0
202606231401,958.89,957.75,959.09,957.39,79.0
202606231402,957.81,957.56,957.87,956.5,77.0
202606231403,957.91,958.3,958.9,957.57,72.0
202606231404,958.29,957.99,958.29,957.76,149.0
202606231405,957.99,958.21,958.72,957.98,39.0
202606231406,958.38,957.46,958.86,957.08,75.0
202606231407,958.16,958.58,958.84,957.15,53.0
202606231408,958.47,958.11,958.7,958.1,47.0
202606231409,958.35,956.53,958.35,956.21,158.0
202606231410,956.21,957.09,957.26,955.67,47.0
202606231411,957.09,956.44,957.11,955.94,64.0
202606231412,956.62,956.57,957.06,956.56,55.0
202606231413,956.14,955.31,956.57,955.25,66.0
202606231414,955.25,954.34,955.25,954.0,188.0
202606231415,954.33,954.5,954.69,953.56,44.0
202606231416,954.18,953.61,954.3,953.61,31.0
202606231417,953.78,954.04,954.04,953.48,41.0
202606231418,954.5,955.14,955.96,954.5,136.0
202606231419,955.0,956.27,956.32,954.79,121.0
202606231420,956.48,955.97,956.48,955.5,18.0
202606231421,955.97,955.69,955.97,954.98,56.0
202606231422,955.56,956.31,956.45,955.56,27.0
202606231423,956.04,955.58,956.04,955.53,42.0
202606231424,955.81,955.81,956.27,955.32,58.0
202606231425,956.3,956.84,957.0,956.24,190.0
202606231426,956.78,957.53,957.53,956.78,35.0
202606231427,957.49,957.29,958.0,956.89,51.0
202606231428,957.29,957.09,957.47,956.82,35.0
202606231429,957.09,956.49,957.22,956.0,158.0
202606231430,956.49,957.12,957.39,956.0,63.0
202606231431,957.02,958.29,958.29,956.84,65.0
202606231432,958.28,959.55,959.55,958.28,27.0
202606231433,959.13,958.68,959.36,958.46,58.0
202606231434,958.38,957.4,958.43,957.0,38.0
202606231435,957.7,956.81,957.98,956.8,67.0
202606231436,956.13,956.35,956.36,956.0,20.0
202606231437,956.35,956.21,956.35,955.75,77.0
202606231438,956.21,956.48,956.85,955.91,32.0
202606231439,956.33,956.86,957.34,956.31,37.0
202606231440,957.02,957.83,958.0,956.63,66.0
202606231441,957.83,958.12,958.32,957.34,86.0
202606231442,958.66,958.84,959.31,958.48,40.0
202606231443,959.29,958.77,959.4,958.75,46.0
202606231444,958.76,958.89,959.23,958.75,28.0
202606231445,959.1,958.76,959.73,958.66,48.0
202606231446,958.8,959.36,959.36,958.46,72.0
202606231447,959.36,959.55,959.73,959.03,43.0
202606231448,959.47,960.13,960.18,958.4,134.0
202606231449,960.12,959.34,960.12,959.02,26.0
202606231450,959.42,958.61,959.64,958.11,48.0
202606231451,958.57,959.1,959.18,958.19,26.0
202606231452,959.12,959.7,960.3,959.11,61.0
202606231453,960.28,961.14,961.14,960.28,19.0
202606231454,960.79,960.69,961.1,960.46,51.0
202606231455,960.99,960.39,961.5,960.39,50.0
202606231456,960.1,959.7,960.28,959.7,70.0
202606231457,959.99,959.99,961.01,959.96,148.0
202606231458,960.68,961.62,961.99,960.65,93.0
202606231459,961.38,961.36,961.44,960.96,47.0
202606231500,960.85,960.52,960.91,960.35,31.0
202606231501,960.65,960.1,960.65,959.82,35.0
202606231502,960.16,961.5,961.75,960.16,117.0
202606231503,961.72,961.97,962.25,961.43,227.0
202606231504,961.96,962.0,962.17,961.64,20.0
202606231505,961.91,962.87,962.87,961.73,61.0
202606231506,962.94,962.74,962.94,962.0,75.0
202606231507,962.54,961.61,962.58,961.61,36.0
202606231508,961.53,962.31,962.46,961.53,108.0
202606231509,962.2,962.89,963.0,961.0,215.0
202606231510,962.98,963.1,963.56,962.5,74.0
202606231511,963.41,963.44,963.79,963.41,125.0
202606231512,963.21,963.62,963.85,963.21,143.0
202606231513,963.71,964.69,964.69,963.4,185.0
202606231514,964.79,964.75,964.89,963.99,102.0
202606231515,964.62,965.5,965.72,964.4,313.0
202606231516,965.43,965.02,965.83,964.92,78.0
202606231517,965.13,965.45,965.49,965.13,41.0
202606231518,965.17,965.86,966.0,964.91,134.0
202606231519,966.0,965.95,966.2,965.69,99.0
202606231520,965.62,965.13,965.62,964.48,32.0
202606231521,965.14,964.75,965.38,964.75,61.0
202606231522,964.76,964.64,965.2,964.64,55.0
202606231523,965.06,964.64,965.47,964.64,59.0
202606231524,965.09,965.26,965.26,964.68,55.0
202606231525,965.22,964.02,965.38,963.93,51.0
202606231526,964.29,964.24,964.39,964.15,21.0
202606231527,964.43,964.8,964.89,964.15,28.0
202606231528,964.81,964.61,964.9,964.61,56.0
202606231529,964.59,964.78,965.0,964.08,55.0
202606231530,964.74,964.85,965.0,964.53,62.0
202606231531,964.86,964.33,964.86,963.8,80.0
202606231532,964.36,964.18,964.54,963.98,20.0
202606231533,964.26,964.15,964.42,964.15,81.0
202606231534,964.35,963.7,964.35,963.61,46.0
202606231535,963.71,963.74,964.09,963.6,43.0
202606231536,963.47,963.22,963.69,962.76,46.0
202606231537,963.28,964.01,964.2,963.15,47.0
202606231538,964.35,963.58,964.7,963.49,25.0
202606231539,963.57,963.55,963.98,963.55,11.0
202606231540,963.51,964.07,964.07,963.51,16.0
202606231541,964.13,965.09,965.09,964.07,59.0
202606231542,965.16,965.16,965.21,964.79,24.0
202606231543,965.21,965.53,965.53,964.89,17.0
202606231544,965.27,965.13,965.4,965.0,15.0
202606231545,965.09,964.88,965.15,964.88,19.0
202606231546,965.01,965.13,965.23,964.8,34.0
202606231547,965.11,965.46,965.52,964.81,33.0
202606231548,965.36,966.2,966.2,965.18,145.0
202606231549,965.97,965.97,966.28,965.85,50.0
202606231550,965.94,965.93,966.19,965.83,16.0
202606231551,965.92,965.67,966.2,965.67,25.0
202606231552,965.64,965.63,966.09,965.5,20.0
202606231553,965.64,965.28,965.66,965.2,53.0
202606231554,965.28,965.27,965.58,965.26,40.0
202606231555,965.27,965.15,965.62,965.03,29.0
202606231556,965.1,965.28,965.28,965.09,7.0
202606231557,964.79,964.6,964.97,964.41,46.0
202606231558,964.97,965.06,965.07,964.65,20.0
202606231559,965.0,964.79,965.18,964.79,8.0
202606231600,965.11,965.2,965.4,965.11,34.0
202606231601,965.31,964.31,965.31,964.31,51.0
202606231602,963.89,964.63,964.97,963.89,20.0
202606231603,964.56,964.48,965.0,964.48,7.0
202606231604,965.0,963.91,965.0,962.83,215.0
202606231605,963.91,964.2,964.53,963.19,31.0
202606231606,964.24,964.64,964.64,964.02,15.0
202606231607,964.04,964.57,964.65,963.97,23.0
202606231608,964.02,962.87,964.02,962.86,95.0
202606231609,962.66,962.4,962.75,962.39,9.0
202606231610,962.88,962.55,963.09,962.32,35.0
202606231611,962.14,961.93,962.35,961.42,26.0
202606231612,961.57,961.41,961.76,961.06,64.0
202606231613,961.52,960.81,961.67,960.8,39.0
202606231614,960.51,961.87,962.12,960.51,43.0
202606231615,961.99,962.2,962.5,961.97,36.0
202606231616,962.07,961.74,962.07,961.67,6.0
202606231617,961.84,961.62,961.98,961.26,24.0
202606231618,961.57,962.21,962.22,961.57,39.0
202606231619,962.02,962.31,962.46,961.99,12.0
202606231620,962.36,962.55,962.79,962.33,68.0
202606231621,962.9,962.81,962.99,962.7,32.0
202606231622,962.77,962.28,962.77,962.14,51.0
202606231623,962.42,962.97,963.0,962.41,26.0
202606231624,962.8,962.31,962.8,962.18,16.0
202606231625,962.34,961.88,962.51,961.88,37.0
202606231626,961.92,962.33,962.33,961.47,7.0
202606231627,962.35,962.42,962.57,962.35,29.0
202606231628,961.98,962.05,962.36,961.98,21.0
202606231629,962.3,962.42,962.42,962.06,34.0
202606231630,962.42,962.0,962.42,961.71,26.0
202606231631,962.04,962.54,962.54,962.04,26.0
202606231632,962.5,962.08,962.51,962.0,21.0
202606231633,962.17,962.13,962.27,962.13,6.0
202606231634,962.38,962.07,962.39,962.0,12.0
202606231635,962.1,962.28,962.38,962.04,22.0
202606231636,962.27,962.19,962.68,962.17,20.0
202606231637,962.19,962.65,962.65,962.18,12.0
202606231638,962.67,962.3,962.67,962.18,19.0
202606231639,962.3,962.27,962.3,961.92,15.0
202606231640,962.58,962.43,962.71,962.28,45.0
202606231641,962.42,962.32,962.43,962.25,22.0
202606231642,962.31,961.43,962.31,961.13,19.0
202606231643,961.58,961.43,961.58,961.42,2.0
202606231644,961.64,961.31,961.87,961.3,33.0
202606231645,961.34,961.5,961.72,961.31,28.0
202606231646,961.49,961.07,961.49,960.82,47.0
202606231647,961.07,960.96,961.49,960.82,39.0
202606231648,960.81,960.98,960.98,960.53,10.0
202606231649,960.63,960.58,960.79,960.51,15.0
202606231650,960.78,960.78,961.0,960.63,38.0
202606231651,960.78,960.75,960.94,960.75,13.0
202606231652,960.88,960.58,960.97,960.58,28.0
202606231653,960.56,961.19,961.34,960.56,46.0
202606231654,961.44,961.32,961.55,961.11,50.0
202606231655,961.29,961.14,961.33,960.97,47.0
202606231656,961.19,961.28,961.4,961.11,18.0
202606231657,961.09,961.0,961.09,960.8,26.0
202606231658,960.69,960.58,960.79,960.57,13.0
202606231659,960.76,960.74,960.86,960.73,9.0
202606231700,960.92,960.74,960.92,960.61,51.0
202606231701,960.78,961.09,961.1,960.61,35.0
202606231702,961.06,960.97,961.3,960.87,52.0
202606231703,960.75,960.9,960.94,960.49,24.0
202606231704,961.07,960.65,961.07,960.48,35.0
202606231705,960.75,960.63,960.82,960.45,39.0
202606231706,960.63,961.1,961.17,960.63,37.0
202606231707,960.94,960.89,961.24,960.8,21.0
202606231708,961.05,960.86,961.07,960.73,35.0
202606231709,960.79,961.25,961.34,960.72,56.0
202606231710,961.43,961.56,961.74,961.08,40.0
202606231711,961.73,961.62,961.78,961.56,11.0
202606231712,961.62,961.49,961.62,961.45,17.0
202606231713,961.49,961.13,961.49,961.09,23.0
202606231714,961.36,961.65,961.65,960.8,45.0
202606231715,961.5,961.5,961.5,961.49,6.0
202606231716,961.33,961.52,961.62,961.05,41.0
202606231717,961.65,961.09,961.72,961.09,33.0
202606231718,961.4,961.44,961.47,961.17,14.0
202606231719,961.67,961.64,962.02,961.64,29.0
202606231720,961.9,962.11,962.29,961.9,30.0
202606231721,962.39,961.96,962.42,961.78,28.0
202606231722,961.95,961.4,961.95,961.34,11.0
202606231723,961.4,961.32,961.79,961.31,25.0
202606231724,961.77,961.55,961.77,961.54,25.0
202606231725,961.52,961.48,961.56,961.3,21.0
202606231726,961.48,961.41,961.64,961.39,18.0
202606231727,961.4,961.44,961.64,961.34,66.0
202606231728,961.41,961.78,961.78,961.07,32.0
202606231729,961.78,961.68,962.01,961.42,17.0
202606231730,961.43,961.54,961.55,961.13,17.0
202606231731,961.52,961.94,961.94,961.43,11.0
202606231732,962.0,961.87,962.0,961.66,6.0
202606231733,961.82,961.98,962.24,961.63,63.0
202606231734,961.92,961.92,962.21,961.74,29.0
202606231735,962.1,962.23,962.4,962.0,79.0
202606231736,962.13,962.09,962.46,961.98,59.0
202606231737,962.19,962.41,962.41,961.95,14.0
202606231738,962.18,962.12,962.29,961.95,25.0
202606231739,962.11,962.19,962.29,961.96,14.0
202606231740,962.43,962.4,962.57,962.23,52.0
202606231741,962.35,962.13,962.35,962.11,10.0
202606231742,962.12,962.52,962.52,962.09,40.0
202606231743,962.28,962.01,962.28,962.01,19.0
202606231744,962.0,962.6,962.68,961.94,77.0
202606231745,962.6,963.0,963.0,962.57,36.0
202606231746,962.88,962.75,962.98,962.58,38.0
202606231747,962.86,962.75,963.01,962.66,13.0
202606231748,963.0,962.31,963.01,962.31,16.0
202606231749,962.6,962.44,962.84,962.44,12.0
202606231750,962.44,962.42,962.55,962.31,18.0
202606231751,962.74,962.25,962.74,962.11,13.0
202606231752,962.55,962.75,962.75,962.4,8.0
202606231753,962.52,962.46,962.61,962.33,64.0
202606231754,962.59,962.35,962.59,962.05,72.0
202606231755,962.15,961.79,962.26,961.79,19.0
202606231756,961.98,961.93,962.19,961.88,12.0
202606231757,961.93,961.88,961.93,961.54,18.0
202606231758,961.85,961.87,962.24,961.85,29.0
202606231759,962.21,962.29,962.36,962.2,14.0
202606231800,962.45,961.93,962.5,961.88,32.0
202606231801,961.93,961.03,961.93,961.03,20.0
202606231802,961.01,960.99,961.01,960.98,5.0
202606231803,960.99,960.7,960.99,960.68,18.0
202606231804,961.02,961.12,961.27,960.53,64.0
202606231805,961.04,960.82,961.04,960.3,24.0
202606231806,960.54,960.69,961.27,960.43,56.0
202606231807,960.63,960.6,960.74,960.47,12.0
202606231808,960.59,960.66,960.69,960.2,59.0
202606231809,960.91,960.73,961.25,960.72,20.0
202606231810,960.78,960.96,961.08,960.55,9.0
202606231811,961.1,960.98,961.24,960.98,22.0
202606231812,961.45,961.07,961.45,961.07,6.0
202606231813,961.39,961.21,961.44,960.96,63.0
202606231814,961.49,961.38,961.89,961.05,21.0
202606231815,960.77,961.58,961.89,960.77,18.0
202606231816,961.57,961.62,962.0,961.57,13.0
202606231817,961.68,962.02,962.02,961.64,11.0
202606231818,961.91,962.34,962.34,961.86,25.0
202606231819,962.35,962.34,962.81,962.34,79.0
202606231820,962.34,962.63,962.75,962.34,8.0
202606231821,962.63,962.16,962.63,962.11,13.0
202606231822,962.12,961.8,962.12,961.71,14.0
202606231823,961.75,961.79,962.16,961.75,16.0
202606231824,961.59,961.66,961.66,961.58,7.0
202606231825,961.69,961.05,961.91,961.05,73.0
202606231826,961.02,961.09,961.16,960.59,35.0
202606231827,961.18,960.75,961.2,960.7,43.0
202606231828,960.75,960.87,960.96,960.52,25.0
202606231829,960.96,960.77,960.96,960.64,29.0
202606231830,960.79,960.52,960.79,960.35,22.0
202606231831,960.38,960.47,960.83,960.19,25.0
202606231832,960.59,960.65,960.73,960.32,32.0
202606231833,960.79,960.63,960.87,960.41,44.0
202606231834,960.45,960.81,960.83,960.19,38.0
202606231835,960.68,961.1,961.16,960.58,22.0
202606231836,960.87,960.72,960.99,960.53,64.0
202606231837,960.62,961.12,961.12,960.52,87.0
202606231838,961.15,960.89,961.34,960.89,19.0
202606231839,961.28,961.08,961.35,960.9,75.0
202606231840,961.03,960.98,961.24,960.72,34.0
202606231841,960.82,961.4,961.46,960.82,19.0
202606231842,961.33,961.17,961.54,961.04,26.0
202606231843,961.06,961.16,961.34,960.93,68.0
202606231844,960.99,961.17,961.45,960.99,29.0
202606231845,961.31,960.99,961.45,960.75,124.0
202606231846,960.71,959.61,960.71,959.53,139.0
202606231847,959.57,959.42,959.61,958.8,280.0
202606231848,959.4,959.75,960.0,959.34,72.0
202606231849,960.09,960.18,960.29,959.8,22.0
202606231850,959.93,959.56,960.04,959.53,40.0
202606231851,959.68,959.9,960.13,959.54,40.0
202606231852,960.01,959.9,960.08,959.84,36.0
202606231853,959.89,959.45,959.89,959.26,29.0
202606231854,959.88,958.86,959.88,958.86,30.0
202606231855,959.23,959.43,959.53,959.08,26.0
202606231856,959.31,958.76,959.63,958.76,29.0
202606231857,958.97,959.26,959.26,958.88,27.0
202606231858,958.79,958.96,959.25,958.79,26.0
202606231859,958.86,958.81,959.0,958.62,14.0
202606231900,958.58,958.92,959.0,958.33,51.0
202606231901,958.8,958.1,958.8,957.79,95.0
202606231902,958.49,958.54,958.89,958.3,47.0
202606231903,958.54,958.46,958.75,958.16,66.0
202606231904,958.06,958.6,958.92,958.06,32.0
202606231905,958.9,958.81,959.19,958.71,54.0
202606231906,958.91,959.0,959.08,958.65,68.0
202606231907,958.99,959.05,959.13,958.68,46.0
202606231908,959.06,959.19,959.45,958.98,41.0
202606231909,959.41,959.21,959.41,958.95,19.0
202606231910,959.24,958.86,959.41,958.83,47.0
202606231911,958.86,958.81,959.08,958.59,48.0
202606231912,958.72,958.46,958.8,958.46,17.0
202606231913,958.28,957.65,958.28,957.59,35.0
202606231914,957.54,957.41,957.54,957.0,25.0
202606231915,957.24,957.16,957.57,956.54,67.0
202606231916,957.08,957.03,957.3,957.01,27.0
202606231917,957.15,957.13,957.33,956.99,46.0
202606231918,957.07,956.73,957.08,956.62,38.0
202606231919,956.73,957.01,957.14,956.52,78.0
202606231920,957.13,957.34,957.34,956.89,43.0
202606231921,957.37,956.86,957.62,956.86,61.0
202606231922,957.45,957.88,957.93,957.26,57.0
202606231923,957.88,957.63,958.14,957.52,46.0
202606231924,957.65,957.36,957.65,956.69,64.0
202606231925,957.29,957.46,957.85,957.29,68.0
202606231926,957.61,958.59,958.6,957.45,93.0
202606231927,958.51,957.96,958.56,957.96,23.0
202606231928,958.06,957.78,958.29,957.74,22.0
202606231929,957.78,957.61,957.85,957.36,41.0
202606231930,957.79,957.85,958.08,957.37,65.0
202606231931,957.67,957.25,958.18,957.24,54.0
202606231932,956.96,956.78,957.06,956.52,37.0
202606231933,956.83,956.58,957.0,956.34,38.0
202606231934,956.74,956.52,956.74,956.16,25.0
202606231935,956.61,957.54,957.85,956.61,116.0
202606231936,957.58,957.73,957.86,957.13,149.0
202606231937,957.71,958.15,958.25,957.71,31.0
202606231938,957.95,958.09,958.32,957.61,35.0
202606231939,957.88,957.78,957.88,957.5,38.0
202606231940,957.8,958.28,958.56,957.8,90.0
202606231941,958.46,958.36,958.56,958.06,42.0
202606231942,958.36,958.96,959.28,958.35,67.0
202606231943,958.96,958.32,959.17,958.27,46.0
202606231944,958.5,958.7,958.7,958.41,43.0
202606231945,958.54,959.84,959.89,958.54,204.0
202606231946,959.67,959.94,960.18,959.51,52.0
202606231947,959.93,958.53,959.95,958.24,155.0
202606231948,958.21,958.33,958.52,957.62,308.0
202606231949,958.05,959.43,959.43,958.0,217.0
202606231950,959.41,958.64,959.41,957.78,165.0
202606231951,958.82,958.46,958.83,957.95,132.0
202606231952,958.77,958.53,959.9,958.26,219.0
202606231953,958.46,959.2,959.99,958.46,456.0
202606231954,959.2,959.99,960.29,958.56,471.0
202606231955,959.68,959.15,959.68,958.01,433.0
202606231956,959.15,958.91,959.38,958.69,235.0
202606231957,958.78,958.77,959.33,958.72,328.0
202606240800,957.4715,955.45,960.738,955.2,0.0
202606240801,955.0,955.2,956.58,954.6,0.0
202606240802,955.45,955.45,955.45,955.45,0.0
202606240803,955.45,955.45,955.45,955.45,0.0
202606240804,955.96,955.96,955.96,955.96,1.0
202606240805,955.96,955.96,955.96,955.96,0.0
202606240806,955.96,955.96,955.96,955.96,0.0
202606240807,955.96,955.96,955.96,955.96,0.0
202606240808,955.96,955.96,955.96,955.96,0.0
202606240809,955.96,955.96,955.96,955.96,0.0
202606240810,955.96,955.96,955.96,955.96,0.0
202606240811,955.96,955.96,955.96,955.96,0.0
202606240812,955.96,955.96,955.96,955.96,0.0
202606240813,955.96,955.96,955.96,955.96,0.0
202606240814,955.96,955.96,955.96,955.96,0.0
202606240815,955.96,955.96,955.96,955.96,0.0
202606240816,955.96,955.96,955.96,955.96,0.0
202606240817,955.96,955.96,955.96,955.96,0.0
202606240818,955.96,955.96,955.96,955.96,0.0
202606240819,955.96,955.96,955.96,955.96,0.0
202606240820,955.96,955.96,955.96,955.96,0.0
202606240821,955.96,955.96,955.96,955.96,0.0
202606240822,955.96,955.96,955.96,955.96,0.0
202606240823,955.96,955.96,955.96,955.96,0.0
202606240824,955.96,955.96,955.96,955.96,0.0
202606240825,955.96,955.96,955.96,955.96,0.0
202606240826,955.96,955.96,955.96,955.96,0.0
202606240827,955.96,955.96,955.96,955.96,0.0
202606240828,955.96,955.96,955.96,955.96,0.0
202606240829,955.96,955.96,955.96,955.96,0.0
202606240830,955.96,955.96,955.96,955.96,0.0
202606240831,955.96,955.96,955.96,955.96,0.0
202606240832,955.96,955.96,955.96,955.96,0.0
202606240833,955.96,955.96,955.96,955.96,0.0
202606240834,954.87,954.9,954.9,954.87,0.0
202606240835,955.96,955.96,955.96,955.96,0.0
202606240836,955.96,955.96,955.96,955.96,0.0
202606240837,955.96,955.96,955.96,955.96,0.0
202606240838,955.96,955.96,955.96,955.96,0.0
202606240839,955.96,955.96,955.96,955.96,0.0
202606240840,955.96,955.96,955.96,955.96,0.0
202606240841,955.96,955.96,955.96,955.96,0.0
202606240842,955.96,955.96,955.96,955.96,0.0
202606240843,955.96,955.96,955.96,955.96,0.0
202606240844,955.96,955.96,955.96,955.96,0.0
202606240845,955.96,955.96,955.96,955.96,0.0
202606240846,955.96,955.96,955.96,955.96,0.0
202606240847,955.96,955.96,955.96,955.96,0.0
202606240848,955.96,955.96,955.96,955.96,0.0
202606240849,955.96,955.96,955.96,955.96,0.0
202606240850,955.96,955.96,955.96,955.96,0.0
202606240851,955.96,955.96,955.96,955.96,0.0
202606240852,955.96,955.96,955.96,955.96,0.0
202606240853,955.96,955.96,955.96,955.96,0.0
202606240854,955.96,955.96,955.96,955.96,0.0
202606240855,955.96,955.96,955.96,955.96,0.0
202606240856,955.96,955.96,955.96,955.96,0.0
202606240857,955.96,955.96,955.96,955.96,0.0
202606240858,955.96,955.96,955.96,955.96,0.0
202606240859,955.96,955.96,955.96,955.96,0.0
202606240900,955.96,955.96,955.96,955.96,0.0
202606240901,955.96,955.96,955.96,955.96,0.0
202606240902,955.96,955.96,955.96,955.96,0.0
202606240903,955.96,955.96,955.96,955.96,0.0
202606240904,955.96,955.96,955.96,955.96,0.0
202606240905,955.96,955.96,955.96,955.96,0.0
202606240906,955.96,955.96,955.96,955.96,0.0
202606240907,955.96,955.96,955.96,955.96,0.0
202606240908,955.96,955.96,955.96,955.96,0.0
202606240909,955.96,955.96,955.96,955.96,0.0
202606240910,955.96,955.96,955.96,955.96,0.0
202606240911,955.96,955.96,955.96,955.96,0.0
202606240912,955.96,955.96,955.96,955.96,0.0
202606240913,955.96,955.96,955.96,955.96,0.0
202606240914,955.96,955.96,955.96,955.96,0.0
202606240915,955.96,955.96,955.96,955.96,0.0
202606240916,955.96,955.96,955.96,955.96,0.0
202606240917,955.96,955.96,955.96,955.96,0.0
202606240918,955.96,955.96,955.96,955.96,0.0
202606240919,955.96,955.96,955.96,955.96,0.0
202606240920,955.96,955.96,955.96,955.96,0.0
202606240921,955.96,955.96,955.96,955.96,0.0
202606240922,955.96,955.96,955.96,955.96,0.0
202606240923,955.96,955.96,955.96,955.96,0.0
202606240924,955.96,955.96,955.96,955.96,0.0
202606240925,955.96,955.96,955.96,955.96,0.0
202606240926,955.96,955.96,955.96,955.96,0.0
202606240927,955.96,955.96,955.96,955.96,0.0
202606240928,955.96,955.96,955.96,955.96,0.0
202606240929,955.96,955.96,955.96,955.96,0.0
202606240930,955.96,955.96,955.96,955.96,0.0
202606240931,955.96,955.96,955.96,955.96,0.0
202606240932,955.96,955.96,955.96,955.96,0.0
202606240933,954.02,954.0,954.02,954.0,0.0
202606240934,955.96,955.96,955.96,955.96,0.0
202606240935,955.96,955.96,955.96,955.96,0.0
202606240936,955.96,955.96,955.96,955.96,0.0
202606240937,955.96,955.96,955.96,955.96,0.0
202606240938,955.96,955.96,955.96,955.96,0.0
202606240939,955.96,955.96,955.96,955.96,0.0
202606240940,955.96,955.96,955.96,955.96,0.0
202606240941,955.96,955.96,955.96,955.96,0.0
202606240942,955.96,955.96,955.96,955.96,0.0
202606240943,955.96,955.96,955.96,955.96,0.0
202606240944,955.96,955.96,955.96,955.96,0.0
202606240945,955.96,955.96,955.96,955.96,0.0
202606240946,955.96,955.96,955.96,955.96,0.0
202606240947,955.96,955.96,955.96,955.96,0.0
202606240948,955.96,955.96,955.96,955.96,0.0
202606240949,955.96,955.96,955.96,955.96,0.0
202606240950,955.96,955.96,955.96,955.96,0.0
202606240951,955.96,955.96,955.96,955.96,0.0
202606240952,955.96,955.96,955.96,955.96,0.0
202606240953,955.96,955.96,955.96,955.96,0.0
202606240954,955.96,955.96,955.96,955.96,0.0
202606240955,963.1188,954.02,963.1188,954.02,0.0
202606240956,955.96,955.96,955.96,955.96,0.0
202606240957,955.96,955.96,955.96,955.96,0.0
202606240958,955.96,955.96,955.96,955.96,0.0
202606240959,955.96,955.96,955.96,955.96,0.0
202606241000,955.96,955.96,955.96,955.96,0.0
202606241001,955.96,955.96,955.96,955.96,0.0
202606241002,955.96,955.96,955.96,955.96,0.0
202606241003,955.96,955.96,955.96,955.96,0.0
202606241004,955.96,955.96,955.96,955.96,0.0
202606241005,955.96,955.96,955.96,955.96,0.0
202606241006,955.96,955.96,955.96,955.96,0.0
202606241007,955.96,955.96,955.96,955.96,0.0
202606241008,955.96,955.96,955.96,955.96,0.0
202606241009,955.96,955.96,955.96,955.96,0.0
202606241010,955.96,955.96,955.96,955.96,0.0
202606241011,955.96,955.96,955.96,955.96,0.0
202606241012,955.96,955.96,955.96,955.96,0.0
202606241013,955.96,955.96,955.96,955.96,0.0
202606241014,955.96,955.96,955.96,955.96,0.0
202606241015,955.96,955.96,955.96,955.96,0.0
202606241016,955.96,955.96,955.96,955.96,0.0
202606241017,955.96,955.96,955.96,955.96,0.0
202606241018,955.96,955.96,955.96,955.96,0.0
202606241019,955.96,955.96,955.96,955.96,0.0
202606241020,955.96,955.96,955.96,955.96,0.0
202606241021,955.96,955.96,955.96,955.96,0.0
202606241022,955.96,955.96,955.96,955.96,0.0
202606241023,955.96,955.96,955.96,955.96,0.0
202606241024,955.96,955.96,955.96,955.96,0.0
202606241025,955.96,955.96,955.96,955.96,0.0
202606241026,955.96,955.96,955.96,955.96,0.0
202606241027,955.96,955.96,955.96,955.96,0.0
202606241028,955.96,955.96,955.96,955.96,0.0
202606241029,955.96,955.96,955.96,955.96,0.0
202606241030,953.0,951.0912,954.0,951.0912,0.0
202606241031,955.96,955.96,955.96,955.96,0.0
202606241032,955.96,955.96,955.96,955.96,0.0
202606241033,955.96,955.96,955.96,955.96,0.0
202606241034,955.96,955.96,955.96,955.96,0.0
202606241035,955.96,955.96,955.96,955.96,0.0
202606241036,955.96,955.96,955.96,955.96,0.0
202606241037,955.96,955.96,955.96,955.96,0.0
202606241038,955.96,955.96,955.96,955.96,0.0
202606241039,955.96,955.96,955.96,955.96,0.0
202606241040,955.96,955.96,955.96,955.96,0.0
202606241041,955.96,955.96,955.96,955.96,0.0
202606241042,955.96,955.96,955.96,955.96,0.0
202606241043,955.96,955.96,955.96,955.96,0.0
202606241044,955.96,955.96,955.96,955.96,0.0
202606241045,955.96,955.96,955.96,955.96,0.0
202606241046,955.96,955.96,955.96,955.96,0.0
202606241047,955.96,955.96,955.96,955.96,0.0
202606241048,955.96,955.96,955.96,955.96,0.0
202606241049,955.96,955.96,955.96,955.96,0.0
202606241050,955.96,955.96,955.96,955.96,0.0
202606241051,955.96,955.96,955.96,955.96,0.0
202606241052,955.96,955.96,955.96,955.96,0.0
202606241053,955.96,955.96,955.96,955.96,0.0
202606241054,955.96,955.96,955.96,955.96,0.0
202606241055,955.96,955.96,955.96,955.96,0.0
202606241056,955.96,955.96,955.96,955.96,0.0
202606241057,955.96,955.96,955.96,955.96,0.0
202606241058,955.96,955.96,955.96,955.96,0.0
202606241059,955.96,955.96,955.96,955.96,0.0
202606241100,955.56,954.0,955.56,954.0,0.0
202606241101,955.08,955.08,955.08,955.08,0.0
202606241102,955.06,955.0,955.06,955.0,0.0
202606241103,955.01,955.01,955.01,955.01,0.0
202606241104,955.01,955.01,955.01,955.01,0.0
202606241105,955.01,955.01,955.01,955.01,0.0
202606241106,955.01,955.01,955.01,955.01,0.0
202606241107,955.01,955.01,955.01,955.01,0.0
202606241108,955.01,955.01,955.01,955.01,0.0
202606241109,954.0,958.0,958.0,954.0,0.0
202606241110,955.68,955.68,955.68,955.68,0.0
202606241111,955.68,955.68,955.68,955.68,0.0
202606241112,955.68,955.68,955.68,955.68,0.0
202606241113,955.68,955.68,955.68,955.68,0.0
202606241114,955.0,955.39,955.39,955.0,0.0
202606241115,955.39,955.39,955.39,955.39,0.0
202606241116,955.0,956.5,956.5,955.0,0.0
202606241117,955.39,955.39,955.39,955.39,0.0
202606241118,955.39,955.39,955.39,955.39,0.0
202606241119,955.39,955.39,955.39,955.39,0.0
202606241120,956.5,955.0,956.5,955.0,0.0
202606241121,955.39,955.39,955.39,955.39,0.0
202606241122,955.39,955.39,955.39,955.39,0.0
202606241123,956.5,958.0,958.0,956.5,0.0
202606241124,955.5222,956.5,956.5,955.5222,0.0
202606241125,955.39,955.39,955.39,955.39,0.0
202606241126,955.39,955.39,955.39,955.39,0.0
202606241127,955.39,955.39,955.39,955.39,0.0
202606241128,955.39,955.39,955.39,955.39,0.0
202606241129,955.39,955.39,955.39,955.39,0.0
202606241130,956.0,956.5,956.5,956.0,0.0
202606241131,955.39,955.39,955.39,955.39,0.0
202606241132,955.98,955.98,955.98,955.98,1.0
202606241133,955.98,955.98,955.98,955.98,0.0
202606241134,956.0,955.39,956.5,955.0,0.0
202606241135,955.98,955.98,955.98,955.98,0.0
202606241136,955.98,955.98,955.98,955.98,0.0
202606241137,955.3757,955.524,955.524,955.3757,0.0
202606241138,955.62,955.6,955.62,955.6,0.0
202606241139,956.0,956.5,956.5,956.0,0.0
202606241140,955.98,955.98,955.98,955.98,0.0
202606241141,956.0,956.5,956.5,956.0,0.0
202606241142,955.98,955.98,955.98,955.98,0.0
202606241143,955.98,955.98,955.98,955.98,0.0
202606241144,955.98,955.98,955.98,955.98,0.0
202606241145,955.98,955.98,955.98,955.98,0.0
202606241146,955.98,955.98,955.98,955.98,0.0
202606241147,955.7093,958.0,958.0,955.7093,0.0
202606241148,955.95,957.0,957.0,955.95,0.0
202606241149,955.96,956.54,956.54,955.96,0.0
202606241150,955.98,956.0,956.0,955.98,0.0
202606241151,955.98,955.98,955.98,955.98,0.0
202606241152,956.445,958.0,958.0,956.445,0.0
202606241153,957.89,956.445,957.89,956.445,0.0
202606241154,957.89,957.89,957.89,957.89,0.0
202606241155,957.89,957.89,957.89,957.89,0.0
202606241156,955.0,956.5,958.0,955.0,0.0
202606241157,955.6712,955.5,955.6712,955.5,0.0
202606241158,957.89,957.89,957.89,957.89,0.0
202606241159,957.89,957.89,957.89,957.89,0.0
202606241200,957.89,957.89,957.89,957.89,0.0
202606241201,957.89,957.89,957.89,957.89,0.0
202606241202,956.0,957.0,957.0,956.0,0.0
202606241203,957.89,957.89,957.89,957.89,0.0
202606241204,957.89,957.89,957.89,957.89,0.0
202606241205,957.89,957.89,957.89,957.89,0.0
202606241206,957.89,957.89,957.89,957.89,0.0
202606241207,956.3,956.5,956.5,956.3,0.0
202606241208,956.5,955.0,956.56,955.0,0.0
202606241209,956.5,955.0,956.5,955.0,0.0
202606241210,957.89,957.89,957.89,957.89,0.0
202606241211,956.5,955.0,956.5,955.0,0.0
202606241212,957.89,957.89,957.89,957.89,0.0
202606241213,957.89,957.89,957.89,957.89,0.0
202606241214,957.89,957.89,957.89,957.89,0.0
202606241215,956.2765,956.42,957.0,956.2765,0.0
202606241216,956.5,956.5,956.5,956.5,0.0
202606241217,956.5,956.5,956.5,956.5,0.0
202606241218,956.5,956.5,958.0,956.5,0.0
202606241219,956.5,955.0,956.5,955.0,0.0
202606241220,956.5,956.5,956.5,956.5,0.0
202606241221,956.5,956.5,956.5,956.5,0.0
202606241222,956.5,956.5,956.5,956.5,0.0
202606241223,956.5,956.5,956.5,956.5,0.0
202606241224,956.5,956.5,956.5,956.5,0.0
202606241225,956.5,956.5,956.5,956.5,0.0
202606241226,956.5,956.5,956.5,956.5,0.0
202606241227,956.5,955.6,956.5,955.6,0.0
202606241228,956.5,956.5,956.5,956.5,0.0
202606241229,956.5,956.5,956.5,956.5,0.0
202606241230,956.5,956.5,956.5,956.5,0.0
202606241231,958.0,955.6,958.0,955.6,0.0
202606241232,956.5,956.5,956.5,956.5,0.0
202606241233,956.5,956.5,956.5,956.5,0.0
202606241234,956.92,956.5,956.92,955.0,0.0
202606241235,956.5,956.5,956.5,956.5,0.0
202606241236,956.5,956.5,956.5,956.5,0.0
202606241237,956.5,956.5,956.5,956.5,0.0
202606241238,956.5,956.5,956.5,956.5,0.0
202606241239,956.5,956.53,956.53,956.5,0.0
202606241240,956.5,956.5,956.5,956.5,0.0
202606241241,956.53,955.7,956.53,955.7,0.0
202606241242,956.5,956.5,956.5,956.5,0.0
202606241243,955.75,955.7,955.75,955.0,0.0
202606241244,955.7,955.7,955.7,955.7,0.0
202606241245,955.7,955.7,955.7,955.7,0.0
202606241246,956.5,957.0,958.0,956.5,0.0
202606241247,955.7,955.7,955.7,955.7,0.0
202606241248,955.7,955.7,955.7,955.7,0.0
202606241249,955.7,955.7,955.7,955.7,0.0
202606241250,955.7,955.7,955.7,955.7,0.0
202606241251,955.7,955.7,955.7,955.7,0.0
202606241252,955.7,955.7,955.7,955.7,0.0
202606241253,955.7,955.7,955.7,955.7,0.0
202606241254,955.7,955.7,955.7,955.7,0.0
202606241255,955.7,955.7,955.7,955.7,0.0
202606241256,956.66,956.525,956.66,956.525,0.0
202606241257,956.525,956.37,956.525,954.07,0.0
202606241258,955.7,955.7,955.7,955.7,0.0
202606241259,955.7,955.7,955.7,955.7,0.0
202606241300,955.87,955.75,956.5,955.75,0.0
202606241301,955.75,955.75,956.4625,955.0,0.0
202606241302,956.0,956.0,956.0,956.0,0.0
202606241303,956.02,955.56,956.02,955.56,0.0
202606241304,955.475,955.47,957.05,955.1025,0.0
202606241305,955.1,955.1,955.1,955.1,0.0
202606241306,955.5009,956.025,956.025,955.5009,0.0
202606241307,955.1,955.1,955.1,955.1,0.0
202606241308,956.54,956.525,956.54,956.525,0.0
202606241309,955.1,955.1,955.1,955.1,0.0
202606241310,956.56,956.94,957.0,956.525,0.0
202606241311,956.5,957.0,957.0,956.0,0.0
202606241312,956.5,956.87,956.87,956.5,0.0
202606241313,956.055,956.5,956.5,956.055,0.0
202606241314,955.1,955.1,955.1,955.1,0.0
202606241315,955.1,955.1,955.1,955.1,0.0
202606241316,956.91,956.91,956.91,956.91,1.0
202606241317,956.91,956.91,956.91,956.91,0.0
202606241318,956.01,957.0,957.0,956.01,0.0
202606241319,956.0,956.5,956.5,956.0,0.0
202606241320,956.91,956.91,956.91,956.91,0.0
202606241321,956.0,956.5,957.0,956.0,0.0
202606241322,956.91,956.91,956.91,956.91,0.0
202606241323,956.62,956.5,957.0,956.5,0.0
202606241324,956.91,956.91,956.91,956.91,0.0
202606241325,956.91,956.91,956.91,956.91,0.0
202606241326,956.5,956.0,956.5,956.0,0.0
202606241327,956.5,959.98,959.98,956.5,0.0
202606241328,960.56,961.52,961.53,960.56,0.0
202606241329,961.56,962.08,962.08,959.335,0.0
202606241330,963.0,960.5850219726562,963.0,960.5850219726562,34367.0
202606241331,961.280029296875,963.1699829101562,964.3599853515625,960.6400146484375,11436.0
202606241332,963.2899780273438,964.4998779296875,964.4998779296875,961.030029296875,11072.0
202606241333,963.2249755859375,964.3400268554688,965.480224609375,963.1400146484375,10665.0
202606241334,964.4400024414062,963.5549926757812,965.25,963.5549926757812,4549.0
202606241335,963.3599853515625,961.3300170898438,963.4500122070312,961.0100708007812,4120.0
202606241336,961.8900146484375,963.4299926757812,963.5499877929688,961.8900146484375,3137.0
202606241337,963.5599975585938,964.760009765625,964.760009765625,963.5399780273438,4970.0
202606241338,964.77001953125,964.6400146484375,965.3400268554688,964.6400146484375,10426.0
202606241339,964.9650268554688,966.3599853515625,966.614990234375,964.6099853515625,6656.0
202606241340,966.2778930664062,966.47998046875,967.9400024414062,965.9099731445312,9324.0
202606241341,966.5,966.969970703125,967.5399169921875,966.3300170898438,2919.0
202606241342,967.0549926757812,967.4749755859375,967.5499877929688,966.9199829101562,5898.0
202606241343,967.4199829101562,966.8350219726562,967.7390747070312,966.1701049804688,4972.0
202606241344,966.3300170898438,965.7899780273438,967.3021850585938,965.5700073242188,2064.0
202606241345,965.5700073242188,964.6199951171875,966.0,964.6199951171875,4644.0
202606241346,964.9312133789062,963.510009765625,965.0,963.1199951171875,1795.0
202606241347,964.010009765625,965.0,965.0,963.0100708007812,2310.0
202606241348,965.7899780273438,964.47998046875,966.27001953125,964.47998046875,2408.0
202606241349,964.85498046875,964.1900024414062,964.85498046875,963.6099853515625,3075.0
202606241350,963.9500122070312,963.35498046875,963.9849853515625,962.7249755859375,1898.0
202606241351,962.719970703125,963.6583862304688,963.739990234375,962.655029296875,1845.0
202606241352,962.5001220703125,964.2100219726562,964.2100219726562,962.5001220703125,1067.0
202606241353,963.4949951171875,963.5800170898438,964.280029296875,963.4949951171875,2223.0
202606241354,963.0599975585938,963.2050170898438,963.6500244140625,962.27001953125,4797.0
202606241355,963.9099731445312,964.0999755859375,964.5499877929688,963.9099731445312,1671.0
202606241356,963.969970703125,964.2050170898438,964.4500122070312,963.8660888671875,6557.0
202606241357,963.8699951171875,962.3800048828125,963.8699951171875,962.3800048828125,1298.0
202606241358,962.8250122070312,962.9600219726562,962.9600219726562,962.0401000976562,7084.0
202606241359,963.0175170898438,962.1699829101562,963.0175170898438,962.1699829101562,2208.0
202606241400,962.3800048828125,963.2899780273438,963.6900024414062,961.9199829101562,5170.0
202606241401,963.2946166992188,964.2000122070312,964.2000122070312,963.1375122070312,4610.0
202606241402,964.1956787109375,963.0549926757812,964.2000122070312,963.0549926757812,4116.0
202606241403,963.4500122070312,963.3900146484375,963.4500122070312,962.8599853515625,5331.0
202606241404,963.5449829101562,964.614990234375,964.6699829101562,963.5449829101562,2107.0
202606241405,964.4650268554688,964.5,964.5,963.8150024414062,2582.0
202606241406,963.7899780273438,963.1998901367188,963.7899780273438,962.4700927734375,4260.0
202606241407,963.2000122070312,961.8930053710938,963.2000122070312,961.8800048828125,2397.0
202606241408,961.60498046875,961.3099975585938,961.60498046875,961.0349731445312,2889.0
202606241409,961.8499755859375,960.9249877929688,961.8499755859375,960.5001220703125,2148.0
202606241410,960.9199829101562,961.644775390625,961.644775390625,960.9199829101562,2160.0
202606241411,961.5650024414062,961.2100219726562,961.72998046875,960.7150268554688,2175.0
202606241412,961.5490112304688,963.0599975585938,963.0599975585938,961.5490112304688,3896.0
202606241413,963.3300170898438,963.2650756835938,963.719970703125,963.0999755859375,4563.0
202606241414,963.10498046875,961.9450073242188,963.10498046875,961.7999877929688,2353.0
202606241415,962.22998046875,963.8800048828125,963.9299926757812,961.9600219726562,3582.0
202606241416,964.2899780273438,964.0900268554688,964.8099975585938,964.02001953125,2524.0
202606241417,964.25,964.3336791992188,964.989990234375,964.2000122070312,1775.0
202606241418,964.97998046875,964.4650268554688,964.97998046875,964.17919921875,1601.0
202606241419,964.4500122070312,964.04248046875,964.4849853515625,963.4901123046875,1826.0
202606241420,963.97998046875,964.0999755859375,964.4500122070312,963.97998046875,1432.0
202606241421,964.0667724609375,962.9299926757812,964.3200073242188,962.4500122070312,5722.0
202606241422,963.3900146484375,962.239990234375,963.6298828125,962.239990234375,4452.0
202606241423,962.2650146484375,961.4425048828125,962.39990234375,961.4425048828125,1500.0
202606241424,961.510009765625,962.3800048828125,962.3800048828125,961.4299926757812,4705.0
202606241425,962.0599975585938,962.2100219726562,962.2100219726562,961.6824951171875,1339.0
202606241426,961.8099975585938,961.6099853515625,962.0900268554688,961.5,1158.0
202606241427,961.469970703125,960.905029296875,961.469970703125,960.8099975585938,2887.0
202606241428,961.1900024414062,960.8400268554688,961.1900024414062,960.5001220703125,1023.0
202606241429,960.5,960.4600219726562,960.5,960.1500244140625,6760.0
202606241430,960.4515991210938,959.7449951171875,960.4515991210938,959.7449951171875,2118.0
202606241431,959.7449951171875,958.8900146484375,959.7449951171875,958.8900146484375,3513.0
202606241432,958.8900146484375,959.9099731445312,960.0,958.8900146484375,2104.0
202606241433,960.0800170898438,959.2501220703125,960.085205078125,959.2501220703125,1265.0
202606241434,959.39501953125,958.9500122070312,959.39501953125,958.9500122070312,1925.0
202606241435,959.2899780273438,958.6400146484375,959.4099731445312,958.6400146484375,1467.0
202606241436,959.23876953125,958.5900268554688,959.23876953125,958.5900268554688,1577.0
202606241437,958.7999877929688,959.3300170898438,959.3300170898438,958.7999877929688,1975.0
202606241438,959.6300048828125,959.1699829101562,959.6300048828125,958.9400024414062,1546.0
202606241439,959.0,959.6699829101562,959.9099731445312,959.0,2151.0
202606241440,959.5999755859375,959.4000244140625,960.2498779296875,959.4000244140625,2533.0
202606241441,959.3200073242188,959.5700073242188,959.760009765625,959.2000122070312,2848.0
202606241442,959.4600219726562,959.25,959.4600219726562,958.5900268554688,2918.0
202606241443,958.8800048828125,959.0,959.010009765625,958.8800048828125,4477.0
202606241444,959.0999755859375,958.510009765625,959.0999755859375,957.8599853515625,8831.0
202606241445,958.3599853515625,958.989990234375,959.239990234375,958.3599853515625,2754.0
202606241446,958.6199951171875,958.0800170898438,958.8150024414062,957.5499877929688,1789.0
202606241447,957.3300170898438,957.72998046875,957.9400024414062,957.3300170898438,2342.0
202606241448,958.25,957.8499755859375,958.3300170898438,957.8499755859375,1843.0
202606241449,958.3300170898438,959.2899780273438,960.1500244140625,958.3099975585938,10641.0
202606241450,959.9500122070312,959.77001953125,960.6444702148438,959.10400390625,3298.0
202606241451,959.6699829101562,961.2249755859375,961.2249755859375,959.6699829101562,4762.0
202606241452,961.22998046875,961.1400146484375,961.342529296875,960.8099975585938,1900.0
202606241453,961.2750244140625,961.6300048828125,962.1199951171875,961.1400146484375,9882.0
202606241454,960.6099853515625,960.8775024414062,960.8775024414062,960.6099853515625,2032.0
202606241455,960.8150024414062,961.2949829101562,961.7000122070312,960.8150024414062,3259.0
202606241456,961.4650268554688,960.780029296875,961.4650268554688,960.0,2809.0
202606241457,960.1699829101562,959.8800048828125,960.5700073242188,959.8800048828125,1683.0
202606241458,959.5599975585938,959.9849853515625,960.0,959.1699829101562,2981.0
202606241459,960.4199829101562,960.35498046875,960.4199829101562,960.0800170898438,1774.0
202606241500,960.35498046875,960.8499755859375,960.8499755859375,960.35498046875,2137.0
202606241501,960.7000122070312,960.5399780273438,960.7000122070312,960.4099731445312,897.0
202606241502,960.5900268554688,960.489990234375,960.5900268554688,960.3300170898438,1400.0
202606241503,960.1699829101562,961.0,961.0,960.094970703125,3589.0
202606241504,960.8800048828125,960.6900024414062,960.8800048828125,960.6900024414062,1348.0
202606241505,960.5599975585938,961.530029296875,961.9400024414062,960.0001220703125,8083.0
202606241506,961.5700073242188,962.6300048828125,962.8200073242188,961.5700073242188,1871.0
202606241507,962.6300048828125,962.614990234375,963.201171875,962.489990234375,3979.0
202606241508,962.3300170898438,962.1500244140625,962.3300170898438,961.8800048828125,2113.0
202606241509,961.8800048828125,961.9149780273438,962.0399780273438,961.8800048828125,1345.0
202606241510,961.844970703125,961.4650268554688,961.844970703125,960.95751953125,3012.0
202606241511,961.4650268554688,961.2901000976562,962.7899780273438,961.1179809570312,14549.0
202606241512,961.8699951171875,961.9249877929688,961.9249877929688,961.8699951171875,799.0
202606241513,961.9249877929688,962.2000122070312,962.4600219726562,961.9249877929688,4331.0
202606241514,962.2000122070312,962.5599975585938,962.5599975585938,962.0900268554688,3078.0
202606241515,962.7999877929688,962.6599731445312,962.8200073242188,962.6199951171875,2118.0
202606241516,962.7150268554688,962.6099853515625,962.7150268554688,962.489990234375,1282.0
202606241517,962.97998046875,962.8150024414062,963.0599975585938,962.6099853515625,2746.0
202606241518,963.0900268554688,962.969970703125,963.0999755859375,962.969970703125,1792.0
202606241519,963.3790283203125,963.2899780273438,963.6649780273438,962.77001953125,4631.0
202606241520,963.5,963.8499755859375,963.8499755859375,963.1599731445312,1165.0
202606241521,963.989990234375,964.9650268554688,965.5599975585938,963.989990234375,12343.0
202606241522,964.9650268554688,965.0499877929688,965.3900146484375,964.7000122070312,2892.0
202606241523,965.3031005859375,964.6257934570312,965.3031005859375,964.6257934570312,2043.0
202606241524,964.9000244140625,965.3599853515625,965.3599853515625,964.6160888671875,1296.0
202606241525,964.9600219726562,964.77001953125,965.1500244140625,964.6799926757812,4627.0
202606241526,964.4400024414062,964.9400024414062,964.9400024414062,964.3099975585938,2024.0
202606241527,964.8400268554688,965.3800048828125,965.3900146484375,964.6972045898438,2627.0
202606241528,964.9600219726562,965.3599853515625,965.989990234375,964.9600219726562,7743.0
202606241529,965.2750244140625,965.260009765625,965.47998046875,965.0,2485.0
202606241530,965.0,965.2000122070312,965.4199829101562,964.9550170898438,3266.0
202606241531,965.52001953125,965.5700073242188,965.5700073242188,965.1849975585938,2000.0
202606241532,965.5700073242188,965.6746215820312,965.7999877929688,965.530029296875,2980.0
202606241533,965.3499755859375,965.3489990234375,965.530029296875,965.3489990234375,644.0
202606241534,964.969970703125,964.7550048828125,965.1500244140625,964.7550048828125,1782.0
202606241535,965.1699829101562,964.8289794921875,965.1699829101562,964.3900146484375,1488.0
202606241536,964.0848999023438,964.3099975585938,964.5399780273438,964.0848999023438,1803.0
202606241537,964.2100219726562,964.5,964.5,964.2100219726562,946.0
202606241538,964.6300048828125,964.239990234375,964.6300048828125,964.072509765625,1171.0
202606241539,964.2449951171875,963.9600219726562,964.6099853515625,963.9600219726562,1441.0
202606241540,964.0150146484375,962.02001953125,964.0250244140625,962.02001953125,4108.0
202606241541,962.4099731445312,962.9910278320312,962.9910278320312,962.041015625,1347.0
202606241542,962.72998046875,962.4400024414062,962.72998046875,962.4400024414062,1174.0
202606241543,962.5650024414062,962.5650024414062,962.5650024414062,962.5650024414062,343.0
202606241544,962.9099731445312,963.1300048828125,963.1400146484375,962.6065063476562,3147.0
202606241545,962.8250122070312,962.3099975585938,963.0999755859375,962.3099975585938,5938.0
202606241546,962.27001953125,962.282470703125,962.4299926757812,962.2650146484375,1573.0
202606241547,962.2650146484375,962.0549926757812,962.2650146484375,962.0549926757812,807.0
202606241548,962.3200073242188,962.0700073242188,962.3200073242188,962.030029296875,2791.0
202606241549,962.3010864257812,961.989990234375,962.3444213867188,961.91748046875,2145.0
202606241550,962.2899780273438,962.72998046875,962.72998046875,962.1900024414062,3061.0
202606241551,962.97998046875,962.75,962.97998046875,962.75,2246.0
202606241552,962.7849731445312,962.3200073242188,962.7849731445312,962.3200073242188,1003.0
202606241553,962.0800170898438,961.655029296875,962.260009765625,961.5449829101562,3336.0
202606241554,961.655029296875,961.342529296875,961.655029296875,961.342529296875,1006.0
202606241555,961.3599853515625,961.0490112304688,961.3599853515625,961.0,1133.0
202606241556,961.0900268554688,960.780029296875,961.0900268554688,960.739990234375,1321.0
202606241557,961.0999755859375,960.739990234375,961.0999755859375,960.739990234375,1754.0
202606241558,960.5599975585938,960.489990234375,960.5599975585938,960.0999755859375,1445.0
202606241559,960.0910034179688,960.2249755859375,960.3499755859375,960.0910034179688,4185.0
202606241600,960.22998046875,959.905029296875,960.22998046875,959.6400146484375,4254.0
202606241601,959.9400024414062,959.5800170898438,959.9500122070312,959.5800170898438,1396.0
202606241602,959.3800048828125,960.0,960.0800170898438,959.3800048828125,3256.0
202606241603,959.5499877929688,959.5499877929688,959.5499877929688,959.5499877929688,934.0
202606241604,959.60498046875,959.3427124023438,960.1199951171875,959.3427124023438,5777.0
202606241605,959.6300048828125,959.7449951171875,959.77001953125,959.5999755859375,1152.0
202606241606,960.1799926757812,960.4299926757812,960.47998046875,960.1799926757812,977.0
202606241607,960.3699951171875,961.1500244140625,961.1500244140625,960.0399780273438,1735.0
202606241608,961.1900024414062,961.1500244140625,961.1900024414062,960.7650146484375,674.0
202606241609,961.0,960.885009765625,961.2100219726562,960.885009765625,1476.0
202606241610,960.885009765625,960.885009765625,960.885009765625,960.885009765625,829.0
202606241611,961.25,962.260009765625,962.6300048828125,960.7000122070312,3621.0
202606241612,962.010009765625,961.3699951171875,962.089599609375,961.3699951171875,1681.0
202606241613,961.219970703125,961.4400024414062,961.4400024414062,961.1199951171875,2829.0
202606241614,960.9450073242188,960.77001953125,960.9450073242188,960.77001953125,1364.0
202606241615,960.8099975585938,961.0700073242188,961.1599731445312,960.6801147460938,2360.0
202606241616,961.072509765625,961.0549926757812,961.3298950195312,960.6810913085938,5880.0
202606241617,961.030029296875,961.7550048828125,962.0599975585938,961.030029296875,2486.0
202606241618,962.1099853515625,962.41650390625,962.489990234375,962.1099853515625,674.0
202606241619,962.1950073242188,962.1950073242188,962.1950073242188,962.1950073242188,377.0
202606241620,962.1425170898438,961.030029296875,962.1425170898438,961.030029296875,2375.0
202606241621,961.02001953125,961.1099853515625,961.4500122070312,961.02001953125,1307.0
202606241622,961.1099853515625,961.1099853515625,961.1099853515625,961.1099853515625,1397.0
202606241623,960.9949951171875,960.8250122070312,960.9949951171875,960.5999755859375,688.0
202606241624,960.8200073242188,960.5800170898438,960.8200073242188,960.52001953125,2639.0
202606241625,960.6900024414062,960.6998901367188,960.780029296875,960.4199829101562,1198.0
202606241626,960.4199829101562,960.6500244140625,960.7000122070312,960.1500244140625,3314.0
202606241627,960.4199829101562,960.385009765625,960.5499877929688,960.3430786132812,2002.0
202606241628,960.5599975585938,960.6099853515625,960.75,960.4349975585938,3472.0
202606241629,960.6962280273438,961.1099853515625,961.4000244140625,960.6599731445312,8088.0
202606241630,961.10498046875,961.280029296875,961.280029296875,961.0557250976562,640.0
202606241631,960.875,961.72998046875,961.72998046875,960.875,3047.0
202606241632,961.75,961.5,961.9249877929688,961.5,2258.0
202606241633,961.489990234375,961.530029296875,961.530029296875,961.489990234375,740.0
202606241634,961.5100708007812,961.5250244140625,961.9000244140625,961.5100708007812,572.0
202606241635,961.5250244140625,961.469970703125,961.77001953125,961.469970703125,576.0
202606241636,961.7000122070312,961.4749755859375,961.8699951171875,961.469970703125,942.0
202606241637,961.8599853515625,961.5650024414062,961.8699951171875,961.2100219726562,1196.0
202606241638,961.2100219726562,961.5050048828125,961.5349731445312,961.1599731445312,946.0
202606241639,961.5,961.5,961.5,961.5,670.0
202606241640,961.1099853515625,961.0499877929688,961.1400146484375,960.75,1721.0
202606241641,961.0599975585938,960.7249755859375,961.0599975585938,960.5900268554688,1553.0
202606241642,960.7249755859375,960.719970703125,960.7249755859375,960.719970703125,705.0
202606241643,960.3900146484375,960.4099731445312,960.79931640625,960.030029296875,1582.0
202606241644,960.0,960.1749877929688,960.1799926757812,960.0,2233.0
202606241645,960.0225219726562,959.8699951171875,960.0700073242188,959.1400146484375,4197.0
202606241646,959.5650024414062,959.4874877929688,959.8150024414062,959.4874877929688,717.0
202606241647,959.8900146484375,960.0349731445312,960.3134155273438,959.760009765625,4642.0
202606241648,960.0574951171875,960.6771850585938,960.6771850585938,959.9099731445312,4929.0
202606241649,960.4749755859375,960.090087890625,960.4749755859375,960.090087890625,486.0
202606241650,960.9000244140625,960.3900146484375,960.9299926757812,960.3900146484375,1496.0
202606241651,960.9099731445312,960.7349853515625,961.4498901367188,960.6599731445312,1476.0
202606241652,960.5349731445312,959.9650268554688,960.5349731445312,959.9650268554688,1073.0
202606241653,959.9149780273438,959.5499877929688,959.9149780273438,959.260009765625,1948.0
202606241654,959.02001953125,958.89501953125,959.1500244140625,958.531982421875,4815.0
202606241655,959.260009765625,958.8900146484375,959.260009765625,958.8900146484375,154.0
202606241656,958.85498046875,959.02001953125,959.02001953125,958.8499755859375,1445.0
202606241657,958.8099975585938,958.7050170898438,958.8099975585938,958.4600219726562,907.0
202606241658,958.7000122070312,958.9500122070312,958.9500122070312,958.7000122070312,1277.0
202606241659,958.989990234375,959.6500244140625,959.6500244140625,958.7750244140625,4781.0
202606241700,959.6799926757812,959.6749877929688,959.875,959.6390991210938,1273.0
202606241701,959.6649780273438,959.52001953125,959.6649780273438,959.3599853515625,2509.0
202606241702,959.3599853515625,959.3200073242188,959.6500244140625,959.3200073242188,1100.0
202606241703,959.6500244140625,959.7374877929688,959.9899291992188,959.5999755859375,1392.0
202606241704,959.989990234375,960.0750122070312,960.2100219726562,959.969970703125,1767.0
202606241705,960.0150146484375,960.0050048828125,960.239990234375,959.780029296875,1990.0
202606241706,960.0900268554688,960.2349853515625,960.2349853515625,960.0900268554688,991.0
202606241707,960.7000122070312,960.97998046875,960.97998046875,960.7000122070312,2407.0
202606241708,961.2150268554688,960.9249877929688,961.2150268554688,960.9000244140625,981.0
202606241709,960.9899291992188,961.1599731445312,961.1599731445312,960.85498046875,3368.0
202606241710,961.2100219726562,961.2100219726562,961.2100219726562,961.2100219726562,575.0
202606241711,961.0650024414062,961.35498046875,961.52001953125,961.0650024414062,1543.0
202606241712,961.760009765625,961.8200073242188,962.1300048828125,961.760009765625,3138.0
202606241713,961.969482421875,961.52001953125,961.969482421875,961.52001953125,2085.0
202606241714,961.7449951171875,961.4650268554688,961.7449951171875,961.405029296875,1092.0
202606241715,961.4650268554688,961.22998046875,961.4650268554688,961.2000122070312,1722.0
202606241716,961.0050048828125,961.0700073242188,961.27001953125,961.0,1779.0
202606241717,960.5800170898438,960.75,960.75,960.5449829101562,707.0
202606241718,960.6649780273438,961.3699951171875,961.3699951171875,960.6649780273438,1596.0
202606241719,961.1649780273438,961.3699951171875,961.469970703125,961.1599731445312,706.0
202606241720,961.3200073242188,961.4199829101562,961.7000122070312,961.3200073242188,2562.0
202606241721,961.42,961.42,961.42,961.42,0.0
202606241722,961.5,961.4650268554688,961.6099243164062,961.0501098632812,3007.0
202606241723,961.3200073242188,961.4949951171875,961.6900024414062,961.1500244140625,2385.0
202606241724,961.4949951171875,961.5750122070312,961.8400268554688,961.2899780273438,2182.0
202606241725,961.6500244140625,961.8250122070312,962.0443725585938,961.6500244140625,3045.0
202606241726,961.9099731445312,960.0800170898438,962.0050048828125,960.0800170898438,3611.0
202606241727,960.0800170898438,958.9000244140625,960.0800170898438,958.9000244140625,1209.0
202606241728,959.4249877929688,959.4400024414062,959.9498901367188,958.9000244140625,2432.0
202606241729,959.3300170898438,959.3499755859375,959.3499755859375,959.219970703125,1767.0
202606241730,959.4249877929688,959.6400146484375,959.7999877929688,959.3599853515625,3038.0
202606241731,959.2000122070312,958.9450073242188,959.780029296875,958.77001953125,1801.0
202606241732,958.9450073242188,958.5750122070312,958.9450073242188,958.0,2202.0
202606241733,958.5150146484375,958.4400024414062,958.52001953125,958.0,1374.0
202606241734,958.8499145507812,958.2249755859375,958.8499145507812,958.2249755859375,1289.0
202606241735,958.3900146484375,957.9000244140625,958.3900146484375,957.8800048828125,3075.0
202606241736,957.6300048828125,957.4099731445312,957.6300048828125,957.39501953125,1210.0
202606241737,957.39501953125,957.541015625,957.6799926757812,957.0,1278.0
202606241738,957.4199829101562,957.7750244140625,958.1400146484375,957.4199829101562,2341.0
202606241739,957.8049926757812,958.4000244140625,958.4000244140625,957.8049926757812,3032.0
202606241740,958.6699829101562,958.9244995117188,958.9298706054688,958.655029296875,1192.0
202606241741,958.1199951171875,958.3699951171875,958.3699951171875,957.7000122070312,917.0
202606241742,958.4149780273438,958.3400268554688,958.4149780273438,958.1400146484375,599.0
202606241743,958.0,958.3400268554688,958.3400268554688,958.0,884.0
202606241744,958.3350219726562,958.3300170898438,958.6699829101562,958.1928100585938,1730.0
202606241745,958.3400268554688,958.5999755859375,958.8798828125,958.3250122070312,2084.0
202606241746,958.4299926757812,958.8200073242188,958.8200073242188,958.4299926757812,1910.0
202606241747,958.8300170898438,958.6799926757812,958.9498901367188,958.3200073242188,1987.0
202606241748,958.6749877929688,958.4149780273438,958.6749877929688,958.3099975585938,1579.0
202606241749,958.4550170898438,958.6699829101562,958.9000244140625,958.19580078125,2369.0
202606241750,958.6500244140625,958.6500244140625,958.6500244140625,958.6500244140625,436.0
202606241751,958.3699951171875,958.4450073242188,958.7899780273438,958.3699951171875,1272.0
202606241752,958.4500122070312,958.4550170898438,958.75,958.4500122070312,2265.0
202606241753,958.4949951171875,958.8800048828125,958.8800048828125,958.4949951171875,1630.0
202606241754,958.6900024414062,958.625,959.030029296875,958.625,2287.0
202606241755,958.4749755859375,958.4500122070312,958.7144775390625,958.1701049804688,5937.0
202606241756,958.4450073242188,958.5399780273438,958.72998046875,958.4450073242188,1486.0
202606241757,958.780029296875,959.0700073242188,959.0700073242188,958.6649780273438,2452.0
202606241758,959.239990234375,959.469970703125,959.469970703125,959.0900268554688,2084.0
202606241759,959.25,959.4400024414062,959.6400146484375,958.8699951171875,783.0
202606241800,959.25,960.239990234375,960.239990234375,959.25,3309.0
202606241801,960.1174926757812,960.4099731445312,960.4099731445312,960.0,2249.0
202606241802,960.4000244140625,960.8300170898438,960.8400268554688,960.4000244140625,3000.0
202606241803,960.5800170898438,960.375,960.6300048828125,960.375,4043.0
202606241804,960.375,960.6900024414062,960.6900024414062,960.375,2954.0
202606241805,960.9000244140625,961.4000244140625,961.6950073242188,960.9000244140625,3154.0
202606241806,961.39501953125,961.8300170898438,961.8400268554688,961.39501953125,1067.0
202606241807,961.3699951171875,961.72998046875,961.72998046875,961.2899780273438,1340.0
202606241808,961.5399780273438,961.1400756835938,961.6099853515625,961.1400756835938,2105.0
202606241809,961.52001953125,962.030029296875,962.1599731445312,961.3599853515625,1844.0
202606241810,961.9600219726562,962.1699829101562,962.208984375,961.8499755859375,2988.0
202606241811,962.2000122070312,962.469970703125,962.469970703125,961.9400024414062,3101.0
202606241812,962.3150024414062,961.9949951171875,962.3150024414062,961.9949951171875,1724.0
202606241813,961.8699951171875,961.8200073242188,961.8900146484375,961.6799926757812,2028.0
202606241814,961.9299926757812,961.4500122070312,961.9299926757812,961.2249755859375,2602.0
202606241815,961.4400024414062,961.1699829101562,961.4400024414062,961.0001220703125,2846.0
202606241816,961.4000244140625,961.2550048828125,961.4500122070312,961.2550048828125,2337.0
202606241817,961.25,961.2449951171875,961.280029296875,961.2449951171875,510.0
202606241818,961.2449951171875,961.4199829101562,961.6900024414062,960.9400024414062,6401.0
202606241819,961.6599731445312,961.2750244140625,961.7000122070312,961.2750244140625,1568.0
202606241820,961.29248046875,961.6199951171875,961.6199951171875,961.29248046875,831.0
202606241821,961.8800048828125,962.0800170898438,962.1500244140625,961.614990234375,1599.0
202606241822,961.9099731445312,962.0205078125,962.0205078125,961.614990234375,1786.0
202606241823,961.7150268554688,962.2550048828125,962.3839721679688,961.7150268554688,1349.0
202606241824,962.469970703125,962.2999877929688,962.5,962.219970703125,1377.0
202606241825,962.2899780273438,962.27001953125,962.4589233398438,962.10009765625,4007.0
202606241826,962.0999755859375,962.5599975585938,962.5599975585938,962.0999755859375,3010.0
202606241827,962.4450073242188,962.4550170898438,962.5050048828125,962.260009765625,1290.0
202606241828,962.260009765625,962.3250122070312,962.6599731445312,962.239990234375,2421.0
202606241829,962.1475219726562,962.7122192382812,962.719970703125,962.14501953125,1811.0
202606241830,962.4099731445312,963.010009765625,963.25,962.4099731445312,3496.0
202606241831,962.9099731445312,963.135009765625,963.3699951171875,962.9000244140625,1910.0
202606241832,963.135009765625,963.5399780273438,963.6300048828125,963.135009765625,2498.0
202606241833,963.7100219726562,964.1099853515625,964.2999877929688,963.7100219726562,1882.0
202606241834,963.8699951171875,964.010009765625,964.2899780273438,963.7949829101562,2039.0
202606241835,963.8499755859375,964.27001953125,964.27001953125,963.8499755859375,1185.0
202606241836,964.0549926757812,964.1199951171875,964.1199951171875,963.9600219726562,1922.0
202606241837,964.155029296875,964.469970703125,964.6300048828125,964.155029296875,2352.0
202606241838,964.6699829101562,964.9066162109375,965.1400146484375,964.6699829101562,2193.0
202606241839,965.0,964.6300048828125,965.0,964.5399780273438,1408.0
202606241840,964.739990234375,964.530029296875,964.7492065429688,964.27001953125,6499.0
202606241841,964.5399780273438,964.6849975585938,964.9600219726562,964.5399780273438,1656.0
202606241842,964.9400024414062,964.9849853515625,965.1199951171875,964.8223266601562,2110.0
202606241843,964.969970703125,964.885009765625,965.2999877929688,964.8250122070312,1624.0
202606241844,964.8599853515625,964.719970703125,965.1300048828125,964.5800170898438,3564.0
202606241845,964.8800048828125,964.6749877929688,964.8800048828125,964.6300048828125,1473.0
202606241846,964.8800048828125,965.2899780273438,965.489990234375,964.8250122070312,7099.0
202606241847,965.4000244140625,965.6400146484375,965.7899780273438,965.4000244140625,1652.0
202606241848,965.530029296875,965.52001953125,965.771728515625,965.2050170898438,2395.0
202606241849,965.3975219726562,965.0599975585938,965.3975219726562,964.9000244140625,2329.0
202606241850,964.7999877929688,964.5250244140625,964.844970703125,964.5250244140625,2126.0
202606241851,963.8800048828125,963.8699951171875,963.8800048828125,963.8699951171875,749.0
202606241852,963.864990234375,963.7650146484375,964.1199951171875,963.7100219726562,2457.0
202606241853,963.780029296875,963.6950073242188,963.8599853515625,963.6649780273438,3070.0
202606241854,963.47998046875,963.8699951171875,964.0499877929688,963.4550170898438,2452.0
202606241855,963.8699951171875,964.1400146484375,964.4000244140625,963.8699951171875,1876.0
202606241856,964.47998046875,963.969970703125,964.47998046875,963.8875122070312,2038.0
202606241857,963.969970703125,964.1500244140625,964.6699829101562,963.8051147460938,4194.0
202606241858,964.2349853515625,963.989990234375,964.2349853515625,963.8200073242188,1645.0
202606241859,963.8699951171875,963.7999877929688,964.1199951171875,963.7999877929688,2993.0
202606241900,963.530029296875,963.1799926757812,963.530029296875,962.9196166992188,2021.0
202606241901,963.125,963.4114990234375,963.72998046875,963.125,3452.0
202606241902,963.344970703125,963.8400268554688,963.8400268554688,963.1597290039062,2109.0
202606241903,963.75,964.0050048828125,964.219970703125,963.469970703125,3201.0
202606241904,963.9000244140625,963.467529296875,964.2000122070312,963.467529296875,2544.0
202606241905,963.5800170898438,963.3400268554688,963.5800170898438,963.3099975585938,1795.0
202606241906,963.4400024414062,963.8800048828125,963.8900146484375,963.1900024414062,3225.0
202606241907,963.8800048828125,963.8800048828125,964.530029296875,963.5999755859375,5265.0
202606241908,963.7999877929688,964.3699951171875,964.5499877929688,963.7999877929688,2516.0
202606241909,964.1300048828125,964.5700073242188,964.5700073242188,964.1300048828125,3048.0
202606241910,964.52001953125,964.6699829101562,964.9299926757812,964.2999877929688,3880.0
202606241911,964.8499755859375,964.8800048828125,965.0650024414062,964.530029296875,2887.0
202606241912,964.780029296875,964.6099853515625,964.780029296875,964.52001953125,2861.0
202606241913,964.719970703125,964.27001953125,964.719970703125,964.02001953125,2192.0
202606241914,964.280029296875,963.9600219726562,964.510009765625,963.780029296875,2535.0
202606241915,964.0800170898438,964.3900146484375,964.3900146484375,964.030029296875,3558.0
202606241916,964.1400146484375,964.3099975585938,964.3099975585938,963.739990234375,1856.0
202606241917,964.02001953125,964.1099853515625,964.1099853515625,963.6901245117188,3054.0
202606241918,964.0449829101562,964.1699829101562,964.280029296875,964.030029296875,1865.0
202606241919,964.280029296875,964.7000122070312,964.7999877929688,964.155029296875,3583.0
202606241920,964.72998046875,964.8400268554688,964.8400268554688,964.655029296875,1668.0
202606241921,964.9199829101562,964.7800903320312,965.0599975585938,964.72998046875,3173.0
202606241922,964.7650146484375,964.4099731445312,964.7650146484375,964.25,3195.0
202606241923,964.260009765625,963.3300170898438,964.260009765625,963.3300170898438,2316.0
202606241924,963.3150024414062,963.2899780273438,963.669921875,963.2899780273438,3001.0
202606241925,963.1900024414062,962.7000122070312,963.280029296875,962.6699829101562,4432.0
202606241926,963.0,961.8099975585938,963.0,961.8099975585938,2458.0
202606241927,961.8099975585938,962.239990234375,962.4099731445312,961.719970703125,3530.0
202606241928,962.239990234375,961.9000244140625,962.239990234375,961.8900146484375,2183.0
202606241929,961.60498046875,961.1707153320312,961.64501953125,961.0,3544.0
202606241930,960.8499755859375,960.6300048828125,961.0150146484375,960.510009765625,3254.0
202606241931,960.7999877929688,960.9199829101562,961.239990234375,960.7150268554688,3502.0
202606241932,960.7750244140625,961.25,961.3200073242188,960.7700805664062,3422.0
202606241933,960.9849853515625,961.1300048828125,961.3200073242188,960.7000122070312,4514.0
202606241934,961.0800170898438,961.3300170898438,961.3300170898438,961.0499877929688,2394.0
202606241935,961.3200073242188,960.9400024414062,961.530029296875,960.760009765625,3779.0
202606241936,960.760009765625,960.6400146484375,960.760009765625,960.14501953125,3126.0
202606241937,960.6799926757812,960.4199829101562,960.8599853515625,960.030029296875,2991.0
202606241938,960.010009765625,960.3400268554688,960.3400268554688,959.89501953125,4156.0
202606241939,960.3400268554688,960.2999877929688,960.3699951171875,959.97998046875,2213.0
202606241940,960.2000122070312,960.3150024414062,960.6099853515625,960.1699829101562,4950.0
202606241941,960.3099975585938,960.52001953125,960.6400146484375,960.3099975585938,2459.0
202606241942,960.4749755859375,959.885009765625,960.4749755859375,959.885009765625,3968.0
202606241943,960.1199951171875,960.1199951171875,960.280029296875,959.79541015625,3407.0
202606241944,960.0900268554688,960.2899780273438,960.2999877929688,959.8215942382812,4276.0
202606241945,960.0800170898438,961.510009765625,961.510009765625,960.0150146484375,8678.0
202606241946,961.6199951171875,961.5599975585938,961.9500122070312,961.469970703125,4548.0
202606241947,961.4299926757812,960.6300048828125,961.530029296875,960.3800048828125,4754.0
202606241948,960.4500122070312,960.5599975585938,960.780029296875,960.3499755859375,5470.0
202606241949,960.5700073242188,960.489990234375,960.6699829101562,960.219970703125,3475.0
202606241950,960.1699829101562,959.9299926757812,960.5700073242188,959.9199829101562,5593.0
202606241951,959.9299926757812,958.9349975585938,959.9299926757812,958.75,7058.0
202606241952,959.0399780273438,959.9349975585938,960.1699829101562,959.0399780273438,5452.0
202606241953,959.905029296875,959.8350219726562,960.1500244140625,959.610107421875,9377.0
202606241954,959.77001953125,961.1500244140625,961.5900268554688,959.6500244140625,12563.0
202606241955,961.1699829101562,960.6799926757812,961.1699829101562,960.0250244140625,13261.0
202606241956,960.8900146484375,961.2999877929688,961.385009765625,960.5,13729.0
202606241957,961.260009765625,960.8499755859375,961.4099731445312,960.5399780273438,16799.0
202606241958,960.7100219726562,960.72998046875,960.8599853515625,960.47998046875,26774.0
202606241959,960.719970703125,960.9600219726562,961.2100219726562,960.405029296875,62504.0
202606242000,961.09,961.09,961.1,960.97,472839.0
202606242001,961.56,962.85,965.7,961.56,0.0
202606242002,960.97,962.85,962.85,960.56,0.0
202606242003,962.85,962.85,962.85,961.09,0.0
202606242004,961.09,961.09,962.85,961.09,0.0
202606242005,960.56,962.65,962.65,960.1325,0.0
202606242006,962.65,960.13,962.65,960.13,0.0
202606242007,960.16,959.0,960.16,958.0,0.0
202606242008,958.0,958.0,958.0,958.0,1.0
202606242009,960.105,956.5512,960.105,956.5512,0.0
202606242010,961.09,957.29,961.09,956.5645,0.0
202606242011,957.44,957.56,958.64,957.0012,0.0
202606242012,957.81,958.63,958.63,957.62,0.0
202606242013,957.56,958.875,958.875,957.56,0.0
202606242014,961.09,958.0,961.09,957.22,0.0
202606242015,958.35,958.35,958.35,958.35,0.0
202606242016,957.0,957.4875,958.875,957.0,0.0
202606242017,957.48,957.48,957.48,957.4366,0.0
202606242018,958.56,958.875,959.9988,957.0,0.0
202606242019,958.875,958.875,958.875,957.01,0.0
202606242020,961.09,958.0,961.09,958.0,0.0
202606242021,957.1,960.75,960.75,957.1,0.0
202606242022,957.15,956.56,957.15,956.56,0.0
202606242023,956.27,957.88,957.88,955.3,0.0
202606242024,956.21,956.21,956.21,956.21,0.0
202606242025,955.08,955.07,957.875,955.0,0.0
202606242026,957.875,956.56,960.75,955.15,0.0
202606242027,957.875,956.44,957.875,956.44,0.0
202606242028,955.39,955.715,960.75,955.31,0.0
202606242029,955.21,957.595,957.595,955.02,0.0
202606242030,960.19,956.0,960.19,956.0,0.0
202606242031,955.0,957.595,957.595,955.0,0.0
202606242032,955.39,955.39,955.39,955.39,0.0
202606242033,957.595,956.16,957.595,956.08,0.0
202606242034,957.595,955.5001,957.595,955.5001,0.0
202606242035,958.0,956.0,958.0,956.0,0.0
202606242036,955.39,955.39,955.39,955.39,0.0
202606242037,955.58,957.89,957.89,955.58,0.0
202606242038,960.19,958.155,960.19,958.155,0.0
202606242039,955.39,955.39,955.39,955.39,0.0
202606242040,957.5,957.36,957.54,956.55,0.0
202606242041,955.56,958.16,958.16,955.5,0.0
202606242042,958.16,956.14,958.16,956.14,0.0
202606242043,958.16,958.16,958.16,957.36,0.0
202606242044,958.16,960.19,960.19,956.13,0.0
202606242045,958.0,958.0,958.0,958.0,0.0
202606242046,958.0,958.0,958.0,958.0,0.0
202606242047,958.0,958.0,958.0,958.0,0.0
202606242048,956.14,958.16,958.16,956.14,0.0
202606242049,957.06,958.115,958.115,957.06,0.0
202606242050,958.0,958.0,958.0,958.0,0.0
202606242051,958.115,956.7092,958.115,956.7092,0.0
202606242052,956.5718,956.05,956.5718,956.05,0.0
202606242053,956.05,956.5795,958.115,956.05,0.0
202606242054,956.05,956.5798,956.5798,956.04,0.0
202606242055,958.0,958.0,958.0,958.0,0.0
202606242056,957.54,958.0,958.0,957.54,0.0
202606242057,957.54,957.54,957.54,957.54,0.0
202606242058,957.54,957.54,957.54,957.54,0.0
202606242059,957.54,957.54,957.54,957.54,0.0
202606242100,959.9988,957.43,959.9988,957.43,0.0
202606242101,958.09,958.0,959.6505,958.0,0.0
202606242102,958.15,958.15,958.15,958.15,1.0
202606242103,956.8565,956.7,956.8565,956.7,0.0
202606242104,958.15,958.15,958.15,958.15,0.0
202606242105,958.56,960.2788,960.29,957.8,0.0
202606242106,956.7,958.49,958.49,956.7,0.0
202606242107,958.15,958.15,958.15,958.15,0.0
202606242108,958.54,956.87,958.54,956.87,0.0
202606242109,958.15,958.15,958.15,958.15,0.0
202606242110,958.0,957.2,958.0,957.2,0.0
202606242111,957.2,960.28,960.28,957.2,0.0
202606242112,958.15,958.15,958.15,958.15,0.0
202606242113,958.15,958.15,958.15,958.15,0.0
202606242114,958.565,956.85,958.565,956.85,0.0
202606242115,958.15,958.15,958.15,958.15,0.0
202606242116,956.85,957.29,957.32,956.85,0.0
202606242117,960.28,958.565,960.28,958.565,0.0
202606242118,957.5,957.5,957.5,957.5,1.0
202606242119,957.31,956.85,957.31,956.85,4.0
202606242120,960.28,957.11,960.28,957.11,0.0
202606242121,958.56,957.98,958.56,957.98,0.0
202606242122,956.7,960.28,960.28,956.7,0.0
202606242123,958.0,956.7,958.0,956.7,0.0
202606242124,958.35,957.46,958.35,957.46,0.0
202606242125,956.85,956.85,956.85,956.85,0.0
202606242126,956.85,956.85,956.85,956.85,0.0
202606242127,956.85,956.85,956.85,956.85,0.0
202606242128,958.64,957.2,958.64,957.2,0.0
202606242129,956.85,956.85,956.85,956.85,0.0
202606242130,957.265,957.95,958.64,957.265,0.0
202606242131,957.0,958.64,958.64,957.0,0.0
202606242132,957.0,958.64,958.64,957.0,0.0
202606242133,956.85,956.85,956.85,956.85,0.0
202606242134,957.3,957.3,957.98,957.3,0.0
202606242135,957.082,958.5,958.64,957.082,0.0
202606242136,957.59,958.35,958.35,957.59,0.0
202606242137,958.0,958.0,958.0,958.0,0.0
202606242138,957.064,957.28,957.28,957.064,0.0
202606242139,958.0,958.0,958.0,958.0,0.0
202606242140,958.0,958.0,958.0,958.0,0.0
202606242141,956.76,956.76,956.76,956.76,1.0
202606242142,956.76,956.76,956.76,956.76,0.0
202606242143,956.76,956.76,956.76,956.76,0.0
202606242144,956.76,956.76,956.76,956.76,0.0
202606242145,956.7,960.0,960.0,956.7,0.0
202606242146,956.76,956.76,956.76,956.76,0.0
202606242147,956.76,956.76,956.76,956.76,0.0
202606242148,956.76,956.76,956.76,956.76,0.0
202606242149,960.0,958.01,960.0,958.01,0.0
202606242150,957.9,958.0,958.0,957.9,0.0
202606242151,956.7,957.0574,957.0574,956.7,0.0
202606242152,956.76,956.76,956.76,956.76,0.0
202606242153,957.0075,957.31,957.31,957.0075,0.0
202606242154,957.5,957.6,960.0,957.5,0.0
202606242155,957.0784,956.7,957.7,956.7,0.0
202606242156,957.0802,957.08,957.0802,957.08,0.0
202606242157,957.0,957.0,957.0,957.0,0.0
202606242158,957.0,957.0,957.0,957.0,0.0
202606242159,957.0,957.0,957.0,957.0,0.0
202606242200,957.0,957.0,957.0,957.0,0.0
202606242201,957.0,957.0,957.0,957.0,0.0
202606242202,957.0,957.0,957.0,957.0,0.0
202606242204,958.35,957.02,960.0,956.71,0.0
202606242206,957.0,958.35,958.35,957.0,0.0
202606242212,956.87,958.35,958.35,956.87,0.0
202606242214,960.1905,958.49,960.1905,958.49,0.0
202606242215,957.0315,958.01,958.01,956.8478,0.0
202606242218,956.7895,958.01,958.01,956.7895,0.0
202606242220,956.71,960.28,961.09,956.71,0.0
202606242222,956.8,958.01,958.49,956.8,0.0
202606242223,956.8,958.49,958.49,956.8,0.0
202606242224,958.49,957.1038,958.49,957.1038,0.0
202606242226,956.56,956.04,956.56,956.04,0.0
202606242227,958.16,956.06,958.16,956.06,0.0
202606242228,956.04,958.02,958.16,956.04,0.0
202606242229,956.06,957.75,960.0,956.04,0.0
202606242231,955.56,956.54,956.54,955.51,0.0
202606242232,957.75,956.56,957.75,956.56,0.0
202606242233,955.56,955.52,955.56,955.52,0.0
202606242234,957.75,956.56,957.75,956.5,0.0
202606242235,955.6,957.75,957.75,955.52,0.0
202606242236,956.49,955.5,956.49,955.5,0.0
202606242237,956.04,955.6,957.75,955.5,0.0
202606242242,956.39,956.49,956.49,956.39,0.0
202606242243,956.0,955.7,956.0,955.7,0.0
202606242244,955.7,955.9654,957.75,955.5,0.0
202606242246,955.88,955.71,955.88,955.71,0.0
202606250800,962.5988,955.143,962.5988,955.1407,0.0
202606250801,956.46,957.06,957.06,956.45,0.0
202606250802,955.9,955.73,955.9,955.73,0.0
202606250806,956.01,956.81,956.95,956.01,0.0
202606250826,956.53,956.95,956.95,956.53,0.0
202606250915,958.24,958.44,958.55,958.24,0.0
202606250917,956.76,956.76,956.79,956.76,0.0
202606250923,956.58,956.48,956.58,956.48,0.0
202606251020,960.7188,956.9247,960.7188,956.9247,0.0
202606251026,956.39,956.0,956.39,956.0,0.0
202606251031,955.59,955.62,955.62,955.59,0.0
202606251032,955.56,955.57,955.57,955.56,0.0
202606251033,955.56,955.6064,955.6064,955.56,0.0
202606251035,955.56,955.58,955.58,955.56,0.0
202606251039,955.56,956.31,956.31,955.0,0.0
202606251047,955.0,955.0001,955.0001,955.0,0.0
202606251100,956.56,953.0,959.0,953.0,0.0
202606251101,953.56,953.1,953.56,953.05,0.0
202606251103,954.0,956.0,956.0,954.0,0.0
202606251105,953.05,952.0,955.527,951.9,0.0
202606251106,952.5655,956.1,956.1,951.9,0.0
202606251108,953.56,955.5,955.5,953.56,0.0
202606251111,952.0,955.4,958.9,952.0,0.0
202606251113,953.44,954.45,954.45,953.44,0.0
202606251116,953.9,952.61,953.9,952.61,0.0
202606251121,954.5,952.1896,954.5,952.1896,0.0
202606251122,954.5,952.0001,954.5,952.0001,0.0
202606251128,954.0,952.0,957.0,952.0,0.0
202606251129,954.5,954.5,954.5,952.0,0.0
202606251131,952.125,953.4,954.5,952.125,0.0
202606251132,957.0,954.0,957.0,953.46,0.0
202606251134,954.0,952.0,954.0,952.0,0.0
202606251135,956.0,953.36,956.0,953.36,0.0
202606251136,954.0,956.0,956.0,954.0,0.0
202606251139,954.0,952.0,955.9,952.0,0.0
202606251141,953.94,953.1,953.94,953.1,0.0
202606251148,954.0,953.89,954.0,953.89,0.0
202606251152,953.1,953.2,953.2,953.1,0.0
202606251153,954.0,954.0,954.0,953.1,0.0
202606251155,953.13,954.5,954.5,953.13,0.0
202606251157,953.1,954.5,954.5,953.1,0.0
202606251200,954.4625,953.48,954.4625,953.48,0.0
202606251204,953.75,954.5,954.5,953.75,0.0
202606251205,953.75,954.305,954.5,953.75,0.0
202606251206,954.0,954.4625,954.4625,953.86,0.0
202606251207,953.75,953.84,953.84,953.75,0.0
202606251213,953.0,952.62,953.1,952.62,0.0
202606251214,952.56,952.0,953.25,952.0,0.0
202606251217,952.975,953.0,953.0,952.975,0.0
202606251218,952.5,953.0,953.0,952.5,0.0
202606251219,952.99,952.85,952.99,952.1387,0.0
202606251221,952.99,953.0,953.0,952.99,0.0
202606251223,952.935,952.5911,952.935,952.5911,0.0
202606251226,953.0,952.75,953.0,952.75,0.0
202606251227,952.93,952.75,952.98,952.75,0.0
202606251228,953.0,953.0,953.0,952.98,0.0
202606251229,953.54,953.56,954.5,953.54,0.0
202606251230,953.56,953.75,954.44,953.56,0.0
202606251231,953.91,954.5,954.5,953.3,0.0
202606251232,953.4,953.94,953.94,953.4,0.0
202606251233,953.75,953.75,953.94,953.75,0.0
202606251235,953.75,953.88,953.88,953.75,0.0
202606251236,953.5,953.94,954.5,953.5,0.0
202606251237,955.3682,955.61,955.61,955.3682,0.0
202606251238,954.72,953.83,954.72,953.83,0.0
202606251239,954.0,953.5,954.0,953.5,0.0
202606251240,954.565,954.515,954.565,954.515,0.0
202606251241,954.515,953.7639,954.515,953.7639,0.0
202606251245,954.49,954.555,954.555,954.0,0.0
202606251246,954.55,954.5,954.55,954.35,0.0
202606251249,954.6,954.48,954.6,954.45,0.0
202606251250,954.0,954.505,954.505,954.0,0.0
202606251251,955.42,954.45,955.42,953.5,0.0
202606251252,954.5,954.36,954.5,953.71,0.0
202606251254,954.75,954.5,954.75,954.5,0.0
202606251255,954.75,954.75,954.75,953.5,0.0
202606251256,953.5,953.56,954.09,953.5,0.0
202606251258,955.7085,954.665,955.7085,954.665,0.0
202606251300,954.615,953.625,954.615,953.51,0.0
202606251301,953.62,953.5,953.625,953.5,0.0
202606251302,953.48,953.375,953.48,953.375,0.0
202606251303,953.48,953.3,953.48,953.3,0.0
202606251304,953.74,953.75,953.75,953.74,0.0
202606251305,953.01,953.72,953.72,953.01,0.0
202606251306,953.72,953.375,953.74,953.0,0.0
202606251307,953.74,953.69,953.74,953.375,0.0
202606251308,953.67,953.78,953.78,953.67,0.0
202606251309,953.78,953.77,953.78,953.5,0.0
202606251310,953.72,953.66,953.74,953.66,0.0
202606251311,953.48,953.0,953.66,953.0,0.0
202606251312,953.015,953.2905,953.2905,952.5,0.0
202606251313,952.56,952.5,953.53,952.5,0.0
202606251317,953.49,953.5,953.52,953.49,0.0
202606251318,953.53,953.0,953.53,953.0,0.0
202606251319,952.99,952.75,953.0,952.75,0.0
202606251322,952.9752,952.07,952.9752,952.07,0.0
202606251323,952.12,952.64,952.64,952.12,0.0
202606251324,953.0,951.869,953.0,951.7,0.0
202606251325,952.99,952.9,953.0,951.88,0.0
202606251326,952.15,950.01,952.79,950.01,0.0
202606251327,951.64,951.0,953.0,948.56,0.0
202606251328,948.65,949.0,950.635,948.65,0.0
202606251329,949.75,949.51,950.5,949.0,0.0
202606251330,949.5700073242188,949.75,952.8800048828125,949.3099975585938,92216.0
202606251331,949.8300170898438,952.7449951171875,954.4998779296875,949.353515625,5026.0
202606251332,953.77001953125,950.9450073242188,953.77001953125,950.0999755859375,10344.0
202606251333,950.0999755859375,949.25,950.3900146484375,948.7352905273438,8156.0
202606251334,948.875,948.10498046875,949.4550170898438,947.5,6660.0
202606251335,948.27001953125,947.1300048828125,948.781982421875,946.02001953125,5141.0
202606251336,947.6500244140625,947.655029296875,948.7916259765625,947.3200073242188,3673.0
202606251337,947.25,948.8300170898438,948.9000244140625,947.1500244140625,9402.0
202606251338,948.6649780273438,949.5900268554688,950.25,948.2650146484375,7189.0
202606251339,948.0499877929688,947.8400268554688,948.5499877929688,946.8099975585938,8772.0
202606251340,947.690185546875,951.8800048828125,951.8800048828125,947.690185546875,5197.0
202606251341,952.260009765625,953.9400024414062,953.989990234375,952.260009765625,5486.0
202606251342,953.3099975585938,952.9500122070312,953.3099975585938,952.0,4029.0
202606251343,952.7949829101562,953.4550170898438,953.72998046875,952.14501953125,1800.0
202606251344,953.4550170898438,950.8400268554688,953.9000244140625,950.6199951171875,2103.0
202606251345,950.0,950.2000122070312,951.8099975585938,949.9099731445312,5118.0
202606251346,950.2249755859375,952.6500244140625,953.1300048828125,950.135009765625,6411.0
202606251347,952.344970703125,951.5999755859375,953.9166870117188,951.5999755859375,4649.0
202606251348,951.6849975585938,952.3099975585938,952.3099975585938,950.8900146484375,2259.0
202606251349,951.8049926757812,951.1599731445312,951.9600219726562,950.4157104492188,5303.0
202606251350,951.7899780273438,949.4199829101562,952.2598876953125,949.4199829101562,3225.0
202606251351,949.7899780273438,949.8200073242188,950.0999755859375,948.9600219726562,6956.0
202606251352,950.0399780273438,951.39501953125,951.5999755859375,949.5700073242188,3456.0
202606251353,951.8200073242188,952.9848022460938,953.1599731445312,951.6900024414062,6134.0
202606251354,953.0,953.8900146484375,954.260009765625,953.0,9624.0
202606251355,954.25,954.3499755859375,954.9500122070312,953.7100219726562,5133.0
202606251356,954.3200073242188,953.0999755859375,954.8400268554688,953.0999755859375,3196.0
202606251357,952.9349975585938,952.2899780273438,952.9349975585938,952.2899780273438,1547.0
202606251358,951.97998046875,951.875,952.239990234375,951.3200073242188,2297.0
202606251359,951.989990234375,951.7949829101562,952.9400024414062,951.6199951171875,14485.0
202606251400,952.0,952.4500122070312,953.6599731445312,950.7999877929688,13715.0
202606251401,952.6900024414062,954.3800048828125,954.3900146484375,952.6900024414062,6985.0
202606251402,954.9000244140625,955.75,955.75,954.676025390625,3743.0
202606251403,955.4400024414062,954.47119140625,955.4400024414062,953.594970703125,5685.0
202606251404,954.77001953125,955.239990234375,955.7000122070312,954.4199829101562,5448.0
202606251405,955.22998046875,955.0999755859375,955.6400146484375,954.4500122070312,3499.0
202606251406,954.1599731445312,952.9299926757812,954.1599731445312,952.8599853515625,3642.0
202606251407,951.844970703125,951.4550170898438,951.9550170898438,951.010009765625,5189.0
202606251408,951.5599975585938,952.0800170898438,952.0800170898438,950.5399780273438,6252.0
202606251409,952.0800170898438,951.7150268554688,952.7899780273438,951.7000122070312,16723.0
202606251410,951.719970703125,950.4500122070312,952.059326171875,950.0,5338.0
202606251411,950.35498046875,949.614990234375,950.6599731445312,949.614990234375,4558.0
202606251412,949.9500122070312,950.8350219726562,950.9199829101562,949.9500122070312,3197.0
202606251413,951.280029296875,951.385009765625,951.739990234375,950.760009765625,6053.0
202606251414,951.97998046875,953.9000244140625,953.9000244140625,951.97998046875,7890.0
202606251415,953.35498046875,952.0,953.35498046875,951.385009765625,5475.0
202606251416,951.7999877929688,951.02001953125,952.619873046875,951.02001953125,5011.0
202606251417,951.5700073242188,951.5250244140625,951.8486938476562,950.989990234375,4009.0
202606251418,951.0499877929688,951.5750122070312,951.6900024414062,951.0499877929688,1728.0
202606251419,951.5750122070312,951.3900146484375,951.8099975585938,950.9199829101562,2172.0
202606251420,951.6400146484375,951.375,951.97998046875,950.6599731445312,4602.0
202606251421,951.6177978515625,949.8400268554688,951.6177978515625,949.8400268554688,5424.0
202606251422,950.0418701171875,950.5050048828125,950.7349853515625,949.8400268554688,4501.0
202606251423,950.4600219726562,950.4243774414062,950.64501953125,950.010009765625,2710.0
202606251424,950.5700073242188,949.5800170898438,951.2999877929688,949.5750122070312,12197.0
202606251425,949.5750122070312,948.010009765625,949.6500244140625,947.5599975585938,9124.0
202606251426,948.0599975585938,948.3558959960938,948.6699829101562,947.85498046875,1797.0
202606251427,948.255126953125,948.7100219726562,948.9349975585938,948.010009765625,2273.0
202606251428,949.2449951171875,948.5100708007812,949.2449951171875,948.0,2096.0
202606251429,948.5150146484375,947.8200073242188,948.52001953125,947.3699951171875,4348.0
202606251430,947.0,945.1099853515625,947.0700073242188,945.1099853515625,9960.0
202606251431,945.4849853515625,946.2550048828125,946.2550048828125,945.4849853515625,5572.0
202606251432,946.3099975585938,945.4692993164062,946.3099975585938,945.3800048828125,3926.0
202606251433,945.4749755859375,944.0700073242188,945.760009765625,944.0100708007812,15967.0
202606251434,944.1099853515625,943.9500122070312,944.4299926757812,943.6500244140625,11750.0
202606251435,943.8099975585938,942.9799194335938,943.8099975585938,942.530029296875,6365.0
202606251436,942.8099975585938,941.9299926757812,942.8300170898438,941.469970703125,13448.0
202606251437,941.9299926757812,943.25,943.530029296875,941.8074951171875,8211.0
202606251438,943.6500244140625,944.7650146484375,945.4400024414062,943.344970703125,11761.0
202606251439,944.489990234375,944.2999877929688,944.760009765625,943.64501953125,3526.0
202606251440,944.469970703125,943.8499755859375,944.5599975585938,943.2603149414062,2794.0
202606251441,943.5850219726562,944.27001953125,944.5599975585938,943.3599853515625,4328.0
202606251442,944.5700073242188,944.4149780273438,944.5700073242188,943.72998046875,4430.0
202606251443,944.239990234375,944.3200073242188,945.1099853515625,943.4000244140625,23118.0
202606251444,944.6400146484375,945.27001953125,945.8200073242188,944.6400146484375,17054.0
202606251445,945.280029296875,943.6900024414062,945.280029296875,943.4400024414062,6656.0
202606251446,943.5599975585938,943.2000122070312,944.1199951171875,942.6400146484375,14565.0
202606251447,943.2000122070312,944.0999755859375,944.4349975585938,942.8599853515625,15005.0
202606251448,944.0399780273438,943.0999755859375,944.25,943.0900268554688,3528.0
202606251449,942.8192749023438,943.5299072265625,943.8400268554688,942.6400146484375,2131.0
202606251450,943.3800048828125,943.1599731445312,943.530029296875,942.6900024414062,5859.0
202606251451,943.1649780273438,943.9650268554688,944.2449951171875,943.1649780273438,3348.0
202606251452,943.969970703125,944.3800048828125,944.7426147460938,943.969970703125,3580.0
202606251453,944.75,944.3099975585938,944.8590698242188,944.0700073242188,3957.0
202606251454,944.1300048828125,943.489990234375,944.25,943.489990234375,4675.0
202606251455,943.77001953125,943.1599731445312,943.77001953125,943.1599731445312,2556.0
202606251456,943.010009765625,942.5800170898438,943.5,942.3699951171875,11415.0
202606251457,942.4000244140625,942.5399169921875,942.739990234375,941.510009765625,4391.0
202606251458,941.6099853515625,941.27001953125,942.0900268554688,941.27001953125,7593.0
202606251459,941.489990234375,942.6900024414062,942.6900024414062,941.260009765625,11344.0
202606251500,942.385009765625,942.3900146484375,943.02001953125,942.385009765625,1807.0
202606251501,942.989990234375,944.3200073242188,944.719970703125,942.8294067382812,8982.0
202606251502,944.4600219726562,943.489990234375,944.4749755859375,943.489990234375,2909.0
202606251503,943.6099853515625,943.760009765625,944.1799926757812,943.5289916992188,1799.0
202606251504,943.760009765625,944.5,944.7650146484375,943.760009765625,4289.0
202606251505,944.530029296875,944.0800170898438,944.8900146484375,944.0800170898438,6293.0
202606251506,944.1300048828125,943.25,944.1300048828125,943.0,4513.0
202606251507,943.3900146484375,943.7650146484375,943.7849731445312,943.3900146484375,2102.0
202606251508,943.8499755859375,943.010009765625,943.8800048828125,943.010009765625,6583.0
202606251509,943.0100708007812,942.9400024414062,943.35498046875,942.52001953125,2599.0
202606251510,943.2125244140625,943.030029296875,943.4400024414062,942.8900146484375,3228.0
202606251511,943.4243774414062,942.6900024414062,943.4243774414062,942.1099853515625,4197.0
202606251512,942.5,942.9600219726562,943.094970703125,942.3900146484375,5059.0
202606251513,942.9400024414062,943.2000122070312,943.5999755859375,942.760009765625,2169.0
202606251514,944.25,944.780029296875,945.0,944.25,8114.0
202606251515,944.780029296875,944.9398803710938,944.9398803710938,944.1099853515625,1789.0
202606251516,944.6572875976562,944.6400146484375,945.0,944.469970703125,3109.0
202606251517,944.635009765625,945.1300048828125,945.3300170898438,944.280029296875,8779.0
202606251518,944.8900146484375,944.869873046875,944.8900146484375,944.4199829101562,3405.0
202606251519,944.55419921875,944.375,944.7418212890625,943.9400024414062,3880.0
202606251520,944.3900146484375,944.8099975585938,945.0800170898438,944.3900146484375,1957.0
202606251521,944.3499755859375,945.0499877929688,945.4199829101562,944.3499755859375,5926.0
202606251522,945.0399780273438,944.719970703125,945.0855712890625,944.5599975585938,1408.0
202606251523,945.030029296875,945.1400146484375,945.3099975585938,945.030029296875,1602.0
202606251524,945.1400146484375,945.2750244140625,945.6400146484375,944.8099975585938,2670.0
202606251525,945.3250122070312,946.4249877929688,946.4249877929688,945.25,12195.0
202606251526,946.4650268554688,947.8599853515625,947.8599853515625,946.3099975585938,3897.0
202606251527,947.760009765625,949.2200927734375,949.530029296875,947.760009765625,7088.0
202606251528,949.6199951171875,949.0700073242188,949.6199951171875,949.0700073242188,1620.0
202606251529,949.3400268554688,949.8098754882812,949.8098754882812,949.0700073242188,1842.0
202606251530,949.27001953125,949.2999877929688,949.2999877929688,948.7999877929688,2061.0
202606251531,949.14501953125,949.2000122070312,949.5,949.1199951171875,1049.0
202606251532,948.8699951171875,949.1099853515625,949.1099853515625,948.8200073242188,1216.0
202606251533,949.1099853515625,948.010009765625,949.1099853515625,947.5399780273438,4025.0
202606251534,947.75,947.1900024414062,948.4199829101562,947.010009765625,2172.0
202606251535,947.1199951171875,948.7150268554688,948.7150268554688,946.5900268554688,3685.0
202606251536,948.6500244140625,949.260009765625,949.280029296875,948.4249877929688,3001.0
202606251537,949.5,949.0650024414062,949.6099243164062,949.0650024414062,921.0
202606251538,948.6199951171875,947.780029296875,948.77001953125,947.780029296875,2006.0
202606251539,948.6500244140625,948.489990234375,949.6099853515625,948.2349853515625,14626.0
202606251540,948.3499755859375,948.625,948.625,948.3499755859375,1557.0
202606251541,948.6300048828125,948.760009765625,949.0700073242188,948.3499755859375,1924.0
202606251542,949.1030883789062,949.6199951171875,949.6199951171875,948.9500122070312,1764.0
202606251543,949.239990234375,949.989990234375,949.989990234375,949.1099853515625,1512.0
202606251544,949.780029296875,949.614990234375,950.3350219726562,949.5599975585938,2328.0
202606251545,949.8599853515625,949.52001953125,949.8599853515625,949.52001953125,2296.0
202606251546,949.7899780273438,949.3400268554688,949.85498046875,949.3400268554688,2454.0
202606251547,949.1300048828125,949.0349731445312,949.3499755859375,949.0349731445312,1862.0
202606251548,949.030029296875,948.8599853515625,949.0999755859375,948.5700073242188,1765.0
202606251549,949.0499877929688,948.5700073242188,949.0499877929688,948.5700073242188,1393.0
202606251550,948.8499755859375,948.5599975585938,948.8499755859375,948.2562255859375,1280.0
202606251551,948.4000244140625,949.1749877929688,949.1749877929688,948.010009765625,2777.0
202606251552,948.9099731445312,949.5,949.5,948.85498046875,2704.0
202606251553,949.0457153320312,949.0457153320312,949.0457153320312,949.0457153320312,238.0
202606251554,949.27001953125,949.010009765625,949.27001953125,948.8099975585938,1615.0
202606251555,949.1900024414062,948.989990234375,949.1900024414062,948.7050170898438,1523.0
202606251556,949.1649780273438,948.6599731445312,949.2650756835938,948.3699951171875,1815.0
202606251557,948.6699829101562,947.8291015625,948.6699829101562,947.239990234375,5242.0
202606251558,947.6199951171875,947.9949951171875,947.9949951171875,947.52001953125,1174.0
202606251559,947.9949951171875,947.530029296875,947.9949951171875,947.4199829101562,2042.0
202606251600,947.8200073242188,947.8099975585938,947.8200073242188,947.0850219726562,2025.0
202606251601,947.8900146484375,947.8150024414062,947.8900146484375,947.3300170898438,1714.0
202606251602,947.8200073242188,947.8200073242188,947.8200073242188,947.8200073242188,754.0
202606251603,947.739990234375,947.1599731445312,947.780029296875,947.1400146484375,6815.0
202606251604,946.6699829101562,944.469970703125,946.739990234375,944.469970703125,17310.0
202606251605,944.4000244140625,944.9500122070312,944.9500122070312,944.4000244140625,1039.0
202606251606,944.8599853515625,945.155029296875,945.655029296875,944.8599853515625,3797.0
202606251607,945.155029296875,945.4666748046875,945.4666748046875,945.155029296875,2261.0
202606251608,945.3150024414062,945.39501953125,945.6950073242188,945.1599731445312,9656.0
202606251609,945.1110229492188,945.2000122070312,945.2999877929688,945.030029296875,7002.0
202606251610,945.8800048828125,945.6849975585938,946.0800170898438,945.6849975585938,2387.0
202606251611,945.6900024414062,945.52001953125,945.9149780273438,945.510009765625,2231.0
202606251612,945.510009765625,944.5,945.510009765625,944.5,4213.0
202606251613,944.5750122070312,943.4550170898438,944.719970703125,943.25,2881.0
202606251614,943.4550170898438,943.0650024414062,943.4550170898438,942.8200073242188,2696.0
202606251615,943.3098754882812,943.3900146484375,943.3900146484375,942.760009765625,1737.0
202606251616,943.1699829101562,943.3400268554688,943.8900146484375,943.1199951171875,8290.0
202606251617,943.6799926757812,944.0800170898438,944.1900024414062,943.3900146484375,2389.0
202606251618,943.9429931640625,944.6749877929688,944.6749877929688,943.6500244140625,2684.0
202606251619,944.2999877929688,944.2999877929688,944.2999877929688,944.2999877929688,219.0
202606251620,944.4000244140625,944.6500244140625,944.8499755859375,944.4000244140625,2180.0
202606251621,945.77001953125,945.489990234375,945.77001953125,945.2449951171875,4766.0
202606251622,945.4949951171875,945.375,945.4949951171875,945.0900268554688,1120.0
202606251623,945.3800048828125,944.2000122070312,945.3800048828125,943.75,3346.0
202606251624,943.7750244140625,943.9600219726562,943.9600219726562,943.52001953125,672.0
202606251625,943.7000122070312,943.2100219726562,943.75,943.1727294921875,1172.0
202606251626,943.3099975585938,943.0150146484375,943.4500122070312,942.8900146484375,5149.0
202606251627,943.4500122070312,943.344970703125,943.5700073242188,943.2330932617188,1716.0
202606251628,943.4000244140625,943.0,943.6799926757812,943.0,2860.0
202606251629,943.0,943.4000244140625,943.4099731445312,943.0,1073.0
202606251630,943.530029296875,943.2050170898438,943.5349731445312,942.9739990234375,2047.0
202606251631,943.530029296875,943.8800048828125,943.8800048828125,943.2108154296875,1989.0
202606251632,943.7899780273438,943.8173217773438,944.2098999023438,943.6199951171875,2004.0
202606251633,943.969970703125,943.6199951171875,943.969970703125,943.0399780273438,2096.0
202606251634,943.0499877929688,942.5900268554688,943.448974609375,942.5900268554688,3164.0
202606251635,943.1699829101562,942.6749877929688,943.1699829101562,942.52001953125,2073.0
202606251636,942.9199829101562,943.6749877929688,943.6749877929688,942.7144165039062,7993.0
202606251637,943.7000122070312,943.364990234375,943.7969970703125,943.052490234375,2819.0
202606251638,943.4500122070312,943.260009765625,943.6300048828125,943.1199951171875,4529.0
202606251639,943.4849853515625,942.6699829101562,943.489990234375,942.6699829101562,5287.0
202606251640,942.5349731445312,942.7550048828125,943.22998046875,942.2800903320312,2763.0
202606251641,942.7550048828125,942.7100219726562,942.7550048828125,942.5399780273438,1311.0
202606251642,942.6099853515625,943.0800170898438,943.0999755859375,942.6099853515625,1486.0
202606251643,942.9099731445312,943.2943725585938,943.2943725585938,942.9099731445312,1007.0
202606251644,943.2449951171875,942.8099975585938,943.3499755859375,942.8099975585938,2481.0
202606251645,942.8101196289062,943.0900268554688,943.2000122070312,942.8101196289062,2298.0
202606251646,942.8400268554688,942.5,942.8400268554688,942.5,1833.0
202606251647,942.9400024414062,941.6699829101562,942.9400024414062,941.52001953125,7665.0
202606251648,941.52001953125,941.5599975585938,941.719970703125,941.4099731445312,3752.0
202606251649,941.4099731445312,941.5650024414062,941.5650024414062,941.4099731445312,1583.0
202606251650,941.7000122070312,941.3400268554688,941.719970703125,941.25,3281.0
202606251651,941.27001953125,941.6900024414062,941.6900024414062,941.1400146484375,3659.0
202606251652,941.6400146484375,941.4500122070312,941.6400146484375,941.3099975585938,2311.0
202606251653,941.3400268554688,941.239990234375,941.5599975585938,940.9400024414062,9323.0
202606251654,941.010009765625,940.7999877929688,941.010009765625,940.7999877929688,2303.0
202606251655,940.7999877929688,940.8300170898438,940.8300170898438,940.27001953125,3070.0
202606251656,940.4249877929688,940.4249877929688,940.4249877929688,940.1199951171875,1783.0
202606251657,940.1099853515625,939.4849853515625,940.1099853515625,939.47998046875,22554.0
202606251658,939.3900146484375,939.010009765625,939.3900146484375,938.6849975585938,6990.0
202606251659,939.1699829101562,939.9749755859375,939.9749755859375,939.1699829101562,2548.0
202606251700,939.8499755859375,940.2050170898438,940.3106079101562,939.6900024414062,3856.0
202606251701,940.1599731445312,940.280029296875,940.5477294921875,940.1599731445312,2416.0
202606251702,940.280029296875,939.5429077148438,940.3599243164062,939.2999877929688,2926.0
202606251703,939.469970703125,939.6400146484375,939.8200073242188,939.4400024414062,2896.0
202606251704,939.75,939.6599731445312,940.1630249023438,939.6500244140625,2864.0
202606251705,939.5999755859375,939.3300170898438,939.6099853515625,939.3300170898438,1914.0
202606251706,939.3300170898438,939.02001953125,939.344970703125,939.010009765625,4307.0
202606251707,939.010009765625,939.0,939.2335205078125,938.8800048828125,2017.0
202606251708,939.0106811523438,939.0700073242188,939.2999877929688,939.0106811523438,3407.0
202606251709,939.0,938.6599731445312,939.10498046875,938.6599731445312,4695.0
202606251710,938.7501220703125,938.8400268554688,939.159912109375,938.6500244140625,3063.0
202606251711,938.8880004882812,939.5900268554688,939.6699829101562,938.8350219726562,3190.0
202606251712,939.5549926757812,938.9600219726562,939.5750122070312,938.8900146484375,2681.0
202606251713,939.0150146484375,938.6251831054688,939.3150024414062,938.6251831054688,2437.0
202606251714,939.0399780273438,939.3400268554688,939.5549926757812,938.8599853515625,6176.0
202606251715,940.1900024414062,940.1907958984375,940.2999877929688,939.7078247070312,2400.0
202606251716,940.094970703125,940.030029296875,940.094970703125,939.8499755859375,1341.0
202606251717,940.2498779296875,940.4500122070312,940.5999755859375,940.030029296875,3642.0
202606251718,940.4500122070312,940.5,940.869873046875,940.4500122070312,1544.0
202606251719,940.5,940.02001953125,940.5499877929688,939.9400024414062,3251.0
202606251720,939.89501953125,941.469970703125,941.469970703125,939.89501953125,4211.0
202606251721,941.0,940.969970703125,941.0,940.780029296875,1283.0
202606251722,940.969970703125,941.0549926757812,941.1799926757812,940.5800170898438,2142.0
202606251723,940.9400024414062,940.6900024414062,941.0599975585938,940.6900024414062,1893.0
202606251724,941.0499877929688,940.9249877929688,941.0499877929688,940.655029296875,1930.0
202606251725,940.7550048828125,940.760009765625,940.864990234375,940.7550048828125,1011.0
202606251726,940.760009765625,940.9650268554688,941.1599731445312,940.6300048828125,2932.0
202606251727,941.030029296875,940.8800048828125,941.0850219726562,940.72998046875,1856.0
202606251728,941.02001953125,940.9450073242188,941.1099853515625,940.780029296875,1449.0
202606251729,940.989990234375,940.9000244140625,941.1400146484375,940.8599853515625,1330.0
202606251730,941.1400146484375,940.780029296875,941.1400146484375,940.5800170898438,1472.0
202606251731,940.864990234375,940.7000122070312,940.9299926757812,940.4600219726562,2610.0
202606251732,940.614990234375,940.8800048828125,940.9600219726562,940.614990234375,1483.0
202606251733,940.4600219726562,940.030029296875,940.6649780273438,939.594970703125,4666.0
202606251734,940.1599731445312,940.280029296875,940.280029296875,940.1599731445312,944.0
202606251735,940.4199829101562,940.5499877929688,940.719970703125,940.260009765625,2222.0
202606251736,940.5999755859375,940.625,940.9500122070312,940.5999755859375,2857.0
202606251737,940.510009765625,940.280029296875,940.510009765625,940.280029296875,1107.0
202606251738,940.280029296875,940.3900146484375,940.3900146484375,940.25,2307.0
202606251739,940.3900146484375,940.3099975585938,940.7100219726562,940.22998046875,1641.0
202606251740,940.3099975585938,940.60498046875,940.7000122070312,940.1300048828125,2108.0
202606251741,940.3800048828125,940.5449829101562,940.655029296875,940.3200073242188,1804.0
202606251742,940.5499877929688,940.5399780273438,940.8599853515625,940.5399780273438,801.0
202606251743,940.6199951171875,940.5050048828125,940.9299926757812,940.5050048828125,2124.0
202606251744,940.1799926757812,940.5399780273438,940.6199951171875,940.0599975585938,2162.0
202606251745,940.4796752929688,940.7449951171875,940.844970703125,940.3499755859375,2481.0
202606251746,940.7449951171875,940.6400146484375,941.1799926757812,940.6400146484375,2491.0
202606251747,940.489990234375,940.524169921875,940.524169921875,940.4450073242188,1006.0
202606251748,940.4600219726562,940.594970703125,940.9498901367188,940.4600219726562,1777.0
202606251749,940.8499755859375,940.7899780273438,940.9299926757812,940.5999755859375,709.0
202606251750,940.4400024414062,940.405029296875,940.5599975585938,940.405029296875,1286.0
202606251751,940.405029296875,940.1599731445312,940.405029296875,940.1599731445312,1613.0
202606251752,940.0599975585938,940.364990234375,940.364990234375,940.0349731445312,1855.0
202606251753,940.364990234375,940.989990234375,940.989990234375,940.3624877929688,3834.0
202606251754,941.4349975585938,941.3250122070312,941.5,941.3250122070312,975.0
202606251755,941.1264038085938,941.0750122070312,941.3436279296875,941.0599975585938,1326.0
202606251756,941.1199951171875,941.4299926757812,941.6500244140625,941.1199951171875,2820.0
202606251757,941.75,941.964599609375,941.964599609375,941.4000244140625,1720.0
202606251758,941.5250244140625,941.52001953125,941.530029296875,941.52001953125,3221.0
202606251759,941.52001953125,941.9400024414062,941.9400024414062,941.52001953125,846.0
202606251800,941.5050048828125,941.4500122070312,941.5499877929688,941.4500122070312,3260.0
202606251801,941.39501953125,941.5999755859375,941.6699829101562,941.39501953125,5043.0
202606251802,941.5900268554688,941.5850219726562,941.5900268554688,941.02001953125,3898.0
202606251803,941.8200073242188,941.6199951171875,942.0,941.4000244140625,5607.0
202606251804,941.27001953125,941.47998046875,941.47998046875,941.27001953125,791.0
202606251805,941.5750122070312,942.125,942.125,941.5750122070312,5350.0
202606251806,941.8599853515625,942.6849975585938,942.6849975585938,941.8599853515625,1678.0
202606251807,942.8599853515625,943.2000122070312,943.2000122070312,942.2899780273438,2397.0
202606251808,943.1900024414062,942.72998046875,943.1900024414062,942.72998046875,1602.0
202606251809,942.7249755859375,943.4500122070312,943.4500122070312,942.344970703125,6964.0
202606251810,943.6599731445312,943.614990234375,944.0,943.219970703125,2128.0
202606251811,943.22998046875,943.25,943.5999755859375,943.125,3451.0
202606251812,943.6774291992188,943.97998046875,943.97998046875,943.405029296875,2782.0
202606251813,944.3499755859375,944.1199951171875,944.35498046875,943.75,2898.0
202606251814,944.0349731445312,943.9450073242188,944.0700073242188,943.9400024414062,1853.0
202606251815,944.1400146484375,944.6646728515625,944.6646728515625,944.1400146484375,1367.0
202606251816,944.3400268554688,943.9550170898438,944.469970703125,943.8099975585938,5003.0
202606251817,944.10498046875,944.4650268554688,944.760009765625,944.10498046875,3311.0
202606251818,944.6096801757812,945.6500244140625,945.9299926757812,944.469970703125,7402.0
202606251819,945.8200073242188,945.3967895507812,945.9400024414062,945.1699829101562,4804.0
202606251820,945.1900024414062,945.0800170898438,945.3200073242188,945.0800170898438,6368.0
202606251821,945.0800170898438,945.6699829101562,945.6699829101562,944.8800048828125,3804.0
202606251822,945.5499877929688,945.274169921875,945.6900024414062,945.0499877929688,4755.0
202606251823,945.9598999023438,946.2750244140625,946.3300170898438,945.510009765625,2333.0
202606251824,946.3880004882812,946.219970703125,946.6400146484375,945.97998046875,1452.0
202606251825,946.469970703125,946.5800170898438,946.7899780273438,946.3800048828125,3009.0
202606251826,946.2899780273438,946.75,947.1799926757812,946.2899780273438,3876.0
202606251827,946.8699951171875,947.0,947.2349853515625,946.8699951171875,2749.0
202606251828,946.9500122070312,946.8900146484375,947.1799926757812,946.8099975585938,3162.0
202606251829,946.8250122070312,946.7100219726562,946.8900146484375,946.7000122070312,1516.0
202606251830,946.7100219726562,946.760009765625,946.8800048828125,946.64990234375,3676.0
202606251831,946.7349853515625,946.9400024414062,947.0999755859375,946.6300048828125,2957.0
202606251832,946.8200073242188,947.1599731445312,947.219970703125,946.8200073242188,2826.0
202606251833,947.3062133789062,947.5,947.5,946.9400024414062,2151.0
202606251834,947.489990234375,947.2803955078125,947.489990234375,947.1699829101562,5544.0
202606251835,947.4500122070312,947.489990234375,947.5599975585938,947.3400268554688,3027.0
202606251836,947.5050048828125,947.1262817382812,947.5999755859375,947.0250244140625,2607.0
202606251837,947.10498046875,948.530029296875,948.530029296875,947.10498046875,2393.0
202606251838,948.6300048828125,948.4450073242188,948.8699951171875,948.4450073242188,1121.0
202606251839,948.5999755859375,948.97998046875,948.989990234375,948.4450073242188,3194.0
202606251840,949.27001953125,948.75,949.27001953125,948.6699829101562,1980.0
202606251841,948.7050170898438,948.510009765625,948.739990234375,948.5,1234.0
202606251842,948.5,948.0050048828125,948.5499877929688,947.8400268554688,2791.0
202606251843,947.6199951171875,947.630126953125,948.0878295898438,947.6099853515625,1678.0
202606251844,947.8200073242188,947.97998046875,947.97998046875,947.6900024414062,3008.0
202606251845,947.9000244140625,947.8499755859375,948.0800170898438,947.6300048828125,2722.0
202606251846,947.810302734375,947.7200927734375,948.3699951171875,947.7200927734375,2165.0
202606251847,948.2849731445312,948.155029296875,948.2849731445312,948.02001953125,1141.0
202606251848,947.7208251953125,947.6199951171875,948.0999755859375,947.6199951171875,1188.0
202606251849,947.7999877929688,947.5750122070312,947.7999877929688,947.47998046875,1757.0
202606251850,947.5750122070312,947.8900146484375,947.9400024414062,947.5700073242188,1991.0
202606251851,947.989990234375,948.1099853515625,948.4199829101562,947.989990234375,1553.0
202606251852,947.97998046875,948.2100219726562,948.2100219726562,947.97998046875,998.0
202606251853,947.9299926757812,947.9749755859375,948.1099853515625,947.9299926757812,1529.0
202606251854,947.969970703125,947.4949951171875,948.0599975585938,947.4299926757812,5061.0
202606251855,947.3701171875,947.5599975585938,947.5599975585938,947.3699951171875,2025.0
202606251856,947.6400146484375,947.5700073242188,947.7100219726562,947.5449829101562,3508.0
202606251857,947.3300170898438,947.5650024414062,947.614990234375,947.3300170898438,960.0
202606251858,947.2999877929688,947.4949951171875,947.64990234375,947.2999877929688,1718.0
202606251859,947.4949951171875,947.530029296875,947.6199951171875,947.27001953125,2785.0
202606251900,947.5499877929688,947.7000122070312,947.7000122070312,947.2000122070312,2736.0
202606251901,947.2999877929688,947.4432983398438,947.6199951171875,947.2999877929688,2061.0
202606251902,947.7899780273438,948.4199829101562,948.4199829101562,947.7899780273438,1243.0
202606251903,948.1649780273438,948.3200073242188,948.4199829101562,948.1649780273438,1627.0
202606251904,948.1749877929688,948.5,948.5800170898438,948.1749877929688,2159.0
202606251905,948.6500244140625,948.8350219726562,949.0250244140625,948.4000244140625,2673.0
202606251906,948.7899780273438,948.719970703125,948.8200073242188,948.510009765625,1518.0
202606251907,948.7999877929688,948.4550170898438,948.7999877929688,948.4000244140625,1795.0
202606251908,948.4949951171875,948.2210083007812,948.4949951171875,948.2210083007812,817.0
202606251909,948.22998046875,948.35400390625,948.6900024414062,948.1199951171875,1464.0
202606251910,948.77001953125,949.3499755859375,949.8062133789062,948.6300048828125,3497.0
202606251911,949.0200805664062,949.2150268554688,949.2949829101562,949.0200805664062,2263.0
202606251912,948.9199829101562,948.8049926757812,948.9299926757812,948.3599853515625,3921.0
202606251913,948.57080078125,948.6599731445312,949.0584716796875,948.57080078125,1907.0
202606251914,948.9149780273438,948.7349853515625,948.9199829101562,948.7349853515625,637.0
202606251915,948.5499877929688,948.4500122070312,948.6699829101562,948.219970703125,3718.0
202606251916,948.530029296875,948.4600219726562,948.5650024414062,948.4500122070312,953.0
202606251917,948.3200073242188,948.9102172851562,948.9998779296875,948.3200073242188,4071.0
202606251918,948.8800048828125,949.4000244140625,949.4299926757812,948.3699951171875,2229.0
202606251919,949.364990234375,948.5999755859375,949.6300048828125,948.5999755859375,2873.0
202606251920,948.6199951171875,949.0150146484375,949.0999755859375,948.6199951171875,1448.0
202606251921,948.9000244140625,948.77001953125,949.0,948.7349853515625,1816.0
202606251922,948.9749755859375,949.2999877929688,949.2999877929688,948.8049926757812,2175.0
202606251923,949.239990234375,948.5449829101562,949.239990234375,948.4400024414062,3052.0
202606251924,948.719970703125,948.239990234375,948.719970703125,948.239990234375,3633.0
202606251925,948.4749755859375,948.155029296875,948.4749755859375,948.0,3282.0
202606251926,948.155029296875,947.3825073242188,948.155029296875,947.1663208007812,4632.0
202606251927,947.5,947.5800170898438,947.7000122070312,947.260009765625,1893.0
202606251928,947.7999877929688,947.655029296875,948.0098876953125,947.655029296875,2916.0
202606251929,947.6939697265625,947.239990234375,947.75,947.219970703125,4153.0
202606251930,947.1099853515625,947.0599975585938,947.135009765625,946.8049926757812,3952.0
202606251931,946.9849853515625,947.1400756835938,947.5999755859375,946.8001098632812,2586.0
202606251932,947.4199829101562,947.8200073242188,947.8200073242188,947.1699829101562,3102.0
202606251933,947.905029296875,947.4450073242188,948.1300048828125,947.3400268554688,4148.0
202606251934,947.3300170898438,947.3300170898438,947.5499877929688,947.27001953125,2648.0
202606251935,947.0700073242188,946.8699951171875,947.4708251953125,946.6950073242188,8580.0
202606251936,947.22998046875,947.2899780273438,947.2899780273438,946.6201171875,2353.0
202606251937,946.9749755859375,946.6300048828125,947.280029296875,946.6300048828125,7287.0
202606251938,946.7150268554688,946.8800048828125,947.0,946.510009765625,3071.0
202606251939,946.780029296875,946.5900268554688,946.780029296875,946.510009765625,4139.0
202606251940,946.719970703125,946.8300170898438,946.8300170898438,946.5,3093.0
202606251941,946.6500244140625,945.7150268554688,946.6500244140625,945.4400024414062,5400.0
202606251942,945.7100219726562,945.7449951171875,945.77001953125,945.5999755859375,2598.0
202606251943,945.5599975585938,945.8300170898438,945.97998046875,945.5599975585938,2893.0
202606251944,945.9400024414062,946.1199951171875,946.1599731445312,945.7899780273438,4322.0
202606251945,945.9000244140625,945.7000122070312,945.9000244140625,945.530029296875,5135.0
202606251946,946.030029296875,946.760009765625,946.760009765625,945.5501098632812,3555.0
202606251947,946.1900024414062,945.9600219726562,946.1900024414062,945.8699951171875,3672.0
202606251948,945.75,946.0499877929688,946.2100219726562,945.75,3097.0
202606251949,946.0700073242188,946.239990234375,946.239990234375,946.0700073242188,1617.0
202606251950,945.989990234375,945.2274780273438,946.239990234375,945.2274780273438,9706.0
202606251951,945.1300048828125,945.8200073242188,945.8699951171875,945.0700073242188,7458.0
202606251952,945.7650146484375,945.5599975585938,945.7650146484375,945.260009765625,8382.0
202606251953,945.5250244140625,946.3099975585938,946.3099975585938,945.5250244140625,6699.0
202606251954,946.280029296875,946.905029296875,947.3250122070312,946.0700073242188,11550.0
202606251955,946.6799926757812,943.1099853515625,946.7880249023438,942.989990234375,20091.0
202606251956,943.1099853515625,942.5499877929688,943.260009765625,941.8499755859375,16654.0
202606251957,942.5850219726562,941.02001953125,942.864990234375,941.02001953125,28655.0
202606251958,941.1199951171875,941.969970703125,942.0499877929688,941.1099853515625,29021.0
202606251959,942.010009765625,942.47998046875,942.8200073242188,941.6900024414062,67352.0
202606252000,942.24,944.52,944.52,942.24,232126.0
202606252001,943.38,950.0,950.0,943.36,0.0
202606252002,947.56,948.0,948.0,947.56,0.0
202606252003,948.0,944.06,948.0,944.06,0.0
202606252004,946.09,942.24,946.09,942.24,0.0
202606252005,948.0,946.0,948.0,942.24,0.0
202606252006,945.0,945.5,946.0,945.0,0.0
202606252007,946.0,945.9,946.0,945.9,0.0
202606252008,945.1,945.1,945.46,945.1,0.0
202606252009,945.1,942.24,945.1,942.24,0.0
202606252011,945.083,945.0,945.083,944.25,0.0
202606252012,944.095,945.0,945.0,944.095,0.0
202606252013,942.69,944.5,944.5,942.69,0.0
202606252014,944.5,945.0,945.0,944.095,0.0
202606252015,943.0553,944.29,944.29,943.0553,0.0
202606252016,944.095,945.5,945.5,944.095,0.0
202606252018,943.91,943.91,945.0866,943.91,0.0
202606252019,944.9949,945.5,945.5,944.9949,0.0
202606252020,942.24,943.91,943.91,942.24,0.0
202606252021,944.9784,943.91,944.9784,943.91,0.0
202606252022,945.5,944.9466,945.5,942.2,0.0
202606252023,945.3,943.85,945.3,943.85,0.0
202606252024,944.56,944.1,944.56,944.1,0.0
202606252025,944.1,945.0,945.0,944.1,0.0
202606252026,943.85,943.85,944.9466,943.85,0.0
202606252028,943.85,943.85,945.0694,943.85,0.0
202606252035,945.1,943.85,945.1,943.85,0.0
202606252043,943.85,943.85,945.0822,943.85,0.0
202606252044,943.85,945.5,945.5,942.2825,0.0
202606252046,945.5,945.4175,945.5,945.4175,0.0
202606252059,944.25,945.0,945.4375,944.25,0.0
202606252100,944.86,944.81,944.86,944.81,0.0
202606252104,944.25,945.4988,945.4988,944.25,0.0
202606252109,945.11,943.5,945.11,943.5,0.0
202606252110,944.85,944.5,944.85,944.5,0.0
202606252112,944.5,945.0,945.0,944.5,0.0
202606252113,945.5,945.0,945.5,944.5,0.0
202606252114,944.75,945.0,945.0,944.75,0.0
202606252115,945.0,943.5,945.0,943.5,0.0
202606252119,944.5,945.45,945.45,944.5,0.0
202606252120,943.5,945.11,945.11,943.5,0.0
202606252125,944.5,944.5,945.11,944.5,0.0
202606252127,944.5,944.5,945.0,944.5,0.0
202606252128,944.5,944.75,944.75,944.5,0.0
202606252130,945.5,945.435,945.5,945.435,0.0
202606252131,945.4551,944.5,945.4551,944.5,0.0
202606252132,945.4999,944.59,945.4999,944.5,0.0
202606252137,945.0,943.51,945.0,943.51,0.0
202606252139,944.505,944.505,944.505,942.24,0.0
202606252142,945.0,944.505,945.0,944.505,0.0
202606252148,944.5,945.2953,945.2953,944.5,0.0
202606252158,945.5,945.49,945.5,944.5,0.0
202606252200,945.45,944.5,945.45,944.5,0.0
202606252202,945.5,944.525,945.5,944.525,0.0
202606252206,943.5,944.5,944.5,943.5,0.0
202606252212,944.59,944.5,945.5,944.5,0.0
202606252214,944.5,945.48,945.48,944.5,0.0
202606252215,945.2406,944.5,945.2406,944.5,0.0
202606252216,944.0,944.5,944.5,944.0,0.0
202606252221,945.5,944.5,945.5,944.5,0.0
202606252228,944.7,943.5,944.7,943.5,0.0
