datetime,open,close,high,low,volume
20240625,849.9,855.49,855.9,845.0,21680.0
20240626,857.13,856.79,859.74,850.06,21992.0
20240627,857.94,850.85,859.69,848.64,15508.0
20240628,852.08,849.95,857.24,846.81,29088.0
20240701,851.52,845.0,856.0,840.5,32118.0
20240702,844.5,858.11,860.36,843.08,18588.0
20240703,858.6,861.56,863.52,855.0,10680.0
20240705,863.4,885.02,886.94,858.72,41208.0
20240708,884.62,881.75,889.0,877.66,20019.0
20240709,880.5,887.25,896.67,880.5,16273.0
20240710,889.99,906.7,926.07,880.7,23363.0
20240711,909.99,848.99,915.0,846.2,81539.0
20240712,851.02,842.52,854.55,838.38,41862.0
20240715,846.06,850.0,857.9,844.67,27701.0
20240716,850.0,849.52,852.0,841.34,20611.0
20240717,846.0,847.87,849.95,842.65,22733.0
20240718,846.74,840.0,855.3,825.11,27633.0
20240719,834.98,837.75,848.88,834.98,19225.0
20240722,840.6,847.17,849.59,838.6,23287.0
20240723,848.38,850.4,854.58,845.57,17381.0
20240724,847.47,833.5,848.7,829.5,28606.0
20240725,834.9,816.26,836.65,814.28,24556.0
20240726,817.8,818.79,822.28,809.01,18568.0
20240729,821.0,815.56,823.74,814.09,17702.0
20240730,816.0,809.03,822.0,803.28,22615.0
20240731,814.87,822.0,825.48,811.27,28678.0
20240801,823.0,817.5,825.0,809.68,25533.0
20240802,811.0,820.5,830.29,805.01,33646.0
20240805,792.24,805.0,812.03,792.24,39046.0
20240806,810.0,816.88,833.09,805.0,35482.0
20240807,824.5,807.55,833.83,807.55,23494.0
20240808,815.0,838.9,842.76,811.0,33446.0
20240809,840.18,854.99,857.78,837.24,21222.0
20240812,855.0,863.57,870.25,852.4,23634.0
20240813,865.9,864.82,868.05,856.16,20582.0
20240814,862.18,862.71,866.74,858.5,18460.0
20240815,867.0,877.3,880.33,865.0,28480.0
20240816,876.0,869.25,877.35,868.62,19192.0
20240819,871.6,872.0,873.63,868.7,14862.0
20240820,872.0,876.0,876.76,871.17,13910.0
20240821,881.0,881.75,891.12,877.22,18913.0
20240822,882.15,878.0,884.0,873.18,13327.0
20240823,880.8,879.21,884.56,871.66,19642.0
20240826,882.0,892.33,893.25,878.58,20310.0
20240827,893.45,909.95,918.93,887.07,27074.0
20240828,910.0,890.05,912.22,881.65,19465.0
20240829,895.89,888.01,900.46,885.17,23735.0
20240830,892.0,893.0,896.33,883.1,28816.0
20240903,893.0,880.0,896.89,874.44,23440.0
20240904,874.98,890.02,891.76,874.97,17605.0
20240905,890.11,885.01,890.11,868.7,25497.0
20240906,883.97,875.95,893.2,871.0,29216.0
20240909,878.5,897.0,898.84,878.5,26956.0
20240910,895.1,893.9,900.69,887.52,17461.0
20240911,894.01,899.49,902.0,877.87,24959.0
20240912,902.0,915.03,915.7,896.51,22283.0
20240913,915.87,915.54,923.83,909.36,16133.0
20240916,918.0,909.41,922.63,905.35,21125.0
20240917,911.32,900.33,911.33,895.45,17602.0
20240918,899.5,896.42,904.98,890.94,18249.0
20240919,902.29,900.74,905.13,895.5,25222.0
20240920,902.51,906.5,907.81,895.7,75609.0
20240923,906.68,919.03,919.9,900.78,24811.0
20240924,918.15,902.5,918.15,897.53,28858.0
20240925,903.6,908.07,910.36,901.12,23120.0
20240926,912.0,888.53,918.5,885.5,34188.0
20240927,891.2,884.99,895.0,874.0,45465.0
20240930,885.31,887.63,910.0,881.41,29319.0
20241001,887.25,876.07,888.0,872.75,23164.0
20241002,878.0,878.53,881.23,867.16,16974.0
20241003,879.5,877.53,881.18,872.66,19316.0
20241004,879.0,882.36,884.29,875.25,18131.0
20241007,881.66,873.59,887.71,872.32,22098.0
20241008,873.0,889.97,891.31,873.0,18056.0
20241009,890.0,907.55,911.83,887.87,24371.0
20241010,913.0,894.42,913.5,891.84,18994.0
20241011,894.62,888.0,899.0,885.5,18218.0
20241014,889.32,890.0,895.18,886.26,16236.0
20241015,891.93,892.66,900.65,889.55,17565.0
20241016,893.7,887.87,897.0,879.5,18526.0
20241017,889.1,885.99,895.33,880.52,17550.0
20241018,888.0,889.0,890.61,883.75,20699.0
20241021,889.25,887.2,891.4,883.7,15073.0
20241022,886.81,892.51,894.89,884.31,17208.0
20241023,892.45,897.0,905.68,892.44,25544.0
20241024,899.17,893.42,903.5,888.26,19939.0
20241025,896.36,891.4,901.62,890.0,17285.0
20241028,895.0,891.0,895.99,890.0,10694.0
20241029,890.3,886.25,892.69,874.09,18638.0
20241030,885.42,879.1,886.57,877.37,16837.0
20241031,878.0,872.58,878.74,868.65,22861.0
20241101,875.0,876.04,879.42,867.34,20354.0
20241104,876.75,885.8,887.0,872.3,19427.0
20241105,885.85,891.0,895.58,885.85,18794.0
20241106,898.0,896.6,899.9,886.28,27692.0
20241107,897.0,914.52,919.48,894.37,28502.0
20241108,917.0,943.5,962.0,913.69,41349.0
20241111,947.0,932.7,951.28,931.43,22447.0
20241112,936.15,932.38,939.56,927.0,17998.0
20241113,935.85,934.1,937.59,923.2,17796.0
20241114,935.0,923.28,935.0,922.17,20728.0
20241115,920.05,907.4,925.0,905.56,32485.0
20241118,911.0,919.67,925.94,907.1,21204.0
20241119,922.0,931.41,934.0,911.6,18917.0
20241120,925.51,928.0,928.97,916.5,15872.0
20241121,931.0,953.5,958.49,930.0,26482.0
20241122,950.69,965.01,976.3,950.68,24523.0
20241125,968.3,953.74,975.0,949.69,37657.0
20241126,963.26,972.5,974.37,960.89,17701.0
20241127,973.05,963.5,974.2,958.59,17565.0
20241129,963.17,970.6,975.0,962.46,14205.0
20241202,971.33,975.0,976.5,964.76,25922.0
20241203,974.38,981.58,983.0,970.76,19921.0
20241204,982.5,986.36,991.15,977.55,23649.0
20241205,989.95,982.6,996.69,978.2,26999.0
20241206,984.0,991.28,997.71,982.26,24301.0
20241209,994.39,987.79,998.0,980.5,21155.0
20241210,987.0,993.44,994.99,985.88,17830.0
20241211,994.73,994.97,1007.8,993.59,23227.0
20241212,996.5,988.55,1008.82,980.88,25811.0
20241213,991.53,989.2,1006.68,965.73,34800.0
20241216,991.0,993.99,1008.25,986.37,29311.0
20241217,990.85,983.0,996.92,980.76,25280.0
20241218,984.84,969.99,985.6,962.2,32414.0
20241219,967.29,955.0,977.1,953.51,30438.0
20241220,952.21,954.07,961.95,943.05,85576.0
20241223,950.94,949.1,954.26,937.0,22494.0
20241224,950.02,958.82,960.0,945.45,13177.0
20241226,953.15,956.9,959.41,953.14,12864.0
20241227,954.51,939.0,954.51,932.0,28061.0
20241230,938.7,923.56,938.7,915.5,23670.0
20241231,924.59,916.5,926.0,912.54,20994.0
20250102,920.31,910.5,925.77,902.0,22021.0
20250103,911.99,918.05,924.21,911.0,20611.0
20250106,922.0,924.32,927.41,913.27,24256.0
20250107,926.0,919.76,931.31,916.43,24949.0
20250108,921.85,944.55,946.49,915.41,22951.0
20250110,950.0,935.02,950.0,923.5,34655.0
20250113,930.01,926.0,937.0,921.0,22790.0
20250114,931.0,918.36,931.0,909.91,22487.0
20250115,919.1,926.17,932.87,918.3,25388.0
20250116,927.0,919.0,928.0,917.82,15122.0
20250117,920.03,943.5,944.16,920.03,34238.0
20250121,945.7,946.25,956.55,941.08,25678.0
20250122,946.96,944.7,951.94,939.24,17990.0
20250123,939.15,942.16,943.39,936.48,15266.0
20250124,940.94,939.01,946.05,933.55,18750.0
20250127,931.04,961.0,967.88,927.18,31660.0
20250128,960.71,956.71,965.71,954.06,22730.0
20250129,958.38,967.23,968.26,955.0,21743.0
20250130,968.2,977.05,986.75,967.03,21015.0
20250131,981.01,976.0,991.0,975.78,23444.0
20250203,959.59,1004.0,1009.62,958.88,30481.0
20250204,997.48,1021.8,1024.35,997.48,24703.0
20250205,1020.5,1044.5,1044.75,1020.0,23875.0
20250206,1043.23,1050.02,1063.0,1043.23,27832.0
20250207,1051.0,1044.84,1056.71,1035.51,18347.0
20250210,1046.25,1061.3,1063.0,1044.0,24551.0
20250211,1060.49,1058.78,1066.0,1049.04,15035.0
20250212,1056.23,1065.75,1067.58,1048.0,18549.0
20250213,1066.26,1077.5,1078.24,1064.65,18195.0
20250214,1076.88,1071.88,1077.49,1067.01,17796.0
20250218,1071.71,1060.08,1073.5,1045.24,23026.0
20250219,1058.28,1062.53,1063.18,1053.0,15557.0
20250220,1057.76,1038.0,1057.76,1033.85,25119.0
20250221,1036.1,1035.85,1042.0,1024.68,23612.0
20250224,1039.0,1035.6,1039.0,1025.22,21411.0
20250225,1034.48,1055.0,1057.02,1033.0,20608.0
20250226,1054.35,1031.0,1058.89,1030.18,18529.0
20250227,1033.99,1021.6,1042.53,1018.82,17256.0
20250228,1019.19,1049.05,1049.5,1019.19,42414.0
20250303,1051.99,1050.0,1066.0,1041.14,27170.0
20250304,1049.01,1041.0,1049.01,1028.73,28058.0
20250305,1040.0,1047.0,1050.98,1028.5,20136.0
20250306,1042.54,1014.34,1048.66,1009.01,28518.0
20250307,1011.25,963.2,1011.25,942.78,60395.0
20250310,959.99,931.55,960.0,924.03,51424.0
20250311,935.73,932.99,938.0,921.2,35684.0
20250312,939.09,928.25,944.38,923.25,26582.0
20250313,924.0,892.0,927.0,887.47,41534.0
20250314,896.0,901.97,906.95,881.56,38661.0
20250317,902.33,917.5,923.39,896.71,27130.0
20250318,917.0,899.9,919.1,896.83,27528.0
20250319,900.49,907.75,910.16,896.0,22805.0
20250320,901.5,895.0,907.48,894.1,26079.0
20250321,894.71,908.5,909.99,883.96,48565.0
20250324,917.81,926.0,928.65,916.0,25589.0
20250325,928.0,930.48,933.0,922.49,18252.0
20250326,933.0,928.46,939.42,923.45,19956.0
20250327,931.31,937.0,942.91,928.0,18419.0
20250328,937.0,929.58,938.75,926.0,24733.0
20250331,924.5,944.5,948.56,919.51,39640.0
20250401,942.15,954.4,957.73,938.75,20223.0
20250402,950.04,935.2,970.89,931.0,18767.0
20250403,936.71,962.36,981.36,927.0,37090.0
20250404,951.0,914.5,964.52,909.11,64796.0
20250407,882.0,909.0,937.82,871.7,55385.0
20250408,915.0,905.19,942.99,899.57,43078.0
20250409,908.78,966.04,975.0,890.01,70399.0
20250410,969.0,958.55,993.42,942.89,56709.0
20250411,981.97,960.0,981.97,943.16,35410.0
20250414,967.46,979.13,987.13,962.0,25195.0
20250415,983.0,973.0,994.0,973.0,19913.0
20250416,975.5,969.01,979.0,959.24,25019.0
20250417,974.02,995.33,999.92,971.52,34063.0
20250421,990.74,962.88,996.99,942.97,29685.0
20250422,965.0,990.0,990.0,963.0,24816.0
20250423,991.99,976.0,1000.42,969.0,24272.0
20250424,976.78,973.64,978.0,960.71,20980.0
20250425,975.29,977.0,979.7,962.88,19668.0
20250428,976.27,974.0,985.3,968.77,20343.0
20250429,978.0,991.01,993.21,971.06,17807.0
20250430,991.6,992.0,997.76,976.55,29324.0
20250501,996.3,1000.98,1006.38,985.0,20019.0
20250502,1006.5,1009.09,1018.0,1004.6,17573.0
20250505,1005.01,1016.75,1017.78,1002.5,21553.0
20250506,1013.0,1016.86,1020.0,1003.51,14321.0
20250507,1014.0,1009.0,1015.0,1001.47,16016.0
20250508,1014.15,1007.63,1017.0,991.4,22262.0
20250509,1007.0,1009.49,1010.71,998.05,14503.0
20250512,1024.41,1014.5,1026.33,992.24,24294.0
20250513,1015.74,999.98,1023.83,987.6,32552.0
20250514,994.26,991.5,1000.05,990.52,21721.0
20250515,993.0,1010.47,1014.0,983.0,26435.0
20250516,1009.15,1017.1,1028.27,1004.9,24174.0
20250519,1017.67,1034.35,1034.99,1012.89,16680.0
20250520,1032.0,1036.1,1038.0,1029.0,31261.0
20250521,1033.05,1025.0,1039.47,1023.8,15971.0
20250522,1024.0,1017.79,1028.78,1014.12,16214.0
20250523,1015.0,1007.49,1018.2,1006.5,14813.0
20250527,1014.28,1017.25,1019.31,1010.93,19468.0
20250528,1018.67,1018.0,1024.62,1012.96,18893.0
20250529,1018.0,1004.99,1025.75,1002.0,18750.0
20250530,1007.8,1040.5,1052.49,996.18,61452.0
20250602,1039.02,1053.5,1060.5,1033.25,20759.0
20250603,1053.35,1055.5,1067.08,1043.25,19972.0
20250604,1055.04,1045.0,1057.83,1044.78,11623.0
20250605,1048.0,1011.85,1051.56,1006.01,31303.0
20250606,1016.78,1015.1,1021.13,1008.61,18053.0
20250609,1016.0,1005.54,1018.0,996.96,18698.0
20250610,1006.09,1007.1,1011.51,997.72,17177.0
20250611,1005.16,996.75,1011.0,993.37,21439.0
20250612,996.75,1000.0,1003.25,995.36,13578.0
20250613,998.02,991.31,1003.6,988.67,18012.0
20250616,994.77,983.0,1001.85,981.43,21930.0
20250617,984.0,977.32,986.1,976.2,19083.0
20250618,982.01,975.0,982.65,974.07,14375.0
20250620,974.25,980.29,988.66,973.9,45131.0
20250623,979.5,1004.99,1004.99,978.8,25285.0
20250624,1006.26,1000.05,1006.64,992.06,27833.0
20250625,1001.0,987.55,1004.98,986.0,20428.0
20250626,987.19,983.9,988.82,976.5,27468.0
20250627,983.5,986.04,993.14,980.3,26436.0
20250630,987.0,989.02,991.74,979.75,25979.0
20250701,989.95,986.0,996.84,974.5,25748.0
20250702,985.3,982.5,987.95,976.86,19585.0
20250703,981.75,985.45,987.67,977.32,13594.0
20250707,986.5,988.44,992.9,976.2,20851.0
20250708,991.8,986.01,995.87,983.92,19974.0
20250709,988.0,990.53,996.54,972.28,38827.0
20250710,987.32,973.6,988.99,969.07,32280.0
20250711,972.18,970.0,978.98,965.7,21462.0
20250714,968.15,979.3,981.49,967.0,20090.0
20250715,977.36,968.0,980.25,966.66,19486.0
20250716,968.0,951.9,969.59,950.13,29370.0
20250717,952.85,953.95,954.75,947.51,22174.0
20250718,956.0,950.98,964.83,949.65,23832.0
20250721,951.0,948.0,955.76,946.6,19054.0
20250722,948.53,942.69,957.7,941.25,20316.0
20250723,942.8,941.3,948.5,936.0,20390.0
20250724,941.2,935.5,943.0,933.79,24490.0
20250725,937.88,936.5,941.29,934.35,20132.0
20250728,940.67,933.17,940.67,930.89,19179.0
20250729,933.52,935.96,941.79,927.38,21551.0
20250730,936.17,924.55,937.75,923.04,19547.0
20250731,924.38,939.75,945.95,923.65,29034.0
20250801,942.63,951.6,956.72,938.0,33793.0
20250804,951.29,955.38,960.18,948.66,24215.0
20250805,956.17,943.03,956.17,935.68,28059.0
20250806,945.25,968.6,970.55,942.66,32096.0
20250807,970.0,977.45,982.0,970.0,19893.0
20250808,978.01,982.25,988.2,977.0,22620.0
20250811,980.02,988.23,989.58,976.32,19591.0
20250812,987.0,991.5,992.0,980.05,18641.0
20250813,990.5,980.0,991.52,970.1,28363.0
20250814,979.02,976.4,988.3,975.18,20067.0
20250815,978.06,971.06,981.0,967.21,18497.0
20250818,972.95,978.55,981.28,970.0,23405.0
20250819,977.0,978.5,988.53,976.79,17052.0
20250820,974.15,994.4,999.3,971.0,21529.0
20250821,992.98,970.9,992.98,967.52,25401.0
20250822,971.03,958.18,973.5,953.11,33458.0
20250825,958.0,941.97,958.31,940.56,24757.0
20250826,941.81,941.16,944.05,933.24,56135.0
20250827,942.0,949.0,952.0,937.21,21103.0
20250828,951.3,944.98,951.46,944.13,14387.0
20250829,945.0,942.51,948.61,939.54,18039.0
20250902,941.57,937.22,944.52,936.58,20767.0
20250903,937.5,948.13,950.09,936.5,18341.0
20250904,949.49,958.95,960.0,949.4,17194.0
20250905,957.43,963.48,969.55,956.22,21436.0
20250908,961.39,971.0,972.34,958.58,18324.0
20250909,970.0,975.8,979.88,963.11,16439.0
20250910,976.0,956.4,981.0,953.96,29622.0
20250911,958.0,961.0,965.16,954.28,17572.0
20250912,959.88,967.4,969.57,959.88,14047.0
20250915,969.0,960.1,969.74,959.7,19729.0
20250916,960.16,952.54,961.0,950.8,22823.0
20250917,954.25,963.47,963.98,952.0,16962.0
20250918,964.02,953.3,964.5,950.67,18790.0
20250919,954.07,951.5,957.44,943.79,60642.0
20250922,951.0,943.55,951.27,939.61,31708.0
20250923,944.62,944.0,944.99,933.5,39050.0
20250924,944.37,946.0,953.66,943.11,27240.0
20250925,946.37,935.04,953.0,933.61,30112.0
20250926,937.5,917.0,938.04,905.05,46816.0
20250929,919.5,915.35,920.99,903.29,43337.0
20250930,915.94,925.63,930.51,913.37,40524.0
20251001,922.15,916.66,925.63,911.17,29275.0
20251002,915.0,916.0,918.51,910.01,23626.0
20251003,915.04,913.9,918.11,911.2,27122.0
20251006,917.2,907.71,917.2,904.25,29545.0
20251007,908.7,914.44,917.64,903.88,26278.0
20251008,914.5,928.75,939.35,910.96,31000.0
20251009,927.04,941.44,943.77,923.25,44411.0
20251010,941.0,928.3,945.45,920.08,37280.0
20251013,933.0,935.56,935.98,923.0,24024.0
20251014,933.0,944.5,947.42,930.0,22293.0
20251015,944.5,955.52,964.0,944.5,22332.0
20251016,951.0,925.04,957.9,921.16,33056.0
20251017,922.8,936.0,938.82,922.8,25522.0
20251020,933.4,935.5,939.8,930.0,18472.0
20251021,935.36,937.48,943.37,934.76,19282.0
20251022,937.1,945.5,953.0,932.5,21768.0
20251023,947.73,940.85,947.73,934.49,17908.0
20251024,941.1,932.35,944.49,930.15,21527.0
20251027,931.63,929.8,933.57,925.12,23694.0
20251028,929.83,923.02,930.72,920.2,21968.0
20251029,920.0,911.5,922.0,909.5,29240.0
20251030,912.0,916.43,923.0,910.37,36195.0
20251031,916.1,913.01,920.0,909.68,24073.0
20251103,913.23,929.01,931.5,908.38,53072.0
20251104,923.6,939.38,941.58,923.6,39285.0
20251105,939.69,927.01,945.28,920.0,39639.0
20251106,928.0,921.63,928.0,908.3,57850.0
20251107,920.39,923.0,937.0,919.75,37060.0
20251110,920.46,915.06,922.03,909.07,39777.0
20251111,915.62,914.0,918.89,913.0,20857.0
20251112,913.81,913.77,918.1,911.67,29201.0
20251113,914.13,926.49,927.0,911.72,37130.0
20251114,925.1,922.9,931.0,915.1,27087.0
20251117,921.85,912.9,924.9,908.81,38771.0
20251118,913.98,894.9,918.91,894.0,45925.0
20251119,896.24,891.92,898.0,873.97,48061.0
20251120,890.6,893.01,904.57,884.01,39429.0
20251121,895.0,899.2,905.32,892.13,50034.0
20251124,896.27,885.97,901.36,881.32,59366.0
20251125,886.15,894.31,895.72,885.13,31334.0
20251126,894.03,908.01,912.0,893.35,30483.0
20251128,909.88,913.2,914.2,901.78,16531.0
20251201,912.23,912.22,918.58,906.21,31562.0
20251202,912.0,920.93,923.0,905.0,32516.0
20251203,920.63,912.0,926.32,910.6,29409.0
20251204,912.5,895.88,912.55,888.08,59944.0
20251205,896.5,895.17,905.89,893.0,36052.0
20251208,894.68,887.0,895.54,882.9,35202.0
20251209,888.49,887.25,889.02,881.51,30073.0
20251210,886.98,875.28,889.58,871.09,50935.0
20251211,876.0,878.5,891.7,870.52,53062.0
20251212,879.5,882.75,888.62,867.12,87852.0
20251215,880.46,858.3,887.49,851.4,76910.0
20251216,859.36,859.0,863.59,844.06,62471.0
20251217,859.13,862.02,868.58,855.0,36449.0
20251218,861.97,855.52,863.7,852.51,38577.0
20251219,856.6,856.08,858.45,849.32,108901.0
20251222,857.89,848.52,857.95,847.31,37373.0
20251223,849.91,854.26,854.98,847.03,32007.0
20251224,854.2,872.85,876.0,854.0,30265.0
20251226,871.26,873.0,877.59,868.38,21291.0
20251229,874.1,866.34,874.94,865.69,27235.0
20251230,866.26,864.0,867.82,861.43,25814.0
20251231,864.26,861.88,868.0,861.33,25051.0
20260102,864.31,854.57,864.33,852.5,38541.0
20260105,855.04,877.99,878.77,853.75,47130.0
20260106,876.96,889.07,894.08,871.3,47146.0
20260107,889.48,892.5,905.0,879.62,46936.0
20260108,889.02,918.52,931.67,888.98,90906.0
20260109,919.69,924.7,929.85,911.33,51201.0
20260112,923.2,939.1,944.83,917.52,49892.0
20260113,936.7,939.7,942.9,929.59,37074.0
20260114,939.0,949.0,955.62,936.24,46811.0
20260115,949.43,954.94,958.28,944.98,37726.0
20260116,954.01,962.56,964.98,951.0,62231.0
20260120,956.0,963.9,969.9,953.0,50383.0
20260121,960.06,982.51,989.64,957.0,59519.0
20260122,979.3,975.07,984.0,971.56,35339.0
20260123,974.29,982.0,984.85,971.01,27670.0
20260126,983.6,978.54,993.0,976.35,36879.0
20260127,976.98,967.4,979.3,961.71,31101.0
20260128,963.82,957.0,970.1,955.61,33490.0
20260129,960.0,950.0,960.3,948.2,28006.0
20260130,947.02,937.86,951.12,930.3,39638.0
20260202,942.01,967.54,970.32,931.27,39498.0
20260203,966.0,978.01,990.66,964.28,42720.0
20260204,977.88,989.95,994.6,975.01,42200.0
20260205,985.97,989.74,1000.73,985.97,49733.0
20260206,991.5,998.92,1001.37,982.3,35087.0
20260209,996.06,996.9,1009.62,992.68,27884.0
20260210,994.98,973.99,997.45,969.0,30223.0
20260211,971.0,978.34,989.57,967.12,27134.0
20260212,978.97,998.01,1009.21,978.03,50996.0
20260213,996.48,1016.2,1022.88,993.76,44076.0
20260217,1015.77,1010.42,1028.44,1010.41,26694.0
20260218,1014.97,997.0,1016.24,993.5,28096.0
20260219,994.99,987.47,1007.86,984.11,28107.0
20260220,986.1,986.0,987.83,977.81,27111.0
20260223,982.52,985.0,991.31,978.06,24845.0
20260224,987.15,997.98,998.88,985.04,26044.0
20260225,995.31,997.0,1002.5,991.44,20228.0
20260226,994.89,984.5,1005.52,983.41,25475.0
20260227,983.22,1005.41,1014.19,983.14,69290.0
20260302,1002.0,1002.2,1020.82,1001.52,28237.0
20260303,997.52,1005.64,1015.75,997.52,31502.0
20260304,1006.48,1007.22,1014.0,997.0,27123.0
20260305,1005.06,980.29,1009.0,972.65,42182.0
20260306,981.01,996.0,1002.5,960.46,43597.0
20260309,989.91,1003.0,1007.41,987.52,39733.0
20260310,1001.65,997.75,1010.1,996.0,24807.0
20260311,998.36,988.36,998.36,987.89,20752.0
20260312,990.09,1001.95,1006.21,984.0,26518.0
20260313,1000.14,1008.0,1012.83,1000.1,25270.0
20260316,1006.68,1001.57,1013.08,995.43,21319.0
20260317,1002.48,996.91,1008.1,994.75,17879.0
20260318,998.94,982.2,998.94,976.55,22191.0
20260319,984.7,976.5,988.79,970.41,20242.0
20260320,974.84,974.3,980.76,970.54,44095.0
20260323,972.33,966.0,993.0,964.53,27267.0
20260324,965.6,978.69,981.28,961.0,16093.0
20260325,975.07,975.0,980.81,968.05,14289.0
20260326,976.45,979.0,987.19,971.0,26410.0
20260327,978.75,981.1,987.11,977.8,25553.0
20260330,982.88,995.01,1005.54,981.2,35404.0
20260331,997.25,996.5,1008.6,985.85,39986.0
20260401,995.99,995.5,1003.13,990.59,27428.0
20260402,994.92,1014.0,1016.0,994.39,29472.0
20260406,1012.0,1016.97,1020.69,1004.01,25270.0
20260407,1016.0,1016.99,1021.41,1004.85,21156.0
20260408,1017.98,1026.3,1031.0,1000.0,33291.0
20260409,1027.13,1030.0,1035.82,1025.05,22411.0
20260410,1030.49,999.5,1031.03,995.5,38671.0
20260413,999.96,981.67,1003.38,979.36,38443.0
20260414,979.28,973.63,981.4,966.0,33427.0
20260415,977.85,983.74,985.38,967.52,31959.0
20260416,982.85,989.76,995.75,981.61,22350.0
20260417,990.66,999.4,1000.67,977.0,37015.0
20260420,998.6,997.66,1011.3,994.14,23935.0
20260421,997.85,1003.0,1006.5,986.7,24022.0
20260422,1003.6,1002.46,1008.11,998.29,20501.0
20260423,1005.55,1013.05,1016.6,1004.0,27664.0
20260424,1010.0,1009.85,1013.45,1002.5,26218.0
20260427,1008.07,998.3,1014.41,996.63,24689.0
20260428,1004.11,992.4,1012.65,986.0,22203.0
20260429,992.53,993.05,999.76,985.12,22384.0
20260430,992.5,1015.1,1017.86,992.5,33285.0
20260501,1014.53,1009.0,1031.27,1006.32,22350.0
20260504,1009.49,1012.97,1024.72,1002.21,20843.0
20260505,1011.53,1014.25,1020.78,1009.07,23720.0
20260506,1009.51,997.37,1015.1,992.42,34815.0
20260507,997.21,1011.5,1012.66,990.66,28695.0
20260508,1011.49,1008.33,1016.0,1005.11,28998.0
20260511,1006.25,997.01,1008.86,985.15,33510.0
20260512,1000.0,1018.96,1026.0,998.03,36671.0
20260513,1016.0,1029.0,1042.52,1013.0,26471.0
20260514,1029.66,1041.0,1041.98,1026.1,24315.0
20260515,1044.0,1047.13,1057.5,1039.22,35659.0
20260518,1048.56,1075.4,1079.83,1041.98,35766.0
20260519,1076.44,1094.31,1096.5,1072.0,41090.0
20260520,1093.0,1074.95,1094.39,1072.0,36150.0
20260521,1073.32,1052.04,1073.32,1039.01,37829.0
20260522,1053.18,1028.78,1053.18,1025.19,33633.0
20260526,1029.78,1003.54,1029.78,996.16,47899.0
20260527,1003.62,1005.0,1013.51,997.27,29242.0
20260528,1012.2,995.69,1012.2,991.43,48002.0
20260529,995.8,958.38,998.82,945.45,118217.0
20260601,956.31,945.07,959.21,936.51,48239.0
20260602,946.96,954.01,955.39,939.45,33122.0
20260603,954.24,974.0,975.05,950.01,36668.0
20260604,969.15,973.89,990.01,968.21,38203.0
20260605,971.68,968.8,997.41,965.91,49399.0
20260608,974.49,973.02,978.98,960.67,32302.0
20260609,974.01,969.0,981.97,964.94,31949.0
20260610,971.88,982.21,985.46,964.31,29269.0
20260611,980.51,976.0,989.12,973.99,33980.0
20260612,976.79,981.51,984.78,970.0,32463.0
20260615,978.46,979.1,987.0,968.0,30552.0
20260616,979.48,987.3,995.38,973.16,24480.0
20260617,981.0,966.95,985.0,961.16,31469.0
20260618,965.59,952.0,966.55,948.31,64023.0
202606220800,950.11,952.01,952.01,950.1,4.0
202606220801,951.96,951.3,951.96,951.3,3.0
202606220802,951.3,951.3,951.3,951.3,0.0
202606220803,951.3,951.3,951.3,951.3,0.0
202606220804,951.3,951.3,951.3,951.3,0.0
202606220805,951.11,951.65,951.97,951.11,7.0
202606220806,952.41,953.0,953.0,952.41,2.0
202606220807,951.59,951.59,951.59,951.59,1.0
202606220808,952.51,952.51,952.51,952.51,1.0
202606220809,952.51,952.51,952.51,952.51,0.0
202606220810,952.51,952.51,952.51,952.51,0.0
202606220811,952.51,952.51,952.51,952.51,0.0
202606220812,952.51,952.51,952.51,952.51,0.0
202606220813,952.51,952.51,952.51,952.51,0.0
202606220814,952.51,952.51,952.51,952.51,0.0
202606220815,952.51,952.51,952.51,952.51,0.0
202606220816,952.51,952.51,952.51,952.51,0.0
202606220817,952.51,952.51,952.51,952.51,0.0
202606220818,952.51,952.51,952.51,952.51,0.0
202606220819,952.51,952.51,952.51,952.51,0.0
202606220820,952.51,952.51,952.51,952.51,0.0
202606220821,950.43,950.43,950.43,950.42,1.0
202606220822,950.43,950.43,950.43,950.43,0.0
202606220823,950.43,950.43,950.43,950.43,0.0
202606220824,950.43,950.43,950.43,950.43,0.0
202606220825,950.43,950.43,950.43,950.43,0.0
202606220826,950.43,950.43,950.43,950.43,0.0
202606220827,950.43,950.43,950.43,950.43,0.0
202606220828,950.43,950.43,950.43,950.43,0.0
202606220829,950.43,950.43,950.43,950.43,0.0
202606220830,950.43,950.43,950.43,950.43,0.0
202606220831,950.43,950.43,950.43,950.43,0.0
202606220832,950.43,950.43,950.43,950.43,0.0
202606220833,950.43,950.43,950.43,950.43,0.0
202606220834,950.43,950.43,950.43,950.43,0.0
202606220835,950.43,950.43,950.43,950.43,0.0
202606220836,950.43,950.43,950.43,950.43,0.0
202606220837,950.43,950.43,950.43,950.43,0.0
202606220838,950.43,950.43,950.43,950.43,0.0
202606220839,950.43,950.43,950.43,950.43,0.0
202606220840,950.43,950.43,950.43,950.43,0.0
202606220841,950.43,950.43,950.43,950.43,0.0
202606220842,950.43,950.43,950.43,950.43,0.0
202606220843,950.43,950.43,950.43,950.43,0.0
202606220844,950.43,950.43,950.43,950.43,0.0
202606220845,950.43,950.43,950.43,950.43,0.0
202606220846,950.43,950.43,950.43,950.43,0.0
202606220847,950.43,950.43,950.43,950.43,0.0
202606220848,950.43,950.43,950.43,950.43,0.0
202606220849,950.43,950.43,950.43,950.43,0.0
202606220850,950.43,950.43,950.43,950.43,0.0
202606220851,950.43,950.43,950.43,950.43,0.0
202606220852,950.43,950.43,950.43,950.43,0.0
202606220853,950.5,950.5,950.5,950.5,1.0
202606220854,950.5,950.5,950.5,950.5,0.0
202606220855,950.5,950.5,950.5,950.5,0.0
202606220856,950.5,950.5,950.5,950.5,0.0
202606220857,950.5,950.5,950.5,950.5,0.0
202606220858,950.5,950.5,950.5,950.5,0.0
202606220859,950.5,950.5,950.5,950.5,0.0
202606220900,950.5,950.5,950.5,950.5,0.0
202606220901,950.5,950.5,950.5,950.5,0.0
202606220902,950.5,950.5,950.5,950.5,0.0
202606220903,950.5,950.5,950.5,950.5,0.0
202606220904,950.5,950.5,950.5,950.5,0.0
202606220905,950.5,950.5,950.5,950.5,0.0
202606220906,950.5,950.5,950.5,950.5,0.0
202606220907,950.5,950.5,950.5,950.5,0.0
202606220908,950.5,950.5,950.5,950.5,0.0
202606220909,950.5,950.5,950.5,950.5,0.0
202606220910,950.5,950.5,950.5,950.5,0.0
202606220911,950.5,950.5,950.5,950.5,0.0
202606220912,950.5,950.5,950.5,950.5,0.0
202606220913,950.5,950.5,950.5,950.5,0.0
202606220914,950.5,950.5,950.5,950.5,0.0
202606220915,950.5,950.5,950.5,950.5,0.0
202606220916,950.5,950.5,950.5,950.5,0.0
202606220917,950.5,950.5,950.5,950.5,0.0
202606220918,950.5,950.5,950.5,950.5,0.0
202606220919,950.5,950.5,950.5,950.5,0.0
202606220920,950.5,950.5,950.5,950.5,0.0
202606220921,950.5,950.5,950.5,950.5,0.0
202606220922,950.5,950.5,950.5,950.5,0.0
202606220923,950.5,950.5,950.5,950.5,0.0
202606220924,950.5,950.5,950.5,950.5,0.0
202606220925,950.5,950.5,950.5,950.5,0.0
202606220926,950.5,950.5,950.5,950.5,0.0
202606220927,950.5,950.5,950.5,950.5,0.0
202606220928,950.5,950.5,950.5,950.5,0.0
202606220929,950.5,950.5,950.5,950.5,0.0
202606220930,950.5,950.5,950.5,950.5,0.0
202606220931,950.5,950.5,950.5,950.5,0.0
202606220932,950.5,950.5,950.5,950.5,0.0
202606220933,950.5,950.5,950.5,950.5,0.0
202606220934,950.5,950.5,950.5,950.5,0.0
202606220935,950.5,950.5,950.5,950.5,0.0
202606220936,950.5,950.5,950.5,950.5,0.0
202606220937,950.5,950.5,950.5,950.5,0.0
202606220938,950.5,950.5,950.5,950.5,0.0
202606220939,950.5,950.5,950.5,950.5,0.0
202606220940,950.5,950.5,950.5,950.5,0.0
202606220941,950.5,950.5,950.5,950.5,0.0
202606220942,950.5,950.5,950.5,950.5,0.0
202606220943,950.5,950.5,950.5,950.5,0.0
202606220944,950.5,950.5,950.5,950.5,0.0
202606220945,950.5,950.5,950.5,950.5,0.0
202606220946,950.5,950.5,950.5,950.5,0.0
202606220947,950.5,950.5,950.5,950.5,0.0
202606220948,950.5,950.5,950.5,950.5,0.0
202606220949,950.5,950.5,950.5,950.5,0.0
202606220950,950.5,950.5,950.5,950.5,0.0
202606220951,950.5,950.5,950.5,950.5,0.0
202606220952,950.5,950.5,950.5,950.5,0.0
202606220953,950.5,950.5,950.5,950.5,0.0
202606220954,950.5,950.5,950.5,950.5,0.0
202606220955,950.5,950.5,950.5,950.5,0.0
202606220956,950.5,950.5,950.5,950.5,0.0
202606220957,950.5,950.5,950.5,950.5,0.0
202606220958,950.5,950.5,950.5,950.5,0.0
202606220959,950.5,950.5,950.5,950.5,0.0
202606221000,950.5,950.5,950.5,950.5,0.0
202606221001,950.5,950.5,950.5,950.5,0.0
202606221002,950.5,950.5,950.5,950.5,0.0
202606221003,950.5,950.5,950.5,950.5,0.0
202606221004,950.5,950.5,950.5,950.5,0.0
202606221005,950.5,950.5,950.5,950.5,0.0
202606221006,950.5,950.5,950.5,950.5,0.0
202606221007,950.5,950.5,950.5,950.5,0.0
202606221008,950.5,950.5,950.5,950.5,0.0
202606221009,950.5,950.5,950.5,950.5,0.0
202606221010,950.5,950.5,950.5,950.5,0.0
202606221011,950.5,950.5,950.5,950.5,0.0
202606221012,950.5,950.5,950.5,950.5,0.0
202606221013,950.5,950.5,950.5,950.5,0.0
202606221014,950.5,950.5,950.5,950.5,0.0
202606221015,950.5,950.5,950.5,950.5,0.0
202606221016,950.5,950.5,950.5,950.5,0.0
202606221017,950.5,950.5,950.5,950.5,0.0
202606221018,950.5,950.5,950.5,950.5,0.0
202606221019,950.5,950.5,950.5,950.5,0.0
202606221020,950.5,950.5,950.5,950.5,0.0
202606221021,950.5,950.5,950.5,950.5,0.0
202606221022,950.5,950.5,950.5,950.5,0.0
202606221023,950.5,950.5,950.5,950.5,0.0
202606221024,950.5,950.5,950.5,950.5,0.0
202606221025,950.5,950.5,950.5,950.5,0.0
202606221026,950.5,950.5,950.5,950.5,0.0
202606221027,950.5,950.5,950.5,950.5,0.0
202606221028,950.5,950.5,950.5,950.5,0.0
202606221029,950.5,950.5,950.5,950.5,0.0
202606221030,950.5,950.5,950.5,950.5,0.0
202606221031,950.5,950.5,950.5,950.5,0.0
202606221032,950.5,950.5,950.5,950.5,0.0
202606221033,950.5,950.5,950.5,950.5,0.0
202606221034,950.5,950.5,950.5,950.5,0.0
202606221035,950.5,950.5,950.5,950.5,0.0
202606221036,950.0,950.0,950.0,950.0,1.0
202606221037,950.0,950.0,950.0,950.0,0.0
202606221038,950.0,950.0,950.0,950.0,0.0
202606221039,950.0,950.0,950.0,950.0,0.0
202606221040,950.0,950.0,950.0,950.0,0.0
202606221041,950.0,950.0,950.0,950.0,0.0
202606221042,950.0,950.0,950.0,950.0,0.0
202606221043,950.0,950.0,950.0,950.0,0.0
202606221044,950.0,950.0,950.0,950.0,0.0
202606221045,950.0,950.0,950.0,950.0,0.0
202606221046,950.0,950.0,950.0,950.0,0.0
202606221047,950.0,950.0,950.0,950.0,0.0
202606221048,950.0,950.0,950.0,950.0,0.0
202606221049,950.0,950.0,950.0,950.0,0.0
202606221050,950.0,950.0,950.0,950.0,0.0
202606221051,950.0,950.0,950.0,950.0,0.0
202606221052,950.0,950.0,950.0,950.0,0.0
202606221053,950.0,950.0,950.0,950.0,0.0
202606221054,950.0,950.0,950.0,950.0,0.0
202606221055,950.0,950.0,950.0,950.0,0.0
202606221056,950.0,950.0,950.0,950.0,0.0
202606221057,950.0,950.0,950.0,950.0,0.0
202606221058,949.98,949.98,949.98,949.98,1.0
202606221059,949.98,949.98,949.98,949.98,0.0
202606221100,950.93,950.93,950.93,950.93,6.0
202606221101,950.93,950.93,950.93,950.93,0.0
202606221102,950.93,950.93,950.93,950.93,0.0
202606221103,950.93,950.93,950.93,950.93,0.0
202606221104,950.93,950.93,950.93,950.93,0.0
202606221105,950.93,950.93,950.93,950.93,0.0
202606221106,950.93,950.93,950.93,950.93,0.0
202606221107,950.93,950.93,950.93,950.93,0.0
202606221108,950.93,950.93,950.93,950.93,0.0
202606221109,950.93,950.93,950.93,950.93,0.0
202606221110,950.93,950.93,950.93,950.93,0.0
202606221111,950.93,950.93,950.93,950.93,0.0
202606221112,950.93,950.93,950.93,950.93,0.0
202606221113,950.93,950.93,950.93,950.93,0.0
202606221114,950.93,950.93,950.93,950.93,0.0
202606221115,950.93,950.93,950.93,950.93,0.0
202606221116,950.93,950.93,950.93,950.93,0.0
202606221117,950.0,950.0,950.0,950.0,2.0
202606221118,950.0,950.0,950.0,950.0,2.0
202606221119,950.0,950.0,950.0,950.0,0.0
202606221120,950.0,950.0,950.0,950.0,0.0
202606221121,950.0,950.0,950.0,950.0,0.0
202606221122,950.0,950.0,950.0,950.0,0.0
202606221123,950.0,950.0,950.0,950.0,0.0
202606221124,950.0,950.0,950.0,950.0,0.0
202606221125,949.95,949.95,949.95,949.95,1.0
202606221126,949.95,949.95,949.95,949.95,0.0
202606221127,949.95,949.95,949.95,949.95,0.0
202606221128,949.95,949.95,949.95,949.95,0.0
202606221129,949.95,949.95,949.95,949.95,0.0
202606221130,949.95,949.95,949.95,949.95,0.0
202606221131,949.95,949.95,949.95,949.95,0.0
202606221132,949.95,949.95,949.95,949.95,0.0
202606221133,949.95,949.95,949.95,949.95,0.0
202606221134,949.95,949.95,949.95,949.95,0.0
202606221135,949.95,949.95,949.95,949.95,0.0
202606221136,949.95,949.95,949.95,949.95,0.0
202606221137,949.95,949.95,949.95,949.95,0.0
202606221138,949.95,949.95,949.95,949.95,0.0
202606221139,949.95,949.95,949.95,949.95,0.0
202606221140,949.95,949.95,949.95,949.95,0.0
202606221141,949.88,949.99,949.99,949.88,3.0
202606221142,949.99,949.99,949.99,949.99,0.0
202606221143,949.99,949.99,949.99,949.99,0.0
202606221144,949.99,949.99,949.99,949.99,0.0
202606221145,949.99,949.99,949.99,949.99,0.0
202606221146,949.99,949.99,949.99,949.99,0.0
202606221147,949.99,949.99,949.99,949.99,0.0
202606221148,949.99,949.99,949.99,949.99,0.0
202606221149,950.28,950.28,950.28,950.28,2.0
202606221150,950.28,950.28,950.28,950.28,0.0
202606221151,950.28,950.28,950.28,950.28,0.0
202606221152,950.28,950.28,950.28,950.28,0.0
202606221153,950.28,950.28,950.28,950.28,0.0
202606221154,950.28,950.28,950.28,950.28,0.0
202606221155,950.28,950.28,950.28,950.28,0.0
202606221156,950.28,950.28,950.28,950.28,0.0
202606221157,950.28,950.28,950.28,950.28,0.0
202606221158,950.28,950.28,950.28,950.28,0.0
202606221159,950.28,950.28,950.28,950.28,0.0
202606221200,949.87,949.87,949.87,949.87,2.0
202606221201,949.87,949.87,949.87,949.87,0.0
202606221202,949.87,949.87,949.87,949.87,0.0
202606221203,949.87,949.87,949.87,949.87,0.0
202606221204,949.0,949.0,949.0,949.0,1.0
202606221205,949.0,949.0,949.0,949.0,0.0
202606221206,949.0,949.0,949.0,949.0,0.0
202606221207,949.0,949.0,949.0,949.0,0.0
202606221208,949.0,949.0,949.0,949.0,0.0
202606221209,949.0,949.0,949.0,949.0,0.0
202606221210,949.16,949.16,949.16,949.15,1.0
202606221211,949.16,949.16,949.16,949.16,0.0
202606221212,949.16,949.16,949.16,949.16,0.0
202606221213,949.16,949.16,949.16,949.16,0.0
202606221214,949.16,949.16,949.16,949.16,0.0
202606221215,949.16,949.16,949.16,949.16,0.0
202606221216,949.16,949.16,949.16,949.16,0.0
202606221217,949.16,949.16,949.16,949.16,0.0
202606221218,949.16,949.16,949.16,949.16,0.0
202606221219,949.16,949.16,949.16,949.16,0.0
202606221220,949.16,949.16,949.16,949.16,0.0
202606221221,950.0,950.0,950.0,950.0,1.0
202606221222,950.0,950.0,950.0,950.0,0.0
202606221223,950.0,950.0,950.0,950.0,0.0
202606221224,950.0,950.0,950.0,950.0,0.0
202606221225,950.0,950.0,950.0,950.0,0.0
202606221226,950.0,950.0,950.0,950.0,0.0
202606221227,950.0,950.0,950.0,950.0,0.0
202606221228,950.0,950.0,950.0,950.0,0.0
202606221229,950.0,950.0,950.0,950.0,0.0
202606221230,950.0,950.0,950.0,950.0,0.0
202606221231,950.0,950.0,950.0,950.0,0.0
202606221232,950.0,950.0,950.0,950.0,0.0
202606221233,950.0,950.0,950.0,950.0,0.0
202606221234,950.0,950.0,950.0,950.0,0.0
202606221235,950.0,950.0,950.0,950.0,0.0
202606221236,950.0,950.0,950.0,950.0,0.0
202606221237,950.0,950.0,950.0,950.0,0.0
202606221238,950.0,950.0,950.0,950.0,0.0
202606221239,949.59,949.59,949.59,949.59,1.0
202606221240,949.59,949.59,949.59,949.59,0.0
202606221241,949.59,949.59,949.59,949.59,0.0
202606221242,949.59,949.59,949.59,949.59,0.0
202606221243,949.59,949.59,949.59,949.59,0.0
202606221244,949.58,949.58,949.58,949.58,1.0
202606221245,949.58,949.58,949.58,949.58,0.0
202606221246,949.58,949.58,949.58,949.58,0.0
202606221247,949.58,949.58,949.58,949.58,0.0
202606221248,949.58,949.58,949.58,949.58,0.0
202606221249,949.58,949.58,949.58,949.58,0.0
202606221250,949.58,949.58,949.58,949.58,0.0
202606221251,949.58,949.58,949.58,949.58,0.0
202606221252,949.58,949.58,949.58,949.58,0.0
202606221253,949.58,949.58,949.58,949.58,0.0
202606221254,949.58,949.58,949.58,949.58,0.0
202606221255,949.58,949.58,949.58,949.58,0.0
202606221256,949.58,949.58,949.58,949.58,0.0
202606221257,949.58,949.58,949.58,949.58,0.0
202606221258,949.58,949.58,949.58,949.58,0.0
202606221259,949.58,949.58,949.58,949.58,0.0
202606221300,949.58,949.58,949.58,949.58,0.0
202606221301,949.58,949.58,949.58,949.58,0.0
202606221302,949.58,949.58,949.58,949.58,0.0
202606221303,949.58,949.58,949.58,949.58,0.0
202606221304,949.58,949.58,949.58,949.58,0.0
202606221305,949.58,949.58,949.58,949.58,0.0
202606221306,949.58,949.58,949.58,949.58,0.0
202606221307,949.58,949.58,949.58,949.58,0.0
202606221308,949.58,949.58,949.58,949.58,0.0
202606221309,949.58,949.58,949.58,949.58,0.0
202606221310,949.58,949.58,949.58,949.58,0.0
202606221311,949.58,949.58,949.58,949.58,0.0
202606221312,949.58,949.58,949.58,949.58,0.0
202606221313,949.42,949.42,949.42,949.41,6.0
202606221314,949.42,949.42,949.42,949.42,0.0
202606221315,949.42,949.42,949.42,949.42,0.0
202606221316,950.0,950.0,950.0,950.0,1.0
202606221317,950.0,950.0,950.0,950.0,0.0
202606221318,950.0,950.0,950.0,950.0,0.0
202606221319,950.0,950.0,950.0,950.0,0.0
202606221320,950.74,950.74,950.74,950.74,1.0
202606221321,950.74,950.74,950.74,950.74,0.0
202606221322,950.74,950.74,950.74,950.74,0.0
202606221323,950.74,950.74,950.74,950.74,0.0
202606221324,950.74,950.74,950.74,950.74,0.0
202606221325,949.16,949.18,949.18,948.11,10.0
202606221326,949.18,949.18,949.18,949.18,0.0
202606221327,946.03,946.88,947.01,946.03,11.0
202606221328,946.72,946.72,946.72,946.72,6.0
202606221329,946.72,946.72,946.72,946.72,0.0
202606221330,948.57,949.36,950.51,946.72,956.0
202606221331,949.36,951.53,952.99,949.25,203.0
202606221332,952.14,954.82,955.0,951.73,83.0
202606221333,955.11,954.56,956.23,952.91,87.0
202606221334,954.56,952.29,955.32,952.08,88.0
202606221335,952.98,951.56,953.67,951.0,62.0
202606221336,950.67,950.93,952.5,950.0,233.0
202606221337,950.55,951.66,951.73,950.09,91.0
202606221338,951.45,949.83,951.84,949.82,68.0
202606221339,949.82,949.49,951.2,949.0,318.0
202606221340,949.49,948.18,950.09,948.0,155.0
202606221341,948.18,946.53,948.36,946.11,149.0
202606221342,946.32,948.43,948.57,946.32,101.0
202606221343,948.38,948.5,949.5,947.9,227.0
202606221344,948.5,947.5,949.6,947.5,114.0
202606221345,947.39,946.15,947.56,946.15,110.0
202606221346,946.34,946.96,947.8,946.34,121.0
202606221347,946.5,946.79,947.38,946.37,34.0
202606221348,947.46,948.1,948.1,946.9,57.0
202606221349,948.31,948.79,950.12,948.18,320.0
202606221350,948.78,947.96,948.94,947.24,41.0
202606221351,947.72,948.4,948.4,947.57,33.0
202606221352,947.95,948.4,948.79,947.55,51.0
202606221353,947.87,949.01,949.41,947.63,74.0
202606221354,948.82,947.97,948.82,947.92,38.0
202606221355,947.5,945.04,947.64,944.64,274.0
202606221356,944.96,944.41,945.26,943.23,165.0
202606221357,944.41,942.85,944.41,942.63,126.0
202606221358,943.17,942.8,943.38,942.53,68.0
202606221359,942.94,943.47,944.21,942.6,69.0
202606221400,943.78,944.5,945.36,943.0,211.0
202606221401,944.76,946.27,946.8,944.51,140.0
202606221402,946.61,945.76,946.66,945.76,357.0
202606221403,946.16,945.74,946.79,945.23,92.0
202606221404,945.74,946.0,946.67,945.73,136.0
202606221405,946.0,945.6,946.0,945.01,74.0
202606221406,945.99,946.32,946.72,945.57,154.0
202606221407,946.25,945.5,946.7,945.45,46.0
202606221408,945.29,943.66,945.29,943.56,79.0
202606221409,943.54,944.39,944.44,943.41,36.0
202606221410,943.98,944.58,944.79,943.18,55.0
202606221411,944.9,944.71,944.9,943.91,32.0
202606221412,945.0,945.31,945.55,944.94,69.0
202606221413,945.3,946.24,946.24,945.07,172.0
202606221414,946.16,947.41,947.89,945.7,271.0
202606221415,947.17,947.93,948.21,946.87,216.0
202606221416,947.81,949.72,949.89,947.8,140.0
202606221417,949.87,948.87,949.87,948.85,113.0
202606221418,949.25,949.5,949.68,949.12,83.0
202606221419,949.5,948.33,949.5,948.32,91.0
202606221420,948.05,948.83,949.1,947.83,109.0
202606221421,948.73,949.61,949.89,948.47,128.0
202606221422,949.48,949.44,949.54,949.16,76.0
202606221423,949.0,950.89,950.89,949.0,245.0
202606221424,950.36,949.03,950.79,949.03,186.0
202606221425,948.72,949.54,949.83,948.72,81.0
202606221426,949.44,948.88,949.44,948.83,58.0
202606221427,948.78,949.47,949.47,948.51,117.0
202606221428,949.18,948.3,949.26,948.09,83.0
202606221429,947.95,947.56,947.95,947.55,24.0
202606221430,947.56,946.58,947.9,946.58,75.0
202606221431,946.59,946.67,946.67,946.01,58.0
202606221432,946.67,945.62,946.76,945.53,90.0
202606221433,945.78,945.04,946.0,944.84,45.0
202606221434,945.04,945.16,945.16,944.51,59.0
202606221435,944.81,944.98,945.02,944.42,119.0
202606221436,944.58,943.43,944.86,943.41,122.0
202606221437,943.66,943.56,944.07,943.37,56.0
202606221438,943.99,944.99,945.27,943.64,33.0
202606221439,944.99,947.48,947.67,944.98,34.0
202606221440,947.62,945.87,947.73,945.86,46.0
202606221441,945.97,946.8,946.95,945.96,76.0
202606221442,945.94,947.85,948.38,945.94,41.0
202606221443,947.96,948.41,948.66,947.55,53.0
202606221444,949.13,949.49,949.71,948.6,26.0
202606221445,949.41,948.49,949.69,948.36,33.0
202606221446,948.75,948.4,948.84,948.34,10.0
202606221447,948.14,949.15,949.15,947.68,70.0
202606221448,949.09,948.46,949.09,947.92,50.0
202606221449,948.92,949.05,949.07,948.5,22.0
202606221450,948.78,947.97,948.78,947.68,64.0
202606221451,947.81,948.88,948.88,946.65,80.0
202606221452,948.63,948.57,948.63,947.98,32.0
202606221453,948.79,950.17,950.17,948.78,43.0
202606221454,950.27,950.72,951.02,950.27,52.0
202606221455,950.72,949.6,950.72,949.42,44.0
202606221456,949.6,949.76,949.76,949.06,39.0
202606221457,950.27,949.0,950.27,949.0,24.0
202606221458,949.15,948.56,949.15,948.03,126.0
202606221459,948.55,948.79,949.1,948.06,13.0
202606221500,949.1,951.01,951.01,949.1,25.0
202606221501,950.7,950.44,950.85,950.29,46.0
202606221502,950.51,949.81,950.52,949.81,73.0
202606221503,950.0,950.02,950.83,949.96,19.0
202606221504,950.14,950.04,950.2,949.78,17.0
202606221505,950.04,949.44,950.04,949.2,53.0
202606221506,949.67,950.35,950.71,949.65,23.0
202606221507,950.45,950.22,950.45,950.07,17.0
202606221508,950.21,949.74,950.21,949.73,15.0
202606221509,950.13,950.13,950.13,949.56,15.0
202606221510,949.75,950.07,950.37,949.74,11.0
202606221511,950.17,950.0,950.23,949.99,5.0
202606221512,950.43,950.8,950.81,950.4,13.0
202606221513,950.21,950.56,950.81,950.07,58.0
202606221514,950.8,950.71,951.0,950.54,31.0
202606221515,950.41,950.96,950.96,950.14,53.0
202606221516,950.83,951.0,951.0,950.67,28.0
202606221517,950.65,950.98,951.23,950.59,170.0
202606221518,951.0,951.39,951.72,951.0,37.0
202606221519,951.82,951.59,952.0,951.22,24.0
202606221520,952.01,951.5,952.01,951.23,59.0
202606221521,951.5,951.22,951.79,951.22,30.0
202606221522,951.16,951.4,951.49,950.73,39.0
202606221523,951.45,951.27,951.45,951.26,28.0
202606221524,951.76,951.45,951.76,951.44,13.0
202606221525,951.56,951.49,951.56,951.06,44.0
202606221526,951.49,951.11,951.49,950.83,20.0
202606221527,951.11,951.08,951.11,950.77,30.0
202606221528,950.96,950.61,951.08,950.61,51.0
202606221529,950.51,950.3,950.81,950.3,33.0
202606221530,950.49,950.1,950.49,949.51,73.0
202606221531,949.94,950.8,950.81,949.93,45.0
202606221532,950.56,950.29,950.56,950.04,16.0
202606221533,950.66,951.37,951.71,950.65,50.0
202606221534,950.97,951.17,951.43,950.96,41.0
202606221535,951.17,951.18,951.79,951.06,42.0
202606221536,951.22,951.11,951.3,950.91,40.0
202606221537,951.11,951.48,951.86,950.89,44.0
202606221538,951.93,951.58,951.93,951.58,26.0
202606221539,951.29,951.75,951.75,951.23,5.0
202606221540,951.23,950.54,951.32,950.54,21.0
202606221541,950.52,950.52,950.53,950.52,6.0
202606221542,950.62,950.75,950.99,950.52,30.0
202606221543,950.82,951.18,951.56,950.82,29.0
202606221544,951.04,951.34,951.34,950.72,12.0
202606221545,951.03,951.01,951.24,950.81,27.0
202606221546,951.02,951.22,951.22,951.01,8.0
202606221547,951.18,951.04,951.29,950.78,64.0
202606221548,951.14,950.78,951.14,950.77,34.0
202606221549,950.87,949.72,950.87,949.71,115.0
202606221550,949.66,951.38,951.38,949.27,110.0
202606221551,950.94,950.12,950.94,950.11,42.0
202606221552,950.34,950.44,950.72,950.16,22.0
202606221553,950.44,950.31,950.44,949.84,48.0
202606221554,950.35,951.5,951.5,950.24,82.0
202606221555,951.92,950.81,951.92,950.81,22.0
202606221556,951.35,951.05,951.35,951.04,20.0
202606221557,951.05,950.42,951.05,950.37,138.0
202606221558,950.82,951.21,951.21,950.61,186.0
202606221559,951.21,951.46,951.55,950.71,534.0
202606221600,951.46,951.17,951.69,950.92,43.0
202606221601,950.83,950.26,950.83,950.25,56.0
202606221602,950.64,950.62,950.64,950.62,21.0
202606221603,950.62,950.86,951.27,950.28,37.0
202606221604,951.01,951.01,951.01,951.01,9.0
202606221605,950.8,950.15,950.8,950.11,70.0
202606221606,950.11,950.49,950.51,949.81,135.0
202606221607,950.59,950.41,950.59,950.05,19.0
202606221608,950.16,949.98,950.47,949.96,118.0
202606221609,949.81,950.26,950.28,949.81,87.0
202606221610,950.13,949.76,950.13,949.76,11.0
202606221611,949.96,950.12,950.16,949.79,52.0
202606221612,950.04,949.59,950.04,949.28,252.0
202606221613,949.59,949.19,949.59,949.18,14.0
202606221614,949.19,949.62,949.62,949.08,87.0
202606221615,949.62,950.53,950.53,949.36,89.0
202606221616,950.34,950.49,950.49,950.33,9.0
202606221617,950.49,950.38,950.99,950.37,6.0
202606221618,950.05,949.77,950.05,949.77,25.0
202606221619,949.81,950.41,950.43,949.51,56.0
202606221620,950.36,949.87,950.36,949.82,29.0
202606221621,949.62,949.93,950.01,949.53,10.0
202606221622,950.61,950.58,951.01,950.44,94.0
202606221623,950.28,949.9,950.47,949.9,30.0
202606221624,950.27,950.29,950.39,949.81,33.0
202606221625,950.25,950.28,950.28,950.25,3.0
202606221626,950.28,949.5,950.28,949.49,31.0
202606221627,949.98,949.87,950.06,949.86,7.0
202606221628,949.88,949.29,949.88,949.29,33.0
202606221629,949.84,949.84,949.84,949.79,10.0
202606221630,950.0,949.45,950.22,949.29,17.0
202606221631,949.26,949.35,949.48,949.2,13.0
202606221632,949.63,949.66,949.68,949.47,11.0
202606221633,949.84,949.68,949.84,949.35,21.0
202606221634,949.77,950.02,950.53,949.77,24.0
202606221635,950.01,950.25,950.25,949.9,20.0
202606221636,950.7,951.07,951.14,950.7,13.0
202606221637,951.07,951.07,951.47,950.86,19.0
202606221638,951.0,950.12,951.0,950.1,45.0
202606221639,950.04,949.87,950.09,949.87,7.0
202606221640,950.0,950.22,950.22,950.0,3.0
202606221641,950.26,950.38,950.38,950.21,15.0
202606221642,950.34,950.39,950.39,950.21,4.0
202606221643,950.4,950.17,950.56,950.17,26.0
202606221644,950.2,950.51,950.6,950.0,81.0
202606221645,950.51,951.29,951.41,950.39,72.0
202606221646,951.49,951.48,951.56,951.47,11.0
202606221647,951.37,950.85,951.54,950.71,68.0
202606221648,950.76,949.91,950.76,949.91,104.0
202606221649,950.42,950.01,950.44,949.98,30.0
202606221650,950.01,949.93,950.07,949.92,13.0
202606221651,949.94,949.36,949.94,949.36,13.0
202606221652,949.28,949.06,949.32,948.86,36.0
202606221653,948.96,948.0,948.96,948.0,29.0
202606221654,948.54,948.95,948.95,948.54,20.0
202606221655,948.97,949.2,949.32,948.96,7.0
202606221656,949.37,949.54,949.54,949.33,10.0
202606221657,949.32,950.05,950.05,949.32,34.0
202606221658,949.78,950.61,950.87,949.78,80.0
202606221659,950.38,950.05,950.38,950.05,7.0
202606221700,950.37,950.08,950.42,950.08,12.0
202606221701,949.97,950.01,950.01,949.54,13.0
202606221702,950.16,949.95,950.16,949.94,3.0
202606221703,950.38,950.38,950.38,950.38,1.0
202606221704,950.38,950.38,950.38,950.38,0.0
202606221705,950.16,950.74,950.74,950.01,24.0
202606221706,950.46,950.71,950.74,950.25,18.0
202606221707,950.51,950.5,950.75,950.28,22.0
202606221708,950.76,950.86,950.86,950.51,5.0
202606221709,950.58,950.58,950.6,950.29,21.0
202606221710,950.33,950.35,950.59,950.33,45.0
202606221711,950.56,950.35,950.83,950.35,8.0
202606221712,950.34,950.6,950.6,950.21,67.0
202606221713,950.24,950.24,950.62,950.0,94.0
202606221714,949.96,950.24,950.24,949.96,10.0
202606221715,950.25,949.59,950.26,949.34,40.0
202606221716,949.59,949.66,949.83,949.35,14.0
202606221717,949.66,949.66,949.66,949.65,2.0
202606221718,949.36,949.98,950.03,949.36,12.0
202606221719,950.06,949.59,950.06,949.31,34.0
202606221720,949.98,950.23,950.23,949.98,14.0
202606221721,950.02,950.01,950.02,950.01,3.0
202606221722,950.1,949.85,950.1,949.85,18.0
202606221723,949.52,949.69,949.84,949.45,7.0
202606221724,950.16,949.69,950.42,949.68,83.0
202606221725,949.64,949.74,950.01,949.58,36.0
202606221726,949.74,949.32,949.74,949.0,118.0
202606221727,949.32,949.29,949.35,949.29,11.0
202606221728,949.08,949.08,949.29,949.08,26.0
202606221729,949.29,949.03,949.36,949.03,35.0
202606221730,949.28,948.78,949.28,948.77,24.0
202606221731,948.51,948.88,949.02,948.12,70.0
202606221732,948.88,949.43,949.43,948.63,7.0
202606221733,949.16,949.29,949.54,948.79,25.0
202606221734,949.56,949.48,949.73,949.48,21.0
202606221735,949.51,949.3,949.58,949.29,25.0
202606221736,949.04,949.03,949.25,948.98,14.0
202606221737,949.26,949.59,949.59,949.11,21.0
202606221738,949.63,950.29,950.41,949.48,25.0
202606221739,950.49,949.74,950.49,949.45,42.0
202606221740,949.16,949.52,949.87,949.16,20.0
202606221741,949.25,949.22,949.49,949.2,25.0
202606221742,949.49,949.39,949.49,949.35,18.0
202606221743,949.39,949.56,949.73,949.22,46.0
202606221744,949.31,949.62,949.62,949.3,2.0
202606221745,949.58,949.83,950.03,949.58,23.0
202606221746,949.81,949.77,949.81,949.77,12.0
202606221747,949.93,949.64,950.1,949.63,7.0
202606221748,949.97,950.24,950.24,949.89,18.0
202606221749,950.0,950.03,950.24,949.9,42.0
202606221750,950.02,949.68,950.02,949.67,14.0
202606221751,949.78,950.03,950.07,949.78,24.0
202606221752,949.95,949.8,949.95,949.79,20.0
202606221753,949.8,949.2,949.8,949.2,29.0
202606221754,949.59,949.37,949.71,949.2,36.0
202606221755,949.37,949.47,949.67,949.22,50.0
202606221756,949.66,949.47,949.66,949.32,57.0
202606221757,949.47,948.69,949.47,948.69,68.0
202606221758,948.77,948.54,948.86,948.48,68.0
202606221759,948.47,948.67,948.75,948.16,60.0
202606221800,948.66,947.93,948.7,947.79,32.0
202606221801,947.74,947.71,948.12,947.7,109.0
202606221802,947.71,947.66,947.71,947.01,17.0
202606221803,947.43,947.81,947.84,947.42,21.0
202606221804,947.46,947.36,947.48,947.15,60.0
202606221805,947.41,947.08,947.41,947.0,83.0
202606221806,947.18,947.81,947.88,947.18,30.0
202606221807,948.0,948.02,948.08,947.67,86.0
202606221808,948.15,948.07,948.15,947.92,17.0
202606221809,948.19,948.19,948.19,948.0,17.0
202606221810,948.17,948.55,948.56,948.17,23.0
202606221811,948.73,948.43,948.73,948.43,12.0
202606221812,948.37,948.51,948.59,948.35,40.0
202606221813,948.5,948.73,948.81,948.46,24.0
202606221814,948.61,948.9,948.9,948.57,29.0
202606221815,949.11,948.91,949.12,948.86,32.0
202606221816,948.8,948.59,948.91,948.59,27.0
202606221817,948.67,948.33,948.68,948.12,134.0
202606221818,948.13,948.06,948.79,947.94,196.0
202606221819,947.89,947.3,948.11,947.17,42.0
202606221820,947.7,948.07,948.11,947.34,58.0
202606221821,948.09,947.89,948.09,947.88,16.0
202606221822,947.89,948.44,948.66,947.88,157.0
202606221823,947.97,947.78,947.97,947.61,7.0
202606221824,947.77,946.91,947.79,946.9,58.0
202606221825,947.21,947.9,947.9,947.2,59.0
202606221826,947.91,947.81,947.93,947.5,75.0
202606221827,947.73,948.1,948.1,947.73,31.0
202606221828,947.65,948.16,948.16,947.64,30.0
202606221829,947.9,947.75,947.9,947.75,10.0
202606221830,947.63,948.12,948.14,947.47,105.0
202606221831,948.05,948.25,948.29,948.02,33.0
202606221832,948.28,947.87,948.37,947.87,33.0
202606221833,948.0,947.58,948.07,947.31,40.0
202606221834,947.58,947.31,947.86,947.31,29.0
202606221835,947.69,948.23,948.36,947.68,61.0
202606221836,948.22,948.04,948.42,948.04,15.0
202606221837,948.11,948.16,948.2,948.07,5.0
202606221838,948.16,948.18,948.27,947.98,26.0
202606221839,948.36,947.63,948.36,947.39,70.0
202606221840,947.66,947.72,947.91,947.34,44.0
202606221841,947.66,948.25,948.25,947.66,68.0
202606221842,948.0,948.05,948.17,947.81,12.0
202606221843,947.95,947.69,948.05,947.68,34.0
202606221844,947.88,948.38,948.38,947.66,47.0
202606221845,948.23,948.47,948.47,948.17,15.0
202606221846,948.51,948.44,948.84,948.23,11.0
202606221847,948.38,948.08,948.39,948.07,35.0
202606221848,947.82,947.96,948.19,947.81,47.0
202606221849,947.97,947.87,948.0,947.76,41.0
202606221850,947.98,948.67,948.67,947.91,44.0
202606221851,948.5,948.12,948.5,948.11,16.0
202606221852,948.58,948.26,948.67,948.03,75.0
202606221853,948.27,948.19,948.27,948.07,15.0
202606221854,948.19,947.96,948.19,947.96,20.0
202606221855,948.06,948.03,948.25,948.03,3.0
202606221856,948.05,948.02,948.29,947.98,24.0
202606221857,948.08,948.42,948.42,948.08,5.0
202606221858,948.42,948.32,948.56,948.19,20.0
202606221859,948.35,948.61,948.72,948.35,12.0
202606221900,948.61,948.38,948.62,948.37,25.0
202606221901,948.35,948.42,948.49,948.34,4.0
202606221902,948.42,948.86,948.92,948.41,41.0
202606221903,948.68,948.46,948.9,948.35,83.0
202606221904,948.47,948.8,948.86,948.27,51.0
202606221905,948.78,948.72,948.85,948.58,18.0
202606221906,948.74,948.42,948.8,948.23,43.0
202606221907,948.46,948.71,948.71,948.28,19.0
202606221908,948.61,949.27,949.27,948.49,238.0
202606221909,949.22,949.14,949.29,949.0,42.0
202606221910,949.14,948.71,949.15,948.71,21.0
202606221911,948.69,948.46,948.69,948.19,15.0
202606221912,948.47,948.37,948.47,948.29,27.0
202606221913,948.38,948.47,948.69,948.31,32.0
202606221914,948.46,948.54,948.57,948.3,19.0
202606221915,948.64,948.71,948.75,948.63,13.0
202606221916,948.71,948.76,948.92,948.54,78.0
202606221917,948.77,948.64,948.77,948.54,35.0
202606221918,948.55,948.57,948.72,948.5,5.0
202606221919,948.62,948.71,948.71,948.51,60.0
202606221920,948.63,949.08,949.18,948.54,94.0
202606221921,948.92,948.47,948.92,948.47,78.0
202606221922,948.48,948.76,948.76,948.47,20.0
202606221923,948.77,948.63,948.92,948.43,36.0
202606221924,948.76,948.94,948.96,948.44,25.0
202606221925,948.84,948.67,949.01,948.59,30.0
202606221926,948.75,948.83,948.83,948.6,26.0
202606221927,948.7,948.76,948.85,948.4,25.0
202606221928,948.72,948.45,948.73,948.44,34.0
202606221929,948.45,948.49,948.5,948.16,105.0
202606221930,948.49,948.43,948.68,948.43,16.0
202606221931,948.75,949.85,949.86,948.75,76.0
202606221932,949.49,949.35,949.69,949.3,36.0
202606221933,949.35,949.67,949.67,949.32,53.0
202606221934,949.52,949.71,949.79,949.51,69.0
202606221935,949.54,949.77,949.87,949.47,42.0
202606221936,949.78,949.55,949.78,949.38,66.0
202606221937,949.54,949.46,949.54,949.32,48.0
202606221938,949.36,949.63,949.63,949.15,48.0
202606221939,949.44,949.8,949.8,949.44,20.0
202606221940,950.0,950.11,950.29,949.56,66.0
202606221941,950.11,949.72,950.24,949.64,58.0
202606221942,949.68,949.43,949.88,949.31,50.0
202606221943,949.45,949.21,949.45,949.18,32.0
202606221944,949.23,949.24,949.56,949.05,83.0
202606221945,949.24,948.96,949.24,948.94,54.0
202606221946,949.26,949.51,949.52,948.76,33.0
202606221947,949.5,949.74,949.9,949.37,107.0
202606221948,949.81,950.02,950.21,949.65,65.0
202606221949,950.02,950.58,950.58,950.02,92.0
202606221950,950.39,950.78,950.78,950.14,106.0
202606221951,950.53,950.6,950.9,950.46,194.0
202606221952,950.57,950.72,950.74,950.37,95.0
202606221953,950.74,951.46,951.64,950.5,155.0
202606221954,951.46,951.88,951.88,950.42,180.0
202606221955,951.91,951.67,952.98,951.44,252.0
202606221956,951.67,951.21,951.97,951.0,243.0
202606221957,951.14,951.37,951.55,950.91,414.0
202606221958,951.43,951.29,951.89,951.2,573.0
202606221959,951.5,950.99,951.65,950.66,1360.0
202606222000,951.35,951.35,951.35,951.35,13923.0
202606222001,951.35,951.35,951.35,951.35,18.0
202606222002,951.35,951.35,951.35,951.35,0.0
202606222003,951.35,951.35,951.35,951.35,0.0
202606222004,951.35,951.35,951.35,951.35,0.0
202606222005,951.35,951.35,951.35,951.35,0.0
202606222006,951.35,951.35,951.35,951.35,0.0
202606222007,951.35,951.35,951.35,951.35,0.0
202606222008,951.35,951.35,951.35,951.35,0.0
202606222009,951.35,951.35,951.35,951.35,0.0
202606222010,951.35,951.35,951.35,951.35,0.0
202606222011,951.35,951.35,951.35,951.35,0.0
202606222012,951.35,951.35,951.35,951.35,0.0
202606222013,951.35,951.35,951.35,951.35,0.0
202606222014,951.35,951.35,951.35,951.35,0.0
202606222015,949.9,949.9,949.9,949.9,1.0
202606222016,949.0,949.0,949.0,949.0,1.0
202606222017,949.0,949.0,949.0,949.0,0.0
202606222018,949.9,949.9,949.9,949.9,5.0
202606222019,949.9,949.9,949.9,949.9,0.0
202606222020,949.9,949.9,949.9,949.9,0.0
202606222021,949.9,949.9,949.9,949.9,0.0
202606222022,949.9,949.9,949.9,949.9,0.0
202606222023,949.9,949.9,949.9,949.9,0.0
202606222024,949.9,949.9,949.9,949.9,0.0
202606222025,949.89,949.89,949.89,949.88,1.0
202606222026,949.89,949.89,949.89,949.89,0.0
202606222027,949.89,949.89,949.89,949.89,0.0
202606222028,949.89,949.89,949.89,949.89,0.0
202606222029,949.89,949.89,949.89,949.89,0.0
202606222030,949.89,949.89,949.89,949.89,0.0
202606222031,949.89,949.89,949.89,949.89,0.0
202606222032,949.89,949.89,949.89,949.89,0.0
202606222033,949.89,949.89,949.89,949.89,0.0
202606222034,949.89,949.89,949.89,949.89,0.0
202606222035,949.89,949.89,949.89,949.89,0.0
202606222036,949.89,949.89,949.89,949.89,0.0
202606222037,949.89,949.89,949.89,949.89,0.0
202606222038,949.89,949.89,949.89,949.89,0.0
202606222039,949.89,949.89,949.89,949.89,0.0
202606222040,949.89,949.89,949.89,949.89,0.0
202606222041,949.89,949.89,949.89,949.89,0.0
202606222042,949.89,949.89,949.89,949.89,0.0
202606222043,949.89,949.89,949.89,949.89,0.0
202606222044,949.89,949.89,949.89,949.89,0.0
202606222045,949.89,949.89,949.89,949.89,0.0
202606222046,949.89,949.89,949.89,949.89,0.0
202606222047,949.89,949.89,949.89,949.89,0.0
202606222048,949.89,949.89,949.89,949.89,0.0
202606222049,949.89,949.89,949.89,949.89,0.0
202606222050,950.1,950.06,950.1,950.06,3.0
202606222051,950.06,950.06,950.06,950.06,0.0
202606222052,950.06,950.06,950.06,950.06,0.0
202606222053,950.06,950.06,950.06,950.06,0.0
202606222054,950.06,950.06,950.06,950.06,0.0
202606222055,950.06,950.06,950.06,950.06,0.0
202606222056,950.06,950.06,950.06,950.06,0.0
202606222057,950.06,950.06,950.06,950.06,0.0
202606222058,950.06,950.06,950.06,950.06,0.0
202606222059,950.06,950.06,950.06,950.06,0.0
202606222100,950.06,950.06,950.06,950.06,0.0
202606222101,950.06,950.06,950.06,950.06,0.0
202606222102,950.06,950.06,950.06,950.06,0.0
202606222103,950.06,950.06,950.06,950.06,0.0
202606222104,950.06,950.06,950.06,950.06,0.0
202606222105,950.06,950.06,950.06,950.06,0.0
202606222106,950.06,950.06,950.06,950.06,0.0
202606222107,950.06,950.06,950.06,950.06,0.0
202606222108,950.06,950.06,950.06,950.06,0.0
202606222109,950.06,950.06,950.06,950.06,0.0
202606222110,950.06,950.06,950.06,950.06,0.0
202606222111,950.3,950.3,950.3,950.3,1.0
202606222112,950.3,950.3,950.3,950.3,0.0
202606222113,950.3,950.3,950.3,950.3,0.0
202606222114,950.3,950.3,950.3,950.3,0.0
202606222115,950.3,950.3,950.3,950.3,0.0
202606222116,950.3,950.3,950.3,950.3,0.0
202606222117,950.3,950.3,950.3,950.3,0.0
202606222118,950.3,950.3,950.3,950.3,0.0
202606222119,950.3,950.3,950.3,950.3,0.0
202606222120,950.3,950.3,950.3,950.3,0.0
202606222121,950.3,950.3,950.3,950.3,0.0
202606222122,950.3,950.3,950.3,950.3,0.0
202606222123,950.3,950.3,950.3,950.3,0.0
202606222124,950.3,950.3,950.3,950.3,0.0
202606222125,950.47,950.47,950.47,950.47,1.0
202606222126,950.47,950.47,950.47,950.47,0.0
202606222127,950.47,950.47,950.47,950.47,0.0
202606222128,950.47,950.47,950.47,950.47,0.0
202606222129,950.47,950.47,950.47,950.47,0.0
202606222130,950.47,950.47,950.47,950.47,0.0
202606222131,950.47,950.47,950.47,950.47,0.0
202606222132,950.47,950.47,950.47,950.47,0.0
202606222133,950.47,950.47,950.47,950.47,0.0
202606222134,950.47,950.47,950.47,950.47,0.0
202606222135,950.47,950.47,950.47,950.47,0.0
202606222136,950.47,950.47,950.47,950.47,0.0
202606222137,950.47,950.47,950.47,950.47,0.0
202606222138,950.47,950.47,950.47,950.47,0.0
202606222139,950.47,950.47,950.47,950.47,0.0
202606222140,950.47,950.47,950.47,950.47,0.0
202606222141,950.47,950.47,950.47,950.47,0.0
202606222142,950.47,950.47,950.47,950.47,0.0
202606222143,950.47,950.47,950.47,950.47,0.0
202606222144,950.47,950.47,950.47,950.47,0.0
202606222145,950.47,950.47,950.47,950.47,0.0
202606222146,950.47,950.47,950.47,950.47,0.0
202606222147,950.47,950.47,950.47,950.47,0.0
202606222148,950.47,950.47,950.47,950.47,0.0
202606222149,950.47,950.47,950.47,950.47,0.0
202606222150,950.47,950.47,950.47,950.47,0.0
202606222151,950.47,950.47,950.47,950.47,0.0
202606222152,950.47,950.47,950.47,950.47,0.0
202606222153,950.47,950.47,950.47,950.47,0.0
202606222154,950.47,950.47,950.47,950.47,0.0
202606222155,950.47,950.47,950.47,950.47,0.0
202606222156,950.47,950.47,950.47,950.47,0.0
202606222157,950.47,950.47,950.47,950.47,0.0
202606222158,950.47,950.47,950.47,950.47,0.0
202606222159,950.47,950.47,950.47,950.47,0.0
202606222200,950.47,950.47,950.47,950.47,0.0
202606222201,950.47,950.47,950.47,950.47,0.0
202606222202,950.47,950.47,950.47,950.47,0.0
202606222203,950.47,950.47,950.47,950.47,0.0
202606222204,950.47,950.47,950.47,950.47,0.0
202606222205,950.47,950.47,950.47,950.47,0.0
202606222206,950.47,950.47,950.47,950.47,0.0
202606222207,950.47,950.47,950.47,950.47,0.0
202606222208,950.47,950.47,950.47,950.47,0.0
202606222209,950.47,950.47,950.47,950.47,0.0
202606222210,950.47,950.47,950.47,950.47,0.0
202606222211,950.47,950.47,950.47,950.47,0.0
202606222212,950.44,950.44,950.44,950.44,1.0
202606222213,950.44,950.44,950.44,950.44,0.0
202606222214,950.44,950.44,950.44,950.44,0.0
202606222215,950.44,950.44,950.44,950.44,0.0
202606222216,950.44,950.44,950.44,950.44,0.0
202606222217,950.44,950.44,950.44,950.44,0.0
202606222218,950.44,950.44,950.44,950.44,0.0
202606222219,950.44,950.44,950.44,950.44,0.0
202606222220,950.44,950.44,950.44,950.44,0.0
202606222221,950.44,950.44,950.44,950.44,0.0
202606222222,950.44,950.44,950.44,950.44,0.0
202606222223,950.44,950.44,950.44,950.44,0.0
202606222224,950.44,950.44,950.44,950.44,0.0
202606222225,950.44,950.44,950.44,950.44,0.0
202606222226,950.44,950.44,950.44,950.44,0.0
202606222227,950.44,950.44,950.44,950.44,0.0
202606222228,950.0,950.0,950.0,950.0,1.0
202606222229,950.0,950.0,950.0,950.0,0.0
202606222230,950.0,950.0,950.0,950.0,0.0
202606222231,950.0,950.0,950.0,950.0,0.0
202606222232,950.0,950.0,950.0,950.0,0.0
202606222233,950.0,950.0,950.0,950.0,0.0
202606222234,950.0,950.0,950.0,950.0,0.0
202606222235,950.0,950.0,950.0,950.0,0.0
202606222236,950.48,950.48,950.48,950.48,2.0
202606222237,950.48,950.48,950.48,950.48,0.0
202606222238,950.48,950.48,950.48,950.48,0.0
202606222239,950.48,950.48,950.48,950.48,0.0
202606222240,950.48,950.48,950.48,950.48,0.0
202606222241,950.48,950.48,950.48,950.48,0.0
202606222242,950.48,950.48,950.48,950.48,0.0
202606222243,950.48,950.48,950.48,950.48,0.0
202606222244,950.48,950.48,950.48,950.48,0.0
202606222245,950.48,950.48,950.48,950.48,0.0
202606222246,950.48,950.48,950.48,950.48,0.0
202606222247,950.48,950.48,950.48,950.48,0.0
202606222248,950.48,950.48,950.48,950.48,0.0
202606222249,950.48,950.48,950.48,950.48,0.0
202606222250,950.48,950.48,950.48,950.48,0.0
202606222251,950.48,950.48,950.48,950.48,0.0
202606222252,950.48,950.48,950.48,950.48,0.0
202606222253,950.48,950.48,950.48,950.48,0.0
202606222254,950.48,950.48,950.48,950.48,0.0
202606222255,950.48,950.48,950.48,950.48,0.0
202606222256,950.48,950.48,950.48,950.48,0.0
202606222257,950.48,950.48,950.48,950.48,0.0
202606222258,950.48,950.48,950.48,950.48,0.0
202606222259,950.48,950.48,950.48,950.48,0.0
202606222300,950.48,950.48,950.48,950.48,0.0
202606222301,950.48,950.48,950.48,950.48,0.0
202606222302,950.48,950.48,950.48,950.48,0.0
202606222303,950.48,950.48,950.48,950.48,0.0
202606222304,950.48,950.48,950.48,950.48,0.0
202606222305,950.48,950.48,950.48,950.48,0.0
202606222306,950.48,950.48,950.48,950.48,0.0
202606222307,950.48,950.48,950.48,950.48,0.0
202606222308,950.48,950.48,950.48,950.48,0.0
202606222309,950.48,950.48,950.48,950.48,0.0
202606222310,950.48,950.48,950.48,950.48,0.0
202606222311,950.48,950.48,950.48,950.48,0.0
202606222312,950.48,950.48,950.48,950.48,0.0
202606222313,950.48,950.48,950.48,950.48,0.0
202606222314,950.48,950.48,950.48,950.48,0.0
202606222315,950.48,950.48,950.48,950.48,0.0
202606222316,950.48,950.48,950.48,950.48,0.0
202606222317,950.48,950.48,950.48,950.48,0.0
202606222318,950.48,950.48,950.48,950.48,0.0
202606222319,950.48,950.48,950.48,950.48,0.0
202606222320,950.48,950.48,950.48,950.48,0.0
202606222321,950.48,950.48,950.48,950.48,0.0
202606222322,950.48,950.48,950.48,950.48,0.0
202606222323,950.48,950.48,950.48,950.48,0.0
202606222324,950.48,950.48,950.48,950.48,0.0
202606222325,950.48,950.48,950.48,950.48,0.0
202606222326,950.48,950.48,950.48,950.48,0.0
202606222327,950.48,950.48,950.48,950.48,0.0
202606222328,950.48,950.48,950.48,950.48,0.0
202606222329,950.48,950.48,950.48,950.48,0.0
202606222330,950.48,950.48,950.48,950.48,0.0
202606222331,950.48,950.48,950.48,950.48,0.0
202606222332,950.48,950.48,950.48,950.48,0.0
202606222333,950.51,950.51,950.51,950.51,1.0
202606222334,950.49,950.49,950.49,950.49,1.0
202606222335,950.49,950.49,950.49,950.49,0.0
202606222336,950.49,950.49,950.49,950.49,0.0
202606222337,950.49,950.49,950.49,950.49,0.0
202606222338,950.49,950.49,950.49,950.49,0.0
202606222339,950.49,950.49,950.49,950.49,0.0
202606222340,950.49,950.49,950.49,950.49,0.0
202606222341,950.49,950.49,950.49,950.49,0.0
202606222342,950.49,950.49,950.49,950.49,0.0
202606222343,950.49,950.49,950.49,950.49,0.0
202606222344,950.49,950.49,950.49,950.49,0.0
202606222345,950.49,950.49,950.49,950.49,0.0
202606222346,950.49,950.49,950.49,950.49,0.0
202606222347,950.49,950.49,950.49,950.49,0.0
202606222348,950.49,950.49,950.49,950.49,0.0
202606222349,950.49,950.49,950.49,950.49,0.0
202606222350,950.49,950.49,950.49,950.49,0.0
202606222351,950.49,950.49,950.49,950.49,0.0
202606222352,950.49,950.49,950.49,950.49,0.0
202606222353,950.49,950.49,950.49,950.49,0.0
202606222354,950.49,950.49,950.49,950.49,0.0
202606222355,950.49,950.49,950.49,950.49,0.0
202606222356,950.49,950.49,950.49,950.49,0.0
202606222357,950.49,950.49,950.49,950.49,0.0
202606222358,950.49,950.49,950.49,950.49,0.0
202606222359,950.95,950.95,950.95,950.95,1.0
202606230801,962.0,962.0,962.0,962.0,1.0
202606230802,962.0,962.0,962.0,962.0,0.0
202606230803,962.0,962.0,962.0,962.0,0.0
202606230804,962.0,962.0,962.0,962.0,0.0
202606230805,962.0,962.0,962.0,962.0,0.0
202606230806,956.93,956.93,956.93,956.93,1.0
202606230807,956.93,956.93,956.93,956.93,1.0
202606230808,962.0,962.0,962.0,962.0,2.0
202606230809,960.35,960.35,960.35,960.35,2.0
202606230810,958.01,958.01,958.01,958.01,2.0
202606230811,956.84,956.84,956.84,956.84,1.0
202606230812,956.84,956.84,956.84,956.84,0.0
202606230813,960.55,961.0,961.0,960.55,6.0
202606230814,961.0,961.0,961.0,961.0,0.0
202606230815,961.0,961.0,961.0,961.0,0.0
202606230816,961.0,961.0,961.0,961.0,0.0
202606230817,961.0,961.0,961.0,961.0,0.0
202606230818,961.0,961.0,961.0,961.0,0.0
202606230819,961.0,961.0,961.0,961.0,0.0
202606230820,961.0,961.0,961.0,961.0,0.0
202606230821,961.0,961.0,961.0,961.0,0.0
202606230822,961.65,962.0,962.0,961.65,4.0
202606230823,962.0,962.0,962.0,962.0,0.0
202606230824,962.58,962.58,962.58,962.58,5.0
202606230825,962.58,962.58,962.58,962.58,0.0
202606230826,962.58,962.58,962.58,962.58,0.0
202606230827,962.58,962.58,962.58,962.58,0.0
202606230828,962.58,962.58,962.58,962.58,0.0
202606230829,962.58,962.58,962.58,962.58,0.0
202606230830,962.58,962.58,962.58,962.58,0.0
202606230831,962.58,962.58,962.58,962.58,0.0
202606230832,962.58,962.58,962.58,962.58,0.0
202606230833,962.58,962.58,962.58,962.58,0.0
202606230834,962.58,962.58,962.58,962.58,0.0
202606230835,962.58,962.58,962.58,962.58,0.0
202606230836,962.58,962.58,962.58,962.58,0.0
202606230837,962.58,962.58,962.58,962.58,0.0
202606230838,962.58,962.58,962.58,962.58,0.0
202606230839,962.58,962.58,962.58,962.58,0.0
202606230840,962.58,962.58,962.58,962.58,0.0
202606230841,962.0,962.0,962.0,962.0,3.0
202606230842,962.0,962.0,962.0,962.0,0.0
202606230843,962.0,962.0,962.0,962.0,0.0
202606230844,962.0,962.0,962.0,962.0,0.0
202606230845,962.0,962.0,962.0,962.0,0.0
202606230846,962.0,962.0,962.0,962.0,0.0
202606230847,962.0,962.0,962.0,962.0,0.0
202606230848,962.0,962.0,962.0,962.0,0.0
202606230849,962.0,962.0,962.0,962.0,0.0
202606230850,962.0,962.0,962.0,962.0,0.0
202606230851,962.0,962.0,962.0,962.0,0.0
202606230852,962.0,962.0,962.0,962.0,0.0
202606230853,962.0,962.0,962.0,962.0,0.0
202606230854,962.0,962.0,962.0,962.0,0.0
202606230855,962.0,962.0,962.0,962.0,0.0
202606230856,962.0,962.0,962.0,962.0,0.0
202606230857,962.0,962.0,962.0,962.0,0.0
202606230858,962.0,962.0,962.0,962.0,0.0
202606230859,962.0,962.0,962.0,962.0,0.0
202606230900,962.0,962.0,962.0,962.0,0.0
202606230901,962.0,962.0,962.0,962.0,0.0
202606230902,955.0,955.0,955.0,955.0,2.0
202606230903,955.0,955.0,955.0,955.0,0.0
202606230904,955.0,955.0,955.0,955.0,0.0
202606230905,955.0,955.0,955.0,955.0,0.0
202606230906,955.0,955.0,955.0,955.0,0.0
202606230907,955.0,955.0,955.0,955.0,0.0
202606230908,955.0,955.0,955.0,955.0,0.0
202606230909,955.0,955.0,955.0,955.0,0.0
202606230910,955.0,955.0,955.0,955.0,0.0
202606230911,955.0,955.0,955.0,955.0,0.0
202606230912,955.0,955.0,955.0,955.0,0.0
202606230913,955.0,955.0,955.0,955.0,0.0
202606230914,955.0,955.0,955.0,955.0,0.0
202606230915,955.0,955.0,955.0,955.0,0.0
202606230916,955.0,955.0,955.0,955.0,0.0
202606230917,955.0,955.0,955.0,955.0,0.0
202606230918,955.0,955.0,955.0,955.0,0.0
202606230919,955.0,955.0,955.0,955.0,0.0
202606230920,955.0,955.0,955.0,955.0,0.0
202606230921,955.0,955.0,955.0,955.0,0.0
202606230922,955.0,955.0,955.0,955.0,0.0
202606230923,955.0,955.0,955.0,955.0,0.0
202606230924,955.0,955.0,955.0,955.0,0.0
202606230925,955.0,955.0,955.0,955.0,0.0
202606230926,955.0,955.0,955.0,955.0,0.0
202606230927,955.0,955.0,955.0,955.0,0.0
202606230928,955.0,955.0,955.0,955.0,0.0
202606230929,955.0,955.0,955.0,955.0,0.0
202606230930,955.0,955.0,955.0,955.0,0.0
202606230931,955.0,955.0,955.0,955.0,0.0
202606230932,955.0,955.0,955.0,955.0,0.0
202606230933,955.0,955.0,955.0,955.0,0.0
202606230934,955.0,955.0,955.0,955.0,0.0
202606230935,955.0,955.0,955.0,955.0,0.0
202606230936,955.0,955.0,955.0,955.0,0.0
202606230937,955.0,955.0,955.0,955.0,0.0
202606230938,955.0,955.0,955.0,955.0,0.0
202606230939,955.0,955.0,955.0,955.0,0.0
202606230940,955.0,955.0,955.0,955.0,0.0
202606230941,955.0,955.0,955.0,955.0,0.0
202606230942,955.0,955.0,955.0,955.0,0.0
202606230943,955.0,955.0,955.0,955.0,0.0
202606230944,955.0,955.0,955.0,955.0,0.0
202606230945,955.0,955.0,955.0,955.0,0.0
202606230946,955.0,955.0,955.0,955.0,0.0
202606230947,955.0,955.0,955.0,955.0,0.0
202606230948,955.0,955.0,955.0,955.0,0.0
202606230949,955.0,955.0,955.0,955.0,0.0
202606230950,955.0,955.0,955.0,955.0,0.0
202606230951,955.0,955.0,955.0,955.0,0.0
202606230952,955.0,955.0,955.0,955.0,0.0
202606230953,955.0,955.0,955.0,955.0,0.0
202606230954,955.0,955.0,955.0,955.0,0.0
202606230955,955.0,955.0,955.0,955.0,0.0
202606230956,955.0,955.0,955.0,955.0,0.0
202606230957,955.0,955.0,955.0,955.0,0.0
202606230958,955.0,955.0,955.0,955.0,0.0
202606230959,955.0,955.0,955.0,955.0,0.0
202606231000,955.0,955.0,955.0,955.0,0.0
202606231001,955.0,955.0,955.0,955.0,0.0
202606231002,955.0,955.0,955.0,955.0,0.0
202606231003,955.0,955.0,955.0,955.0,0.0
202606231004,955.0,955.0,955.0,955.0,0.0
202606231005,955.0,955.0,955.0,955.0,0.0
202606231006,955.0,955.0,955.0,955.0,0.0
202606231007,955.0,955.0,955.0,955.0,0.0
202606231008,955.0,955.0,955.0,955.0,0.0
202606231009,959.4,959.4,959.4,959.4,1.0
202606231010,959.4,959.4,959.4,959.4,0.0
202606231011,959.4,959.4,959.4,959.4,0.0
202606231012,959.4,959.4,959.4,959.4,0.0
202606231013,959.4,959.4,959.4,959.4,0.0
202606231014,959.4,959.4,959.4,959.4,0.0
202606231015,959.4,959.4,959.4,959.4,0.0
202606231016,959.4,959.4,959.4,959.4,0.0
202606231017,959.4,959.4,959.4,959.4,0.0
202606231018,959.4,959.4,959.4,959.4,0.0
202606231019,959.4,959.4,959.4,959.4,0.0
202606231020,959.4,959.4,959.4,959.4,0.0
202606231021,959.4,959.4,959.4,959.4,0.0
202606231022,959.4,959.4,959.4,959.4,0.0
202606231023,959.4,959.4,959.4,959.4,0.0
202606231024,959.4,959.4,959.4,959.4,0.0
202606231025,959.4,959.4,959.4,959.4,0.0
202606231026,959.4,959.4,959.4,959.4,3.0
202606231027,959.4,959.4,959.4,959.4,10.0
202606231028,959.4,959.4,959.4,959.4,0.0
202606231029,959.4,959.4,959.4,959.4,0.0
202606231030,959.4,959.4,959.4,959.4,0.0
202606231031,959.4,959.4,959.4,959.4,0.0
202606231032,959.4,959.4,959.4,959.4,0.0
202606231033,959.4,959.4,959.4,959.4,0.0
202606231034,959.4,959.4,959.4,959.4,0.0
202606231035,959.4,959.4,959.4,959.4,0.0
202606231036,959.4,959.4,959.4,959.4,0.0
202606231037,959.4,959.4,959.4,959.4,0.0
202606231038,959.4,959.4,959.4,959.4,0.0
202606231039,959.99,960.0,960.0,959.99,2.0
202606231040,960.0,960.0,960.0,960.0,0.0
202606231041,960.0,960.0,960.0,960.0,0.0
202606231042,960.0,960.0,960.0,960.0,0.0
202606231043,960.0,960.0,960.0,960.0,0.0
202606231044,960.0,960.0,960.0,960.0,0.0
202606231045,960.0,960.0,960.0,960.0,0.0
202606231046,960.0,960.0,960.0,960.0,0.0
202606231047,960.0,960.0,960.0,960.0,0.0
202606231048,960.0,960.0,960.0,960.0,0.0
202606231049,960.0,960.0,960.0,960.0,0.0
202606231050,960.0,960.0,960.0,960.0,0.0
202606231051,960.0,960.0,960.0,960.0,0.0
202606231052,960.0,960.0,960.0,960.0,0.0
202606231053,960.0,960.0,960.0,960.0,0.0
202606231054,960.0,960.0,960.0,960.0,0.0
202606231055,960.0,960.0,960.0,960.0,0.0
202606231056,960.0,960.0,960.0,960.0,0.0
202606231057,960.0,960.0,960.0,960.0,0.0
202606231058,960.0,960.0,960.0,960.0,0.0
202606231059,960.0,960.0,960.0,960.0,0.0
202606231100,958.06,958.01,958.23,958.01,10.0
202606231101,958.0,959.0,959.0,958.0,5.0
202606231102,959.0,959.0,959.0,959.0,0.0
202606231103,957.0,957.0,957.0,957.0,2.0
202606231104,957.87,957.87,957.87,957.87,1.0
202606231105,957.87,957.87,957.87,957.87,0.0
202606231106,957.87,957.87,957.87,957.87,0.0
202606231107,957.87,957.87,957.87,957.87,0.0
202606231108,957.87,957.87,957.87,957.87,0.0
202606231109,957.87,957.87,957.87,957.87,0.0
202606231110,957.04,957.0,957.04,957.0,4.0
202606231111,957.0,957.0,957.0,957.0,0.0
202606231112,957.0,957.0,957.0,957.0,0.0
202606231113,957.0,957.0,957.0,957.0,0.0
202606231114,957.0,957.0,957.0,957.0,0.0
202606231115,957.0,957.0,957.0,957.0,0.0
202606231116,957.0,957.0,957.0,957.0,0.0
202606231117,957.29,956.7,957.29,956.7,3.0
202606231118,956.7,956.7,956.7,956.7,0.0
202606231119,956.7,956.7,956.7,956.7,0.0
202606231120,957.04,957.99,958.0,957.04,7.0
202606231121,957.99,957.99,957.99,957.99,0.0
202606231122,957.99,957.99,957.99,957.99,0.0
202606231123,957.95,957.95,957.95,957.95,1.0
202606231124,950.27,950.27,950.27,950.27,33.0
202606231125,950.27,950.27,950.27,950.27,0.0
202606231126,950.27,950.27,950.27,950.27,0.0
202606231127,950.27,950.27,950.27,950.27,0.0
202606231128,956.57,958.0,958.0,956.13,14.0
202606231129,958.0,958.0,958.0,958.0,0.0
202606231130,958.0,958.0,958.0,958.0,0.0
202606231131,957.26,957.0,957.26,957.0,4.0
202606231132,957.0,957.0,957.0,957.0,0.0
202606231133,957.0,957.0,957.0,956.56,9.0
202606231134,957.0,957.0,957.0,957.0,0.0
202606231135,957.0,957.0,957.0,957.0,0.0
202606231136,957.0,957.0,957.0,957.0,0.0
202606231137,957.0,957.0,957.0,957.0,15.0
202606231138,957.0,957.0,957.0,957.0,0.0
202606231139,957.0,957.0,957.0,957.0,0.0
202606231140,957.0,957.0,957.0,957.0,0.0
202606231141,957.0,957.0,957.0,957.0,0.0
202606231142,957.4,957.4,957.41,957.4,2.0
202606231143,957.4,957.4,957.4,957.4,0.0
202606231144,957.4,957.4,957.4,957.4,0.0
202606231145,957.4,957.4,957.4,957.4,0.0
202606231146,957.4,957.4,957.4,957.4,0.0
202606231147,955.02,955.4,955.4,955.02,2.0
202606231148,955.4,955.4,955.4,955.4,0.0
202606231149,955.4,955.4,955.4,955.4,0.0
202606231150,955.4,955.4,955.4,955.4,0.0
202606231151,955.4,955.4,955.4,955.4,0.0
202606231152,955.4,955.4,955.4,955.4,0.0
202606231153,955.4,955.4,955.4,955.4,0.0
202606231154,955.4,955.4,955.4,955.4,0.0
202606231155,955.4,955.4,955.4,955.4,0.0
202606231156,955.4,955.4,955.4,955.4,0.0
202606231157,955.4,955.4,955.4,955.4,0.0
202606231158,955.5,955.5,955.5,955.5,1.0
202606231159,955.5,955.5,955.5,955.5,0.0
202606231200,955.5,955.5,955.5,955.5,0.0
202606231201,955.5,955.5,955.5,955.5,0.0
202606231202,956.0,956.0,956.0,956.0,3.0
202606231203,956.0,956.0,956.0,956.0,0.0
202606231204,956.45,956.5,956.5,956.45,2.0
202606231205,956.5,956.5,956.5,956.5,0.0
202606231206,956.55,956.55,956.55,956.55,1.0
202606231207,956.55,956.55,956.55,956.55,0.0
202606231208,956.55,956.55,956.55,956.55,0.0
202606231209,956.55,956.55,956.55,956.55,0.0
202606231210,956.55,956.55,956.55,956.55,0.0
202606231211,956.55,956.55,956.55,956.55,0.0
202606231212,956.55,956.55,956.55,956.55,0.0
202606231213,956.55,956.55,956.55,956.55,0.0
202606231214,956.55,956.55,956.55,956.55,0.0
202606231215,956.55,956.55,956.55,956.55,0.0
202606231216,956.55,956.55,956.55,956.55,0.0
202606231217,956.55,956.55,956.55,956.55,0.0
202606231218,956.55,956.55,956.55,956.55,0.0
202606231219,956.55,956.55,956.55,956.55,0.0
202606231220,956.55,956.55,956.55,956.55,0.0
202606231221,956.55,956.55,956.55,956.55,0.0
202606231222,956.55,956.55,956.55,956.55,0.0
202606231223,957.0,957.0,957.0,957.0,126.0
202606231224,957.0,957.0,957.0,957.0,0.0
202606231225,957.15,957.15,957.16,957.15,3.0
202606231226,957.15,957.15,957.15,957.15,0.0
202606231227,957.15,957.15,957.15,957.15,0.0
202606231228,957.15,957.15,957.15,957.15,0.0
202606231229,957.15,957.15,957.15,957.15,0.0
202606231230,957.15,957.15,957.15,957.15,0.0
202606231231,957.15,957.15,957.15,957.15,0.0
202606231232,957.15,957.15,957.15,957.15,0.0
202606231233,957.15,957.15,957.15,957.15,0.0
202606231234,957.15,957.15,957.15,957.15,0.0
202606231235,957.15,957.15,957.15,957.15,0.0
202606231236,957.15,957.15,957.15,957.15,0.0
202606231237,957.17,957.17,957.17,957.17,1.0
202606231238,957.17,957.17,957.17,957.17,0.0
202606231239,957.09,957.09,957.09,957.08,1.0
202606231240,957.09,957.09,957.09,957.09,0.0
202606231241,957.09,957.09,957.09,957.09,0.0
202606231242,957.09,957.09,957.09,957.09,0.0
202606231243,957.09,957.09,957.09,957.09,0.0
202606231244,957.09,957.09,957.09,957.09,0.0
202606231245,958.0,958.0,958.0,958.0,1.0
202606231246,958.0,958.0,958.0,958.0,0.0
202606231247,958.0,958.0,958.0,958.0,0.0
202606231248,958.0,958.0,958.0,958.0,0.0
202606231249,958.5,958.5,958.5,958.5,10.0
202606231250,958.5,958.5,958.5,958.5,2.0
202606231251,958.5,958.5,958.5,958.5,0.0
202606231252,958.5,958.5,958.5,958.5,0.0
202606231253,958.5,958.5,958.5,958.5,0.0
202606231254,958.5,958.5,958.5,958.5,0.0
202606231255,958.14,958.14,958.14,958.14,1.0
202606231256,958.14,958.14,958.14,958.14,0.0
202606231257,958.14,958.14,958.14,958.14,0.0
202606231258,958.14,958.14,958.14,958.14,0.0
202606231259,958.14,958.14,958.14,958.14,0.0
202606231300,958.14,958.14,958.14,958.14,0.0
202606231301,958.14,958.14,958.14,958.14,0.0
202606231302,957.8,957.8,957.8,957.8,2.0
202606231303,957.65,957.65,957.65,957.65,2.0
202606231304,957.65,957.65,957.65,957.65,0.0
202606231305,957.65,957.65,957.65,957.65,0.0
202606231306,958.0,958.5,958.5,958.0,19.0
202606231307,958.5,958.5,958.5,958.5,0.0
202606231308,958.5,958.5,958.5,958.5,0.0
202606231309,958.84,958.5,958.89,958.5,14.0
202606231310,959.62,959.62,959.62,959.62,1.0
202606231311,959.7,960.0,960.0,959.7,25.0
202606231312,961.14,961.14,961.14,961.14,2.0
202606231313,961.8,961.0,961.8,961.0,13.0
202606231314,961.0,961.0,961.0,961.0,0.0
202606231315,961.0,961.0,961.0,961.0,0.0
202606231316,961.1,961.01,961.5,961.01,17.0
202606231317,961.01,961.01,961.01,961.01,0.0
202606231318,961.97,961.97,961.97,961.97,1.0
202606231319,961.97,961.97,961.97,961.97,0.0
202606231320,961.97,961.97,961.97,961.97,0.0
202606231321,961.49,961.92,961.92,961.48,10.0
202606231322,961.92,961.92,961.92,961.92,0.0
202606231323,961.92,961.92,961.92,961.92,0.0
202606231324,961.0,961.0,961.0,961.0,13.0
202606231325,961.0,961.55,961.97,961.0,28.0
202606231326,961.0,962.8,962.8,961.0,12.0
202606231327,962.8,962.8,962.8,962.8,0.0
202606231328,965.0,965.0,965.0,965.0,11.0
202606231329,966.89,966.89,966.89,966.89,3.0
202606231330,965.68,961.48,966.38,960.65,1138.0
202606231331,961.05,963.87,965.98,959.79,315.0
202606231332,964.11,962.5,966.02,961.02,235.0
202606231333,962.5,960.6,963.32,960.19,199.0
202606231334,960.38,958.0,960.78,957.58,102.0
202606231335,958.23,957.03,958.3,956.23,74.0
202606231336,956.97,957.32,958.1,956.58,64.0
202606231337,958.05,960.9,961.4,958.05,48.0
202606231338,960.9,961.46,962.06,960.0,100.0
202606231339,961.35,959.98,964.76,959.09,360.0
202606231340,960.12,959.84,961.59,959.48,129.0
202606231341,961.41,960.04,961.57,960.0,38.0
202606231342,960.72,962.41,963.5,960.67,70.0
202606231343,962.42,961.59,962.95,961.1,30.0
202606231344,961.56,962.5,962.5,961.27,115.0
202606231345,962.14,962.5,963.5,961.9,161.0
202606231346,961.9,961.09,963.27,961.09,56.0
202606231347,961.84,962.56,963.19,961.69,45.0
202606231348,962.56,961.43,963.1,960.16,43.0
202606231349,961.48,960.12,961.52,960.12,36.0
202606231350,960.59,959.75,960.71,959.53,117.0
202606231351,959.14,956.68,959.14,955.99,354.0
202606231352,956.67,956.4,956.93,956.0,152.0
202606231353,956.25,957.11,957.69,956.0,244.0
202606231354,956.5,958.25,959.0,955.9,234.0
202606231355,958.09,958.32,958.32,957.08,46.0
202606231356,959.0,961.08,961.66,959.0,127.0
202606231357,961.15,962.42,962.88,960.79,101.0
202606231358,962.49,960.78,962.51,960.33,40.0
202606231359,960.78,958.58,960.78,958.58,99.0
202606231400,959.0,958.71,959.08,957.66,49.0
202606231401,958.89,957.75,959.09,957.39,79.0
202606231402,957.81,957.56,957.87,956.5,77.0
202606231403,957.91,958.3,958.9,957.57,72.0
202606231404,958.29,957.99,958.29,957.76,149.0
202606231405,957.99,958.21,958.72,957.98,39.0
202606231406,958.38,957.46,958.86,957.08,75.0
202606231407,958.16,958.58,958.84,957.15,53.0
202606231408,958.47,958.11,958.7,958.1,47.0
202606231409,958.35,956.53,958.35,956.21,158.0
202606231410,956.21,957.09,957.26,955.67,47.0
202606231411,957.09,956.44,957.11,955.94,64.0
202606231412,956.62,956.57,957.06,956.56,55.0
202606231413,956.14,955.31,956.57,955.25,66.0
202606231414,955.25,954.34,955.25,954.0,188.0
202606231415,954.33,954.5,954.69,953.56,44.0
202606231416,954.18,953.61,954.3,953.61,31.0
202606231417,953.78,954.04,954.04,953.48,41.0
202606231418,954.5,955.14,955.96,954.5,136.0
202606231419,955.0,956.27,956.32,954.79,121.0
202606231420,956.48,955.97,956.48,955.5,18.0
202606231421,955.97,955.69,955.97,954.98,56.0
202606231422,955.56,956.31,956.45,955.56,27.0
202606231423,956.04,955.58,956.04,955.53,42.0
202606231424,955.81,955.81,956.27,955.32,58.0
202606231425,956.3,956.84,957.0,956.24,190.0
202606231426,956.78,957.53,957.53,956.78,35.0
202606231427,957.49,957.29,958.0,956.89,51.0
202606231428,957.29,957.09,957.47,956.82,35.0
202606231429,957.09,956.49,957.22,956.0,158.0
202606231430,956.49,957.12,957.39,956.0,63.0
202606231431,957.02,958.29,958.29,956.84,65.0
202606231432,958.28,959.55,959.55,958.28,27.0
202606231433,959.13,958.68,959.36,958.46,58.0
202606231434,958.38,957.4,958.43,957.0,38.0
202606231435,957.7,956.81,957.98,956.8,67.0
202606231436,956.13,956.35,956.36,956.0,20.0
202606231437,956.35,956.21,956.35,955.75,77.0
202606231438,956.21,956.48,956.85,955.91,32.0
202606231439,956.33,956.86,957.34,956.31,37.0
202606231440,957.02,957.83,958.0,956.63,66.0
202606231441,957.83,958.12,958.32,957.34,86.0
202606231442,958.66,958.84,959.31,958.48,40.0
202606231443,959.29,958.77,959.4,958.75,46.0
202606231444,958.76,958.89,959.23,958.75,28.0
202606231445,959.1,958.76,959.73,958.66,48.0
202606231446,958.8,959.36,959.36,958.46,72.0
202606231447,959.36,959.55,959.73,959.03,43.0
202606231448,959.47,960.13,960.18,958.4,134.0
202606231449,960.12,959.34,960.12,959.02,26.0
202606231450,959.42,958.61,959.64,958.11,48.0
202606231451,958.57,959.1,959.18,958.19,26.0
202606231452,959.12,959.7,960.3,959.11,61.0
202606231453,960.28,961.14,961.14,960.28,19.0
202606231454,960.79,960.69,961.1,960.46,51.0
202606231455,960.99,960.39,961.5,960.39,50.0
202606231456,960.1,959.7,960.28,959.7,70.0
202606231457,959.99,959.99,961.01,959.96,148.0
202606231458,960.68,961.62,961.99,960.65,93.0
202606231459,961.38,961.36,961.44,960.96,47.0
202606231500,960.85,960.52,960.91,960.35,31.0
202606231501,960.65,960.1,960.65,959.82,35.0
202606231502,960.16,961.5,961.75,960.16,117.0
202606231503,961.72,961.97,962.25,961.43,227.0
202606231504,961.96,962.0,962.17,961.64,20.0
202606231505,961.91,962.87,962.87,961.73,61.0
202606231506,962.94,962.74,962.94,962.0,75.0
202606231507,962.54,961.61,962.58,961.61,36.0
202606231508,961.53,962.31,962.46,961.53,108.0
202606231509,962.2,962.89,963.0,961.0,215.0
202606231510,962.98,963.1,963.56,962.5,74.0
202606231511,963.41,963.44,963.79,963.41,125.0
202606231512,963.21,963.62,963.85,963.21,143.0
202606231513,963.71,964.69,964.69,963.4,185.0
202606231514,964.79,964.75,964.89,963.99,102.0
202606231515,964.62,965.5,965.72,964.4,313.0
202606231516,965.43,965.02,965.83,964.92,78.0
202606231517,965.13,965.45,965.49,965.13,41.0
202606231518,965.17,965.86,966.0,964.91,134.0
202606231519,966.0,965.95,966.2,965.69,99.0
202606231520,965.62,965.13,965.62,964.48,32.0
202606231521,965.14,964.75,965.38,964.75,61.0
202606231522,964.76,964.64,965.2,964.64,55.0
202606231523,965.06,964.64,965.47,964.64,59.0
202606231524,965.09,965.26,965.26,964.68,55.0
202606231525,965.22,964.02,965.38,963.93,51.0
202606231526,964.29,964.24,964.39,964.15,21.0
202606231527,964.43,964.8,964.89,964.15,28.0
202606231528,964.81,964.61,964.9,964.61,56.0
202606231529,964.59,964.78,965.0,964.08,55.0
202606231530,964.74,964.85,965.0,964.53,62.0
202606231531,964.86,964.33,964.86,963.8,80.0
202606231532,964.36,964.18,964.54,963.98,20.0
202606231533,964.26,964.15,964.42,964.15,81.0
202606231534,964.35,963.7,964.35,963.61,46.0
202606231535,963.71,963.74,964.09,963.6,43.0
202606231536,963.47,963.22,963.69,962.76,46.0
202606231537,963.28,964.01,964.2,963.15,47.0
202606231538,964.35,963.58,964.7,963.49,25.0
202606231539,963.57,963.55,963.98,963.55,11.0
202606231540,963.51,964.07,964.07,963.51,16.0
202606231541,964.13,965.09,965.09,964.07,59.0
202606231542,965.16,965.16,965.21,964.79,24.0
202606231543,965.21,965.53,965.53,964.89,17.0
202606231544,965.27,965.13,965.4,965.0,15.0
202606231545,965.09,964.88,965.15,964.88,19.0
202606231546,965.01,965.13,965.23,964.8,34.0
202606231547,965.11,965.46,965.52,964.81,33.0
202606231548,965.36,966.2,966.2,965.18,145.0
202606231549,965.97,965.97,966.28,965.85,50.0
202606231550,965.94,965.93,966.19,965.83,16.0
202606231551,965.92,965.67,966.2,965.67,25.0
202606231552,965.64,965.63,966.09,965.5,20.0
202606231553,965.64,965.28,965.66,965.2,53.0
202606231554,965.28,965.27,965.58,965.26,40.0
202606231555,965.27,965.15,965.62,965.03,29.0
202606231556,965.1,965.28,965.28,965.09,7.0
202606231557,964.79,964.6,964.97,964.41,46.0
202606231558,964.97,965.06,965.07,964.65,20.0
202606231559,965.0,964.79,965.18,964.79,8.0
202606231600,965.11,965.2,965.4,965.11,34.0
202606231601,965.31,964.31,965.31,964.31,51.0
202606231602,963.89,964.63,964.97,963.89,20.0
202606231603,964.56,964.48,965.0,964.48,7.0
202606231604,965.0,963.91,965.0,962.83,215.0
202606231605,963.91,964.2,964.53,963.19,31.0
202606231606,964.24,964.64,964.64,964.02,15.0
202606231607,964.04,964.57,964.65,963.97,23.0
202606231608,964.02,962.87,964.02,962.86,95.0
202606231609,962.66,962.4,962.75,962.39,9.0
202606231610,962.88,962.55,963.09,962.32,35.0
202606231611,962.14,961.93,962.35,961.42,26.0
202606231612,961.57,961.41,961.76,961.06,64.0
202606231613,961.52,960.81,961.67,960.8,39.0
202606231614,960.51,961.87,962.12,960.51,43.0
202606231615,961.99,962.2,962.5,961.97,36.0
202606231616,962.07,961.74,962.07,961.67,6.0
202606231617,961.84,961.62,961.98,961.26,24.0
202606231618,961.57,962.21,962.22,961.57,39.0
202606231619,962.02,962.31,962.46,961.99,12.0
202606231620,962.36,962.55,962.79,962.33,68.0
202606231621,962.9,962.81,962.99,962.7,32.0
202606231622,962.77,962.28,962.77,962.14,51.0
202606231623,962.42,962.97,963.0,962.41,26.0
202606231624,962.8,962.31,962.8,962.18,16.0
202606231625,962.34,961.88,962.51,961.88,37.0
202606231626,961.92,962.33,962.33,961.47,7.0
202606231627,962.35,962.42,962.57,962.35,29.0
202606231628,961.98,962.05,962.36,961.98,21.0
202606231629,962.3,962.42,962.42,962.06,34.0
202606231630,962.42,962.0,962.42,961.71,26.0
202606231631,962.04,962.54,962.54,962.04,26.0
202606231632,962.5,962.08,962.51,962.0,21.0
202606231633,962.17,962.13,962.27,962.13,6.0
202606231634,962.38,962.07,962.39,962.0,12.0
202606231635,962.1,962.28,962.38,962.04,22.0
202606231636,962.27,962.19,962.68,962.17,20.0
202606231637,962.19,962.65,962.65,962.18,12.0
202606231638,962.67,962.3,962.67,962.18,19.0
202606231639,962.3,962.27,962.3,961.92,15.0
202606231640,962.58,962.43,962.71,962.28,45.0
202606231641,962.42,962.32,962.43,962.25,22.0
202606231642,962.31,961.43,962.31,961.13,19.0
202606231643,961.58,961.43,961.58,961.42,2.0
202606231644,961.64,961.31,961.87,961.3,33.0
202606231645,961.34,961.5,961.72,961.31,28.0
202606231646,961.49,961.07,961.49,960.82,47.0
202606231647,961.07,960.96,961.49,960.82,39.0
202606231648,960.81,960.98,960.98,960.53,10.0
202606231649,960.63,960.58,960.79,960.51,15.0
202606231650,960.78,960.78,961.0,960.63,38.0
202606231651,960.78,960.75,960.94,960.75,13.0
202606231652,960.88,960.58,960.97,960.58,28.0
202606231653,960.56,961.19,961.34,960.56,46.0
202606231654,961.44,961.32,961.55,961.11,50.0
202606231655,961.29,961.14,961.33,960.97,47.0
202606231656,961.19,961.28,961.4,961.11,18.0
202606231657,961.09,961.0,961.09,960.8,26.0
202606231658,960.69,960.58,960.79,960.57,13.0
202606231659,960.76,960.74,960.86,960.73,9.0
202606231700,960.92,960.74,960.92,960.61,51.0
202606231701,960.78,961.09,961.1,960.61,35.0
202606231702,961.06,960.97,961.3,960.87,52.0
202606231703,960.75,960.9,960.94,960.49,24.0
202606231704,961.07,960.65,961.07,960.48,35.0
202606231705,960.75,960.63,960.82,960.45,39.0
202606231706,960.63,961.1,961.17,960.63,37.0
202606231707,960.94,960.89,961.24,960.8,21.0
202606231708,961.05,960.86,961.07,960.73,35.0
202606231709,960.79,961.25,961.34,960.72,56.0
202606231710,961.43,961.56,961.74,961.08,40.0
202606231711,961.73,961.62,961.78,961.56,11.0
202606231712,961.62,961.49,961.62,961.45,17.0
202606231713,961.49,961.13,961.49,961.09,23.0
202606231714,961.36,961.65,961.65,960.8,45.0
202606231715,961.5,961.5,961.5,961.49,6.0
202606231716,961.33,961.52,961.62,961.05,41.0
202606231717,961.65,961.09,961.72,961.09,33.0
202606231718,961.4,961.44,961.47,961.17,14.0
202606231719,961.67,961.64,962.02,961.64,29.0
202606231720,961.9,962.11,962.29,961.9,30.0
202606231721,962.39,961.96,962.42,961.78,28.0
202606231722,961.95,961.4,961.95,961.34,11.0
202606231723,961.4,961.32,961.79,961.31,25.0
202606231724,961.77,961.55,961.77,961.54,25.0
202606231725,961.52,961.48,961.56,961.3,21.0
202606231726,961.48,961.41,961.64,961.39,18.0
202606231727,961.4,961.44,961.64,961.34,66.0
202606231728,961.41,961.78,961.78,961.07,32.0
202606231729,961.78,961.68,962.01,961.42,17.0
202606231730,961.43,961.54,961.55,961.13,17.0
202606231731,961.52,961.94,961.94,961.43,11.0
202606231732,962.0,961.87,962.0,961.66,6.0
202606231733,961.82,961.98,962.24,961.63,63.0
202606231734,961.92,961.92,962.21,961.74,29.0
202606231735,962.1,962.23,962.4,962.0,79.0
202606231736,962.13,962.09,962.46,961.98,59.0
202606231737,962.19,962.41,962.41,961.95,14.0
202606231738,962.18,962.12,962.29,961.95,25.0
202606231739,962.11,962.19,962.29,961.96,14.0
202606231740,962.43,962.4,962.57,962.23,52.0
202606231741,962.35,962.13,962.35,962.11,10.0
202606231742,962.12,962.52,962.52,962.09,40.0
202606231743,962.28,962.01,962.28,962.01,19.0
202606231744,962.0,962.6,962.68,961.94,77.0
202606231745,962.6,963.0,963.0,962.57,36.0
202606231746,962.88,962.75,962.98,962.58,38.0
202606231747,962.86,962.75,963.01,962.66,13.0
202606231748,963.0,962.31,963.01,962.31,16.0
202606231749,962.6,962.44,962.84,962.44,12.0
202606231750,962.44,962.42,962.55,962.31,18.0
202606231751,962.74,962.25,962.74,962.11,13.0
202606231752,962.55,962.75,962.75,962.4,8.0
202606231753,962.52,962.46,962.61,962.33,64.0
202606231754,962.59,962.35,962.59,962.05,72.0
202606231755,962.15,961.79,962.26,961.79,19.0
202606231756,961.98,961.93,962.19,961.88,12.0
202606231757,961.93,961.88,961.93,961.54,18.0
202606231758,961.85,961.87,962.24,961.85,29.0
202606231759,962.21,962.29,962.36,962.2,14.0
202606231800,962.45,961.93,962.5,961.88,32.0
202606231801,961.93,961.03,961.93,961.03,20.0
202606231802,961.01,960.99,961.01,960.98,5.0
202606231803,960.99,960.7,960.99,960.68,18.0
202606231804,961.02,961.12,961.27,960.53,64.0
202606231805,961.04,960.82,961.04,960.3,24.0
202606231806,960.54,960.69,961.27,960.43,56.0
202606231807,960.63,960.6,960.74,960.47,12.0
202606231808,960.59,960.66,960.69,960.2,59.0
202606231809,960.91,960.73,961.25,960.72,20.0
202606231810,960.78,960.96,961.08,960.55,9.0
202606231811,961.1,960.98,961.24,960.98,22.0
202606231812,961.45,961.07,961.45,961.07,6.0
202606231813,961.39,961.21,961.44,960.96,63.0
202606231814,961.49,961.38,961.89,961.05,21.0
202606231815,960.77,961.58,961.89,960.77,18.0
202606231816,961.57,961.62,962.0,961.57,13.0
202606231817,961.68,962.02,962.02,961.64,11.0
202606231818,961.91,962.34,962.34,961.86,25.0
202606231819,962.35,962.34,962.81,962.34,79.0
202606231820,962.34,962.63,962.75,962.34,8.0
202606231821,962.63,962.16,962.63,962.11,13.0
202606231822,962.12,961.8,962.12,961.71,14.0
202606231823,961.75,961.79,962.16,961.75,16.0
202606231824,961.59,961.66,961.66,961.58,7.0
202606231825,961.69,961.05,961.91,961.05,73.0
202606231826,961.02,961.09,961.16,960.59,35.0
202606231827,961.18,960.75,961.2,960.7,43.0
202606231828,960.75,960.87,960.96,960.52,25.0
202606231829,960.96,960.77,960.96,960.64,29.0
202606231830,960.79,960.52,960.79,960.35,22.0
202606231831,960.38,960.47,960.83,960.19,25.0
202606231832,960.59,960.65,960.73,960.32,32.0
202606231833,960.79,960.63,960.87,960.41,44.0
202606231834,960.45,960.81,960.83,960.19,38.0
202606231835,960.68,961.1,961.16,960.58,22.0
202606231836,960.87,960.72,960.99,960.53,64.0
202606231837,960.62,961.12,961.12,960.52,87.0
202606231838,961.15,960.89,961.34,960.89,19.0
202606231839,961.28,961.08,961.35,960.9,75.0
202606231840,961.03,960.98,961.24,960.72,34.0
202606231841,960.82,961.4,961.46,960.82,19.0
202606231842,961.33,961.17,961.54,961.04,26.0
202606231843,961.06,961.16,961.34,960.93,68.0
202606231844,960.99,961.17,961.45,960.99,29.0
202606231845,961.31,960.99,961.45,960.75,124.0
202606231846,960.71,959.61,960.71,959.53,139.0
202606231847,959.57,959.42,959.61,958.8,280.0
202606231848,959.4,959.75,960.0,959.34,72.0
202606231849,960.09,960.18,960.29,959.8,22.0
202606231850,959.93,959.56,960.04,959.53,40.0
202606231851,959.68,959.9,960.13,959.54,40.0
202606231852,960.01,959.9,960.08,959.84,36.0
202606231853,959.89,959.45,959.89,959.26,29.0
202606231854,959.88,958.86,959.88,958.86,30.0
202606231855,959.23,959.43,959.53,959.08,26.0
202606231856,959.31,958.76,959.63,958.76,29.0
202606231857,958.97,959.26,959.26,958.88,27.0
202606231858,958.79,958.96,959.25,958.79,26.0
202606231859,958.86,958.81,959.0,958.62,14.0
202606231900,958.58,958.92,959.0,958.33,51.0
202606231901,958.8,958.1,958.8,957.79,95.0
202606231902,958.49,958.54,958.89,958.3,47.0
202606231903,958.54,958.46,958.75,958.16,66.0
202606231904,958.06,958.6,958.92,958.06,32.0
202606231905,958.9,958.81,959.19,958.71,54.0
202606231906,958.91,959.0,959.08,958.65,68.0
202606231907,958.99,959.05,959.13,958.68,46.0
202606231908,959.06,959.19,959.45,958.98,41.0
202606231909,959.41,959.21,959.41,958.95,19.0
202606231910,959.24,958.86,959.41,958.83,47.0
202606231911,958.86,958.81,959.08,958.59,48.0
202606231912,958.72,958.46,958.8,958.46,17.0
202606231913,958.28,957.65,958.28,957.59,35.0
202606231914,957.54,957.41,957.54,957.0,25.0
202606231915,957.24,957.16,957.57,956.54,67.0
202606231916,957.08,957.03,957.3,957.01,27.0
202606231917,957.15,957.13,957.33,956.99,46.0
202606231918,957.07,956.73,957.08,956.62,38.0
202606231919,956.73,957.01,957.14,956.52,78.0
202606231920,957.13,957.34,957.34,956.89,43.0
202606231921,957.37,956.86,957.62,956.86,61.0
202606231922,957.45,957.88,957.93,957.26,57.0
202606231923,957.88,957.63,958.14,957.52,46.0
202606231924,957.65,957.36,957.65,956.69,64.0
202606231925,957.29,957.46,957.85,957.29,68.0
202606231926,957.61,958.59,958.6,957.45,93.0
202606231927,958.51,957.96,958.56,957.96,23.0
202606231928,958.06,957.78,958.29,957.74,22.0
202606231929,957.78,957.61,957.85,957.36,41.0
202606231930,957.79,957.85,958.08,957.37,65.0
202606231931,957.67,957.25,958.18,957.24,54.0
202606231932,956.96,956.78,957.06,956.52,37.0
202606231933,956.83,956.58,957.0,956.34,38.0
202606231934,956.74,956.52,956.74,956.16,25.0
202606231935,956.61,957.54,957.85,956.61,116.0
202606231936,957.58,957.73,957.86,957.13,149.0
202606231937,957.71,958.15,958.25,957.71,31.0
202606231938,957.95,958.09,958.32,957.61,35.0
202606231939,957.88,957.78,957.88,957.5,38.0
202606231940,957.8,958.28,958.56,957.8,90.0
202606231941,958.46,958.36,958.56,958.06,42.0
202606231942,958.36,958.96,959.28,958.35,67.0
202606231943,958.96,958.32,959.17,958.27,46.0
202606231944,958.5,958.7,958.7,958.41,43.0
202606231945,958.54,959.84,959.89,958.54,204.0
202606231946,959.67,959.94,960.18,959.51,52.0
202606231947,959.93,958.53,959.95,958.24,155.0
202606231948,958.21,958.33,958.52,957.62,308.0
202606231949,958.05,959.43,959.43,958.0,217.0
202606231950,959.41,958.64,959.41,957.78,165.0
202606231951,958.82,958.46,958.83,957.95,132.0
202606231952,958.77,958.53,959.9,958.26,219.0
202606231953,958.46,959.2,959.99,958.46,456.0
202606231954,959.2,959.99,960.29,958.56,471.0
202606231955,959.68,959.15,959.68,958.01,433.0
202606231956,959.15,958.91,959.38,958.69,235.0
202606231957,958.78,958.77,959.33,958.72,328.0
202606240800,957.4715,955.45,960.738,955.2,0.0
202606240801,955.0,955.2,956.58,954.6,0.0
202606240802,955.45,955.45,955.45,955.45,0.0
202606240803,955.45,955.45,955.45,955.45,0.0
202606240804,955.96,955.96,955.96,955.96,1.0
202606240805,955.96,955.96,955.96,955.96,0.0
202606240806,955.96,955.96,955.96,955.96,0.0
202606240807,955.96,955.96,955.96,955.96,0.0
202606240808,955.96,955.96,955.96,955.96,0.0
202606240809,955.96,955.96,955.96,955.96,0.0
202606240810,955.96,955.96,955.96,955.96,0.0
202606240811,955.96,955.96,955.96,955.96,0.0
202606240812,955.96,955.96,955.96,955.96,0.0
202606240813,955.96,955.96,955.96,955.96,0.0
202606240814,955.96,955.96,955.96,955.96,0.0
202606240815,955.96,955.96,955.96,955.96,0.0
202606240816,955.96,955.96,955.96,955.96,0.0
202606240817,955.96,955.96,955.96,955.96,0.0
202606240818,955.96,955.96,955.96,955.96,0.0
202606240819,955.96,955.96,955.96,955.96,0.0
202606240820,955.96,955.96,955.96,955.96,0.0
202606240821,955.96,955.96,955.96,955.96,0.0
202606240822,955.96,955.96,955.96,955.96,0.0
202606240823,955.96,955.96,955.96,955.96,0.0
202606240824,955.96,955.96,955.96,955.96,0.0
202606240825,955.96,955.96,955.96,955.96,0.0
202606240826,955.96,955.96,955.96,955.96,0.0
202606240827,955.96,955.96,955.96,955.96,0.0
202606240828,955.96,955.96,955.96,955.96,0.0
202606240829,955.96,955.96,955.96,955.96,0.0
202606240830,955.96,955.96,955.96,955.96,0.0
202606240831,955.96,955.96,955.96,955.96,0.0
202606240832,955.96,955.96,955.96,955.96,0.0
202606240833,955.96,955.96,955.96,955.96,0.0
202606240834,954.87,954.9,954.9,954.87,0.0
202606240835,955.96,955.96,955.96,955.96,0.0
202606240836,955.96,955.96,955.96,955.96,0.0
202606240837,955.96,955.96,955.96,955.96,0.0
202606240838,955.96,955.96,955.96,955.96,0.0
202606240839,955.96,955.96,955.96,955.96,0.0
202606240840,955.96,955.96,955.96,955.96,0.0
202606240841,955.96,955.96,955.96,955.96,0.0
202606240842,955.96,955.96,955.96,955.96,0.0
202606240843,955.96,955.96,955.96,955.96,0.0
202606240844,955.96,955.96,955.96,955.96,0.0
202606240845,955.96,955.96,955.96,955.96,0.0
202606240846,955.96,955.96,955.96,955.96,0.0
202606240847,955.96,955.96,955.96,955.96,0.0
202606240848,955.96,955.96,955.96,955.96,0.0
202606240849,955.96,955.96,955.96,955.96,0.0
202606240850,955.96,955.96,955.96,955.96,0.0
202606240851,955.96,955.96,955.96,955.96,0.0
202606240852,955.96,955.96,955.96,955.96,0.0
202606240853,955.96,955.96,955.96,955.96,0.0
202606240854,955.96,955.96,955.96,955.96,0.0
202606240855,955.96,955.96,955.96,955.96,0.0
202606240856,955.96,955.96,955.96,955.96,0.0
202606240857,955.96,955.96,955.96,955.96,0.0
202606240858,955.96,955.96,955.96,955.96,0.0
202606240859,955.96,955.96,955.96,955.96,0.0
202606240900,955.96,955.96,955.96,955.96,0.0
202606240901,955.96,955.96,955.96,955.96,0.0
202606240902,955.96,955.96,955.96,955.96,0.0
202606240903,955.96,955.96,955.96,955.96,0.0
202606240904,955.96,955.96,955.96,955.96,0.0
202606240905,955.96,955.96,955.96,955.96,0.0
202606240906,955.96,955.96,955.96,955.96,0.0
202606240907,955.96,955.96,955.96,955.96,0.0
202606240908,955.96,955.96,955.96,955.96,0.0
202606240909,955.96,955.96,955.96,955.96,0.0
202606240910,955.96,955.96,955.96,955.96,0.0
202606240911,955.96,955.96,955.96,955.96,0.0
202606240912,955.96,955.96,955.96,955.96,0.0
202606240913,955.96,955.96,955.96,955.96,0.0
202606240914,955.96,955.96,955.96,955.96,0.0
202606240915,955.96,955.96,955.96,955.96,0.0
202606240916,955.96,955.96,955.96,955.96,0.0
202606240917,955.96,955.96,955.96,955.96,0.0
202606240918,955.96,955.96,955.96,955.96,0.0
202606240919,955.96,955.96,955.96,955.96,0.0
202606240920,955.96,955.96,955.96,955.96,0.0
202606240921,955.96,955.96,955.96,955.96,0.0
202606240922,955.96,955.96,955.96,955.96,0.0
202606240923,955.96,955.96,955.96,955.96,0.0
202606240924,955.96,955.96,955.96,955.96,0.0
202606240925,955.96,955.96,955.96,955.96,0.0
202606240926,955.96,955.96,955.96,955.96,0.0
202606240927,955.96,955.96,955.96,955.96,0.0
202606240928,955.96,955.96,955.96,955.96,0.0
202606240929,955.96,955.96,955.96,955.96,0.0
202606240930,955.96,955.96,955.96,955.96,0.0
202606240931,955.96,955.96,955.96,955.96,0.0
202606240932,955.96,955.96,955.96,955.96,0.0
202606240933,954.02,954.0,954.02,954.0,0.0
202606240934,955.96,955.96,955.96,955.96,0.0
202606240935,955.96,955.96,955.96,955.96,0.0
202606240936,955.96,955.96,955.96,955.96,0.0
202606240937,955.96,955.96,955.96,955.96,0.0
202606240938,955.96,955.96,955.96,955.96,0.0
202606240939,955.96,955.96,955.96,955.96,0.0
202606240940,955.96,955.96,955.96,955.96,0.0
202606240941,955.96,955.96,955.96,955.96,0.0
202606240942,955.96,955.96,955.96,955.96,0.0
202606240943,955.96,955.96,955.96,955.96,0.0
202606240944,955.96,955.96,955.96,955.96,0.0
202606240945,955.96,955.96,955.96,955.96,0.0
202606240946,955.96,955.96,955.96,955.96,0.0
202606240947,955.96,955.96,955.96,955.96,0.0
202606240948,955.96,955.96,955.96,955.96,0.0
202606240949,955.96,955.96,955.96,955.96,0.0
202606240950,955.96,955.96,955.96,955.96,0.0
202606240951,955.96,955.96,955.96,955.96,0.0
202606240952,955.96,955.96,955.96,955.96,0.0
202606240953,955.96,955.96,955.96,955.96,0.0
202606240954,955.96,955.96,955.96,955.96,0.0
202606240955,963.1188,954.02,963.1188,954.02,0.0
202606240956,955.96,955.96,955.96,955.96,0.0
202606240957,955.96,955.96,955.96,955.96,0.0
202606240958,955.96,955.96,955.96,955.96,0.0
202606240959,955.96,955.96,955.96,955.96,0.0
202606241000,955.96,955.96,955.96,955.96,0.0
202606241001,955.96,955.96,955.96,955.96,0.0
202606241002,955.96,955.96,955.96,955.96,0.0
202606241003,955.96,955.96,955.96,955.96,0.0
202606241004,955.96,955.96,955.96,955.96,0.0
202606241005,955.96,955.96,955.96,955.96,0.0
202606241006,955.96,955.96,955.96,955.96,0.0
202606241007,955.96,955.96,955.96,955.96,0.0
202606241008,955.96,955.96,955.96,955.96,0.0
202606241009,955.96,955.96,955.96,955.96,0.0
202606241010,955.96,955.96,955.96,955.96,0.0
202606241011,955.96,955.96,955.96,955.96,0.0
202606241012,955.96,955.96,955.96,955.96,0.0
202606241013,955.96,955.96,955.96,955.96,0.0
202606241014,955.96,955.96,955.96,955.96,0.0
202606241015,955.96,955.96,955.96,955.96,0.0
202606241016,955.96,955.96,955.96,955.96,0.0
202606241017,955.96,955.96,955.96,955.96,0.0
202606241018,955.96,955.96,955.96,955.96,0.0
202606241019,955.96,955.96,955.96,955.96,0.0
202606241020,955.96,955.96,955.96,955.96,0.0
202606241021,955.96,955.96,955.96,955.96,0.0
202606241022,955.96,955.96,955.96,955.96,0.0
202606241023,955.96,955.96,955.96,955.96,0.0
202606241024,955.96,955.96,955.96,955.96,0.0
202606241025,955.96,955.96,955.96,955.96,0.0
202606241026,955.96,955.96,955.96,955.96,0.0
202606241027,955.96,955.96,955.96,955.96,0.0
202606241028,955.96,955.96,955.96,955.96,0.0
202606241029,955.96,955.96,955.96,955.96,0.0
202606241030,953.0,951.0912,954.0,951.0912,0.0
202606241031,955.96,955.96,955.96,955.96,0.0
202606241032,955.96,955.96,955.96,955.96,0.0
202606241033,955.96,955.96,955.96,955.96,0.0
202606241034,955.96,955.96,955.96,955.96,0.0
202606241035,955.96,955.96,955.96,955.96,0.0
202606241036,955.96,955.96,955.96,955.96,0.0
202606241037,955.96,955.96,955.96,955.96,0.0
202606241038,955.96,955.96,955.96,955.96,0.0
202606241039,955.96,955.96,955.96,955.96,0.0
202606241040,955.96,955.96,955.96,955.96,0.0
202606241041,955.96,955.96,955.96,955.96,0.0
202606241042,955.96,955.96,955.96,955.96,0.0
202606241043,955.96,955.96,955.96,955.96,0.0
202606241044,955.96,955.96,955.96,955.96,0.0
202606241045,955.96,955.96,955.96,955.96,0.0
202606241046,955.96,955.96,955.96,955.96,0.0
202606241047,955.96,955.96,955.96,955.96,0.0
202606241048,955.96,955.96,955.96,955.96,0.0
202606241049,955.96,955.96,955.96,955.96,0.0
202606241050,955.96,955.96,955.96,955.96,0.0
202606241051,955.96,955.96,955.96,955.96,0.0
202606241052,955.96,955.96,955.96,955.96,0.0
202606241053,955.96,955.96,955.96,955.96,0.0
202606241054,955.96,955.96,955.96,955.96,0.0
202606241055,955.96,955.96,955.96,955.96,0.0
202606241056,955.96,955.96,955.96,955.96,0.0
202606241057,955.96,955.96,955.96,955.96,0.0
202606241058,955.96,955.96,955.96,955.96,0.0
202606241059,955.96,955.96,955.96,955.96,0.0
202606241100,955.56,954.0,955.56,954.0,0.0
202606241101,955.08,955.08,955.08,955.08,0.0
202606241102,955.06,955.0,955.06,955.0,0.0
202606241103,955.01,955.01,955.01,955.01,0.0
202606241104,955.01,955.01,955.01,955.01,0.0
202606241105,955.01,955.01,955.01,955.01,0.0
202606241106,955.01,955.01,955.01,955.01,0.0
202606241107,955.01,955.01,955.01,955.01,0.0
202606241108,955.01,955.01,955.01,955.01,0.0
202606241109,954.0,958.0,958.0,954.0,0.0
202606241110,955.68,955.68,955.68,955.68,0.0
202606241111,955.68,955.68,955.68,955.68,0.0
202606241112,955.68,955.68,955.68,955.68,0.0
202606241113,955.68,955.68,955.68,955.68,0.0
202606241114,955.0,955.39,955.39,955.0,0.0
202606241115,955.39,955.39,955.39,955.39,0.0
202606241116,955.0,956.5,956.5,955.0,0.0
202606241117,955.39,955.39,955.39,955.39,0.0
202606241118,955.39,955.39,955.39,955.39,0.0
202606241119,955.39,955.39,955.39,955.39,0.0
202606241120,956.5,955.0,956.5,955.0,0.0
202606241121,955.39,955.39,955.39,955.39,0.0
202606241122,955.39,955.39,955.39,955.39,0.0
202606241123,956.5,958.0,958.0,956.5,0.0
202606241124,955.5222,956.5,956.5,955.5222,0.0
202606241125,955.39,955.39,955.39,955.39,0.0
202606241126,955.39,955.39,955.39,955.39,0.0
202606241127,955.39,955.39,955.39,955.39,0.0
202606241128,955.39,955.39,955.39,955.39,0.0
202606241129,955.39,955.39,955.39,955.39,0.0
202606241130,956.0,956.5,956.5,956.0,0.0
202606241131,955.39,955.39,955.39,955.39,0.0
202606241132,955.98,955.98,955.98,955.98,1.0
202606241133,955.98,955.98,955.98,955.98,0.0
202606241134,956.0,955.39,956.5,955.0,0.0
202606241135,955.98,955.98,955.98,955.98,0.0
202606241136,955.98,955.98,955.98,955.98,0.0
202606241137,955.3757,955.524,955.524,955.3757,0.0
202606241138,955.62,955.6,955.62,955.6,0.0
202606241139,956.0,956.5,956.5,956.0,0.0
202606241140,955.98,955.98,955.98,955.98,0.0
202606241141,956.0,956.5,956.5,956.0,0.0
202606241142,955.98,955.98,955.98,955.98,0.0
202606241143,955.98,955.98,955.98,955.98,0.0
202606241144,955.98,955.98,955.98,955.98,0.0
202606241145,955.98,955.98,955.98,955.98,0.0
202606241146,955.98,955.98,955.98,955.98,0.0
202606241147,955.7093,958.0,958.0,955.7093,0.0
202606241148,955.95,957.0,957.0,955.95,0.0
202606241149,955.96,956.54,956.54,955.96,0.0
202606241150,955.98,956.0,956.0,955.98,0.0
202606241151,955.98,955.98,955.98,955.98,0.0
202606241152,956.445,958.0,958.0,956.445,0.0
202606241153,957.89,956.445,957.89,956.445,0.0
202606241154,957.89,957.89,957.89,957.89,0.0
202606241155,957.89,957.89,957.89,957.89,0.0
202606241156,955.0,956.5,958.0,955.0,0.0
202606241157,955.6712,955.5,955.6712,955.5,0.0
202606241158,957.89,957.89,957.89,957.89,0.0
202606241159,957.89,957.89,957.89,957.89,0.0
202606241200,957.89,957.89,957.89,957.89,0.0
202606241201,957.89,957.89,957.89,957.89,0.0
202606241202,956.0,957.0,957.0,956.0,0.0
202606241203,957.89,957.89,957.89,957.89,0.0
202606241204,957.89,957.89,957.89,957.89,0.0
202606241205,957.89,957.89,957.89,957.89,0.0
202606241206,957.89,957.89,957.89,957.89,0.0
202606241207,956.3,956.5,956.5,956.3,0.0
202606241208,956.5,955.0,956.56,955.0,0.0
202606241209,956.5,955.0,956.5,955.0,0.0
202606241210,957.89,957.89,957.89,957.89,0.0
202606241211,956.5,955.0,956.5,955.0,0.0
202606241212,957.89,957.89,957.89,957.89,0.0
202606241213,957.89,957.89,957.89,957.89,0.0
202606241214,957.89,957.89,957.89,957.89,0.0
202606241215,956.2765,956.42,957.0,956.2765,0.0
202606241216,956.5,956.5,956.5,956.5,0.0
202606241217,956.5,956.5,956.5,956.5,0.0
202606241218,956.5,956.5,958.0,956.5,0.0
202606241219,956.5,955.0,956.5,955.0,0.0
202606241220,956.5,956.5,956.5,956.5,0.0
202606241221,956.5,956.5,956.5,956.5,0.0
202606241222,956.5,956.5,956.5,956.5,0.0
202606241223,956.5,956.5,956.5,956.5,0.0
202606241224,956.5,956.5,956.5,956.5,0.0
202606241225,956.5,956.5,956.5,956.5,0.0
202606241226,956.5,956.5,956.5,956.5,0.0
202606241227,956.5,955.6,956.5,955.6,0.0
202606241228,956.5,956.5,956.5,956.5,0.0
202606241229,956.5,956.5,956.5,956.5,0.0
202606241230,956.5,956.5,956.5,956.5,0.0
202606241231,958.0,955.6,958.0,955.6,0.0
202606241232,956.5,956.5,956.5,956.5,0.0
202606241233,956.5,956.5,956.5,956.5,0.0
202606241234,956.92,956.5,956.92,955.0,0.0
202606241235,956.5,956.5,956.5,956.5,0.0
202606241236,956.5,956.5,956.5,956.5,0.0
202606241237,956.5,956.5,956.5,956.5,0.0
202606241238,956.5,956.5,956.5,956.5,0.0
202606241239,956.5,956.53,956.53,956.5,0.0
202606241240,956.5,956.5,956.5,956.5,0.0
202606241241,956.53,955.7,956.53,955.7,0.0
202606241242,956.5,956.5,956.5,956.5,0.0
202606241243,955.75,955.7,955.75,955.0,0.0
202606241244,955.7,955.7,955.7,955.7,0.0
202606241245,955.7,955.7,955.7,955.7,0.0
202606241246,956.5,957.0,958.0,956.5,0.0
202606241247,955.7,955.7,955.7,955.7,0.0
202606241248,955.7,955.7,955.7,955.7,0.0
202606241249,955.7,955.7,955.7,955.7,0.0
202606241250,955.7,955.7,955.7,955.7,0.0
202606241251,955.7,955.7,955.7,955.7,0.0
202606241252,955.7,955.7,955.7,955.7,0.0
202606241253,955.7,955.7,955.7,955.7,0.0
202606241254,955.7,955.7,955.7,955.7,0.0
202606241255,955.7,955.7,955.7,955.7,0.0
202606241256,956.66,956.525,956.66,956.525,0.0
202606241257,956.525,956.37,956.525,954.07,0.0
202606241258,955.7,955.7,955.7,955.7,0.0
202606241259,955.7,955.7,955.7,955.7,0.0
202606241300,955.87,955.75,956.5,955.75,0.0
202606241301,955.75,955.75,956.4625,955.0,0.0
202606241302,956.0,956.0,956.0,956.0,0.0
202606241303,956.02,955.56,956.02,955.56,0.0
202606241304,955.475,955.47,957.05,955.1025,0.0
202606241305,955.1,955.1,955.1,955.1,0.0
202606241306,955.5009,956.025,956.025,955.5009,0.0
202606241307,955.1,955.1,955.1,955.1,0.0
202606241308,956.54,956.525,956.54,956.525,0.0
202606241309,955.1,955.1,955.1,955.1,0.0
202606241310,956.56,956.94,957.0,956.525,0.0
202606241311,956.5,957.0,957.0,956.0,0.0
202606241312,956.5,956.87,956.87,956.5,0.0
202606241313,956.055,956.5,956.5,956.055,0.0
202606241314,955.1,955.1,955.1,955.1,0.0
202606241315,955.1,955.1,955.1,955.1,0.0
202606241316,956.91,956.91,956.91,956.91,1.0
202606241317,956.91,956.91,956.91,956.91,0.0
202606241318,956.01,957.0,957.0,956.01,0.0
202606241319,956.0,956.5,956.5,956.0,0.0
202606241320,956.91,956.91,956.91,956.91,0.0
202606241321,956.0,956.5,957.0,956.0,0.0
202606241322,956.91,956.91,956.91,956.91,0.0
202606241323,956.62,956.5,957.0,956.5,0.0
202606241324,956.91,956.91,956.91,956.91,0.0
202606241325,956.91,956.91,956.91,956.91,0.0
202606241326,956.5,956.0,956.5,956.0,0.0
202606241327,956.5,959.98,959.98,956.5,0.0
202606241328,960.56,961.52,961.53,960.56,0.0
202606241329,961.56,962.08,962.08,959.335,0.0
202606241330,963.0,960.5850219726562,963.0,960.5850219726562,34367.0
202606241331,961.280029296875,963.1699829101562,964.3599853515625,960.6400146484375,11436.0
202606241332,963.2899780273438,964.4998779296875,964.4998779296875,961.030029296875,11072.0
202606241333,963.2249755859375,964.3400268554688,965.480224609375,963.1400146484375,10665.0
202606241334,964.4400024414062,963.5549926757812,965.25,963.5549926757812,4549.0
202606241335,963.3599853515625,961.3300170898438,963.4500122070312,961.0100708007812,4120.0
202606241336,961.8900146484375,963.4299926757812,963.5499877929688,961.8900146484375,3137.0
202606241337,963.5599975585938,964.760009765625,964.760009765625,963.5399780273438,4970.0
202606241338,964.77001953125,964.6400146484375,965.3400268554688,964.6400146484375,10426.0
202606241339,964.9650268554688,966.3599853515625,966.614990234375,964.6099853515625,6656.0
202606241340,966.2778930664062,966.47998046875,967.9400024414062,965.9099731445312,9324.0
202606241341,966.5,966.969970703125,967.5399169921875,966.3300170898438,2919.0
202606241342,967.0549926757812,967.4749755859375,967.5499877929688,966.9199829101562,5898.0
202606241343,967.4199829101562,966.8350219726562,967.7390747070312,966.1701049804688,4972.0
202606241344,966.3300170898438,965.7899780273438,967.3021850585938,965.5700073242188,2064.0
202606241345,965.5700073242188,964.6199951171875,966.0,964.6199951171875,4644.0
202606241346,964.9312133789062,963.510009765625,965.0,963.1199951171875,1795.0
202606241347,964.010009765625,965.0,965.0,963.0100708007812,2310.0
202606241348,965.7899780273438,964.47998046875,966.27001953125,964.47998046875,2408.0
202606241349,964.85498046875,964.1900024414062,964.85498046875,963.6099853515625,3075.0
202606241350,963.9500122070312,963.35498046875,963.9849853515625,962.7249755859375,1898.0
202606241351,962.719970703125,963.6583862304688,963.739990234375,962.655029296875,1845.0
202606241352,962.5001220703125,964.2100219726562,964.2100219726562,962.5001220703125,1067.0
202606241353,963.4949951171875,963.5800170898438,964.280029296875,963.4949951171875,2223.0
202606241354,963.0599975585938,963.2050170898438,963.6500244140625,962.27001953125,4797.0
202606241355,963.9099731445312,964.0999755859375,964.5499877929688,963.9099731445312,1671.0
202606241356,963.969970703125,964.2050170898438,964.4500122070312,963.8660888671875,6557.0
202606241357,963.8699951171875,962.3800048828125,963.8699951171875,962.3800048828125,1298.0
202606241358,962.8250122070312,962.9600219726562,962.9600219726562,962.0401000976562,7084.0
202606241359,963.0175170898438,962.1699829101562,963.0175170898438,962.1699829101562,2208.0
202606241400,962.3800048828125,963.2899780273438,963.6900024414062,961.9199829101562,5170.0
202606241401,963.2946166992188,964.2000122070312,964.2000122070312,963.1375122070312,4610.0
202606241402,964.1956787109375,963.0549926757812,964.2000122070312,963.0549926757812,4116.0
202606241403,963.4500122070312,963.3900146484375,963.4500122070312,962.8599853515625,5331.0
202606241404,963.5449829101562,964.614990234375,964.6699829101562,963.5449829101562,2107.0
202606241405,964.4650268554688,964.5,964.5,963.8150024414062,2582.0
202606241406,963.7899780273438,963.1998901367188,963.7899780273438,962.4700927734375,4260.0
202606241407,963.2000122070312,961.8930053710938,963.2000122070312,961.8800048828125,2397.0
202606241408,961.60498046875,961.3099975585938,961.60498046875,961.0349731445312,2889.0
202606241409,961.8499755859375,960.9249877929688,961.8499755859375,960.5001220703125,2148.0
202606241410,960.9199829101562,961.644775390625,961.644775390625,960.9199829101562,2160.0
202606241411,961.5650024414062,961.2100219726562,961.72998046875,960.7150268554688,2175.0
202606241412,961.5490112304688,963.0599975585938,963.0599975585938,961.5490112304688,3896.0
202606241413,963.3300170898438,963.2650756835938,963.719970703125,963.0999755859375,4563.0
202606241414,963.10498046875,961.9450073242188,963.10498046875,961.7999877929688,2353.0
202606241415,962.22998046875,963.8800048828125,963.9299926757812,961.9600219726562,3582.0
202606241416,964.2899780273438,964.0900268554688,964.8099975585938,964.02001953125,2524.0
202606241417,964.25,964.3336791992188,964.989990234375,964.2000122070312,1775.0
202606241418,964.97998046875,964.4650268554688,964.97998046875,964.17919921875,1601.0
202606241419,964.4500122070312,964.04248046875,964.4849853515625,963.4901123046875,1826.0
202606241420,963.97998046875,964.0999755859375,964.4500122070312,963.97998046875,1432.0
202606241421,964.0667724609375,962.9299926757812,964.3200073242188,962.4500122070312,5722.0
202606241422,963.3900146484375,962.239990234375,963.6298828125,962.239990234375,4452.0
202606241423,962.2650146484375,961.4425048828125,962.39990234375,961.4425048828125,1500.0
202606241424,961.510009765625,962.3800048828125,962.3800048828125,961.4299926757812,4705.0
202606241425,962.0599975585938,962.2100219726562,962.2100219726562,961.6824951171875,1339.0
202606241426,961.8099975585938,961.6099853515625,962.0900268554688,961.5,1158.0
202606241427,961.469970703125,960.905029296875,961.469970703125,960.8099975585938,2887.0
202606241428,961.1900024414062,960.8400268554688,961.1900024414062,960.5001220703125,1023.0
202606241429,960.5,960.4600219726562,960.5,960.1500244140625,6760.0
202606241430,960.4515991210938,959.7449951171875,960.4515991210938,959.7449951171875,2118.0
202606241431,959.7449951171875,958.8900146484375,959.7449951171875,958.8900146484375,3513.0
202606241432,958.8900146484375,959.9099731445312,960.0,958.8900146484375,2104.0
202606241433,960.0800170898438,959.2501220703125,960.085205078125,959.2501220703125,1265.0
202606241434,959.39501953125,958.9500122070312,959.39501953125,958.9500122070312,1925.0
202606241435,959.2899780273438,958.6400146484375,959.4099731445312,958.6400146484375,1467.0
202606241436,959.23876953125,958.5900268554688,959.23876953125,958.5900268554688,1577.0
202606241437,958.7999877929688,959.3300170898438,959.3300170898438,958.7999877929688,1975.0
202606241438,959.6300048828125,959.1699829101562,959.6300048828125,958.9400024414062,1546.0
202606241439,959.0,959.6699829101562,959.9099731445312,959.0,2151.0
202606241440,959.5999755859375,959.4000244140625,960.2498779296875,959.4000244140625,2533.0
202606241441,959.3200073242188,959.5700073242188,959.760009765625,959.2000122070312,2848.0
202606241442,959.4600219726562,959.25,959.4600219726562,958.5900268554688,2918.0
202606241443,958.8800048828125,959.0,959.010009765625,958.8800048828125,4477.0
202606241444,959.0999755859375,958.510009765625,959.0999755859375,957.8599853515625,8831.0
202606241445,958.3599853515625,958.989990234375,959.239990234375,958.3599853515625,2754.0
202606241446,958.6199951171875,958.0800170898438,958.8150024414062,957.5499877929688,1789.0
202606241447,957.3300170898438,957.72998046875,957.9400024414062,957.3300170898438,2342.0
202606241448,958.25,957.8499755859375,958.3300170898438,957.8499755859375,1843.0
202606241449,958.3300170898438,959.2899780273438,960.1500244140625,958.3099975585938,10641.0
202606241450,959.9500122070312,959.77001953125,960.6444702148438,959.10400390625,3298.0
202606241451,959.6699829101562,961.2249755859375,961.2249755859375,959.6699829101562,4762.0
202606241452,961.22998046875,961.1400146484375,961.342529296875,960.8099975585938,1900.0
202606241453,961.2750244140625,961.6300048828125,962.1199951171875,961.1400146484375,9882.0
202606241454,960.6099853515625,960.8775024414062,960.8775024414062,960.6099853515625,2032.0
202606241455,960.8150024414062,961.2949829101562,961.7000122070312,960.8150024414062,3259.0
202606241456,961.4650268554688,960.780029296875,961.4650268554688,960.0,2809.0
202606241457,960.1699829101562,959.8800048828125,960.5700073242188,959.8800048828125,1683.0
202606241458,959.5599975585938,959.9849853515625,960.0,959.1699829101562,2981.0
202606241459,960.4199829101562,960.35498046875,960.4199829101562,960.0800170898438,1774.0
202606241500,960.35498046875,960.8499755859375,960.8499755859375,960.35498046875,2137.0
202606241501,960.7000122070312,960.5399780273438,960.7000122070312,960.4099731445312,897.0
202606241502,960.5900268554688,960.489990234375,960.5900268554688,960.3300170898438,1400.0
202606241503,960.1699829101562,961.0,961.0,960.094970703125,3589.0
202606241504,960.8800048828125,960.6900024414062,960.8800048828125,960.6900024414062,1348.0
202606241505,960.5599975585938,961.530029296875,961.9400024414062,960.0001220703125,8083.0
202606241506,961.5700073242188,962.6300048828125,962.8200073242188,961.5700073242188,1871.0
202606241507,962.6300048828125,962.614990234375,963.201171875,962.489990234375,3979.0
202606241508,962.3300170898438,962.1500244140625,962.3300170898438,961.8800048828125,2113.0
202606241509,961.8800048828125,961.9149780273438,962.0399780273438,961.8800048828125,1345.0
202606241510,961.844970703125,961.4650268554688,961.844970703125,960.95751953125,3012.0
202606241511,961.4650268554688,961.2901000976562,962.7899780273438,961.1179809570312,14549.0
202606241512,961.8699951171875,961.9249877929688,961.9249877929688,961.8699951171875,799.0
202606241513,961.9249877929688,962.2000122070312,962.4600219726562,961.9249877929688,4331.0
202606241514,962.2000122070312,962.5599975585938,962.5599975585938,962.0900268554688,3078.0
202606241515,962.7999877929688,962.6599731445312,962.8200073242188,962.6199951171875,2118.0
202606241516,962.7150268554688,962.6099853515625,962.7150268554688,962.489990234375,1282.0
202606241517,962.97998046875,962.8150024414062,963.0599975585938,962.6099853515625,2746.0
202606241518,963.0900268554688,962.969970703125,963.0999755859375,962.969970703125,1792.0
202606241519,963.3790283203125,963.2899780273438,963.6649780273438,962.77001953125,4631.0
202606241520,963.5,963.8499755859375,963.8499755859375,963.1599731445312,1165.0
202606241521,963.989990234375,964.9650268554688,965.5599975585938,963.989990234375,12343.0
202606241522,964.9650268554688,965.0499877929688,965.3900146484375,964.7000122070312,2892.0
202606241523,965.3031005859375,964.6257934570312,965.3031005859375,964.6257934570312,2043.0
202606241524,964.9000244140625,965.3599853515625,965.3599853515625,964.6160888671875,1296.0
202606241525,964.9600219726562,964.77001953125,965.1500244140625,964.6799926757812,4627.0
202606241526,964.4400024414062,964.9400024414062,964.9400024414062,964.3099975585938,2024.0
202606241527,964.8400268554688,965.3800048828125,965.3900146484375,964.6972045898438,2627.0
202606241528,964.9600219726562,965.3599853515625,965.989990234375,964.9600219726562,7743.0
202606241529,965.2750244140625,965.260009765625,965.47998046875,965.0,2485.0
202606241530,965.0,965.2000122070312,965.4199829101562,964.9550170898438,3266.0
202606241531,965.52001953125,965.5700073242188,965.5700073242188,965.1849975585938,2000.0
202606241532,965.5700073242188,965.6746215820312,965.7999877929688,965.530029296875,2980.0
202606241533,965.3499755859375,965.3489990234375,965.530029296875,965.3489990234375,644.0
202606241534,964.969970703125,964.7550048828125,965.1500244140625,964.7550048828125,1782.0
202606241535,965.1699829101562,964.8289794921875,965.1699829101562,964.3900146484375,1488.0
202606241536,964.0848999023438,964.3099975585938,964.5399780273438,964.0848999023438,1803.0
202606241537,964.2100219726562,964.5,964.5,964.2100219726562,946.0
202606241538,964.6300048828125,964.239990234375,964.6300048828125,964.072509765625,1171.0
202606241539,964.2449951171875,963.9600219726562,964.6099853515625,963.9600219726562,1441.0
202606241540,964.0150146484375,962.02001953125,964.0250244140625,962.02001953125,4108.0
202606241541,962.4099731445312,962.9910278320312,962.9910278320312,962.041015625,1347.0
202606241542,962.72998046875,962.4400024414062,962.72998046875,962.4400024414062,1174.0
202606241543,962.5650024414062,962.5650024414062,962.5650024414062,962.5650024414062,343.0
202606241544,962.9099731445312,963.1300048828125,963.1400146484375,962.6065063476562,3147.0
202606241545,962.8250122070312,962.3099975585938,963.0999755859375,962.3099975585938,5938.0
202606241546,962.27001953125,962.282470703125,962.4299926757812,962.2650146484375,1573.0
202606241547,962.2650146484375,962.0549926757812,962.2650146484375,962.0549926757812,807.0
202606241548,962.3200073242188,962.0700073242188,962.3200073242188,962.030029296875,2791.0
202606241549,962.3010864257812,961.989990234375,962.3444213867188,961.91748046875,2145.0
202606241550,962.2899780273438,962.72998046875,962.72998046875,962.1900024414062,3061.0
202606241551,962.97998046875,962.75,962.97998046875,962.75,2246.0
202606241552,962.7849731445312,962.3200073242188,962.7849731445312,962.3200073242188,1003.0
202606241553,962.0800170898438,961.655029296875,962.260009765625,961.5449829101562,3336.0
202606241554,961.655029296875,961.342529296875,961.655029296875,961.342529296875,1006.0
202606241555,961.3599853515625,961.0490112304688,961.3599853515625,961.0,1133.0
202606241556,961.0900268554688,960.780029296875,961.0900268554688,960.739990234375,1321.0
202606241557,961.0999755859375,960.739990234375,961.0999755859375,960.739990234375,1754.0
202606241558,960.5599975585938,960.489990234375,960.5599975585938,960.0999755859375,1445.0
202606241559,960.0910034179688,960.2249755859375,960.3499755859375,960.0910034179688,4185.0
202606241600,960.22998046875,959.905029296875,960.22998046875,959.6400146484375,4254.0
202606241601,959.9400024414062,959.5800170898438,959.9500122070312,959.5800170898438,1396.0
202606241602,959.3800048828125,960.0,960.0800170898438,959.3800048828125,3256.0
202606241603,959.5499877929688,959.5499877929688,959.5499877929688,959.5499877929688,934.0
202606241604,959.60498046875,959.3427124023438,960.1199951171875,959.3427124023438,5777.0
202606241605,959.6300048828125,959.7449951171875,959.77001953125,959.5999755859375,1152.0
202606241606,960.1799926757812,960.4299926757812,960.47998046875,960.1799926757812,977.0
202606241607,960.3699951171875,961.1500244140625,961.1500244140625,960.0399780273438,1735.0
202606241608,961.1900024414062,961.1500244140625,961.1900024414062,960.7650146484375,674.0
202606241609,961.0,960.885009765625,961.2100219726562,960.885009765625,1476.0
202606241610,960.885009765625,960.885009765625,960.885009765625,960.885009765625,829.0
202606241611,961.25,962.260009765625,962.6300048828125,960.7000122070312,3621.0
202606241612,962.010009765625,961.3699951171875,962.089599609375,961.3699951171875,1681.0
202606241613,961.219970703125,961.4400024414062,961.4400024414062,961.1199951171875,2829.0
202606241614,960.9450073242188,960.77001953125,960.9450073242188,960.77001953125,1364.0
202606241615,960.8099975585938,961.0700073242188,961.1599731445312,960.6801147460938,2360.0
202606241616,961.072509765625,961.0549926757812,961.3298950195312,960.6810913085938,5880.0
202606241617,961.030029296875,961.7550048828125,962.0599975585938,961.030029296875,2486.0
202606241618,962.1099853515625,962.41650390625,962.489990234375,962.1099853515625,674.0
202606241619,962.1950073242188,962.1950073242188,962.1950073242188,962.1950073242188,377.0
202606241620,962.1425170898438,961.030029296875,962.1425170898438,961.030029296875,2375.0
202606241621,961.02001953125,961.1099853515625,961.4500122070312,961.02001953125,1307.0
202606241622,961.1099853515625,961.1099853515625,961.1099853515625,961.1099853515625,1397.0
202606241623,960.9949951171875,960.8250122070312,960.9949951171875,960.5999755859375,688.0
202606241624,960.8200073242188,960.5800170898438,960.8200073242188,960.52001953125,2639.0
202606241625,960.6900024414062,960.6998901367188,960.780029296875,960.4199829101562,1198.0
202606241626,960.4199829101562,960.6500244140625,960.7000122070312,960.1500244140625,3314.0
202606241627,960.4199829101562,960.385009765625,960.5499877929688,960.3430786132812,2002.0
202606241628,960.5599975585938,960.6099853515625,960.75,960.4349975585938,3472.0
202606241629,960.6962280273438,961.1099853515625,961.4000244140625,960.6599731445312,8088.0
202606241630,961.10498046875,961.280029296875,961.280029296875,961.0557250976562,640.0
202606241631,960.875,961.72998046875,961.72998046875,960.875,3047.0
202606241632,961.75,961.5,961.9249877929688,961.5,2258.0
202606241633,961.489990234375,961.530029296875,961.530029296875,961.489990234375,740.0
202606241634,961.5100708007812,961.5250244140625,961.9000244140625,961.5100708007812,572.0
202606241635,961.5250244140625,961.469970703125,961.77001953125,961.469970703125,576.0
202606241636,961.7000122070312,961.4749755859375,961.8699951171875,961.469970703125,942.0
202606241637,961.8599853515625,961.5650024414062,961.8699951171875,961.2100219726562,1196.0
202606241638,961.2100219726562,961.5050048828125,961.5349731445312,961.1599731445312,946.0
202606241639,961.5,961.5,961.5,961.5,670.0
202606241640,961.1099853515625,961.0499877929688,961.1400146484375,960.75,1721.0
202606241641,961.0599975585938,960.7249755859375,961.0599975585938,960.5900268554688,1553.0
202606241642,960.7249755859375,960.719970703125,960.7249755859375,960.719970703125,705.0
202606241643,960.3900146484375,960.4099731445312,960.79931640625,960.030029296875,1582.0
202606241644,960.0,960.1749877929688,960.1799926757812,960.0,2233.0
202606241645,960.0225219726562,959.8699951171875,960.0700073242188,959.1400146484375,4197.0
202606241646,959.5650024414062,959.4874877929688,959.8150024414062,959.4874877929688,717.0
202606241647,959.8900146484375,960.0349731445312,960.3134155273438,959.760009765625,4642.0
202606241648,960.0574951171875,960.6771850585938,960.6771850585938,959.9099731445312,4929.0
202606241649,960.4749755859375,960.090087890625,960.4749755859375,960.090087890625,486.0
202606241650,960.9000244140625,960.3900146484375,960.9299926757812,960.3900146484375,1496.0
202606241651,960.9099731445312,960.7349853515625,961.4498901367188,960.6599731445312,1476.0
202606241652,960.5349731445312,959.9650268554688,960.5349731445312,959.9650268554688,1073.0
202606241653,959.9149780273438,959.5499877929688,959.9149780273438,959.260009765625,1948.0
202606241654,959.02001953125,958.89501953125,959.1500244140625,958.531982421875,4815.0
202606241655,959.260009765625,958.8900146484375,959.260009765625,958.8900146484375,154.0
202606241656,958.85498046875,959.02001953125,959.02001953125,958.8499755859375,1445.0
202606241657,958.8099975585938,958.7050170898438,958.8099975585938,958.4600219726562,907.0
202606241658,958.7000122070312,958.9500122070312,958.9500122070312,958.7000122070312,1277.0
202606241659,958.989990234375,959.6500244140625,959.6500244140625,958.7750244140625,4781.0
202606241700,959.6799926757812,959.6749877929688,959.875,959.6390991210938,1273.0
202606241701,959.6649780273438,959.52001953125,959.6649780273438,959.3599853515625,2509.0
202606241702,959.3599853515625,959.3200073242188,959.6500244140625,959.3200073242188,1100.0
202606241703,959.6500244140625,959.7374877929688,959.9899291992188,959.5999755859375,1392.0
202606241704,959.989990234375,960.0750122070312,960.2100219726562,959.969970703125,1767.0
202606241705,960.0150146484375,960.0050048828125,960.239990234375,959.780029296875,1990.0
202606241706,960.0900268554688,960.2349853515625,960.2349853515625,960.0900268554688,991.0
202606241707,960.7000122070312,960.97998046875,960.97998046875,960.7000122070312,2407.0
202606241708,961.2150268554688,960.9249877929688,961.2150268554688,960.9000244140625,981.0
202606241709,960.9899291992188,961.1599731445312,961.1599731445312,960.85498046875,3368.0
202606241710,961.2100219726562,961.2100219726562,961.2100219726562,961.2100219726562,575.0
202606241711,961.0650024414062,961.35498046875,961.52001953125,961.0650024414062,1543.0
202606241712,961.760009765625,961.8200073242188,962.1300048828125,961.760009765625,3138.0
202606241713,961.969482421875,961.52001953125,961.969482421875,961.52001953125,2085.0
202606241714,961.7449951171875,961.4650268554688,961.7449951171875,961.405029296875,1092.0
202606241715,961.4650268554688,961.22998046875,961.4650268554688,961.2000122070312,1722.0
202606241716,961.0050048828125,961.0700073242188,961.27001953125,961.0,1779.0
202606241717,960.5800170898438,960.75,960.75,960.5449829101562,707.0
202606241718,960.6649780273438,961.3699951171875,961.3699951171875,960.6649780273438,1596.0
202606241719,961.1649780273438,961.3699951171875,961.469970703125,961.1599731445312,706.0
202606241720,961.3200073242188,961.4199829101562,961.7000122070312,961.3200073242188,2562.0
202606241721,961.42,961.42,961.42,961.42,0.0
202606241722,961.5,961.4650268554688,961.6099243164062,961.0501098632812,3007.0
202606241723,961.3200073242188,961.4949951171875,961.6900024414062,961.1500244140625,2385.0
202606241724,961.4949951171875,961.5750122070312,961.8400268554688,961.2899780273438,2182.0
202606241725,961.6500244140625,961.8250122070312,962.0443725585938,961.6500244140625,3045.0
202606241726,961.9099731445312,960.0800170898438,962.0050048828125,960.0800170898438,3611.0
202606241727,960.0800170898438,958.9000244140625,960.0800170898438,958.9000244140625,1209.0
202606241728,959.4249877929688,959.4400024414062,959.9498901367188,958.9000244140625,2432.0
202606241729,959.3300170898438,959.3499755859375,959.3499755859375,959.219970703125,1767.0
202606241730,959.4249877929688,959.6400146484375,959.7999877929688,959.3599853515625,3038.0
202606241731,959.2000122070312,958.9450073242188,959.780029296875,958.77001953125,1801.0
202606241732,958.9450073242188,958.5750122070312,958.9450073242188,958.0,2202.0
202606241733,958.5150146484375,958.4400024414062,958.52001953125,958.0,1374.0
202606241734,958.8499145507812,958.2249755859375,958.8499145507812,958.2249755859375,1289.0
202606241735,958.3900146484375,957.9000244140625,958.3900146484375,957.8800048828125,3075.0
202606241736,957.6300048828125,957.4099731445312,957.6300048828125,957.39501953125,1210.0
202606241737,957.39501953125,957.541015625,957.6799926757812,957.0,1278.0
202606241738,957.4199829101562,957.7750244140625,958.1400146484375,957.4199829101562,2341.0
202606241739,957.8049926757812,958.4000244140625,958.4000244140625,957.8049926757812,3032.0
202606241740,958.6699829101562,958.9244995117188,958.9298706054688,958.655029296875,1192.0
202606241741,958.1199951171875,958.3699951171875,958.3699951171875,957.7000122070312,917.0
202606241742,958.4149780273438,958.3400268554688,958.4149780273438,958.1400146484375,599.0
202606241743,958.0,958.3400268554688,958.3400268554688,958.0,884.0
202606241744,958.3350219726562,958.3300170898438,958.6699829101562,958.1928100585938,1730.0
202606241745,958.3400268554688,958.5999755859375,958.8798828125,958.3250122070312,2084.0
202606241746,958.4299926757812,958.8200073242188,958.8200073242188,958.4299926757812,1910.0
202606241747,958.8300170898438,958.6799926757812,958.9498901367188,958.3200073242188,1987.0
202606241748,958.6749877929688,958.4149780273438,958.6749877929688,958.3099975585938,1579.0
202606241749,958.4550170898438,958.6699829101562,958.9000244140625,958.19580078125,2369.0
202606241750,958.6500244140625,958.6500244140625,958.6500244140625,958.6500244140625,436.0
202606241751,958.3699951171875,958.4450073242188,958.7899780273438,958.3699951171875,1272.0
202606241752,958.4500122070312,958.4550170898438,958.75,958.4500122070312,2265.0
202606241753,958.4949951171875,958.8800048828125,958.8800048828125,958.4949951171875,1630.0
202606241754,958.6900024414062,958.625,959.030029296875,958.625,2287.0
202606241755,958.4749755859375,958.4500122070312,958.7144775390625,958.1701049804688,5937.0
202606241756,958.4450073242188,958.5399780273438,958.72998046875,958.4450073242188,1486.0
202606241757,958.780029296875,959.0700073242188,959.0700073242188,958.6649780273438,2452.0
202606241758,959.239990234375,959.469970703125,959.469970703125,959.0900268554688,2084.0
202606241759,959.25,959.4400024414062,959.6400146484375,958.8699951171875,783.0
202606241800,959.25,960.239990234375,960.239990234375,959.25,3309.0
202606241801,960.1174926757812,960.4099731445312,960.4099731445312,960.0,2249.0
202606241802,960.4000244140625,960.8300170898438,960.8400268554688,960.4000244140625,3000.0
202606241803,960.5800170898438,960.375,960.6300048828125,960.375,4043.0
202606241804,960.375,960.6900024414062,960.6900024414062,960.375,2954.0
202606241805,960.9000244140625,961.4000244140625,961.6950073242188,960.9000244140625,3154.0
202606241806,961.39501953125,961.8300170898438,961.8400268554688,961.39501953125,1067.0
202606241807,961.3699951171875,961.72998046875,961.72998046875,961.2899780273438,1340.0
202606241808,961.5399780273438,961.1400756835938,961.6099853515625,961.1400756835938,2105.0
202606241809,961.52001953125,962.030029296875,962.1599731445312,961.3599853515625,1844.0
202606241810,961.9600219726562,962.1699829101562,962.208984375,961.8499755859375,2988.0
202606241811,962.2000122070312,962.469970703125,962.469970703125,961.9400024414062,3101.0
202606241812,962.3150024414062,961.9949951171875,962.3150024414062,961.9949951171875,1724.0
202606241813,961.8699951171875,961.8200073242188,961.8900146484375,961.6799926757812,2028.0
202606241814,961.9299926757812,961.4500122070312,961.9299926757812,961.2249755859375,2602.0
202606241815,961.4400024414062,961.1699829101562,961.4400024414062,961.0001220703125,2846.0
202606241816,961.4000244140625,961.2550048828125,961.4500122070312,961.2550048828125,2337.0
202606241817,961.25,961.2449951171875,961.280029296875,961.2449951171875,510.0
202606241818,961.2449951171875,961.4199829101562,961.6900024414062,960.9400024414062,6401.0
202606241819,961.6599731445312,961.2750244140625,961.7000122070312,961.2750244140625,1568.0
202606241820,961.29248046875,961.6199951171875,961.6199951171875,961.29248046875,831.0
202606241821,961.8800048828125,962.0800170898438,962.1500244140625,961.614990234375,1599.0
202606241822,961.9099731445312,962.0205078125,962.0205078125,961.614990234375,1786.0
202606241823,961.7150268554688,962.2550048828125,962.3839721679688,961.7150268554688,1349.0
202606241824,962.469970703125,962.2999877929688,962.5,962.219970703125,1377.0
202606241825,962.2899780273438,962.27001953125,962.4589233398438,962.10009765625,4007.0
202606241826,962.0999755859375,962.5599975585938,962.5599975585938,962.0999755859375,3010.0
202606241827,962.4450073242188,962.4550170898438,962.5050048828125,962.260009765625,1290.0
202606241828,962.260009765625,962.3250122070312,962.6599731445312,962.239990234375,2421.0
202606241829,962.1475219726562,962.7122192382812,962.719970703125,962.14501953125,1811.0
202606241830,962.4099731445312,963.010009765625,963.25,962.4099731445312,3496.0
202606241831,962.9099731445312,963.135009765625,963.3699951171875,962.9000244140625,1910.0
202606241832,963.135009765625,963.5399780273438,963.6300048828125,963.135009765625,2498.0
202606241833,963.7100219726562,964.1099853515625,964.2999877929688,963.7100219726562,1882.0
202606241834,963.8699951171875,964.010009765625,964.2899780273438,963.7949829101562,2039.0
202606241835,963.8499755859375,964.27001953125,964.27001953125,963.8499755859375,1185.0
202606241836,964.0549926757812,964.1199951171875,964.1199951171875,963.9600219726562,1922.0
202606241837,964.155029296875,964.469970703125,964.6300048828125,964.155029296875,2352.0
202606241838,964.6699829101562,964.9066162109375,965.1400146484375,964.6699829101562,2193.0
202606241839,965.0,964.6300048828125,965.0,964.5399780273438,1408.0
202606241840,964.739990234375,964.530029296875,964.7492065429688,964.27001953125,6499.0
202606241841,964.5399780273438,964.6849975585938,964.9600219726562,964.5399780273438,1656.0
202606241842,964.9400024414062,964.9849853515625,965.1199951171875,964.8223266601562,2110.0
202606241843,964.969970703125,964.885009765625,965.2999877929688,964.8250122070312,1624.0
202606241844,964.8599853515625,964.719970703125,965.1300048828125,964.5800170898438,3564.0
202606241845,964.8800048828125,964.6749877929688,964.8800048828125,964.6300048828125,1473.0
202606241846,964.8800048828125,965.2899780273438,965.489990234375,964.8250122070312,7099.0
202606241847,965.4000244140625,965.6400146484375,965.7899780273438,965.4000244140625,1652.0
202606241848,965.530029296875,965.52001953125,965.771728515625,965.2050170898438,2395.0
202606241849,965.3975219726562,965.0599975585938,965.3975219726562,964.9000244140625,2329.0
202606241850,964.7999877929688,964.5250244140625,964.844970703125,964.5250244140625,2126.0
202606241851,963.8800048828125,963.8699951171875,963.8800048828125,963.8699951171875,749.0
202606241852,963.864990234375,963.7650146484375,964.1199951171875,963.7100219726562,2457.0
202606241853,963.780029296875,963.6950073242188,963.8599853515625,963.6649780273438,3070.0
202606241854,963.47998046875,963.8699951171875,964.0499877929688,963.4550170898438,2452.0
202606241855,963.8699951171875,964.1400146484375,964.4000244140625,963.8699951171875,1876.0
202606241856,964.47998046875,963.969970703125,964.47998046875,963.8875122070312,2038.0
202606241857,963.969970703125,964.1500244140625,964.6699829101562,963.8051147460938,4194.0
202606241858,964.2349853515625,963.989990234375,964.2349853515625,963.8200073242188,1645.0
202606241859,963.8699951171875,963.7999877929688,964.1199951171875,963.7999877929688,2993.0
202606241900,963.530029296875,963.1799926757812,963.530029296875,962.9196166992188,2021.0
202606241901,963.125,963.4114990234375,963.72998046875,963.125,3452.0
202606241902,963.344970703125,963.8400268554688,963.8400268554688,963.1597290039062,2109.0
202606241903,963.75,964.0050048828125,964.219970703125,963.469970703125,3201.0
202606241904,963.9000244140625,963.467529296875,964.2000122070312,963.467529296875,2544.0
202606241905,963.5800170898438,963.3400268554688,963.5800170898438,963.3099975585938,1795.0
202606241906,963.4400024414062,963.8800048828125,963.8900146484375,963.1900024414062,3225.0
202606241907,963.8800048828125,963.8800048828125,964.530029296875,963.5999755859375,5265.0
202606241908,963.7999877929688,964.3699951171875,964.5499877929688,963.7999877929688,2516.0
202606241909,964.1300048828125,964.5700073242188,964.5700073242188,964.1300048828125,3048.0
202606241910,964.52001953125,964.6699829101562,964.9299926757812,964.2999877929688,3880.0
202606241911,964.8499755859375,964.8800048828125,965.0650024414062,964.530029296875,2887.0
202606241912,964.780029296875,964.6099853515625,964.780029296875,964.52001953125,2861.0
202606241913,964.719970703125,964.27001953125,964.719970703125,964.02001953125,2192.0
202606241914,964.280029296875,963.9600219726562,964.510009765625,963.780029296875,2535.0
202606241915,964.0800170898438,964.3900146484375,964.3900146484375,964.030029296875,3558.0
202606241916,964.1400146484375,964.3099975585938,964.3099975585938,963.739990234375,1856.0
202606241917,964.02001953125,964.1099853515625,964.1099853515625,963.6901245117188,3054.0
202606241918,964.0449829101562,964.1699829101562,964.280029296875,964.030029296875,1865.0
202606241919,964.280029296875,964.7000122070312,964.7999877929688,964.155029296875,3583.0
202606241920,964.72998046875,964.8400268554688,964.8400268554688,964.655029296875,1668.0
202606241921,964.9199829101562,964.7800903320312,965.0599975585938,964.72998046875,3173.0
202606241922,964.7650146484375,964.4099731445312,964.7650146484375,964.25,3195.0
202606241923,964.260009765625,963.3300170898438,964.260009765625,963.3300170898438,2316.0
202606241924,963.3150024414062,963.2899780273438,963.669921875,963.2899780273438,3001.0
202606241925,963.1900024414062,962.7000122070312,963.280029296875,962.6699829101562,4432.0
202606241926,963.0,961.8099975585938,963.0,961.8099975585938,2458.0
202606241927,961.8099975585938,962.239990234375,962.4099731445312,961.719970703125,3530.0
202606241928,962.239990234375,961.9000244140625,962.239990234375,961.8900146484375,2183.0
202606241929,961.60498046875,961.1707153320312,961.64501953125,961.0,3544.0
202606241930,960.8499755859375,960.6300048828125,961.0150146484375,960.510009765625,3254.0
202606241931,960.7999877929688,960.9199829101562,961.239990234375,960.7150268554688,3502.0
202606241932,960.7750244140625,961.25,961.3200073242188,960.7700805664062,3422.0
202606241933,960.9849853515625,961.1300048828125,961.3200073242188,960.7000122070312,4514.0
202606241934,961.0800170898438,961.3300170898438,961.3300170898438,961.0499877929688,2394.0
202606241935,961.3200073242188,960.9400024414062,961.530029296875,960.760009765625,3779.0
202606241936,960.760009765625,960.6400146484375,960.760009765625,960.14501953125,3126.0
202606241937,960.6799926757812,960.4199829101562,960.8599853515625,960.030029296875,2991.0
202606241938,960.010009765625,960.3400268554688,960.3400268554688,959.89501953125,4156.0
202606241939,960.3400268554688,960.2999877929688,960.3699951171875,959.97998046875,2213.0
202606241940,960.2000122070312,960.3150024414062,960.6099853515625,960.1699829101562,4950.0
202606241941,960.3099975585938,960.52001953125,960.6400146484375,960.3099975585938,2459.0
202606241942,960.4749755859375,959.885009765625,960.4749755859375,959.885009765625,3968.0
202606241943,960.1199951171875,960.1199951171875,960.280029296875,959.79541015625,3407.0
202606241944,960.0900268554688,960.2899780273438,960.2999877929688,959.8215942382812,4276.0
202606241945,960.0800170898438,961.510009765625,961.510009765625,960.0150146484375,8678.0
202606241946,961.6199951171875,961.5599975585938,961.9500122070312,961.469970703125,4548.0
202606241947,961.4299926757812,960.6300048828125,961.530029296875,960.3800048828125,4754.0
202606241948,960.4500122070312,960.5599975585938,960.780029296875,960.3499755859375,5470.0
202606241949,960.5700073242188,960.489990234375,960.6699829101562,960.219970703125,3475.0
202606241950,960.1699829101562,959.9299926757812,960.5700073242188,959.9199829101562,5593.0
202606241951,959.9299926757812,958.9349975585938,959.9299926757812,958.75,7058.0
202606241952,959.0399780273438,959.9349975585938,960.1699829101562,959.0399780273438,5452.0
202606241953,959.905029296875,959.8350219726562,960.1500244140625,959.610107421875,9377.0
202606241954,959.77001953125,961.1500244140625,961.5900268554688,959.6500244140625,12563.0
202606241955,961.1699829101562,960.6799926757812,961.1699829101562,960.0250244140625,13261.0
202606241956,960.8900146484375,961.2999877929688,961.385009765625,960.5,13729.0
202606241957,961.260009765625,960.8499755859375,961.4099731445312,960.5399780273438,16799.0
202606241958,960.7100219726562,960.72998046875,960.8599853515625,960.47998046875,26774.0
202606241959,960.719970703125,960.9600219726562,961.2100219726562,960.405029296875,62504.0
202606242000,961.09,961.09,961.1,960.97,472839.0
202606242001,961.56,962.85,965.7,961.56,0.0
202606242002,960.97,962.85,962.85,960.56,0.0
202606242003,962.85,962.85,962.85,961.09,0.0
202606242004,961.09,961.09,962.85,961.09,0.0
202606242005,960.56,962.65,962.65,960.1325,0.0
202606242006,962.65,960.13,962.65,960.13,0.0
202606242007,960.16,959.0,960.16,958.0,0.0
202606242008,958.0,958.0,958.0,958.0,1.0
202606242009,960.105,956.5512,960.105,956.5512,0.0
202606242010,961.09,957.29,961.09,956.5645,0.0
202606242011,957.44,957.56,958.64,957.0012,0.0
202606242012,957.81,958.63,958.63,957.62,0.0
202606242013,957.56,958.875,958.875,957.56,0.0
202606242014,961.09,958.0,961.09,957.22,0.0
202606242015,958.35,958.35,958.35,958.35,0.0
202606242016,957.0,957.4875,958.875,957.0,0.0
202606242017,957.48,957.48,957.48,957.4366,0.0
202606242018,958.56,958.875,959.9988,957.0,0.0
202606242019,958.875,958.875,958.875,957.01,0.0
202606242020,961.09,958.0,961.09,958.0,0.0
202606242021,957.1,960.75,960.75,957.1,0.0
202606242022,957.15,956.56,957.15,956.56,0.0
202606242023,956.27,957.88,957.88,955.3,0.0
202606242024,956.21,956.21,956.21,956.21,0.0
202606242025,955.08,955.07,957.875,955.0,0.0
202606242026,957.875,956.56,960.75,955.15,0.0
202606242027,957.875,956.44,957.875,956.44,0.0
202606242028,955.39,955.715,960.75,955.31,0.0
202606242029,955.21,957.595,957.595,955.02,0.0
202606242030,960.19,956.0,960.19,956.0,0.0
202606242031,955.0,957.595,957.595,955.0,0.0
202606242032,955.39,955.39,955.39,955.39,0.0
202606242033,957.595,956.16,957.595,956.08,0.0
202606242034,957.595,955.5001,957.595,955.5001,0.0
202606242035,958.0,956.0,958.0,956.0,0.0
202606242036,955.39,955.39,955.39,955.39,0.0
202606242037,955.58,957.89,957.89,955.58,0.0
202606242038,960.19,958.155,960.19,958.155,0.0
202606242039,955.39,955.39,955.39,955.39,0.0
202606242040,957.5,957.36,957.54,956.55,0.0
202606242041,955.56,958.16,958.16,955.5,0.0
202606242042,958.16,956.14,958.16,956.14,0.0
202606242043,958.16,958.16,958.16,957.36,0.0
202606242044,958.16,960.19,960.19,956.13,0.0
202606242045,958.0,958.0,958.0,958.0,0.0
202606242046,958.0,958.0,958.0,958.0,0.0
202606242047,958.0,958.0,958.0,958.0,0.0
202606242048,956.14,958.16,958.16,956.14,0.0
202606242049,957.06,958.115,958.115,957.06,0.0
202606242050,958.0,958.0,958.0,958.0,0.0
202606242051,958.115,956.7092,958.115,956.7092,0.0
202606242052,956.5718,956.05,956.5718,956.05,0.0
202606242053,956.05,956.5795,958.115,956.05,0.0
202606242054,956.05,956.5798,956.5798,956.04,0.0
202606242055,958.0,958.0,958.0,958.0,0.0
202606242056,957.54,958.0,958.0,957.54,0.0
202606242057,957.54,957.54,957.54,957.54,0.0
202606242058,957.54,957.54,957.54,957.54,0.0
202606242059,957.54,957.54,957.54,957.54,0.0
202606242100,959.9988,957.43,959.9988,957.43,0.0
202606242101,958.09,958.0,959.6505,958.0,0.0
202606242102,958.15,958.15,958.15,958.15,1.0
202606242103,956.8565,956.7,956.8565,956.7,0.0
202606242104,958.15,958.15,958.15,958.15,0.0
202606242105,958.56,960.2788,960.29,957.8,0.0
202606242106,956.7,958.49,958.49,956.7,0.0
202606242107,958.15,958.15,958.15,958.15,0.0
202606242108,958.54,956.87,958.54,956.87,0.0
202606242109,958.15,958.15,958.15,958.15,0.0
202606242110,958.0,957.2,958.0,957.2,0.0
202606242111,957.2,960.28,960.28,957.2,0.0
202606242112,958.15,958.15,958.15,958.15,0.0
202606242113,958.15,958.15,958.15,958.15,0.0
202606242114,958.565,956.85,958.565,956.85,0.0
202606242115,958.15,958.15,958.15,958.15,0.0
202606242116,956.85,957.29,957.32,956.85,0.0
202606242117,960.28,958.565,960.28,958.565,0.0
202606242118,957.5,957.5,957.5,957.5,1.0
202606242119,957.31,956.85,957.31,956.85,4.0
202606242120,960.28,957.11,960.28,957.11,0.0
202606242121,958.56,957.98,958.56,957.98,0.0
202606242122,956.7,960.28,960.28,956.7,0.0
202606242123,958.0,956.7,958.0,956.7,0.0
202606242124,958.35,957.46,958.35,957.46,0.0
202606242125,956.85,956.85,956.85,956.85,0.0
202606242126,956.85,956.85,956.85,956.85,0.0
202606242127,956.85,956.85,956.85,956.85,0.0
202606242128,958.64,957.2,958.64,957.2,0.0
202606242129,956.85,956.85,956.85,956.85,0.0
202606242130,957.265,957.95,958.64,957.265,0.0
202606242131,957.0,958.64,958.64,957.0,0.0
202606242132,957.0,958.64,958.64,957.0,0.0
202606242133,956.85,956.85,956.85,956.85,0.0
202606242134,957.3,957.3,957.98,957.3,0.0
202606242135,957.082,958.5,958.64,957.082,0.0
202606242136,957.59,958.35,958.35,957.59,0.0
202606242137,958.0,958.0,958.0,958.0,0.0
202606242138,957.064,957.28,957.28,957.064,0.0
202606242139,958.0,958.0,958.0,958.0,0.0
202606242140,958.0,958.0,958.0,958.0,0.0
202606242141,956.76,956.76,956.76,956.76,1.0
202606242142,956.76,956.76,956.76,956.76,0.0
202606242143,956.76,956.76,956.76,956.76,0.0
202606242144,956.76,956.76,956.76,956.76,0.0
202606242145,956.7,960.0,960.0,956.7,0.0
202606242146,956.76,956.76,956.76,956.76,0.0
202606242147,956.76,956.76,956.76,956.76,0.0
202606242148,956.76,956.76,956.76,956.76,0.0
202606242149,960.0,958.01,960.0,958.01,0.0
202606242150,957.9,958.0,958.0,957.9,0.0
202606242151,956.7,957.0574,957.0574,956.7,0.0
202606242152,956.76,956.76,956.76,956.76,0.0
202606242153,957.0075,957.31,957.31,957.0075,0.0
202606242154,957.5,957.6,960.0,957.5,0.0
202606242155,957.0784,956.7,957.7,956.7,0.0
202606242156,957.0802,957.08,957.0802,957.08,0.0
202606242157,957.0,957.0,957.0,957.0,0.0
202606242158,957.0,957.0,957.0,957.0,0.0
202606242159,957.0,957.0,957.0,957.0,0.0
202606242200,957.0,957.0,957.0,957.0,0.0
202606242201,957.0,957.0,957.0,957.0,0.0
202606242202,957.0,957.0,957.0,957.0,0.0
202606242204,958.35,957.02,960.0,956.71,0.0
202606242206,957.0,958.35,958.35,957.0,0.0
202606242212,956.87,958.35,958.35,956.87,0.0
202606242214,960.1905,958.49,960.1905,958.49,0.0
202606242215,957.0315,958.01,958.01,956.8478,0.0
202606242218,956.7895,958.01,958.01,956.7895,0.0
202606242220,956.71,960.28,961.09,956.71,0.0
202606242222,956.8,958.01,958.49,956.8,0.0
202606242223,956.8,958.49,958.49,956.8,0.0
202606242224,958.49,957.1038,958.49,957.1038,0.0
202606242226,956.56,956.04,956.56,956.04,0.0
202606242227,958.16,956.06,958.16,956.06,0.0
202606242228,956.04,958.02,958.16,956.04,0.0
202606242229,956.06,957.75,960.0,956.04,0.0
202606242231,955.56,956.54,956.54,955.51,0.0
202606242232,957.75,956.56,957.75,956.56,0.0
202606242233,955.56,955.52,955.56,955.52,0.0
202606242234,957.75,956.56,957.75,956.5,0.0
202606242235,955.6,957.75,957.75,955.52,0.0
202606242236,956.49,955.5,956.49,955.5,0.0
202606242237,956.04,955.6,957.75,955.5,0.0
202606242242,956.39,956.49,956.49,956.39,0.0
202606242243,956.0,955.7,956.0,955.7,0.0
202606242244,955.7,955.9654,957.75,955.5,0.0
202606242246,955.88,955.71,955.88,955.71,0.0
