datetime,open,close,high,low,volume
20240625,159.31,158.5,159.73,157.67,44594.0
20240626,158.4,155.85,158.75,155.79,66301.0
20240627,156.3,156.63,156.94,155.63,42151.0
20240628,157.45,156.7,158.58,156.17,86303.0
20240701,157.42,156.6,158.7,155.98,41187.0
20240702,157.0,156.83,157.82,155.45,47741.0
20240703,157.0,156.76,157.74,156.35,22967.0
20240705,156.8,154.4,157.32,153.68,43680.0
20240708,153.8,154.42,155.28,153.32,34804.0
20240709,153.92,153.0,154.76,152.34,39907.0
20240710,153.15,155.3,155.44,152.3,39051.0
20240711,155.13,155.1,156.68,154.22,51356.0
20240712,156.0,155.5,156.44,154.56,47645.0
20240715,157.19,158.38,159.52,156.05,41558.0
20240716,157.53,157.49,158.31,156.15,53515.0
20240717,157.14,161.23,161.5,156.46,53240.0
20240718,162.83,162.1,164.28,160.24,42710.0
20240719,162.22,159.0,162.7,158.41,46654.0
20240722,159.45,157.0,159.45,156.85,41122.0
20240723,157.02,154.06,157.1,153.78,46595.0
20240724,154.12,155.32,155.7,153.42,43865.0
20240725,154.3,157.7,158.26,154.3,38950.0
20240726,157.95,157.81,159.04,156.9,36783.0
20240729,158.5,156.6,158.5,154.86,35684.0
20240730,156.55,159.98,160.09,155.99,36945.0
20240731,160.7,160.78,161.88,157.8,40032.0
20240801,159.63,153.5,159.79,152.03,116406.0
20240802,153.44,149.09,153.52,147.02,95797.0
20240805,147.55,145.7,147.66,143.41,93602.0
20240806,145.94,143.35,146.1,143.12,67690.0
20240807,144.36,142.35,145.73,142.28,64603.0
20240808,142.65,144.72,144.97,142.5,53615.0
20240809,145.3,145.68,146.11,143.19,57471.0
20240812,145.8,144.69,146.74,139.69,59878.0
20240813,145.0,144.55,145.49,143.05,51326.0
20240814,144.67,145.15,145.28,143.43,41448.0
20240815,144.8,146.96,147.52,144.8,46303.0
20240816,147.0,147.38,147.62,145.64,52299.0
20240819,145.79,146.78,147.73,145.63,43395.0
20240820,146.75,144.81,147.0,144.56,55787.0
20240821,145.15,145.35,146.64,144.55,42179.0
20240822,145.83,145.93,146.34,145.13,28837.0
20240823,146.21,147.61,148.1,146.15,35826.0
20240826,148.49,148.58,150.09,147.55,43154.0
20240827,148.71,146.9,149.55,146.74,36887.0
20240828,146.77,145.53,147.14,145.48,37786.0
20240829,146.0,147.46,148.18,145.44,31740.0
20240830,147.84,147.83,148.08,145.7,46292.0
20240903,147.95,144.77,147.95,144.28,57110.0
20240904,144.25,142.25,145.53,141.67,71088.0
20240905,143.0,141.08,143.17,140.6,63766.0
20240906,141.0,138.55,142.11,137.87,58198.0
20240909,139.09,140.2,142.02,138.54,71051.0
20240910,140.5,138.05,141.2,137.09,61221.0
20240911,138.65,137.7,143.3,135.36,65146.0
20240912,138.88,139.0,139.47,137.42,46353.0
20240913,139.5,140.46,141.53,139.5,43199.0
20240916,140.72,142.11,143.17,140.72,49731.0
20240917,142.5,143.8,144.14,141.74,53413.0
20240918,143.16,144.5,145.6,143.07,42955.0
20240919,145.68,144.61,146.78,144.61,51550.0
20240920,145.27,145.67,145.91,143.44,179341.0
20240923,142.89,147.0,148.42,142.89,49096.0
20240924,148.36,147.7,149.81,146.91,40707.0
20240925,147.44,144.1,147.5,143.5,52646.0
20240926,142.97,141.99,144.2,140.4,53280.0
20240927,142.72,145.4,145.77,142.25,57560.0
20240930,145.61,146.8,147.48,144.28,55537.0
20241001,146.69,150.47,150.52,145.45,64801.0
20241002,151.45,151.0,152.66,149.26,57594.0
20241003,151.22,151.45,152.17,150.02,44294.0
20241004,151.75,150.8,152.67,150.13,56704.0
20241007,150.62,151.15,152.75,150.62,41749.0
20241008,150.03,148.74,150.03,147.73,38132.0
20241009,148.67,149.65,150.37,147.36,36085.0
20241010,149.31,150.52,151.55,149.2,30027.0
20241011,150.6,151.85,152.33,150.25,32487.0
20241014,150.88,149.8,151.9,149.67,26532.0
20241015,149.1,148.2,149.96,147.56,46007.0
20241016,147.33,148.8,149.04,147.26,29685.0
20241017,148.7,151.21,151.5,148.7,49848.0
20241018,151.1,150.69,151.3,149.37,37349.0
20241021,151.31,151.0,152.48,150.49,36557.0
20241022,151.3,150.8,151.68,150.22,27517.0
20241023,150.7,150.65,152.4,149.29,38552.0
20241024,151.37,150.53,151.91,149.38,37882.0
20241025,150.92,152.0,152.12,150.46,31045.0
20241028,148.95,150.52,150.75,147.21,54003.0
20241029,150.54,148.7,150.83,147.87,38309.0
20241030,149.49,148.06,149.7,147.66,39102.0
20241031,148.75,148.04,149.57,147.89,59197.0
20241101,149.99,152.92,155.94,149.99,80045.0
20241104,153.65,153.8,154.95,152.61,42250.0
20241105,154.25,154.5,154.67,152.55,40432.0
20241106,157.54,157.71,164.2,155.25,79799.0
20241107,158.07,157.1,158.2,156.4,54693.0
20241108,157.0,157.1,157.58,155.67,42430.0
20241111,157.5,156.3,157.94,155.9,60496.0
20241112,156.35,155.4,157.4,155.12,36615.0
20241113,156.0,159.19,159.19,154.53,65459.0
20241114,159.0,161.7,161.88,159.0,75661.0
20241115,161.31,161.8,162.38,160.76,65556.0
20241118,160.18,160.75,161.52,159.07,41480.0
20241119,159.64,159.03,160.51,158.75,33311.0
20241120,160.0,161.38,161.45,159.78,35024.0
20241121,161.08,161.59,162.65,161.07,57822.0
20241122,161.47,162.5,162.61,161.15,41558.0
20241125,162.34,160.25,163.17,159.83,67904.0
20241126,161.05,162.79,162.94,160.36,48795.0
20241127,162.47,162.12,164.68,161.61,51936.0
20241129,163.0,162.0,163.5,160.66,29780.0
20241202,162.4,162.3,162.95,160.11,40153.0
20241203,163.05,161.94,163.31,161.39,41590.0
20241204,162.14,158.55,162.4,157.86,53483.0
20241205,158.5,159.16,160.67,158.0,45610.0
20241206,159.03,155.3,159.24,155.0,72784.0
20241209,155.43,157.47,160.08,155.24,67095.0
20241210,157.7,157.18,159.52,156.7,58876.0
20241211,157.74,156.22,157.83,155.8,88859.0
20241212,156.74,154.75,156.94,154.26,54642.0
20241213,154.99,153.85,155.4,153.07,40792.0
20241216,153.59,149.4,153.9,149.25,85513.0
20241217,149.21,148.2,149.36,146.91,80456.0
20241218,148.79,144.0,148.79,143.81,72655.0
20241219,144.62,141.25,145.55,140.95,122092.0
20241220,141.14,143.0,143.0,140.55,253135.0
20241223,143.29,143.08,143.6,141.54,58663.0
20241224,143.11,143.84,144.05,142.26,25831.0
20241226,143.92,143.92,144.31,142.9,31952.0
20241227,144.08,144.05,145.71,143.39,38479.0
20241230,144.65,143.12,144.79,142.35,44750.0
20241231,143.23,144.92,145.34,143.23,43767.0
20250102,145.17,147.0,148.07,144.84,51215.0
20250103,147.3,147.92,148.5,147.02,37296.0
20250106,148.34,147.36,150.33,146.87,41156.0
20250107,147.0,149.78,150.5,147.0,48012.0
20250108,150.0,150.2,151.18,148.03,56361.0
20250110,151.13,153.0,154.34,150.87,79660.0
20250113,154.55,155.41,157.35,154.0,85876.0
20250114,155.3,156.78,156.98,154.46,51838.0
20250115,156.9,158.35,158.69,156.38,57405.0
20250116,158.02,159.25,159.9,157.58,37478.0
20250117,159.67,161.42,161.77,158.79,59451.0
20250121,163.0,158.1,164.5,157.49,70039.0
20250122,158.3,156.4,158.44,156.26,53788.0
20250123,156.6,156.1,157.94,155.62,38156.0
20250124,155.89,155.61,157.47,155.27,54021.0
20250127,155.62,157.25,157.89,154.93,50394.0
20250128,157.33,156.21,158.92,155.18,44998.0
20250129,155.89,155.87,156.58,154.81,39311.0
20250130,156.04,156.32,157.45,155.52,46683.0
20250131,156.59,149.46,157.5,148.65,123482.0
20250203,148.8,149.55,150.86,147.8,48819.0
20250204,148.99,152.99,153.39,148.55,62204.0
20250205,153.29,153.2,153.8,152.29,42105.0
20250206,153.61,151.95,155.26,151.06,39122.0
20250207,152.04,152.82,153.81,151.92,31587.0
20250210,152.97,155.89,155.89,152.94,38846.0
20250211,155.9,157.45,158.71,155.9,39913.0
20250212,157.08,155.08,157.47,154.57,46725.0
20250213,155.01,155.96,156.42,153.32,38620.0
20250214,154.88,155.34,157.45,154.52,42432.0
20250218,156.29,156.39,157.31,154.78,41412.0
20250219,156.23,157.29,158.36,156.09,32391.0
20250220,157.5,158.98,158.98,157.07,35412.0
20250221,158.46,157.18,158.95,156.82,43591.0
20250224,157.84,158.0,158.33,156.75,41215.0
20250225,157.79,156.7,158.99,155.46,40988.0
20250226,156.71,155.07,156.97,154.0,40786.0
20250227,155.87,156.25,158.29,154.81,50908.0
20250228,156.39,158.8,159.0,154.92,65399.0
20250303,158.65,152.83,160.09,151.76,60863.0
20250304,152.94,152.66,154.16,150.05,60271.0
20250305,152.0,150.66,152.47,147.74,59770.0
20250306,150.65,153.0,153.33,149.47,47943.0
20250307,153.48,156.48,157.45,153.3,58219.0
20250310,156.0,157.57,160.37,155.09,81060.0
20250311,157.57,154.26,158.86,153.75,70889.0
20250312,154.4,153.0,156.1,152.21,68920.0
20250313,152.68,153.75,154.43,151.92,63046.0
20250314,153.65,156.94,157.24,153.01,44685.0
20250317,157.17,158.94,159.49,156.4,52324.0
20250318,159.45,160.8,161.09,158.82,64421.0
20250319,160.42,164.27,164.54,160.31,79190.0
20250320,164.3,165.0,165.31,162.41,62687.0
20250321,164.66,164.9,165.46,163.11,150697.0
20250324,165.49,165.02,166.43,164.31,55088.0
20250325,165.13,165.99,167.82,165.11,56069.0
20250326,166.17,167.6,168.96,166.17,68888.0
20250327,167.74,167.0,168.22,165.85,38571.0
20250328,167.26,165.99,167.27,165.29,32321.0
20250331,165.53,167.65,168.92,165.13,69174.0
20250401,167.31,168.56,168.6,166.16,37414.0
20250402,168.0,163.47,168.1,162.36,46462.0
20250403,162.0,156.43,163.7,155.8,99257.0
20250404,154.95,143.11,155.2,142.5,128322.0
20250407,142.0,141.0,146.19,136.47,118168.0
20250408,142.48,135.5,144.49,134.87,87112.0
20250409,136.1,147.39,147.5,132.0,114094.0
20250410,144.56,134.65,144.76,133.45,159031.0
20250411,137.41,135.72,137.93,132.04,123084.0
20250414,136.79,135.0,138.65,134.1,66314.0
20250415,134.91,134.25,136.63,134.1,65019.0
20250416,134.03,135.39,137.55,133.35,58923.0
20250417,136.45,138.4,140.24,136.0,61465.0
20250421,137.0,133.82,137.84,132.33,63971.0
20250422,135.89,138.89,138.9,134.5,54288.0
20250423,139.5,136.45,140.13,135.15,69626.0
20250424,136.62,138.92,139.4,136.49,54085.0
20250425,139.51,138.73,139.51,137.25,47541.0
20250428,138.79,140.23,140.46,138.2,47736.0
20250429,139.51,139.45,140.1,138.57,52050.0
20250430,138.5,135.89,139.09,134.14,98077.0
20250501,136.0,136.45,137.95,134.7,67227.0
20250502,138.16,138.4,139.78,132.68,83218.0
20250505,136.98,135.69,137.54,135.18,66515.0
20250506,136.22,136.25,137.31,135.04,71666.0
20250507,136.75,135.8,136.75,134.62,56283.0
20250508,136.44,137.35,138.89,136.0,64676.0
20250509,138.2,138.55,139.37,137.7,44003.0
20250512,141.26,141.7,143.71,139.55,57398.0
20250513,141.26,142.6,143.23,140.92,46852.0
20250514,142.47,141.02,142.47,140.72,44021.0
20250515,141.0,142.3,142.46,139.51,54383.0
20250516,142.72,141.33,143.0,140.69,59530.0
20250519,139.72,138.67,141.0,137.12,51064.0
20250520,138.67,138.13,139.02,137.01,42742.0
20250521,137.75,135.8,138.61,135.49,64251.0
20250522,135.73,135.16,137.0,133.77,59796.0
20250523,135.76,136.32,136.8,133.8,49512.0
20250527,137.4,137.79,138.0,136.41,59492.0
20250528,137.69,136.94,138.79,135.66,48556.0
20250529,137.83,137.75,137.94,136.06,45204.0
20250530,138.0,136.64,138.0,135.21,90104.0
20250602,138.67,137.8,138.93,136.43,62191.0
20250603,137.14,139.57,140.59,136.6,64168.0
20250604,139.82,137.45,140.63,137.33,59127.0
20250605,137.7,137.02,138.29,136.7,39866.0
20250606,137.28,140.1,140.75,137.02,44225.0
20250609,140.23,140.99,142.14,139.68,45657.0
20250610,141.46,143.4,144.94,140.94,67070.0
20250611,143.36,145.39,145.39,142.61,64958.0
20250612,144.61,145.13,145.2,143.43,43941.0
20250613,147.99,146.27,153.92,144.54,87566.0
20250616,147.69,147.0,148.09,143.74,62358.0
20250617,146.89,149.5,149.98,146.2,79315.0
20250618,148.85,148.35,150.17,147.7,60578.0
20250620,148.85,149.79,149.9,147.58,156499.0
20250623,151.6,144.85,153.89,144.74,64947.0
20250624,145.42,143.78,146.39,143.16,73982.0
20250625,144.28,143.37,144.28,142.51,47328.0
20250626,143.56,144.28,145.08,143.4,44100.0
20250627,144.67,143.68,144.85,142.56,55788.0
20250630,143.73,143.01,144.1,142.4,44997.0
20250701,143.25,145.6,146.27,142.51,54794.0
20250702,145.6,147.95,148.01,145.47,52769.0
20250703,147.58,148.35,148.98,147.36,29187.0
20250707,147.0,147.26,148.17,145.58,58744.0
20250708,146.97,152.91,153.24,146.97,85199.0
20250709,153.2,153.0,153.96,152.48,56461.0
20250710,153.01,154.17,155.28,151.68,47925.0
20250711,153.02,155.16,155.89,153.02,51366.0
20250714,154.95,151.97,155.58,151.14,67047.0
20250715,151.28,150.8,152.31,150.25,40594.0
20250716,150.5,150.0,151.48,149.22,45960.0
20250717,150.06,151.6,151.84,148.6,49702.0
20250718,152.13,150.2,157.77,146.53,345690.0
20250721,150.5,149.65,151.67,149.13,110264.0
20250722,149.6,150.6,151.01,148.48,153194.0
20250723,150.7,152.84,153.16,150.46,90394.0
20250724,152.86,155.94,156.0,152.2,94692.0
20250725,155.94,154.83,156.2,153.95,57354.0
20250728,156.3,156.02,156.55,154.94,54189.0
20250729,156.3,156.98,157.21,155.45,42891.0
20250730,156.5,152.8,156.72,152.5,63415.0
20250731,152.95,151.95,153.93,151.14,66305.0
20250801,152.2,151.3,154.65,150.35,75016.0
20250804,151.02,151.15,152.08,149.82,73404.0
20250805,151.17,152.9,153.12,149.89,54798.0
20250806,153.59,152.5,155.16,152.22,57391.0
20250807,153.79,153.25,155.15,152.83,48030.0
20250808,153.78,155.0,155.75,153.5,45083.0
20250811,155.02,154.0,155.93,152.98,44645.0
20250812,153.6,154.65,156.05,153.36,46699.0
20250813,154.8,155.57,156.01,154.2,46832.0
20250814,155.63,155.45,156.1,154.1,42713.0
20250815,155.52,156.45,158.54,154.87,79751.0
20250818,156.55,155.59,157.0,154.75,58820.0
20250819,153.99,152.1,154.0,151.85,59235.0
20250820,152.3,153.25,153.49,151.93,58064.0
20250821,152.77,155.64,155.7,152.7,53920.0
20250822,155.69,158.15,158.79,154.7,65000.0
20250825,158.16,158.25,158.48,157.17,47387.0
20250826,157.88,157.7,160.0,156.55,71833.0
20250827,157.29,159.02,159.99,157.04,41742.0
20250828,159.4,159.3,159.55,157.84,44378.0
20250829,159.6,160.7,161.25,159.13,44800.0
20250902,160.6,161.62,161.86,159.38,42444.0
20250903,161.56,158.11,161.85,157.02,54445.0
20250904,158.1,157.71,159.65,157.25,47740.0
20250905,158.0,153.75,158.0,153.48,74816.0
20250908,154.49,154.18,155.03,152.87,45211.0
20250909,154.25,154.9,156.99,154.13,49818.0
20250910,155.0,157.6,157.92,154.56,48408.0
20250911,157.31,158.17,158.92,156.01,43178.0
20250912,157.6,157.33,159.78,157.08,33358.0
20250915,157.49,157.5,158.32,156.5,31014.0
20250916,157.22,159.7,160.1,157.16,55268.0
20250917,159.16,160.4,160.67,158.61,35160.0
20250918,160.72,159.2,160.95,158.09,44534.0
20250919,159.0,156.37,159.04,155.55,115314.0
20250922,156.51,156.0,157.12,155.15,34232.0
20250923,156.0,157.67,159.83,156.0,47055.0
20250924,157.78,159.25,160.49,157.78,44493.0
20250925,159.04,160.72,161.01,159.02,41368.0
20250926,160.99,160.2,161.3,159.51,42980.0
20250929,160.52,156.25,160.52,155.56,56265.0
20250930,155.81,155.3,156.1,153.93,54937.0
20251001,155.3,154.58,155.3,153.19,43907.0
20251002,154.4,153.74,156.6,153.32,52183.0
20251003,154.03,153.54,154.28,152.23,48283.0
20251006,153.85,154.04,155.0,152.92,30968.0
20251007,153.86,154.76,155.0,151.28,36704.0
20251008,154.88,153.8,155.37,152.84,38769.0
20251009,153.63,151.99,154.97,151.51,43546.0
20251010,151.49,149.0,151.95,148.5,52428.0
20251013,150.86,151.76,152.21,149.43,37502.0
20251014,150.22,152.46,153.46,149.66,42097.0
20251015,152.81,152.02,154.21,151.04,33781.0
20251016,152.4,151.51,152.73,150.23,34527.0
20251017,150.5,153.22,154.19,150.37,46582.0
20251020,153.29,154.59,154.76,152.81,36013.0
20251021,154.39,153.87,155.35,153.21,36454.0
20251022,154.63,156.0,156.5,153.61,38649.0
20251023,157.48,156.56,158.59,156.12,63765.0
20251024,156.72,155.7,157.63,155.42,31252.0
20251027,157.0,155.69,157.28,154.87,30619.0
20251028,154.75,154.35,156.23,153.89,30753.0
20251029,154.17,155.71,156.15,153.86,42561.0
20251030,154.87,153.2,155.4,152.49,60557.0
20251031,152.93,158.21,159.18,152.7,66961.0
20251103,158.09,154.1,158.1,153.57,51003.0
20251104,153.26,153.4,153.9,152.15,40250.0
20251105,153.77,153.0,154.4,152.66,36855.0
20251106,153.2,153.3,154.79,152.68,37804.0
20251107,153.54,155.1,156.17,153.15,44619.0
20251110,155.6,155.6,155.98,152.37,48949.0
20251111,155.59,156.24,157.99,155.59,41471.0
20251112,156.23,153.45,157.0,152.08,76882.0
20251113,153.32,155.94,156.25,153.27,47680.0
20251114,156.98,157.75,157.95,154.81,56719.0
20251117,157.69,155.08,158.19,154.43,49538.0
20251118,153.02,153.55,154.28,151.76,48293.0
20251119,153.52,151.78,153.53,150.25,49806.0
20251120,152.64,150.75,153.04,150.04,48596.0
20251121,150.37,150.15,151.1,148.75,63384.0
20251124,150.31,149.8,150.7,147.74,87732.0
20251125,150.04,148.64,150.08,148.27,61225.0
20251126,148.8,149.68,150.46,148.2,37891.0
20251128,149.8,151.05,151.52,149.24,24850.0
20251201,152.02,152.6,153.95,151.5,45669.0
20251202,152.87,150.5,152.97,149.26,59124.0
20251203,150.56,152.0,152.51,150.55,45660.0
20251204,151.77,152.25,152.94,151.22,39744.0
20251205,152.02,150.81,152.63,149.83,82393.0
20251208,150.1,148.81,150.59,147.66,69202.0
20251209,149.03,148.63,150.1,148.22,52576.0
20251210,148.64,151.45,151.9,148.55,69865.0
20251211,150.87,150.85,151.94,150.1,46781.0
20251212,150.85,150.24,151.55,149.63,36682.0
20251215,150.66,149.64,150.69,148.43,48564.0
20251216,149.35,147.25,149.77,146.49,73497.0
20251217,147.53,149.61,149.87,147.35,54195.0
20251218,149.57,147.84,149.57,147.08,47198.0
20251219,147.58,147.8,149.01,147.17,152063.0
20251222,148.29,149.61,150.49,148.12,55937.0
20251223,149.93,150.55,151.08,149.55,30444.0
20251224,150.72,150.5,150.99,150.1,13632.0
20251226,150.33,150.02,151.14,149.64,24549.0
20251229,150.52,150.92,151.64,150.08,37858.0
20251230,151.25,152.3,152.68,151.25,29250.0
20251231,152.17,152.34,152.55,151.67,30352.0
20260102,152.54,155.88,155.97,151.25,46617.0
20260105,169.45,164.68,172.35,159.3,248644.0
20260106,165.67,156.76,165.95,156.11,135462.0
20260107,157.6,155.7,159.6,154.9,89142.0
20260108,156.26,159.83,160.44,155.21,87666.0
20260109,159.85,162.28,162.7,159.48,83851.0
20260112,162.79,162.62,163.73,160.71,59538.0
20260113,162.55,163.9,166.13,162.55,81349.0
20260114,163.87,167.6,169.37,163.38,115808.0
20260115,167.25,166.22,167.33,164.9,52036.0
20260116,166.97,166.43,167.29,165.81,61393.0
20260120,164.0,165.44,167.5,164.0,80991.0
20260121,165.87,166.72,168.48,165.52,72677.0
20260122,166.0,166.64,167.56,164.73,63213.0
20260123,167.05,166.99,168.44,166.44,59115.0
20260126,168.0,167.35,168.9,166.77,59243.0
20260127,167.2,169.08,169.35,166.65,62863.0
20260128,169.67,170.06,170.42,168.19,61128.0
20260129,172.0,171.31,174.92,171.0,108140.0
20260130,170.0,176.98,177.5,168.0,151158.0
20260202,171.8,173.82,176.27,171.0,97096.0
20260203,173.06,178.4,178.82,172.05,119456.0
20260204,178.43,181.05,182.59,177.9,101703.0
20260205,180.61,179.01,181.92,177.41,66654.0
20260206,179.5,180.92,182.1,179.37,63164.0
20260209,180.1,183.0,183.0,179.94,60020.0
20260210,182.88,182.71,183.4,180.86,46115.0
20260211,183.49,185.9,186.52,182.53,65225.0
20260212,185.6,182.4,186.18,182.09,65399.0
20260213,182.63,183.91,184.84,181.34,59319.0
20260217,182.2,180.58,185.2,178.74,60784.0
20260218,181.3,183.99,184.41,181.2,65131.0
20260219,184.84,184.78,187.9,184.61,74413.0
20260220,184.84,183.95,186.06,182.32,63298.0
20260223,184.18,185.02,186.63,182.99,43047.0
20260224,185.3,185.56,185.96,183.85,45083.0
20260225,185.06,184.12,185.98,182.51,35156.0
20260226,184.27,183.8,186.26,181.76,40008.0
20260227,183.6,187.1,187.55,183.6,82293.0
20260302,194.38,190.5,197.75,186.76,107000.0
20260303,192.65,188.75,194.65,187.42,88182.0
20260304,189.42,185.68,189.99,184.15,72058.0
20260305,187.0,189.75,189.98,185.16,86266.0
20260306,190.0,190.25,193.79,188.12,82379.0
20260309,194.94,187.03,196.8,187.02,103016.0
20260310,188.0,186.42,189.34,185.64,80553.0
20260311,186.2,191.95,192.0,185.49,78287.0
20260312,192.83,197.87,198.88,191.77,186605.0
20260313,197.51,197.76,198.27,194.69,92798.0
20260316,198.15,196.96,198.62,195.57,79137.0
20260317,197.7,198.07,200.58,196.46,91883.0
20260318,196.54,198.96,200.73,196.06,86254.0
20260319,199.67,201.61,202.44,199.0,118073.0
20260320,202.5,201.89,205.05,201.0,283311.0
20260323,202.6,204.91,205.39,197.27,97706.0
20260324,206.19,205.56,209.79,205.0,87823.0
20260325,205.08,205.5,207.24,203.71,58696.0
20260326,205.98,207.7,209.21,205.03,71337.0
20260327,208.4,211.7,212.46,206.25,95953.0
20260330,214.54,211.25,216.5,210.29,68115.0
20260331,210.7,205.0,213.1,201.96,117346.0
20260401,202.4,196.2,205.65,194.91,162599.0
20260402,201.9,199.31,205.48,198.04,80670.0
20260406,199.7,198.72,200.0,196.35,61455.0
20260407,200.0,191.32,204.62,190.17,82183.0
20260408,191.43,193.2,193.2,188.6,122189.0
20260409,193.7,189.7,196.67,189.08,80890.0
20260410,190.41,188.5,191.3,186.47,71861.0
20260413,193.02,191.41,194.61,189.72,78825.0
20260414,191.37,186.59,191.52,184.6,83740.0
20260415,186.11,184.57,187.7,184.04,60968.0
20260416,184.71,188.05,188.23,184.67,55298.0
20260417,188.5,183.81,189.11,177.74,111490.0
20260420,187.36,183.3,187.68,182.83,62088.0
20260421,183.53,185.96,186.6,182.34,61074.0
20260422,185.21,186.5,189.42,183.81,55832.0
20260423,187.5,187.43,188.42,185.49,43752.0
20260424,187.06,184.98,187.97,183.2,68099.0
20260427,185.21,184.98,188.37,183.67,79994.0
20260428,186.35,189.0,189.96,185.63,74671.0
20260429,188.21,192.01,192.62,188.14,59139.0
20260430,192.22,194.61,194.77,188.5,72520.0
20260501,195.0,190.63,197.59,189.25,60857.0
20260504,189.7,192.27,193.71,187.97,46734.0
20260505,192.28,191.47,193.67,190.45,36642.0
20260506,191.01,185.44,191.31,182.0,66414.0
20260507,184.4,183.73,185.17,179.53,79838.0
20260508,181.94,181.48,182.95,180.74,61827.0
20260511,183.8,184.7,185.2,182.74,47021.0
20260512,184.95,185.85,186.89,184.66,52665.0
20260513,185.75,185.51,186.1,183.96,43278.0
20260514,185.2,186.45,187.57,185.1,38004.0
20260515,187.78,190.72,191.5,186.65,78526.0
20260518,192.9,196.1,196.5,189.03,61218.0
20260519,195.43,197.17,198.87,193.47,86624.0
20260520,197.03,191.34,198.19,191.11,73186.0
20260521,191.19,190.83,194.16,189.0,44516.0
20260522,190.7,191.6,192.0,189.8,48825.0
20260526,188.35,185.11,190.49,183.9,78607.0
20260527,183.72,182.8,184.2,180.67,56392.0
20260528,185.38,182.58,185.7,182.08,50238.0
20260529,183.03,182.4,183.03,180.39,91875.0
20260601,182.35,186.19,187.94,182.35,56946.0
20260602,185.83,188.66,188.66,184.55,35082.0
20260603,188.31,190.07,191.48,187.96,43054.0
20260604,189.16,188.83,190.8,187.67,31178.0
20260605,188.3,188.0,189.61,186.59,40899.0
20260608,188.43,189.07,191.5,187.31,42037.0
20260609,188.61,187.5,189.39,185.47,49411.0
20260610,186.9,191.75,192.69,185.95,61494.0
20260611,191.09,185.5,192.25,185.5,53516.0
20260612,185.64,187.0,188.4,183.72,52080.0
20260615,184.0,180.69,184.18,177.76,67268.0
20260616,180.26,180.0,180.41,178.33,44527.0
20260617,179.0,177.66,180.09,177.1,56658.0
20260618,177.58,173.94,177.58,172.23,132738.0
202606220800,174.0,173.8,174.4,173.8,10.0
202606220801,174.05,174.01,174.05,173.68,25.0
202606220802,174.01,174.01,174.01,174.01,0.0
202606220803,174.01,174.01,174.01,174.01,0.0
202606220804,174.01,174.01,174.01,174.01,0.0
202606220805,174.01,174.01,174.01,174.01,0.0
202606220806,174.21,173.7,174.25,173.68,21.0
202606220807,173.7,173.7,173.7,173.7,7.0
202606220808,173.64,173.64,173.64,173.64,1.0
202606220809,173.64,173.64,173.64,173.64,0.0
202606220810,173.64,173.64,173.64,173.64,0.0
202606220811,173.64,173.64,173.64,173.64,0.0
202606220812,174.49,174.49,174.49,174.49,2.0
202606220813,174.49,174.49,174.49,174.49,0.0
202606220814,174.49,174.49,174.49,174.49,0.0
202606220815,174.49,174.49,174.49,174.49,0.0
202606220816,174.49,174.49,174.49,174.49,0.0
202606220817,174.49,174.49,174.49,174.49,1.0
202606220818,174.49,174.49,174.49,174.49,0.0
202606220819,174.49,174.49,174.49,174.49,0.0
202606220820,174.49,174.49,174.49,174.49,0.0
202606220821,174.49,174.49,174.49,174.49,0.0
202606220822,174.49,174.49,174.49,174.49,0.0
202606220823,174.49,174.49,174.49,174.49,0.0
202606220824,174.49,174.49,174.49,174.49,0.0
202606220825,174.49,174.49,174.49,174.49,0.0
202606220826,174.49,174.49,174.49,174.49,0.0
202606220827,174.49,174.49,174.49,174.49,0.0
202606220828,174.49,174.49,174.49,174.49,0.0
202606220829,174.49,174.49,174.49,174.49,0.0
202606220830,174.49,174.49,174.49,174.49,0.0
202606220831,174.49,174.49,174.49,174.49,0.0
202606220832,174.49,174.49,174.49,174.49,0.0
202606220833,174.49,174.49,174.49,174.49,0.0
202606220834,174.49,174.49,174.49,174.49,0.0
202606220835,174.49,174.49,174.49,174.49,0.0
202606220836,174.49,174.49,174.49,174.49,0.0
202606220837,174.49,174.49,174.49,174.49,0.0
202606220838,174.49,174.49,174.49,174.49,0.0
202606220839,174.49,174.49,174.49,174.49,0.0
202606220840,174.49,174.49,174.49,174.49,0.0
202606220841,174.49,174.49,174.49,174.49,0.0
202606220842,174.49,174.49,174.49,174.49,0.0
202606220843,174.49,174.49,174.49,174.49,0.0
202606220844,174.49,174.49,174.49,174.49,0.0
202606220845,174.49,174.49,174.49,174.49,0.0
202606220846,174.49,174.49,174.49,174.49,0.0
202606220847,174.49,174.49,174.49,174.49,0.0
202606220848,174.49,174.49,174.49,174.49,0.0
202606220849,174.49,174.49,174.49,174.49,0.0
202606220850,174.49,174.49,174.49,174.49,0.0
202606220851,174.49,174.49,174.49,174.49,0.0
202606220852,174.49,174.49,174.49,174.49,0.0
202606220853,174.49,174.49,174.49,174.49,0.0
202606220854,174.49,174.49,174.49,174.49,0.0
202606220855,174.49,174.49,174.49,174.49,0.0
202606220856,174.49,174.49,174.49,174.49,0.0
202606220857,174.49,174.49,174.49,174.49,0.0
202606220858,174.49,174.49,174.49,174.49,0.0
202606220859,174.49,174.49,174.49,174.49,0.0
202606220900,174.49,174.49,174.49,174.49,0.0
202606220901,174.49,174.49,174.49,174.49,0.0
202606220902,174.49,174.49,174.49,174.49,0.0
202606220903,174.49,174.49,174.49,174.49,0.0
202606220904,174.49,174.49,174.49,174.49,0.0
202606220905,174.49,174.49,174.49,174.49,0.0
202606220906,174.49,174.49,174.49,174.49,0.0
202606220907,174.49,174.49,174.49,174.49,0.0
202606220908,174.49,174.49,174.49,174.49,0.0
202606220909,174.49,174.49,174.49,174.49,0.0
202606220910,174.49,174.49,174.49,174.49,0.0
202606220911,174.49,174.49,174.49,174.49,0.0
202606220912,174.49,174.49,174.49,174.49,0.0
202606220913,174.49,174.49,174.49,174.49,0.0
202606220914,174.49,174.49,174.49,174.49,0.0
202606220915,174.49,174.49,174.49,174.49,0.0
202606220916,174.49,174.49,174.49,174.49,0.0
202606220917,174.49,174.49,174.49,174.49,0.0
202606220918,174.49,174.49,174.49,174.49,0.0
202606220919,174.49,174.49,174.49,174.49,0.0
202606220920,174.49,174.49,174.49,174.49,0.0
202606220921,174.49,174.49,174.49,174.49,0.0
202606220922,174.49,174.49,174.49,174.49,0.0
202606220923,174.49,174.49,174.49,174.49,0.0
202606220924,174.49,174.49,174.49,174.49,0.0
202606220925,174.49,174.49,174.49,174.49,0.0
202606220926,174.49,174.49,174.49,174.49,0.0
202606220927,174.49,174.49,174.49,174.49,0.0
202606220928,174.49,174.49,174.49,174.49,0.0
202606220929,174.49,174.49,174.49,174.49,0.0
202606220930,174.49,174.49,174.49,174.49,0.0
202606220931,174.49,174.49,174.49,174.49,0.0
202606220932,174.49,174.49,174.49,174.49,0.0
202606220933,174.49,174.49,174.49,174.49,0.0
202606220934,174.49,174.49,174.49,174.49,0.0
202606220935,174.49,174.49,174.49,174.49,0.0
202606220936,174.49,174.49,174.49,174.49,0.0
202606220937,174.49,174.49,174.49,174.49,0.0
202606220938,174.49,174.49,174.49,174.49,0.0
202606220939,174.4,174.4,174.4,174.4,3.0
202606220940,174.4,174.4,174.4,174.4,0.0
202606220941,174.4,174.4,174.4,174.4,0.0
202606220942,174.4,174.4,174.4,174.4,0.0
202606220943,174.4,174.4,174.4,174.4,0.0
202606220944,174.4,174.4,174.4,174.4,0.0
202606220945,174.4,174.4,174.4,174.4,0.0
202606220946,174.4,174.4,174.4,174.4,0.0
202606220947,174.4,174.4,174.4,174.4,0.0
202606220948,174.4,174.4,174.4,174.4,0.0
202606220949,174.4,174.4,174.4,174.4,0.0
202606220950,174.4,174.4,174.4,174.4,0.0
202606220951,174.5,174.5,174.5,174.5,2.0
202606220952,174.5,174.5,174.5,174.5,0.0
202606220953,174.5,174.5,174.5,174.5,0.0
202606220954,174.5,174.5,174.5,174.5,0.0
202606220955,174.5,174.5,174.5,174.5,0.0
202606220956,174.5,174.5,174.5,174.5,0.0
202606220957,174.42,174.42,174.42,174.42,1.0
202606220958,174.42,174.42,174.42,174.42,0.0
202606220959,174.42,174.42,174.42,174.42,0.0
202606221000,174.5,176.09,176.35,174.5,86.0
202606221001,175.37,175.32,175.37,175.32,8.0
202606221002,175.32,175.32,175.32,175.32,0.0
202606221003,175.03,175.01,175.03,175.0,8.0
202606221004,175.01,175.01,175.01,175.01,0.0
202606221005,175.01,175.01,175.01,175.01,0.0
202606221006,175.0,175.0,175.0,175.0,4.0
202606221007,175.0,175.0,175.0,175.0,0.0
202606221008,175.0,175.0,175.0,175.0,0.0
202606221009,175.76,175.76,175.76,175.76,3.0
202606221010,175.69,175.69,175.69,175.69,1.0
202606221011,175.69,175.69,175.69,175.69,0.0
202606221012,175.69,175.69,175.69,175.69,0.0
202606221013,175.69,175.69,175.69,175.69,0.0
202606221014,175.69,175.69,175.69,175.69,0.0
202606221015,175.69,175.69,175.69,175.69,0.0
202606221016,175.69,175.69,175.69,175.69,0.0
202606221017,175.69,175.69,175.69,175.69,0.0
202606221018,175.69,175.69,175.69,175.69,0.0
202606221019,175.69,175.69,175.69,175.69,0.0
202606221020,175.69,175.69,175.69,175.69,0.0
202606221021,175.69,175.69,175.69,175.69,0.0
202606221022,175.69,175.69,175.69,175.69,0.0
202606221023,175.69,175.69,175.69,175.69,0.0
202606221024,175.69,175.69,175.69,175.69,0.0
202606221025,175.69,175.69,175.69,175.69,0.0
202606221026,175.69,175.69,175.69,175.69,0.0
202606221027,175.69,175.69,175.69,175.69,0.0
202606221028,175.1,175.1,175.1,175.1,3.0
202606221029,175.1,175.1,175.1,175.1,0.0
202606221030,175.55,175.55,175.55,175.55,2.0
202606221031,175.55,175.55,175.55,175.55,0.0
202606221032,175.55,175.55,175.55,175.55,0.0
202606221033,175.55,175.55,175.55,175.55,0.0
202606221034,175.55,175.55,175.55,175.55,0.0
202606221035,175.55,175.55,175.55,175.55,0.0
202606221036,175.55,175.55,175.55,175.55,0.0
202606221037,175.55,175.55,175.55,175.55,0.0
202606221038,175.46,175.46,175.47,175.46,2.0
202606221039,175.46,175.46,175.46,175.46,0.0
202606221040,175.46,175.46,175.46,175.46,0.0
202606221041,175.46,175.46,175.46,175.46,0.0
202606221042,175.46,175.46,175.46,175.46,0.0
202606221043,175.46,175.46,175.46,175.46,0.0
202606221044,175.49,175.54,175.54,175.3,18.0
202606221045,175.54,175.54,175.54,175.54,0.0
202606221046,175.54,175.54,175.54,175.54,0.0
202606221047,175.54,175.54,175.54,175.54,0.0
202606221048,175.54,175.54,175.54,175.54,0.0
202606221049,175.54,175.54,175.54,175.54,0.0
202606221050,175.54,175.54,175.54,175.54,0.0
202606221051,175.54,175.54,175.54,175.54,0.0
202606221052,175.54,175.54,175.54,175.54,0.0
202606221053,175.02,175.0,175.02,175.0,59.0
202606221054,175.0,175.0,175.0,175.0,0.0
202606221055,175.0,175.0,175.0,175.0,0.0
202606221056,175.0,175.0,175.0,175.0,0.0
202606221057,175.0,175.0,175.0,175.0,0.0
202606221058,175.0,175.0,175.0,175.0,0.0
202606221059,175.0,175.0,175.0,175.0,0.0
202606221100,175.19,174.76,175.19,174.63,31.0
202606221101,174.76,174.76,174.76,174.76,0.0
202606221102,174.85,174.85,174.85,174.85,5.0
202606221103,174.95,175.0,175.0,174.95,3.0
202606221104,175.0,175.0,175.0,175.0,4.0
202606221105,174.86,174.85,174.86,174.85,2.0
202606221106,174.56,174.51,174.57,174.51,23.0
202606221107,174.33,174.33,174.33,174.33,1.0
202606221108,174.33,174.33,174.33,174.33,0.0
202606221109,174.33,174.33,174.33,174.33,0.0
202606221110,174.33,174.33,174.33,174.33,0.0
202606221111,174.33,174.33,174.33,174.33,0.0
202606221112,174.65,174.89,174.89,174.65,2.0
202606221113,174.89,174.89,174.89,174.89,0.0
202606221114,174.89,174.89,174.89,174.89,0.0
202606221115,174.9,174.96,174.96,174.9,3.0
202606221116,174.96,174.96,174.96,174.96,0.0
202606221117,175.1,175.1,175.1,175.1,1.0
202606221118,175.11,175.11,175.11,175.11,1.0
202606221119,175.11,175.11,175.11,175.11,0.0
202606221120,175.14,175.14,175.14,175.14,2.0
202606221121,175.15,175.15,175.15,175.15,5.0
202606221122,175.15,175.15,175.15,175.15,0.0
202606221123,175.15,175.15,175.15,175.15,0.0
202606221124,175.32,175.02,175.32,175.02,3.0
202606221125,175.01,175.0,175.01,175.0,5.0
202606221126,175.0,175.0,175.0,175.0,0.0
202606221127,175.0,175.0,175.0,175.0,0.0
202606221128,175.0,175.0,175.0,175.0,0.0
202606221129,175.0,175.0,175.0,175.0,1.0
202606221130,175.0,175.0,175.0,175.0,0.0
202606221131,175.0,175.0,175.0,175.0,0.0
202606221132,175.0,175.0,175.0,175.0,0.0
202606221133,175.0,175.0,175.0,175.0,1.0
202606221134,175.09,175.14,175.14,175.09,16.0
202606221135,175.14,175.14,175.14,175.14,0.0
202606221136,175.14,175.14,175.14,175.14,0.0
202606221137,175.2,175.2,175.2,175.2,3.0
202606221138,175.2,175.2,175.2,175.2,0.0
202606221139,175.2,175.2,175.2,175.2,0.0
202606221140,175.2,175.2,175.2,175.2,0.0
202606221141,175.2,175.2,175.2,175.2,0.0
202606221142,175.2,175.2,175.2,175.2,0.0
202606221143,175.2,175.2,175.2,175.2,0.0
202606221144,175.1,175.1,175.1,175.1,4.0
202606221145,175.1,175.1,175.1,175.1,0.0
202606221146,175.1,175.1,175.1,175.1,0.0
202606221147,175.1,175.1,175.1,175.1,0.0
202606221148,175.1,175.1,175.1,175.1,0.0
202606221149,175.4,175.4,175.4,175.4,1.0
202606221150,175.4,175.4,175.4,175.4,0.0
202606221151,175.4,175.4,175.4,175.4,0.0
202606221152,175.4,175.4,175.4,175.4,0.0
202606221153,175.4,175.4,175.4,175.4,0.0
202606221154,175.4,175.4,175.4,175.4,0.0
202606221155,175.4,175.4,175.4,175.4,0.0
202606221156,175.0,175.0,175.0,175.0,1.0
202606221157,175.05,175.05,175.05,175.05,1.0
202606221158,175.05,175.05,175.05,175.05,0.0
202606221159,175.05,175.05,175.05,175.05,0.0
202606221200,175.15,175.4,176.63,175.15,75.0
202606221201,175.74,176.68,176.68,175.42,14.0
202606221202,176.87,176.82,176.88,176.37,36.0
202606221203,176.95,176.72,177.0,176.48,49.0
202606221204,176.7,176.41,176.74,176.41,18.0
202606221205,176.57,176.61,176.7,176.55,35.0
202606221206,176.57,176.49,176.7,176.48,14.0
202606221207,176.39,176.17,176.39,176.17,25.0
202606221208,176.4,176.4,176.4,176.39,2.0
202606221209,176.19,176.36,176.4,176.19,6.0
202606221210,176.14,176.4,176.57,176.13,38.0
202606221211,176.49,176.05,176.49,176.0,15.0
202606221212,176.0,176.0,176.0,176.0,1.0
202606221213,176.25,176.25,176.25,176.25,3.0
202606221214,176.25,176.25,176.25,176.25,0.0
202606221215,176.0,176.09,176.13,176.0,9.0
202606221216,175.8,175.8,175.8,175.8,5.0
202606221217,175.8,175.8,175.8,175.8,1.0
202606221218,175.75,176.13,176.13,175.75,3.0
202606221219,176.13,176.13,176.13,176.13,0.0
202606221220,175.75,175.79,175.79,175.75,9.0
202606221221,175.69,175.69,175.69,175.69,2.0
202606221222,175.71,175.68,175.71,175.63,6.0
202606221223,175.71,175.65,175.71,175.65,11.0
202606221224,175.55,175.71,175.71,175.55,6.0
202606221225,175.71,175.71,175.71,175.71,0.0
202606221226,175.79,175.78,175.79,175.55,5.0
202606221227,175.78,175.78,175.78,175.78,0.0
202606221228,175.78,175.78,175.78,175.78,0.0
202606221229,175.78,175.78,175.78,175.78,0.0
202606221230,175.72,175.66,175.72,175.66,4.0
202606221231,175.5,175.1,175.5,175.0,87.0
202606221232,175.11,175.38,175.38,175.11,5.0
202606221233,175.12,175.12,175.12,175.12,1.0
202606221234,175.38,175.39,175.4,175.38,8.0
202606221235,175.39,175.39,175.39,175.39,0.0
202606221236,175.39,175.39,175.39,175.39,0.0
202606221237,175.39,175.39,175.39,175.39,0.0
202606221238,175.39,175.39,175.39,175.39,0.0
202606221239,175.39,175.39,175.39,175.39,0.0
202606221240,175.39,175.39,175.39,175.39,0.0
202606221241,175.42,175.44,175.44,175.2,3.0
202606221242,175.5,175.43,175.5,175.4,9.0
202606221243,175.43,175.43,175.43,175.43,0.0
202606221244,175.5,175.5,175.5,175.5,1.0
202606221245,175.5,175.5,175.5,175.5,0.0
202606221246,175.5,175.5,175.5,175.5,0.0
202606221247,175.46,175.46,175.47,175.46,1.0
202606221248,175.4,175.4,175.4,175.4,1.0
202606221249,175.41,175.26,175.41,175.26,3.0
202606221250,175.26,175.26,175.26,175.26,0.0
202606221251,175.25,175.25,175.25,175.25,1.0
202606221252,175.11,175.16,175.16,175.11,8.0
202606221253,175.12,175.11,175.12,175.11,7.0
202606221254,175.21,175.3,175.3,175.21,2.0
202606221255,175.3,175.3,175.3,175.3,3.0
202606221256,175.28,175.28,175.28,175.28,2.0
202606221257,175.4,175.27,175.4,175.27,3.0
202606221258,175.22,175.43,175.44,175.15,16.0
202606221259,175.11,175.11,175.11,175.11,1.0
202606221300,175.11,175.11,175.11,175.11,0.0
202606221301,175.11,175.11,175.11,175.11,0.0
202606221302,175.18,175.18,175.18,175.18,1.0
202606221303,175.18,175.18,175.18,175.18,0.0
202606221304,175.18,175.18,175.18,175.18,0.0
202606221305,175.18,175.18,175.18,175.18,0.0
202606221306,175.37,175.39,175.39,175.37,2.0
202606221307,175.39,175.39,175.39,175.39,0.0
202606221308,175.3,175.3,175.3,175.3,2.0
202606221309,175.38,175.67,175.67,175.38,130.0
202606221310,175.7,175.7,175.7,175.7,7.0
202606221311,175.7,175.7,175.7,175.7,0.0
202606221312,175.59,175.59,175.59,175.59,1.0
202606221313,175.22,175.22,175.22,175.22,2.0
202606221314,175.22,175.0,175.22,175.0,24.0
202606221315,174.9,174.9,174.9,174.9,4.0
202606221316,174.8,174.8,174.8,174.8,1.0
202606221317,174.62,174.57,174.62,174.56,24.0
202606221318,174.65,174.65,174.65,174.64,2.0
202606221319,174.56,174.65,174.78,174.5,11.0
202606221320,174.57,174.53,174.59,174.33,15.0
202606221321,174.47,174.59,174.6,174.47,2.0
202606221322,174.47,174.47,174.47,174.47,1.0
202606221323,174.4,174.6,174.6,174.4,3.0
202606221324,174.6,174.5,174.61,174.5,10.0
202606221325,174.38,174.38,174.38,174.37,1.0
202606221326,174.55,174.58,174.58,174.55,2.0
202606221327,174.62,174.62,174.62,174.62,2.0
202606221328,174.33,174.13,174.33,174.13,5.0
202606221329,174.33,173.98,174.35,173.98,27.0
202606221330,174.08,174.36,174.43,174.06,33.0
202606221331,174.25,174.51,174.51,174.22,30.0
202606221332,174.19,174.42,174.69,174.19,2420.0
202606221333,174.53,174.66,174.85,174.5,211.0
202606221334,174.65,174.72,174.83,174.57,172.0
202606221335,174.65,174.3,174.65,174.14,154.0
202606221336,174.29,174.72,174.74,174.15,249.0
202606221337,174.74,174.25,174.74,174.24,124.0
202606221338,174.26,174.49,174.57,174.08,119.0
202606221339,174.49,174.68,174.82,174.42,126.0
202606221340,174.69,174.39,174.85,174.39,192.0
202606221341,174.35,174.05,174.46,174.05,176.0
202606221342,174.11,174.26,174.32,173.97,354.0
202606221343,174.21,173.96,174.21,173.91,121.0
202606221344,174.01,173.91,174.05,173.83,156.0
202606221345,173.91,173.34,173.91,173.33,298.0
202606221346,173.35,173.22,173.37,173.07,337.0
202606221347,173.25,173.13,173.32,173.01,125.0
202606221348,173.04,173.02,173.19,172.98,305.0
202606221349,173.02,172.87,173.12,172.86,115.0
202606221350,172.88,173.44,173.47,172.88,116.0
202606221351,173.43,173.53,173.62,173.43,112.0
202606221352,173.54,173.62,173.74,173.52,96.0
202606221353,173.62,173.65,173.65,173.45,160.0
202606221354,173.74,173.88,173.94,173.72,104.0
202606221355,173.91,173.89,173.98,173.71,310.0
202606221356,173.88,173.56,173.88,173.56,101.0
202606221357,173.57,173.58,173.63,173.44,169.0
202606221358,173.58,173.67,173.67,173.55,128.0
202606221359,173.64,173.86,173.9,173.63,234.0
202606221400,173.82,173.57,173.84,173.57,124.0
202606221401,173.64,174.01,174.03,173.63,252.0
202606221402,174.03,173.72,174.03,173.72,79.0
202606221403,173.71,173.69,173.91,173.69,152.0
202606221404,173.7,173.59,173.77,173.5,85.0
202606221405,173.55,173.38,173.62,173.32,184.0
202606221406,173.36,173.47,173.5,173.33,53.0
202606221407,173.47,173.34,173.51,173.33,90.0
202606221408,173.35,173.24,173.35,173.11,68.0
202606221409,173.25,173.18,173.28,173.14,62.0
202606221410,173.22,173.16,173.22,173.08,58.0
202606221411,173.16,173.19,173.3,173.15,83.0
202606221412,173.2,173.25,173.25,173.15,48.0
202606221413,173.27,173.27,173.34,173.24,177.0
202606221414,173.28,173.49,173.5,173.24,76.0
202606221415,173.45,173.33,173.57,173.33,276.0
202606221416,173.32,173.16,173.32,173.13,103.0
202606221417,173.15,173.24,173.27,173.1,83.0
202606221418,173.29,173.34,173.42,173.26,90.0
202606221419,173.34,173.35,173.4,173.29,59.0
202606221420,173.34,173.48,173.49,173.25,172.0
202606221421,173.46,173.53,173.53,173.41,57.0
202606221422,173.51,173.44,173.51,173.38,70.0
202606221423,173.45,173.59,173.6,173.44,82.0
202606221424,173.59,173.93,173.93,173.58,102.0
202606221425,173.93,173.87,173.93,173.79,82.0
202606221426,173.9,173.58,173.9,173.5,79.0
202606221427,173.61,173.51,173.61,173.47,178.0
202606221428,173.51,173.36,173.51,173.3,50.0
202606221429,173.37,173.37,173.41,173.33,61.0
202606221430,173.39,173.46,173.46,173.37,59.0
202606221431,173.46,173.66,173.69,173.4,136.0
202606221432,173.66,173.77,173.77,173.62,107.0
202606221433,173.73,173.75,173.85,173.62,143.0
202606221434,173.76,173.52,173.78,173.44,46.0
202606221435,173.53,173.62,173.68,173.41,65.0
202606221436,173.59,173.48,173.59,173.42,76.0
202606221437,173.5,173.49,173.53,173.39,41.0
202606221438,173.51,173.63,173.68,173.51,101.0
202606221439,173.66,173.71,173.74,173.59,118.0
202606221440,173.71,173.64,173.75,173.55,81.0
202606221441,173.65,173.73,173.79,173.64,86.0
202606221442,173.76,173.98,173.98,173.72,168.0
202606221443,173.99,173.94,174.05,173.94,160.0
202606221444,173.96,174.03,174.06,173.93,201.0
202606221445,174.06,174.03,174.09,173.98,87.0
202606221446,174.03,173.81,174.03,173.79,90.0
202606221447,173.78,174.03,174.07,173.78,104.0
202606221448,174.1,173.88,174.1,173.88,60.0
202606221449,173.9,173.97,174.07,173.9,160.0
202606221450,173.96,173.83,173.96,173.79,75.0
202606221451,173.81,173.78,173.89,173.72,53.0
202606221452,173.76,173.68,173.78,173.67,67.0
202606221453,173.73,173.87,173.89,173.7,100.0
202606221454,173.86,173.92,173.99,173.86,112.0
202606221455,173.96,173.95,173.96,173.88,32.0
202606221456,173.94,173.93,173.95,173.86,45.0
202606221457,173.95,173.94,173.99,173.91,53.0
202606221458,173.97,173.84,173.99,173.83,70.0
202606221459,173.85,173.87,173.88,173.79,82.0
202606221500,173.89,173.82,173.97,173.76,143.0
202606221501,173.85,173.94,173.94,173.8,83.0
202606221502,173.95,173.76,173.95,173.75,79.0
202606221503,173.75,173.68,173.76,173.63,37.0
202606221504,173.66,173.76,173.77,173.61,201.0
202606221505,173.76,173.71,173.85,173.71,348.0
202606221506,173.73,173.78,173.81,173.72,72.0
202606221507,173.76,173.89,173.89,173.71,148.0
202606221508,173.92,173.87,173.92,173.81,123.0
202606221509,173.9,173.88,173.95,173.88,162.0
202606221510,173.87,173.82,173.88,173.77,79.0
202606221511,173.82,173.69,173.84,173.68,164.0
202606221512,173.7,173.67,173.78,173.66,116.0
202606221513,173.68,173.77,173.81,173.66,95.0
202606221514,173.75,173.77,173.82,173.74,50.0
202606221515,173.77,173.86,173.86,173.75,92.0
202606221516,173.87,174.0,174.0,173.86,127.0
202606221517,173.97,174.06,174.06,173.91,213.0
202606221518,174.02,173.97,174.03,173.94,44.0
202606221519,173.98,173.84,174.01,173.81,94.0
202606221520,173.85,173.88,173.88,173.77,90.0
202606221521,173.88,173.9,173.93,173.82,341.0
202606221522,173.9,173.9,173.91,173.85,174.0
202606221523,173.87,173.97,173.97,173.87,105.0
202606221524,173.97,174.06,174.08,173.97,191.0
202606221525,174.04,174.03,174.17,173.99,331.0
202606221526,174.04,174.05,174.1,173.97,265.0
202606221527,174.06,174.11,174.13,173.99,112.0
202606221528,174.12,174.14,174.24,174.12,129.0
202606221529,174.11,174.21,174.26,174.1,112.0
202606221530,174.24,174.24,174.31,174.21,52.0
202606221531,174.26,174.35,174.41,174.24,322.0
202606221532,174.34,174.18,174.34,174.16,274.0
202606221533,174.18,174.11,174.2,174.08,188.0
202606221534,174.09,174.15,174.17,174.07,299.0
202606221535,174.16,174.21,174.26,174.13,166.0
202606221536,174.21,174.16,174.21,174.15,38.0
202606221537,174.17,174.27,174.28,174.13,55.0
202606221538,174.27,174.23,174.27,174.2,98.0
202606221539,174.24,174.19,174.29,174.18,96.0
202606221540,174.17,174.14,174.17,174.1,55.0
202606221541,174.12,174.01,174.12,174.01,46.0
202606221542,174.05,174.08,174.13,174.03,129.0
202606221543,174.09,174.14,174.17,174.08,136.0
202606221544,174.13,174.07,174.13,174.03,118.0
202606221545,174.09,174.2,174.24,174.09,111.0
202606221546,174.23,174.21,174.33,174.19,147.0
202606221547,174.23,174.31,174.31,174.19,70.0
202606221548,174.32,174.52,174.52,174.32,48.0
202606221549,174.55,174.66,174.69,174.55,51.0
202606221550,174.61,174.54,174.64,174.53,60.0
202606221551,174.55,174.48,174.56,174.42,153.0
202606221552,174.48,174.53,174.53,174.42,40.0
202606221553,174.55,174.44,174.57,174.44,32.0
202606221554,174.44,174.4,174.45,174.39,24.0
202606221555,174.39,174.22,174.39,174.2,27.0
202606221556,174.22,174.18,174.24,174.16,57.0
202606221557,174.16,174.15,174.17,174.11,75.0
202606221558,174.17,174.19,174.24,174.17,31.0
202606221559,174.18,174.27,174.3,174.18,42.0
202606221600,174.28,174.22,174.28,174.2,37.0
202606221601,174.22,174.32,174.32,174.18,49.0
202606221602,174.29,174.39,174.4,174.27,26.0
202606221603,174.4,174.42,174.42,174.36,22.0
202606221604,174.42,174.45,174.51,174.41,57.0
202606221605,174.45,174.48,174.49,174.43,42.0
202606221606,174.48,174.52,174.52,174.43,96.0
202606221607,174.51,174.55,174.55,174.44,103.0
202606221608,174.56,174.55,174.6,174.54,49.0
202606221609,174.58,174.64,174.64,174.55,29.0
202606221610,174.63,174.63,174.66,174.61,53.0
202606221611,174.67,174.66,174.68,174.64,20.0
202606221612,174.67,174.66,174.71,174.65,46.0
202606221613,174.66,174.65,174.67,174.6,39.0
202606221614,174.66,174.69,174.71,174.65,36.0
202606221615,174.7,174.8,174.83,174.69,88.0
202606221616,174.8,174.84,174.85,174.76,36.0
202606221617,174.84,174.84,174.87,174.82,30.0
202606221618,174.84,174.84,174.86,174.82,27.0
202606221619,174.87,174.89,174.96,174.87,78.0
202606221620,174.89,174.76,174.89,174.74,44.0
202606221621,174.72,174.79,174.79,174.7,16.0
202606221622,174.79,174.88,174.89,174.79,38.0
202606221623,174.85,174.92,174.92,174.74,118.0
202606221624,174.88,174.77,174.88,174.77,22.0
202606221625,174.76,174.83,174.84,174.76,10.0
202606221626,174.81,174.82,174.85,174.79,18.0
202606221627,174.82,174.83,174.85,174.82,17.0
202606221628,174.84,174.81,174.86,174.81,27.0
202606221629,174.84,174.79,174.84,174.76,35.0
202606221630,174.8,174.85,174.85,174.78,24.0
202606221631,174.85,174.91,174.95,174.84,97.0
202606221632,174.92,175.06,175.06,174.91,66.0
202606221633,175.06,175.11,175.12,175.03,100.0
202606221634,175.11,175.09,175.16,175.07,67.0
202606221635,175.09,175.12,175.12,175.05,38.0
202606221636,175.11,175.22,175.25,175.11,38.0
202606221637,175.25,175.25,175.32,175.24,104.0
202606221638,175.24,175.24,175.28,175.22,35.0
202606221639,175.27,175.3,175.3,175.25,17.0
202606221640,175.3,175.38,175.39,175.3,36.0
202606221641,175.37,175.27,175.37,175.26,54.0
202606221642,175.27,175.24,175.3,175.22,53.0
202606221643,175.23,175.21,175.25,175.2,47.0
202606221644,175.21,175.34,175.36,175.2,30.0
202606221645,175.33,175.31,175.33,175.29,27.0
202606221646,175.33,175.39,175.43,175.31,63.0
202606221647,175.37,175.41,175.43,175.37,65.0
202606221648,175.41,175.42,175.42,175.34,39.0
202606221649,175.45,175.33,175.45,175.33,84.0
202606221650,175.35,175.34,175.38,175.3,33.0
202606221651,175.34,175.32,175.36,175.31,86.0
202606221652,175.34,175.32,175.34,175.32,9.0
202606221653,175.34,175.28,175.36,175.28,22.0
202606221654,175.3,175.23,175.3,175.19,29.0
202606221655,175.23,175.22,175.27,175.2,37.0
202606221656,175.22,175.21,175.27,175.2,37.0
202606221657,175.19,175.23,175.23,175.19,51.0
202606221658,175.24,175.09,175.29,175.01,112.0
202606221659,175.06,174.94,175.06,174.94,35.0
202606221700,174.93,175.02,175.04,174.93,43.0
202606221701,175.0,175.01,175.01,174.89,30.0
202606221702,175.01,174.98,175.05,174.96,30.0
202606221703,174.99,175.06,175.06,174.99,31.0
202606221704,175.04,175.12,175.12,175.02,9.0
202606221705,175.12,175.12,175.16,175.08,37.0
202606221706,175.12,175.12,175.16,175.11,27.0
202606221707,175.11,175.09,175.14,175.09,33.0
202606221708,175.08,175.11,175.12,175.08,25.0
202606221709,175.13,175.13,175.14,175.09,32.0
202606221710,175.12,175.07,175.15,175.07,19.0
202606221711,175.07,175.03,175.12,175.02,106.0
202606221712,175.05,175.06,175.08,175.02,119.0
202606221713,175.06,175.07,175.09,175.02,109.0
202606221714,175.08,175.07,175.1,175.04,84.0
202606221715,175.05,175.02,175.05,175.01,25.0
202606221716,175.02,175.02,175.02,174.95,36.0
202606221717,175.0,174.98,175.0,174.95,34.0
202606221718,174.97,175.01,175.01,174.95,41.0
202606221719,174.99,174.84,174.99,174.84,43.0
202606221720,174.85,174.85,174.88,174.84,32.0
202606221721,174.85,174.8,174.89,174.77,41.0
202606221722,174.8,174.75,174.81,174.69,53.0
202606221723,174.74,174.8,174.8,174.72,47.0
202606221724,174.79,174.74,174.83,174.74,70.0
202606221725,174.74,174.75,174.77,174.72,46.0
202606221726,174.74,174.65,174.74,174.64,126.0
202606221727,174.65,174.6,174.66,174.6,42.0
202606221728,174.59,174.59,174.6,174.55,64.0
202606221729,174.59,174.53,174.59,174.53,67.0
202606221730,174.52,174.58,174.58,174.51,67.0
202606221731,174.58,174.64,174.66,174.58,117.0
202606221732,174.66,174.73,174.73,174.62,64.0
202606221733,174.69,174.73,174.74,174.66,59.0
202606221734,174.71,174.67,174.71,174.63,56.0
202606221735,174.67,174.74,174.76,174.65,38.0
202606221736,174.74,174.75,174.77,174.72,31.0
202606221737,174.75,174.71,174.75,174.69,71.0
202606221738,174.68,174.76,174.77,174.68,20.0
202606221739,174.76,174.76,174.78,174.73,28.0
202606221740,174.75,174.74,174.77,174.73,39.0
202606221741,174.73,174.62,174.73,174.61,37.0
202606221742,174.62,174.69,174.69,174.62,31.0
202606221743,174.69,174.66,174.7,174.66,17.0
202606221744,174.67,174.67,174.69,174.65,39.0
202606221745,174.68,174.66,174.68,174.65,17.0
202606221746,174.66,174.63,174.66,174.61,35.0
202606221747,174.64,174.66,174.66,174.61,27.0
202606221748,174.65,174.6,174.65,174.56,77.0
202606221749,174.61,174.52,174.61,174.52,38.0
202606221750,174.51,174.45,174.52,174.42,94.0
202606221751,174.45,174.47,174.48,174.43,42.0
202606221752,174.49,174.53,174.53,174.45,31.0
202606221753,174.54,174.46,174.59,174.44,66.0
202606221754,174.46,174.46,174.49,174.44,42.0
202606221755,174.47,174.44,174.47,174.38,98.0
202606221756,174.43,174.46,174.48,174.41,85.0
202606221757,174.45,174.45,174.46,174.4,91.0
202606221758,174.44,174.42,174.45,174.4,40.0
202606221759,174.4,174.41,174.44,174.4,50.0
202606221800,174.41,174.53,174.53,174.41,106.0
202606221801,174.52,174.49,174.55,174.45,87.0
202606221802,174.49,174.43,174.49,174.43,35.0
202606221803,174.43,174.38,174.43,174.38,41.0
202606221804,174.38,174.41,174.44,174.37,34.0
202606221805,174.41,174.39,174.41,174.37,24.0
202606221806,174.41,174.45,174.48,174.4,27.0
202606221807,174.48,174.48,174.5,174.47,60.0
202606221808,174.48,174.55,174.55,174.47,32.0
202606221809,174.54,174.53,174.59,174.52,92.0
202606221810,174.55,174.59,174.59,174.52,47.0
202606221811,174.58,174.48,174.59,174.48,50.0
202606221812,174.49,174.45,174.49,174.44,26.0
202606221813,174.42,174.61,174.61,174.42,110.0
202606221814,174.61,174.64,174.65,174.59,60.0
202606221815,174.64,174.62,174.64,174.55,64.0
202606221816,174.63,174.62,174.64,174.56,73.0
202606221817,174.63,174.67,174.68,174.61,76.0
202606221818,174.67,174.72,174.74,174.67,61.0
202606221819,174.71,174.83,174.83,174.68,181.0
202606221820,174.82,174.88,174.92,174.8,73.0
202606221821,174.89,174.89,174.94,174.86,50.0
202606221822,174.9,174.94,174.99,174.89,127.0
202606221823,174.93,174.8,174.97,174.77,142.0
202606221824,174.79,174.81,174.81,174.76,71.0
202606221825,174.8,174.75,174.82,174.75,119.0
202606221826,174.75,174.75,174.78,174.73,138.0
202606221827,174.74,174.69,174.74,174.67,78.0
202606221828,174.67,174.76,174.81,174.67,170.0
202606221829,174.75,174.78,174.83,174.74,192.0
202606221830,174.77,174.76,174.81,174.75,93.0
202606221831,174.76,174.82,174.82,174.75,86.0
202606221832,174.78,174.82,174.85,174.76,161.0
202606221833,174.82,174.78,174.87,174.78,141.0
202606221834,174.81,174.76,174.86,174.76,96.0
202606221835,174.77,174.79,174.82,174.75,158.0
202606221836,174.79,174.81,174.84,174.77,55.0
202606221837,174.81,174.8,174.81,174.78,41.0
202606221838,174.81,174.82,174.82,174.77,67.0
202606221839,174.81,174.84,174.86,174.8,54.0
202606221840,174.81,174.82,174.84,174.81,36.0
202606221841,174.82,174.83,174.84,174.82,30.0
202606221842,174.82,174.82,174.84,174.78,63.0
202606221843,174.82,174.83,174.83,174.79,48.0
202606221844,174.83,174.9,174.9,174.82,43.0
202606221845,174.9,174.91,174.94,174.88,43.0
202606221846,174.9,174.9,174.93,174.9,32.0
202606221847,174.9,174.84,174.9,174.83,52.0
202606221848,174.84,174.84,174.87,174.83,42.0
202606221849,174.83,174.85,174.85,174.81,26.0
202606221850,174.85,174.89,174.91,174.84,46.0
202606221851,174.89,174.85,174.89,174.83,24.0
202606221852,174.85,174.85,174.86,174.84,95.0
202606221853,174.85,174.86,174.86,174.74,125.0
202606221854,174.86,174.89,174.91,174.83,23.0
202606221855,174.88,174.89,174.9,174.85,54.0
202606221856,174.88,174.93,174.93,174.88,33.0
202606221857,174.93,174.95,174.96,174.91,28.0
202606221858,174.96,174.89,174.96,174.88,45.0
202606221859,174.9,174.92,174.93,174.89,45.0
202606221900,174.92,174.97,174.97,174.91,71.0
202606221901,174.99,174.89,175.01,174.89,137.0
202606221902,174.94,174.9,174.94,174.83,80.0
202606221903,174.9,174.91,174.93,174.8,54.0
202606221904,174.93,174.91,174.93,174.88,64.0
202606221905,174.91,174.94,174.96,174.91,28.0
202606221906,174.93,175.0,175.0,174.93,49.0
202606221907,174.99,175.06,175.06,174.98,95.0
202606221908,175.06,175.06,175.09,175.04,32.0
202606221909,175.06,175.06,175.08,175.03,102.0
202606221910,175.08,175.07,175.11,175.06,35.0
202606221911,175.07,175.11,175.11,175.01,55.0
202606221912,175.1,175.05,175.1,175.03,21.0
202606221913,175.04,175.07,175.1,175.04,33.0
202606221914,175.07,175.19,175.2,175.07,51.0
202606221915,175.21,175.26,175.29,175.2,132.0
202606221916,175.25,175.25,175.27,175.23,51.0
202606221917,175.25,175.24,175.29,175.24,195.0
202606221918,175.24,175.21,175.24,175.15,155.0
202606221919,175.2,175.17,175.23,175.14,60.0
202606221920,175.18,175.19,175.22,175.15,71.0
202606221921,175.19,175.2,175.23,175.19,49.0
202606221922,175.2,175.21,175.22,175.19,31.0
202606221923,175.21,175.21,175.23,175.19,51.0
202606221924,175.22,175.18,175.23,175.16,69.0
202606221925,175.19,175.19,175.2,175.15,102.0
202606221926,175.18,175.18,175.2,175.15,46.0
202606221927,175.18,175.35,175.35,175.16,75.0
202606221928,175.36,175.32,175.38,175.32,98.0
202606221929,175.32,175.25,175.32,175.23,77.0
202606221930,175.24,175.14,175.28,175.13,67.0
202606221931,175.14,175.17,175.2,175.08,89.0
202606221932,175.17,175.27,175.28,175.17,49.0
202606221933,175.28,175.22,175.31,175.2,149.0
202606221934,175.19,175.14,175.19,175.09,140.0
202606221935,175.15,175.16,175.17,175.07,71.0
202606221936,175.16,175.12,175.18,175.11,81.0
202606221937,175.12,175.06,175.16,175.04,43.0
202606221938,175.04,175.0,175.08,174.98,94.0
202606221939,175.0,174.97,175.02,174.95,69.0
202606221940,174.96,175.07,175.08,174.95,68.0
202606221941,175.06,175.03,175.1,175.03,56.0
202606221942,175.03,174.91,175.03,174.91,103.0
202606221943,174.92,174.96,175.01,174.9,68.0
202606221944,174.96,175.0,175.02,174.91,70.0
202606221945,174.97,174.95,174.99,174.93,335.0
202606221946,174.96,175.05,175.05,174.96,122.0
202606221947,175.03,175.06,175.09,175.0,89.0
202606221948,175.05,175.1,175.1,174.96,137.0
202606221949,175.1,175.25,175.26,175.09,178.0
202606221950,175.26,175.14,175.43,175.14,297.0
202606221951,175.12,175.02,175.2,174.93,178.0
202606221952,175.03,174.95,175.05,174.89,178.0
202606221953,174.94,175.04,175.06,174.9,149.0
202606221954,175.05,175.01,175.12,174.97,170.0
202606221955,175.04,175.01,175.04,174.88,334.0
202606221956,174.99,174.93,175.01,174.84,346.0
202606221957,174.93,174.81,174.96,174.76,465.0
202606221958,174.82,174.86,174.91,174.75,629.0
202606221959,174.88,175.09,175.14,174.84,1651.0
202606222000,175.09,175.08,175.09,175.08,39.0
202606222001,175.08,175.08,175.08,175.08,1.0
202606222002,175.08,175.08,175.08,175.08,0.0
202606222003,175.06,175.06,175.06,175.06,22644.0
202606222004,175.06,175.06,175.06,175.06,427.0
202606222005,175.06,175.06,175.06,175.06,0.0
202606222006,175.08,175.08,175.08,175.08,1.0
202606222007,175.08,175.08,175.08,175.08,0.0
202606222008,175.08,175.08,175.08,175.08,0.0
202606222009,175.08,175.08,175.08,175.08,0.0
202606222010,175.08,175.08,175.08,175.08,0.0
202606222011,175.08,175.08,175.08,175.08,0.0
202606222012,174.0,174.42,174.42,174.0,6.0
202606222013,174.42,174.42,174.42,174.42,0.0
202606222014,174.42,174.42,174.42,174.42,0.0
202606222015,174.0,174.0,174.0,174.0,1.0
202606222016,174.0,174.0,174.0,174.0,0.0
202606222017,174.0,174.0,174.0,174.0,0.0
202606222018,174.0,174.0,174.0,174.0,0.0
202606222019,174.0,174.0,174.0,174.0,0.0
202606222020,174.0,174.0,174.0,174.0,0.0
202606222021,174.0,174.0,174.0,174.0,0.0
202606222022,174.0,174.0,174.0,174.0,0.0
202606222023,174.0,174.0,174.0,174.0,0.0
202606222024,174.32,174.32,174.32,174.31,7.0
202606222025,174.32,174.32,174.32,174.32,0.0
202606222026,174.32,174.32,174.32,174.32,0.0
202606222027,174.32,174.32,174.32,174.32,0.0
202606222028,174.32,174.32,174.32,174.32,0.0
202606222029,174.32,174.32,174.32,174.32,0.0
202606222030,174.32,174.32,174.32,174.32,0.0
202606222031,174.32,174.32,174.32,174.32,0.0
202606222032,174.32,174.32,174.32,174.32,0.0
202606222033,174.32,174.32,174.32,174.32,0.0
202606222034,174.32,174.32,174.32,174.32,0.0
202606222035,174.32,174.32,174.32,174.32,0.0
202606222036,174.32,174.32,174.32,174.32,0.0
202606222037,174.32,174.32,174.32,174.32,0.0
202606222038,174.32,174.32,174.32,174.32,0.0
202606222039,174.32,174.32,174.32,174.32,0.0
202606222040,174.32,174.32,174.32,174.32,0.0
202606222041,174.32,174.32,174.32,174.32,0.0
202606222042,174.32,174.32,174.32,174.32,0.0
202606222043,174.32,174.32,174.32,174.32,0.0
202606222044,174.32,174.32,174.32,174.32,0.0
202606222045,174.32,174.32,174.32,174.32,0.0
202606222046,174.32,174.32,174.32,174.32,0.0
202606222047,174.32,174.32,174.32,174.32,0.0
202606222048,174.32,174.32,174.32,174.32,0.0
202606222049,174.32,174.32,174.32,174.32,0.0
202606222050,175.08,175.06,175.08,175.06,3.0
202606222051,175.06,175.06,175.06,175.06,0.0
202606222052,175.06,175.06,175.06,175.06,0.0
202606222053,175.06,175.06,175.06,175.06,0.0
202606222054,175.06,175.06,175.06,175.06,0.0
202606222055,175.06,175.06,175.06,175.06,0.0
202606222056,175.06,175.06,175.06,175.06,0.0
202606222057,175.06,175.06,175.06,175.06,0.0
202606222058,175.06,175.06,175.06,175.06,0.0
202606222059,175.06,175.06,175.06,175.06,0.0
202606222100,175.06,175.06,175.06,175.06,0.0
202606222101,175.06,175.06,175.06,175.06,0.0
202606222102,175.21,175.21,175.21,175.21,16.0
202606222103,175.21,175.21,175.21,175.21,0.0
202606222104,175.21,175.21,175.21,175.21,0.0
202606222105,175.33,175.33,175.33,175.32,1.0
202606222106,175.33,175.33,175.33,175.33,0.0
202606222107,175.33,175.33,175.33,175.33,0.0
202606222108,175.34,175.34,175.35,175.34,1.0
202606222109,175.45,175.45,175.45,175.45,1.0
202606222110,175.45,175.34,175.45,175.34,2.0
202606222111,175.3,175.3,175.3,175.3,1.0
202606222112,175.45,175.45,175.45,175.45,1.0
202606222113,175.45,175.45,175.45,175.45,0.0
202606222114,175.45,175.45,175.45,175.45,0.0
202606222115,175.35,175.35,175.35,175.35,1.0
202606222116,175.35,175.35,175.35,175.35,0.0
202606222117,175.35,175.35,175.35,175.35,0.0
202606222118,175.35,175.35,175.35,175.35,0.0
202606222119,175.35,175.35,175.35,175.35,0.0
202606222120,175.35,175.35,175.35,175.35,0.0
202606222121,175.35,175.35,175.35,175.35,0.0
202606222122,175.35,175.35,175.35,175.35,0.0
202606222123,175.35,175.35,175.35,175.35,0.0
202606222124,175.35,175.35,175.35,175.35,0.0
202606222125,175.35,175.35,175.35,175.35,0.0
202606222126,175.33,175.33,175.33,175.32,1.0
202606222127,175.33,175.33,175.33,175.33,0.0
202606222128,175.33,175.33,175.33,175.33,0.0
202606222129,175.33,175.33,175.33,175.33,0.0
202606222130,175.33,175.33,175.33,175.33,0.0
202606222131,175.3,175.3,175.3,175.3,2.0
202606222132,175.49,175.49,175.49,175.48,1.0
202606222133,175.49,175.49,175.49,175.49,0.0
202606222134,175.52,175.52,175.53,175.52,1.0
202606222135,175.52,175.52,175.52,175.52,0.0
202606222136,175.43,175.46,175.46,175.43,2.0
202606222137,175.46,175.46,175.46,175.46,0.0
202606222138,175.46,175.46,175.46,175.46,0.0
202606222139,175.46,175.46,175.46,175.46,0.0
202606222140,175.46,175.46,175.46,175.46,0.0
202606222141,175.46,175.46,175.46,175.46,0.0
202606222142,175.46,175.46,175.46,175.46,0.0
202606222143,175.46,175.46,175.46,175.46,0.0
202606222144,175.46,175.46,175.46,175.46,0.0
202606222145,175.39,175.39,175.39,175.39,1.0
202606222146,175.39,175.39,175.39,175.39,0.0
202606222147,175.39,175.39,175.39,175.39,0.0
202606222148,175.36,175.36,175.37,175.36,2.0
202606222149,175.36,175.36,175.36,175.36,0.0
202606222150,175.36,175.36,175.36,175.36,0.0
202606222151,175.36,175.36,175.36,175.36,0.0
202606222152,175.0,175.0,175.0,175.0,1.0
202606222153,175.0,175.0,175.0,175.0,0.0
202606222154,175.0,175.0,175.0,175.0,0.0
202606222155,175.0,175.0,175.0,175.0,0.0
202606222156,175.0,175.0,175.0,175.0,0.0
202606222157,175.0,175.0,175.0,175.0,0.0
202606222158,175.0,175.0,175.0,175.0,0.0
202606222159,175.0,175.0,175.0,175.0,0.0
202606222200,175.0,175.0,175.0,175.0,0.0
202606222201,175.3,175.3,175.3,175.29,1.0
202606222202,175.31,175.31,175.32,175.31,2.0
202606222203,175.32,175.32,175.32,175.32,1.0
202606222204,175.29,175.29,175.29,175.29,1.0
202606222205,175.29,175.29,175.29,175.29,0.0
202606222206,175.24,175.25,175.25,175.24,6.0
202606222207,175.24,175.24,175.24,175.24,1.0
202606222208,175.24,175.24,175.24,175.24,0.0
202606222209,175.27,175.27,175.27,175.27,1.0
202606222210,175.27,175.27,175.27,175.27,0.0
202606222211,175.27,175.27,175.27,175.27,0.0
202606222212,175.27,175.27,175.27,175.27,0.0
202606222213,175.27,175.27,175.27,175.27,0.0
202606222214,175.27,175.27,175.27,175.27,0.0
202606222215,175.27,175.27,175.27,175.27,0.0
202606222216,175.27,175.27,175.27,175.27,0.0
202606222217,175.27,175.27,175.27,175.27,0.0
202606222218,175.27,175.27,175.27,175.27,0.0
202606222219,175.27,175.27,175.27,175.27,0.0
202606222220,175.27,175.27,175.27,175.27,0.0
202606222221,175.27,175.27,175.27,175.27,0.0
202606222222,175.28,175.28,175.28,175.27,5.0
202606222223,175.28,175.28,175.28,175.28,0.0
202606222224,175.27,175.27,175.27,175.26,2.0
202606222225,175.27,175.27,175.27,175.27,0.0
202606222226,175.27,175.27,175.27,175.27,0.0
202606222227,175.27,175.27,175.27,175.27,0.0
202606222228,175.27,175.27,175.27,175.27,0.0
202606222229,175.27,175.27,175.27,175.27,0.0
202606222230,175.27,175.27,175.27,175.27,0.0
202606222231,175.27,175.27,175.27,175.27,0.0
202606222232,175.27,175.27,175.27,175.27,0.0
202606222233,175.27,175.27,175.27,175.27,0.0
202606222234,175.27,175.27,175.27,175.27,0.0
202606222235,175.27,175.27,175.27,175.27,0.0
202606222236,175.27,175.27,175.27,175.27,0.0
202606222237,175.27,175.27,175.27,175.27,0.0
202606222238,175.27,175.27,175.27,175.27,0.0
202606222239,175.27,175.27,175.27,175.27,0.0
202606222240,175.27,175.27,175.27,175.27,0.0
202606222241,175.27,175.27,175.27,175.27,0.0
202606222242,175.21,175.31,175.31,175.2,5.0
202606222243,175.31,175.31,175.31,175.31,0.0
202606222244,175.31,175.31,175.31,175.31,0.0
202606222245,175.31,175.31,175.31,175.31,0.0
202606222246,175.34,175.34,175.35,175.34,1.0
202606222247,175.34,175.34,175.34,175.34,0.0
202606222248,175.34,175.34,175.35,175.34,1.0
202606222249,175.35,175.35,175.36,175.35,1.0
202606222250,175.35,175.35,175.35,175.35,0.0
202606222251,175.35,175.35,175.35,175.35,0.0
202606222252,175.35,175.35,175.35,175.35,0.0
202606222253,175.35,175.35,175.35,175.35,0.0
202606222254,175.35,175.35,175.35,175.35,0.0
202606222255,175.35,175.35,175.35,175.35,0.0
202606222256,175.35,175.35,175.35,175.35,0.0
202606222257,175.35,175.35,175.35,175.35,0.0
202606222258,175.35,175.35,175.35,175.35,0.0
202606222259,175.35,175.35,175.35,175.35,0.0
202606222300,175.35,175.35,175.35,175.35,0.0
202606222301,175.35,175.35,175.35,175.35,0.0
202606222302,175.35,175.35,175.35,175.35,0.0
202606222303,175.35,175.35,175.35,175.35,0.0
202606222304,175.35,175.35,175.35,175.35,0.0
202606222305,175.35,175.35,175.35,175.35,0.0
202606222306,175.36,175.36,175.36,175.36,4.0
202606222307,175.36,175.36,175.36,175.36,0.0
202606222308,175.36,175.36,175.36,175.36,1.0
202606222309,175.36,175.36,175.36,175.36,0.0
202606222310,175.36,175.36,175.36,175.36,0.0
202606222311,175.36,175.36,175.36,175.36,0.0
202606222312,175.36,175.36,175.36,175.36,0.0
202606222313,175.36,175.36,175.36,175.36,0.0
202606222314,175.38,175.38,175.38,175.38,1.0
202606222315,175.35,175.35,175.35,175.35,5.0
202606222316,175.35,175.35,175.35,175.35,0.0
202606222317,175.35,175.35,175.35,175.35,0.0
202606222318,175.35,175.35,175.35,175.35,0.0
202606222319,175.35,175.35,175.35,175.35,0.0
202606222320,175.26,175.26,175.26,175.26,1.0
202606222321,175.35,175.35,175.35,175.35,1.0
202606222322,175.35,175.35,175.35,175.35,2.0
202606222323,175.35,175.35,175.35,175.35,0.0
202606222324,175.22,175.22,175.23,175.22,1.0
202606222325,175.22,175.22,175.22,175.22,0.0
202606222326,175.22,175.22,175.22,175.22,0.0
202606222327,175.22,175.22,175.22,175.22,0.0
202606222328,175.34,175.34,175.35,175.34,2.0
202606222329,175.34,175.34,175.34,175.34,0.0
202606222330,175.34,175.34,175.34,175.34,0.0
202606222331,175.35,175.35,175.35,175.35,1.0
202606222332,175.35,175.35,175.35,175.35,0.0
202606222333,175.35,175.35,175.35,175.35,0.0
202606222334,175.35,175.35,175.35,175.35,0.0
202606222335,175.35,175.35,175.35,175.35,0.0
202606222336,175.35,175.35,175.35,175.35,0.0
202606222337,175.35,175.35,175.35,175.35,0.0
202606222338,175.35,175.35,175.35,175.35,0.0
202606222339,175.35,175.35,175.35,175.35,0.0
202606222340,175.35,175.35,175.35,175.35,0.0
202606222341,175.35,175.35,175.35,175.35,0.0
202606222342,175.35,175.35,175.35,175.35,0.0
202606222343,175.35,175.35,175.35,175.35,0.0
202606222344,175.35,175.35,175.35,175.35,0.0
202606222345,175.35,175.35,175.35,175.35,0.0
202606222346,175.35,175.35,175.35,175.35,0.0
202606222347,175.3,175.3,175.3,175.3,10.0
202606222348,175.3,175.3,175.3,175.3,0.0
202606222349,175.3,175.3,175.3,175.3,0.0
202606222350,175.3,175.3,175.3,175.3,0.0
202606222351,175.3,175.3,175.3,175.3,0.0
202606222352,175.3,175.3,175.3,175.3,0.0
202606222353,175.3,175.3,175.3,175.3,1.0
202606222354,175.3,175.3,175.3,175.3,0.0
202606222355,175.3,175.3,175.3,175.3,0.0
202606222356,175.3,175.3,175.3,175.3,0.0
202606222357,175.3,175.3,175.3,175.3,0.0
202606222358,175.35,175.35,175.35,175.35,1.0
202606222359,175.35,175.35,175.35,175.35,0.0
202606230800,174.69,174.69,174.69,174.69,1.0
202606230801,174.69,174.69,174.69,174.69,0.0
202606230802,174.69,174.69,174.69,174.69,0.0
202606230803,174.69,174.69,174.69,174.69,0.0
202606230804,174.69,174.69,174.69,174.69,0.0
202606230805,174.69,174.69,174.69,174.69,0.0
202606230806,174.53,174.53,174.53,174.53,2.0
202606230807,174.53,174.53,174.53,174.53,0.0
202606230808,174.7,174.7,174.7,174.7,1.0
202606230809,174.93,174.93,174.93,174.93,1.0
202606230810,174.84,174.84,174.84,174.84,2.0
202606230811,174.93,174.58,174.93,174.52,12.0
202606230812,174.52,174.74,174.74,174.52,2.0
202606230813,174.74,174.74,174.74,174.74,0.0
202606230814,174.74,174.74,174.74,174.74,0.0
202606230815,174.74,174.74,174.74,174.74,0.0
202606230816,174.53,174.53,174.53,174.53,2.0
202606230817,174.53,174.53,174.53,174.53,0.0
202606230818,174.53,174.53,174.53,174.53,0.0
202606230819,174.53,174.53,174.53,174.53,0.0
202606230820,174.53,174.53,174.53,174.53,0.0
202606230821,174.53,174.53,174.53,174.53,0.0
202606230822,174.53,174.53,174.53,174.53,0.0
202606230823,174.53,174.53,174.53,174.53,0.0
202606230824,174.53,174.53,174.53,174.53,0.0
202606230825,174.53,174.53,174.53,174.53,0.0
202606230826,174.53,174.53,174.53,174.53,0.0
202606230827,174.53,174.53,174.53,174.53,0.0
202606230828,174.53,174.53,174.53,174.53,0.0
202606230829,174.53,174.53,174.53,174.53,0.0
202606230830,174.53,174.53,174.53,174.53,0.0
202606230831,174.53,174.53,174.53,174.53,0.0
202606230832,174.53,174.53,174.53,174.53,0.0
202606230833,174.53,174.53,174.53,174.53,0.0
202606230834,174.53,174.53,174.53,174.53,0.0
202606230835,174.53,174.53,174.53,174.53,0.0
202606230836,174.53,174.53,174.53,174.53,0.0
202606230837,174.62,174.62,174.63,174.62,2.0
202606230838,174.62,174.62,174.62,174.62,0.0
202606230839,174.62,174.62,174.62,174.62,0.0
202606230840,174.62,174.62,174.62,174.62,0.0
202606230841,174.62,174.62,174.62,174.62,0.0
202606230842,174.62,174.62,174.62,174.62,0.0
202606230843,174.62,174.62,174.62,174.62,0.0
202606230844,174.62,174.62,174.62,174.62,0.0
202606230845,174.62,174.62,174.62,174.62,0.0
202606230846,174.62,174.62,174.62,174.62,0.0
202606230847,174.62,174.62,174.62,174.62,0.0
202606230848,174.62,174.62,174.62,174.62,0.0
202606230849,174.62,174.62,174.62,174.62,0.0
202606230850,174.62,174.62,174.62,174.62,0.0
202606230851,174.62,174.62,174.62,174.62,0.0
202606230852,174.62,174.62,174.62,174.62,0.0
202606230853,174.62,174.62,174.62,174.62,0.0
202606230854,174.62,174.62,174.62,174.62,0.0
202606230855,174.62,174.62,174.62,174.62,0.0
202606230856,174.62,174.62,174.62,174.62,0.0
202606230857,174.62,174.62,174.62,174.62,0.0
202606230858,174.62,174.62,174.62,174.62,0.0
202606230859,174.62,174.62,174.62,174.62,0.0
202606230900,174.62,174.62,174.62,174.62,0.0
202606230901,174.62,174.62,174.62,174.62,0.0
202606230902,174.62,174.62,174.62,174.62,0.0
202606230903,174.62,174.62,174.62,174.62,0.0
202606230904,174.62,174.62,174.62,174.62,0.0
202606230905,174.62,174.62,174.62,174.62,0.0
202606230906,174.62,174.62,174.62,174.62,0.0
202606230907,174.62,174.62,174.62,174.62,0.0
202606230908,174.62,174.62,174.62,174.62,0.0
202606230909,174.62,174.62,174.62,174.62,0.0
202606230910,174.62,174.62,174.62,174.62,0.0
202606230911,174.62,174.62,174.62,174.62,0.0
202606230912,174.62,174.62,174.62,174.62,0.0
202606230913,174.62,174.62,174.62,174.62,0.0
202606230914,174.62,174.62,174.62,174.62,0.0
202606230915,174.62,174.62,174.62,174.62,0.0
202606230916,174.62,174.62,174.62,174.62,0.0
202606230917,174.62,174.62,174.62,174.62,0.0
202606230918,174.62,174.62,174.62,174.62,0.0
202606230919,174.62,174.62,174.62,174.62,0.0
202606230920,174.62,174.62,174.62,174.62,0.0
202606230921,174.62,174.62,174.62,174.62,0.0
202606230922,174.62,174.62,174.62,174.62,0.0
202606230923,174.62,174.62,174.62,174.62,0.0
202606230924,174.62,174.62,174.62,174.62,0.0
202606230925,174.62,174.62,174.62,174.62,0.0
202606230926,174.62,174.62,174.62,174.62,0.0
202606230927,174.62,174.62,174.62,174.62,0.0
202606230928,174.62,174.62,174.62,174.62,0.0
202606230929,174.62,174.62,174.62,174.62,0.0
202606230930,174.62,174.62,174.62,174.62,0.0
202606230931,174.62,174.62,174.62,174.62,0.0
202606230932,174.62,174.62,174.62,174.62,0.0
202606230933,174.62,174.62,174.62,174.62,0.0
202606230934,174.62,174.62,174.62,174.62,0.0
202606230935,174.62,174.62,174.62,174.62,0.0
202606230936,174.62,174.62,174.62,174.62,0.0
202606230937,174.62,174.62,174.62,174.62,0.0
202606230938,174.62,174.62,174.62,174.62,0.0
202606230939,174.62,174.62,174.62,174.62,0.0
202606230940,174.62,174.62,174.62,174.62,0.0
202606230941,174.62,174.62,174.62,174.62,0.0
202606230942,175.06,175.06,175.06,175.06,2.0
202606230943,175.06,175.06,175.06,175.06,0.0
202606230944,175.06,175.06,175.06,175.06,0.0
202606230945,175.06,175.06,175.06,175.06,0.0
202606230946,175.2,175.2,175.2,175.2,2.0
202606230947,175.23,175.44,175.49,175.23,37.0
202606230948,175.44,175.44,175.44,175.44,0.0
202606230949,175.44,175.44,175.44,175.44,0.0
202606230950,175.44,175.44,175.44,175.44,0.0
202606230951,175.44,175.44,175.44,175.44,0.0
202606230952,175.44,175.44,175.44,175.44,0.0
202606230953,175.44,175.44,175.44,175.44,0.0
202606230954,175.44,175.44,175.44,175.44,0.0
202606230955,175.44,175.44,175.44,175.44,0.0
202606230956,175.44,175.44,175.44,175.44,0.0
202606230957,175.44,175.44,175.44,175.44,0.0
202606230958,175.44,175.44,175.44,175.44,0.0
202606230959,175.44,175.44,175.44,175.44,0.0
202606231000,175.44,175.44,175.44,175.44,0.0
202606231001,175.44,175.44,175.44,175.44,0.0
202606231002,175.44,175.44,175.44,175.44,0.0
202606231003,175.44,175.44,175.44,175.44,0.0
202606231004,175.44,175.44,175.44,175.44,0.0
202606231005,175.44,175.44,175.44,175.44,0.0
202606231006,175.44,175.44,175.44,175.44,0.0
202606231007,175.44,175.44,175.44,175.44,0.0
202606231008,175.5,175.5,175.5,175.5,1.0
202606231009,175.5,175.5,175.5,175.5,0.0
202606231010,175.5,175.5,175.5,175.5,0.0
202606231011,175.5,175.5,175.5,175.5,0.0
202606231012,175.5,175.5,175.5,175.5,0.0
202606231013,175.5,175.5,175.5,175.5,0.0
202606231014,175.5,175.5,175.5,175.5,0.0
202606231015,175.5,175.5,175.5,175.5,0.0
202606231016,175.5,175.5,175.5,175.5,0.0
202606231017,175.5,175.5,175.5,175.5,0.0
202606231018,175.5,175.5,175.5,175.5,0.0
202606231019,175.5,175.5,175.5,175.5,0.0
202606231020,175.5,175.5,175.5,175.5,0.0
202606231021,175.5,175.5,175.5,175.5,0.0
202606231022,175.5,175.5,175.5,175.5,0.0
202606231023,175.5,175.5,175.5,175.5,0.0
202606231024,175.5,175.5,175.5,175.5,0.0
202606231025,175.5,175.5,175.5,175.5,0.0
202606231026,175.5,175.5,175.5,175.5,0.0
202606231027,175.5,175.5,175.5,175.5,0.0
202606231028,175.5,175.5,175.5,175.5,0.0
202606231029,175.5,175.5,175.5,175.5,0.0
202606231030,175.5,175.5,175.5,175.5,0.0
202606231031,175.5,175.5,175.5,175.5,0.0
202606231032,175.5,175.5,175.5,175.5,0.0
202606231033,175.5,175.5,175.5,175.5,0.0
202606231034,175.5,175.5,175.5,175.5,0.0
202606231035,175.69,175.69,175.69,175.69,1.0
202606231036,175.69,175.69,175.69,175.69,0.0
202606231037,175.69,175.69,175.69,175.69,0.0
202606231038,175.69,175.69,175.69,175.69,0.0
202606231039,175.69,175.69,175.69,175.69,0.0
202606231040,175.69,175.69,175.69,175.69,0.0
202606231041,175.69,175.69,175.69,175.69,0.0
202606231042,175.69,175.69,175.69,175.69,0.0
202606231043,175.69,175.69,175.69,175.69,0.0
202606231044,175.69,175.69,175.69,175.69,0.0
202606231045,175.69,175.69,175.69,175.69,0.0
202606231046,175.69,175.69,175.69,175.69,0.0
202606231047,175.69,175.69,175.69,175.69,0.0
202606231048,175.69,175.69,175.69,175.69,0.0
202606231049,175.69,175.69,175.69,175.69,0.0
202606231050,175.69,175.69,175.69,175.69,0.0
202606231051,175.98,175.98,175.98,175.98,4.0
202606231052,175.58,175.58,175.58,175.58,1.0
202606231053,175.77,175.93,175.93,175.77,14.0
202606231054,175.93,175.93,175.93,175.93,0.0
202606231055,175.93,175.93,175.93,175.93,0.0
202606231056,175.93,175.93,175.93,175.93,0.0
202606231057,175.93,175.93,175.93,175.93,0.0
202606231058,175.93,175.93,175.93,175.93,0.0
202606231059,176.01,176.0,176.01,176.0,10.0
202606231100,175.56,175.56,175.56,175.56,1.0
202606231101,175.79,175.79,175.79,175.79,1.0
202606231102,175.79,175.79,175.79,175.79,0.0
202606231103,175.79,175.79,175.79,175.79,0.0
202606231104,175.79,175.79,175.79,175.79,0.0
202606231105,175.94,175.94,175.94,175.94,2.0
202606231106,175.94,175.94,175.94,175.94,0.0
202606231107,175.94,175.94,175.94,175.94,0.0
202606231108,175.9,175.9,175.9,175.9,2.0
202606231109,175.9,175.9,175.9,175.9,0.0
202606231110,175.9,175.9,175.9,175.9,0.0
202606231111,175.9,175.9,175.9,175.9,0.0
202606231112,175.77,175.77,175.77,175.77,1.0
202606231113,175.77,175.77,175.77,175.77,0.0
202606231114,175.9,175.9,175.9,175.9,3.0
202606231115,175.9,175.9,175.9,175.9,0.0
202606231116,175.9,175.9,175.9,175.9,0.0
202606231117,175.9,175.9,175.9,175.9,0.0
202606231118,175.9,175.9,175.9,175.9,0.0
202606231119,175.9,175.9,175.9,175.9,0.0
202606231120,175.9,175.9,175.9,175.9,0.0
202606231121,175.9,175.9,175.9,175.9,0.0
202606231122,175.9,175.9,175.9,175.9,0.0
202606231123,175.9,175.9,175.9,175.9,0.0
202606231124,175.99,175.99,175.99,175.99,1.0
202606231125,175.99,175.99,175.99,175.99,0.0
202606231126,175.99,175.99,175.99,175.99,0.0
202606231127,175.99,175.99,175.99,175.99,1.0
202606231128,175.99,175.99,175.99,175.99,0.0
202606231129,175.99,175.99,175.99,175.99,0.0
202606231130,175.99,175.99,175.99,175.99,0.0
202606231131,175.99,175.99,175.99,175.99,0.0
202606231132,175.99,175.99,175.99,175.99,0.0
202606231133,175.99,175.99,175.99,175.99,0.0
202606231134,175.99,175.99,175.99,175.99,0.0
202606231135,175.99,175.99,175.99,175.99,0.0
202606231136,175.99,175.99,175.99,175.99,0.0
202606231137,175.99,175.99,175.99,175.99,0.0
202606231138,175.99,175.99,175.99,175.99,0.0
202606231139,175.99,175.99,175.99,175.99,0.0
202606231140,175.99,175.99,175.99,175.99,0.0
202606231141,175.99,175.99,175.99,175.99,0.0
202606231142,175.99,175.99,175.99,175.99,0.0
202606231143,175.75,175.75,175.75,175.75,11.0
202606231144,175.75,175.75,175.75,175.75,0.0
202606231145,175.75,175.75,175.75,175.75,0.0
202606231146,175.75,175.75,175.75,175.75,0.0
202606231147,175.96,175.96,175.96,175.95,2.0
202606231148,175.96,175.96,175.96,175.96,0.0
202606231149,175.96,175.96,175.96,175.96,0.0
202606231150,175.96,175.96,175.96,175.96,0.0
202606231151,175.96,175.96,175.96,175.96,0.0
202606231152,175.96,175.96,175.96,175.96,0.0
202606231153,175.86,175.86,175.86,175.86,1.0
202606231154,175.86,175.86,175.86,175.86,0.0
202606231155,175.86,175.86,175.86,175.86,0.0
202606231156,175.86,175.86,175.86,175.86,0.0
202606231157,175.86,175.86,175.86,175.86,0.0
202606231158,175.86,175.86,175.86,175.86,0.0
202606231159,175.8,175.8,175.81,175.8,1.0
202606231200,175.8,175.8,175.8,175.8,0.0
202606231201,175.8,175.8,175.8,175.8,0.0
202606231202,175.8,175.8,175.8,175.8,0.0
202606231203,175.8,175.8,175.8,175.8,0.0
202606231204,175.8,175.8,175.8,175.8,0.0
202606231205,175.8,175.8,175.8,175.8,0.0
202606231206,175.87,175.85,175.87,175.85,3.0
202606231207,175.85,175.85,175.85,175.85,0.0
202606231208,175.85,175.85,175.85,175.85,0.0
202606231209,175.85,175.85,175.85,175.85,0.0
202606231210,175.87,175.87,175.87,175.87,1.0
202606231211,175.87,175.87,175.87,175.87,0.0
202606231212,175.87,175.87,175.87,175.87,0.0
202606231213,175.87,175.87,175.87,175.87,0.0
202606231214,175.96,175.96,175.96,175.96,1.0
202606231215,175.9,175.91,175.91,175.9,2.0
202606231216,175.91,175.91,175.91,175.91,0.0
202606231217,175.91,175.91,175.91,175.91,0.0
202606231218,175.88,175.81,175.88,175.81,3.0
202606231219,175.81,175.81,175.81,175.81,0.0
202606231220,175.94,175.94,175.94,175.93,1.0
202606231221,175.94,175.94,175.94,175.94,0.0
202606231222,175.94,175.94,175.94,175.94,0.0
202606231223,175.94,175.94,175.94,175.94,0.0
202606231224,175.94,175.94,175.94,175.94,0.0
202606231225,175.94,175.94,175.94,175.94,0.0
202606231226,175.94,175.94,175.94,175.94,0.0
202606231227,175.94,175.94,175.94,175.94,0.0
202606231228,175.84,175.8,175.85,175.8,9.0
202606231229,175.8,175.75,175.8,175.75,3.0
202606231230,175.75,175.75,175.75,175.75,0.0
202606231231,175.75,175.75,175.75,175.75,0.0
202606231232,175.75,175.75,175.75,175.75,0.0
202606231233,175.75,175.75,175.75,175.75,0.0
202606231234,175.75,175.75,175.75,175.75,0.0
202606231235,175.75,175.75,175.75,175.75,0.0
202606231236,175.75,175.75,175.75,175.75,0.0
202606231237,175.75,175.75,175.75,175.75,0.0
202606231238,175.75,175.75,175.75,175.75,0.0
202606231239,175.75,175.75,175.75,175.75,0.0
202606231240,175.75,175.75,175.75,175.75,0.0
202606231241,175.75,175.75,175.75,175.75,0.0
202606231242,175.79,175.78,175.8,175.78,6.0
202606231243,175.78,175.78,175.78,175.78,0.0
202606231244,175.78,175.78,175.78,175.78,0.0
202606231245,175.79,175.88,175.88,175.79,7.0
202606231246,175.88,175.88,175.88,175.88,0.0
202606231247,175.88,175.88,175.88,175.88,0.0
202606231248,175.88,175.88,175.88,175.88,0.0
202606231249,176.0,176.07,176.07,176.0,3.0
202606231250,176.07,176.07,176.07,176.07,0.0
202606231251,176.07,176.07,176.07,176.07,0.0
202606231252,176.07,176.07,176.07,176.07,0.0
202606231253,176.07,176.07,176.07,176.07,0.0
202606231254,176.07,176.07,176.07,176.07,0.0
202606231255,176.07,176.07,176.07,176.07,0.0
202606231256,176.1,176.1,176.1,176.1,1.0
202606231257,176.15,176.12,176.19,176.12,26.0
202606231258,176.0,176.0,176.0,176.0,3.0
202606231259,176.0,176.0,176.0,176.0,0.0
202606231300,176.0,176.0,176.0,176.0,0.0
202606231301,176.0,176.0,176.0,176.0,0.0
202606231302,176.12,176.12,176.12,176.12,2.0
202606231303,176.12,176.12,176.12,176.12,0.0
202606231304,176.12,176.12,176.12,176.12,0.0
202606231305,176.12,176.12,176.12,176.12,0.0
202606231306,176.33,176.33,176.33,176.32,1.0
202606231307,176.33,176.33,176.33,176.33,0.0
202606231308,176.12,176.12,176.12,176.11,1.0
202606231309,176.12,176.12,176.12,176.12,0.0
202606231310,176.12,176.12,176.12,176.12,0.0
202606231311,176.22,176.35,176.35,176.22,5.0
202606231312,176.35,176.35,176.35,176.35,0.0
202606231313,176.35,176.35,176.35,176.35,0.0
202606231314,176.18,176.18,176.18,176.18,1.0
202606231315,176.18,176.18,176.18,176.18,0.0
202606231316,176.18,176.18,176.18,176.18,0.0
202606231317,176.1,176.1,176.1,176.1,5.0
202606231318,176.1,176.1,176.1,176.1,0.0
202606231319,176.1,176.1,176.1,176.1,0.0
202606231320,176.1,176.1,176.1,176.1,0.0
202606231321,175.65,175.65,175.65,175.65,2.0
202606231322,175.65,175.65,175.65,175.65,0.0
202606231323,175.65,175.65,175.65,175.65,0.0
202606231324,175.65,175.65,175.65,175.65,0.0
202606231325,175.65,175.65,175.65,175.65,0.0
202606231326,175.65,175.65,175.65,175.65,0.0
202606231327,175.65,175.65,175.65,175.65,0.0
202606231328,176.35,176.36,176.36,176.35,7.0
202606231329,176.4,176.42,176.42,176.4,3.0
202606231330,175.78,175.9,175.9,175.78,9.0
202606231331,175.91,175.82,175.91,175.82,9.0
202606231332,175.52,175.66,175.74,175.3,1509.0
202606231333,175.66,175.42,175.86,175.38,218.0
202606231334,175.47,175.51,175.67,175.33,47.0
202606231335,175.4,175.5,175.67,175.38,55.0
202606231336,175.42,175.46,175.64,175.33,112.0
202606231337,175.46,175.5,175.65,175.37,64.0
202606231338,175.64,175.8,175.82,175.64,79.0
202606231339,175.83,175.61,175.83,175.5,134.0
202606231340,175.54,175.56,175.74,175.44,144.0
202606231341,175.56,175.41,175.56,175.4,34.0
202606231342,175.39,175.2,175.56,175.19,66.0
202606231343,175.21,175.09,175.26,175.06,137.0
202606231344,175.05,175.41,175.41,175.01,80.0
202606231345,175.52,175.37,175.59,175.36,103.0
202606231346,175.38,175.46,175.54,175.31,527.0
202606231347,175.42,175.4,175.42,175.22,72.0
202606231348,175.33,175.42,175.43,175.3,85.0
202606231349,175.45,175.59,175.66,175.41,205.0
202606231350,175.54,175.74,175.85,175.54,63.0
202606231351,175.79,175.79,175.89,175.73,32.0
202606231352,175.78,175.83,175.84,175.57,55.0
202606231353,175.85,175.58,175.9,175.58,121.0
202606231354,175.5,175.47,175.56,175.42,44.0
202606231355,175.5,175.36,175.53,175.32,66.0
202606231356,175.41,175.14,175.41,175.1,42.0
202606231357,175.06,175.11,175.24,175.03,58.0
202606231358,175.08,175.16,175.32,174.98,70.0
202606231359,175.17,175.37,175.38,175.17,72.0
202606231400,175.31,175.26,175.33,175.13,145.0
202606231401,175.3,175.23,175.38,175.15,100.0
202606231402,175.21,174.98,175.31,174.97,159.0
202606231403,174.95,175.0,175.02,174.86,143.0
202606231404,174.99,174.94,175.01,174.88,58.0
202606231405,174.96,175.11,175.14,174.86,83.0
202606231406,175.11,175.22,175.22,175.05,97.0
202606231407,175.19,175.22,175.28,175.16,47.0
202606231408,175.17,175.28,175.28,175.13,41.0
202606231409,175.22,175.01,175.26,174.99,70.0
202606231410,175.0,175.01,175.1,174.9,30.0
202606231411,174.96,175.07,175.11,174.95,117.0
202606231412,175.04,175.02,175.15,175.0,88.0
202606231413,175.04,175.11,175.18,175.04,37.0
202606231414,175.09,175.08,175.12,174.98,81.0
202606231415,175.1,175.01,175.1,174.95,65.0
202606231416,175.0,174.93,175.01,174.83,96.0
202606231417,175.01,175.12,175.13,175.0,69.0
202606231418,175.14,175.17,175.21,175.06,42.0
202606231419,175.14,175.22,175.27,175.11,60.0
202606231420,175.18,175.15,175.2,175.12,54.0
202606231421,175.14,174.86,175.15,174.86,74.0
202606231422,174.93,174.92,175.05,174.92,53.0
202606231423,174.9,174.99,174.99,174.85,27.0
202606231424,175.01,174.96,175.03,174.96,45.0
202606231425,174.95,174.83,174.96,174.83,22.0
202606231426,174.82,174.85,174.9,174.7,237.0
202606231427,174.84,174.84,174.88,174.83,61.0
202606231428,174.88,174.83,174.88,174.79,26.0
202606231429,174.84,174.9,174.92,174.83,46.0
202606231430,174.9,175.05,175.05,174.88,101.0
202606231431,175.04,175.08,175.12,175.02,44.0
202606231432,175.09,175.15,175.15,175.07,40.0
202606231433,175.15,175.0,175.16,174.92,58.0
202606231434,175.0,175.06,175.11,174.99,45.0
202606231435,175.12,175.11,175.26,175.08,64.0
202606231436,175.1,175.02,175.1,174.94,40.0
202606231437,175.04,174.8,175.04,174.77,157.0
202606231438,174.84,174.97,175.01,174.84,97.0
202606231439,174.96,175.01,175.09,174.9,37.0
202606231440,175.05,175.16,175.25,174.98,70.0
202606231441,175.18,175.22,175.23,175.14,51.0
202606231442,175.24,175.22,175.35,175.22,38.0
202606231443,175.23,175.36,175.36,175.21,36.0
202606231444,175.38,175.46,175.46,175.33,85.0
202606231445,175.43,175.51,175.52,175.38,109.0
202606231446,175.53,175.51,175.53,175.42,40.0
202606231447,175.48,175.55,175.57,175.48,19.0
202606231448,175.54,175.49,175.57,175.49,32.0
202606231449,175.59,175.54,175.62,175.54,53.0
202606231450,175.52,175.45,175.56,175.45,69.0
202606231451,175.44,175.5,175.52,175.42,49.0
202606231452,175.52,175.51,175.52,175.46,32.0
202606231453,175.53,175.49,175.55,175.45,44.0
202606231454,175.48,175.36,175.51,175.32,41.0
202606231455,175.33,175.32,175.38,175.31,74.0
202606231456,175.3,175.42,175.42,175.3,38.0
202606231457,175.43,175.44,175.48,175.42,58.0
202606231458,175.47,175.5,175.54,175.36,67.0
202606231459,175.5,175.47,175.51,175.46,45.0
202606231500,175.48,175.39,175.53,175.38,96.0
202606231501,175.44,175.62,175.62,175.43,73.0
202606231502,175.62,175.68,175.72,175.62,65.0
202606231503,175.68,175.57,175.68,175.56,41.0
202606231504,175.62,175.68,175.7,175.6,35.0
202606231505,175.68,175.69,175.73,175.62,82.0
202606231506,175.75,175.74,175.75,175.66,64.0
202606231507,175.71,175.63,175.71,175.61,52.0
202606231508,175.62,175.64,175.68,175.6,79.0
202606231509,175.64,175.69,175.69,175.59,63.0
202606231510,175.74,175.84,175.84,175.73,45.0
202606231511,175.83,175.87,175.88,175.78,30.0
202606231512,175.89,175.99,176.0,175.89,38.0
202606231513,175.98,175.96,176.01,175.9,134.0
202606231514,175.94,176.03,176.03,175.93,70.0
202606231515,176.1,176.0,176.12,176.0,78.0
202606231516,175.98,175.92,175.98,175.84,42.0
202606231517,175.96,176.06,176.12,175.96,60.0
202606231518,176.09,176.13,176.13,176.09,12.0
202606231519,176.1,176.13,176.19,176.1,52.0
202606231520,176.1,176.07,176.1,176.04,42.0
202606231521,176.13,176.17,176.17,176.13,11.0
202606231522,176.21,176.21,176.24,176.18,101.0
202606231523,176.2,176.15,176.23,176.1,119.0
202606231524,176.11,176.07,176.22,176.07,29.0
202606231525,176.05,175.93,176.05,175.91,19.0
202606231526,175.89,175.97,176.07,175.89,36.0
202606231527,176.01,176.1,176.11,176.01,11.0
202606231528,176.08,176.02,176.11,176.01,57.0
202606231529,176.03,176.01,176.06,175.99,28.0
202606231530,176.08,176.08,176.09,176.03,27.0
202606231531,176.09,176.03,176.1,176.02,45.0
202606231532,176.01,175.95,176.02,175.9,221.0
202606231533,175.94,175.79,175.94,175.78,51.0
202606231534,175.78,175.76,175.83,175.76,49.0
202606231535,175.75,175.65,175.78,175.62,37.0
202606231536,175.71,175.74,175.75,175.69,27.0
202606231537,175.75,175.79,175.8,175.71,45.0
202606231538,175.82,175.82,175.85,175.78,31.0
202606231539,175.79,175.84,175.86,175.78,12.0
202606231540,175.81,175.81,175.83,175.75,45.0
202606231541,175.82,175.91,175.94,175.81,10.0
202606231542,175.9,175.97,175.97,175.86,23.0
202606231543,175.97,176.0,176.0,175.87,62.0
202606231544,175.99,175.87,175.99,175.87,57.0
202606231545,175.86,175.96,175.96,175.83,31.0
202606231546,175.98,175.96,176.0,175.94,11.0
202606231547,176.0,175.98,176.0,175.98,10.0
202606231548,175.98,175.99,176.02,175.95,52.0
202606231549,175.99,176.05,176.11,175.98,23.0
202606231550,176.05,175.99,176.05,175.98,52.0
202606231551,176.03,176.0,176.07,176.0,36.0
202606231552,176.0,175.91,176.0,175.88,70.0
202606231553,175.9,175.83,175.91,175.83,261.0
202606231554,175.82,175.84,175.84,175.74,45.0
202606231555,175.84,175.89,175.91,175.84,22.0
202606231556,175.9,175.83,175.9,175.82,27.0
202606231557,175.81,175.82,175.84,175.78,57.0
202606231558,175.8,175.81,175.87,175.79,33.0
202606231559,175.84,175.82,175.86,175.8,63.0
202606231600,175.8,175.81,175.82,175.73,98.0
202606231601,175.83,175.85,175.91,175.8,449.0
202606231602,175.93,175.94,175.97,175.9,53.0
202606231603,175.94,176.01,176.02,175.93,20.0
202606231604,176.04,175.92,176.04,175.92,53.0
202606231605,175.93,175.9,175.95,175.9,17.0
202606231606,175.89,175.96,175.96,175.89,45.0
202606231607,175.95,176.0,176.02,175.94,48.0
202606231608,176.01,176.0,176.05,176.0,31.0
202606231609,175.99,176.0,176.04,175.97,50.0
202606231610,175.99,176.02,176.02,175.97,22.0
202606231611,176.03,175.84,176.04,175.83,67.0
202606231612,175.85,175.79,175.88,175.78,45.0
202606231613,175.8,175.79,175.81,175.77,22.0
202606231614,175.82,175.86,175.86,175.79,34.0
202606231615,175.84,175.84,175.87,175.83,21.0
202606231616,175.86,175.84,175.87,175.84,12.0
202606231617,175.84,175.89,175.89,175.84,50.0
202606231618,175.9,175.87,175.92,175.83,93.0
202606231619,175.87,175.94,175.95,175.86,36.0
202606231620,175.96,175.94,175.97,175.93,42.0
202606231621,175.94,176.03,176.03,175.93,32.0
202606231622,176.03,175.98,176.04,175.98,33.0
202606231623,175.97,175.92,175.97,175.92,80.0
202606231624,175.92,175.88,175.92,175.85,192.0
202606231625,175.88,176.01,176.01,175.88,30.0
202606231626,176.0,176.03,176.03,175.99,53.0
202606231627,176.02,175.99,176.08,175.97,485.0
202606231628,176.0,176.07,176.07,175.97,19.0
202606231629,176.06,176.08,176.09,176.04,25.0
202606231630,176.07,175.92,176.07,175.92,98.0
202606231631,175.93,175.97,176.0,175.93,64.0
202606231632,175.96,175.91,175.97,175.89,58.0
202606231633,175.91,175.96,175.96,175.86,30.0
202606231634,175.98,175.95,176.02,175.94,37.0
202606231635,175.96,175.9,175.99,175.9,48.0
202606231636,175.88,175.81,175.88,175.81,12.0
202606231637,175.8,175.85,175.85,175.78,48.0
202606231638,175.83,175.85,175.87,175.81,30.0
202606231639,175.85,175.82,175.85,175.79,38.0
202606231640,175.81,175.8,175.86,175.78,29.0
202606231641,175.79,175.68,175.79,175.68,54.0
202606231642,175.69,175.68,175.74,175.67,28.0
202606231643,175.71,175.71,175.71,175.69,4.0
202606231644,175.71,175.68,175.71,175.64,30.0
202606231645,175.68,175.73,175.73,175.67,58.0
202606231646,175.75,175.7,175.75,175.69,32.0
202606231647,175.75,175.85,175.85,175.74,11.0
202606231648,175.85,175.85,175.87,175.81,30.0
202606231649,175.83,175.82,175.84,175.79,59.0
202606231650,175.83,175.77,175.84,175.76,33.0
202606231651,175.76,175.81,175.84,175.76,29.0
202606231652,175.79,175.86,175.86,175.79,53.0
202606231653,175.87,175.82,175.87,175.77,31.0
202606231654,175.83,175.86,175.87,175.82,28.0
202606231655,175.84,175.86,175.86,175.81,43.0
202606231656,175.86,175.85,175.86,175.83,4.0
202606231657,175.85,175.82,175.85,175.81,10.0
202606231658,175.82,175.85,175.85,175.82,18.0
202606231659,175.85,175.89,175.9,175.85,25.0
202606231700,175.91,176.05,176.05,175.91,68.0
202606231701,176.03,176.08,176.08,176.0,28.0
202606231702,176.09,176.02,176.09,176.01,39.0
202606231703,176.04,176.09,176.09,176.02,25.0
202606231704,176.11,176.04,176.11,176.03,63.0
202606231705,176.05,176.08,176.1,176.01,23.0
202606231706,176.08,176.1,176.11,176.06,22.0
202606231707,176.12,176.14,176.15,176.1,14.0
202606231708,176.16,176.05,176.16,176.05,72.0
202606231709,176.05,176.07,176.08,176.05,19.0
202606231710,176.06,176.09,176.1,176.04,30.0
202606231711,176.08,176.07,176.08,176.02,34.0
202606231712,176.07,176.1,176.11,176.07,17.0
202606231713,176.1,176.1,176.1,176.07,31.0
202606231714,176.1,176.12,176.15,176.09,57.0
202606231715,176.12,176.09,176.13,176.06,23.0
202606231716,176.08,176.13,176.13,176.06,17.0
202606231717,176.16,176.24,176.24,176.16,36.0
202606231718,176.28,176.23,176.3,176.22,31.0
202606231719,176.25,176.24,176.25,176.19,103.0
202606231720,176.24,176.25,176.26,176.2,66.0
202606231721,176.25,176.07,176.25,176.07,55.0
202606231722,176.1,176.1,176.12,176.08,42.0
202606231723,176.11,176.08,176.16,176.07,291.0
202606231724,176.08,176.12,176.16,176.08,31.0
202606231725,176.11,176.13,176.13,176.08,89.0
202606231726,176.11,176.02,176.11,176.01,107.0
202606231727,176.02,175.98,176.05,175.97,116.0
202606231728,175.98,176.06,176.06,175.98,39.0
202606231729,176.05,176.14,176.18,176.04,290.0
202606231730,176.14,176.17,176.19,176.12,126.0
202606231731,176.18,176.13,176.2,176.12,25.0
202606231732,176.13,176.1,176.13,176.08,35.0
202606231733,176.06,176.09,176.09,176.01,32.0
202606231734,176.08,176.06,176.1,176.04,38.0
202606231735,176.06,176.12,176.14,176.06,117.0
202606231736,176.12,176.11,176.13,176.09,45.0
202606231737,176.1,176.09,176.12,176.07,42.0
202606231738,176.09,176.09,176.1,176.07,21.0
202606231739,176.08,176.15,176.15,176.08,83.0
202606231740,176.14,176.12,176.15,176.12,47.0
202606231741,176.11,176.15,176.16,176.11,21.0
202606231742,176.15,176.14,176.15,176.14,7.0
202606231743,176.14,176.17,176.18,176.14,30.0
202606231744,176.17,176.16,176.18,176.15,34.0
202606231745,176.18,176.17,176.21,176.15,63.0
202606231746,176.21,176.21,176.24,176.19,25.0
202606231747,176.22,176.17,176.24,176.17,24.0
202606231748,176.19,176.2,176.2,176.19,11.0
202606231749,176.17,176.23,176.23,176.17,24.0
202606231750,176.19,176.13,176.21,176.12,71.0
202606231751,176.15,176.19,176.2,176.14,42.0
202606231752,176.22,176.21,176.23,176.2,18.0
202606231753,176.2,176.2,176.23,176.18,37.0
202606231754,176.18,176.13,176.22,176.13,77.0
202606231755,176.15,176.11,176.15,176.08,25.0
202606231756,176.1,176.06,176.11,176.05,47.0
202606231757,176.07,175.99,176.07,175.99,108.0
202606231758,175.99,176.0,176.02,175.93,49.0
202606231759,176.04,176.09,176.09,176.04,20.0
202606231800,176.11,176.13,176.13,176.08,23.0
202606231801,176.12,176.01,176.12,176.0,37.0
202606231802,176.01,176.1,176.1,176.0,30.0
202606231803,176.08,176.08,176.08,176.06,69.0
202606231804,176.07,176.15,176.2,176.06,47.0
202606231805,176.12,176.1,176.13,176.1,23.0
202606231806,176.11,176.24,176.24,176.11,10.0
202606231807,176.26,176.27,176.27,176.22,43.0
202606231808,176.28,176.25,176.28,176.22,53.0
202606231809,176.24,176.19,176.24,176.12,55.0
202606231810,176.19,176.1,176.19,176.1,36.0
202606231811,176.13,176.15,176.15,176.1,12.0
202606231812,176.17,176.23,176.23,176.16,27.0
202606231813,176.22,176.27,176.28,176.22,68.0
202606231814,176.24,176.19,176.24,176.19,45.0
202606231815,176.14,176.1,176.14,176.05,60.0
202606231816,176.11,176.09,176.11,176.02,55.0
202606231817,176.1,176.12,176.12,176.05,43.0
202606231818,176.12,176.11,176.14,176.1,48.0
202606231819,176.09,176.01,176.1,176.01,46.0
202606231820,176.02,176.02,176.06,176.0,40.0
202606231821,176.03,176.13,176.13,176.03,35.0
202606231822,176.11,176.1,176.11,176.06,50.0
202606231823,176.1,176.06,176.11,176.06,22.0
202606231824,176.08,176.02,176.08,176.02,52.0
202606231825,176.02,176.06,176.06,176.02,38.0
202606231826,176.04,176.09,176.1,176.01,26.0
202606231827,176.12,176.13,176.14,176.09,31.0
202606231828,176.14,176.09,176.14,176.07,69.0
202606231829,176.08,176.13,176.15,176.08,47.0
202606231830,176.12,176.21,176.21,176.11,69.0
202606231831,176.22,176.17,176.23,176.15,43.0
202606231832,176.17,176.22,176.27,176.16,35.0
202606231833,176.23,176.24,176.24,176.21,17.0
202606231834,176.24,176.29,176.29,176.23,19.0
202606231835,176.27,176.2,176.27,176.19,30.0
202606231836,176.22,176.33,176.38,176.21,692.0
202606231837,176.32,176.29,176.33,176.28,58.0
202606231838,176.3,176.24,176.3,176.21,73.0
202606231839,176.25,176.21,176.25,176.18,58.0
202606231840,176.21,176.17,176.24,176.13,51.0
202606231841,176.17,176.09,176.18,176.09,90.0
202606231842,176.09,176.09,176.12,176.07,24.0
202606231843,176.07,176.09,176.12,176.04,46.0
202606231844,176.11,176.11,176.17,176.08,54.0
202606231845,176.1,176.16,176.18,176.09,44.0
202606231846,176.17,176.26,176.26,176.15,111.0
202606231847,176.24,176.31,176.31,176.21,48.0
202606231848,176.32,176.31,176.32,176.26,19.0
202606231849,176.33,176.26,176.33,176.25,90.0
202606231850,176.26,176.27,176.29,176.25,30.0
202606231851,176.25,176.29,176.3,176.25,16.0
202606231852,176.29,176.22,176.3,176.22,50.0
202606231853,176.21,176.17,176.21,176.14,39.0
202606231854,176.14,176.02,176.14,176.01,36.0
202606231855,176.04,175.95,176.04,175.94,52.0
202606231856,175.93,176.01,176.01,175.92,48.0
202606231857,176.0,176.05,176.06,176.0,12.0
202606231858,176.05,176.02,176.1,176.0,66.0
202606231859,176.01,175.97,176.03,175.97,42.0
202606231900,175.95,175.95,175.97,175.9,37.0
202606231901,175.92,175.94,175.94,175.87,60.0
202606231902,175.92,175.99,175.99,175.92,45.0
202606231903,175.99,175.9,175.99,175.9,36.0
202606231904,175.88,175.92,175.94,175.88,39.0
202606231905,175.89,175.79,175.93,175.79,48.0
202606231906,175.79,175.77,175.79,175.74,56.0
202606231907,175.77,175.8,175.8,175.75,46.0
202606231908,175.77,175.84,175.87,175.75,31.0
202606231909,175.82,175.77,175.82,175.74,38.0
202606231910,175.77,175.76,175.79,175.75,43.0
202606231911,175.77,175.76,175.79,175.7,61.0
202606231912,175.77,175.77,175.78,175.76,61.0
202606231913,175.77,175.73,175.77,175.68,152.0
202606231914,175.74,175.7,175.74,175.7,21.0
202606231915,175.71,175.67,175.71,175.63,63.0
202606231916,175.66,175.68,175.69,175.65,53.0
202606231917,175.68,175.76,175.79,175.68,68.0
202606231918,175.76,175.8,175.81,175.73,77.0
202606231919,175.79,175.82,175.82,175.78,38.0
202606231920,175.81,175.86,175.86,175.79,43.0
202606231921,175.88,175.97,175.97,175.88,34.0
202606231922,175.97,175.96,175.97,175.91,45.0
202606231923,175.95,175.87,175.95,175.84,57.0
202606231924,175.87,175.91,175.91,175.87,44.0
202606231925,175.92,175.85,175.92,175.85,53.0
202606231926,175.82,175.87,175.9,175.74,67.0
202606231927,175.88,175.88,175.89,175.85,45.0
202606231928,175.88,176.08,176.08,175.87,79.0
202606231929,176.1,176.09,176.12,176.05,92.0
202606231930,176.07,176.06,176.11,176.05,98.0
202606231931,176.06,175.93,176.06,175.93,120.0
202606231932,175.93,175.89,175.95,175.89,53.0
202606231933,175.88,175.89,175.89,175.79,79.0
202606231934,175.92,175.92,175.94,175.91,88.0
202606231935,175.92,176.03,176.08,175.92,94.0
202606231936,176.06,176.01,176.1,175.99,244.0
202606231937,176.01,176.02,176.04,175.98,68.0
202606231938,176.01,175.93,176.01,175.92,115.0
202606231939,175.92,175.94,175.94,175.86,49.0
202606231940,175.92,175.97,175.98,175.9,68.0
202606231941,175.96,175.95,176.05,175.94,93.0
202606231942,175.94,175.98,176.0,175.92,201.0
202606231943,175.97,176.0,176.0,175.96,95.0
202606231944,175.99,176.18,176.19,175.99,94.0
202606231945,176.19,176.25,176.36,176.16,274.0
202606231946,176.24,176.29,176.31,176.23,79.0
202606231947,176.29,176.19,176.3,176.17,123.0
202606231948,176.19,176.14,176.19,176.1,136.0
202606231949,176.15,176.35,176.36,176.13,214.0
202606231950,176.35,176.31,176.4,176.23,252.0
202606231951,176.31,176.2,176.33,176.12,152.0
202606231952,176.2,176.21,176.31,176.16,142.0
202606231953,176.19,176.17,176.2,176.08,151.0
202606231954,176.14,176.13,176.25,176.11,128.0
202606231955,176.11,176.27,176.39,176.11,274.0
202606231956,176.25,176.13,176.27,176.12,228.0
202606231957,176.14,176.18,176.19,176.1,266.0
202606231958,176.2,176.03,176.24,176.0,544.0
202606231959,176.04,175.98,176.21,175.97,1085.0
202606232000,175.98,175.98,175.98,175.98,0.0
202606232001,176.14,176.13,176.14,176.13,5.0
202606232002,176.13,176.13,176.13,176.13,0.0
202606232003,175.98,175.98,175.98,175.98,13700.0
202606232004,175.98,175.98,175.98,175.98,0.0
202606232005,175.98,175.98,175.98,175.98,375.0
202606232006,175.98,175.98,175.98,175.98,0.0
202606232007,175.98,175.98,175.98,175.98,0.0
202606232008,175.98,175.98,175.98,175.98,0.0
202606232009,175.98,175.98,175.98,175.98,0.0
202606232010,175.98,175.98,175.98,175.98,0.0
202606232011,175.98,175.98,175.98,175.98,0.0
202606232012,175.98,175.98,175.98,175.98,0.0
202606232013,175.98,175.98,175.98,175.98,0.0
202606232014,175.98,175.98,175.98,175.98,0.0
202606232015,175.98,175.98,175.98,175.98,0.0
202606232016,175.98,175.98,175.98,175.98,0.0
202606232017,175.98,175.98,175.98,175.98,0.0
202606232018,175.88,175.88,175.89,175.88,3.0
202606232019,175.88,175.88,175.88,175.88,0.0
202606232020,175.88,175.88,175.88,175.88,0.0
202606232021,175.88,175.88,175.88,175.88,0.0
202606232022,175.88,175.88,175.88,175.88,0.0
202606232023,175.88,175.88,175.88,175.88,0.0
202606232024,175.88,175.88,175.88,175.88,0.0
202606232025,175.88,175.88,175.88,175.88,0.0
202606232026,175.88,175.88,175.88,175.88,0.0
202606232027,176.11,176.11,176.11,176.1,4.0
202606232028,176.11,176.11,176.11,176.11,0.0
202606232029,176.11,176.11,176.11,176.11,0.0
202606232030,176.11,176.11,176.11,176.11,0.0
202606232031,176.11,176.11,176.11,176.11,0.0
202606232032,176.1,176.1,176.1,176.1,3.0
202606232033,176.1,176.1,176.1,176.1,0.0
202606232034,176.1,176.1,176.1,176.1,0.0
202606232035,176.03,176.03,176.04,176.03,1.0
202606232036,176.03,176.03,176.03,176.03,0.0
202606232037,176.03,176.03,176.03,176.03,0.0
202606232038,176.03,176.03,176.03,176.03,0.0
202606232039,176.05,176.05,176.05,176.04,2.0
202606232040,176.2,176.2,176.2,176.19,2.0
202606232041,176.2,176.2,176.2,176.2,0.0
202606232042,176.2,176.2,176.2,176.2,0.0
202606232043,176.2,176.2,176.2,176.2,0.0
202606232044,176.2,176.2,176.2,176.2,0.0
202606232045,176.2,176.2,176.2,176.2,0.0
202606232046,176.2,176.2,176.2,176.2,0.0
202606232047,176.2,176.2,176.2,176.2,0.0
202606232048,176.2,176.2,176.2,176.2,0.0
202606232049,176.2,176.2,176.2,176.2,0.0
202606232050,176.2,176.2,176.2,176.2,0.0
202606232051,176.2,176.2,176.2,176.2,0.0
202606232052,176.2,176.2,176.2,176.2,0.0
202606232053,176.2,176.2,176.2,176.2,0.0
202606232054,176.2,176.2,176.2,176.2,0.0
202606232055,176.2,176.2,176.2,176.2,0.0
202606232056,176.2,176.2,176.2,176.2,0.0
202606232057,176.2,176.2,176.2,176.2,0.0
202606232058,176.2,176.2,176.2,176.2,0.0
202606232059,176.2,176.2,176.2,176.2,0.0
202606232100,176.2,176.2,176.2,176.2,0.0
202606232101,176.05,176.04,176.05,176.04,5.0
202606232102,176.04,176.04,176.04,176.04,0.0
202606232103,176.04,176.04,176.04,176.04,0.0
202606232104,176.19,176.19,176.19,176.18,1.0
202606232105,176.19,176.19,176.19,176.19,0.0
202606232106,176.19,176.19,176.19,176.19,0.0
202606232107,176.19,176.19,176.19,176.19,0.0
202606232108,176.19,176.19,176.19,176.19,0.0
202606232109,176.19,176.19,176.19,176.19,0.0
202606232110,176.19,176.19,176.19,176.19,0.0
202606232111,176.19,176.19,176.19,176.19,0.0
202606232112,176.19,176.19,176.19,176.19,0.0
202606232113,176.19,176.19,176.19,176.19,0.0
202606232114,176.19,176.19,176.19,176.19,0.0
202606232115,176.19,176.19,176.19,176.19,0.0
202606232116,176.19,176.19,176.19,176.19,0.0
202606232117,176.19,176.19,176.19,176.19,0.0
202606232118,176.19,176.19,176.19,176.19,0.0
202606232119,176.19,176.19,176.19,176.19,0.0
202606232120,176.19,176.19,176.19,176.19,0.0
202606232121,176.19,176.19,176.19,176.19,0.0
202606232122,176.19,176.19,176.19,176.19,0.0
202606232123,176.19,176.19,176.19,176.19,0.0
202606232124,176.19,176.19,176.19,176.19,0.0
202606232125,176.19,176.19,176.19,176.19,0.0
202606232126,176.19,176.19,176.19,176.19,0.0
202606232127,176.19,176.19,176.19,176.19,0.0
202606232128,176.19,176.19,176.19,176.19,0.0
202606232129,176.19,176.19,176.19,176.19,0.0
202606232130,176.19,176.19,176.19,176.19,0.0
202606232131,176.19,176.19,176.19,176.19,0.0
202606232132,176.19,176.19,176.19,176.19,0.0
202606232133,176.19,176.19,176.19,176.19,0.0
202606232134,176.19,176.19,176.19,176.19,0.0
202606232135,176.19,176.19,176.19,176.19,0.0
202606232136,176.19,176.19,176.19,176.19,0.0
202606232137,176.19,176.19,176.19,176.19,0.0
202606232138,176.19,176.19,176.19,176.19,0.0
202606232139,176.19,176.19,176.19,176.19,0.0
202606232140,176.19,176.19,176.19,176.19,0.0
202606232141,176.19,176.19,176.19,176.19,0.0
202606232142,176.19,176.19,176.19,176.19,0.0
202606232143,176.19,176.19,176.19,176.19,0.0
202606232144,176.19,176.19,176.19,176.19,0.0
202606232145,176.19,176.19,176.19,176.19,0.0
202606232146,176.19,176.19,176.19,176.19,0.0
202606232147,176.19,176.19,176.19,176.19,0.0
202606232148,176.19,176.19,176.19,176.19,0.0
202606232149,176.19,176.19,176.19,176.19,0.0
202606232150,176.19,176.19,176.19,176.19,0.0
202606232151,176.19,176.19,176.19,176.19,0.0
202606232152,176.19,176.19,176.19,176.19,0.0
202606232153,176.19,176.19,176.19,176.19,0.0
202606232154,176.19,176.19,176.19,176.19,0.0
202606232155,176.19,176.19,176.19,176.19,0.0
202606232156,176.19,176.19,176.19,176.19,0.0
202606232157,176.19,176.19,176.19,176.19,0.0
202606232158,176.19,176.19,176.19,176.19,0.0
202606232159,176.19,176.19,176.19,176.19,0.0
202606232200,176.19,176.19,176.19,176.19,0.0
202606232201,176.19,176.19,176.19,176.19,0.0
202606232202,176.19,176.19,176.19,176.19,0.0
202606232203,176.19,176.19,176.19,176.19,0.0
202606232204,176.19,176.19,176.19,176.19,0.0
202606232205,176.19,176.19,176.19,176.19,0.0
202606232206,176.19,176.19,176.19,176.19,0.0
202606232207,176.19,176.19,176.19,176.19,0.0
202606232208,176.19,176.19,176.19,176.19,0.0
202606232209,176.19,176.19,176.19,176.19,0.0
202606232210,176.19,176.19,176.19,176.19,0.0
202606232211,176.19,176.19,176.19,176.19,0.0
202606232212,176.19,176.19,176.19,176.19,0.0
202606232213,176.19,176.19,176.19,176.19,0.0
202606232214,176.19,176.19,176.19,176.19,0.0
202606232215,176.19,176.19,176.19,176.19,0.0
202606232216,176.19,176.19,176.19,176.19,0.0
202606232217,176.19,176.19,176.19,176.19,0.0
202606232218,176.19,176.19,176.19,176.19,0.0
202606232219,176.19,176.19,176.19,176.19,0.0
202606232220,176.19,176.19,176.19,176.19,0.0
202606232221,176.19,176.19,176.19,176.19,0.0
202606232222,176.19,176.19,176.19,176.19,0.0
202606232223,176.19,176.19,176.19,176.19,0.0
202606232224,176.19,176.19,176.19,176.19,0.0
202606232225,176.19,176.19,176.19,176.19,0.0
202606232226,176.19,176.19,176.19,176.19,0.0
202606232227,176.19,176.19,176.19,176.19,0.0
202606232228,176.1,176.1,176.1,176.1,10.0
202606232229,176.1,176.1,176.1,176.1,0.0
202606232230,176.1,176.1,176.1,176.1,10.0
202606232231,176.1,176.1,176.1,176.1,0.0
202606232232,176.1,176.1,176.1,176.1,0.0
202606232233,176.19,176.19,176.19,176.19,1.0
202606232234,176.19,176.19,176.19,176.19,0.0
202606232235,176.19,176.19,176.19,176.19,0.0
202606232236,176.19,176.19,176.19,176.19,0.0
202606232237,176.19,176.19,176.19,176.19,0.0
202606232238,176.19,176.19,176.19,176.19,0.0
202606232239,176.19,176.19,176.19,176.19,0.0
202606232240,176.19,176.19,176.19,176.19,0.0
202606232241,176.19,176.19,176.19,176.19,0.0
202606232242,176.19,176.19,176.19,176.19,0.0
202606232243,176.19,176.19,176.19,176.19,0.0
202606232244,176.19,176.19,176.19,176.19,0.0
202606232245,176.19,176.19,176.19,176.19,0.0
202606232246,176.19,176.19,176.19,176.19,0.0
202606232247,176.19,176.19,176.19,176.19,0.0
202606232248,176.19,176.19,176.19,176.19,0.0
202606232249,176.19,176.19,176.19,176.19,0.0
202606232250,176.19,176.19,176.19,176.19,0.0
202606232251,176.19,176.19,176.19,176.19,0.0
202606232252,176.19,176.19,176.19,176.19,0.0
202606232253,176.03,176.03,176.03,176.02,1.0
202606232254,176.01,176.01,176.01,176.01,1.0
202606232255,176.19,176.19,176.19,176.19,1.0
202606232256,176.19,176.19,176.19,176.19,0.0
202606232257,176.19,176.19,176.19,176.19,0.0
202606232258,176.19,176.19,176.19,176.19,0.0
202606232259,176.19,176.19,176.19,176.19,0.0
202606232300,176.0,176.0,176.0,176.0,1.0
202606232301,176.0,176.0,176.0,176.0,0.0
202606232302,176.0,176.0,176.0,176.0,0.0
202606232303,176.0,176.0,176.0,176.0,0.0
202606232304,176.0,176.0,176.0,176.0,0.0
202606232305,176.0,176.0,176.0,176.0,0.0
202606232306,176.0,176.0,176.0,176.0,0.0
202606232307,176.0,176.0,176.0,176.0,0.0
202606232308,176.0,176.0,176.0,176.0,0.0
202606232309,176.0,176.0,176.0,176.0,0.0
202606232310,176.0,176.0,176.0,176.0,0.0
202606232311,176.0,176.0,176.0,176.0,0.0
202606232312,176.0,176.0,176.0,176.0,0.0
202606232313,176.0,176.0,176.0,176.0,0.0
202606232314,176.0,176.0,176.0,176.0,0.0
202606232315,176.0,176.0,176.0,176.0,0.0
202606232316,176.0,176.0,176.0,176.0,0.0
202606232317,176.0,176.0,176.0,176.0,0.0
202606232318,176.0,176.0,176.0,176.0,0.0
202606232319,176.0,176.0,176.0,176.0,0.0
202606232320,176.0,176.0,176.0,176.0,0.0
202606232321,176.0,176.0,176.0,176.0,0.0
202606232322,176.0,176.0,176.0,176.0,0.0
202606232323,176.0,176.0,176.0,176.0,0.0
202606232324,176.0,176.0,176.0,176.0,0.0
202606232325,176.0,176.0,176.0,176.0,0.0
202606232326,176.0,176.0,176.0,176.0,0.0
202606232327,176.0,176.0,176.0,176.0,0.0
202606232328,176.0,176.0,176.0,176.0,0.0
202606232329,176.0,176.0,176.0,176.0,0.0
202606232330,176.0,176.0,176.0,176.0,0.0
202606232331,176.0,176.0,176.0,176.0,0.0
202606232332,176.19,176.19,176.19,176.18,2.0
202606232333,176.19,176.19,176.19,176.19,0.0
202606232334,176.19,176.19,176.19,176.19,0.0
202606232335,176.19,176.19,176.19,176.19,0.0
202606232336,176.19,176.19,176.19,176.19,0.0
202606232337,176.19,176.19,176.19,176.19,0.0
202606232338,176.19,176.19,176.19,176.19,0.0
202606232339,176.19,176.19,176.19,176.19,0.0
202606232340,176.19,176.19,176.19,176.19,0.0
202606232341,176.19,176.19,176.19,176.19,0.0
202606232342,176.0,176.0,176.0,176.0,1.0
202606232343,176.0,176.0,176.0,176.0,0.0
202606232344,176.0,176.0,176.0,176.0,0.0
202606232345,176.0,176.0,176.0,176.0,0.0
202606232346,176.0,176.0,176.0,176.0,0.0
202606232347,176.0,176.0,176.0,176.0,0.0
202606232348,176.0,176.0,176.0,176.0,0.0
202606232349,176.0,176.0,176.0,176.0,0.0
202606232350,176.0,176.0,176.0,176.0,0.0
202606232351,176.0,176.0,176.0,176.0,0.0
202606232352,176.0,176.0,176.0,176.0,0.0
202606232353,176.0,176.0,176.0,176.0,0.0
202606232354,176.0,176.0,176.0,176.0,0.0
202606232355,176.0,176.0,176.0,176.0,0.0
202606232356,176.0,176.0,176.0,176.0,0.0
202606232357,176.0,176.0,176.0,176.0,0.0
202606232358,176.0,176.0,176.0,176.0,0.0
202606232359,176.0,176.0,176.0,176.0,0.0
202606240800,175.02,174.55,175.98,173.0875,0.0
202606240801,174.26,174.76,175.23,174.26,0.0
202606240803,174.71,174.83,175.0,174.14,0.0
202606240804,174.83,174.56,175.32,174.14,0.0
202606240805,174.58,174.27,174.58,174.15,0.0
202606240806,174.27,174.57,174.68,174.21,0.0
202606240807,174.69,175.6858,175.6858,174.69,0.0
202606240811,174.69,174.69,174.69,174.69,0.0
202606240812,174.69,174.69,174.69,174.69,0.0
202606240815,174.69,174.56,174.69,174.56,0.0
202606240816,174.56,174.63,174.63,174.55,0.0
202606240827,174.5,174.5,174.5,174.5,0.0
202606240828,174.51,174.51,174.51,174.51,0.0
202606240830,174.37,174.37,174.37,174.37,0.0
202606240834,174.38,174.53,174.53,174.38,0.0
202606240835,174.38,174.37,174.38,174.37,0.0
202606240840,174.49,174.49,174.49,174.49,0.0
202606240841,174.49,174.49,174.49,174.49,0.0
202606240843,174.545,174.6,174.6,174.52,0.0
202606240844,174.6,174.6,174.6,174.6,0.0
202606240845,174.6,174.6,174.6,174.6,0.0
202606240848,175.84,175.84,175.84,175.84,0.0
202606240851,174.95,174.95,174.95,174.95,0.0
202606240852,174.93,174.93,174.93,174.93,0.0
202606240853,174.95,174.95,174.95,174.95,0.0
202606240857,174.97,174.97,174.97,174.97,0.0
202606240900,174.5,175.84,175.84,174.5,0.0
202606240901,175.84,175.84,175.84,175.84,0.0
202606240902,175.8388,175.8388,175.8388,175.8388,0.0
202606240907,174.97,174.97,174.97,174.97,0.0
202606240908,174.49,174.49,174.49,174.49,0.0
202606240912,174.49,174.49,174.49,174.49,0.0
202606240922,174.509,174.509,174.509,174.509,0.0
202606240925,174.57,174.57,174.57,174.57,0.0
202606240928,174.63,174.63,174.63,174.63,0.0
202606240929,174.68,174.68,174.68,174.68,0.0
202606240930,174.5247,175.25,175.25,174.5247,0.0
202606240931,174.56,174.54,174.56,174.54,0.0
202606240936,174.56,174.56,174.56,174.56,0.0
202606240937,174.56,174.52,174.56,174.52,0.0
202606240940,174.52,174.53,174.53,174.51,0.0
202606240942,175.8062,175.8062,175.8062,175.8062,0.0
202606240944,174.98,174.95,174.98,174.95,0.0
202606240946,174.92,174.92,174.92,174.92,0.0
202606240950,175.01,175.01,175.01,175.01,0.0
202606240951,175.01,175.01,175.01,175.01,0.0
202606240955,174.9872,174.9872,174.9872,174.9872,0.0
202606240957,174.5027,174.5027,174.5027,174.5027,0.0
202606241001,174.5027,174.5027,174.5027,174.5027,0.0
202606241002,174.74,174.52,174.74,174.52,0.0
202606241005,174.55,174.55,174.55,174.55,0.0
202606241007,174.4912,174.4912,174.4912,174.4912,0.0
202606241010,174.592,174.592,174.592,174.592,0.0
202606241011,174.592,174.592,174.592,174.592,0.0
202606241017,174.59,174.59,174.59,174.59,0.0
202606241018,174.77,174.77,174.77,174.77,0.0
202606241022,174.98,175.0,175.0,174.98,0.0
202606241025,174.77,174.77,174.77,174.77,0.0
202606241030,174.86,174.92,174.92,174.86,0.0
202606241032,174.64,174.64,174.64,174.64,0.0
202606241040,174.6,174.6,174.6,174.6,0.0
202606241045,174.62,174.646,174.65,174.62,0.0
202606241046,174.646,174.84,174.84,174.646,0.0
202606241047,174.49,174.49,174.49,174.49,0.0
202606241048,174.5175,174.5175,174.5175,174.5175,0.0
202606241050,174.95,174.95,174.95,174.95,0.0
202606241051,174.73,174.62,174.73,174.62,0.0
202606241055,174.52,174.92,174.92,174.52,0.0
202606241057,174.62,174.62,174.62,174.62,0.0
202606241100,174.97,174.98,175.6732,174.6312,0.0
202606241101,174.99,174.99,174.99,174.99,0.0
202606241102,174.71,174.66,174.77,174.63,0.0
202606241103,174.69,174.7,174.72,174.65,0.0
202606241105,174.92,174.8,174.92,174.8,0.0
202606241106,174.8,174.72,174.8,174.72,0.0
202606241107,174.65,174.65,174.67,174.65,0.0
202606241108,174.65,174.6262,174.65,174.6262,0.0
202606241111,174.89,174.65,174.89,174.65,0.0
202606241112,174.642,174.65,174.652,174.642,0.0
202606241113,174.65,174.65,174.65,174.65,0.0
202606241115,174.65,174.65,174.65,174.65,0.0
202606241117,174.6,174.6,174.6,174.6,0.0
202606241120,174.75,174.6,174.75,174.6,0.0
202606241121,174.89,174.89,174.89,174.89,0.0
202606241124,174.89,174.89,174.89,174.89,0.0
202606241127,174.95,174.95,174.95,174.95,0.0
202606241128,174.68,174.68,174.69,174.68,0.0
202606241129,174.68,174.68,174.68,174.68,0.0
202606241130,174.65,174.68,174.68,174.65,0.0
202606241131,174.96,175.0,175.0,174.94,0.0
202606241132,174.7,174.94,174.94,174.68,0.0
202606241134,174.92,174.92,174.92,174.92,0.0
202606241135,174.94,174.94,174.94,174.94,0.0
202606241136,174.94,174.99,174.99,174.94,0.0
202606241137,174.99,174.99,174.99,174.99,0.0
202606241141,174.86,174.9,174.9,174.86,0.0
202606241142,174.85,174.97,174.97,174.85,0.0
202606241143,174.72,175.85,175.85,174.68,0.0
202606241146,174.71,174.7686,174.7686,174.65,0.0
202606241147,174.74,174.49,174.74,174.49,0.0
202606241149,174.47,174.05,174.47,174.05,0.0
202606241150,174.25,175.02,175.02,174.25,0.0
202606241152,174.195,174.37,174.37,174.195,0.0
202606241153,174.17,174.1,174.17,174.1,0.0
202606241154,174.6812,174.038,174.73,174.038,0.0
202606241156,174.68,174.68,174.68,174.68,0.0
202606241159,174.66,174.66,174.66,174.66,0.0
202606241200,174.1426,174.1426,174.1426,174.1426,0.0
202606241201,174.1426,174.7,174.7,174.1355,0.0
202606241202,174.49,174.63,174.63,174.49,0.0
202606241203,174.63,174.4,174.63,174.4,0.0
202606241204,174.55,174.57,174.57,174.55,0.0
202606241206,174.94,174.94,174.94,174.94,0.0
202606241208,174.1,174.6,174.6,174.04,0.0
202606241209,174.18,174.18,174.18,174.15,0.0
202606241210,174.14,174.1396,174.94,174.11,0.0
202606241211,174.0768,174.02,174.0768,174.02,0.0
202606241212,174.15,174.14,174.15,174.14,0.0
202606241213,174.31,174.31,174.31,174.31,0.0
202606241214,174.3,174.3,174.3,174.3,0.0
202606241216,174.14,174.3291,174.3291,173.89,0.0
202606241218,173.93,174.465,174.465,173.88,0.0
202606241219,174.0,174.48,174.48,173.88,0.0
202606241220,173.94,173.8999,174.3,173.75,0.0
202606241221,173.7109,173.88,174.0,173.7109,0.0
202606241222,173.88,173.9,173.9,173.88,0.0
202606241223,174.48,173.98,174.48,173.89,0.0
202606241224,173.89,173.96,173.96,173.89,0.0
202606241225,173.96,173.9,173.96,173.9,0.0
202606241226,173.93,173.9658,173.9658,173.93,0.0
202606241227,173.96,173.98,174.0,173.9,0.0
202606241228,174.19,174.19,174.19,174.19,0.0
202606241229,174.18,174.14,174.18,173.97,0.0
202606241230,174.24,174.48,174.48,174.24,0.0
202606241231,174.1,174.0285,174.12,174.0006,0.0
202606241232,174.1069,174.14,174.14,174.1069,0.0
202606241233,174.04,174.0182,174.04,174.0182,0.0
202606241234,174.1197,174.09,174.1197,174.0179,0.0
202606241235,174.09,174.09,174.09,174.09,0.0
202606241236,174.08,173.91,174.08,173.91,0.0
202606241237,173.93,173.9,173.93,173.9,0.0
202606241238,173.97,173.92,173.97,173.91,0.0
202606241239,174.14,173.88,174.14,173.88,0.0
202606241240,174.0,173.855,174.0,173.855,0.0
202606241241,173.86,173.7867,173.9563,173.7867,0.0
202606241242,173.6,173.6863,173.92,173.6,0.0
202606241243,173.73,174.0,174.0,173.66,0.0
202606241244,173.98,173.91,173.98,173.7,0.0
202606241245,173.91,173.91,173.91,173.91,0.0
202606241246,173.86,173.98,173.98,173.7225,0.0
202606241247,173.98,173.73,174.0,173.725,0.0
202606241248,173.73,173.8,173.85,173.73,0.0
202606241249,173.915,174.0,174.12,173.8,0.0
202606241250,174.0,174.0,174.0,173.9,0.0
202606241251,174.0,173.9,174.0,173.64,0.0
202606241252,173.9,174.1,174.1,173.57,0.0
202606241253,173.7767,173.57,174.0,173.57,0.0
202606241254,173.99,173.88,173.99,173.673,0.0
202606241255,173.845,173.9911,173.9953,173.75,0.0
202606241256,173.7037,174.0777,174.0777,173.7037,0.0
202606241257,174.07,173.99,174.07,173.91,0.0
202606241258,188.5,174.0,188.5,174.0,0.0
202606241300,173.88,173.8252,173.9532,173.75,0.0
202606241301,173.82,173.6,173.82,173.6,0.0
202606241302,173.7,173.6,173.7,173.6,0.0
202606241303,173.6,173.6,173.69,173.6,0.0
202606241305,173.6,173.6,173.6,173.6,0.0
202606241306,173.5986,173.5986,173.5986,173.5986,0.0
202606241307,173.69,173.69,173.69,173.69,0.0
202606241308,173.65,173.51,173.73,173.36,0.0
202606241309,173.51,173.2588,173.713,173.2588,0.0
202606241310,173.3,173.3,173.49,173.3,0.0
202606241312,173.4043,173.45,173.495,173.4043,0.0
202606241313,173.47,173.45,173.5,173.4,0.0
202606241314,173.48,173.29,173.4827,173.27,0.0
202606241330,173.88999938964844,172.61000061035156,173.99000549316406,172.60000610351562,212395.0
202606241331,172.625,172.0850067138672,172.6300048828125,172.0850067138672,61961.0
202606241332,172.07000732421875,171.78829956054688,172.22999572753906,171.64999389648438,74422.0
202606241333,171.72000122070312,171.36000061035156,171.7899932861328,171.35000610351562,31675.0
202606241334,171.35000610351562,171.81500244140625,171.86500549316406,171.30099487304688,45309.0
202606241335,171.77000427246094,171.99000549316406,172.0,171.67999267578125,36720.0
202606241336,172.0659942626953,171.84500122070312,172.11990356445312,171.52000427246094,22011.0
202606241337,171.8000030517578,172.0749969482422,172.0749969482422,171.6999969482422,25233.0
202606241338,172.0749969482422,172.02499389648438,172.2899932861328,171.9499969482422,82984.0
202606241339,172.01499938964844,171.8699951171875,172.0399932861328,171.77999877929688,44012.0
202606241340,171.8775634765625,171.8300018310547,172.17999267578125,171.74000549316406,73585.0
202606241341,171.77999877929688,172.00999450683594,172.13499450683594,171.7100067138672,30296.0
202606241342,172.02000427246094,172.16000366210938,172.16000366210938,171.84500122070312,54128.0
202606241343,172.16000366210938,172.47999572753906,172.5500030517578,172.16000366210938,13416.0
202606241344,172.46499633789062,172.67999267578125,172.77999877929688,172.46499633789062,14642.0
202606241345,172.72999572753906,172.68499755859375,173.0,172.6300048828125,36992.0
202606241346,172.6300048828125,172.3800048828125,172.6300048828125,172.3000030517578,40851.0
202606241347,172.3699951171875,172.3350067138672,172.39010620117188,172.19000244140625,28555.0
202606241348,172.3157958984375,172.27999877929688,172.5399932861328,172.2100067138672,33429.0
202606241349,172.31500244140625,172.42999267578125,172.42999267578125,172.1699981689453,52380.0
202606241350,172.47000122070312,172.7449951171875,172.7449951171875,172.4199981689453,22749.0
202606241351,172.74000549316406,172.57000732421875,172.74000549316406,172.5,17981.0
202606241352,172.55999755859375,172.85000610351562,172.85000610351562,172.55999755859375,13453.0
202606241353,172.85000610351562,172.5800018310547,172.86000061035156,172.5800018310547,21515.0
202606241354,172.6300048828125,172.18499755859375,172.72000122070312,172.14999389648438,37541.0
202606241355,172.22000122070312,172.56500244140625,172.64999389648438,172.1999969482422,42938.0
202606241356,172.5399932861328,172.1999053955078,172.5399932861328,172.15499877929688,17578.0
202606241357,172.14999389648438,171.99000549316406,172.14999389648438,171.9199981689453,99512.0
202606241358,171.99000549316406,171.69000244140625,172.02000427246094,171.625,26919.0
202606241359,171.7100067138672,171.81500244140625,171.82000732421875,171.54010009765625,21110.0
202606241400,171.8300018310547,171.91000366210938,171.9199981689453,171.72500610351562,56883.0
202606241401,171.91000366210938,172.1300048828125,172.14500427246094,171.91000366210938,74845.0
202606241402,172.16000366210938,172.47500610351562,172.47500610351562,172.16000366210938,24342.0
202606241403,172.46499633789062,172.24000549316406,172.46499633789062,172.22999572753906,29371.0
202606241404,172.22999572753906,171.97000122070312,172.25999450683594,171.89999389648438,14124.0
202606241405,171.97500610351562,171.94000244140625,172.00999450683594,171.875,15359.0
202606241406,171.9199981689453,171.75,172.0500030517578,171.69000244140625,14652.0
202606241407,171.7100067138672,171.6300048828125,171.7100067138672,171.58999633789062,14284.0
202606241408,171.6199951171875,171.1699981689453,171.6199951171875,171.14999389648438,61998.0
202606241409,171.14999389648438,171.19000244140625,171.27999877929688,171.13999938964844,27144.0
202606241410,171.17999267578125,171.22999572753906,171.26499938964844,171.14999389648438,24492.0
202606241411,171.22000122070312,171.36000061035156,171.4199981689453,171.14999389648438,25336.0
202606241412,171.3300018310547,171.0399932861328,171.3300018310547,171.0,57249.0
202606241413,171.0500030517578,170.9600067138672,171.0500030517578,170.9199981689453,36464.0
202606241414,170.97999572753906,171.1199951171875,171.17999267578125,170.9550018310547,27171.0
202606241415,171.11500549316406,171.4199981689453,171.43499755859375,171.11500549316406,62150.0
202606241416,171.4199981689453,171.31500244140625,171.4199981689453,171.25,26419.0
202606241417,171.3300018310547,171.24000549316406,171.5800018310547,171.15060424804688,43815.0
202606241418,171.2550048828125,171.61000061035156,171.63499450683594,171.2550048828125,67315.0
202606241419,171.61000061035156,171.64239501953125,171.77999877929688,171.5500030517578,10250.0
202606241420,171.6999969482422,171.5399932861328,171.75999450683594,171.5399932861328,21850.0
202606241421,171.47999572753906,171.4550018310547,171.64999389648438,171.4499969482422,24150.0
202606241422,171.42999267578125,171.57000732421875,171.5998992919922,171.4149932861328,10501.0
202606241423,171.60000610351562,171.375,171.61000061035156,171.3300018310547,21961.0
202606241424,171.41000366210938,171.57510375976562,171.63999938964844,171.38999938964844,19280.0
202606241425,171.625,171.80999755859375,171.89999389648438,171.625,27661.0
202606241426,171.82736206054688,171.8896026611328,171.8896026611328,171.69000244140625,13120.0
202606241427,171.86500549316406,171.63999938964844,171.8800048828125,171.5800018310547,18510.0
202606241428,171.57000732421875,171.6699981689453,171.77000427246094,171.57000732421875,9338.0
202606241429,171.6999969482422,171.69509887695312,171.78990173339844,171.6699981689453,47149.0
202606241430,171.6699981689453,171.55999755859375,171.6699981689453,171.4199981689453,22786.0
202606241431,171.5749969482422,171.34500122070312,171.66000366210938,171.32000732421875,17337.0
202606241432,171.3000030517578,171.0749969482422,171.3000030517578,171.07000732421875,14469.0
202606241433,171.07550048828125,171.10000610351562,171.14999389648438,171.00999450683594,23572.0
202606241434,171.10000610351562,171.17999267578125,171.22000122070312,171.02999877929688,20502.0
202606241435,171.1501007080078,171.22000122070312,171.24000549316406,171.11000061035156,11763.0
202606241436,171.22000122070312,171.33999633789062,171.38999938964844,171.1649932861328,21324.0
202606241437,171.35000610351562,171.19000244140625,171.375,171.19000244140625,12139.0
202606241438,171.19000244140625,171.2449951171875,171.27000427246094,171.14999389648438,10711.0
202606241439,171.2100067138672,171.27999877929688,171.33999633789062,171.2100067138672,9148.0
202606241440,171.27999877929688,171.22999572753906,171.27999877929688,171.1728973388672,8292.0
202606241441,171.25999450683594,171.22000122070312,171.2949981689453,171.14999389648438,17089.0
202606241442,171.23500061035156,171.32000732421875,171.3699951171875,171.21249389648438,9149.0
202606241443,171.30999755859375,171.33929443359375,171.41000366210938,171.30999755859375,7974.0
202606241444,171.35000610351562,171.42999267578125,171.43499755859375,171.30999755859375,7752.0
202606241445,171.41000366210938,171.22000122070312,171.42999267578125,171.22000122070312,16313.0
202606241446,171.16000366210938,171.16000366210938,171.17999267578125,171.0399932861328,13329.0
202606241447,171.13510131835938,171.1300048828125,171.1750030517578,171.0500030517578,11289.0
202606241448,171.08999633789062,171.19500732421875,171.19500732421875,171.0749969482422,7338.0
202606241449,171.19500732421875,171.1300048828125,171.27999877929688,171.09249877929688,8883.0
202606241450,171.14999389648438,171.14999389648438,171.14999389648438,171.02999877929688,19831.0
202606241451,171.1300048828125,171.25250244140625,171.27000427246094,171.10000610351562,11167.0
202606241452,171.25999450683594,171.18499755859375,171.2632598876953,171.14999389648438,8640.0
202606241453,171.21139526367188,171.05999755859375,171.22500610351562,171.0500030517578,12573.0
202606241454,171.07000732421875,171.1999969482422,171.2100067138672,170.99000549316406,15619.0
202606241455,171.2050018310547,171.32000732421875,171.32000732421875,171.14999389648438,11151.0
202606241456,171.3699951171875,171.27999877929688,171.3699951171875,171.25999450683594,13753.0
202606241457,171.27999877929688,171.03500366210938,171.3300018310547,171.03500366210938,21342.0
202606241458,171.03500366210938,171.07000732421875,171.10000610351562,170.97000122070312,27785.0
202606241459,171.07000732421875,171.08999633789062,171.14500427246094,171.02000427246094,20221.0
202606241500,171.0800018310547,171.1300048828125,171.14999389648438,170.99000549316406,27560.0
202606241501,171.1300048828125,171.32000732421875,171.35000610351562,171.1300048828125,19095.0
202606241502,171.3800048828125,171.35000610351562,171.4199981689453,171.2899932861328,19230.0
202606241503,171.36000061035156,171.22999572753906,171.36000061035156,171.17999267578125,24016.0
202606241504,171.18499755859375,171.17999267578125,171.22999572753906,171.13250732421875,10509.0
202606241505,171.17999267578125,171.16000366210938,171.21499633789062,171.07000732421875,8504.0
202606241506,171.1699981689453,171.16000366210938,171.2100067138672,171.11000061035156,11348.0
202606241507,171.14500427246094,171.0,171.16000366210938,171.0,12322.0
202606241508,171.00999450683594,170.99000549316406,171.00999450683594,170.86000061035156,23153.0
202606241509,170.9600067138672,171.02000427246094,171.1199951171875,170.9600067138672,11208.0
202606241510,171.02999877929688,171.16000366210938,171.1699981689453,171.00999450683594,11051.0
202606241511,171.13999938964844,171.0800018310547,171.19000244140625,171.07000732421875,9546.0
202606241512,171.11500549316406,171.14500427246094,171.1999969482422,171.10000610351562,9141.0
202606241513,171.14999389648438,171.0800018310547,171.1750030517578,171.0800018310547,284076.0
202606241514,171.0500030517578,171.0800018310547,171.1300048828125,171.01010131835938,22125.0
202606241515,171.0850067138672,171.24000549316406,171.25,171.07000732421875,9844.0
202606241516,171.2200927734375,171.3000030517578,171.30999755859375,171.1699981689453,11900.0
202606241517,171.3000030517578,171.3336944580078,171.3800048828125,171.27000427246094,6415.0
202606241518,171.3300018310547,171.36000061035156,171.41000366210938,171.3000030517578,6616.0
202606241519,171.34500122070312,171.41000366210938,171.4550018310547,171.34500122070312,10650.0
202606241520,171.47999572753906,171.49000549316406,171.52999877929688,171.4499969482422,6880.0
202606241521,171.52499389648438,171.49000549316406,171.67999267578125,171.49000549316406,31356.0
202606241522,171.47169494628906,171.42999267578125,171.47999572753906,171.3699951171875,21105.0
202606241523,171.4550018310547,171.32000732421875,171.4550018310547,171.22999572753906,12610.0
202606241524,171.33999633789062,171.41000366210938,171.42999267578125,171.27999877929688,7866.0
202606241525,171.40499877929688,171.38999938964844,171.4499969482422,171.35000610351562,7569.0
202606241526,171.33999633789062,171.27000427246094,171.3800048828125,171.25,10378.0
202606241527,171.28199768066406,171.1999969482422,171.2899932861328,171.1750030517578,8765.0
202606241528,171.19000244140625,171.15499877929688,171.25999450683594,171.1199951171875,13607.0
202606241529,171.16000366210938,171.1199951171875,171.16000366210938,171.09010314941406,10755.0
202606241530,171.13999938964844,171.13009643554688,171.19000244140625,171.0644073486328,16178.0
202606241531,171.1300048828125,171.08999633789062,171.16000366210938,171.07000732421875,10380.0
202606241532,171.1300048828125,171.08999633789062,171.1649932861328,171.0800018310547,9429.0
202606241533,171.08999633789062,171.1199951171875,171.1699981689453,171.05999755859375,14285.0
202606241534,171.1199951171875,171.22000122070312,171.22999572753906,171.11000061035156,11040.0
202606241535,171.22000122070312,171.11000061035156,171.22000122070312,171.0749969482422,9785.0
202606241536,171.1199951171875,171.22500610351562,171.22500610351562,171.1199951171875,22358.0
202606241537,171.22500610351562,171.36000061035156,171.36000061035156,171.1999969482422,6835.0
202606241538,171.3800048828125,171.44000244140625,171.4600067138672,171.3699951171875,9136.0
202606241539,171.4600067138672,171.55999755859375,171.58999633789062,171.4199981689453,5748.0
202606241540,171.60000610351562,171.61500549316406,171.6649932861328,171.57000732421875,11386.0
202606241541,171.6300048828125,171.64999389648438,171.6699981689453,171.61000061035156,6353.0
202606241542,171.64999389648438,171.7200927734375,171.80499267578125,171.6199951171875,15891.0
202606241543,171.7449951171875,171.89999389648438,171.89999389648438,171.74000549316406,22122.0
202606241544,171.91000366210938,171.92999267578125,171.9499969482422,171.8699951171875,13149.0
202606241545,171.9199981689453,171.82000732421875,171.9499969482422,171.82000732421875,17078.0
202606241546,171.82000732421875,171.6199951171875,171.82000732421875,171.6199951171875,19078.0
202606241547,171.64999389648438,171.5399932861328,171.66000366210938,171.5399932861328,10863.0
202606241548,171.57000732421875,171.5399932861328,171.57000732421875,171.5,9292.0
202606241549,171.52000427246094,171.56500244140625,171.5800018310547,171.49000549316406,13305.0
202606241550,171.56500244140625,171.6300048828125,171.67999267578125,171.5449981689453,19459.0
202606241551,171.6300048828125,171.57000732421875,171.6300048828125,171.49000549316406,25606.0
202606241552,171.5749969482422,171.64999389648438,171.66990661621094,171.5399932861328,12872.0
202606241553,171.66990661621094,171.69500732421875,171.72000122070312,171.6300048828125,17196.0
202606241554,171.6699981689453,171.6300048828125,171.72999572753906,171.61000061035156,34733.0
202606241555,171.6199951171875,171.48500061035156,171.6199951171875,171.4499969482422,23011.0
202606241556,171.48500061035156,171.4499969482422,171.52499389648438,171.39999389648438,36613.0
202606241557,171.39999389648438,171.1999969482422,171.4250030517578,171.1999969482422,30048.0
202606241558,171.2100067138672,171.21499633789062,171.25999450683594,171.19000244140625,12440.0
202606241559,171.22500610351562,171.01499938964844,171.22500610351562,171.01499938964844,43694.0
202606241600,171.02000427246094,170.9499969482422,171.0449981689453,170.9499969482422,18743.0
202606241601,170.94000244140625,171.11000061035156,171.11000061035156,170.94000244140625,10958.0
202606241602,171.1199951171875,171.20010375976562,171.25,171.1199951171875,8835.0
202606241603,171.23500061035156,171.33999633789062,171.33999633789062,171.19000244140625,11518.0
202606241604,171.35000610351562,171.27999877929688,171.35000610351562,171.25999450683594,8326.0
202606241605,171.27000427246094,171.3000030517578,171.35989379882812,171.25999450683594,18808.0
202606241606,171.3000030517578,171.25,171.35000610351562,171.24000549316406,14932.0
202606241607,171.24000549316406,171.30999755859375,171.36500549316406,171.20010375976562,10303.0
202606241608,171.33999633789062,171.3699951171875,171.3699951171875,171.3350067138672,5857.0
202606241609,171.3699951171875,171.32000732421875,171.41000366210938,171.30999755859375,6502.0
202606241610,171.31500244140625,171.3000030517578,171.31500244140625,171.27000427246094,8752.0
202606241611,171.30999755859375,171.27999877929688,171.32000732421875,171.27000427246094,9668.0
202606241612,171.25999450683594,171.25999450683594,171.28500366210938,171.24000549316406,10737.0
202606241613,171.25999450683594,171.1699981689453,171.25999450683594,171.125,19457.0
202606241614,171.19000244140625,171.13999938964844,171.2299041748047,171.1300048828125,11426.0
202606241615,171.1300048828125,171.11000061035156,171.1300048828125,171.06500244140625,22934.0
202606241616,171.1300048828125,171.17999267578125,171.19000244140625,171.0800018310547,9396.0
202606241617,171.19000244140625,171.22000122070312,171.2550048828125,171.17999267578125,7304.0
202606241618,171.19000244140625,171.25999450683594,171.26840209960938,171.16000366210938,7743.0
202606241619,171.25,171.1750030517578,171.25,171.16000366210938,8471.0
202606241620,171.16000366210938,171.13999938964844,171.16000366210938,171.0800018310547,5559.0
202606241621,171.15249633789062,171.1300048828125,171.1699981689453,171.125,7767.0
202606241622,171.13999938964844,171.07000732421875,171.16000366210938,171.07000732421875,16578.0
202606241623,171.0850067138672,171.11500549316406,171.13499450683594,171.0800018310547,5372.0
202606241624,171.08999633789062,171.2100067138672,171.2100067138672,171.0500030517578,8799.0
202606241625,171.27000427246094,171.2100067138672,171.27000427246094,171.1999969482422,5342.0
202606241626,171.1999969482422,171.25,171.3000030517578,171.1999969482422,14081.0
202606241627,171.24000549316406,171.30999755859375,171.30999755859375,171.24000549316406,5942.0
202606241628,171.3000030517578,171.19000244140625,171.30990600585938,171.13999938964844,12875.0
202606241629,171.1999969482422,171.30999755859375,171.30999755859375,171.1999969482422,10579.0
202606241630,171.30999755859375,171.32000732421875,171.36000061035156,171.2899932861328,7959.0
202606241631,171.30999755859375,171.36500549316406,171.375,171.30369567871094,7775.0
202606241632,171.36000061035156,171.36000061035156,171.36000061035156,171.27000427246094,7868.0
202606241633,171.35000610351562,171.3800048828125,171.43499755859375,171.35000610351562,5925.0
202606241634,171.3800048828125,171.4199981689453,171.42999267578125,171.33999633789062,20879.0
202606241635,171.42999267578125,171.42999267578125,171.4499969482422,171.35000610351562,7866.0
202606241636,171.47999572753906,171.664794921875,171.6699981689453,171.44500732421875,7915.0
202606241637,171.66000366210938,171.5399932861328,171.6699981689453,171.5399932861328,8376.0
202606241638,171.5449981689453,171.5500030517578,171.56500244140625,171.47999572753906,6930.0
202606241639,171.52999877929688,171.5749969482422,171.6199951171875,171.50999450683594,15828.0
202606241640,171.5800018310547,171.50999450683594,171.5850067138672,171.49000549316406,13717.0
202606241641,171.52499389648438,171.57000732421875,171.63999938964844,171.52499389648438,18649.0
202606241642,171.55499267578125,171.63999938964844,171.67999267578125,171.55499267578125,8924.0
202606241643,171.6300048828125,171.6199951171875,171.64999389648438,171.61000061035156,7163.0
202606241644,171.61000061035156,171.60000610351562,171.6199951171875,171.4499969482422,13836.0
202606241645,171.5850067138672,171.64999389648438,171.64999389648438,171.5850067138672,12464.0
202606241646,171.66000366210938,171.69000244140625,171.72999572753906,171.64500427246094,6635.0
202606241647,171.69500732421875,171.67999267578125,171.72500610351562,171.60000610351562,16861.0
202606241648,171.7100067138672,171.75999450683594,171.75999450683594,171.67999267578125,6990.0
202606241649,171.75999450683594,171.7449951171875,171.77000427246094,171.72999572753906,6321.0
202606241650,171.73899841308594,171.77000427246094,171.86000061035156,171.72999572753906,7559.0
202606241651,171.81500244140625,171.77999877929688,171.81500244140625,171.75999450683594,4867.0
202606241652,171.77999877929688,171.85499572753906,171.85499572753906,171.77499389648438,4930.0
202606241653,171.85000610351562,171.75999450683594,171.85499572753906,171.75,17403.0
202606241654,171.75,171.72230529785156,171.76499938964844,171.69009399414062,15219.0
202606241655,171.74000549316406,171.64500427246094,171.74000549316406,171.61000061035156,11042.0
202606241656,171.63999938964844,171.67999267578125,171.6999969482422,171.63519287109375,11163.0
202606241657,171.72000122070312,171.82000732421875,171.8300018310547,171.72000122070312,9140.0
202606241658,171.7899932861328,171.8000030517578,171.8699951171875,171.77999877929688,28058.0
202606241659,171.77999877929688,171.8350067138672,171.84500122070312,171.77999877929688,7256.0
202606241700,171.84500122070312,171.97000122070312,171.99000549316406,171.8249969482422,10902.0
202606241701,171.97000122070312,171.9250030517578,171.99000549316406,171.9199981689453,13750.0
202606241702,171.92999267578125,172.11000061035156,172.11500549316406,171.92999267578125,21327.0
202606241703,172.11500549316406,172.1199951171875,172.16000366210938,172.11000061035156,6576.0
202606241704,172.11000061035156,172.13999938964844,172.13999938964844,172.0800018310547,8109.0
202606241705,172.11000061035156,172.22999572753906,172.25,172.05999755859375,15267.0
202606241706,172.22000122070312,172.125,172.27499389648438,172.11500549316406,20234.0
202606241707,172.125,172.27000427246094,172.27000427246094,172.11000061035156,13121.0
202606241708,172.21499633789062,172.25999450683594,172.2899932861328,172.13999938964844,38625.0
202606241709,172.2949981689453,172.35009765625,172.38999938964844,172.28500366210938,16349.0
202606241710,172.38499450683594,172.34500122070312,172.39999389648438,172.3300018310547,27643.0
202606241711,172.32000732421875,172.26499938964844,172.32000732421875,172.25669860839844,20434.0
202606241712,172.27000427246094,172.16000366210938,172.27000427246094,172.16000366210938,14564.0
202606241713,172.16000366210938,172.1699981689453,172.1699981689453,172.12429809570312,15894.0
202606241714,172.19000244140625,172.14999389648438,172.22000122070312,172.07000732421875,10592.0
202606241715,172.16000366210938,172.1999969482422,172.1999969482422,172.1300048828125,8146.0
202606241716,172.1999969482422,172.28500366210938,172.3000030517578,172.14999389648438,22950.0
202606241717,172.2899932861328,172.35000610351562,172.35000610351562,172.2899932861328,7944.0
202606241718,172.3699951171875,172.3350067138672,172.3699951171875,172.27000427246094,17046.0
202606241719,172.32000732421875,172.40499877929688,172.40499877929688,172.24000549316406,12887.0
202606241720,172.40499877929688,172.38999938964844,172.44000244140625,172.36000061035156,17167.0
202606241721,172.39500427246094,172.38499450683594,172.4199981689453,172.37010192871094,9376.0
202606241722,172.3800048828125,172.22000122070312,172.39999389648438,172.2032928466797,16461.0
202606241723,172.24000549316406,172.10047912597656,172.24000549316406,172.02000427246094,17779.0
202606241724,172.05999755859375,171.97500610351562,172.0800018310547,171.94000244140625,10853.0
202606241725,171.96499633789062,171.9600067138672,172.0399932861328,171.9199981689453,10204.0
202606241726,171.94000244140625,171.88999938964844,171.94500732421875,171.8800048828125,7233.0
202606241727,171.88999938964844,171.8699951171875,171.94000244140625,171.86000061035156,10040.0
202606241728,171.8699951171875,171.7899932861328,171.88999938964844,171.7899932861328,12510.0
202606241729,171.8040008544922,171.83999633789062,171.8979949951172,171.74000549316406,11733.0
202606241730,171.80999755859375,171.82000732421875,171.86000061035156,171.73500061035156,8332.0
202606241731,171.8300018310547,171.74000549316406,171.8800048828125,171.74000549316406,12558.0
202606241732,171.73500061035156,171.7100067138672,171.73500061035156,171.6750030517578,8230.0
202606241733,171.6999969482422,171.63499450683594,171.72999572753906,171.59500122070312,10302.0
202606241734,171.63999938964844,171.6300048828125,171.64999389648438,171.61000061035156,8798.0
202606241735,171.6300048828125,171.67999267578125,171.74000549316406,171.5800018310547,14745.0
202606241736,171.67999267578125,171.5749969482422,171.69000244140625,171.52000427246094,13344.0
202606241737,171.58999633789062,171.55999755859375,171.63999938964844,171.5399932861328,11691.0
202606241738,171.57000732421875,171.6199951171875,171.6199951171875,171.50999450683594,20732.0
202606241739,171.63999938964844,171.75,171.78500366210938,171.6199951171875,8912.0
202606241740,171.75,171.70010375976562,171.77499389648438,171.6999969482422,14322.0
202606241741,171.72000122070312,171.75999450683594,171.75999450683594,171.72000122070312,7706.0
202606241742,171.7550048828125,171.8155059814453,171.8300018310547,171.72999572753906,15432.0
202606241743,171.81500244140625,171.92999267578125,171.9600067138672,171.7899932861328,9993.0
202606241744,171.94000244140625,171.92999267578125,172.0,171.91000366210938,10716.0
202606241745,171.93499755859375,171.97999572753906,172.0,171.91000366210938,7683.0
202606241746,171.9600067138672,171.76499938964844,171.9600067138672,171.76499938964844,7478.0
202606241747,171.7200927734375,171.7949981689453,171.7949981689453,171.64999389648438,14141.0
202606241748,171.7949981689453,171.74000549316406,171.82000732421875,171.72537231445312,9625.0
202606241749,171.7100067138672,171.61000061035156,171.73500061035156,171.5800018310547,11758.0
202606241750,171.59500122070312,171.58799743652344,171.62649536132812,171.55499267578125,14701.0
202606241751,171.5800018310547,171.58999633789062,171.65870666503906,171.55999755859375,8963.0
202606241752,171.5800018310547,171.66000366210938,171.66000366210938,171.5800018310547,13595.0
202606241753,171.66000366210938,171.5850067138672,171.67999267578125,171.55999755859375,17121.0
202606241754,171.57000732421875,171.60000610351562,171.64999389648438,171.57000732421875,10597.0
202606241755,171.58009338378906,171.6199951171875,171.63999938964844,171.58009338378906,13029.0
202606241756,171.60009765625,171.5749969482422,171.6199951171875,171.51010131835938,9903.0
202606241757,171.5749969482422,171.52999877929688,171.58990478515625,171.52999877929688,6235.0
202606241758,171.5449981689453,171.5399932861328,171.57000732421875,171.52000427246094,5278.0
202606241759,171.5399932861328,171.48500061035156,171.55020141601562,171.47000122070312,18551.0
202606241800,171.5,171.58999633789062,171.60000610351562,171.5,14839.0
202606241801,171.59500122070312,171.6750030517578,171.6750030517578,171.55999755859375,12777.0
202606241802,171.63999938964844,171.65499877929688,171.66000366210938,171.61500549316406,12622.0
202606241803,171.62010192871094,171.77499389648438,171.77999877929688,171.6199951171875,16933.0
202606241804,171.75999450683594,171.76499938964844,171.8000030517578,171.7100067138672,11344.0
202606241805,171.8000030517578,171.69500732421875,171.8000030517578,171.69500732421875,10802.0
202606241806,171.6999969482422,171.83999633789062,171.92999267578125,171.6999969482422,24938.0
202606241807,171.85000610351562,171.80999755859375,171.85000610351562,171.77000427246094,7394.0
202606241808,171.8300018310547,171.7899932861328,171.8300018310547,171.75999450683594,10415.0
202606241809,171.82000732421875,171.7899932861328,171.82000732421875,171.77499389648438,6185.0
202606241810,171.80499267578125,171.75999450683594,171.80499267578125,171.72000122070312,8701.0
202606241811,171.77000427246094,171.8000030517578,171.8000030517578,171.75999450683594,8245.0
202606241812,171.77999877929688,171.82000732421875,171.83999633789062,171.77000427246094,8047.0
202606241813,171.8300018310547,171.80999755859375,171.875,171.7899932861328,14212.0
202606241814,171.7949981689453,171.80499267578125,171.80499267578125,171.72000122070312,7949.0
202606241815,171.8000030517578,171.7550048828125,171.80999755859375,171.75,7543.0
202606241816,171.7550048828125,171.6699981689453,171.77999877929688,171.6699981689453,15666.0
202606241817,171.6699981689453,171.6999969482422,171.72000122070312,171.63999938964844,15544.0
202606241818,171.7050018310547,171.75999450683594,171.82000732421875,171.69000244140625,14084.0
202606241819,171.74000549316406,171.64500427246094,171.74000549316406,171.625,7220.0
202606241820,171.65249633789062,171.71499633789062,171.72000122070312,171.64999389648438,6745.0
202606241821,171.7100067138672,171.77999877929688,171.77999877929688,171.69000244140625,17220.0
202606241822,171.80999755859375,171.72000122070312,171.82000732421875,171.72000122070312,8919.0
202606241823,171.69000244140625,171.6699981689453,171.7100067138672,171.6510009765625,6639.0
202606241824,171.6699981689453,171.72999572753906,171.75,171.64999389648438,13139.0
202606241825,171.7100067138672,171.6199951171875,171.7100067138672,171.6199951171875,9038.0
202606241826,171.625,171.56500244140625,171.63499450683594,171.50999450683594,8371.0
202606241827,171.56500244140625,171.61000061035156,171.61000061035156,171.51699829101562,11223.0
202606241828,171.60000610351562,171.73500061035156,171.75999450683594,171.58999633789062,13082.0
202606241829,171.7449951171875,171.8000030517578,171.8249969482422,171.72999572753906,6605.0
202606241830,171.8000030517578,171.77000427246094,171.8300018310547,171.73500061035156,12392.0
202606241831,171.77000427246094,171.74000549316406,171.7899932861328,171.72000122070312,9105.0
202606241832,171.74000549316406,171.82000732421875,171.8350067138672,171.74000549316406,9801.0
202606241833,171.83799743652344,171.83999633789062,171.89999389648438,171.80999755859375,8293.0
202606241834,171.8249969482422,171.77999877929688,171.8249969482422,171.72999572753906,8269.0
202606241835,171.77499389648438,171.85000610351562,171.86500549316406,171.74000549316406,10603.0
202606241836,171.8249969482422,171.78500366210938,171.8350067138672,171.75,14133.0
202606241837,171.78500366210938,171.78500366210938,171.80999755859375,171.7550048828125,6582.0
202606241838,171.7899932861328,171.79750061035156,171.8000030517578,171.7550048828125,11688.0
202606241839,171.77499389648438,171.74000549316406,171.80499267578125,171.73500061035156,11412.0
202606241840,171.77000427246094,171.69500732421875,171.77000427246094,171.67999267578125,13994.0
202606241841,171.69000244140625,171.80999755859375,171.80999755859375,171.68499755859375,21168.0
202606241842,171.80999755859375,171.85000610351562,171.86500549316406,171.77999877929688,8226.0
202606241843,171.86000061035156,171.9149932861328,171.9250030517578,171.86000061035156,5496.0
202606241844,171.92999267578125,171.88999938964844,171.94500732421875,171.8800048828125,6588.0
202606241845,171.91000366210938,171.86500549316406,171.94000244140625,171.86000061035156,9205.0
202606241846,171.86000061035156,171.9250030517578,171.92999267578125,171.85000610351562,10932.0
202606241847,171.93499755859375,171.89999389648438,171.9499969482422,171.89500427246094,5481.0
202606241848,171.91000366210938,171.88999938964844,171.94000244140625,171.86000061035156,21302.0
202606241849,171.89500427246094,171.83999633789062,171.89999389648438,171.79730224609375,9869.0
202606241850,171.8350067138672,171.80499267578125,171.8699951171875,171.69000244140625,28981.0
202606241851,171.80499267578125,171.8000030517578,171.80499267578125,171.75999450683594,9985.0
202606241852,171.77999877929688,171.85499572753906,171.86000061035156,171.77999877929688,8660.0
202606241853,171.860107421875,171.86000061035156,171.88999938964844,171.83999633789062,8502.0
202606241854,171.86000061035156,171.86000061035156,171.89999389648438,171.85020446777344,10569.0
202606241855,171.83999633789062,171.84500122070312,171.85000610351562,171.80999755859375,15999.0
202606241856,171.85000610351562,171.75999450683594,171.86000061035156,171.75,13023.0
202606241857,171.77000427246094,171.78500366210938,171.80990600585938,171.77000427246094,8765.0
202606241858,171.78500366210938,171.75,171.78500366210938,171.72000122070312,10542.0
202606241859,171.74000549316406,171.7823028564453,171.8000030517578,171.72999572753906,10629.0
202606241900,171.8000030517578,171.84500122070312,171.86000061035156,171.77000427246094,23744.0
202606241901,171.85000610351562,171.93499755859375,171.94000244140625,171.85000610351562,10379.0
202606241902,171.92689514160156,171.97000122070312,171.97999572753906,171.88999938964844,14175.0
202606241903,171.97999572753906,172.02499389648438,172.02999877929688,171.97000122070312,16126.0
202606241904,172.02000427246094,171.89500427246094,172.02999877929688,171.83999633789062,27142.0
202606241905,171.92999267578125,171.99850463867188,172.02000427246094,171.92999267578125,12608.0
202606241906,171.97000122070312,171.9499969482422,171.98500061035156,171.9499969482422,13441.0
202606241907,171.94000244140625,171.88999938964844,171.97500610351562,171.86000061035156,15711.0
202606241908,171.9149932861328,171.8699951171875,171.94000244140625,171.85499572753906,15937.0
202606241909,171.86000061035156,171.8249969482422,171.86000061035156,171.77999877929688,13537.0
202606241910,171.82000732421875,171.86000061035156,171.8699951171875,171.7899932861328,13245.0
202606241911,171.85499572753906,171.875,171.89999389648438,171.85000610351562,9381.0
202606241912,171.88499450683594,171.99000549316406,172.0,171.88009643554688,10698.0
202606241913,171.99000549316406,172.07000732421875,172.07000732421875,171.9801025390625,12295.0
202606241914,172.0399932861328,172.06500244140625,172.125,172.0,18912.0
202606241915,172.06500244140625,171.97999572753906,172.0666961669922,171.97000122070312,12205.0
202606241916,171.9600067138672,171.99000549316406,172.0,171.9600067138672,7130.0
202606241917,171.97500610351562,171.98500061035156,172.0,171.9600067138672,16547.0
202606241918,171.98500061035156,172.02999877929688,172.02999877929688,171.97000122070312,13626.0
202606241919,172.0399932861328,172.0850067138672,172.10000610351562,172.0399932861328,14172.0
202606241920,172.0850067138672,171.9199981689453,172.0850067138672,171.9199981689453,21135.0
202606241921,171.88999938964844,171.94000244140625,171.94500732421875,171.85000610351562,11065.0
202606241922,171.9499969482422,172.03500366210938,172.03500366210938,171.9499969482422,10292.0
202606241923,172.02999877929688,171.9600067138672,172.02999877929688,171.89010620117188,11696.0
202606241924,171.97999572753906,171.90499877929688,171.97999572753906,171.89999389648438,15957.0
202606241925,171.92999267578125,171.9499969482422,171.97000122070312,171.92750549316406,14615.0
202606241926,171.94500732421875,171.80999755859375,171.94500732421875,171.80999755859375,11730.0
202606241927,171.80999755859375,171.7949981689453,171.80999755859375,171.7449951171875,17153.0
202606241928,171.7949981689453,171.74000549316406,171.83999633789062,171.72999572753906,21530.0
202606241929,171.75999450683594,171.8000030517578,171.81500244140625,171.73500061035156,11840.0
202606241930,171.78500366210938,171.72000122070312,171.80499267578125,171.6199951171875,57989.0
202606241931,171.72000122070312,171.80999755859375,171.8699951171875,171.72000122070312,18073.0
202606241932,171.8249969482422,171.64500427246094,171.8249969482422,171.63999938964844,10638.0
202606241933,171.63999938964844,171.6199951171875,171.6699981689453,171.61000061035156,22374.0
202606241934,171.63999938964844,171.53500366210938,171.64500427246094,171.52000427246094,16950.0
202606241935,171.55999755859375,171.61000061035156,171.61000061035156,171.52000427246094,14123.0
202606241936,171.59500122070312,171.51499938964844,171.6300048828125,171.4600067138672,19386.0
202606241937,171.49000549316406,171.50999450683594,171.50999450683594,171.39999389648438,17948.0
202606241938,171.50999450683594,171.49000549316406,171.55999755859375,171.46499633789062,15156.0
202606241939,171.48500061035156,171.53500366210938,171.55999755859375,171.4499969482422,16254.0
202606241940,171.55999755859375,171.50999450683594,171.55999755859375,171.5,14908.0
202606241941,171.50999450683594,171.64010620117188,171.66000366210938,171.5,25320.0
202606241942,171.66000366210938,171.73500061035156,171.82000732421875,171.66000366210938,28282.0
202606241943,171.72999572753906,171.6999969482422,171.77000427246094,171.66009521484375,24039.0
202606241944,171.72000122070312,171.82000732421875,171.86000061035156,171.69000244140625,0.0
202606241945,171.83999633789062,171.9499969482422,171.9600067138672,171.7949981689453,20476.0
202606241946,171.94000244140625,172.02000427246094,172.03500366210938,171.94000244140625,22539.0
202606241947,172.01499938964844,172.0,172.05999755859375,171.94000244140625,17436.0
202606241948,171.97999572753906,172.10499572753906,172.10499572753906,171.94000244140625,16741.0
202606241949,172.1300048828125,172.33999633789062,172.33999633789062,172.1300048828125,22815.0
202606241950,172.32000732421875,171.99000549316406,172.4600067138672,171.9600067138672,71507.0
202606241951,172.0050048828125,172.02000427246094,172.0399932861328,171.9600067138672,27187.0
202606241952,172.0399932861328,172.00999450683594,172.0399932861328,171.8800048828125,65071.0
202606241953,172.02000427246094,171.9199981689453,172.05499267578125,171.88499450683594,43581.0
202606241954,171.9149932861328,172.0399932861328,172.0800018310547,171.89999389648438,46147.0
202606241955,172.0800018310547,171.8800048828125,172.0800018310547,171.80999755859375,106561.0
202606241956,171.89999389648438,171.8990020751953,171.9600067138672,171.80999755859375,90174.0
202606241957,171.89500427246094,171.85000610351562,171.92999267578125,171.8000030517578,87906.0
202606241958,171.84500122070312,171.84500122070312,171.84500122070312,171.84500122070312,0.0
