datetime,open,close,high,low,volume
20240625,102.25,102.12,103.68,101.72,82171.0
20240626,102.28,101.8,102.38,101.43,75074.0
20240627,102.21,102.22,102.39,101.8,65382.0
20240628,102.34,99.06,102.9,98.38,161292.0
20240701,99.37,98.02,99.74,97.88,93016.0
20240702,97.97,97.84,98.1,96.95,80882.0
20240703,97.99,98.59,99.08,97.75,39310.0
20240705,98.61,97.95,98.87,97.58,56032.0
20240708,97.68,97.44,98.29,96.89,62718.0
20240709,97.5,97.15,97.58,96.15,61785.0
20240710,97.15,96.9,97.29,96.25,54612.0
20240711,96.93,96.6,97.58,96.3,55205.0
20240712,96.82,97.12,97.83,96.35,47515.0
20240715,97.33,96.86,97.52,95.8,50108.0
20240716,96.87,98.5,98.72,96.54,85663.0
20240717,98.36,97.32,98.61,96.53,73728.0
20240718,97.7,96.88,98.06,96.6,53113.0
20240719,96.61,95.55,97.14,95.4,63738.0
20240722,95.61,94.0,95.87,93.49,102892.0
20240723,94.13,90.76,94.25,89.83,173515.0
20240724,90.6,89.85,90.82,89.57,91495.0
20240725,89.6,89.27,90.5,89.03,81722.0
20240726,89.61,89.81,90.55,89.33,79894.0
20240729,90.76,91.98,92.55,89.7,103936.0
20240730,92.2,93.45,94.04,91.42,74445.0
20240731,94.13,93.9,94.84,93.56,69211.0
20240801,93.85,92.65,93.95,92.52,67973.0
20240802,92.8,89.69,92.8,89.0,110585.0
20240805,87.46,88.16,89.56,83.25,150053.0
20240806,88.5,90.46,91.91,87.96,167183.0
20240807,91.03,85.4,94.99,85.25,241868.0
20240808,85.85,86.36,86.36,83.91,173354.0
20240809,86.28,86.05,86.34,84.71,131668.0
20240812,86.2,85.9,86.6,85.48,91776.0
20240813,86.03,85.6,86.5,85.31,113607.0
20240814,85.76,86.2,86.51,85.5,72075.0
20240815,86.55,88.76,88.93,86.3,96111.0
20240816,89.0,89.3,89.67,88.3,77002.0
20240819,89.2,90.7,90.95,89.09,72663.0
20240820,90.94,89.7,90.99,89.31,67476.0
20240821,89.95,90.7,90.8,89.43,60572.0
20240822,90.65,89.99,91.38,89.69,58790.0
20240823,90.18,90.6,90.75,89.68,54567.0
20240826,90.65,91.5,91.8,90.47,64006.0
20240827,91.7,90.7,91.75,90.7,55616.0
20240828,90.92,89.38,91.03,88.76,65211.0
20240829,89.5,89.9,90.7,89.45,48366.0
20240830,90.23,90.42,90.56,89.4,61079.0
20240903,90.31,89.16,90.49,88.53,64392.0
20240904,88.8,89.18,90.03,88.65,47704.0
20240905,89.2,88.52,89.67,88.34,46300.0
20240906,88.55,87.79,89.09,87.61,46875.0
20240909,88.5,88.35,88.89,87.81,57053.0
20240910,88.45,88.39,88.89,87.98,46309.0
20240911,88.29,88.35,88.88,86.59,76679.0
20240912,88.31,89.36,89.36,88.18,48946.0
20240913,89.32,90.55,90.72,89.24,55304.0
20240916,90.8,91.88,92.37,90.49,64452.0
20240917,92.06,92.87,93.25,92.01,64324.0
20240918,92.83,93.9,94.07,92.69,76414.0
20240919,94.46,93.45,95.29,93.23,81553.0
20240920,93.36,93.58,94.01,92.82,126604.0
20240923,93.7,92.9,93.94,92.16,50058.0
20240924,93.0,93.68,93.79,92.46,53829.0
20240925,93.5,93.84,94.44,93.35,63880.0
20240926,94.15,95.15,95.79,93.92,72738.0
20240927,95.02,96.02,96.9,95.02,68054.0
20240930,96.0,96.1,97.57,95.44,60484.0
20241001,95.0,93.92,96.43,93.32,64744.0
20241002,93.92,94.11,94.58,93.4,45035.0
20241003,94.08,93.66,94.15,93.13,32574.0
20241004,93.79,95.28,95.34,93.73,42817.0
20241007,94.09,92.26,95.14,91.76,83606.0
20241008,92.17,92.51,93.74,91.69,81550.0
20241009,92.51,93.51,94.01,91.46,68618.0
20241010,93.52,92.99,93.88,92.69,47052.0
20241011,93.05,94.03,94.61,92.8,60428.0
20241014,94.13,95.0,95.19,93.8,43058.0
20241015,94.95,94.29,95.65,93.68,46500.0
20241016,93.9,96.74,96.79,93.63,73384.0
20241017,96.64,96.85,97.33,95.61,73582.0
20241018,96.76,97.33,97.54,96.05,59623.0
20241021,97.2,96.46,97.5,95.95,66184.0
20241022,96.35,96.74,97.26,96.0,38656.0
20241023,96.84,96.29,97.14,95.98,41415.0
20241024,96.48,95.36,96.8,95.25,38517.0
20241025,95.54,94.9,96.86,94.9,45416.0
20241028,95.38,96.15,96.69,94.95,65099.0
20241029,96.01,96.14,96.62,95.67,47220.0
20241030,96.22,95.04,96.71,94.94,59115.0
20241031,94.77,96.27,96.63,94.77,60812.0
20241101,96.19,95.78,96.5,94.83,50484.0
20241104,95.99,95.63,96.02,95.03,45538.0
20241105,95.81,96.65,96.77,95.25,39123.0
20241106,96.67,98.8,99.55,96.67,81510.0
20241107,98.88,98.93,99.52,98.13,54753.0
20241108,99.07,98.99,99.26,97.61,62173.0
20241111,99.32,100.9,100.94,99.0,69385.0
20241112,100.53,101.0,101.29,99.5,71768.0
20241113,101.05,103.17,103.38,100.35,135631.0
20241114,103.48,108.5,114.81,95.54,386907.0
20241115,108.3,114.89,115.19,108.0,260856.0
20241118,114.8,113.58,115.44,112.89,103781.0
20241119,113.11,112.42,113.26,110.82,86400.0
20241120,112.39,114.14,114.37,111.47,66060.0
20241121,113.78,114.52,116.25,113.7,77718.0
20241122,113.35,115.6,116.34,113.33,74786.0
20241125,115.5,115.41,116.58,114.93,69778.0
20241126,115.68,115.32,116.42,115.2,50486.0
20241127,115.35,117.68,118.2,115.25,64027.0
20241129,117.67,117.46,117.98,116.73,37019.0
20241202,117.81,117.3,118.63,116.55,66478.0
20241203,116.98,116.3,117.25,115.45,54747.0
20241204,116.52,117.06,118.0,115.73,60956.0
20241205,116.48,116.4,117.27,116.06,60036.0
20241206,116.28,116.7,117.26,116.0,43612.0
20241209,116.39,114.67,117.18,113.91,62046.0
20241210,114.2,114.74,114.95,113.72,58766.0
20241211,114.52,114.5,115.75,113.98,44765.0
20241212,114.5,114.71,115.01,114.1,40098.0
20241213,114.5,113.83,115.0,113.2,53137.0
20241216,112.85,111.81,113.1,111.73,80383.0
20241217,111.63,112.91,114.04,110.7,78380.0
20241218,113.29,111.47,116.12,111.06,85751.0
20241219,111.35,111.1,112.91,110.85,63749.0
20241220,110.57,112.05,112.97,110.01,129686.0
20241223,112.04,111.16,112.04,110.31,41438.0
20241224,111.23,112.5,112.74,111.12,18925.0
20241226,112.24,112.43,113.32,111.85,32614.0
20241227,112.06,111.5,112.4,110.86,32840.0
20241230,110.86,110.4,111.54,109.83,41862.0
20241231,110.69,111.31,111.59,110.59,35380.0
20250102,111.38,110.83,112.2,110.17,39571.0
20250103,110.99,111.0,111.54,110.18,34642.0
20250106,111.26,111.05,112.86,110.87,47492.0
20250107,111.25,111.69,113.74,111.25,60426.0
20250108,111.7,111.05,112.31,108.64,52409.0
20250110,110.2,108.44,110.54,107.62,60929.0
20250113,107.5,108.29,108.61,106.72,41404.0
20250114,108.21,108.25,108.96,107.61,39917.0
20250115,107.77,108.45,109.6,107.77,42964.0
20250116,108.11,106.43,108.6,106.16,58531.0
20250117,106.64,107.34,107.74,106.51,57018.0
20250121,107.04,109.5,111.1,106.8,64413.0
20250122,109.73,108.63,110.29,108.23,69924.0
20250123,108.59,111.0,111.07,108.44,56771.0
20250124,111.02,112.03,113.39,110.62,62943.0
20250127,111.35,113.4,114.08,108.93,76246.0
20250128,112.94,112.11,114.0,111.56,47876.0
20250129,112.11,113.5,114.39,112.11,52474.0
20250130,113.49,113.43,115.18,113.12,47503.0
20250131,113.8,112.85,114.49,112.76,46142.0
20250203,111.37,114.4,114.6,110.3,64926.0
20250204,113.89,113.74,114.66,112.51,99128.0
20250205,113.45,110.3,118.59,110.0,171882.0
20250206,110.73,111.9,112.68,109.15,89493.0
20250207,111.9,110.87,112.55,110.61,63368.0
20250210,110.8,109.01,111.38,108.69,60194.0
20250211,109.04,108.88,109.69,107.69,55895.0
20250212,108.74,109.24,109.53,107.75,50185.0
20250213,108.93,109.56,109.76,108.53,48336.0
20250214,109.5,110.4,110.51,109.08,44140.0
20250218,110.4,109.8,110.85,108.71,56856.0
20250219,109.58,111.34,111.76,109.01,58175.0
20250220,111.0,110.7,111.52,109.37,43670.0
20250221,110.6,108.53,111.76,107.92,63628.0
20250224,108.74,111.45,111.56,108.51,52688.0
20250225,110.95,110.89,111.9,109.07,51711.0
20250226,110.48,112.0,113.25,109.82,54771.0
20250227,111.6,111.21,113.12,111.0,59984.0
20250228,111.15,113.9,114.03,110.46,99605.0
20250303,113.69,112.8,115.55,112.0,57397.0
20250304,112.6,109.7,112.6,108.27,96860.0
20250305,110.0,109.11,110.94,108.22,66574.0
20250306,108.51,105.59,108.83,105.12,86199.0
20250307,105.8,105.4,105.89,103.31,91144.0
20250310,104.57,100.18,104.99,100.0,79450.0
20250311,100.97,98.06,102.0,97.45,128845.0
20250312,98.83,98.8,99.6,96.38,86031.0
20250313,98.33,97.11,98.7,95.92,81596.0
20250314,97.17,98.54,99.1,97.17,77290.0
20250317,98.43,99.34,100.12,98.3,63638.0
20250318,99.59,99.32,99.73,98.47,50224.0
20250319,99.6,100.41,100.96,99.35,54679.0
20250320,100.53,98.7,100.61,98.64,58674.0
20250321,98.55,99.4,99.89,97.75,115202.0
20250324,99.79,100.04,100.44,98.86,62188.0
20250325,99.98,101.7,101.9,99.98,50342.0
20250326,101.32,100.13,102.27,100.1,48633.0
20250327,100.6,100.2,101.03,99.58,45083.0
20250328,100.38,97.8,100.4,97.55,58739.0
20250331,97.06,98.5,98.85,95.7,75526.0
20250401,98.41,97.71,98.69,96.84,63476.0
20250402,97.56,95.05,98.5,94.9,57818.0
20250403,95.76,89.5,96.0,88.6,148442.0
20250404,89.0,83.4,89.12,83.08,174830.0
20250407,80.14,84.3,86.63,79.2,158994.0
20250408,85.01,80.78,86.95,80.4,110837.0
20250409,81.84,91.6,92.25,80.05,199065.0
20250410,89.98,84.5,90.87,83.07,126148.0
20250411,85.59,84.81,86.4,83.35,77322.0
20250414,85.99,84.49,86.45,84.03,82667.0
20250415,85.1,84.68,85.98,84.38,56090.0
20250416,84.3,82.72,85.1,82.0,77571.0
20250417,83.4,85.09,85.78,82.77,106931.0
20250421,84.52,84.1,85.7,82.98,101227.0
20250422,84.67,87.73,87.82,84.56,67353.0
20250423,87.94,87.26,89.87,87.01,85029.0
20250424,87.34,90.1,90.24,86.77,80051.0
20250425,90.1,90.26,90.66,89.07,59352.0
20250428,90.29,90.1,91.37,89.64,57812.0
20250429,90.49,91.09,91.66,89.49,44661.0
20250430,91.36,90.9,91.74,88.56,59625.0
20250501,91.32,90.64,91.75,90.36,50273.0
20250502,90.99,92.6,93.19,90.88,58137.0
20250505,92.18,92.3,93.08,88.89,80801.0
20250506,91.85,92.91,93.24,91.0,89164.0
20250507,93.0,102.0,103.31,92.85,280102.0
20250508,102.58,105.0,106.19,102.0,148025.0
20250509,105.3,105.98,106.19,104.57,71864.0
20250512,107.37,110.36,110.94,106.95,140953.0
20250513,110.1,111.43,112.2,109.82,105644.0
20250514,111.13,112.5,113.41,110.5,119553.0
20250515,112.06,112.08,112.85,111.58,63800.0
20250516,112.43,112.35,113.44,111.42,71854.0
20250519,111.55,112.65,112.99,111.21,51008.0
20250520,112.01,112.15,113.4,111.81,50485.0
20250521,111.6,110.4,112.49,110.13,71135.0
20250522,110.46,111.13,111.8,109.65,44473.0
20250523,111.46,109.5,111.5,108.78,57438.0
20250527,110.15,112.45,112.89,110.15,73373.0
20250528,112.45,112.05,112.88,111.01,40518.0
20250529,112.89,111.85,113.0,110.52,80918.0
20250530,111.68,112.81,113.35,111.28,91877.0
20250602,112.2,112.98,113.6,112.15,47055.0
20250603,112.8,113.55,114.69,112.52,58614.0
20250604,113.88,113.41,114.05,112.97,39553.0
20250605,113.49,112.15,114.34,111.84,65261.0
20250606,112.72,113.8,114.22,112.5,41279.0
20250609,114.0,115.66,116.11,113.51,58131.0
20250610,115.83,118.7,120.5,114.8,143437.0
20250611,118.5,119.3,119.8,117.65,76601.0
20250612,118.85,118.2,119.39,117.66,57157.0
20250613,116.07,117.8,118.44,116.07,64747.0
20250616,117.99,119.0,120.35,117.52,68616.0
20250617,118.92,117.98,119.33,117.6,56537.0
20250618,118.21,118.07,118.75,116.84,60575.0
20250620,117.36,117.8,119.05,116.9,126243.0
20250623,116.98,118.57,118.57,115.02,57668.0
20250624,117.91,118.64,119.08,117.75,59816.0
20250625,118.55,119.35,119.72,118.55,46519.0
20250626,119.49,121.53,121.68,119.42,76629.0
20250627,121.93,122.0,122.94,121.48,90299.0
20250630,122.94,123.95,124.9,122.94,90175.0
20250701,123.58,123.53,124.0,122.45,74404.0
20250702,123.33,123.0,124.4,122.53,54101.0
20250703,122.96,124.0,124.24,122.82,30281.0
20250707,123.05,122.93,124.61,122.57,52142.0
20250708,123.14,121.76,123.72,121.76,47741.0
20250709,121.87,120.6,122.35,120.5,51576.0
20250710,120.63,121.55,121.95,120.59,50457.0
20250711,121.19,120.0,121.3,119.65,42933.0
20250714,119.38,119.95,120.5,119.06,36485.0
20250715,119.92,118.53,120.23,118.51,52392.0
20250716,118.89,119.55,120.57,118.87,49182.0
20250717,120.06,122.0,122.47,119.6,71834.0
20250718,122.43,121.4,122.43,120.29,62867.0
20250721,121.39,120.96,121.97,120.53,45817.0
20250722,120.6,121.48,121.48,120.5,36150.0
20250723,121.24,122.94,123.18,121.1,46040.0
20250724,122.56,122.06,123.98,121.75,49924.0
20250725,122.14,121.48,122.5,120.87,38677.0
20250728,121.71,120.37,122.0,119.88,40346.0
20250729,120.49,119.85,120.81,119.36,40931.0
20250730,119.77,119.27,120.63,118.0,35543.0
20250731,119.89,118.8,119.91,118.52,48185.0
20250801,118.67,116.58,119.0,115.57,61465.0
20250804,116.99,119.7,119.9,116.91,62809.0
20250805,119.69,118.9,120.0,117.33,109167.0
20250806,121.45,115.21,123.52,112.2,161779.0
20250807,115.33,112.87,116.4,111.82,114155.0
20250808,113.19,112.52,114.3,112.02,71254.0
20250811,112.79,112.4,113.5,111.54,61430.0
20250812,112.85,113.65,114.4,112.25,50123.0
20250813,113.79,116.7,117.23,113.79,64703.0
20250814,116.82,116.29,116.82,114.62,48157.0
20250815,116.52,115.59,116.97,115.19,47916.0
20250818,115.28,116.6,117.01,115.16,40067.0
20250819,116.12,116.27,116.99,115.72,34040.0
20250820,115.93,116.87,117.89,115.93,47453.0
20250821,116.88,116.21,116.88,115.53,43199.0
20250822,116.37,118.98,119.78,116.37,52882.0
20250825,119.0,117.72,119.05,117.69,36988.0
20250826,117.69,117.63,118.38,117.16,40726.0
20250827,117.8,117.72,118.46,117.29,29171.0
20250828,118.08,117.5,118.4,116.61,38716.0
20250829,117.32,118.4,118.65,117.11,37862.0
20250902,118.04,118.1,118.5,115.99,38501.0
20250903,117.06,117.11,118.62,116.35,45362.0
20250904,117.59,118.75,119.68,116.54,47391.0
20250905,118.72,117.9,119.78,117.7,49649.0
20250908,118.1,118.89,118.96,116.74,41950.0
20250909,118.57,117.4,119.05,117.16,41399.0
20250910,117.17,115.79,117.51,114.49,51745.0
20250911,116.15,116.84,117.17,114.63,60401.0
20250912,116.64,115.96,117.01,115.1,53477.0
20250915,116.03,115.56,116.75,115.0,51268.0
20250916,115.66,115.02,115.86,114.71,51729.0
20250917,115.17,116.17,116.66,115.01,51288.0
20250918,116.12,114.86,116.58,114.05,63722.0
20250919,114.98,113.24,114.98,111.93,176590.0
20250922,112.02,112.6,113.75,111.5,106395.0
20250923,112.92,112.25,114.0,111.6,94233.0
20250924,112.46,113.27,114.15,112.0,58751.0
20250925,113.43,113.58,114.05,112.65,43645.0
20250926,112.89,113.06,113.57,112.67,42601.0
20250929,113.66,114.76,115.01,112.17,52649.0
20250930,114.69,114.5,114.88,113.25,63222.0
20251001,113.76,112.99,116.06,112.79,65895.0
20251002,113.14,112.19,113.33,110.77,62744.0
20251003,112.12,112.65,113.57,111.56,51660.0
20251006,112.68,112.5,113.55,111.45,43608.0
20251007,112.73,112.35,113.4,111.8,37644.0
20251008,112.79,111.99,113.2,111.65,52225.0
20251009,112.0,111.05,113.0,110.87,46373.0
20251010,111.52,109.2,112.68,108.08,66915.0
20251013,109.54,110.05,113.0,109.31,53317.0
20251014,109.51,111.17,111.84,109.2,56895.0
20251015,111.45,111.51,112.68,111.14,52044.0
20251016,111.72,109.55,112.21,108.51,55009.0
20251017,109.05,110.69,111.46,108.27,75635.0
20251020,110.67,112.0,112.25,110.6,52210.0
20251021,112.0,114.02,114.54,111.97,53600.0
20251022,114.14,112.98,114.3,112.96,46397.0
20251023,113.71,113.03,113.83,111.9,49285.0
20251024,113.0,111.71,113.65,111.59,45318.0
20251027,112.0,112.01,112.6,111.31,42693.0
20251028,111.81,111.5,112.48,111.45,46745.0
20251029,111.5,110.3,111.8,110.01,49462.0
20251030,110.18,111.26,113.59,109.55,57779.0
20251031,111.38,112.05,113.1,110.53,57144.0
20251103,112.51,111.88,112.99,111.03,61621.0
20251104,111.3,111.4,111.9,110.58,48069.0
20251105,111.38,111.21,111.97,110.6,39066.0
20251106,111.19,110.69,111.71,109.18,66485.0
20251107,110.12,110.9,111.43,109.61,63302.0
20251110,111.35,112.33,112.79,111.02,62921.0
20251111,112.58,114.98,114.98,112.17,68010.0
20251112,114.64,117.24,117.4,114.32,109850.0
20251113,116.65,107.49,118.0,104.91,326217.0
20251114,107.35,106.71,108.73,105.3,125966.0
20251117,106.19,105.75,107.67,105.11,82960.0
20251118,105.2,106.15,107.08,104.94,85255.0
20251119,106.1,104.81,107.59,104.08,91596.0
20251120,105.25,102.89,105.8,102.25,83983.0
20251121,102.99,104.19,104.78,102.69,78210.0
20251124,104.9,102.0,104.96,101.88,105584.0
20251125,102.28,103.27,103.92,101.8,82015.0
20251126,103.57,103.47,104.26,102.88,65631.0
20251128,103.66,104.32,104.74,103.24,51402.0
20251201,105.13,106.78,106.9,104.35,87022.0
20251202,106.94,104.94,107.15,104.82,64887.0
20251203,104.99,105.71,105.85,104.47,74490.0
20251204,105.73,105.5,106.22,104.51,69034.0
20251205,105.59,105.35,106.17,104.56,67656.0
20251208,105.37,108.0,108.05,104.83,84753.0
20251209,107.65,106.95,107.99,106.55,53639.0
20251210,106.94,108.74,109.67,105.81,78070.0
20251211,108.07,111.69,111.94,107.95,92570.0
20251212,111.5,111.52,113.34,111.15,96896.0
20251215,111.09,110.74,111.55,108.77,100733.0
20251216,110.34,111.92,112.85,110.34,102735.0
20251217,111.66,110.58,112.13,110.36,86311.0
20251218,110.65,111.74,112.8,110.42,90387.0
20251219,111.68,111.35,113.48,110.92,159164.0
20251222,111.47,112.5,112.8,110.9,67338.0
20251223,112.15,113.09,113.31,112.03,54315.0
20251224,113.11,114.48,114.53,112.7,37093.0
20251226,114.37,113.56,114.74,113.27,41936.0
20251229,113.25,114.15,114.49,113.03,57567.0
20251230,114.03,114.88,115.28,114.0,48015.0
20251231,114.74,113.58,114.89,113.49,48564.0
20260102,113.77,111.8,114.05,111.62,68786.0
20260105,111.27,114.03,116.03,111.07,85436.0
20260106,113.58,114.59,114.76,113.1,55668.0
20260107,114.55,112.81,114.97,112.5,61341.0
20260108,112.7,114.22,114.99,112.36,70548.0
20260109,114.01,115.83,115.98,113.9,69606.0
20260112,115.01,112.91,115.31,112.55,78532.0
20260113,112.82,112.64,113.22,111.61,65667.0
20260114,112.9,113.39,113.59,112.26,66292.0
20260115,113.33,113.41,114.11,112.17,55034.0
20260116,113.73,111.36,113.85,111.12,81126.0
20260120,109.83,110.29,111.09,108.8,72654.0
20260121,110.42,113.29,113.4,109.5,76160.0
20260122,113.12,113.08,114.29,112.17,82063.0
20260123,112.84,110.79,113.12,110.53,80247.0
20260126,110.96,111.29,112.41,110.81,57890.0
20260127,111.34,110.63,112.07,110.03,62965.0
20260128,110.54,109.7,111.43,109.0,61561.0
20260129,109.86,111.28,111.71,108.76,72714.0
20260130,110.9,113.0,113.14,110.77,118369.0
20260202,111.28,104.92,118.0,103.75,287966.0
20260203,104.97,104.18,106.5,102.34,184983.0
20260204,104.42,107.1,108.6,103.63,133141.0
20260205,106.72,104.84,108.33,104.16,89373.0
20260206,105.12,108.66,108.96,104.54,89316.0
20260209,108.66,107.13,108.92,106.77,77795.0
20260210,107.36,109.83,111.11,107.01,67961.0
20260211,109.78,108.2,110.0,107.79,66243.0
20260212,108.3,102.25,108.37,101.02,196070.0
20260213,102.38,105.25,105.52,101.13,94379.0
20260217,105.18,105.42,107.28,104.37,77683.0
20260218,105.52,107.01,107.73,105.25,65168.0
20260219,106.81,106.06,107.77,105.45,55148.0
20260220,106.14,105.53,106.4,104.65,63943.0
20260223,105.21,104.41,105.36,102.96,79761.0
20260224,104.1,106.14,107.24,103.98,85190.0
20260225,106.03,105.07,106.72,104.51,64186.0
20260226,105.03,105.4,106.77,105.03,70310.0
20260227,105.1,106.0,106.34,103.93,100160.0
20260302,104.77,104.02,106.04,102.86,100514.0
20260303,103.02,103.25,104.31,102.15,102151.0
20260304,103.28,103.11,103.99,102.64,72136.0
20260305,102.82,102.43,104.55,101.59,88715.0
20260306,102.0,101.3,102.77,99.95,76655.0
20260309,100.89,101.41,101.88,98.45,86691.0
20260310,101.52,101.25,102.31,100.24,57370.0
20260311,101.32,100.3,101.89,100.01,55838.0
20260312,100.53,99.64,100.88,99.37,75796.0
20260313,99.43,99.3,100.77,99.16,73434.0
20260316,99.46,98.61,100.4,98.46,88506.0
20260317,98.78,100.39,100.71,98.5,86358.0
20260318,100.66,99.42,101.02,99.0,95557.0
20260319,99.41,99.34,100.78,98.43,116290.0
20260320,99.27,100.1,100.49,98.39,217816.0
20260323,98.6,98.02,101.43,97.86,82103.0
20260324,98.0,96.8,98.16,95.85,63105.0
20260325,97.01,95.89,97.24,95.05,61266.0
20260326,95.5,94.87,96.4,94.58,60543.0
20260327,94.91,92.28,94.98,92.18,90555.0
20260330,92.38,94.01,95.19,92.17,76987.0
20260331,94.73,96.5,96.89,94.19,78390.0
20260401,96.38,96.52,98.36,96.38,61371.0
20260402,95.73,96.69,97.17,95.0,47630.0
20260406,96.72,96.28,97.16,96.05,42941.0
20260407,96.05,97.32,97.32,95.32,61806.0
20260408,97.7,98.9,99.19,97.51,81410.0
20260409,99.01,99.79,100.23,97.67,67900.0
20260410,99.7,99.2,100.19,98.81,46833.0
20260413,98.59,101.1,101.27,98.15,51526.0
20260414,101.13,102.5,103.1,100.81,63214.0
20260415,102.82,102.86,103.45,101.79,52063.0
20260416,102.78,103.97,104.53,102.5,58765.0
20260417,103.9,106.29,106.44,103.1,79279.0
20260420,105.57,106.35,107.11,105.22,47493.0
20260421,106.42,104.94,106.88,103.96,57917.0
20260422,104.71,104.66,106.28,104.19,46939.0
20260423,104.68,103.49,105.2,102.55,42086.0
20260424,103.83,102.61,104.0,101.97,37749.0
20260427,102.35,102.7,103.81,102.06,46642.0
20260428,102.38,101.45,103.29,100.61,46777.0
20260429,101.58,100.75,101.58,100.5,36627.0
20260430,100.61,104.0,104.47,100.42,61533.0
20260501,103.6,103.07,104.84,102.97,42229.0
20260504,103.08,101.5,103.4,101.27,56821.0
20260505,101.37,100.84,102.15,100.06,104766.0
20260506,101.3,107.54,109.25,100.27,172404.0
20260507,108.0,108.5,110.48,107.09,105302.0
20260508,108.98,107.9,109.98,107.03,63837.0
20260511,107.93,104.75,108.39,104.38,74565.0
20260512,104.23,106.01,106.29,104.21,56457.0
20260513,106.2,105.16,106.2,103.86,53208.0
20260514,104.85,105.7,106.29,104.81,45909.0
20260515,105.16,102.68,105.42,102.3,52112.0
20260518,102.25,103.8,104.7,102.21,42130.0
20260519,104.02,102.35,104.32,101.97,49922.0
20260520,102.46,103.95,104.86,101.6,48517.0
20260521,103.87,103.61,104.62,102.58,65456.0
20260522,103.77,102.96,104.5,102.9,38326.0
20260526,103.22,103.28,103.8,102.34,50320.0
20260527,103.26,104.02,105.25,103.03,50331.0
20260528,103.89,103.65,104.5,103.1,47253.0
20260529,103.85,102.02,104.57,101.83,96367.0
20260601,101.96,102.2,103.01,100.3,60097.0
20260602,102.42,101.07,102.71,100.09,62956.0
20260603,101.48,99.66,101.54,99.25,54342.0
20260604,99.9,99.17,101.47,99.01,72798.0
20260605,99.35,99.62,100.2,99.08,61892.0
20260608,99.61,98.9,99.9,98.41,54478.0
20260609,98.99,99.25,100.09,98.5,52691.0
20260610,99.08,98.55,99.76,97.95,47996.0
20260611,98.98,100.15,100.74,98.1,66652.0
20260612,100.08,99.82,101.77,99.53,57537.0
20260615,100.85,101.72,102.4,100.19,77655.0
20260616,101.3,101.19,101.95,100.05,85307.0
20260617,101.0,101.1,102.36,100.44,87769.0
20260618,101.22,103.87,104.22,100.8,180320.0
202606220800,103.86,103.95,103.95,103.86,3.0
202606220801,103.95,103.95,103.95,103.95,0.0
202606220802,103.95,103.95,103.95,103.95,0.0
202606220803,103.95,103.95,103.95,103.95,0.0
202606220804,103.95,103.95,103.95,103.95,0.0
202606220805,103.91,103.92,103.92,103.9,5.0
202606220806,103.92,103.92,103.92,103.92,0.0
202606220807,103.92,103.92,103.92,103.92,0.0
202606220808,103.92,103.92,103.92,103.92,2.0
202606220809,103.92,103.92,103.92,103.92,0.0
202606220810,103.92,103.92,103.92,103.92,0.0
202606220811,103.92,103.92,103.92,103.92,0.0
202606220812,103.92,103.92,103.92,103.92,0.0
202606220813,103.92,103.92,103.92,103.92,0.0
202606220814,103.92,103.92,103.92,103.92,0.0
202606220815,103.92,103.92,103.92,103.92,0.0
202606220816,103.92,103.92,103.92,103.92,0.0
202606220817,103.92,103.92,103.92,103.92,0.0
202606220818,103.92,103.92,103.92,103.92,0.0
202606220819,103.92,103.92,103.92,103.92,0.0
202606220820,103.92,103.92,103.92,103.92,0.0
202606220821,103.92,103.92,103.92,103.92,0.0
202606220822,103.92,103.92,103.92,103.92,0.0
202606220823,103.92,103.92,103.92,103.92,0.0
202606220824,103.92,103.92,103.92,103.92,0.0
202606220825,103.92,103.92,103.92,103.92,0.0
202606220826,103.92,103.92,103.92,103.92,0.0
202606220827,103.92,103.92,103.92,103.92,0.0
202606220828,103.92,103.92,103.92,103.92,0.0
202606220829,103.92,103.92,103.92,103.92,0.0
202606220830,103.92,103.92,103.92,103.92,0.0
202606220831,103.92,103.92,103.92,103.92,0.0
202606220832,103.92,103.92,103.92,103.92,0.0
202606220833,103.92,103.92,103.92,103.92,0.0
202606220834,103.92,103.92,103.92,103.92,0.0
202606220835,103.92,103.92,103.92,103.92,0.0
202606220836,103.92,103.92,103.92,103.92,0.0
202606220837,103.92,103.92,103.92,103.92,0.0
202606220838,103.92,103.92,103.92,103.92,0.0
202606220839,103.92,103.92,103.92,103.92,0.0
202606220840,103.92,103.92,103.92,103.92,0.0
202606220841,103.92,103.92,103.92,103.92,0.0
202606220842,103.92,103.92,103.92,103.92,0.0
202606220843,103.92,103.92,103.92,103.92,0.0
202606220844,103.92,103.92,103.92,103.92,0.0
202606220845,103.92,103.92,103.92,103.92,0.0
202606220846,103.92,103.92,103.92,103.92,0.0
202606220847,103.92,103.92,103.92,103.92,0.0
202606220848,103.92,103.92,103.92,103.92,0.0
202606220849,103.92,103.92,103.92,103.92,0.0
202606220850,103.92,103.92,103.92,103.92,0.0
202606220851,103.92,103.92,103.92,103.92,0.0
202606220852,103.92,103.92,103.92,103.92,0.0
202606220853,103.92,103.92,103.92,103.92,0.0
202606220854,103.92,103.92,103.92,103.92,0.0
202606220855,103.92,103.92,103.92,103.92,0.0
202606220856,103.92,103.92,103.92,103.92,0.0
202606220857,103.92,103.92,103.92,103.92,0.0
202606220858,103.92,103.92,103.92,103.92,0.0
202606220859,103.62,103.62,103.62,103.62,1.0
202606220900,103.6,103.6,103.6,103.6,1.0
202606220901,103.6,103.6,103.6,103.6,0.0
202606220902,103.6,103.6,103.6,103.6,0.0
202606220903,103.6,103.6,103.6,103.6,0.0
202606220904,103.6,103.6,103.6,103.6,0.0
202606220905,103.6,103.6,103.6,103.6,0.0
202606220906,103.6,103.6,103.6,103.6,0.0
202606220907,103.6,103.6,103.6,103.6,0.0
202606220908,103.6,103.6,103.6,103.6,0.0
202606220909,103.6,103.6,103.6,103.6,0.0
202606220910,103.6,103.6,103.6,103.6,0.0
202606220911,103.6,103.6,103.6,103.6,0.0
202606220912,103.6,103.6,103.6,103.6,0.0
202606220913,103.6,103.6,103.6,103.6,0.0
202606220914,103.6,103.6,103.6,103.6,0.0
202606220915,103.6,103.6,103.6,103.6,0.0
202606220916,103.6,103.6,103.6,103.6,0.0
202606220917,103.6,103.6,103.6,103.6,0.0
202606220918,103.6,103.6,103.6,103.6,0.0
202606220919,103.6,103.6,103.6,103.6,0.0
202606220920,103.6,103.6,103.6,103.6,0.0
202606220921,103.6,103.6,103.6,103.6,0.0
202606220922,103.6,103.6,103.6,103.6,0.0
202606220923,103.6,103.6,103.6,103.6,0.0
202606220924,103.56,103.56,103.56,103.56,1.0
202606220925,103.56,103.56,103.56,103.56,0.0
202606220926,103.56,103.56,103.56,103.56,0.0
202606220927,103.56,103.56,103.56,103.56,0.0
202606220928,103.56,103.56,103.56,103.56,0.0
202606220929,103.56,103.56,103.56,103.56,0.0
202606220930,103.56,103.56,103.56,103.56,0.0
202606220931,103.56,103.56,103.56,103.56,0.0
202606220932,103.56,103.56,103.56,103.56,0.0
202606220933,103.56,103.56,103.56,103.56,0.0
202606220934,103.56,103.56,103.56,103.56,0.0
202606220935,103.56,103.56,103.56,103.56,0.0
202606220936,103.56,103.56,103.56,103.56,0.0
202606220937,103.56,103.56,103.56,103.56,0.0
202606220938,103.56,103.56,103.56,103.56,0.0
202606220939,103.56,103.56,103.56,103.56,0.0
202606220940,103.56,103.56,103.56,103.56,0.0
202606220941,103.56,103.56,103.56,103.56,0.0
202606220942,103.56,103.56,103.56,103.56,0.0
202606220943,103.56,103.56,103.56,103.56,0.0
202606220944,103.56,103.56,103.56,103.56,0.0
202606220945,103.56,103.56,103.56,103.56,0.0
202606220946,103.56,103.56,103.56,103.56,0.0
202606220947,103.56,103.56,103.56,103.56,0.0
202606220948,103.56,103.56,103.56,103.56,0.0
202606220949,103.56,103.56,103.56,103.56,0.0
202606220950,103.56,103.56,103.56,103.56,0.0
202606220951,103.56,103.56,103.56,103.56,0.0
202606220952,103.56,103.56,103.56,103.56,0.0
202606220953,103.56,103.56,103.56,103.56,0.0
202606220954,103.56,103.56,103.56,103.56,0.0
202606220955,103.56,103.56,103.56,103.56,0.0
202606220956,103.56,103.56,103.56,103.56,0.0
202606220957,103.56,103.56,103.56,103.56,0.0
202606220958,103.56,103.56,103.56,103.56,0.0
202606220959,103.56,103.56,103.56,103.56,0.0
202606221000,103.56,103.56,103.56,103.56,0.0
202606221001,103.56,103.56,103.56,103.56,0.0
202606221002,103.56,103.56,103.56,103.56,0.0
202606221003,103.56,103.56,103.56,103.56,0.0
202606221004,103.56,103.56,103.56,103.56,0.0
202606221005,103.56,103.56,103.56,103.56,0.0
202606221006,103.56,103.56,103.56,103.56,0.0
202606221007,103.56,103.56,103.56,103.56,0.0
202606221008,103.56,103.56,103.56,103.56,0.0
202606221009,103.56,103.56,103.56,103.56,0.0
202606221010,103.56,103.56,103.56,103.56,0.0
202606221011,103.56,103.56,103.56,103.56,0.0
202606221012,103.56,103.56,103.56,103.56,0.0
202606221013,103.51,103.51,103.51,103.51,2.0
202606221014,103.51,103.51,103.51,103.51,0.0
202606221015,103.51,103.51,103.51,103.51,0.0
202606221016,103.51,103.51,103.51,103.51,0.0
202606221017,103.51,103.51,103.51,103.51,0.0
202606221018,103.51,103.51,103.51,103.51,0.0
202606221019,103.51,103.51,103.51,103.51,0.0
202606221020,103.51,103.51,103.51,103.51,0.0
202606221021,103.51,103.51,103.51,103.51,0.0
202606221022,103.51,103.51,103.51,103.51,0.0
202606221023,103.51,103.51,103.51,103.51,0.0
202606221024,103.51,103.51,103.51,103.51,0.0
202606221025,103.51,103.51,103.51,103.51,0.0
202606221026,103.51,103.51,103.51,103.51,0.0
202606221027,103.51,103.51,103.51,103.51,0.0
202606221028,103.51,103.51,103.51,103.51,0.0
202606221029,103.51,103.51,103.51,103.51,0.0
202606221030,103.51,103.51,103.51,103.51,0.0
202606221031,103.51,103.51,103.51,103.51,0.0
202606221032,103.51,103.51,103.51,103.51,0.0
202606221033,103.51,103.51,103.51,103.51,0.0
202606221034,103.51,103.51,103.51,103.51,0.0
202606221035,103.51,103.51,103.51,103.51,0.0
202606221036,103.51,103.51,103.51,103.51,0.0
202606221037,103.51,103.51,103.51,103.51,0.0
202606221038,103.51,103.51,103.51,103.51,0.0
202606221039,103.51,103.51,103.51,103.51,0.0
202606221040,103.51,103.51,103.51,103.51,0.0
202606221041,103.51,103.51,103.51,103.51,0.0
202606221042,103.51,103.51,103.51,103.51,0.0
202606221043,103.51,103.51,103.51,103.51,0.0
202606221044,103.51,103.51,103.51,103.51,0.0
202606221045,103.51,103.51,103.51,103.51,0.0
202606221046,103.51,103.51,103.51,103.51,0.0
202606221047,103.51,103.51,103.51,103.51,0.0
202606221048,103.51,103.51,103.51,103.51,0.0
202606221049,103.51,103.51,103.51,103.51,0.0
202606221050,103.51,103.51,103.51,103.51,0.0
202606221051,103.51,103.51,103.51,103.51,0.0
202606221052,103.51,103.51,103.51,103.51,0.0
202606221053,103.51,103.51,103.51,103.51,0.0
202606221054,103.51,103.51,103.51,103.51,0.0
202606221055,103.51,103.51,103.51,103.51,0.0
202606221056,103.51,103.51,103.51,103.51,0.0
202606221057,103.51,103.51,103.51,103.51,0.0
202606221058,103.51,103.51,103.51,103.51,0.0
202606221059,103.51,103.51,103.51,103.51,0.0
202606221100,103.5,103.45,103.5,103.44,2.0
202606221101,103.3,103.3,103.3,103.3,10.0
202606221102,103.3,103.3,103.3,103.3,0.0
202606221103,103.3,103.3,103.3,103.3,0.0
202606221104,103.3,103.3,103.3,103.3,0.0
202606221105,103.5,103.5,103.5,103.5,1.0
202606221106,103.5,103.5,103.5,103.5,0.0
202606221107,103.5,103.5,103.5,103.5,0.0
202606221108,103.5,103.5,103.5,103.5,0.0
202606221109,103.5,103.5,103.5,103.5,0.0
202606221110,103.5,103.5,103.5,103.5,0.0
202606221111,103.5,103.5,103.5,103.5,0.0
202606221112,103.5,103.5,103.5,103.5,10.0
202606221113,103.5,103.5,103.5,103.5,0.0
202606221114,103.5,103.5,103.5,103.5,0.0
202606221115,103.5,103.5,103.5,103.5,0.0
202606221116,103.5,103.5,103.5,103.5,0.0
202606221117,103.5,103.5,103.5,103.5,0.0
202606221118,103.5,103.5,103.5,103.5,0.0
202606221119,103.5,103.5,103.5,103.5,0.0
202606221120,103.5,103.5,103.5,103.5,0.0
202606221121,103.5,103.5,103.5,103.5,0.0
202606221122,103.5,103.5,103.5,103.5,0.0
202606221123,103.5,103.5,103.5,103.5,0.0
202606221124,103.5,103.5,103.5,103.5,0.0
202606221125,103.5,103.5,103.5,103.5,0.0
202606221126,103.5,103.5,103.5,103.5,0.0
202606221127,103.5,103.5,103.5,103.5,0.0
202606221128,103.5,103.5,103.5,103.5,0.0
202606221129,103.5,103.5,103.5,103.5,0.0
202606221130,103.5,103.5,103.5,103.5,0.0
202606221131,103.5,103.5,103.5,103.5,0.0
202606221132,103.35,103.35,103.35,103.35,3.0
202606221133,103.35,103.35,103.35,103.35,0.0
202606221134,103.35,103.35,103.35,103.35,0.0
202606221135,103.35,103.35,103.35,103.35,0.0
202606221136,103.35,103.35,103.35,103.35,0.0
202606221137,103.35,103.35,103.35,103.35,0.0
202606221138,103.35,103.35,103.35,103.35,0.0
202606221139,103.35,103.35,103.35,103.35,0.0
202606221140,103.52,103.52,103.52,103.52,1.0
202606221141,103.4,103.37,103.4,103.37,2.0
202606221142,103.37,103.37,103.37,103.37,0.0
202606221143,103.37,103.37,103.37,103.37,0.0
202606221144,103.37,103.37,103.37,103.37,0.0
202606221145,103.37,103.37,103.37,103.37,0.0
202606221146,103.37,103.37,103.37,103.37,0.0
202606221147,103.37,103.37,103.37,103.37,0.0
202606221148,103.37,103.37,103.37,103.37,0.0
202606221149,103.37,103.37,103.37,103.37,0.0
202606221150,103.37,103.37,103.37,103.37,0.0
202606221151,103.37,103.37,103.37,103.37,0.0
202606221152,103.37,103.37,103.37,103.37,0.0
202606221153,103.37,103.37,103.37,103.37,0.0
202606221154,103.37,103.37,103.37,103.37,0.0
202606221155,103.37,103.37,103.37,103.37,0.0
202606221156,103.37,103.37,103.37,103.37,0.0
202606221157,103.37,103.37,103.37,103.37,0.0
202606221158,103.37,103.37,103.37,103.37,0.0
202606221159,103.37,103.37,103.37,103.37,0.0
202606221200,103.37,103.37,103.37,103.37,0.0
202606221201,103.37,103.37,103.37,103.37,0.0
202606221202,103.37,103.37,103.37,103.37,0.0
202606221203,103.37,103.37,103.37,103.37,0.0
202606221204,103.37,103.37,103.37,103.37,0.0
202606221205,103.37,103.37,103.37,103.37,0.0
202606221206,103.35,103.35,103.35,103.35,1.0
202606221207,103.35,103.35,103.35,103.35,0.0
202606221208,103.35,103.35,103.35,103.35,0.0
202606221209,103.35,103.35,103.35,103.35,0.0
202606221210,103.35,103.35,103.35,103.35,0.0
202606221211,103.35,103.35,103.35,103.35,0.0
202606221212,103.35,103.35,103.35,103.35,0.0
202606221213,103.35,103.35,103.35,103.35,0.0
202606221214,103.35,103.35,103.35,103.35,0.0
202606221215,103.35,103.35,103.35,103.35,0.0
202606221216,103.35,103.35,103.35,103.35,0.0
202606221217,103.35,103.35,103.35,103.35,0.0
202606221218,103.35,103.35,103.35,103.35,0.0
202606221219,103.35,103.35,103.35,103.35,0.0
202606221220,103.35,103.35,103.35,103.35,0.0
202606221221,103.35,103.35,103.35,103.35,0.0
202606221222,103.3,103.3,103.31,103.3,1.0
202606221223,103.3,103.3,103.3,103.3,0.0
202606221224,103.3,103.3,103.3,103.3,0.0
202606221225,103.3,103.3,103.3,103.3,0.0
202606221226,103.3,103.3,103.3,103.3,0.0
202606221227,103.3,103.3,103.3,103.3,0.0
202606221228,103.3,103.3,103.3,103.3,0.0
202606221229,103.3,103.3,103.3,103.3,0.0
202606221230,103.3,103.3,103.3,103.3,0.0
202606221231,103.3,103.3,103.3,103.3,0.0
202606221232,103.3,103.3,103.3,103.3,0.0
202606221233,103.3,103.3,103.3,103.3,0.0
202606221234,103.3,103.3,103.3,103.3,0.0
202606221235,103.3,103.3,103.3,103.3,0.0
202606221236,103.3,103.3,103.3,103.3,0.0
202606221237,103.3,103.3,103.3,103.3,0.0
202606221238,103.3,103.3,103.3,103.3,0.0
202606221239,103.3,103.3,103.3,103.3,0.0
202606221240,103.3,103.3,103.3,103.3,0.0
202606221241,103.3,103.3,103.3,103.3,0.0
202606221242,103.3,103.3,103.3,103.3,0.0
202606221243,103.3,103.3,103.3,103.3,0.0
202606221244,103.3,103.3,103.3,103.3,0.0
202606221245,103.3,103.3,103.3,103.3,0.0
202606221246,103.3,103.3,103.3,103.3,0.0
202606221247,103.3,103.3,103.3,103.3,0.0
202606221248,103.3,103.3,103.3,103.3,0.0
202606221249,103.3,103.3,103.3,103.3,0.0
202606221250,103.3,103.3,103.3,103.3,0.0
202606221251,103.3,103.3,103.3,103.3,0.0
202606221252,103.3,103.3,103.3,103.3,0.0
202606221253,103.3,103.3,103.3,103.3,0.0
202606221254,103.3,103.3,103.3,103.3,0.0
202606221255,103.3,103.3,103.3,103.3,0.0
202606221256,103.3,103.3,103.3,103.3,0.0
202606221257,103.3,103.3,103.3,103.3,0.0
202606221258,103.3,103.3,103.3,103.3,0.0
202606221259,103.3,103.3,103.3,103.3,0.0
202606221300,103.3,103.3,103.3,103.3,0.0
202606221301,103.3,103.3,103.3,103.3,0.0
202606221302,103.3,103.3,103.3,103.3,0.0
202606221303,103.3,103.3,103.3,103.3,0.0
202606221304,103.3,103.3,103.3,103.3,0.0
202606221305,103.3,103.3,103.3,103.3,0.0
202606221306,103.3,103.3,103.3,103.3,0.0
202606221307,103.3,103.3,103.3,103.3,0.0
202606221308,103.3,103.3,103.3,103.3,0.0
202606221309,103.3,103.3,103.3,103.3,0.0
202606221310,103.3,103.3,103.3,103.3,0.0
202606221311,103.3,103.3,103.3,103.3,0.0
202606221312,103.3,103.3,103.3,103.3,0.0
202606221313,103.3,103.3,103.3,103.3,0.0
202606221314,103.3,103.3,103.3,103.3,0.0
202606221315,103.3,103.3,103.3,103.3,0.0
202606221316,103.3,103.3,103.3,103.3,0.0
202606221317,103.3,103.3,103.3,103.3,0.0
202606221318,103.3,103.3,103.3,103.3,0.0
202606221319,103.3,103.3,103.3,103.3,0.0
202606221320,103.3,103.3,103.3,103.3,0.0
202606221321,103.3,103.3,103.3,103.3,0.0
202606221322,103.61,103.55,103.61,103.55,3.0
202606221323,103.55,103.55,103.55,103.55,0.0
202606221324,103.55,103.55,103.55,103.55,0.0
202606221325,103.55,103.55,103.55,103.55,0.0
202606221326,103.55,103.55,103.55,103.55,0.0
202606221327,103.55,103.55,103.55,103.55,0.0
202606221328,103.47,103.47,103.47,103.47,2.0
202606221329,103.32,103.16,103.32,103.15,6.0
202606221330,103.41,103.23,103.41,103.23,6.0
202606221331,103.22,103.37,103.39,103.14,2307.0
202606221332,103.55,103.33,103.69,103.16,452.0
202606221333,103.33,103.3,103.52,103.3,159.0
202606221334,103.34,103.28,103.59,103.22,297.0
202606221335,103.28,103.32,103.47,103.26,183.0
202606221336,103.38,103.47,103.56,103.34,118.0
202606221337,103.54,103.71,103.71,103.5,148.0
202606221338,103.72,103.76,103.81,103.7,337.0
202606221339,103.77,103.73,103.83,103.64,115.0
202606221340,103.74,103.58,103.78,103.51,176.0
202606221341,103.58,103.42,103.59,103.37,233.0
202606221342,103.44,103.4,103.5,103.38,157.0
202606221343,103.4,103.59,103.59,103.36,188.0
202606221344,103.56,103.84,103.84,103.56,213.0
202606221345,103.79,103.93,103.99,103.68,814.0
202606221346,103.94,103.98,104.02,103.86,399.0
202606221347,103.98,103.96,104.06,103.87,735.0
202606221348,103.9,103.84,103.93,103.84,230.0
202606221349,103.83,103.87,103.87,103.83,118.0
202606221350,103.88,103.96,104.01,103.83,227.0
202606221351,103.96,103.97,104.04,103.92,101.0
202606221352,103.99,103.92,104.0,103.89,110.0
202606221353,103.93,104.1,104.1,103.88,432.0
202606221354,104.11,104.17,104.23,104.07,151.0
202606221355,104.15,104.04,104.15,103.98,72.0
202606221356,104.07,104.09,104.11,104.05,54.0
202606221357,104.13,104.06,104.13,104.06,34.0
202606221358,104.07,104.03,104.1,104.01,54.0
202606221359,104.03,104.2,104.23,104.01,259.0
202606221400,104.22,104.17,104.25,104.15,194.0
202606221401,104.18,104.1,104.31,104.1,179.0
202606221402,104.1,103.8,104.1,103.79,479.0
202606221403,103.8,103.74,103.88,103.73,268.0
202606221404,103.74,103.78,103.89,103.74,99.0
202606221405,103.82,103.66,103.83,103.64,118.0
202606221406,103.68,103.67,103.74,103.66,218.0
202606221407,103.64,103.51,103.64,103.51,76.0
202606221408,103.52,103.51,103.53,103.43,158.0
202606221409,103.51,103.7,103.72,103.5,187.0
202606221410,103.67,103.67,103.7,103.61,82.0
202606221411,103.63,103.63,103.68,103.61,97.0
202606221412,103.65,103.73,103.8,103.65,211.0
202606221413,103.72,103.63,103.74,103.61,37.0
202606221414,103.66,103.62,103.68,103.61,75.0
202606221415,103.59,103.64,103.66,103.56,185.0
202606221416,103.64,103.66,103.68,103.64,46.0
202606221417,103.66,103.53,103.67,103.53,208.0
202606221418,103.55,103.57,103.58,103.54,78.0
202606221419,103.57,103.36,103.57,103.33,171.0
202606221420,103.34,103.23,103.35,103.2,78.0
202606221421,103.24,103.17,103.25,103.17,280.0
202606221422,103.17,103.17,103.2,103.14,76.0
202606221423,103.18,103.19,103.22,103.08,229.0
202606221424,103.2,103.09,103.21,103.03,321.0
202606221425,103.08,103.01,103.1,102.98,172.0
202606221426,103.01,103.06,103.09,102.97,358.0
202606221427,103.07,102.95,103.08,102.93,383.0
202606221428,102.96,102.96,102.98,102.94,68.0
202606221429,102.96,102.84,102.96,102.82,87.0
202606221430,102.85,102.87,102.89,102.79,119.0
202606221431,102.8,102.97,102.98,102.79,568.0
202606221432,102.98,102.95,103.08,102.95,164.0
202606221433,102.96,102.97,103.01,102.92,136.0
202606221434,102.94,102.87,102.94,102.82,162.0
202606221435,102.88,103.01,103.02,102.85,509.0
202606221436,103.02,102.98,103.02,102.98,82.0
202606221437,102.98,102.96,102.99,102.95,296.0
202606221438,102.96,102.95,102.96,102.9,176.0
202606221439,102.94,103.03,103.08,102.93,178.0
202606221440,103.03,103.03,103.08,103.01,196.0
202606221441,103.0,103.01,103.05,102.99,250.0
202606221442,103.0,102.96,103.0,102.96,87.0
202606221443,102.96,102.92,103.0,102.87,219.0
202606221444,102.91,102.82,102.91,102.78,238.0
202606221445,102.82,102.77,102.84,102.76,243.0
202606221446,102.76,102.7,102.77,102.67,122.0
202606221447,102.72,102.74,102.74,102.63,99.0
202606221448,102.75,102.76,102.77,102.71,118.0
202606221449,102.77,102.91,102.96,102.75,594.0
202606221450,102.94,102.86,102.96,102.81,193.0
202606221451,102.86,102.88,102.91,102.79,300.0
202606221452,102.88,102.9,102.94,102.85,538.0
202606221453,102.93,102.94,102.98,102.87,283.0
202606221454,102.94,102.88,102.94,102.86,180.0
202606221455,102.88,102.89,102.92,102.86,437.0
202606221456,102.9,102.93,102.99,102.89,184.0
202606221457,102.95,102.97,102.97,102.88,144.0
202606221458,102.99,103.04,103.08,102.98,610.0
202606221459,103.05,103.03,103.06,103.0,76.0
202606221500,103.03,103.14,103.15,103.01,130.0
202606221501,103.15,102.98,103.18,102.98,722.0
202606221502,103.0,102.95,103.0,102.92,184.0
202606221503,102.96,102.94,103.0,102.84,670.0
202606221504,102.95,102.99,103.02,102.95,337.0
202606221505,102.99,102.89,102.99,102.89,331.0
202606221506,102.89,102.83,102.89,102.83,77.0
202606221507,102.83,102.82,102.85,102.79,120.0
202606221508,102.84,102.74,102.84,102.68,108.0
202606221509,102.73,102.73,102.76,102.68,232.0
202606221510,102.73,102.58,102.73,102.57,189.0
202606221511,102.58,102.68,102.68,102.58,96.0
202606221512,102.68,102.69,102.71,102.66,103.0
202606221513,102.69,102.73,102.74,102.68,119.0
202606221514,102.73,102.66,102.81,102.64,389.0
202606221515,102.67,102.63,102.67,102.61,74.0
202606221516,102.64,102.61,102.64,102.59,64.0
202606221517,102.61,102.57,102.63,102.56,65.0
202606221518,102.58,102.77,102.79,102.58,204.0
202606221519,102.77,102.83,102.83,102.76,151.0
202606221520,102.82,102.88,102.9,102.8,126.0
202606221521,102.88,102.81,102.89,102.8,108.0
202606221522,102.83,102.85,102.86,102.82,421.0
202606221523,102.86,102.91,102.91,102.85,82.0
202606221524,102.9,102.85,102.9,102.82,143.0
202606221525,102.85,102.89,102.89,102.83,212.0
202606221526,102.9,102.86,102.9,102.84,99.0
202606221527,102.86,102.85,102.88,102.84,217.0
202606221528,102.85,102.82,102.85,102.73,100.0
202606221529,102.83,102.78,102.84,102.78,58.0
202606221530,102.78,102.69,102.78,102.69,46.0
202606221531,102.69,102.73,102.74,102.67,61.0
202606221532,102.73,102.69,102.73,102.61,287.0
202606221533,102.72,102.77,102.78,102.7,84.0
202606221534,102.76,102.76,102.78,102.75,88.0
202606221535,102.75,102.78,102.79,102.75,63.0
202606221536,102.78,102.9,102.9,102.78,165.0
202606221537,102.89,102.83,102.93,102.82,187.0
202606221538,102.81,102.77,102.86,102.76,510.0
202606221539,102.76,102.81,102.82,102.76,58.0
202606221540,102.81,102.86,102.88,102.73,134.0
202606221541,102.83,102.91,102.92,102.83,116.0
202606221542,102.9,102.94,102.94,102.84,77.0
202606221543,102.94,102.96,103.01,102.94,161.0
202606221544,102.97,103.01,103.01,102.95,190.0
202606221545,103.01,102.99,103.02,102.98,72.0
202606221546,102.99,102.99,103.03,102.98,72.0
202606221547,102.99,102.6,103.01,102.6,5138.0
202606221548,102.6,102.67,102.68,102.57,223.0
202606221549,102.68,102.44,102.69,102.35,2702.0
202606221550,102.46,102.59,102.61,102.45,152.0
202606221551,102.6,102.65,102.67,102.54,809.0
202606221552,102.65,102.71,102.71,102.65,114.0
202606221553,102.71,102.75,102.76,102.66,120.0
202606221554,102.76,102.77,102.82,102.75,46.0
202606221555,102.77,102.8,102.8,102.74,60.0
202606221556,102.8,102.75,102.83,102.74,139.0
202606221557,102.76,102.77,102.77,102.71,63.0
202606221558,102.77,102.8,102.8,102.74,94.0
202606221559,102.78,102.73,102.78,102.71,346.0
202606221600,102.74,102.73,102.75,102.71,110.0
202606221601,102.73,102.79,102.83,102.72,174.0
202606221602,102.79,102.62,102.79,102.62,164.0
202606221603,102.65,102.6,102.67,102.6,58.0
202606221604,102.59,102.63,102.63,102.55,114.0
202606221605,102.61,102.61,102.63,102.56,36.0
202606221606,102.6,102.54,102.62,102.51,354.0
202606221607,102.53,102.46,102.53,102.42,63.0
202606221608,102.49,102.48,102.49,102.46,42.0
202606221609,102.48,102.36,102.48,102.3,90.0
202606221610,102.35,102.35,102.39,102.31,60.0
202606221611,102.34,102.34,102.38,102.33,39.0
202606221612,102.34,102.29,102.35,102.27,51.0
202606221613,102.29,102.3,102.3,102.24,61.0
202606221614,102.31,102.4,102.41,102.3,86.0
202606221615,102.39,102.33,102.39,102.3,23.0
202606221616,102.33,102.29,102.33,102.25,39.0
202606221617,102.31,102.25,102.31,102.25,32.0
202606221618,102.25,102.35,102.38,102.25,319.0
202606221619,102.33,102.29,102.34,102.28,35.0
202606221620,102.29,102.37,102.38,102.28,74.0
202606221621,102.37,102.35,102.37,102.3,153.0
202606221622,102.35,102.33,102.4,102.32,132.0
202606221623,102.33,102.35,102.37,102.32,131.0
202606221624,102.37,102.37,102.38,102.34,162.0
202606221625,102.35,102.29,102.35,102.29,43.0
202606221626,102.29,102.28,102.31,102.26,45.0
202606221627,102.28,102.22,102.29,102.22,53.0
202606221628,102.23,102.14,102.24,102.13,247.0
202606221629,102.14,102.2,102.21,102.08,93.0
202606221630,102.2,102.11,102.21,102.09,142.0
202606221631,102.11,102.08,102.14,102.08,37.0
202606221632,102.1,102.14,102.14,102.06,154.0
202606221633,102.15,102.18,102.18,102.14,58.0
202606221634,102.17,102.18,102.18,102.13,62.0
202606221635,102.18,102.19,102.19,102.15,46.0
202606221636,102.17,102.2,102.2,102.16,54.0
202606221637,102.2,102.2,102.21,102.18,46.0
202606221638,102.21,102.22,102.25,102.2,43.0
202606221639,102.22,102.22,102.24,102.19,188.0
202606221640,102.21,102.09,102.23,102.08,466.0
202606221641,102.1,102.11,102.15,102.1,61.0
202606221642,102.1,102.13,102.13,102.09,186.0
202606221643,102.14,102.1,102.15,102.1,69.0
202606221644,102.12,102.15,102.15,102.08,51.0
202606221645,102.15,102.21,102.21,102.15,88.0
202606221646,102.21,102.27,102.27,102.2,212.0
202606221647,102.25,102.22,102.26,102.21,181.0
202606221648,102.22,102.2,102.26,102.2,234.0
202606221649,102.2,102.18,102.22,102.15,72.0
202606221650,102.18,102.13,102.18,102.11,107.0
202606221651,102.12,102.13,102.14,102.09,45.0
202606221652,102.13,102.05,102.13,102.04,202.0
202606221653,102.04,101.97,102.04,101.96,64.0
202606221654,101.98,101.94,101.98,101.89,155.0
202606221655,101.95,101.89,101.96,101.88,230.0
202606221656,101.89,101.88,101.9,101.87,80.0
202606221657,101.88,101.84,101.88,101.82,44.0
202606221658,101.84,101.8,101.88,101.77,551.0
202606221659,101.81,101.79,101.82,101.78,37.0
202606221700,101.8,101.76,101.8,101.75,56.0
202606221701,101.74,101.72,101.77,101.66,101.0
202606221702,101.68,101.72,101.73,101.68,101.0
202606221703,101.74,101.73,101.75,101.71,43.0
202606221704,101.74,101.73,101.77,101.72,161.0
202606221705,101.73,101.72,101.73,101.67,140.0
202606221706,101.73,101.63,101.73,101.61,52.0
202606221707,101.6,101.65,101.68,101.59,235.0
202606221708,101.66,101.7,101.7,101.65,143.0
202606221709,101.69,101.68,101.72,101.67,236.0
202606221710,101.68,101.67,101.71,101.66,52.0
202606221711,101.67,101.67,101.7,101.66,97.0
202606221712,101.66,101.68,101.68,101.63,163.0
202606221713,101.69,101.69,101.71,101.66,194.0
202606221714,101.68,101.65,101.7,101.6,700.0
202606221715,101.65,101.66,101.69,101.63,53.0
202606221716,101.66,101.65,101.71,101.61,101.0
202606221717,101.65,101.65,101.69,101.64,74.0
202606221718,101.64,101.68,101.73,101.6,395.0
202606221719,101.66,101.64,101.67,101.62,37.0
202606221720,101.64,101.62,101.67,101.61,83.0
202606221721,101.61,101.54,101.62,101.52,51.0
202606221722,101.54,101.59,101.59,101.53,107.0
202606221723,101.6,101.63,101.63,101.53,231.0
202606221724,101.62,101.63,101.63,101.6,129.0
202606221725,101.62,101.7,101.71,101.62,119.0
202606221726,101.7,101.66,101.73,101.64,367.0
202606221727,101.65,101.59,101.65,101.57,71.0
202606221728,101.59,101.61,101.61,101.55,95.0
202606221729,101.62,101.62,101.65,101.58,166.0
202606221730,101.58,101.57,101.6,101.55,143.0
202606221731,101.57,101.6,101.62,101.51,157.0
202606221732,101.6,101.68,101.69,101.6,256.0
202606221733,101.69,101.63,101.71,101.61,66.0
202606221734,101.63,101.63,101.65,101.59,110.0
202606221735,101.61,101.65,101.66,101.6,106.0
202606221736,101.64,101.67,101.67,101.64,95.0
202606221737,101.67,101.69,101.75,101.67,688.0
202606221738,101.71,101.68,101.72,101.64,131.0
202606221739,101.68,101.76,101.76,101.67,282.0
202606221740,101.76,101.81,101.83,101.74,62.0
202606221741,101.81,101.81,101.85,101.8,49.0
202606221742,101.82,101.82,101.83,101.79,72.0
202606221743,101.83,101.83,101.86,101.81,262.0
202606221744,101.81,101.8,101.83,101.78,55.0
202606221745,101.8,101.79,101.81,101.77,60.0
202606221746,101.8,101.8,101.81,101.79,50.0
202606221747,101.81,101.82,101.84,101.8,68.0
202606221748,101.82,101.84,101.85,101.82,99.0
202606221749,101.84,101.84,101.87,101.84,211.0
202606221750,101.84,101.81,101.84,101.79,41.0
202606221751,101.8,101.81,101.82,101.8,23.0
202606221752,101.82,101.85,101.86,101.82,59.0
202606221753,101.84,101.88,101.88,101.84,62.0
202606221754,101.88,101.93,101.93,101.87,104.0
202606221755,101.94,101.95,101.97,101.9,118.0
202606221756,101.95,101.97,101.98,101.93,34.0
202606221757,101.97,101.95,101.97,101.94,101.0
202606221758,101.96,101.97,101.97,101.94,39.0
202606221759,101.98,101.9,101.98,101.9,173.0
202606221800,101.92,101.95,101.97,101.9,98.0
202606221801,101.96,101.89,101.96,101.87,114.0
202606221802,101.9,101.89,101.93,101.87,125.0
202606221803,101.89,101.9,101.9,101.88,77.0
202606221804,101.89,101.91,101.92,101.89,65.0
202606221805,101.91,101.95,101.95,101.9,69.0
202606221806,101.95,101.94,101.96,101.9,362.0
202606221807,101.93,101.99,101.99,101.93,151.0
202606221808,101.98,102.06,102.06,101.98,135.0
202606221809,102.05,102.05,102.06,102.03,41.0
202606221810,102.05,102.06,102.07,102.04,24.0
202606221811,102.07,102.07,102.08,102.05,30.0
202606221812,102.07,102.09,102.14,102.07,71.0
202606221813,102.07,102.1,102.1,102.07,12.0
202606221814,102.1,102.16,102.16,102.08,90.0
202606221815,102.15,102.24,102.24,102.15,66.0
202606221816,102.25,102.24,102.27,102.23,75.0
202606221817,102.23,102.21,102.24,102.2,52.0
202606221818,102.21,102.23,102.23,102.2,42.0
202606221819,102.24,102.26,102.3,102.24,73.0
202606221820,102.26,102.34,102.34,102.26,20.0
202606221821,102.35,102.37,102.38,102.35,33.0
202606221822,102.36,102.36,102.37,102.34,47.0
202606221823,102.35,102.36,102.37,102.33,49.0
202606221824,102.36,102.35,102.37,102.33,47.0
202606221825,102.34,102.35,102.37,102.33,169.0
202606221826,102.35,102.34,102.37,102.33,115.0
202606221827,102.33,102.28,102.34,102.27,58.0
202606221828,102.29,102.29,102.31,102.28,32.0
202606221829,102.29,102.31,102.32,102.27,332.0
202606221830,102.32,102.45,102.45,102.32,219.0
202606221831,102.44,102.43,102.48,102.43,34.0
202606221832,102.45,102.43,102.46,102.39,66.0
202606221833,102.42,102.42,102.44,102.4,46.0
202606221834,102.43,102.4,102.43,102.4,158.0
202606221835,102.41,102.43,102.45,102.4,67.0
202606221836,102.43,102.41,102.44,102.41,46.0
202606221837,102.42,102.37,102.42,102.36,90.0
202606221838,102.38,102.27,102.38,102.23,722.0
202606221839,102.28,102.26,102.3,102.25,51.0
202606221840,102.27,102.29,102.29,102.27,25.0
202606221841,102.29,102.23,102.35,102.23,220.0
202606221842,102.23,102.25,102.27,102.21,182.0
202606221843,102.25,102.28,102.31,102.25,64.0
202606221844,102.26,102.31,102.31,102.24,70.0
202606221845,102.32,102.26,102.32,102.25,77.0
202606221846,102.24,102.22,102.25,102.19,121.0
202606221847,102.22,102.2,102.23,102.18,59.0
202606221848,102.2,102.17,102.22,102.17,43.0
202606221849,102.16,102.2,102.21,102.16,38.0
202606221850,102.21,102.19,102.23,102.18,146.0
202606221851,102.18,102.18,102.19,102.17,22.0
202606221852,102.18,102.15,102.2,102.15,86.0
202606221853,102.15,102.21,102.21,102.15,119.0
202606221854,102.21,102.2,102.22,102.19,26.0
202606221855,102.2,102.25,102.25,102.19,67.0
202606221856,102.25,102.27,102.28,102.24,243.0
202606221857,102.26,102.23,102.26,102.21,26.0
202606221858,102.24,102.2,102.24,102.19,37.0
202606221859,102.2,102.16,102.24,102.15,329.0
202606221900,102.17,102.12,102.22,102.05,743.0
202606221901,102.11,102.03,102.11,102.02,316.0
202606221902,102.04,101.97,102.06,101.95,380.0
202606221903,101.97,101.91,101.99,101.9,135.0
202606221904,101.9,101.97,102.01,101.86,210.0
202606221905,101.97,101.88,101.97,101.87,100.0
202606221906,101.87,101.91,101.92,101.86,133.0
202606221907,101.91,101.91,101.93,101.9,149.0
202606221908,101.91,101.92,101.92,101.88,110.0
202606221909,101.92,101.88,101.93,101.88,33.0
202606221910,101.9,101.92,101.92,101.88,61.0
202606221911,101.92,101.98,101.98,101.92,145.0
202606221912,101.98,101.97,101.99,101.97,40.0
202606221913,101.97,102.01,102.01,101.97,45.0
202606221914,102.01,102.06,102.07,102.0,112.0
202606221915,102.07,102.08,102.09,102.03,304.0
202606221916,102.07,102.13,102.14,102.06,50.0
202606221917,102.13,102.12,102.14,102.1,106.0
202606221918,102.12,102.15,102.18,102.09,101.0
202606221919,102.13,102.18,102.18,102.1,115.0
202606221920,102.15,102.17,102.23,102.15,256.0
202606221921,102.17,102.18,102.19,102.13,154.0
202606221922,102.16,102.14,102.17,102.06,355.0
202606221923,102.14,102.07,102.15,101.96,2540.0
202606221924,102.08,102.01,102.1,101.99,213.0
202606221925,102.0,102.04,102.04,101.96,290.0
202606221926,102.04,102.15,102.16,102.04,145.0
202606221927,102.17,102.2,102.22,102.17,154.0
202606221928,102.2,102.19,102.21,102.12,135.0
202606221929,102.16,102.15,102.19,102.12,128.0
202606221930,102.15,102.2,102.21,102.15,347.0
202606221931,102.19,102.19,102.2,102.17,183.0
202606221932,102.19,102.21,102.22,102.14,255.0
202606221933,102.2,102.22,102.25,102.2,126.0
202606221934,102.22,102.24,102.26,102.21,270.0
202606221935,102.26,102.22,102.26,102.21,64.0
202606221936,102.23,102.19,102.24,102.16,165.0
202606221937,102.18,102.09,102.18,102.08,169.0
202606221938,102.09,102.07,102.12,102.06,179.0
202606221939,102.07,102.09,102.11,102.06,127.0
202606221940,102.09,102.12,102.17,102.09,380.0
202606221941,102.11,102.08,102.11,102.08,118.0
202606221942,102.08,102.13,102.13,102.08,331.0
202606221943,102.13,102.17,102.19,102.1,346.0
202606221944,102.17,102.17,102.18,102.15,215.0
202606221945,102.17,102.14,102.18,102.14,149.0
202606221946,102.15,102.18,102.18,102.1,434.0
202606221947,102.18,102.22,102.23,102.18,315.0
202606221948,102.22,102.25,102.27,102.18,254.0
202606221949,102.24,102.3,102.3,102.24,124.0
202606221950,102.3,102.44,102.44,102.27,518.0
202606221951,102.43,102.38,102.44,102.35,394.0
202606221952,102.37,102.42,102.44,102.25,563.0
202606221953,102.42,102.45,102.47,102.4,614.0
202606221954,102.44,102.42,102.47,102.42,490.0
202606221955,102.43,102.31,102.45,102.27,1002.0
202606221956,102.32,102.39,102.4,102.3,744.0
202606221957,102.4,102.48,102.5,102.37,1283.0
202606221958,102.48,102.43,102.55,102.35,1931.0
202606221959,102.43,102.41,102.45,102.34,2895.0
202606222000,102.4,102.4,102.4,102.4,9.0
202606222001,102.4,102.4,102.4,102.4,0.0
202606222002,102.4,102.4,102.4,102.4,0.0
202606222003,102.45,102.45,102.45,102.45,30098.0
202606222004,102.45,102.45,102.45,102.45,0.0
202606222005,102.45,102.45,102.45,102.45,0.0
202606222006,102.45,102.45,102.45,102.45,0.0
202606222007,102.45,102.45,102.45,102.45,0.0
202606222008,102.45,102.45,102.45,102.45,0.0
202606222009,102.45,102.45,102.45,102.45,13.0
202606222010,102.45,102.45,102.45,102.45,0.0
202606222011,102.45,102.45,102.45,102.45,0.0
202606222012,102.45,102.45,102.45,102.45,0.0
202606222013,102.45,102.45,102.45,102.45,0.0
202606222014,102.45,102.45,102.45,102.45,0.0
202606222015,102.45,102.45,102.45,102.45,0.0
202606222016,102.45,102.45,102.45,102.45,0.0
202606222017,102.45,102.45,102.45,102.45,0.0
202606222018,102.45,102.45,102.45,102.45,0.0
202606222019,102.45,102.45,102.45,102.45,0.0
202606222020,102.45,102.45,102.45,102.45,0.0
202606222021,102.45,102.45,102.45,102.45,0.0
202606222022,102.45,102.45,102.45,102.45,0.0
202606222023,102.45,102.45,102.45,102.45,0.0
202606222024,102.45,102.45,102.45,102.45,0.0
202606222025,102.45,102.45,102.45,102.45,0.0
202606222026,102.45,102.45,102.45,102.45,0.0
202606222027,102.45,102.45,102.45,102.45,0.0
202606222028,101.8,101.8,101.8,101.8,8.0
202606222029,102.34,102.34,102.34,102.34,1.0
202606222030,102.34,102.34,102.34,102.34,0.0
202606222031,102.34,102.34,102.34,102.34,0.0
202606222032,102.34,102.34,102.34,102.34,0.0
202606222033,102.34,102.34,102.34,102.34,0.0
202606222034,102.45,102.45,102.45,102.45,26.0
202606222035,102.45,102.45,102.45,102.45,0.0
202606222036,102.45,102.45,102.45,102.45,0.0
202606222037,102.45,102.45,102.45,102.45,0.0
202606222038,102.45,102.45,102.45,102.45,0.0
202606222039,102.45,102.45,102.45,102.45,0.0
202606222040,102.45,102.45,102.45,102.45,0.0
202606222041,102.45,102.45,102.45,102.45,0.0
202606222042,102.45,102.45,102.45,102.45,0.0
202606222043,102.45,102.45,102.45,102.45,0.0
202606222044,102.45,102.45,102.45,102.45,0.0
202606222045,102.45,102.45,102.45,102.45,0.0
202606222046,102.45,102.45,102.45,102.45,0.0
202606222047,102.28,102.5,102.5,102.28,34.0
202606222048,102.5,102.5,102.5,102.5,0.0
202606222049,102.5,102.5,102.5,102.5,0.0
202606222050,102.5,102.5,102.5,102.5,0.0
202606222051,102.5,102.5,102.5,102.5,4.0
202606222052,102.5,102.5,102.5,102.5,0.0
202606222053,102.51,102.51,102.51,102.51,4.0
202606222054,102.51,102.51,102.51,102.51,0.0
202606222055,102.51,102.51,102.51,102.51,0.0
202606222056,102.5,102.5,102.5,102.5,4.0
202606222057,102.5,102.5,102.5,102.5,0.0
202606222058,102.5,102.5,102.5,102.5,0.0
202606222059,102.5,102.5,102.5,102.5,0.0
202606222100,102.5,102.5,102.5,102.5,0.0
202606222101,102.5,102.5,102.5,102.5,0.0
202606222102,102.5,102.5,102.5,102.5,0.0
202606222103,102.5,102.5,102.5,102.5,0.0
202606222104,102.5,102.5,102.5,102.5,0.0
202606222105,102.5,102.5,102.5,102.5,0.0
202606222106,102.5,102.5,102.5,102.5,0.0
202606222107,102.5,102.5,102.5,102.5,0.0
202606222108,102.5,102.5,102.5,102.5,0.0
202606222109,102.5,102.5,102.5,102.5,0.0
202606222110,102.5,102.5,102.5,102.5,0.0
202606222111,102.5,102.5,102.5,102.5,0.0
202606222112,102.5,102.5,102.5,102.5,0.0
202606222113,102.5,102.5,102.5,102.5,0.0
202606222114,102.51,102.51,102.52,102.51,1.0
202606222115,102.51,102.51,102.51,102.51,0.0
202606222116,102.51,102.51,102.51,102.51,0.0
202606222117,102.5,102.5,102.5,102.5,6.0
202606222118,102.5,102.5,102.5,102.5,0.0
202606222119,102.5,102.5,102.5,102.5,0.0
202606222120,102.5,102.5,102.5,102.5,0.0
202606222121,102.5,102.5,102.5,102.5,0.0
202606222122,102.5,102.5,102.5,102.5,0.0
202606222123,102.5,102.5,102.5,102.5,0.0
202606222124,102.5,102.5,102.5,102.5,0.0
202606222125,102.5,102.5,102.5,102.5,0.0
202606222126,102.5,102.5,102.5,102.5,0.0
202606222127,102.5,102.5,102.5,102.5,0.0
202606222128,102.5,102.5,102.5,102.5,0.0
202606222129,102.5,102.5,102.5,102.5,0.0
202606222130,102.51,102.51,102.52,102.51,1.0
202606222131,102.51,102.51,102.51,102.51,0.0
202606222132,102.51,102.51,102.51,102.51,0.0
202606222133,102.51,102.51,102.51,102.51,0.0
202606222134,102.51,102.51,102.51,102.51,0.0
202606222135,102.51,102.51,102.51,102.51,0.0
202606222136,102.51,102.51,102.51,102.51,0.0
202606222137,102.51,102.51,102.51,102.51,0.0
202606222138,102.51,102.51,102.51,102.51,0.0
202606222139,102.51,102.51,102.51,102.51,0.0
202606222140,102.51,102.51,102.51,102.51,0.0
202606222141,102.51,102.51,102.51,102.51,0.0
202606222142,102.51,102.51,102.51,102.51,0.0
202606222143,102.51,102.51,102.51,102.51,0.0
202606222144,102.5,102.5,102.5,102.5,5.0
202606222145,102.5,102.5,102.5,102.5,0.0
202606222146,102.5,102.5,102.5,102.5,0.0
202606222147,102.5,102.5,102.5,102.5,0.0
202606222148,102.5,102.5,102.5,102.5,0.0
202606222149,102.5,102.5,102.5,102.5,0.0
202606222150,102.5,102.5,102.5,102.5,0.0
202606222151,102.5,102.5,102.5,102.5,2.0
202606222152,102.5,102.5,102.5,102.5,0.0
202606222153,102.5,102.5,102.5,102.5,1.0
202606222154,102.5,102.5,102.5,102.5,0.0
202606222155,102.5,102.5,102.5,102.5,0.0
202606222156,102.5,102.5,102.5,102.5,0.0
202606222157,102.5,102.5,102.5,102.5,0.0
202606222158,102.5,102.5,102.5,102.5,0.0
202606222159,102.5,102.5,102.5,102.5,0.0
202606222200,102.53,102.53,102.53,102.52,1.0
202606222201,102.53,102.53,102.53,102.53,0.0
202606222202,102.53,102.53,102.53,102.53,0.0
202606222203,102.53,102.53,102.53,102.53,0.0
202606222204,102.53,102.53,102.53,102.53,0.0
202606222205,102.53,102.53,102.53,102.53,0.0
202606222206,102.53,102.53,102.53,102.53,0.0
202606222207,102.53,102.53,102.53,102.53,0.0
202606222208,102.53,102.53,102.53,102.53,0.0
202606222209,102.53,102.53,102.53,102.53,0.0
202606222210,102.53,102.53,102.53,102.53,0.0
202606222211,102.5,102.5,102.5,102.5,1.0
202606222212,102.5,102.5,102.5,102.5,0.0
202606222213,102.5,102.5,102.5,102.5,0.0
202606222214,102.5,102.5,102.5,102.5,0.0
202606222215,102.5,102.5,102.5,102.5,0.0
202606222216,102.5,102.5,102.5,102.5,0.0
202606222217,102.5,102.5,102.5,102.5,0.0
202606222218,102.5,102.5,102.5,102.5,0.0
202606222219,102.5,102.5,102.5,102.5,0.0
202606222220,102.5,102.5,102.5,102.5,0.0
202606222221,102.5,102.5,102.5,102.5,0.0
202606222222,102.5,102.5,102.5,102.5,0.0
202606222223,102.5,102.5,102.5,102.5,0.0
202606222224,102.52,102.52,102.53,102.52,2.0
202606222225,102.52,102.52,102.52,102.52,0.0
202606222226,102.52,102.52,102.52,102.52,0.0
202606222227,102.52,102.52,102.52,102.52,0.0
202606222228,102.52,102.52,102.52,102.52,0.0
202606222229,102.5,102.5,102.5,102.5,1.0
202606222230,102.5,102.5,102.5,102.5,0.0
202606222231,102.5,102.5,102.5,102.5,0.0
202606222232,102.5,102.5,102.5,102.5,0.0
202606222233,102.5,102.5,102.5,102.5,0.0
202606222234,102.5,102.5,102.5,102.5,0.0
202606222235,102.5,102.5,102.5,102.5,0.0
202606222236,102.5,102.5,102.5,102.5,10.0
202606222237,102.5,102.5,102.5,102.5,0.0
202606222238,102.5,102.5,102.5,102.5,9.0
202606222239,102.5,102.5,102.5,102.5,0.0
202606222240,102.5,102.5,102.5,102.5,0.0
202606222241,102.5,102.5,102.5,102.5,0.0
202606222242,102.5,102.5,102.5,102.5,0.0
202606222243,102.5,102.5,102.5,102.5,0.0
202606222244,102.5,102.5,102.5,102.5,3.0
202606222245,102.5,102.5,102.5,102.5,0.0
202606222246,102.5,102.5,102.5,102.5,0.0
202606222247,102.5,102.5,102.5,102.5,0.0
202606222248,102.5,102.5,102.5,102.5,0.0
202606222249,102.5,102.5,102.5,102.5,0.0
202606222250,102.5,102.5,102.5,102.5,0.0
202606222251,102.5,102.5,102.5,102.5,0.0
202606222252,102.5,102.5,102.51,102.5,3.0
202606222253,102.5,102.5,102.5,102.5,0.0
202606222254,102.5,102.5,102.5,102.5,0.0
202606222255,102.5,102.5,102.5,102.5,0.0
202606222256,102.5,102.5,102.5,102.5,0.0
202606222257,102.51,102.51,102.51,102.51,1.0
202606222258,102.51,102.51,102.51,102.51,0.0
202606222259,102.5,102.5,102.5,102.5,1.0
202606222300,102.5,102.5,102.5,102.5,0.0
202606222301,102.5,102.5,102.5,102.5,0.0
202606222302,102.5,102.5,102.5,102.5,0.0
202606222303,102.5,102.5,102.5,102.5,0.0
202606222304,102.5,102.5,102.5,102.5,0.0
202606222305,102.5,102.5,102.5,102.5,0.0
202606222306,102.5,102.5,102.5,102.5,0.0
202606222307,102.5,102.5,102.5,102.5,0.0
202606222308,102.5,102.5,102.5,102.5,0.0
202606222309,102.5,102.5,102.5,102.5,0.0
202606222310,102.5,102.5,102.5,102.5,0.0
202606222311,102.5,102.5,102.5,102.5,0.0
202606222312,102.5,102.5,102.5,102.5,0.0
202606222313,102.5,102.5,102.5,102.5,0.0
202606222314,102.5,102.5,102.5,102.5,0.0
202606222315,102.5,102.5,102.5,102.5,0.0
202606222316,102.5,102.5,102.5,102.5,0.0
202606222317,102.5,102.5,102.5,102.5,0.0
202606222318,102.5,102.5,102.5,102.5,0.0
202606222319,102.5,102.5,102.5,102.5,0.0
202606222320,102.5,102.5,102.5,102.5,0.0
202606222321,102.5,102.5,102.5,102.5,0.0
202606222322,102.5,102.5,102.5,102.5,0.0
202606222323,102.5,102.5,102.5,102.5,0.0
202606222324,102.5,102.5,102.5,102.5,0.0
202606222325,102.5,102.5,102.51,102.5,4.0
202606222326,102.5,102.5,102.5,102.5,0.0
202606222327,102.5,102.5,102.5,102.5,0.0
202606222328,102.5,102.5,102.5,102.5,0.0
202606222329,102.5,102.5,102.5,102.5,0.0
202606222330,102.5,102.5,102.5,102.5,0.0
202606222331,102.5,102.5,102.5,102.5,0.0
202606222332,102.5,102.5,102.5,102.5,0.0
202606222333,102.5,102.5,102.5,102.5,0.0
202606222334,102.5,102.5,102.5,102.5,0.0
202606222335,102.5,102.5,102.5,102.5,0.0
202606222336,102.5,102.5,102.5,102.5,0.0
202606222337,102.5,102.5,102.5,102.5,0.0
202606222338,102.5,102.5,102.5,102.5,0.0
202606222339,102.5,102.5,102.5,102.5,0.0
202606222340,102.5,102.5,102.5,102.5,0.0
202606222341,102.52,102.52,102.52,102.52,1.0
202606222342,102.52,102.52,102.52,102.52,0.0
202606222343,102.52,102.52,102.52,102.52,0.0
202606222344,102.52,102.52,102.52,102.52,0.0
202606222345,102.5,102.5,102.5,102.5,1.0
202606222346,102.5,102.5,102.5,102.5,0.0
202606222347,102.5,102.5,102.5,102.5,0.0
202606222348,102.5,102.5,102.5,102.5,0.0
202606222349,102.5,102.5,102.5,102.5,0.0
202606222350,102.63,102.63,102.63,102.62,1.0
202606222351,102.63,102.63,102.63,102.63,0.0
202606222352,102.63,102.63,102.63,102.63,0.0
202606222353,102.63,102.63,102.63,102.63,0.0
202606222354,102.63,102.63,102.63,102.63,0.0
202606222355,102.63,102.63,102.63,102.62,0.0
202606222356,102.63,102.63,102.63,102.62,0.0
202606222357,102.63,102.63,102.63,102.62,0.0
202606222358,102.63,102.63,102.63,102.62,0.0
202606222359,102.63,102.63,102.63,102.62,0.0
202606230800,102.19,102.01,102.45,101.0312,0.0
202606230801,101.73,102.01,102.4047,101.24,0.0
202606230803,101.0547,101.0547,101.0547,101.0547,0.0
202606230804,101.67,101.57,101.67,101.34,0.0
202606230806,102.37,102.04,102.38,101.05,0.0
202606230807,102.33,102.31,102.33,101.94,0.0
202606230808,102.28,102.09,102.28,102.0,0.0
202606230809,102.27,102.03,102.27,102.03,0.0
202606230810,101.9,101.9,102.21,101.5,0.0
202606230811,101.41,101.52,102.01,101.37,0.0
202606230812,101.67,101.44,101.67,101.4,0.0
202606230813,101.85,101.44,101.85,101.44,0.0
202606230814,101.44,101.44,101.44,101.44,0.0
202606230815,101.54,101.89,101.89,101.48,0.0
202606230817,101.88,101.9,101.9,101.88,0.0
202606230818,101.46,101.85,101.85,101.46,0.0
202606230820,101.0312,101.0312,101.0312,101.0312,0.0
202606230824,101.92,101.93,101.93,101.92,0.0
202606230825,101.4702,101.4702,101.4702,101.4702,0.0
202606230827,101.93,101.93,101.93,101.93,0.0
202606230828,101.93,101.93,101.93,101.93,0.0
202606230830,101.78,101.4642,101.78,101.4642,0.0
202606230831,102.0188,101.78,102.0188,101.78,0.0
202606230838,101.76,101.76,101.76,101.76,0.0
202606230839,101.76,101.75,101.76,101.75,0.0
202606230840,101.78,101.78,101.78,101.78,0.0
202606230843,101.8,101.5766,101.8,101.5766,0.0
202606230844,101.87,102.07,102.07,101.87,0.0
202606230845,102.0,102.0,102.0,102.0,0.0
202606230847,102.0,102.0,102.0,102.0,0.0
202606230855,102.0,102.0,102.0,102.0,0.0
202606230858,102.0492,102.0156,102.0492,102.0156,0.0
202606230903,102.01,102.01,102.01,102.01,0.0
202606230904,102.16,102.16,102.16,102.16,0.0
202606230906,102.3,102.3,102.3,102.3,0.0
202606230911,102.0,102.0,102.0,102.0,0.0
202606230912,102.0,102.0,102.0,102.0,0.0
202606230919,102.0156,102.0156,102.0156,102.0156,0.0
202606230921,102.23,102.23,102.23,102.23,0.0
202606230922,102.0598,102.0598,102.0598,102.0598,0.0
202606230924,102.16,102.3,102.3,102.16,0.0
202606230928,101.4202,101.4202,101.4202,101.4202,0.0
202606230929,102.15,102.3,102.3,102.1,0.0
202606230931,102.3,102.3,102.3,102.3,0.0
202606230934,102.3,102.3,102.3,102.3,0.0
202606230935,101.6859,101.6859,101.6859,101.6859,0.0
202606230941,102.26,102.29,102.29,102.26,0.0
202606230946,102.26,102.38,102.4,102.26,0.0
202606230948,102.37,102.37,102.37,102.37,0.0
202606230953,102.0,102.2,102.21,102.0,0.0
202606230957,102.0,102.0,102.0,102.0,0.0
202606230959,102.9588,102.9588,102.9588,102.9588,0.0
202606231009,102.37,102.37,102.37,102.37,0.0
202606231010,102.37,102.37,102.37,102.37,0.0
202606231015,102.921,102.921,102.921,102.921,0.0
202606231016,102.43,102.39,102.43,102.33,0.0
202606231022,102.37,102.37,102.37,102.37,0.0
202606231023,102.38,102.38,102.38,102.38,0.0
202606231029,102.38,102.38,102.38,102.38,0.0
202606231030,102.35,102.37,102.38,102.35,0.0
202606231034,102.33,102.34,102.34,102.33,0.0
202606231036,102.06,102.06,102.06,102.06,0.0
202606231038,102.25,102.25,102.25,102.25,0.0
202606231042,101.4012,101.4012,101.4012,101.4012,0.0
202606231043,102.06,102.06,102.06,102.06,0.0
202606231046,102.0,102.0,102.0,102.0,0.0
202606231047,102.0,102.0,102.0,102.0,0.0
202606231058,102.0,102.0,102.0,102.0,0.0
202606231100,102.2,101.8,102.36,101.8,0.0
202606231101,102.45,102.45,102.45,101.8,0.0
202606231103,102.26,102.35,102.35,102.26,0.0
202606231105,102.3,102.3,102.3,102.3,0.0
202606231106,101.58,101.58,101.58,101.58,0.0
202606231107,102.37,102.37,102.37,102.37,0.0
202606231109,101.58,101.58,101.58,101.58,0.0
202606231110,102.05,102.0,102.05,102.0,0.0
202606231112,102.04,102.32,102.36,102.04,0.0
202606231114,102.12,102.1,102.12,102.1,0.0
202606231115,102.15,102.15,102.15,102.15,0.0
202606231116,102.11,102.09,102.11,102.09,0.0
202606231117,102.09,102.09,102.09,102.09,0.0
202606231120,102.0,102.33,102.33,102.0,0.0
202606231121,102.35,102.36,102.36,102.35,0.0
202606231124,101.58,101.58,101.58,101.58,0.0
202606231126,102.36,102.37,102.37,102.36,0.0
202606231127,102.37,102.37,102.37,102.37,0.0
202606231128,101.6003,102.35,102.35,101.6003,0.0
202606231129,102.35,102.35,102.35,102.35,0.0
202606231130,102.11,102.11,102.11,102.11,0.0
202606231131,102.29,101.58,102.29,101.58,0.0
202606231132,101.5997,102.37,102.37,101.5997,0.0
202606231136,102.37,102.11,102.37,102.11,0.0
202606231137,102.11,102.11,102.12,102.1,0.0
202606231140,102.33,102.33,102.33,102.33,0.0
202606231141,102.0,102.0,102.0,102.0,0.0
202606231142,102.3507,102.3507,102.3507,102.3507,0.0
202606231143,102.0,102.04,102.1,102.0,0.0
202606231145,102.0,102.0,102.0,102.0,0.0
202606231146,102.04,102.04,102.04,102.04,0.0
202606231147,102.1,102.1,102.1,102.1,0.0
202606231148,102.02,102.37,102.37,102.02,0.0
202606231150,101.7,101.7,101.7,101.7,0.0
202606231151,102.0,102.0,102.0,102.0,0.0
202606231152,101.7858,101.7858,101.7858,101.7858,0.0
202606231153,102.1,102.1,102.1,102.1,0.0
202606231154,102.25,102.0,102.28,102.0,0.0
202606231155,102.0,102.28,102.28,102.0,0.0
202606231156,102.2,102.3532,102.36,102.2,0.0
202606231157,102.37,102.26,102.37,102.26,0.0
202606231158,102.3497,101.7,102.3497,101.7,0.0
202606231159,101.7,101.7,101.7,101.7,0.0
202606231208,102.0,102.0,102.0,102.0,0.0
202606231209,102.26,102.3,102.3,102.26,0.0
202606231211,102.26,102.28,102.28,102.26,0.0
202606231212,102.3,102.3532,102.3532,102.3,0.0
202606231214,102.3532,102.3532,102.3532,102.3532,0.0
202606231215,102.26,102.0,102.3,102.0,0.0
202606231216,102.33,102.18,102.33,102.18,0.0
202606231217,101.7167,101.7167,101.7167,101.7167,0.0
202606231218,101.7,101.7,101.7,101.7,0.0
202606231219,102.31,102.33,102.33,102.31,0.0
202606231221,102.0,102.0,102.0,102.0,0.0
202606231222,101.7,101.7,101.7,101.7,0.0
202606231223,102.31,102.31,102.31,102.31,0.0
202606231224,102.0,101.58,102.04,101.58,0.0
202606231225,102.03,102.03,102.03,102.02,0.0
202606231226,101.58,101.58,101.58,101.58,0.0
202606231227,101.58,102.0,102.0,101.58,0.0
202606231228,102.04,102.04,102.04,102.04,0.0
202606231229,102.04,102.04,102.04,102.04,0.0
202606231230,101.6003,102.0,102.2,101.6003,0.0
202606231231,102.0193,102.0193,102.0193,102.0193,0.0
202606231233,102.37,102.0,102.37,102.0,0.0
202606231234,102.35,102.03,102.35,102.03,0.0
202606231235,102.03,102.028,102.03,102.01,0.0
202606231236,102.37,102.37,102.37,102.37,0.0
202606231237,102.01,102.01,102.01,102.01,0.0
202606231238,102.17,102.17,102.17,102.17,0.0
202606231239,102.18,102.2,102.2,102.1,0.0
202606231240,102.03,102.03,102.03,102.03,0.0
202606231241,102.17,102.05,102.19,102.05,0.0
202606231242,102.03,102.03,102.03,102.03,0.0
202606231244,102.16,102.27,102.27,102.16,0.0
202606231245,102.24,102.0477,102.3635,102.0477,0.0
202606231246,102.37,102.37,102.37,102.37,0.0
202606231247,102.28,102.28,102.28,102.28,0.0
202606231249,102.1335,102.1335,102.1335,102.1335,0.0
202606231250,102.25,102.27,102.27,102.24,0.0
202606231252,102.13,102.13,102.13,102.13,0.0
202606231253,102.12,102.28,102.28,102.12,0.0
202606231254,102.24,102.362,102.362,102.24,0.0
202606231255,102.11,102.0,102.11,101.98,0.0
202606231256,101.99,101.8,101.99,101.8,0.0
202606231257,102.0,101.85,102.02,101.85,0.0
202606231258,102.01,102.0026,102.01,102.0,0.0
202606231259,102.0,102.0487,102.0487,102.0,0.0
202606231300,102.05,102.3612,102.3612,102.05,0.0
202606231301,102.24,102.25,102.25,102.24,0.0
202606231302,102.02,102.02,102.02,102.02,0.0
202606231304,102.0385,102.28,102.28,102.0385,0.0
202606231305,102.24,102.17,102.24,102.17,0.0
202606231306,102.02,102.02,102.02,102.02,0.0
202606231307,102.0555,102.0555,102.0555,102.0555,0.0
202606231308,102.15,101.58,102.15,101.58,0.0
202606231309,101.58,101.58,102.1,101.58,0.0
202606231310,102.02,102.0,102.02,101.79,0.0
202606231311,102.0,102.15,102.15,101.72,0.0
202606231312,101.8,101.58,101.8,101.58,0.0
202606231314,102.37,102.25,102.37,101.58,0.0
202606231330,102.0199966430664,101.8499984741211,102.0199966430664,101.8499984741211,21653.0
202606231331,101.80000305175781,102.36000061035156,102.41000366210938,101.80000305175781,196073.0
202606231332,102.38999938964844,102.3550033569336,102.62000274658203,102.23999786376953,49405.0
202606231333,102.48999786376953,102.21499633789062,102.48999786376953,102.18000030517578,24120.0
202606231334,102.1500015258789,102.23999786376953,102.23999786376953,102.0999984741211,14234.0
202606231335,102.23999786376953,102.31400299072266,102.4000015258789,102.16999816894531,19397.0
202606231336,102.33000183105469,102.61000061035156,102.63719177246094,102.32499694824219,29814.0
202606231337,102.6050033569336,102.36499786376953,102.6500015258789,102.30500030517578,19787.0
202606231338,102.31999969482422,102.6500015258789,102.69000244140625,102.31999969482422,32226.0
202606231339,102.62999725341797,102.69000244140625,102.70999908447266,102.55999755859375,20750.0
202606231340,102.65038299560547,102.91999816894531,102.92500305175781,102.5999984741211,30901.0
202606231341,102.91500091552734,103.23999786376953,103.2699966430664,102.88999938964844,59458.0
202606231342,103.25,103.69000244140625,103.69000244140625,103.2300033569336,57121.0
202606231343,103.68041229248047,103.83999633789062,103.83999633789062,103.59020233154297,98197.0
202606231344,103.83999633789062,103.68000030517578,103.87000274658203,103.6500015258789,60640.0
202606231345,103.62999725341797,103.58999633789062,103.67500305175781,103.44000244140625,19230.0
202606231346,103.63999938964844,103.66000366210938,103.75499725341797,103.63999938964844,34250.0
202606231347,103.6500015258789,103.68499755859375,103.76000213623047,103.63999938964844,16465.0
202606231348,103.63500213623047,103.91000366210938,103.92500305175781,103.61000061035156,120976.0
202606231349,103.91000366210938,103.81999969482422,103.94000244140625,103.79499816894531,40559.0
202606231350,103.81500244140625,103.83000183105469,103.9000015258789,103.77999877929688,19034.0
202606231351,103.83499908447266,103.81999969482422,103.88999938964844,103.81900024414062,16307.0
202606231352,103.79900360107422,103.9800033569336,104.04000091552734,103.79900360107422,39003.0
202606231353,103.9800033569336,103.91000366210938,104.04000091552734,103.83999633789062,52148.0
202606231354,103.91000366210938,103.6164321899414,103.92500305175781,103.55999755859375,31607.0
202606231355,103.58999633789062,103.5083999633789,103.63999938964844,103.5,36650.0
202606231356,103.45999908447266,103.4000015258789,103.45999908447266,103.37000274658203,17496.0
202606231357,103.3949966430664,103.3949966430664,103.44000244140625,103.29499816894531,16134.0
202606231358,103.3949966430664,103.12000274658203,103.41000366210938,103.12000274658203,26562.0
202606231359,103.11000061035156,103.08000183105469,103.12000274658203,102.9749984741211,19134.0
202606231400,103.1050033569336,103.12000274658203,103.15499877929688,103.0250015258789,39621.0
202606231401,103.12999725341797,103.2750015258789,103.37999725341797,103.1050033569336,29167.0
202606231402,103.27999877929688,103.2300033569336,103.3301010131836,103.2300033569336,29329.0
202606231403,103.23500061035156,103.23249816894531,103.41999816894531,103.20999908447266,48449.0
202606231404,103.2300033569336,103.20500183105469,103.23999786376953,103.10279846191406,31509.0
202606231405,103.19999694824219,103.44000244140625,103.44999694824219,103.19999694824219,31830.0
202606231406,103.42500305175781,103.43499755859375,103.51000213623047,103.4000015258789,29311.0
202606231407,103.43000030517578,103.44999694824219,103.45999908447266,103.37999725341797,19494.0
202606231408,103.44999694824219,103.37000274658203,103.44999694824219,103.36499786376953,11779.0
202606231409,103.37000274658203,103.52999877929688,103.52999877929688,103.29000091552734,25649.0
202606231410,103.51499938964844,103.44999694824219,103.55000305175781,103.43000030517578,19195.0
202606231411,103.42500305175781,103.48500061035156,103.55000305175781,103.41999816894531,28959.0
202606231412,103.51000213623047,103.69000244140625,103.69000244140625,103.51000213623047,19329.0
202606231413,103.69499969482422,103.79010009765625,103.83999633789062,103.6500015258789,27435.0
202606231414,103.87999725341797,103.82499694824219,103.91999816894531,103.76499938964844,24021.0
202606231415,103.83499908447266,103.84500122070312,103.86900329589844,103.70999908447266,17319.0
202606231416,103.86000061035156,103.93499755859375,103.96499633789062,103.83000183105469,22905.0
202606231417,103.95999908447266,103.91680145263672,104.02999877929688,103.91680145263672,37918.0
202606231418,103.94000244140625,103.84500122070312,103.94000244140625,103.84500122070312,12451.0
202606231419,103.8499984741211,103.76499938964844,103.8949966430664,103.76499938964844,11108.0
202606231420,103.7699966430664,103.6050033569336,103.80999755859375,103.6050033569336,15151.0
202606231421,103.5999984741211,103.54000091552734,103.62999725341797,103.52010345458984,36544.0
202606231422,103.55999755859375,103.68000030517578,103.69999694824219,103.55999755859375,13961.0
202606231423,103.70999908447266,103.74500274658203,103.7699966430664,103.70999908447266,8283.0
202606231424,103.74500274658203,103.80999755859375,103.80999755859375,103.71499633789062,9727.0
202606231425,103.80000305175781,103.79000091552734,103.8499984741211,103.76499938964844,13721.0
202606231426,103.79000091552734,103.79000091552734,103.79499816894531,103.70500183105469,16142.0
202606231427,103.77999877929688,103.6675033569336,103.82499694824219,103.6675033569336,10788.0
202606231428,103.66999816894531,103.75499725341797,103.76000213623047,103.66999816894531,24355.0
202606231429,103.75,103.74500274658203,103.76499938964844,103.66000366210938,9295.0
202606231430,103.7300033569336,103.62010192871094,103.7300033569336,103.61000061035156,17390.0
202606231431,103.62000274658203,103.70999908447266,103.70999908447266,103.56999969482422,7938.0
202606231432,103.69999694824219,103.73999786376953,103.73999786376953,103.69000244140625,9716.0
202606231433,103.70999908447266,103.67500305175781,103.73899841308594,103.67500305175781,13550.0
202606231434,103.66500091552734,103.55999755859375,103.66500091552734,103.5000991821289,7340.0
202606231435,103.56999969482422,103.56999969482422,103.58000183105469,103.52999877929688,11323.0
202606231436,103.55999755859375,103.55010223388672,103.56500244140625,103.5,13387.0
202606231437,103.56500244140625,103.66000366210938,103.66000366210938,103.5625,10261.0
202606231438,103.66999816894531,103.6449966430664,103.68000030517578,103.62999725341797,8241.0
202606231439,103.66999816894531,103.70999908447266,103.70999908447266,103.63500213623047,9269.0
202606231440,103.69499969482422,103.5999984741211,103.69999694824219,103.58000183105469,10084.0
202606231441,103.5999984741211,103.58000183105469,103.63999938964844,103.5,16716.0
202606231442,103.61000061035156,103.55999755859375,103.61000061035156,103.5199966430664,17525.0
202606231443,103.56500244140625,103.7699966430664,103.7699966430664,103.54000091552734,18120.0
202606231444,103.73999786376953,103.73999786376953,103.7699966430664,103.69999694824219,21883.0
202606231445,103.7699966430664,103.6500015258789,103.79000091552734,103.6500015258789,24575.0
202606231446,103.66999816894531,103.80000305175781,103.83000183105469,103.66999816894531,9598.0
202606231447,103.79000091552734,103.7750015258789,103.80999755859375,103.7699966430664,4853.0
202606231448,103.77999877929688,103.8949966430664,103.9000015258789,103.7699966430664,30659.0
202606231449,103.875,103.84500122070312,103.93000030517578,103.83499908447266,8595.0
202606231450,103.84500122070312,103.76000213623047,103.84500122070312,103.7300033569336,6967.0
202606231451,103.75,103.7750015258789,103.81500244140625,103.73999786376953,9552.0
202606231452,103.80000305175781,103.87999725341797,103.91500091552734,103.75,35575.0
202606231453,103.87999725341797,103.9000015258789,103.91000366210938,103.80000305175781,13098.0
202606231454,103.9000015258789,103.8949966430664,103.91000366210938,103.86499786376953,8679.0
202606231455,103.9000015258789,103.74500274658203,103.9000015258789,103.74500274658203,9396.0
202606231456,103.75,103.65499877929688,103.75499725341797,103.62010192871094,46013.0
202606231457,103.69000244140625,103.66000366210938,103.70500183105469,103.63999938964844,20204.0
202606231458,103.66500091552734,103.62999725341797,103.66500091552734,103.5999984741211,8863.0
202606231459,103.63999938964844,103.58999633789062,103.63999938964844,103.58000183105469,12829.0
202606231500,103.62000274658203,103.54000091552734,103.62000274658203,103.5,20189.0
202606231501,103.53099822998047,103.49749755859375,103.55999755859375,103.47000122070312,11310.0
202606231502,103.50499725341797,103.47000122070312,103.50499725341797,103.41999816894531,11198.0
202606231503,103.44999694824219,103.37000274658203,103.44999694824219,103.36499786376953,14491.0
202606231504,103.3550033569336,103.29000091552734,103.3550033569336,103.2615966796875,9267.0
202606231505,103.26000213623047,103.2699966430664,103.2699966430664,103.19000244140625,11003.0
202606231506,103.2699966430664,103.1449966430664,103.2699966430664,103.13500213623047,18143.0
202606231507,103.1500015258789,103.13999938964844,103.1500015258789,103.08000183105469,8257.0
202606231508,103.16000366210938,103.08000183105469,103.16999816894531,103.06999969482422,10526.0
202606231509,103.06999969482422,103.06999969482422,103.0999984741211,103.03500366210938,6308.0
202606231510,103.11000061035156,102.94999694824219,103.11000061035156,102.91999816894531,22368.0
202606231511,102.94999694824219,103.04000091552734,103.12000274658203,102.94000244140625,88388.0
202606231512,103.04000091552734,103.125,103.16000366210938,102.97000122070312,62464.0
202606231513,103.13999938964844,103.16000366210938,103.19999694824219,103.13999938964844,13429.0
202606231514,103.18000030517578,103.2300033569336,103.25499725341797,103.16000366210938,17373.0
202606231515,103.20999908447266,103.20500183105469,103.22000122070312,103.1449966430664,67370.0
202606231516,103.20500183105469,103.08499908447266,103.20500183105469,103.08000183105469,17301.0
202606231517,103.0999984741211,103.05500030517578,103.12999725341797,103.02999877929688,15432.0
202606231518,103.05500030517578,103.13999938964844,103.16000366210938,103.05500030517578,31562.0
202606231519,103.11000061035156,103.05000305175781,103.12000274658203,103.02159881591797,9641.0
202606231520,103.05999755859375,102.91999816894531,103.05999755859375,102.87999725341797,32213.0
202606231521,102.90499877929688,102.8550033569336,102.90499877929688,102.82009887695312,21562.0
202606231522,102.84500122070312,102.94499969482422,102.97000122070312,102.81999969482422,18871.0
202606231523,102.94999694824219,102.92500305175781,102.97000122070312,102.91999816894531,11615.0
202606231524,102.91999816894531,102.81999969482422,102.94000244140625,102.81310272216797,29206.0
202606231525,102.83000183105469,102.80000305175781,102.87000274658203,102.80000305175781,14336.0
202606231526,102.83000183105469,102.81500244140625,102.83999633789062,102.76010131835938,11044.0
202606231527,102.83000183105469,102.81999969482422,102.87000274658203,102.81999969482422,9232.0
202606231528,102.81999969482422,102.80000305175781,102.82499694824219,102.7699966430664,18080.0
202606231529,102.81999969482422,102.80999755859375,102.83000183105469,102.75,22661.0
202606231530,102.80999755859375,102.79499816894531,102.81999969482422,102.75,10225.0
202606231531,102.79499816894531,102.78500366210938,102.83999633789062,102.77999877929688,7003.0
202606231532,102.79000091552734,102.75,102.80000305175781,102.75,7251.0
202606231533,102.76000213623047,102.86499786376953,102.91999816894531,102.76000213623047,24790.0
202606231534,102.87000274658203,102.91000366210938,102.91999816894531,102.80000305175781,89670.0
202606231535,102.91000366210938,102.91000366210938,102.93000030517578,102.86000061035156,32182.0
202606231536,102.9000015258789,102.9000015258789,102.91999816894531,102.87999725341797,26240.0
202606231537,102.90979766845703,102.9000015258789,102.91000366210938,102.86000061035156,30119.0
202606231538,102.9000015258789,102.97000122070312,102.97000122070312,102.9000015258789,10402.0
202606231539,102.9800033569336,102.97000122070312,102.98999786376953,102.94999694824219,3294.0
202606231540,102.9800033569336,102.98999786376953,103.00990295410156,102.95999908447266,12264.0
202606231541,102.99009704589844,102.9749984741211,103.01000213623047,102.95999908447266,32514.0
202606231542,102.9749984741211,103.05999755859375,103.05999755859375,102.95999908447266,25717.0
202606231543,103.06999969482422,103.08000183105469,103.0999984741211,103.04000091552734,16016.0
202606231544,103.08499908447266,103.12000274658203,103.12000274658203,103.06500244140625,6753.0
202606231545,103.12999725341797,103.1500015258789,103.1500015258789,103.1050033569336,8827.0
202606231546,103.1500015258789,103.22979736328125,103.22979736328125,103.1500015258789,14202.0
202606231547,103.22989654541016,103.31500244140625,103.31500244140625,103.17009735107422,29061.0
202606231548,103.33000183105469,103.38500213623047,103.4000015258789,103.31999969482422,42466.0
202606231549,103.37010192871094,103.29000091552734,103.38500213623047,103.2699966430664,16485.0
202606231550,103.27999877929688,103.31999969482422,103.375,103.27999877929688,39316.0
202606231551,103.3499984741211,103.34500122070312,103.3550033569336,103.31999969482422,4857.0
202606231552,103.3499984741211,103.33999633789062,103.37000274658203,103.30999755859375,11348.0
202606231553,103.31999969482422,103.30000305175781,103.33499908447266,103.29000091552734,4153.0
202606231554,103.31999969482422,103.33000183105469,103.37999725341797,103.30999755859375,16449.0
202606231555,103.31999969482422,103.3499984741211,103.37000274658203,103.2699966430664,9779.0
202606231556,103.37000274658203,103.36000061035156,103.37000274658203,103.30999755859375,5743.0
202606231557,103.37000274658203,103.43000030517578,103.43000030517578,103.31500244140625,19470.0
202606231558,103.41999816894531,103.37999725341797,103.45999908447266,103.36000061035156,23129.0
202606231559,103.37999725341797,103.37999725341797,103.38999938964844,103.31999969482422,12065.0
202606231600,103.37000274658203,103.41999816894531,103.41999816894531,103.37000274658203,5043.0
202606231601,103.40010070800781,103.41999816894531,103.44999694824219,103.4000015258789,9571.0
202606231602,103.43000030517578,103.41500091552734,103.44999694824219,103.41500091552734,10611.0
202606231603,103.41000366210938,103.36000061035156,103.41500091552734,103.36000061035156,5693.0
202606231604,103.37000274658203,103.41000366210938,103.43000030517578,103.36000061035156,83166.0
202606231605,103.41999816894531,103.5199966430664,103.5199966430664,103.41999816894531,21547.0
202606231606,103.5199966430664,103.5,103.57499694824219,103.5,44640.0
202606231607,103.50499725341797,103.50509643554688,103.51499938964844,103.45999908447266,35360.0
202606231608,103.50499725341797,103.46900177001953,103.50499725341797,103.44499969482422,20699.0
202606231609,103.4749984741211,103.48999786376953,103.48999786376953,103.47000122070312,4739.0
202606231610,103.48999786376953,103.45999908447266,103.5,103.45999908447266,7537.0
202606231611,103.44999694824219,103.41000366210938,103.44999694824219,103.41000366210938,6695.0
202606231612,103.41000366210938,103.33999633789062,103.41000366210938,103.33999633789062,7250.0
202606231613,103.33999633789062,103.37999725341797,103.37999725341797,103.33999633789062,7065.0
202606231614,103.37920379638672,103.41500091552734,103.41500091552734,103.37920379638672,6261.0
202606231615,103.41999816894531,103.4800033569336,103.4800033569336,103.37999725341797,16298.0
202606231616,103.47000122070312,103.38500213623047,103.47000122070312,103.375,5309.0
202606231617,103.36750030517578,103.37000274658203,103.41999816894531,103.36750030517578,7387.0
202606231618,103.3499984741211,103.33499908447266,103.3499984741211,103.30509948730469,4468.0
202606231619,103.3499984741211,103.36000061035156,103.36000061035156,103.2699966430664,8530.0
202606231620,103.3499984741211,103.37999725341797,103.38999938964844,103.34500122070312,8365.0
202606231621,103.37999725341797,103.38999938964844,103.4000015258789,103.36000061035156,7308.0
202606231622,103.3949966430664,103.38999938964844,103.3949966430664,103.37000274658203,4110.0
202606231623,103.4000015258789,103.37000274658203,103.40552520751953,103.37000274658203,4447.0
202606231624,103.37989807128906,103.3499984741211,103.37989807128906,103.3499984741211,3826.0
202606231625,103.3550033569336,103.41000366210938,103.41999816894531,103.3550033569336,8780.0
202606231626,103.43000030517578,103.44000244140625,103.44999694824219,103.43000030517578,6192.0
202606231627,103.44000244140625,103.44999694824219,103.44999694824219,103.41010284423828,8040.0
202606231628,103.44999694824219,103.41000366210938,103.55500030517578,103.41000366210938,20407.0
202606231629,103.39009857177734,103.42500305175781,103.42500305175781,103.38999938964844,4954.0
202606231630,103.42500305175781,103.38999938964844,103.43000030517578,103.38999938964844,7473.0
202606231631,103.41000366210938,103.5,103.52999877929688,103.41000366210938,12895.0
202606231632,103.5,103.4800033569336,103.50499725341797,103.47000122070312,4333.0
202606231633,103.45999908447266,103.45500183105469,103.47000122070312,103.45500183105469,4037.0
202606231634,103.44999694824219,103.44999694824219,103.45500183105469,103.41000366210938,12661.0
202606231635,103.44999694824219,103.44499969482422,103.47989654541016,103.44000244140625,18289.0
202606231636,103.44999694824219,103.44499969482422,103.45999908447266,103.43009948730469,9229.0
202606231637,103.45999908447266,103.48999786376953,103.48999786376953,103.45999908447266,6025.0
202606231638,103.4656982421875,103.5,103.51000213623047,103.4656982421875,9689.0
202606231639,103.5,103.5250015258789,103.55000305175781,103.5,12546.0
202606231640,103.5250015258789,103.51000213623047,103.55000305175781,103.51000213623047,18385.0
202606231641,103.51000213623047,103.5,103.51000213623047,103.48999786376953,2199.0
202606231642,103.51000213623047,103.46499633789062,103.51000213623047,103.46499633789062,3150.0
202606231643,103.46499633789062,103.4800033569336,103.4800033569336,103.44000244140625,4559.0
202606231644,103.47000122070312,103.47000122070312,103.5,103.47000122070312,8998.0
202606231645,103.48999786376953,103.5,103.50499725341797,103.47000122070312,9272.0
202606231646,103.51000213623047,103.47000122070312,103.51000213623047,103.47000122070312,3596.0
202606231647,103.47000122070312,103.49500274658203,103.5199966430664,103.45950317382812,10598.0
202606231648,103.5,103.51000213623047,103.5199966430664,103.49030303955078,4659.0
202606231649,103.51000213623047,103.51000213623047,103.51000213623047,103.49009704589844,9089.0
202606231650,103.5199966430664,103.44999694824219,103.55000305175781,103.44999694824219,30013.0
202606231651,103.44499969482422,103.40499877929688,103.44499969482422,103.40499877929688,9119.0
202606231652,103.4000015258789,103.43000030517578,103.43000030517578,103.39440155029297,3617.0
202606231653,103.41999816894531,103.47000122070312,103.47000122070312,103.41999816894531,6501.0
202606231654,103.48989868164062,103.45999908447266,103.48989868164062,103.44999694824219,17438.0
202606231655,103.44999694824219,103.45999908447266,103.4800033569336,103.44000244140625,5409.0
202606231656,103.45999908447266,103.48999786376953,103.5,103.44999694824219,8607.0
202606231657,103.48999786376953,103.5,103.54000091552734,103.4800033569336,10890.0
202606231658,103.5,103.49500274658203,103.51000213623047,103.46499633789062,10141.0
202606231659,103.47000122070312,103.47000122070312,103.5,103.44000244140625,6552.0
202606231700,103.47000122070312,103.48999786376953,103.48999786376953,103.44999694824219,4174.0
202606231701,103.48999786376953,103.48999786376953,103.51000213623047,103.48999786376953,8159.0
202606231702,103.49500274658203,103.47000122070312,103.49500274658203,103.46499633789062,7313.0
202606231703,103.47010040283203,103.48999786376953,103.48999786376953,103.46749877929688,3467.0
202606231704,103.49500274658203,103.46499633789062,103.50990295410156,103.46499633789062,6281.0
202606231705,103.46499633789062,103.4749984741211,103.4800033569336,103.46499633789062,2522.0
202606231706,103.4800033569336,103.48500061035156,103.48999786376953,103.4800033569336,6632.0
202606231707,103.48500061035156,103.38999938964844,103.48500061035156,103.38999938964844,9217.0
202606231708,103.4000015258789,103.41999816894531,103.41999816894531,103.37999725341797,9324.0
202606231709,103.40499877929688,103.38999938964844,103.44499969482422,103.38999938964844,26986.0
202606231710,103.38999938964844,103.36499786376953,103.38999938964844,103.36000061035156,3500.0
202606231711,103.36499786376953,103.38749694824219,103.38749694824219,103.36000061035156,5058.0
202606231712,103.37999725341797,103.30500030517578,103.37999725341797,103.30500030517578,7249.0
202606231713,103.31999969482422,103.31500244140625,103.33499908447266,103.30000305175781,5145.0
202606231714,103.30999755859375,103.33000183105469,103.33999633789062,103.29730224609375,8164.0
202606231715,103.31999969482422,103.33000183105469,103.33000183105469,103.30999755859375,7754.0
202606231716,103.33499908447266,103.33000183105469,103.33999633789062,103.31999969482422,7377.0
202606231717,103.32499694824219,103.30999755859375,103.33999633789062,103.30000305175781,7074.0
202606231718,103.30999755859375,103.33499908447266,103.33999633789062,103.29000091552734,10029.0
202606231719,103.33499908447266,103.33999633789062,103.3499984741211,103.31999969482422,11096.0
202606231720,103.33999633789062,103.3499984741211,103.37999725341797,103.33000183105469,13521.0
202606231721,103.36000061035156,103.3499984741211,103.37999725341797,103.33000183105469,11145.0
202606231722,103.36000061035156,103.34500122070312,103.375,103.33000183105469,7887.0
202606231723,103.3499984741211,103.38999938964844,103.3949966430664,103.34500122070312,6899.0
202606231724,103.38999938964844,103.37999725341797,103.4000015258789,103.375,7037.0
202606231725,103.37999725341797,103.33499908447266,103.37999725341797,103.33499908447266,6208.0
202606231726,103.33499908447266,103.33499908447266,103.34320068359375,103.31999969482422,3713.0
202606231727,103.33000183105469,103.27999877929688,103.33000183105469,103.2750015258789,13067.0
202606231728,103.27999877929688,103.29499816894531,103.29499816894531,103.21499633789062,20672.0
202606231729,103.2750015258789,103.21499633789062,103.27999877929688,103.21499633789062,11148.0
202606231730,103.2300033569336,103.23999786376953,103.23999786376953,103.20500183105469,12320.0
202606231731,103.2249984741211,103.19000244140625,103.2249984741211,103.19000244140625,2877.0
202606231732,103.16000366210938,103.1500015258789,103.18000030517578,103.1500015258789,5482.0
202606231733,103.12999725341797,103.11000061035156,103.1500015258789,103.0999984741211,6104.0
202606231734,103.12000274658203,103.1500015258789,103.1500015258789,103.11499786376953,8520.0
202606231735,103.1500015258789,103.13999938964844,103.16999816894531,103.12999725341797,10045.0
202606231736,103.13999938964844,103.14009857177734,103.16000366210938,103.13009643554688,8990.0
202606231737,103.13999938964844,103.14510345458984,103.19000244140625,103.13500213623047,10707.0
202606231738,103.13999938964844,103.16000366210938,103.16999816894531,103.13999938964844,8431.0
202606231739,103.1500015258789,103.19000244140625,103.21499633789062,103.13999938964844,9277.0
202606231740,103.19000244140625,103.25499725341797,103.27999877929688,103.16999816894531,42881.0
202606231741,103.24500274658203,103.21990203857422,103.24500274658203,103.18499755859375,9804.0
202606231742,103.19999694824219,103.13999938964844,103.2249984741211,103.13999938964844,10543.0
202606231743,103.16000366210938,103.1500015258789,103.16000366210938,103.1500015258789,4005.0
202606231744,103.1500015258789,103.18000030517578,103.18499755859375,103.1500015258789,5126.0
202606231745,103.18000030517578,103.26499938964844,103.2699966430664,103.1500015258789,145562.0
202606231746,103.27999877929688,103.38800048828125,103.44000244140625,103.19999694824219,66374.0
202606231747,103.37999725341797,103.26499938964844,103.37999725341797,103.26499938964844,39504.0
202606231748,103.30500030517578,103.23999786376953,103.32499694824219,103.2300033569336,28503.0
202606231749,103.26000213623047,103.2249984741211,103.27999877929688,103.21499633789062,8218.0
202606231750,103.21499633789062,103.2300033569336,103.23999786376953,103.19000244140625,10825.0
202606231751,103.2300033569336,103.27999877929688,103.29000091552734,103.22000122070312,41923.0
202606231752,103.29000091552734,103.2699966430664,103.30000305175781,103.2699966430664,7492.0
202606231753,103.2699966430664,103.31500244140625,103.33000183105469,103.2699966430664,13941.0
202606231754,103.31500244140625,103.25422668457031,103.33999633789062,103.25422668457031,10312.0
202606231755,103.26000213623047,103.23999786376953,103.26000213623047,103.18499755859375,9562.0
202606231756,103.21499633789062,103.22000122070312,103.25,103.20120239257812,4851.0
202606231757,103.19039916992188,103.16999816894531,103.20500183105469,103.16999816894531,4951.0
202606231758,103.17500305175781,103.23999786376953,103.23999786376953,103.17500305175781,11915.0
202606231759,103.2300033569336,103.27999877929688,103.27999877929688,103.2300033569336,4112.0
202606231800,103.2572021484375,103.33999633789062,103.33999633789062,103.2572021484375,13985.0
202606231801,103.33499908447266,103.27999877929688,103.33499908447266,103.27999877929688,6167.0
202606231802,103.30000305175781,103.30000305175781,103.30000305175781,103.26000213623047,8087.0
202606231803,103.30999755859375,103.30999755859375,103.31999969482422,103.2699966430664,9281.0
202606231804,103.30500030517578,103.33499908447266,103.33999633789062,103.30500030517578,16338.0
202606231805,103.33499908447266,103.36000061035156,103.38999938964844,103.33499908447266,12302.0
202606231806,103.38999938964844,103.37000274658203,103.43000030517578,103.37000274658203,63158.0
202606231807,103.36509704589844,103.32499694824219,103.37000274658203,103.32499694824219,5088.0
202606231808,103.32499694824219,103.30999755859375,103.32499694824219,103.29000091552734,5810.0
202606231809,103.30999755859375,103.33499908447266,103.33999633789062,103.30000305175781,5439.0
202606231810,103.3499984741211,103.36499786376953,103.38999938964844,103.34049987792969,14673.0
202606231811,103.36499786376953,103.3749008178711,103.37999725341797,103.3499984741211,5926.0
202606231812,103.36000061035156,103.36000061035156,103.37999725341797,103.33999633789062,6645.0
202606231813,103.36000061035156,103.30000305175781,103.36000061035156,103.26499938964844,10101.0
202606231814,103.30000305175781,103.29000091552734,103.31500244140625,103.28009796142578,4708.0
202606231815,103.2699966430664,103.32499694824219,103.32499694824219,103.26000213623047,5477.0
202606231816,103.31999969482422,103.30500030517578,103.31999969482422,103.30000305175781,10927.0
202606231817,103.30500030517578,103.3499984741211,103.3499984741211,103.30500030517578,5002.0
202606231818,103.3499984741211,103.38999938964844,103.3949966430664,103.3499984741211,8838.0
202606231819,103.3865966796875,103.30000305175781,103.4000015258789,103.30000305175781,15925.0
202606231820,103.29499816894531,103.30000305175781,103.30000305175781,103.27999877929688,5438.0
202606231821,103.30000305175781,103.31999969482422,103.33509826660156,103.30000305175781,8974.0
202606231822,103.31999969482422,103.33000183105469,103.33000183105469,103.30000305175781,11154.0
202606231823,103.31999969482422,103.33000183105469,103.33000183105469,103.30500030517578,11454.0
202606231824,103.36000061035156,103.38999938964844,103.38999938964844,103.3499984741211,6798.0
202606231825,103.4000015258789,103.45500183105469,103.47000122070312,103.4000015258789,116779.0
202606231826,103.44499969482422,103.42500305175781,103.44499969482422,103.41220092773438,6035.0
202606231827,103.43000030517578,103.41000366210938,103.43990325927734,103.41000366210938,7386.0
202606231828,103.41999816894531,103.4198989868164,103.41999816894531,103.41000366210938,10359.0
202606231829,103.41999816894531,103.42500305175781,103.44000244140625,103.41999816894531,4329.0
202606231830,103.42500305175781,103.44000244140625,103.44000244140625,103.42500305175781,6247.0
202606231831,103.43499755859375,103.5,103.5,103.42050170898438,21963.0
202606231832,103.49500274658203,103.48249816894531,103.54000091552734,103.47000122070312,15883.0
202606231833,103.48999786376953,103.55000305175781,103.55760192871094,103.4800033569336,15557.0
202606231834,103.55999755859375,103.55999755859375,103.57990264892578,103.54000091552734,6348.0
202606231835,103.55999755859375,103.48999786376953,103.55999755859375,103.47000122070312,22169.0
202606231836,103.4800033569336,103.47000122070312,103.48999786376953,103.44999694824219,17145.0
202606231837,103.4800033569336,103.4749984741211,103.5199966430664,103.4749984741211,7762.0
202606231838,103.45999908447266,103.43000030517578,103.5,103.4000015258789,51188.0
202606231839,103.42500305175781,103.43000030517578,103.44999694824219,103.38999938964844,53406.0
202606231840,103.41500091552734,103.4000015258789,103.44999694824219,103.37000274658203,29741.0
202606231841,103.38500213623047,103.375,103.40499877929688,103.37000274658203,8232.0
202606231842,103.37999725341797,103.31999969482422,103.37999725341797,103.30999755859375,7701.0
202606231843,103.30999755859375,103.30000305175781,103.33999633789062,103.27999877929688,6840.0
202606231844,103.30999755859375,103.31999969482422,103.31999969482422,103.28500366210938,13075.0
202606231845,103.33000183105469,103.43499755859375,103.44000244140625,103.31999969482422,27828.0
202606231846,103.41000366210938,103.43000030517578,103.44999694824219,103.4000015258789,15530.0
202606231847,103.41000366210938,103.45500183105469,103.4800033569336,103.40499877929688,15765.0
202606231848,103.45999908447266,103.45010375976562,103.47000122070312,103.40499877929688,13173.0
202606231849,103.47000122070312,103.5,103.5,103.47000122070312,7048.0
202606231850,103.48999786376953,103.5199966430664,103.55999755859375,103.48999786376953,10726.0
202606231851,103.5199966430664,103.53500366210938,103.58000183105469,103.51000213623047,19366.0
202606231852,103.5250015258789,103.54000091552734,103.58000183105469,103.5,19393.0
202606231853,103.54000091552734,103.5199966430664,103.54000091552734,103.51000213623047,8407.0
202606231854,103.5250015258789,103.56999969482422,103.56999969482422,103.5250015258789,0.0
202606231855,103.58000183105469,103.55999755859375,103.58000183105469,103.55000305175781,5310.0
202606231856,103.53500366210938,103.54000091552734,103.54000091552734,103.5199966430664,6410.0
202606231857,103.52999877929688,103.56500244140625,103.58000183105469,103.52999877929688,22690.0
202606231858,103.58000183105469,103.61499786376953,103.62000274658203,103.56999969482422,17836.0
202606231859,103.62999725341797,103.63500213623047,103.68000030517578,103.625,17760.0
202606231900,103.63999938964844,103.625,103.63999938964844,103.61000061035156,8891.0
202606231901,103.625,103.60009765625,103.63999938964844,103.58999633789062,7503.0
202606231902,103.60009765625,103.58999633789062,103.62999725341797,103.58000183105469,11585.0
202606231903,103.58999633789062,103.58499908447266,103.62000274658203,103.58499908447266,13924.0
202606231904,103.56999969482422,103.62999725341797,103.62999725341797,103.56999969482422,7316.0
202606231905,103.63500213623047,103.67070007324219,103.67500305175781,103.62000274658203,21153.0
202606231906,103.6449966430664,103.65499877929688,103.66000366210938,103.6050033569336,6469.0
202606231907,103.63269805908203,103.6449966430664,103.68000030517578,103.63269805908203,6871.0
202606231908,103.65499877929688,103.63999938964844,103.66500091552734,103.63500213623047,8776.0
202606231909,103.63500213623047,103.63500213623047,103.63500213623047,103.63500213623047,0.0
202606240800,103.08,103.0804,103.9265,102.9598,0.0
202606240801,103.18,103.42,103.5,103.01,0.0
202606240803,103.35,103.35,103.35,103.35,0.0
202606240804,103.35,103.34,103.35,103.06,0.0
202606240805,103.34,103.19,103.81,103.01,0.0
202606240806,103.02,103.35,103.35,103.02,0.0
202606240807,103.35,103.35,103.35,103.35,0.0
202606240814,103.1285,103.1285,103.1285,103.1285,0.0
202606240815,103.1606,103.1606,103.1606,103.1606,0.0
202606240816,103.1606,103.1606,103.1606,103.1606,0.0
202606240819,103.16,103.16,103.16,103.16,0.0
202606240825,103.8488,103.43,103.8488,103.43,0.0
202606240827,103.0912,103.0912,103.0912,103.0912,0.0
202606240830,103.09,103.2,103.2,103.09,0.0
202606240833,103.43,103.44,103.46,103.38,0.0
202606240846,103.44,103.28,103.44,103.28,0.0
202606240848,103.29,103.29,103.29,103.29,0.0
202606240857,103.8017,103.8017,103.8017,103.8017,0.0
202606240859,103.108,103.108,103.108,103.108,0.0
202606240901,103.108,103.108,103.108,103.108,0.0
202606240902,103.36,103.29,103.36,103.29,0.0
202606240905,103.4702,103.4702,103.4702,103.4702,0.0
202606240906,103.4702,103.4702,103.4702,103.4702,0.0
202606240909,103.4702,103.4702,103.4702,103.4702,0.0
202606240910,103.4312,103.4312,103.4312,103.4312,0.0
202606240913,103.09,103.3,103.3,103.09,0.0
202606240915,103.109,103.109,103.109,103.109,0.0
202606240916,103.8388,103.8388,103.8388,103.8388,0.0
202606240925,103.0912,103.0912,103.0912,103.0912,0.0
202606240930,103.0912,103.0912,103.0912,103.0912,0.0
202606240932,103.4388,103.4388,103.4388,103.4388,0.0
202606240935,103.4312,103.4312,103.4312,103.4312,0.0
202606240936,103.4,103.43,103.43,103.4,0.0
202606240943,103.43,103.43,103.43,103.43,0.0
202606240958,103.29,103.3035,103.3035,103.29,0.0
202606240959,103.45,103.59,103.69,103.35,0.0
202606241000,103.85,103.85,103.85,103.85,0.0
202606241003,103.2794,103.2794,103.2794,103.2794,0.0
202606241004,103.8505,103.8505,103.8505,103.8505,0.0
202606241008,103.35,103.35,103.35,103.35,0.0
202606241009,103.8,103.8,103.8,103.8,0.0
202606241013,103.0912,103.0912,103.0912,103.0912,0.0
202606241016,103.0912,103.0912,103.0912,103.0912,0.0
202606241019,103.35,103.35,103.35,103.35,0.0
202606241022,103.43,103.43,103.43,103.43,0.0
202606241023,103.109,103.109,103.109,103.109,0.0
202606241027,103.35,103.35,103.35,103.35,0.0
202606241028,103.35,103.1106,103.35,103.1106,0.0
202606241030,103.35,103.35,103.35,103.35,0.0
202606241031,103.35,103.35,103.35,103.35,0.0
202606241039,103.53,103.49,103.53,103.49,0.0
202606241046,103.49,103.49,103.49,103.49,0.0
202606241048,103.8794,103.8794,103.8794,103.8794,0.0
202606241050,103.8394,103.8394,103.8394,103.8394,0.0
202606241053,103.49,103.49,103.49,103.49,0.0
202606241059,103.49,103.49,103.49,103.49,0.0
202606241100,103.43,103.45,103.59,103.37,0.0
202606241104,103.58,103.5,103.59,103.5,0.0
202606241105,103.58,103.58,103.58,103.58,0.0
202606241107,103.35,103.35,103.35,103.35,0.0
202606241108,103.59,103.59,103.59,103.59,0.0
202606241109,103.33,103.33,103.33,103.33,0.0
202606241111,103.37,103.38,103.38,103.36,0.0
202606241112,103.58,103.49,103.58,103.49,0.0
202606241114,103.5,103.5,103.5,103.5,0.0
202606241115,103.5,103.5,103.5,103.5,0.0
202606241116,103.5,103.54,103.54,103.5,0.0
202606241117,103.09,103.605,103.605,103.09,0.0
202606241118,103.8,103.8,103.8,103.8,0.0
202606241123,103.7,103.4357,103.7,103.4357,0.0
202606241126,103.3306,103.48,103.49,103.3306,0.0
202606241128,103.32,103.32,103.32,103.32,0.0
202606241129,103.47,103.47,103.47,103.47,0.0
202606241131,103.7,103.7,103.7,103.7,0.0
202606241132,103.7822,103.7822,103.7822,103.7822,0.0
202606241137,103.73,103.8,103.82,103.7,0.0
202606241138,103.09,103.09,103.09,103.09,0.0
202606241140,103.98,103.98,103.98,103.98,0.0
202606241145,103.09,103.52,103.64,103.09,0.0
202606241146,103.52,103.46,103.73,103.46,0.0
202606241148,103.4806,103.54,103.82,103.4806,0.0
202606241149,103.54,103.54,103.54,103.54,0.0
202606241150,103.827,103.98,103.98,103.827,0.0
202606241151,103.85,103.98,103.98,103.85,0.0
202606241153,103.85,103.85,103.85,103.85,0.0
202606241154,103.85,103.85,103.85,103.85,0.0
202606241155,103.61,103.6,103.61,103.6,0.0
202606241159,103.6095,103.6095,103.6095,103.6095,0.0
202606241200,103.89,103.89,103.89,103.89,0.0
202606241201,103.63,103.63,103.63,103.63,0.0
202606241202,103.82,103.82,103.82,103.82,0.0
202606241204,103.81,103.81,103.81,103.81,0.0
202606241205,103.82,103.6,103.82,103.6,0.0
202606241207,103.6,103.6,103.6,103.6,0.0
202606241208,103.7,103.7,103.7,103.7,0.0
202606241209,103.67,103.7,103.7,103.6,0.0
202606241214,103.61,103.61,103.61,103.61,0.0
202606241215,103.61,103.61,103.61,103.61,0.0
202606241216,103.6072,103.6072,103.6072,103.6072,0.0
202606241217,103.7,103.65,103.7,103.61,0.0
202606241219,103.62,103.62,103.62,103.62,0.0
202606241220,103.75,103.75,103.75,103.75,0.0
202606241221,103.6,103.6,103.6,103.6,0.0
202606241224,103.6,103.6,103.6,103.6,0.0
202606241225,103.77,103.6072,103.77,103.6072,0.0
202606241226,103.64,103.89,103.89,103.64,0.0
202606241227,103.89,103.89,103.89,103.89,0.0
202606241228,103.6,103.61,103.61,103.6,0.0
202606241229,103.83,103.83,103.83,103.83,0.0
202606241234,103.8827,103.8827,103.8827,103.8827,0.0
202606241235,103.89,103.6012,103.89,103.6012,0.0
202606241242,103.6,103.6,103.6,103.6,0.0
202606241245,103.61,103.61,103.61,103.61,0.0
202606241246,103.61,103.61,103.61,103.61,0.0
202606241249,103.6246,103.61,103.65,103.61,0.0
202606241250,103.63,103.61,103.63,103.61,0.0
202606241251,103.65,103.62,103.65,103.61,0.0
202606241252,103.6241,103.84,103.84,103.6241,0.0
202606241253,103.8,103.89,103.89,103.8,0.0
202606241254,103.78,103.78,103.78,103.78,0.0
202606241256,103.62,103.62,103.62,103.62,0.0
202606241259,103.62,103.62,103.62,103.62,0.0
202606241300,103.63,103.63,103.63,103.63,0.0
202606241301,103.62,103.62,103.87,103.62,0.0
202606241302,103.79,103.8635,103.8635,103.79,0.0
202606241305,103.6,103.6,103.6,103.6,0.0
202606241307,103.61,103.88,103.88,103.61,0.0
202606241309,103.61,103.61,103.61,103.61,0.0
202606241311,103.7797,103.7797,103.7797,103.7797,0.0
202606241314,103.61,103.61,103.61,103.61,0.0
202606241330,103.0999984741211,103.22000122070312,103.31999969482422,102.87000274658203,209604.0
202606241331,103.06500244140625,103.2770004272461,103.63999938964844,103.06500244140625,34049.0
202606241332,103.31999969482422,103.52999877929688,103.6500015258789,103.1957015991211,165366.0
202606241333,103.52999877929688,104.16000366210938,104.19999694824219,103.41000366210938,230204.0
202606241334,104.08000183105469,104.06999969482422,104.25,104.05000305175781,34738.0
202606241335,104.05999755859375,103.9000015258789,104.19999694824219,103.87999725341797,44290.0
202606241336,103.8949966430664,103.91500091552734,104.05999755859375,103.8550033569336,26177.0
202606241337,103.95999908447266,104.08000183105469,104.11000061035156,103.91000366210938,14552.0
202606241338,104.06999969482422,104.25,104.2699966430664,104.0,15782.0
202606241339,104.25,104.41999816894531,104.41999816894531,104.25,25662.0
202606241340,104.44000244140625,103.97000122070312,104.48999786376953,103.94499969482422,38343.0
202606241341,104.0,104.02999877929688,104.11000061035156,103.90499877929688,30214.0
202606241342,104.0250015258789,104.08000183105469,104.12999725341797,103.98999786376953,19998.0
202606241343,104.08999633789062,103.8949966430664,104.2300033569336,103.8949966430664,45690.0
202606241344,103.9000015258789,103.93499755859375,104.01000213623047,103.87000274658203,47093.0
202606241345,103.92500305175781,103.7249984741211,103.92500305175781,103.7249984741211,18528.0
202606241346,103.7300033569336,103.52999877929688,103.7300033569336,103.52999877929688,17846.0
202606241347,103.55500030517578,103.69999694824219,103.72000122070312,103.5199966430664,14168.0
202606241348,103.70500183105469,103.7300033569336,103.73999786376953,103.68000030517578,10320.0
202606241349,103.71499633789062,103.6449966430664,103.77989959716797,103.6449966430664,27239.0
202606241350,103.6449966430664,103.68000030517578,103.69999694824219,103.61000061035156,27663.0
202606241351,103.66999816894531,103.54000091552734,103.80999755859375,103.49500274658203,37660.0
202606241352,103.58999633789062,103.73500061035156,103.7699966430664,103.58000183105469,19934.0
202606241353,103.72000122070312,103.62000274658203,103.7699966430664,103.56999969482422,19112.0
202606241354,103.61000061035156,103.6449966430664,103.69000244140625,103.58000183105469,9940.0
202606241355,103.6449966430664,103.6500015258789,103.79000091552734,103.62000274658203,26971.0
202606241356,103.63999938964844,103.61000061035156,103.72000122070312,103.58999633789062,17391.0
202606241357,103.61000061035156,103.43000030517578,103.65989685058594,103.41500091552734,16575.0
202606241358,103.4625015258789,103.45999908447266,103.4800033569336,103.33000183105469,16159.0
202606241359,103.4749984741211,103.45999908447266,103.5,103.4000015258789,13846.0
202606241400,103.43000030517578,103.20500183105469,103.43000030517578,103.20500183105469,46429.0
202606241401,103.20500183105469,103.56999969482422,103.625,103.20500183105469,46227.0
202606241402,103.56999969482422,103.5,103.56999969482422,103.41000366210938,18419.0
202606241403,103.5199966430664,103.375,103.55000305175781,103.3499984741211,22559.0
202606241404,103.37000274658203,103.54499816894531,103.56999969482422,103.37000274658203,14211.0
202606241405,103.54000091552734,103.66999816894531,103.66999816894531,103.47000122070312,14788.0
202606241406,103.68499755859375,103.61499786376953,103.69999694824219,103.58999633789062,23655.0
202606241407,103.62999725341797,103.58999633789062,103.6449966430664,103.54000091552734,18650.0
202606241408,103.56500244140625,103.70500183105469,103.73999786376953,103.56500244140625,23088.0
202606241409,103.70500183105469,103.69000244140625,103.70500183105469,103.66000366210938,7330.0
202606241410,103.69999694824219,103.93000030517578,103.93000030517578,103.69000244140625,26817.0
202606241411,103.92500305175781,103.81500244140625,103.9749984741211,103.7699966430664,14663.0
202606241412,103.81500244140625,103.9749984741211,104.01000213623047,103.81500244140625,20367.0
202606241413,104.0,103.94499969482422,104.0,103.91000366210938,13579.0
202606241414,103.94999694824219,103.9000015258789,103.95999908447266,103.86000061035156,13709.0
202606241415,103.9000015258789,103.9749984741211,103.9800033569336,103.9000015258789,11362.0
202606241416,103.98500061035156,104.08000183105469,104.18000030517578,103.98500061035156,26228.0
202606241417,104.02999877929688,104.04000091552734,104.08999633789062,103.97000122070312,33712.0
202606241418,104.0,104.07499694824219,104.12000274658203,103.9749984741211,16082.0
202606241419,104.08000183105469,104.19999694824219,104.21499633789062,104.08000183105469,10030.0
202606241420,104.19999694824219,104.20999908447266,104.23999786376953,104.18000030517578,16721.0
202606241421,104.25,104.2040023803711,104.29000091552734,104.16999816894531,38615.0
202606241422,104.25,104.3949966430664,104.41000366210938,104.23999786376953,34430.0
202606241423,104.38999938964844,104.47000122070312,104.5,104.38999938964844,34106.0
202606241424,104.44999694824219,104.3949966430664,104.52999877929688,104.37000274658203,19583.0
202606241425,104.38999938964844,104.30999755859375,104.38999938964844,104.30999755859375,11378.0
202606241426,104.30999755859375,104.20500183105469,104.31999969482422,104.20500183105469,12879.0
202606241427,104.18000030517578,104.05999755859375,104.2300033569336,103.9800033569336,27190.0
202606241428,104.04000091552734,104.05999755859375,104.13999938964844,104.01499938964844,24868.0
202606241429,104.08999633789062,104.19999694824219,104.20999908447266,104.08999633789062,13873.0
202606241430,104.19000244140625,104.1500015258789,104.2300033569336,104.1500015258789,13432.0
202606241431,104.16000366210938,104.12999725341797,104.19000244140625,104.03500366210938,13732.0
202606241432,104.1500015258789,104.08999633789062,104.1500015258789,104.0199966430664,3312.0
202606241433,104.12629699707031,104.06500244140625,104.16500091552734,104.05999755859375,11601.0
202606241434,104.05000305175781,103.95999908447266,104.08999633789062,103.94999694824219,22253.0
202606241435,103.98999786376953,103.9800033569336,104.0199966430664,103.95999908447266,11394.0
202606241436,103.98500061035156,103.82499694824219,104.0,103.81999969482422,12392.0
202606241437,103.82499694824219,103.77999877929688,103.88999938964844,103.77999877929688,14536.0
202606241438,103.80000305175781,103.76000213623047,103.80000305175781,103.69010162353516,14638.0
202606241439,103.73999786376953,103.37000274658203,103.73999786376953,103.37000274658203,52908.0
202606241440,103.37000274658203,103.33499908447266,103.41000366210938,103.31999969482422,12104.0
202606241441,103.36000061035156,103.375,103.43000030517578,103.3499984741211,11903.0
202606241442,103.37000274658203,103.37249755859375,103.44499969482422,103.29499816894531,22010.0
202606241443,103.33999633789062,103.32499694824219,103.38760375976562,103.27999877929688,11600.0
202606241444,103.37000274658203,103.55500030517578,103.5999984741211,103.37000274658203,37759.0
202606241445,103.5199966430664,103.62999725341797,103.62999725341797,103.5199966430664,15204.0
202606241446,103.6500015258789,103.76000213623047,103.79499816894531,103.63999938964844,14035.0
202606241447,103.76000213623047,103.80999755859375,103.88999938964844,103.73999786376953,46668.0
202606241448,103.80000305175781,103.87999725341797,103.94000244140625,103.78060150146484,19979.0
202606241449,103.88500213623047,103.88999938964844,103.93000030517578,103.86499786376953,13067.0
202606241450,103.88999938964844,103.96499633789062,104.0,103.88999938964844,14252.0
202606241451,103.96499633789062,104.05000305175781,104.05000305175781,103.94000244140625,16987.0
202606241452,104.0406265258789,104.06999969482422,104.08000183105469,104.02999877929688,5233.0
202606241453,104.0999984741211,104.03500366210938,104.13999938964844,104.03500366210938,13565.0
202606241454,104.04499816894531,104.05000305175781,104.08499908447266,104.0199966430664,10961.0
202606241455,104.04499816894531,104.05000305175781,104.0999984741211,104.02400207519531,7128.0
202606241456,104.06999969482422,104.12000274658203,104.19999694824219,104.05999755859375,14883.0
202606241457,104.12000274658203,104.11000061035156,104.13999938964844,104.08000183105469,7580.0
202606241458,104.1050033569336,103.98999786376953,104.11000061035156,103.97000122070312,12381.0
202606241459,104.0,104.03500366210938,104.04000091552734,103.98500061035156,13127.0
202606241500,104.05000305175781,104.00499725341797,104.05000305175781,104.00499725341797,9986.0
202606241501,104.00499725341797,104.08999633789062,104.0999984741211,104.00499725341797,15449.0
202606241502,104.0999984741211,104.05000305175781,104.11000061035156,104.01499938964844,14222.0
202606241503,104.04000091552734,104.05000305175781,104.08000183105469,104.0343017578125,5846.0
202606241504,104.05000305175781,104.02999877929688,104.06999969482422,104.02999877929688,5150.0
202606241505,104.02999877929688,103.97000122070312,104.02999877929688,103.93000030517578,12088.0
202606241506,104.0,103.97000122070312,104.04000091552734,103.95179748535156,28698.0
202606241507,103.98999786376953,103.93499755859375,104.02999877929688,103.93499755859375,15421.0
202606241508,103.94999694824219,103.87000274658203,103.95999908447266,103.83000183105469,47572.0
202606241509,103.87000274658203,103.82499694824219,103.87000274658203,103.77999877929688,12401.0
202606241510,103.83000183105469,103.81999969482422,103.83999633789062,103.77999877929688,8293.0
202606241511,103.83999633789062,103.8499984741211,103.86000061035156,103.79499816894531,10167.0
202606241512,103.8499984741211,103.8499984741211,103.87999725341797,103.81999969482422,12463.0
202606241513,103.8499984741211,103.88999938964844,103.9000015258789,103.8499984741211,11667.0
202606241514,103.87000274658203,103.7750015258789,103.9000015258789,103.76000213623047,21817.0
202606241515,103.79000091552734,103.8550033569336,103.875,103.79000091552734,14825.0
202606241516,103.83999633789062,103.83999633789062,103.86000061035156,103.80999755859375,8055.0
202606241517,103.86000061035156,103.91999816894531,103.93000030517578,103.86000061035156,11665.0
202606241518,103.91999816894531,103.93000030517578,103.93000030517578,103.875,11074.0
202606241519,103.93000030517578,103.97000122070312,104.0,103.93000030517578,11946.0
202606241520,103.99500274658203,104.06999969482422,104.06999969482422,103.9800033569336,9899.0
202606241521,104.06999969482422,104.16999816894531,104.18000030517578,104.05999755859375,14897.0
202606241522,104.16999816894531,104.13999938964844,104.19999694824219,104.12999725341797,19360.0
202606241523,104.12000274658203,104.16000366210938,104.16000366210938,104.11000061035156,11116.0
202606241524,104.1500015258789,104.06999969482422,104.1500015258789,104.06999969482422,10830.0
202606241525,104.04499816894531,103.94000244140625,104.04499816894531,103.92639923095703,20437.0
202606241526,103.93000030517578,103.86000061035156,103.94000244140625,103.8499984741211,19346.0
202606241527,103.86000061035156,103.9000015258789,103.91000366210938,103.86000061035156,15444.0
202606241528,103.9000015258789,103.9000015258789,103.93000030517578,103.87000274658203,19938.0
202606241529,103.91999816894531,103.87000274658203,103.94000244140625,103.87000274658203,6565.0
202606241530,103.87000274658203,103.77999877929688,103.87000274658203,103.77999877929688,15796.0
202606241531,103.75,103.80000305175781,103.81999969482422,103.75,11972.0
202606241532,103.79000091552734,103.69499969482422,103.79000091552734,103.69000244140625,11818.0
202606241533,103.69989776611328,103.5999984741211,103.69989776611328,103.56999969482422,9609.0
202606241534,103.59500122070312,103.56999969482422,103.61000061035156,103.52999877929688,11774.0
202606241535,103.55999755859375,103.56999969482422,103.56999969482422,103.48999786376953,16008.0
202606241536,103.55000305175781,103.48999786376953,103.62000274658203,103.4800033569336,42115.0
202606241537,103.48999786376953,103.53500366210938,103.55000305175781,103.48999786376953,9339.0
202606241538,103.52999877929688,103.48999786376953,103.53500366210938,103.44999694824219,9838.0
202606241539,103.4800033569336,103.5199966430664,103.52999877929688,103.47000122070312,18706.0
202606241540,103.48999786376953,103.63999938964844,103.64990234375,103.48999786376953,15619.0
202606241541,103.6500015258789,103.5999984741211,103.66999816894531,103.59500122070312,8544.0
202606241542,103.61000061035156,103.62000274658203,103.68000030517578,103.61000061035156,23569.0
202606241543,103.61000061035156,103.66010284423828,103.68000030517578,103.61000061035156,17981.0
202606241544,103.6500015258789,103.55999755859375,103.66000366210938,103.52999877929688,9194.0
202606241545,103.55999755859375,103.5199966430664,103.55999755859375,103.50499725341797,7838.0
202606241546,103.5199966430664,103.48999786376953,103.55000305175781,103.48999786376953,6630.0
202606241547,103.50499725341797,103.44999694824219,103.50499725341797,103.41000366210938,8860.0
202606241548,103.44999694824219,103.42500305175781,103.48500061035156,103.42500305175781,12675.0
202606241549,103.42500305175781,103.39209747314453,103.44999694824219,103.37999725341797,11589.0
202606241550,103.4000015258789,103.42500305175781,103.44499969482422,103.4000015258789,8744.0
202606241551,103.44000244140625,103.51000213623047,103.51000213623047,103.4000015258789,19940.0
202606241552,103.5000991821289,103.44000244140625,103.51000213623047,103.37999725341797,8787.0
202606241553,103.44000244140625,103.41000366210938,103.46499633789062,103.4000015258789,9750.0
202606241554,103.41000366210938,103.33000183105469,103.41000366210938,103.30000305175781,5959.0
202606241555,103.33000183105469,103.30999755859375,103.3499984741211,103.30000305175781,11548.0
202606241556,103.33000183105469,103.24500274658203,103.33000183105469,103.22000122070312,18480.0
202606241557,103.26000213623047,103.28009796142578,103.30999755859375,103.24500274658203,20030.0
202606241558,103.30010223388672,103.33499908447266,103.43000030517578,103.30010223388672,28164.0
202606241559,103.3499984741211,103.36000061035156,103.375,103.32649993896484,30140.0
202606241600,103.37000274658203,103.37999725341797,103.37999725341797,103.32499694824219,11306.0
202606241601,103.37000274658203,103.34500122070312,103.38999938964844,103.33000183105469,17402.0
202606241602,103.33000183105469,103.36499786376953,103.38999938964844,103.33000183105469,11472.0
202606241603,103.36499786376953,103.33499908447266,103.37999725341797,103.33499908447266,10150.0
202606241604,103.31999969482422,103.30999755859375,103.33999633789062,103.30000305175781,9638.0
202606241605,103.30500030517578,103.33000183105469,103.33000183105469,103.25,35893.0
202606241606,103.3499984741211,103.32640075683594,103.37999725341797,103.32009887695312,12386.0
202606241607,103.30999755859375,103.33000183105469,103.33000183105469,103.30000305175781,8170.0
202606241608,103.3499984741211,103.31999969482422,103.3499984741211,103.31999969482422,4097.0
202606241609,103.30999755859375,103.3331298828125,103.33999633789062,103.30999755859375,9618.0
202606241610,103.33999633789062,103.29499816894531,103.33999633789062,103.29000091552734,14973.0
202606241611,103.30999755859375,103.36000061035156,103.37000274658203,103.30999755859375,18812.0
202606241612,103.3499984741211,103.30000305175781,103.3499984741211,103.28250122070312,4549.0
202606241613,103.30000305175781,103.2699966430664,103.30500030517578,103.2699966430664,12270.0
202606241614,103.27999877929688,103.2699966430664,103.27999877929688,103.26000213623047,8135.0
202606241615,103.27970123291016,103.2699966430664,103.34500122070312,103.2699966430664,10466.0
202606241616,103.28500366210938,103.23500061035156,103.28500366210938,103.23500061035156,5086.0
202606241617,103.23500061035156,103.23999786376953,103.23999786376953,103.20999908447266,8010.0
202606241618,103.23999786376953,103.2249984741211,103.23999786376953,103.20500183105469,9605.0
202606241619,103.20999908447266,103.2300033569336,103.2300033569336,103.19000244140625,10391.0
202606241620,103.22000122070312,103.09500122070312,103.22250366210938,103.06999969482422,25376.0
202606241621,103.09500122070312,103.1050033569336,103.11000061035156,103.08000183105469,8504.0
202606241622,103.12000274658203,103.16000366210938,103.16999816894531,103.11000061035156,14872.0
202606241623,103.13999938964844,103.11499786376953,103.16000366210938,103.11499786376953,11900.0
202606241624,103.12999725341797,103.11000061035156,103.13999938964844,103.11000061035156,4653.0
202606241625,103.11499786376953,103.08999633789062,103.12999725341797,103.08499908447266,14522.0
202606241626,103.09500122070312,103.03500366210938,103.09500122070312,103.0,8699.0
202606241627,103.03500366210938,102.98500061035156,103.03500366210938,102.95999908447266,14843.0
202606241628,102.98500061035156,102.93000030517578,103.0,102.93000030517578,25171.0
202606241629,102.94640350341797,102.95999908447266,102.97000122070312,102.91000366210938,12657.0
202606241630,102.95999908447266,102.94999694824219,102.9800033569336,102.91999816894531,9793.0
202606241631,102.97000122070312,102.86499786376953,102.9800033569336,102.86499786376953,10690.0
202606241632,102.8499984741211,102.76000213623047,102.8499984741211,102.75,20818.0
202606241633,102.7699966430664,102.66999816894531,102.77999877929688,102.66500091552734,23044.0
202606241634,102.66999816894531,102.57499694824219,102.66999816894531,102.56999969482422,9937.0
202606241635,102.57499694824219,102.58499908447266,102.62000274658203,102.52999877929688,55064.0
202606241636,102.58499908447266,102.50499725341797,102.58499908447266,102.44000244140625,49587.0
202606241637,102.51000213623047,102.55999755859375,102.63999938964844,102.51000213623047,56287.0
202606241638,102.55000305175781,102.38999938964844,102.56999969482422,102.37999725341797,35413.0
202606241639,102.3949966430664,102.30000305175781,102.43920135498047,102.29000091552734,20666.0
202606241640,102.30000305175781,102.29000091552734,102.30000305175781,102.22000122070312,26543.0
202606241641,102.27999877929688,102.22000122070312,102.30000305175781,102.17500305175781,19670.0
202606241642,102.19000244140625,102.23500061035156,102.23999786376953,102.16000366210938,9323.0
202606241643,102.2249984741211,102.17500305175781,102.2300033569336,102.1500015258789,208842.0
202606241644,102.17500305175781,102.30500030517578,102.3499984741211,102.08000183105469,61063.0
202606241645,102.30500030517578,102.19499969482422,102.30500030517578,102.16500091552734,15449.0
202606241646,102.16000366210938,102.1500015258789,102.22969818115234,102.12999725341797,24615.0
202606241647,102.13999938964844,102.2300033569336,102.25,102.12999725341797,39203.0
202606241648,102.22000122070312,102.18009948730469,102.24500274658203,102.17500305175781,15859.0
202606241649,102.19999694824219,102.22000122070312,102.22019958496094,102.19499969482422,13536.0
202606241650,102.20500183105469,102.23500061035156,102.26000213623047,102.20500183105469,12686.0
202606241651,102.25,102.23999786376953,102.25,102.21649932861328,15704.0
202606241652,102.22000122070312,102.16999816894531,102.23500061035156,102.12999725341797,14592.0
202606241653,102.12999725341797,102.19000244140625,102.20989990234375,102.12999725341797,16343.0
202606241654,102.19999694824219,102.06500244140625,102.19999694824219,102.05500030517578,15615.0
202606241655,102.06500244140625,102.02999877929688,102.08000183105469,101.98999786376953,24402.0
202606241656,102.01000213623047,102.08999633789062,102.08999633789062,101.9800033569336,32661.0
202606241657,102.07499694824219,102.08000183105469,102.12000274658203,102.07499694824219,10514.0
202606241658,102.06999969482422,102.08000183105469,102.08000183105469,102.04000091552734,7917.0
202606241659,102.06999969482422,102.04499816894531,102.06999969482422,102.02999877929688,10615.0
202606241700,102.02999877929688,102.05000305175781,102.08999633789062,102.0,28950.0
202606241701,102.04000091552734,102.1050033569336,102.11990356445312,102.04000091552734,11340.0
202606241702,102.0999984741211,102.1050033569336,102.12000274658203,102.08000183105469,13310.0
202606241703,102.12000274658203,102.11499786376953,102.12999725341797,102.08000183105469,12838.0
202606241704,102.11499786376953,102.0199966430664,102.11499786376953,102.0,11705.0
202606241705,102.0250015258789,102.0199966430664,102.05000305175781,102.0,16725.0
202606241706,102.0199966430664,101.98249816894531,102.03500366210938,101.97000122070312,15937.0
202606241707,101.97000122070312,101.9000015258789,101.97000122070312,101.77999877929688,31824.0
202606241708,101.91500091552734,101.90499877929688,101.93000030517578,101.84010314941406,16909.0
202606241709,101.90499877929688,101.91999816894531,101.91999816894531,101.87999725341797,8939.0
202606241710,101.93000030517578,101.9000015258789,101.94000244140625,101.88999938964844,13095.0
202606241711,101.91000366210938,101.91999816894531,101.93499755859375,101.91000366210938,7121.0
202606241712,101.92359924316406,101.95999908447266,102.01000213623047,101.92359924316406,9827.0
202606241713,101.94499969482422,101.92500305175781,101.9800033569336,101.88999938964844,36877.0
202606241714,101.92500305175781,101.94999694824219,101.94999694824219,101.88999938964844,33766.0
202606241715,101.95999908447266,101.88009643554688,101.97000122070312,101.8550033569336,48509.0
202606241716,101.8949966430664,101.83999633789062,101.8949966430664,101.83200073242188,8583.0
202606241717,101.83999633789062,101.9000015258789,101.9000015258789,101.80000305175781,13847.0
202606241718,101.87999725341797,101.80999755859375,101.91000366210938,101.80500030517578,8966.0
202606241719,101.80999755859375,101.8499984741211,101.86000061035156,101.79000091552734,12296.0
202606241720,101.83000183105469,101.7699966430664,101.83999633789062,101.75,9544.0
202606241721,101.76000213623047,101.83000183105469,101.83000183105469,101.75499725341797,10252.0
202606241722,101.83999633789062,101.84359741210938,101.94000244140625,101.79000091552734,32252.0
202606241723,101.86000061035156,101.94999694824219,101.95999908447266,101.8499984741211,14024.0
202606241724,101.95999908447266,101.92500305175781,101.95999908447266,101.91999816894531,6126.0
202606241725,101.92859649658203,101.91999816894531,101.93000030517578,101.875,10316.0
202606241726,101.91999816894531,101.9000015258789,101.94499969482422,101.9000015258789,9684.0
202606241727,101.91999816894531,101.88500213623047,101.93000030517578,101.87750244140625,6374.0
202606241728,101.88500213623047,101.83000183105469,101.92050170898438,101.83000183105469,15973.0
202606241729,101.83000183105469,101.83999633789062,101.87969970703125,101.79000091552734,59811.0
202606241730,101.83999633789062,101.92500305175781,101.94000244140625,101.83999633789062,45488.0
202606241731,101.92500305175781,101.88999938964844,102.0199966430664,101.88999938964844,46095.0
202606241732,101.87000274658203,101.87000274658203,101.88999938964844,101.80999755859375,20229.0
202606241733,101.87999725341797,101.90499877929688,101.91000366210938,101.80999755859375,25205.0
202606241734,101.91999816894531,101.88999938964844,101.93000030517578,101.88500213623047,7225.0
202606241735,101.91000366210938,101.92900085449219,101.97000122070312,101.88999938964844,25819.0
202606241736,101.91500091552734,101.87999725341797,101.93000030517578,101.87999725341797,9742.0
202606241737,101.87999725341797,101.87000274658203,101.87999725341797,101.8499984741211,15025.0
202606241738,101.87000274658203,101.93000030517578,101.93000030517578,101.86000061035156,13116.0
202606241739,101.94000244140625,101.94000244140625,101.97000122070312,101.91000366210938,13390.0
202606241740,101.94000244140625,101.98999786376953,101.98999786376953,101.87000274658203,29383.0
202606241741,102.0,101.94000244140625,102.0199966430664,101.91000366210938,16118.0
202606241742,101.94000244140625,101.93000030517578,101.95500183105469,101.91999816894531,8215.0
202606241743,101.9000015258789,101.93000030517578,101.93499755859375,101.9000015258789,9754.0
202606241744,101.91999816894531,101.88999938964844,101.93000030517578,101.8833999633789,12330.0
202606241745,101.88999938964844,101.87999725341797,101.9000015258789,101.86000061035156,12795.0
202606241746,101.86000061035156,101.86000061035156,101.87000274658203,101.80999755859375,13618.0
202606241747,101.87000274658203,101.83000183105469,101.88999938964844,101.82499694824219,5451.0
202606241748,101.83499908447266,101.83000183105469,101.83499908447266,101.81770324707031,7212.0
202606241749,101.83999633789062,101.87999725341797,101.87999725341797,101.83499908447266,25234.0
202606241750,101.87000274658203,101.88500213623047,101.88500213623047,101.80789947509766,23619.0
202606241751,101.88500213623047,101.82990264892578,101.88999938964844,101.81999969482422,15176.0
202606241752,101.83000183105469,101.86509704589844,101.87999725341797,101.83000183105469,17132.0
202606241753,101.87000274658203,101.94000244140625,101.94000244140625,101.87000274658203,18252.0
202606241754,101.94999694824219,101.98999786376953,102.0,101.94999694824219,17115.0
202606241755,102.00499725341797,101.98999786376953,102.00499725341797,101.94999694824219,13510.0
202606241756,101.98500061035156,101.9800033569336,102.0,101.95500183105469,10824.0
202606241757,101.97000122070312,101.92500305175781,101.9800033569336,101.92500305175781,7053.0
202606241758,101.93000030517578,101.94000244140625,101.9489974975586,101.9000015258789,15169.0
202606241759,101.94999694824219,101.94499969482422,101.95999908447266,101.93000030517578,9804.0
202606241800,101.94499969482422,101.93499755859375,101.95999908447266,101.91000366210938,8081.0
202606241801,101.93000030517578,101.97000122070312,101.98999786376953,101.87000274658203,18901.0
202606241802,101.9800033569336,101.9800033569336,101.98999786376953,101.94999694824219,12739.0
202606241803,101.9800033569336,102.01000213623047,102.01000213623047,101.94499969482422,17222.0
202606241804,102.0,102.0250015258789,102.06999969482422,102.0,14483.0
202606241805,102.01499938964844,102.02999877929688,102.04000091552734,102.01000213623047,9880.0
202606241806,102.02999877929688,102.02999877929688,102.08000183105469,102.0199966430664,17104.0
202606241807,102.0199966430664,101.96499633789062,102.0199966430664,101.95999908447266,11124.0
202606241808,101.96499633789062,101.94000244140625,101.98999786376953,101.94000244140625,13647.0
202606241809,101.94000244140625,101.9800033569336,101.98999786376953,101.94000244140625,10673.0
202606241810,101.97000122070312,102.00499725341797,102.03500366210938,101.96499633789062,25418.0
202606241811,102.01000213623047,102.0,102.02999877929688,101.98999786376953,11506.0
202606241812,101.99500274658203,102.04000091552734,102.04000091552734,101.98999786376953,19397.0
202606241813,102.04000091552734,102.12999725341797,102.13999938964844,102.02999877929688,36104.0
202606241814,102.12999725341797,102.13790130615234,102.1500015258789,102.09100341796875,12521.0
202606241815,102.16000366210938,102.12000274658203,102.16000366210938,102.12000274658203,11304.0
202606241816,102.12000274658203,102.13999938964844,102.1500015258789,102.12000274658203,13188.0
202606241817,102.13999938964844,102.09500122070312,102.1500015258789,102.06999969482422,21214.0
202606241818,102.08999633789062,102.12999725341797,102.12999725341797,102.08999633789062,42038.0
202606241819,102.12999725341797,102.16999816894531,102.19999694824219,102.12999725341797,13598.0
202606241820,102.18000030517578,102.20999908447266,102.22000122070312,102.1500015258789,14746.0
202606241821,102.2249984741211,102.2300033569336,102.23999786376953,102.20999908447266,12748.0
202606241822,102.2300033569336,102.20999908447266,102.25,102.19000244140625,35737.0
202606241823,102.20999908447266,102.30999755859375,102.31849670410156,102.20999908447266,24761.0
202606241824,102.30999755859375,102.33499908447266,102.36000061035156,102.27999877929688,23277.0
202606241825,102.3499984741211,102.37999725341797,102.37999725341797,102.3499984741211,17129.0
202606241826,102.37999725341797,102.33999633789062,102.38999938964844,102.31999969482422,10378.0
202606241827,102.33000183105469,102.33000183105469,102.37000274658203,102.31500244140625,14744.0
202606241828,102.33000183105469,102.36000061035156,102.37000274658203,102.31999969482422,13240.0
202606241829,102.3499984741211,102.37000274658203,102.4000015258789,102.33000183105469,17695.0
202606241830,102.37999725341797,102.43000030517578,102.43000030517578,102.37000274658203,11260.0
202606241831,102.43000030517578,102.44000244140625,102.44000244140625,102.41999816894531,12680.0
202606241832,102.44000244140625,102.5,102.5199966430664,102.44000244140625,26867.0
202606241833,102.49500274658203,102.5,102.5199966430664,102.49500274658203,8162.0
202606241834,102.50499725341797,102.46499633789062,102.50499725341797,102.45999908447266,11251.0
202606241835,102.45999908447266,102.52999877929688,102.54000091552734,102.45999908447266,17156.0
202606241836,102.53500366210938,102.5250015258789,102.54000091552734,102.50499725341797,9509.0
202606241837,102.54000091552734,102.54499816894531,102.55999755859375,102.5250015258789,10470.0
202606241838,102.54000091552734,102.50499725341797,102.54000091552734,102.5,7481.0
202606241839,102.48999786376953,102.46499633789062,102.52999877929688,102.41000366210938,17447.0
202606241840,102.45999908447266,102.39009857177734,102.45999908447266,102.38500213623047,13681.0
202606241841,102.4000015258789,102.44000244140625,102.45999908447266,102.4000015258789,11553.0
202606241842,102.44999694824219,102.4000015258789,102.44999694824219,102.3949966430664,6624.0
202606241843,102.4000015258789,102.30000305175781,102.4000015258789,102.30000305175781,17553.0
202606241844,102.28500366210938,102.29000091552734,102.31999969482422,102.26000213623047,13621.0
202606241845,102.29000091552734,102.23999786376953,102.30000305175781,102.22000122070312,9215.0
202606241846,102.23999786376953,102.2249984741211,102.25499725341797,102.20999908447266,9958.0
202606241847,102.20999908447266,102.18499755859375,102.2249984741211,102.18499755859375,6468.0
202606241848,102.19999694824219,102.20999908447266,102.21600341796875,102.16000366210938,13699.0
202606241849,102.20999908447266,102.17510223388672,102.20999908447266,102.17510223388672,11934.0
202606241850,102.19000244140625,102.20999908447266,102.21499633789062,102.18000030517578,15626.0
202606241851,102.21499633789062,102.19999694824219,102.23500061035156,102.18499755859375,14346.0
202606241852,102.20500183105469,102.23999786376953,102.26000213623047,102.20500183105469,11543.0
202606241853,102.23989868164062,102.2300033569336,102.26000213623047,102.22000122070312,8145.0
202606241854,102.2300033569336,102.26010131835938,102.26499938964844,102.2300033569336,9225.0
202606241855,102.26499938964844,102.25499725341797,102.26499938964844,102.20999908447266,17289.0
202606241856,102.26000213623047,102.20999908447266,102.2699966430664,102.20999908447266,14889.0
202606241857,102.22000122070312,102.2300033569336,102.26000213623047,102.22000122070312,118256.0
202606241858,102.2300033569336,102.23500061035156,102.25,102.20999908447266,20797.0
202606241859,102.2300033569336,102.22000122070312,102.24500274658203,102.19999694824219,15231.0
202606241900,102.23999786376953,102.2249984741211,102.24500274658203,102.19499969482422,21230.0
202606241901,102.2249984741211,102.19999694824219,102.2249984741211,102.19000244140625,16715.0
202606241902,102.19999694824219,102.25499725341797,102.26000213623047,102.19999694824219,18215.0
202606241903,102.26000213623047,102.24250030517578,102.2699966430664,102.2249984741211,19022.0
202606241904,102.23999786376953,102.19999694824219,102.25,102.18000030517578,18160.0
202606241905,102.19999694824219,102.11000061035156,102.19999694824219,102.0999984741211,15150.0
202606241906,102.11000061035156,102.06500244140625,102.11000061035156,102.05999755859375,45683.0
202606241907,102.06999969482422,101.94000244140625,102.07499694824219,101.91000366210938,108912.0
202606241908,101.94999694824219,102.08000183105469,102.08000183105469,101.94499969482422,42962.0
202606241909,102.08000183105469,102.17500305175781,102.19000244140625,102.05999755859375,21793.0
202606241910,102.16999816894531,102.22000122070312,102.23999786376953,102.13999938964844,24618.0
202606241911,102.22000122070312,102.20500183105469,102.23999786376953,102.19000244140625,21895.0
202606241912,102.20999908447266,102.19999694824219,102.2300033569336,102.18000030517578,18547.0
202606241913,102.20500183105469,102.2300033569336,102.2300033569336,102.19999694824219,12625.0
202606241914,102.2300033569336,102.22000122070312,102.26000213623047,102.18000030517578,24927.0
202606241915,102.20999908447266,102.2300033569336,102.2300033569336,102.19000244140625,18205.0
202606241916,102.2249984741211,102.25,102.26000213623047,102.20999908447266,15962.0
202606241917,102.25499725341797,102.23999786376953,102.25499725341797,102.20999908447266,21543.0
202606241918,102.25,102.2699966430664,102.29499816894531,102.24500274658203,19750.0
202606241919,102.2699966430664,102.26499938964844,102.29000091552734,102.26499938964844,14484.0
202606241920,102.26000213623047,102.23999786376953,102.2750015258789,102.21499633789062,23077.0
202606241921,102.23999786376953,102.26000213623047,102.27999877929688,102.19000244140625,34637.0
202606241922,102.26000213623047,102.2699966430664,102.2699966430664,102.2300033569336,11287.0
202606241923,102.2699966430664,102.20999908447266,102.2699966430664,102.19499969482422,16037.0
202606241924,102.21499633789062,102.21499633789062,102.24500274658203,102.19000244140625,20482.0
202606241925,102.22000122070312,102.20500183105469,102.25,102.19499969482422,14964.0
202606241926,102.19999694824219,102.06500244140625,102.19999694824219,102.05999755859375,34347.0
202606241927,102.05000305175781,102.05000305175781,102.08499908447266,102.04000091552734,16542.0
202606241928,102.05000305175781,102.05000305175781,102.06500244140625,101.9800033569336,34487.0
202606241929,102.02999877929688,101.95500183105469,102.02999877929688,101.94000244140625,16436.0
202606241930,101.95999908447266,101.95999908447266,101.9800033569336,101.87999725341797,28226.0
202606241931,101.95999908447266,101.8550033569336,101.98999786376953,101.83000183105469,33438.0
202606241932,101.8499984741211,101.83499908447266,101.8499984741211,101.80000305175781,28081.0
202606241933,101.83000183105469,101.76000213623047,101.83499908447266,101.76000213623047,22114.0
202606241934,101.75,101.68000030517578,101.75,101.6500015258789,25084.0
202606241935,101.69000244140625,101.6500015258789,101.7571029663086,101.6500015258789,19171.0
202606241936,101.63999938964844,101.46499633789062,101.69000244140625,101.44999694824219,61041.0
202606241937,101.46499633789062,101.48999786376953,101.54000091552734,101.4000015258789,43659.0
202606241938,101.48500061035156,101.42500305175781,101.5,101.4000015258789,15776.0
202606241939,101.42500305175781,101.41000366210938,101.44999694824219,101.37000274658203,53861.0
202606241940,101.41999816894531,101.27999877929688,101.41999816894531,101.27999877929688,30326.0
202606241941,101.29000091552734,101.22000122070312,101.30999755859375,101.22000122070312,39484.0
202606241942,101.21499633789062,101.26000213623047,101.27999877929688,101.18000030517578,37320.0
202606241943,101.26066589355469,101.23999786376953,101.29000091552734,101.2300033569336,26699.0
202606241944,101.2300033569336,101.22000122070312,101.25499725341797,101.19999694824219,0.0
202606241945,101.20999908447266,101.38500213623047,101.38500213623047,101.20999908447266,52992.0
202606241946,101.38500213623047,101.2300033569336,101.43000030517578,101.2300033569336,54929.0
202606241947,101.2499008178711,101.19000244140625,101.26000213623047,101.18509674072266,30610.0
202606241948,101.19000244140625,101.26000213623047,101.29000091552734,101.13999938964844,47831.0
202606241949,101.2699966430664,101.19000244140625,101.30999755859375,101.18000030517578,34244.0
202606241950,101.18000030517578,101.12000274658203,101.18000030517578,101.05000305175781,65476.0
202606241951,101.11000061035156,101.16000366210938,101.19000244140625,101.08000183105469,59620.0
202606241952,101.1500015258789,101.08999633789062,101.24500274658203,101.08999633789062,68038.0
202606241953,101.09500122070312,101.22250366210938,101.23999786376953,101.04000091552734,86350.0
202606241954,101.2300033569336,101.38999938964844,101.4000015258789,101.22000122070312,62077.0
202606241955,101.40249633789062,101.55000305175781,101.55000305175781,101.29000091552734,97975.0
202606241956,101.55999755859375,101.4800033569336,101.6500015258789,101.44000244140625,105628.0
202606241957,101.49500274658203,101.2300033569336,101.51000213623047,101.2300033569336,117116.0
202606241958,101.23999786376953,101.23999786376953,101.23999786376953,101.23999786376953,0.0
