datetime,open,close,high,low,volume
202606230800,102.19,102.01,102.45,101.0312,0.0
202606230801,101.73,102.01,102.4047,101.24,0.0
202606230803,101.0547,101.0547,101.0547,101.0547,0.0
202606230804,101.67,101.57,101.67,101.34,0.0
202606230806,102.37,102.04,102.38,101.05,0.0
202606230807,102.33,102.31,102.33,101.94,0.0
202606230808,102.28,102.09,102.28,102.0,0.0
202606230809,102.27,102.03,102.27,102.03,0.0
202606230810,101.9,101.9,102.21,101.5,0.0
202606230811,101.41,101.52,102.01,101.37,0.0
202606230812,101.67,101.44,101.67,101.4,0.0
202606230813,101.85,101.44,101.85,101.44,0.0
202606230814,101.44,101.44,101.44,101.44,0.0
202606230815,101.54,101.89,101.89,101.48,0.0
202606230817,101.88,101.9,101.9,101.88,0.0
202606230818,101.46,101.85,101.85,101.46,0.0
202606230820,101.0312,101.0312,101.0312,101.0312,0.0
202606230824,101.92,101.93,101.93,101.92,0.0
202606230825,101.4702,101.4702,101.4702,101.4702,0.0
202606230827,101.93,101.93,101.93,101.93,0.0
202606230828,101.93,101.93,101.93,101.93,0.0
202606230830,101.78,101.4642,101.78,101.4642,0.0
202606230831,102.0188,101.78,102.0188,101.78,0.0
202606230838,101.76,101.76,101.76,101.76,0.0
202606230839,101.76,101.75,101.76,101.75,0.0
202606230840,101.78,101.78,101.78,101.78,0.0
202606230843,101.8,101.5766,101.8,101.5766,0.0
202606230844,101.87,102.07,102.07,101.87,0.0
202606230845,102.0,102.0,102.0,102.0,0.0
202606230847,102.0,102.0,102.0,102.0,0.0
202606230855,102.0,102.0,102.0,102.0,0.0
202606230858,102.0492,102.0156,102.0492,102.0156,0.0
202606230903,102.01,102.01,102.01,102.01,0.0
202606230904,102.16,102.16,102.16,102.16,0.0
202606230906,102.3,102.3,102.3,102.3,0.0
202606230911,102.0,102.0,102.0,102.0,0.0
202606230912,102.0,102.0,102.0,102.0,0.0
202606230919,102.0156,102.0156,102.0156,102.0156,0.0
202606230921,102.23,102.23,102.23,102.23,0.0
202606230922,102.0598,102.0598,102.0598,102.0598,0.0
202606230924,102.16,102.3,102.3,102.16,0.0
202606230928,101.4202,101.4202,101.4202,101.4202,0.0
202606230929,102.15,102.3,102.3,102.1,0.0
202606230931,102.3,102.3,102.3,102.3,0.0
202606230934,102.3,102.3,102.3,102.3,0.0
202606230935,101.6859,101.6859,101.6859,101.6859,0.0
202606230941,102.26,102.29,102.29,102.26,0.0
202606230946,102.26,102.38,102.4,102.26,0.0
202606230948,102.37,102.37,102.37,102.37,0.0
202606230953,102.0,102.2,102.21,102.0,0.0
202606230957,102.0,102.0,102.0,102.0,0.0
202606230959,102.9588,102.9588,102.9588,102.9588,0.0
202606231009,102.37,102.37,102.37,102.37,0.0
202606231010,102.37,102.37,102.37,102.37,0.0
202606231015,102.921,102.921,102.921,102.921,0.0
202606231016,102.43,102.39,102.43,102.33,0.0
202606231022,102.37,102.37,102.37,102.37,0.0
202606231023,102.38,102.38,102.38,102.38,0.0
202606231029,102.38,102.38,102.38,102.38,0.0
202606231030,102.35,102.37,102.38,102.35,0.0
202606231034,102.33,102.34,102.34,102.33,0.0
202606231036,102.06,102.06,102.06,102.06,0.0
202606231038,102.25,102.25,102.25,102.25,0.0
202606231042,101.4012,101.4012,101.4012,101.4012,0.0
202606231043,102.06,102.06,102.06,102.06,0.0
202606231046,102.0,102.0,102.0,102.0,0.0
202606231047,102.0,102.0,102.0,102.0,0.0
202606231058,102.0,102.0,102.0,102.0,0.0
202606231100,102.2,101.8,102.36,101.8,0.0
202606231101,102.45,102.45,102.45,101.8,0.0
202606231103,102.26,102.35,102.35,102.26,0.0
202606231105,102.3,102.3,102.3,102.3,0.0
202606231106,101.58,101.58,101.58,101.58,0.0
202606231107,102.37,102.37,102.37,102.37,0.0
202606231109,101.58,101.58,101.58,101.58,0.0
202606231110,102.05,102.0,102.05,102.0,0.0
202606231112,102.04,102.32,102.36,102.04,0.0
202606231114,102.12,102.1,102.12,102.1,0.0
202606231115,102.15,102.15,102.15,102.15,0.0
202606231116,102.11,102.09,102.11,102.09,0.0
202606231117,102.09,102.09,102.09,102.09,0.0
202606231120,102.0,102.33,102.33,102.0,0.0
202606231121,102.35,102.36,102.36,102.35,0.0
202606231124,101.58,101.58,101.58,101.58,0.0
202606231126,102.36,102.37,102.37,102.36,0.0
202606231127,102.37,102.37,102.37,102.37,0.0
202606231128,101.6003,102.35,102.35,101.6003,0.0
202606231129,102.35,102.35,102.35,102.35,0.0
202606231130,102.11,102.11,102.11,102.11,0.0
202606231131,102.29,101.58,102.29,101.58,0.0
202606231132,101.5997,102.37,102.37,101.5997,0.0
202606231136,102.37,102.11,102.37,102.11,0.0
202606231137,102.11,102.11,102.12,102.1,0.0
202606231140,102.33,102.33,102.33,102.33,0.0
202606231141,102.0,102.0,102.0,102.0,0.0
202606231142,102.3507,102.3507,102.3507,102.3507,0.0
202606231143,102.0,102.04,102.1,102.0,0.0
202606231145,102.0,102.0,102.0,102.0,0.0
202606231146,102.04,102.04,102.04,102.04,0.0
202606231147,102.1,102.1,102.1,102.1,0.0
202606231148,102.02,102.37,102.37,102.02,0.0
202606231150,101.7,101.7,101.7,101.7,0.0
202606231151,102.0,102.0,102.0,102.0,0.0
202606231152,101.7858,101.7858,101.7858,101.7858,0.0
202606231153,102.1,102.1,102.1,102.1,0.0
202606231154,102.25,102.0,102.28,102.0,0.0
202606231155,102.0,102.28,102.28,102.0,0.0
202606231156,102.2,102.3532,102.36,102.2,0.0
202606231157,102.37,102.26,102.37,102.26,0.0
202606231158,102.3497,101.7,102.3497,101.7,0.0
202606231159,101.7,101.7,101.7,101.7,0.0
202606231208,102.0,102.0,102.0,102.0,0.0
202606231209,102.26,102.3,102.3,102.26,0.0
202606231211,102.26,102.28,102.28,102.26,0.0
202606231212,102.3,102.3532,102.3532,102.3,0.0
202606231214,102.3532,102.3532,102.3532,102.3532,0.0
202606231215,102.26,102.0,102.3,102.0,0.0
202606231216,102.33,102.18,102.33,102.18,0.0
202606231217,101.7167,101.7167,101.7167,101.7167,0.0
202606231218,101.7,101.7,101.7,101.7,0.0
202606231219,102.31,102.33,102.33,102.31,0.0
202606231221,102.0,102.0,102.0,102.0,0.0
202606231222,101.7,101.7,101.7,101.7,0.0
202606231223,102.31,102.31,102.31,102.31,0.0
202606231224,102.0,101.58,102.04,101.58,0.0
202606231225,102.03,102.03,102.03,102.02,0.0
202606231226,101.58,101.58,101.58,101.58,0.0
202606231227,101.58,102.0,102.0,101.58,0.0
202606231228,102.04,102.04,102.04,102.04,0.0
202606231229,102.04,102.04,102.04,102.04,0.0
202606231230,101.6003,102.0,102.2,101.6003,0.0
202606231231,102.0193,102.0193,102.0193,102.0193,0.0
202606231233,102.37,102.0,102.37,102.0,0.0
202606231234,102.35,102.03,102.35,102.03,0.0
202606231235,102.03,102.028,102.03,102.01,0.0
202606231236,102.37,102.37,102.37,102.37,0.0
202606231237,102.01,102.01,102.01,102.01,0.0
202606231238,102.17,102.17,102.17,102.17,0.0
202606231239,102.18,102.2,102.2,102.1,0.0
202606231240,102.03,102.03,102.03,102.03,0.0
202606231241,102.17,102.05,102.19,102.05,0.0
202606231242,102.03,102.03,102.03,102.03,0.0
202606231244,102.16,102.27,102.27,102.16,0.0
202606231245,102.24,102.0477,102.3635,102.0477,0.0
202606231246,102.37,102.37,102.37,102.37,0.0
202606231247,102.28,102.28,102.28,102.28,0.0
202606231249,102.1335,102.1335,102.1335,102.1335,0.0
202606231250,102.25,102.27,102.27,102.24,0.0
202606231252,102.13,102.13,102.13,102.13,0.0
202606231253,102.12,102.28,102.28,102.12,0.0
202606231254,102.24,102.362,102.362,102.24,0.0
202606231255,102.11,102.0,102.11,101.98,0.0
202606231256,101.99,101.8,101.99,101.8,0.0
202606231257,102.0,101.85,102.02,101.85,0.0
202606231258,102.01,102.0026,102.01,102.0,0.0
202606231259,102.0,102.0487,102.0487,102.0,0.0
202606231300,102.05,102.3612,102.3612,102.05,0.0
202606231301,102.24,102.25,102.25,102.24,0.0
202606231302,102.02,102.02,102.02,102.02,0.0
202606231304,102.0385,102.28,102.28,102.0385,0.0
202606231305,102.24,102.17,102.24,102.17,0.0
202606231306,102.02,102.02,102.02,102.02,0.0
202606231307,102.0555,102.0555,102.0555,102.0555,0.0
202606231308,102.15,101.58,102.15,101.58,0.0
202606231309,101.58,101.58,102.1,101.58,0.0
202606231310,102.02,102.0,102.02,101.79,0.0
202606231311,102.0,102.15,102.15,101.72,0.0
202606231312,101.8,101.58,101.8,101.58,0.0
202606231314,102.37,102.25,102.37,101.58,0.0
202606231330,102.0199966430664,101.8499984741211,102.0199966430664,101.8499984741211,21653.0
202606231331,101.80000305175781,102.36000061035156,102.41000366210938,101.80000305175781,196073.0
202606231332,102.38999938964844,102.3550033569336,102.62000274658203,102.23999786376953,49405.0
202606231333,102.48999786376953,102.21499633789062,102.48999786376953,102.18000030517578,24120.0
202606231334,102.1500015258789,102.23999786376953,102.23999786376953,102.0999984741211,14234.0
202606231335,102.23999786376953,102.31400299072266,102.4000015258789,102.16999816894531,19397.0
202606231336,102.33000183105469,102.61000061035156,102.63719177246094,102.32499694824219,29814.0
202606231337,102.6050033569336,102.36499786376953,102.6500015258789,102.30500030517578,19787.0
202606231338,102.31999969482422,102.6500015258789,102.69000244140625,102.31999969482422,32226.0
202606231339,102.62999725341797,102.69000244140625,102.70999908447266,102.55999755859375,20750.0
202606231340,102.65038299560547,102.91999816894531,102.92500305175781,102.5999984741211,30901.0
202606231341,102.91500091552734,103.23999786376953,103.2699966430664,102.88999938964844,59458.0
202606231342,103.25,103.69000244140625,103.69000244140625,103.2300033569336,57121.0
202606231343,103.68041229248047,103.83999633789062,103.83999633789062,103.59020233154297,98197.0
202606231344,103.83999633789062,103.68000030517578,103.87000274658203,103.6500015258789,60640.0
202606231345,103.62999725341797,103.58999633789062,103.67500305175781,103.44000244140625,19230.0
202606231346,103.63999938964844,103.66000366210938,103.75499725341797,103.63999938964844,34250.0
202606231347,103.6500015258789,103.68499755859375,103.76000213623047,103.63999938964844,16465.0
202606231348,103.63500213623047,103.91000366210938,103.92500305175781,103.61000061035156,120976.0
202606231349,103.91000366210938,103.81999969482422,103.94000244140625,103.79499816894531,40559.0
202606231350,103.81500244140625,103.83000183105469,103.9000015258789,103.77999877929688,19034.0
202606231351,103.83499908447266,103.81999969482422,103.88999938964844,103.81900024414062,16307.0
202606231352,103.79900360107422,103.9800033569336,104.04000091552734,103.79900360107422,39003.0
202606231353,103.9800033569336,103.91000366210938,104.04000091552734,103.83999633789062,52148.0
202606231354,103.91000366210938,103.6164321899414,103.92500305175781,103.55999755859375,31607.0
202606231355,103.58999633789062,103.5083999633789,103.63999938964844,103.5,36650.0
202606231356,103.45999908447266,103.4000015258789,103.45999908447266,103.37000274658203,17496.0
202606231357,103.3949966430664,103.3949966430664,103.44000244140625,103.29499816894531,16134.0
202606231358,103.3949966430664,103.12000274658203,103.41000366210938,103.12000274658203,26562.0
202606231359,103.11000061035156,103.08000183105469,103.12000274658203,102.9749984741211,19134.0
202606231400,103.1050033569336,103.12000274658203,103.15499877929688,103.0250015258789,39621.0
202606231401,103.12999725341797,103.2750015258789,103.37999725341797,103.1050033569336,29167.0
202606231402,103.27999877929688,103.2300033569336,103.3301010131836,103.2300033569336,29329.0
202606231403,103.23500061035156,103.23249816894531,103.41999816894531,103.20999908447266,48449.0
202606231404,103.2300033569336,103.20500183105469,103.23999786376953,103.10279846191406,31509.0
202606231405,103.19999694824219,103.44000244140625,103.44999694824219,103.19999694824219,31830.0
202606231406,103.42500305175781,103.43499755859375,103.51000213623047,103.4000015258789,29311.0
202606231407,103.43000030517578,103.44999694824219,103.45999908447266,103.37999725341797,19494.0
202606231408,103.44999694824219,103.37000274658203,103.44999694824219,103.36499786376953,11779.0
202606231409,103.37000274658203,103.52999877929688,103.52999877929688,103.29000091552734,25649.0
202606231410,103.51499938964844,103.44999694824219,103.55000305175781,103.43000030517578,19195.0
202606231411,103.42500305175781,103.48500061035156,103.55000305175781,103.41999816894531,28959.0
202606231412,103.51000213623047,103.69000244140625,103.69000244140625,103.51000213623047,19329.0
202606231413,103.69499969482422,103.79010009765625,103.83999633789062,103.6500015258789,27435.0
202606231414,103.87999725341797,103.82499694824219,103.91999816894531,103.76499938964844,24021.0
202606231415,103.83499908447266,103.84500122070312,103.86900329589844,103.70999908447266,17319.0
202606231416,103.86000061035156,103.93499755859375,103.96499633789062,103.83000183105469,22905.0
202606231417,103.95999908447266,103.91680145263672,104.02999877929688,103.91680145263672,37918.0
202606231418,103.94000244140625,103.84500122070312,103.94000244140625,103.84500122070312,12451.0
202606231419,103.8499984741211,103.76499938964844,103.8949966430664,103.76499938964844,11108.0
202606231420,103.7699966430664,103.6050033569336,103.80999755859375,103.6050033569336,15151.0
202606231421,103.5999984741211,103.54000091552734,103.62999725341797,103.52010345458984,36544.0
202606231422,103.55999755859375,103.68000030517578,103.69999694824219,103.55999755859375,13961.0
202606231423,103.70999908447266,103.74500274658203,103.7699966430664,103.70999908447266,8283.0
202606231424,103.74500274658203,103.80999755859375,103.80999755859375,103.71499633789062,9727.0
202606231425,103.80000305175781,103.79000091552734,103.8499984741211,103.76499938964844,13721.0
202606231426,103.79000091552734,103.79000091552734,103.79499816894531,103.70500183105469,16142.0
202606231427,103.77999877929688,103.6675033569336,103.82499694824219,103.6675033569336,10788.0
202606231428,103.66999816894531,103.75499725341797,103.76000213623047,103.66999816894531,24355.0
202606231429,103.75,103.74500274658203,103.76499938964844,103.66000366210938,9295.0
202606231430,103.7300033569336,103.62010192871094,103.7300033569336,103.61000061035156,17390.0
202606231431,103.62000274658203,103.70999908447266,103.70999908447266,103.56999969482422,7938.0
202606231432,103.69999694824219,103.73999786376953,103.73999786376953,103.69000244140625,9716.0
202606231433,103.70999908447266,103.67500305175781,103.73899841308594,103.67500305175781,13550.0
202606231434,103.66500091552734,103.55999755859375,103.66500091552734,103.5000991821289,7340.0
202606231435,103.56999969482422,103.56999969482422,103.58000183105469,103.52999877929688,11323.0
202606231436,103.55999755859375,103.55010223388672,103.56500244140625,103.5,13387.0
202606231437,103.56500244140625,103.66000366210938,103.66000366210938,103.5625,10261.0
202606231438,103.66999816894531,103.6449966430664,103.68000030517578,103.62999725341797,8241.0
202606231439,103.66999816894531,103.70999908447266,103.70999908447266,103.63500213623047,9269.0
202606231440,103.69499969482422,103.5999984741211,103.69999694824219,103.58000183105469,10084.0
202606231441,103.5999984741211,103.58000183105469,103.63999938964844,103.5,16716.0
202606231442,103.61000061035156,103.55999755859375,103.61000061035156,103.5199966430664,17525.0
202606231443,103.56500244140625,103.7699966430664,103.7699966430664,103.54000091552734,18120.0
202606231444,103.73999786376953,103.73999786376953,103.7699966430664,103.69999694824219,21883.0
202606231445,103.7699966430664,103.6500015258789,103.79000091552734,103.6500015258789,24575.0
202606231446,103.66999816894531,103.80000305175781,103.83000183105469,103.66999816894531,9598.0
202606231447,103.79000091552734,103.7750015258789,103.80999755859375,103.7699966430664,4853.0
202606231448,103.77999877929688,103.8949966430664,103.9000015258789,103.7699966430664,30659.0
202606231449,103.875,103.84500122070312,103.93000030517578,103.83499908447266,8595.0
202606231450,103.84500122070312,103.76000213623047,103.84500122070312,103.7300033569336,6967.0
202606231451,103.75,103.7750015258789,103.81500244140625,103.73999786376953,9552.0
202606231452,103.80000305175781,103.87999725341797,103.91500091552734,103.75,35575.0
202606231453,103.87999725341797,103.9000015258789,103.91000366210938,103.80000305175781,13098.0
202606231454,103.9000015258789,103.8949966430664,103.91000366210938,103.86499786376953,8679.0
202606231455,103.9000015258789,103.74500274658203,103.9000015258789,103.74500274658203,9396.0
202606231456,103.75,103.65499877929688,103.75499725341797,103.62010192871094,46013.0
202606231457,103.69000244140625,103.66000366210938,103.70500183105469,103.63999938964844,20204.0
202606231458,103.66500091552734,103.62999725341797,103.66500091552734,103.5999984741211,8863.0
202606231459,103.63999938964844,103.58999633789062,103.63999938964844,103.58000183105469,12829.0
202606231500,103.62000274658203,103.54000091552734,103.62000274658203,103.5,20189.0
202606231501,103.53099822998047,103.49749755859375,103.55999755859375,103.47000122070312,11310.0
202606231502,103.50499725341797,103.47000122070312,103.50499725341797,103.41999816894531,11198.0
202606231503,103.44999694824219,103.37000274658203,103.44999694824219,103.36499786376953,14491.0
202606231504,103.3550033569336,103.29000091552734,103.3550033569336,103.2615966796875,9267.0
202606231505,103.26000213623047,103.2699966430664,103.2699966430664,103.19000244140625,11003.0
202606231506,103.2699966430664,103.1449966430664,103.2699966430664,103.13500213623047,18143.0
202606231507,103.1500015258789,103.13999938964844,103.1500015258789,103.08000183105469,8257.0
202606231508,103.16000366210938,103.08000183105469,103.16999816894531,103.06999969482422,10526.0
202606231509,103.06999969482422,103.06999969482422,103.0999984741211,103.03500366210938,6308.0
202606231510,103.11000061035156,102.94999694824219,103.11000061035156,102.91999816894531,22368.0
202606231511,102.94999694824219,103.04000091552734,103.12000274658203,102.94000244140625,88388.0
202606231512,103.04000091552734,103.125,103.16000366210938,102.97000122070312,62464.0
202606231513,103.13999938964844,103.16000366210938,103.19999694824219,103.13999938964844,13429.0
202606231514,103.18000030517578,103.2300033569336,103.25499725341797,103.16000366210938,17373.0
202606231515,103.20999908447266,103.20500183105469,103.22000122070312,103.1449966430664,67370.0
202606231516,103.20500183105469,103.08499908447266,103.20500183105469,103.08000183105469,17301.0
202606231517,103.0999984741211,103.05500030517578,103.12999725341797,103.02999877929688,15432.0
202606231518,103.05500030517578,103.13999938964844,103.16000366210938,103.05500030517578,31562.0
202606231519,103.11000061035156,103.05000305175781,103.12000274658203,103.02159881591797,9641.0
202606231520,103.05999755859375,102.91999816894531,103.05999755859375,102.87999725341797,32213.0
202606231521,102.90499877929688,102.8550033569336,102.90499877929688,102.82009887695312,21562.0
202606231522,102.84500122070312,102.94499969482422,102.97000122070312,102.81999969482422,18871.0
202606231523,102.94999694824219,102.92500305175781,102.97000122070312,102.91999816894531,11615.0
202606231524,102.91999816894531,102.81999969482422,102.94000244140625,102.81310272216797,29206.0
202606231525,102.83000183105469,102.80000305175781,102.87000274658203,102.80000305175781,14336.0
202606231526,102.83000183105469,102.81500244140625,102.83999633789062,102.76010131835938,11044.0
202606231527,102.83000183105469,102.81999969482422,102.87000274658203,102.81999969482422,9232.0
202606231528,102.81999969482422,102.80000305175781,102.82499694824219,102.7699966430664,18080.0
202606231529,102.81999969482422,102.80999755859375,102.83000183105469,102.75,22661.0
202606231530,102.80999755859375,102.79499816894531,102.81999969482422,102.75,10225.0
202606231531,102.79499816894531,102.78500366210938,102.83999633789062,102.77999877929688,7003.0
202606231532,102.79000091552734,102.75,102.80000305175781,102.75,7251.0
202606231533,102.76000213623047,102.86499786376953,102.91999816894531,102.76000213623047,24790.0
202606231534,102.87000274658203,102.91000366210938,102.91999816894531,102.80000305175781,89670.0
202606231535,102.91000366210938,102.91000366210938,102.93000030517578,102.86000061035156,32182.0
202606231536,102.9000015258789,102.9000015258789,102.91999816894531,102.87999725341797,26240.0
202606231537,102.90979766845703,102.9000015258789,102.91000366210938,102.86000061035156,30119.0
202606231538,102.9000015258789,102.97000122070312,102.97000122070312,102.9000015258789,10402.0
202606231539,102.9800033569336,102.97000122070312,102.98999786376953,102.94999694824219,3294.0
202606231540,102.9800033569336,102.98999786376953,103.00990295410156,102.95999908447266,12264.0
202606231541,102.99009704589844,102.9749984741211,103.01000213623047,102.95999908447266,32514.0
202606231542,102.9749984741211,103.05999755859375,103.05999755859375,102.95999908447266,25717.0
202606231543,103.06999969482422,103.08000183105469,103.0999984741211,103.04000091552734,16016.0
202606231544,103.08499908447266,103.12000274658203,103.12000274658203,103.06500244140625,6753.0
202606231545,103.12999725341797,103.1500015258789,103.1500015258789,103.1050033569336,8827.0
202606231546,103.1500015258789,103.22979736328125,103.22979736328125,103.1500015258789,14202.0
202606231547,103.22989654541016,103.31500244140625,103.31500244140625,103.17009735107422,29061.0
202606231548,103.33000183105469,103.38500213623047,103.4000015258789,103.31999969482422,42466.0
202606231549,103.37010192871094,103.29000091552734,103.38500213623047,103.2699966430664,16485.0
202606231550,103.27999877929688,103.31999969482422,103.375,103.27999877929688,39316.0
202606231551,103.3499984741211,103.34500122070312,103.3550033569336,103.31999969482422,4857.0
202606231552,103.3499984741211,103.33999633789062,103.37000274658203,103.30999755859375,11348.0
202606231553,103.31999969482422,103.30000305175781,103.33499908447266,103.29000091552734,4153.0
202606231554,103.31999969482422,103.33000183105469,103.37999725341797,103.30999755859375,16449.0
202606231555,103.31999969482422,103.3499984741211,103.37000274658203,103.2699966430664,9779.0
202606231556,103.37000274658203,103.36000061035156,103.37000274658203,103.30999755859375,5743.0
202606231557,103.37000274658203,103.43000030517578,103.43000030517578,103.31500244140625,19470.0
202606231558,103.41999816894531,103.37999725341797,103.45999908447266,103.36000061035156,23129.0
202606231559,103.37999725341797,103.37999725341797,103.38999938964844,103.31999969482422,12065.0
202606231600,103.37000274658203,103.41999816894531,103.41999816894531,103.37000274658203,5043.0
202606231601,103.40010070800781,103.41999816894531,103.44999694824219,103.4000015258789,9571.0
202606231602,103.43000030517578,103.41500091552734,103.44999694824219,103.41500091552734,10611.0
202606231603,103.41000366210938,103.36000061035156,103.41500091552734,103.36000061035156,5693.0
202606231604,103.37000274658203,103.41000366210938,103.43000030517578,103.36000061035156,83166.0
202606231605,103.41999816894531,103.5199966430664,103.5199966430664,103.41999816894531,21547.0
202606231606,103.5199966430664,103.5,103.57499694824219,103.5,44640.0
202606231607,103.50499725341797,103.50509643554688,103.51499938964844,103.45999908447266,35360.0
202606231608,103.50499725341797,103.46900177001953,103.50499725341797,103.44499969482422,20699.0
202606231609,103.4749984741211,103.48999786376953,103.48999786376953,103.47000122070312,4739.0
202606231610,103.48999786376953,103.45999908447266,103.5,103.45999908447266,7537.0
202606231611,103.44999694824219,103.41000366210938,103.44999694824219,103.41000366210938,6695.0
202606231612,103.41000366210938,103.33999633789062,103.41000366210938,103.33999633789062,7250.0
202606231613,103.33999633789062,103.37999725341797,103.37999725341797,103.33999633789062,7065.0
202606231614,103.37920379638672,103.41500091552734,103.41500091552734,103.37920379638672,6261.0
202606231615,103.41999816894531,103.4800033569336,103.4800033569336,103.37999725341797,16298.0
202606231616,103.47000122070312,103.38500213623047,103.47000122070312,103.375,5309.0
202606231617,103.36750030517578,103.37000274658203,103.41999816894531,103.36750030517578,7387.0
202606231618,103.3499984741211,103.33499908447266,103.3499984741211,103.30509948730469,4468.0
202606231619,103.3499984741211,103.36000061035156,103.36000061035156,103.2699966430664,8530.0
202606231620,103.3499984741211,103.37999725341797,103.38999938964844,103.34500122070312,8365.0
202606231621,103.37999725341797,103.38999938964844,103.4000015258789,103.36000061035156,7308.0
202606231622,103.3949966430664,103.38999938964844,103.3949966430664,103.37000274658203,4110.0
202606231623,103.4000015258789,103.37000274658203,103.40552520751953,103.37000274658203,4447.0
202606231624,103.37989807128906,103.3499984741211,103.37989807128906,103.3499984741211,3826.0
202606231625,103.3550033569336,103.41000366210938,103.41999816894531,103.3550033569336,8780.0
202606231626,103.43000030517578,103.44000244140625,103.44999694824219,103.43000030517578,6192.0
202606231627,103.44000244140625,103.44999694824219,103.44999694824219,103.41010284423828,8040.0
202606231628,103.44999694824219,103.41000366210938,103.55500030517578,103.41000366210938,20407.0
202606231629,103.39009857177734,103.42500305175781,103.42500305175781,103.38999938964844,4954.0
202606231630,103.42500305175781,103.38999938964844,103.43000030517578,103.38999938964844,7473.0
202606231631,103.41000366210938,103.5,103.52999877929688,103.41000366210938,12895.0
202606231632,103.5,103.4800033569336,103.50499725341797,103.47000122070312,4333.0
202606231633,103.45999908447266,103.45500183105469,103.47000122070312,103.45500183105469,4037.0
202606231634,103.44999694824219,103.44999694824219,103.45500183105469,103.41000366210938,12661.0
202606231635,103.44999694824219,103.44499969482422,103.47989654541016,103.44000244140625,18289.0
202606231636,103.44999694824219,103.44499969482422,103.45999908447266,103.43009948730469,9229.0
202606231637,103.45999908447266,103.48999786376953,103.48999786376953,103.45999908447266,6025.0
202606231638,103.4656982421875,103.5,103.51000213623047,103.4656982421875,9689.0
202606231639,103.5,103.5250015258789,103.55000305175781,103.5,12546.0
202606231640,103.5250015258789,103.51000213623047,103.55000305175781,103.51000213623047,18385.0
202606231641,103.51000213623047,103.5,103.51000213623047,103.48999786376953,2199.0
202606231642,103.51000213623047,103.46499633789062,103.51000213623047,103.46499633789062,3150.0
202606231643,103.46499633789062,103.4800033569336,103.4800033569336,103.44000244140625,4559.0
202606231644,103.47000122070312,103.47000122070312,103.5,103.47000122070312,8998.0
202606231645,103.48999786376953,103.5,103.50499725341797,103.47000122070312,9272.0
202606231646,103.51000213623047,103.47000122070312,103.51000213623047,103.47000122070312,3596.0
202606231647,103.47000122070312,103.49500274658203,103.5199966430664,103.45950317382812,10598.0
202606231648,103.5,103.51000213623047,103.5199966430664,103.49030303955078,4659.0
202606231649,103.51000213623047,103.51000213623047,103.51000213623047,103.49009704589844,9089.0
202606231650,103.5199966430664,103.44999694824219,103.55000305175781,103.44999694824219,30013.0
202606231651,103.44499969482422,103.40499877929688,103.44499969482422,103.40499877929688,9119.0
202606231652,103.4000015258789,103.43000030517578,103.43000030517578,103.39440155029297,3617.0
202606231653,103.41999816894531,103.47000122070312,103.47000122070312,103.41999816894531,6501.0
202606231654,103.48989868164062,103.45999908447266,103.48989868164062,103.44999694824219,17438.0
202606231655,103.44999694824219,103.45999908447266,103.4800033569336,103.44000244140625,5409.0
202606231656,103.45999908447266,103.48999786376953,103.5,103.44999694824219,8607.0
202606231657,103.48999786376953,103.5,103.54000091552734,103.4800033569336,10890.0
202606231658,103.5,103.49500274658203,103.51000213623047,103.46499633789062,10141.0
202606231659,103.47000122070312,103.47000122070312,103.5,103.44000244140625,6552.0
202606231700,103.47000122070312,103.48999786376953,103.48999786376953,103.44999694824219,4174.0
202606231701,103.48999786376953,103.48999786376953,103.51000213623047,103.48999786376953,8159.0
202606231702,103.49500274658203,103.47000122070312,103.49500274658203,103.46499633789062,7313.0
202606231703,103.47010040283203,103.48999786376953,103.48999786376953,103.46749877929688,3467.0
202606231704,103.49500274658203,103.46499633789062,103.50990295410156,103.46499633789062,6281.0
202606231705,103.46499633789062,103.4749984741211,103.4800033569336,103.46499633789062,2522.0
202606231706,103.4800033569336,103.48500061035156,103.48999786376953,103.4800033569336,6632.0
202606231707,103.48500061035156,103.38999938964844,103.48500061035156,103.38999938964844,9217.0
202606231708,103.4000015258789,103.41999816894531,103.41999816894531,103.37999725341797,9324.0
202606231709,103.40499877929688,103.38999938964844,103.44499969482422,103.38999938964844,26986.0
202606231710,103.38999938964844,103.36499786376953,103.38999938964844,103.36000061035156,3500.0
202606231711,103.36499786376953,103.38749694824219,103.38749694824219,103.36000061035156,5058.0
202606231712,103.37999725341797,103.30500030517578,103.37999725341797,103.30500030517578,7249.0
202606231713,103.31999969482422,103.31500244140625,103.33499908447266,103.30000305175781,5145.0
202606231714,103.30999755859375,103.33000183105469,103.33999633789062,103.29730224609375,8164.0
202606231715,103.31999969482422,103.33000183105469,103.33000183105469,103.30999755859375,7754.0
202606231716,103.33499908447266,103.33000183105469,103.33999633789062,103.31999969482422,7377.0
202606231717,103.32499694824219,103.30999755859375,103.33999633789062,103.30000305175781,7074.0
202606231718,103.30999755859375,103.33499908447266,103.33999633789062,103.29000091552734,10029.0
202606231719,103.33499908447266,103.33999633789062,103.3499984741211,103.31999969482422,11096.0
202606231720,103.33999633789062,103.3499984741211,103.37999725341797,103.33000183105469,13521.0
202606231721,103.36000061035156,103.3499984741211,103.37999725341797,103.33000183105469,11145.0
202606231722,103.36000061035156,103.34500122070312,103.375,103.33000183105469,7887.0
202606231723,103.3499984741211,103.38999938964844,103.3949966430664,103.34500122070312,6899.0
202606231724,103.38999938964844,103.37999725341797,103.4000015258789,103.375,7037.0
202606231725,103.37999725341797,103.33499908447266,103.37999725341797,103.33499908447266,6208.0
202606231726,103.33499908447266,103.33499908447266,103.34320068359375,103.31999969482422,3713.0
202606231727,103.33000183105469,103.27999877929688,103.33000183105469,103.2750015258789,13067.0
202606231728,103.27999877929688,103.29499816894531,103.29499816894531,103.21499633789062,20672.0
202606231729,103.2750015258789,103.21499633789062,103.27999877929688,103.21499633789062,11148.0
202606231730,103.2300033569336,103.23999786376953,103.23999786376953,103.20500183105469,12320.0
202606231731,103.2249984741211,103.19000244140625,103.2249984741211,103.19000244140625,2877.0
202606231732,103.16000366210938,103.1500015258789,103.18000030517578,103.1500015258789,5482.0
202606231733,103.12999725341797,103.11000061035156,103.1500015258789,103.0999984741211,6104.0
202606231734,103.12000274658203,103.1500015258789,103.1500015258789,103.11499786376953,8520.0
202606231735,103.1500015258789,103.13999938964844,103.16999816894531,103.12999725341797,10045.0
202606231736,103.13999938964844,103.14009857177734,103.16000366210938,103.13009643554688,8990.0
202606231737,103.13999938964844,103.14510345458984,103.19000244140625,103.13500213623047,10707.0
202606231738,103.13999938964844,103.16000366210938,103.16999816894531,103.13999938964844,8431.0
202606231739,103.1500015258789,103.19000244140625,103.21499633789062,103.13999938964844,9277.0
202606231740,103.19000244140625,103.25499725341797,103.27999877929688,103.16999816894531,42881.0
202606231741,103.24500274658203,103.21990203857422,103.24500274658203,103.18499755859375,9804.0
202606231742,103.19999694824219,103.13999938964844,103.2249984741211,103.13999938964844,10543.0
202606231743,103.16000366210938,103.1500015258789,103.16000366210938,103.1500015258789,4005.0
202606231744,103.1500015258789,103.18000030517578,103.18499755859375,103.1500015258789,5126.0
202606231745,103.18000030517578,103.26499938964844,103.2699966430664,103.1500015258789,145562.0
202606231746,103.27999877929688,103.38800048828125,103.44000244140625,103.19999694824219,66374.0
202606231747,103.37999725341797,103.26499938964844,103.37999725341797,103.26499938964844,39504.0
202606231748,103.30500030517578,103.23999786376953,103.32499694824219,103.2300033569336,28503.0
202606231749,103.26000213623047,103.2249984741211,103.27999877929688,103.21499633789062,8218.0
202606231750,103.21499633789062,103.2300033569336,103.23999786376953,103.19000244140625,10825.0
202606231751,103.2300033569336,103.27999877929688,103.29000091552734,103.22000122070312,41923.0
202606231752,103.29000091552734,103.2699966430664,103.30000305175781,103.2699966430664,7492.0
202606231753,103.2699966430664,103.31500244140625,103.33000183105469,103.2699966430664,13941.0
202606231754,103.31500244140625,103.25422668457031,103.33999633789062,103.25422668457031,10312.0
202606231755,103.26000213623047,103.23999786376953,103.26000213623047,103.18499755859375,9562.0
202606231756,103.21499633789062,103.22000122070312,103.25,103.20120239257812,4851.0
202606231757,103.19039916992188,103.16999816894531,103.20500183105469,103.16999816894531,4951.0
202606231758,103.17500305175781,103.23999786376953,103.23999786376953,103.17500305175781,11915.0
202606231759,103.2300033569336,103.27999877929688,103.27999877929688,103.2300033569336,4112.0
202606231800,103.2572021484375,103.33999633789062,103.33999633789062,103.2572021484375,13985.0
202606231801,103.33499908447266,103.27999877929688,103.33499908447266,103.27999877929688,6167.0
202606231802,103.30000305175781,103.30000305175781,103.30000305175781,103.26000213623047,8087.0
202606231803,103.30999755859375,103.30999755859375,103.31999969482422,103.2699966430664,9281.0
202606231804,103.30500030517578,103.33499908447266,103.33999633789062,103.30500030517578,16338.0
202606231805,103.33499908447266,103.36000061035156,103.38999938964844,103.33499908447266,12302.0
202606231806,103.38999938964844,103.37000274658203,103.43000030517578,103.37000274658203,63158.0
202606231807,103.36509704589844,103.32499694824219,103.37000274658203,103.32499694824219,5088.0
202606231808,103.32499694824219,103.30999755859375,103.32499694824219,103.29000091552734,5810.0
202606231809,103.30999755859375,103.33499908447266,103.33999633789062,103.30000305175781,5439.0
202606231810,103.3499984741211,103.36499786376953,103.38999938964844,103.34049987792969,14673.0
202606231811,103.36499786376953,103.3749008178711,103.37999725341797,103.3499984741211,5926.0
202606231812,103.36000061035156,103.36000061035156,103.37999725341797,103.33999633789062,6645.0
202606231813,103.36000061035156,103.30000305175781,103.36000061035156,103.26499938964844,10101.0
202606231814,103.30000305175781,103.29000091552734,103.31500244140625,103.28009796142578,4708.0
202606231815,103.2699966430664,103.32499694824219,103.32499694824219,103.26000213623047,5477.0
202606231816,103.31999969482422,103.30500030517578,103.31999969482422,103.30000305175781,10927.0
202606231817,103.30500030517578,103.3499984741211,103.3499984741211,103.30500030517578,5002.0
202606231818,103.3499984741211,103.38999938964844,103.3949966430664,103.3499984741211,8838.0
202606231819,103.3865966796875,103.30000305175781,103.4000015258789,103.30000305175781,15925.0
202606231820,103.29499816894531,103.30000305175781,103.30000305175781,103.27999877929688,5438.0
202606231821,103.30000305175781,103.31999969482422,103.33509826660156,103.30000305175781,8974.0
202606231822,103.31999969482422,103.33000183105469,103.33000183105469,103.30000305175781,11154.0
202606231823,103.31999969482422,103.33000183105469,103.33000183105469,103.30500030517578,11454.0
202606231824,103.36000061035156,103.38999938964844,103.38999938964844,103.3499984741211,6798.0
202606231825,103.4000015258789,103.45500183105469,103.47000122070312,103.4000015258789,116779.0
202606231826,103.44499969482422,103.42500305175781,103.44499969482422,103.41220092773438,6035.0
202606231827,103.43000030517578,103.41000366210938,103.43990325927734,103.41000366210938,7386.0
202606231828,103.41999816894531,103.4198989868164,103.41999816894531,103.41000366210938,10359.0
202606231829,103.41999816894531,103.42500305175781,103.44000244140625,103.41999816894531,4329.0
202606231830,103.42500305175781,103.44000244140625,103.44000244140625,103.42500305175781,6247.0
202606231831,103.43499755859375,103.5,103.5,103.42050170898438,21963.0
202606231832,103.49500274658203,103.48249816894531,103.54000091552734,103.47000122070312,15883.0
202606231833,103.48999786376953,103.55000305175781,103.55760192871094,103.4800033569336,15557.0
202606231834,103.55999755859375,103.55999755859375,103.57990264892578,103.54000091552734,6348.0
202606231835,103.55999755859375,103.48999786376953,103.55999755859375,103.47000122070312,22169.0
202606231836,103.4800033569336,103.47000122070312,103.48999786376953,103.44999694824219,17145.0
202606231837,103.4800033569336,103.4749984741211,103.5199966430664,103.4749984741211,7762.0
202606231838,103.45999908447266,103.43000030517578,103.5,103.4000015258789,51188.0
202606231839,103.42500305175781,103.43000030517578,103.44999694824219,103.38999938964844,53406.0
202606231840,103.41500091552734,103.4000015258789,103.44999694824219,103.37000274658203,29741.0
202606231841,103.38500213623047,103.375,103.40499877929688,103.37000274658203,8232.0
202606231842,103.37999725341797,103.31999969482422,103.37999725341797,103.30999755859375,7701.0
202606231843,103.30999755859375,103.30000305175781,103.33999633789062,103.27999877929688,6840.0
202606231844,103.30999755859375,103.31999969482422,103.31999969482422,103.28500366210938,13075.0
202606231845,103.33000183105469,103.43499755859375,103.44000244140625,103.31999969482422,27828.0
202606231846,103.41000366210938,103.43000030517578,103.44999694824219,103.4000015258789,15530.0
202606231847,103.41000366210938,103.45500183105469,103.4800033569336,103.40499877929688,15765.0
202606231848,103.45999908447266,103.45010375976562,103.47000122070312,103.40499877929688,13173.0
202606231849,103.47000122070312,103.5,103.5,103.47000122070312,7048.0
202606231850,103.48999786376953,103.5199966430664,103.55999755859375,103.48999786376953,10726.0
202606231851,103.5199966430664,103.53500366210938,103.58000183105469,103.51000213623047,19366.0
202606231852,103.5250015258789,103.54000091552734,103.58000183105469,103.5,19393.0
202606231853,103.54000091552734,103.5199966430664,103.54000091552734,103.51000213623047,8407.0
202606231854,103.5250015258789,103.56999969482422,103.56999969482422,103.5250015258789,0.0
202606231855,103.58000183105469,103.55999755859375,103.58000183105469,103.55000305175781,5310.0
202606231856,103.53500366210938,103.54000091552734,103.54000091552734,103.5199966430664,6410.0
202606231857,103.52999877929688,103.56500244140625,103.58000183105469,103.52999877929688,22690.0
202606231858,103.58000183105469,103.61499786376953,103.62000274658203,103.56999969482422,17836.0
202606231859,103.62999725341797,103.63500213623047,103.68000030517578,103.625,17760.0
202606231900,103.63999938964844,103.625,103.63999938964844,103.61000061035156,8891.0
202606231901,103.625,103.60009765625,103.63999938964844,103.58999633789062,7503.0
202606231902,103.60009765625,103.58999633789062,103.62999725341797,103.58000183105469,11585.0
202606231903,103.58999633789062,103.58499908447266,103.62000274658203,103.58499908447266,13924.0
202606231904,103.56999969482422,103.62999725341797,103.62999725341797,103.56999969482422,7316.0
202606231905,103.63500213623047,103.67070007324219,103.67500305175781,103.62000274658203,21153.0
202606231906,103.6449966430664,103.65499877929688,103.66000366210938,103.6050033569336,6469.0
202606231907,103.63269805908203,103.6449966430664,103.68000030517578,103.63269805908203,6871.0
202606231908,103.65499877929688,103.63999938964844,103.66500091552734,103.63500213623047,8776.0
202606231909,103.63500213623047,103.63500213623047,103.63500213623047,103.63500213623047,0.0
202606240800,103.08,103.0804,103.9265,102.9598,0.0
202606240801,103.18,103.42,103.5,103.01,0.0
202606240803,103.35,103.35,103.35,103.35,0.0
202606240804,103.35,103.34,103.35,103.06,0.0
202606240805,103.34,103.19,103.81,103.01,0.0
202606240806,103.02,103.35,103.35,103.02,0.0
202606240807,103.35,103.35,103.35,103.35,0.0
202606240814,103.1285,103.1285,103.1285,103.1285,0.0
202606240815,103.1606,103.1606,103.1606,103.1606,0.0
202606240816,103.1606,103.1606,103.1606,103.1606,0.0
202606240819,103.16,103.16,103.16,103.16,0.0
202606240825,103.8488,103.43,103.8488,103.43,0.0
202606240827,103.0912,103.0912,103.0912,103.0912,0.0
202606240830,103.09,103.2,103.2,103.09,0.0
202606240833,103.43,103.44,103.46,103.38,0.0
202606240846,103.44,103.28,103.44,103.28,0.0
202606240848,103.29,103.29,103.29,103.29,0.0
202606240857,103.8017,103.8017,103.8017,103.8017,0.0
202606240859,103.108,103.108,103.108,103.108,0.0
202606240901,103.108,103.108,103.108,103.108,0.0
202606240902,103.36,103.29,103.36,103.29,0.0
202606240905,103.4702,103.4702,103.4702,103.4702,0.0
202606240906,103.4702,103.4702,103.4702,103.4702,0.0
202606240909,103.4702,103.4702,103.4702,103.4702,0.0
202606240910,103.4312,103.4312,103.4312,103.4312,0.0
202606240913,103.09,103.3,103.3,103.09,0.0
202606240915,103.109,103.109,103.109,103.109,0.0
202606240916,103.8388,103.8388,103.8388,103.8388,0.0
202606240925,103.0912,103.0912,103.0912,103.0912,0.0
202606240930,103.0912,103.0912,103.0912,103.0912,0.0
202606240932,103.4388,103.4388,103.4388,103.4388,0.0
202606240935,103.4312,103.4312,103.4312,103.4312,0.0
202606240936,103.4,103.43,103.43,103.4,0.0
202606240943,103.43,103.43,103.43,103.43,0.0
202606240958,103.29,103.3035,103.3035,103.29,0.0
202606240959,103.45,103.59,103.69,103.35,0.0
202606241000,103.85,103.85,103.85,103.85,0.0
202606241003,103.2794,103.2794,103.2794,103.2794,0.0
202606241004,103.8505,103.8505,103.8505,103.8505,0.0
202606241008,103.35,103.35,103.35,103.35,0.0
202606241009,103.8,103.8,103.8,103.8,0.0
202606241013,103.0912,103.0912,103.0912,103.0912,0.0
202606241016,103.0912,103.0912,103.0912,103.0912,0.0
202606241019,103.35,103.35,103.35,103.35,0.0
202606241022,103.43,103.43,103.43,103.43,0.0
202606241023,103.109,103.109,103.109,103.109,0.0
202606241027,103.35,103.35,103.35,103.35,0.0
202606241028,103.35,103.1106,103.35,103.1106,0.0
202606241030,103.35,103.35,103.35,103.35,0.0
202606241031,103.35,103.35,103.35,103.35,0.0
202606241039,103.53,103.49,103.53,103.49,0.0
202606241046,103.49,103.49,103.49,103.49,0.0
202606241048,103.8794,103.8794,103.8794,103.8794,0.0
202606241050,103.8394,103.8394,103.8394,103.8394,0.0
202606241053,103.49,103.49,103.49,103.49,0.0
202606241059,103.49,103.49,103.49,103.49,0.0
202606241100,103.43,103.45,103.59,103.37,0.0
202606241104,103.58,103.5,103.59,103.5,0.0
202606241105,103.58,103.58,103.58,103.58,0.0
202606241107,103.35,103.35,103.35,103.35,0.0
202606241108,103.59,103.59,103.59,103.59,0.0
202606241109,103.33,103.33,103.33,103.33,0.0
202606241111,103.37,103.38,103.38,103.36,0.0
202606241112,103.58,103.49,103.58,103.49,0.0
202606241114,103.5,103.5,103.5,103.5,0.0
202606241115,103.5,103.5,103.5,103.5,0.0
202606241116,103.5,103.54,103.54,103.5,0.0
202606241117,103.09,103.605,103.605,103.09,0.0
202606241118,103.8,103.8,103.8,103.8,0.0
202606241123,103.7,103.4357,103.7,103.4357,0.0
202606241126,103.3306,103.48,103.49,103.3306,0.0
202606241128,103.32,103.32,103.32,103.32,0.0
202606241129,103.47,103.47,103.47,103.47,0.0
202606241131,103.7,103.7,103.7,103.7,0.0
202606241132,103.7822,103.7822,103.7822,103.7822,0.0
202606241137,103.73,103.8,103.82,103.7,0.0
202606241138,103.09,103.09,103.09,103.09,0.0
202606241140,103.98,103.98,103.98,103.98,0.0
202606241145,103.09,103.52,103.64,103.09,0.0
202606241146,103.52,103.46,103.73,103.46,0.0
202606241148,103.4806,103.54,103.82,103.4806,0.0
202606241149,103.54,103.54,103.54,103.54,0.0
202606241150,103.827,103.98,103.98,103.827,0.0
202606241151,103.85,103.98,103.98,103.85,0.0
202606241153,103.85,103.85,103.85,103.85,0.0
202606241154,103.85,103.85,103.85,103.85,0.0
202606241155,103.61,103.6,103.61,103.6,0.0
202606241159,103.6095,103.6095,103.6095,103.6095,0.0
202606241200,103.89,103.89,103.89,103.89,0.0
202606241201,103.63,103.63,103.63,103.63,0.0
202606241202,103.82,103.82,103.82,103.82,0.0
202606241204,103.81,103.81,103.81,103.81,0.0
202606241205,103.82,103.6,103.82,103.6,0.0
202606241207,103.6,103.6,103.6,103.6,0.0
202606241208,103.7,103.7,103.7,103.7,0.0
202606241209,103.67,103.7,103.7,103.6,0.0
202606241214,103.61,103.61,103.61,103.61,0.0
202606241215,103.61,103.61,103.61,103.61,0.0
202606241216,103.6072,103.6072,103.6072,103.6072,0.0
202606241217,103.7,103.65,103.7,103.61,0.0
202606241219,103.62,103.62,103.62,103.62,0.0
202606241220,103.75,103.75,103.75,103.75,0.0
202606241221,103.6,103.6,103.6,103.6,0.0
202606241224,103.6,103.6,103.6,103.6,0.0
202606241225,103.77,103.6072,103.77,103.6072,0.0
202606241226,103.64,103.89,103.89,103.64,0.0
202606241227,103.89,103.89,103.89,103.89,0.0
202606241228,103.6,103.61,103.61,103.6,0.0
202606241229,103.83,103.83,103.83,103.83,0.0
202606241234,103.8827,103.8827,103.8827,103.8827,0.0
202606241235,103.89,103.6012,103.89,103.6012,0.0
202606241242,103.6,103.6,103.6,103.6,0.0
202606241245,103.61,103.61,103.61,103.61,0.0
202606241246,103.61,103.61,103.61,103.61,0.0
202606241249,103.6246,103.61,103.65,103.61,0.0
202606241250,103.63,103.61,103.63,103.61,0.0
202606241251,103.65,103.62,103.65,103.61,0.0
202606241252,103.6241,103.84,103.84,103.6241,0.0
202606241253,103.8,103.89,103.89,103.8,0.0
202606241254,103.78,103.78,103.78,103.78,0.0
202606241256,103.62,103.62,103.62,103.62,0.0
202606241259,103.62,103.62,103.62,103.62,0.0
202606241300,103.63,103.63,103.63,103.63,0.0
202606241301,103.62,103.62,103.87,103.62,0.0
202606241302,103.79,103.8635,103.8635,103.79,0.0
202606241305,103.6,103.6,103.6,103.6,0.0
202606241307,103.61,103.88,103.88,103.61,0.0
202606241309,103.61,103.61,103.61,103.61,0.0
202606241311,103.7797,103.7797,103.7797,103.7797,0.0
202606241314,103.61,103.61,103.61,103.61,0.0
202606241330,103.0999984741211,103.22000122070312,103.31999969482422,102.87000274658203,209604.0
202606241331,103.06500244140625,103.2770004272461,103.63999938964844,103.06500244140625,34049.0
202606241332,103.31999969482422,103.52999877929688,103.6500015258789,103.1957015991211,165366.0
202606241333,103.52999877929688,104.16000366210938,104.19999694824219,103.41000366210938,230204.0
202606241334,104.08000183105469,104.06999969482422,104.25,104.05000305175781,34738.0
202606241335,104.05999755859375,103.9000015258789,104.19999694824219,103.87999725341797,44290.0
202606241336,103.8949966430664,103.91500091552734,104.05999755859375,103.8550033569336,26177.0
202606241337,103.95999908447266,104.08000183105469,104.11000061035156,103.91000366210938,14552.0
202606241338,104.06999969482422,104.25,104.2699966430664,104.0,15782.0
202606241339,104.25,104.41999816894531,104.41999816894531,104.25,25662.0
202606241340,104.44000244140625,103.97000122070312,104.48999786376953,103.94499969482422,38343.0
202606241341,104.0,104.02999877929688,104.11000061035156,103.90499877929688,30214.0
202606241342,104.0250015258789,104.08000183105469,104.12999725341797,103.98999786376953,19998.0
202606241343,104.08999633789062,103.8949966430664,104.2300033569336,103.8949966430664,45690.0
202606241344,103.9000015258789,103.93499755859375,104.01000213623047,103.87000274658203,47093.0
202606241345,103.92500305175781,103.7249984741211,103.92500305175781,103.7249984741211,18528.0
202606241346,103.7300033569336,103.52999877929688,103.7300033569336,103.52999877929688,17846.0
202606241347,103.55500030517578,103.69999694824219,103.72000122070312,103.5199966430664,14168.0
202606241348,103.70500183105469,103.7300033569336,103.73999786376953,103.68000030517578,10320.0
202606241349,103.71499633789062,103.6449966430664,103.77989959716797,103.6449966430664,27239.0
202606241350,103.6449966430664,103.68000030517578,103.69999694824219,103.61000061035156,27663.0
202606241351,103.66999816894531,103.54000091552734,103.80999755859375,103.49500274658203,37660.0
202606241352,103.58999633789062,103.73500061035156,103.7699966430664,103.58000183105469,19934.0
202606241353,103.72000122070312,103.62000274658203,103.7699966430664,103.56999969482422,19112.0
202606241354,103.61000061035156,103.6449966430664,103.69000244140625,103.58000183105469,9940.0
202606241355,103.6449966430664,103.6500015258789,103.79000091552734,103.62000274658203,26971.0
202606241356,103.63999938964844,103.61000061035156,103.72000122070312,103.58999633789062,17391.0
202606241357,103.61000061035156,103.43000030517578,103.65989685058594,103.41500091552734,16575.0
202606241358,103.4625015258789,103.45999908447266,103.4800033569336,103.33000183105469,16159.0
202606241359,103.4749984741211,103.45999908447266,103.5,103.4000015258789,13846.0
202606241400,103.43000030517578,103.20500183105469,103.43000030517578,103.20500183105469,46429.0
202606241401,103.20500183105469,103.56999969482422,103.625,103.20500183105469,46227.0
202606241402,103.56999969482422,103.5,103.56999969482422,103.41000366210938,18419.0
202606241403,103.5199966430664,103.375,103.55000305175781,103.3499984741211,22559.0
202606241404,103.37000274658203,103.54499816894531,103.56999969482422,103.37000274658203,14211.0
202606241405,103.54000091552734,103.66999816894531,103.66999816894531,103.47000122070312,14788.0
202606241406,103.68499755859375,103.61499786376953,103.69999694824219,103.58999633789062,23655.0
202606241407,103.62999725341797,103.58999633789062,103.6449966430664,103.54000091552734,18650.0
202606241408,103.56500244140625,103.70500183105469,103.73999786376953,103.56500244140625,23088.0
202606241409,103.70500183105469,103.69000244140625,103.70500183105469,103.66000366210938,7330.0
202606241410,103.69999694824219,103.93000030517578,103.93000030517578,103.69000244140625,26817.0
202606241411,103.92500305175781,103.81500244140625,103.9749984741211,103.7699966430664,14663.0
202606241412,103.81500244140625,103.9749984741211,104.01000213623047,103.81500244140625,20367.0
202606241413,104.0,103.94499969482422,104.0,103.91000366210938,13579.0
202606241414,103.94999694824219,103.9000015258789,103.95999908447266,103.86000061035156,13709.0
202606241415,103.9000015258789,103.9749984741211,103.9800033569336,103.9000015258789,11362.0
202606241416,103.98500061035156,104.08000183105469,104.18000030517578,103.98500061035156,26228.0
202606241417,104.02999877929688,104.04000091552734,104.08999633789062,103.97000122070312,33712.0
202606241418,104.0,104.07499694824219,104.12000274658203,103.9749984741211,16082.0
202606241419,104.08000183105469,104.19999694824219,104.21499633789062,104.08000183105469,10030.0
202606241420,104.19999694824219,104.20999908447266,104.23999786376953,104.18000030517578,16721.0
202606241421,104.25,104.2040023803711,104.29000091552734,104.16999816894531,38615.0
202606241422,104.25,104.3949966430664,104.41000366210938,104.23999786376953,34430.0
202606241423,104.38999938964844,104.47000122070312,104.5,104.38999938964844,34106.0
202606241424,104.44999694824219,104.3949966430664,104.52999877929688,104.37000274658203,19583.0
202606241425,104.38999938964844,104.30999755859375,104.38999938964844,104.30999755859375,11378.0
202606241426,104.30999755859375,104.20500183105469,104.31999969482422,104.20500183105469,12879.0
202606241427,104.18000030517578,104.05999755859375,104.2300033569336,103.9800033569336,27190.0
202606241428,104.04000091552734,104.05999755859375,104.13999938964844,104.01499938964844,24868.0
202606241429,104.08999633789062,104.19999694824219,104.20999908447266,104.08999633789062,13873.0
202606241430,104.19000244140625,104.1500015258789,104.2300033569336,104.1500015258789,13432.0
202606241431,104.16000366210938,104.12999725341797,104.19000244140625,104.03500366210938,13732.0
202606241432,104.1500015258789,104.08999633789062,104.1500015258789,104.0199966430664,3312.0
202606241433,104.12629699707031,104.06500244140625,104.16500091552734,104.05999755859375,11601.0
202606241434,104.05000305175781,103.95999908447266,104.08999633789062,103.94999694824219,22253.0
202606241435,103.98999786376953,103.9800033569336,104.0199966430664,103.95999908447266,11394.0
202606241436,103.98500061035156,103.82499694824219,104.0,103.81999969482422,12392.0
202606241437,103.82499694824219,103.77999877929688,103.88999938964844,103.77999877929688,14536.0
202606241438,103.80000305175781,103.76000213623047,103.80000305175781,103.69010162353516,14638.0
202606241439,103.73999786376953,103.37000274658203,103.73999786376953,103.37000274658203,52908.0
202606241440,103.37000274658203,103.33499908447266,103.41000366210938,103.31999969482422,12104.0
202606241441,103.36000061035156,103.375,103.43000030517578,103.3499984741211,11903.0
202606241442,103.37000274658203,103.37249755859375,103.44499969482422,103.29499816894531,22010.0
202606241443,103.33999633789062,103.32499694824219,103.38760375976562,103.27999877929688,11600.0
202606241444,103.37000274658203,103.55500030517578,103.5999984741211,103.37000274658203,37759.0
202606241445,103.5199966430664,103.62999725341797,103.62999725341797,103.5199966430664,15204.0
202606241446,103.6500015258789,103.76000213623047,103.79499816894531,103.63999938964844,14035.0
202606241447,103.76000213623047,103.80999755859375,103.88999938964844,103.73999786376953,46668.0
202606241448,103.80000305175781,103.87999725341797,103.94000244140625,103.78060150146484,19979.0
202606241449,103.88500213623047,103.88999938964844,103.93000030517578,103.86499786376953,13067.0
202606241450,103.88999938964844,103.96499633789062,104.0,103.88999938964844,14252.0
202606241451,103.96499633789062,104.05000305175781,104.05000305175781,103.94000244140625,16987.0
202606241452,104.0406265258789,104.06999969482422,104.08000183105469,104.02999877929688,5233.0
202606241453,104.0999984741211,104.03500366210938,104.13999938964844,104.03500366210938,13565.0
202606241454,104.04499816894531,104.05000305175781,104.08499908447266,104.0199966430664,10961.0
202606241455,104.04499816894531,104.05000305175781,104.0999984741211,104.02400207519531,7128.0
202606241456,104.06999969482422,104.12000274658203,104.19999694824219,104.05999755859375,14883.0
202606241457,104.12000274658203,104.11000061035156,104.13999938964844,104.08000183105469,7580.0
202606241458,104.1050033569336,103.98999786376953,104.11000061035156,103.97000122070312,12381.0
202606241459,104.0,104.03500366210938,104.04000091552734,103.98500061035156,13127.0
202606241500,104.05000305175781,104.00499725341797,104.05000305175781,104.00499725341797,9986.0
202606241501,104.00499725341797,104.08999633789062,104.0999984741211,104.00499725341797,15449.0
202606241502,104.0999984741211,104.05000305175781,104.11000061035156,104.01499938964844,14222.0
202606241503,104.04000091552734,104.05000305175781,104.08000183105469,104.0343017578125,5846.0
202606241504,104.05000305175781,104.02999877929688,104.06999969482422,104.02999877929688,5150.0
202606241505,104.02999877929688,103.97000122070312,104.02999877929688,103.93000030517578,12088.0
202606241506,104.0,103.97000122070312,104.04000091552734,103.95179748535156,28698.0
202606241507,103.98999786376953,103.93499755859375,104.02999877929688,103.93499755859375,15421.0
202606241508,103.94999694824219,103.87000274658203,103.95999908447266,103.83000183105469,47572.0
202606241509,103.87000274658203,103.82499694824219,103.87000274658203,103.77999877929688,12401.0
202606241510,103.83000183105469,103.81999969482422,103.83999633789062,103.77999877929688,8293.0
202606241511,103.83999633789062,103.8499984741211,103.86000061035156,103.79499816894531,10167.0
202606241512,103.8499984741211,103.8499984741211,103.87999725341797,103.81999969482422,12463.0
202606241513,103.8499984741211,103.88999938964844,103.9000015258789,103.8499984741211,11667.0
202606241514,103.87000274658203,103.7750015258789,103.9000015258789,103.76000213623047,21817.0
202606241515,103.79000091552734,103.8550033569336,103.875,103.79000091552734,14825.0
202606241516,103.83999633789062,103.83999633789062,103.86000061035156,103.80999755859375,8055.0
202606241517,103.86000061035156,103.91999816894531,103.93000030517578,103.86000061035156,11665.0
202606241518,103.91999816894531,103.93000030517578,103.93000030517578,103.875,11074.0
202606241519,103.93000030517578,103.97000122070312,104.0,103.93000030517578,11946.0
202606241520,103.99500274658203,104.06999969482422,104.06999969482422,103.9800033569336,9899.0
202606241521,104.06999969482422,104.16999816894531,104.18000030517578,104.05999755859375,14897.0
202606241522,104.16999816894531,104.13999938964844,104.19999694824219,104.12999725341797,19360.0
202606241523,104.12000274658203,104.16000366210938,104.16000366210938,104.11000061035156,11116.0
202606241524,104.1500015258789,104.06999969482422,104.1500015258789,104.06999969482422,10830.0
202606241525,104.04499816894531,103.94000244140625,104.04499816894531,103.92639923095703,20437.0
202606241526,103.93000030517578,103.86000061035156,103.94000244140625,103.8499984741211,19346.0
202606241527,103.86000061035156,103.9000015258789,103.91000366210938,103.86000061035156,15444.0
202606241528,103.9000015258789,103.9000015258789,103.93000030517578,103.87000274658203,19938.0
202606241529,103.91999816894531,103.87000274658203,103.94000244140625,103.87000274658203,6565.0
202606241530,103.87000274658203,103.77999877929688,103.87000274658203,103.77999877929688,15796.0
202606241531,103.75,103.80000305175781,103.81999969482422,103.75,11972.0
202606241532,103.79000091552734,103.69499969482422,103.79000091552734,103.69000244140625,11818.0
202606241533,103.69989776611328,103.5999984741211,103.69989776611328,103.56999969482422,9609.0
202606241534,103.59500122070312,103.56999969482422,103.61000061035156,103.52999877929688,11774.0
202606241535,103.55999755859375,103.56999969482422,103.56999969482422,103.48999786376953,16008.0
202606241536,103.55000305175781,103.48999786376953,103.62000274658203,103.4800033569336,42115.0
202606241537,103.48999786376953,103.53500366210938,103.55000305175781,103.48999786376953,9339.0
202606241538,103.52999877929688,103.48999786376953,103.53500366210938,103.44999694824219,9838.0
202606241539,103.4800033569336,103.5199966430664,103.52999877929688,103.47000122070312,18706.0
202606241540,103.48999786376953,103.63999938964844,103.64990234375,103.48999786376953,15619.0
202606241541,103.6500015258789,103.5999984741211,103.66999816894531,103.59500122070312,8544.0
202606241542,103.61000061035156,103.62000274658203,103.68000030517578,103.61000061035156,23569.0
202606241543,103.61000061035156,103.66010284423828,103.68000030517578,103.61000061035156,17981.0
202606241544,103.6500015258789,103.55999755859375,103.66000366210938,103.52999877929688,9194.0
202606241545,103.55999755859375,103.5199966430664,103.55999755859375,103.50499725341797,7838.0
202606241546,103.5199966430664,103.48999786376953,103.55000305175781,103.48999786376953,6630.0
202606241547,103.50499725341797,103.44999694824219,103.50499725341797,103.41000366210938,8860.0
202606241548,103.44999694824219,103.42500305175781,103.48500061035156,103.42500305175781,12675.0
202606241549,103.42500305175781,103.39209747314453,103.44999694824219,103.37999725341797,11589.0
202606241550,103.4000015258789,103.42500305175781,103.44499969482422,103.4000015258789,8744.0
202606241551,103.44000244140625,103.51000213623047,103.51000213623047,103.4000015258789,19940.0
202606241552,103.5000991821289,103.44000244140625,103.51000213623047,103.37999725341797,8787.0
202606241553,103.44000244140625,103.41000366210938,103.46499633789062,103.4000015258789,9750.0
202606241554,103.41000366210938,103.33000183105469,103.41000366210938,103.30000305175781,5959.0
202606241555,103.33000183105469,103.30999755859375,103.3499984741211,103.30000305175781,11548.0
202606241556,103.33000183105469,103.24500274658203,103.33000183105469,103.22000122070312,18480.0
202606241557,103.26000213623047,103.28009796142578,103.30999755859375,103.24500274658203,20030.0
202606241558,103.30010223388672,103.33499908447266,103.43000030517578,103.30010223388672,28164.0
202606241559,103.3499984741211,103.36000061035156,103.375,103.32649993896484,30140.0
202606241600,103.37000274658203,103.37999725341797,103.37999725341797,103.32499694824219,11306.0
202606241601,103.37000274658203,103.34500122070312,103.38999938964844,103.33000183105469,17402.0
202606241602,103.33000183105469,103.36499786376953,103.38999938964844,103.33000183105469,11472.0
202606241603,103.36499786376953,103.33499908447266,103.37999725341797,103.33499908447266,10150.0
202606241604,103.31999969482422,103.30999755859375,103.33999633789062,103.30000305175781,9638.0
202606241605,103.30500030517578,103.33000183105469,103.33000183105469,103.25,35893.0
202606241606,103.3499984741211,103.32640075683594,103.37999725341797,103.32009887695312,12386.0
202606241607,103.30999755859375,103.33000183105469,103.33000183105469,103.30000305175781,8170.0
202606241608,103.3499984741211,103.31999969482422,103.3499984741211,103.31999969482422,4097.0
202606241609,103.30999755859375,103.3331298828125,103.33999633789062,103.30999755859375,9618.0
202606241610,103.33999633789062,103.29499816894531,103.33999633789062,103.29000091552734,14973.0
202606241611,103.30999755859375,103.36000061035156,103.37000274658203,103.30999755859375,18812.0
202606241612,103.3499984741211,103.30000305175781,103.3499984741211,103.28250122070312,4549.0
202606241613,103.30000305175781,103.2699966430664,103.30500030517578,103.2699966430664,12270.0
202606241614,103.27999877929688,103.2699966430664,103.27999877929688,103.26000213623047,8135.0
202606241615,103.27970123291016,103.2699966430664,103.34500122070312,103.2699966430664,10466.0
202606241616,103.28500366210938,103.23500061035156,103.28500366210938,103.23500061035156,5086.0
202606241617,103.23500061035156,103.23999786376953,103.23999786376953,103.20999908447266,8010.0
202606241618,103.23999786376953,103.2249984741211,103.23999786376953,103.20500183105469,9605.0
202606241619,103.20999908447266,103.2300033569336,103.2300033569336,103.19000244140625,10391.0
202606241620,103.22000122070312,103.09500122070312,103.22250366210938,103.06999969482422,25376.0
202606241621,103.09500122070312,103.1050033569336,103.11000061035156,103.08000183105469,8504.0
202606241622,103.12000274658203,103.16000366210938,103.16999816894531,103.11000061035156,14872.0
202606241623,103.13999938964844,103.11499786376953,103.16000366210938,103.11499786376953,11900.0
202606241624,103.12999725341797,103.11000061035156,103.13999938964844,103.11000061035156,4653.0
202606241625,103.11499786376953,103.08999633789062,103.12999725341797,103.08499908447266,14522.0
202606241626,103.09500122070312,103.03500366210938,103.09500122070312,103.0,8699.0
202606241627,103.03500366210938,102.98500061035156,103.03500366210938,102.95999908447266,14843.0
202606241628,102.98500061035156,102.93000030517578,103.0,102.93000030517578,25171.0
202606241629,102.94640350341797,102.95999908447266,102.97000122070312,102.91000366210938,12657.0
202606241630,102.95999908447266,102.94999694824219,102.9800033569336,102.91999816894531,9793.0
202606241631,102.97000122070312,102.86499786376953,102.9800033569336,102.86499786376953,10690.0
202606241632,102.8499984741211,102.76000213623047,102.8499984741211,102.75,20818.0
202606241633,102.7699966430664,102.66999816894531,102.77999877929688,102.66500091552734,23044.0
202606241634,102.66999816894531,102.57499694824219,102.66999816894531,102.56999969482422,9937.0
202606241635,102.57499694824219,102.58499908447266,102.62000274658203,102.52999877929688,55064.0
202606241636,102.58499908447266,102.50499725341797,102.58499908447266,102.44000244140625,49587.0
202606241637,102.51000213623047,102.55999755859375,102.63999938964844,102.51000213623047,56287.0
202606241638,102.55000305175781,102.38999938964844,102.56999969482422,102.37999725341797,35413.0
202606241639,102.3949966430664,102.30000305175781,102.43920135498047,102.29000091552734,20666.0
202606241640,102.30000305175781,102.29000091552734,102.30000305175781,102.22000122070312,26543.0
202606241641,102.27999877929688,102.22000122070312,102.30000305175781,102.17500305175781,19670.0
202606241642,102.19000244140625,102.23500061035156,102.23999786376953,102.16000366210938,9323.0
202606241643,102.2249984741211,102.17500305175781,102.2300033569336,102.1500015258789,208842.0
202606241644,102.17500305175781,102.30500030517578,102.3499984741211,102.08000183105469,61063.0
202606241645,102.30500030517578,102.19499969482422,102.30500030517578,102.16500091552734,15449.0
202606241646,102.16000366210938,102.1500015258789,102.22969818115234,102.12999725341797,24615.0
202606241647,102.13999938964844,102.2300033569336,102.25,102.12999725341797,39203.0
202606241648,102.22000122070312,102.18009948730469,102.24500274658203,102.17500305175781,15859.0
202606241649,102.19999694824219,102.22000122070312,102.22019958496094,102.19499969482422,13536.0
202606241650,102.20500183105469,102.23500061035156,102.26000213623047,102.20500183105469,12686.0
202606241651,102.25,102.23999786376953,102.25,102.21649932861328,15704.0
202606241652,102.22000122070312,102.16999816894531,102.23500061035156,102.12999725341797,14592.0
202606241653,102.12999725341797,102.19000244140625,102.20989990234375,102.12999725341797,16343.0
202606241654,102.19999694824219,102.06500244140625,102.19999694824219,102.05500030517578,15615.0
202606241655,102.06500244140625,102.02999877929688,102.08000183105469,101.98999786376953,24402.0
202606241656,102.01000213623047,102.08999633789062,102.08999633789062,101.9800033569336,32661.0
202606241657,102.07499694824219,102.08000183105469,102.12000274658203,102.07499694824219,10514.0
202606241658,102.06999969482422,102.08000183105469,102.08000183105469,102.04000091552734,7917.0
202606241659,102.06999969482422,102.04499816894531,102.06999969482422,102.02999877929688,10615.0
202606241700,102.02999877929688,102.05000305175781,102.08999633789062,102.0,28950.0
202606241701,102.04000091552734,102.1050033569336,102.11990356445312,102.04000091552734,11340.0
202606241702,102.0999984741211,102.1050033569336,102.12000274658203,102.08000183105469,13310.0
202606241703,102.12000274658203,102.11499786376953,102.12999725341797,102.08000183105469,12838.0
202606241704,102.11499786376953,102.0199966430664,102.11499786376953,102.0,11705.0
202606241705,102.0250015258789,102.0199966430664,102.05000305175781,102.0,16725.0
202606241706,102.0199966430664,101.98249816894531,102.03500366210938,101.97000122070312,15937.0
202606241707,101.97000122070312,101.9000015258789,101.97000122070312,101.77999877929688,31824.0
202606241708,101.91500091552734,101.90499877929688,101.93000030517578,101.84010314941406,16909.0
202606241709,101.90499877929688,101.91999816894531,101.91999816894531,101.87999725341797,8939.0
202606241710,101.93000030517578,101.9000015258789,101.94000244140625,101.88999938964844,13095.0
202606241711,101.91000366210938,101.91999816894531,101.93499755859375,101.91000366210938,7121.0
202606241712,101.92359924316406,101.95999908447266,102.01000213623047,101.92359924316406,9827.0
202606241713,101.94499969482422,101.92500305175781,101.9800033569336,101.88999938964844,36877.0
202606241714,101.92500305175781,101.94999694824219,101.94999694824219,101.88999938964844,33766.0
202606241715,101.95999908447266,101.88009643554688,101.97000122070312,101.8550033569336,48509.0
202606241716,101.8949966430664,101.83999633789062,101.8949966430664,101.83200073242188,8583.0
202606241717,101.83999633789062,101.9000015258789,101.9000015258789,101.80000305175781,13847.0
202606241718,101.87999725341797,101.80999755859375,101.91000366210938,101.80500030517578,8966.0
202606241719,101.80999755859375,101.8499984741211,101.86000061035156,101.79000091552734,12296.0
202606241720,101.83000183105469,101.7699966430664,101.83999633789062,101.75,9544.0
202606241721,101.76000213623047,101.83000183105469,101.83000183105469,101.75499725341797,10252.0
202606241722,101.83999633789062,101.84359741210938,101.94000244140625,101.79000091552734,32252.0
202606241723,101.86000061035156,101.94999694824219,101.95999908447266,101.8499984741211,14024.0
202606241724,101.95999908447266,101.92500305175781,101.95999908447266,101.91999816894531,6126.0
202606241725,101.92859649658203,101.91999816894531,101.93000030517578,101.875,10316.0
202606241726,101.91999816894531,101.9000015258789,101.94499969482422,101.9000015258789,9684.0
202606241727,101.91999816894531,101.88500213623047,101.93000030517578,101.87750244140625,6374.0
202606241728,101.88500213623047,101.83000183105469,101.92050170898438,101.83000183105469,15973.0
202606241729,101.83000183105469,101.83999633789062,101.87969970703125,101.79000091552734,59811.0
202606241730,101.83999633789062,101.92500305175781,101.94000244140625,101.83999633789062,45488.0
202606241731,101.92500305175781,101.88999938964844,102.0199966430664,101.88999938964844,46095.0
202606241732,101.87000274658203,101.87000274658203,101.88999938964844,101.80999755859375,20229.0
202606241733,101.87999725341797,101.90499877929688,101.91000366210938,101.80999755859375,25205.0
202606241734,101.91999816894531,101.88999938964844,101.93000030517578,101.88500213623047,7225.0
202606241735,101.91000366210938,101.92900085449219,101.97000122070312,101.88999938964844,25819.0
202606241736,101.91500091552734,101.87999725341797,101.93000030517578,101.87999725341797,9742.0
202606241737,101.87999725341797,101.87000274658203,101.87999725341797,101.8499984741211,15025.0
202606241738,101.87000274658203,101.93000030517578,101.93000030517578,101.86000061035156,13116.0
202606241739,101.94000244140625,101.94000244140625,101.97000122070312,101.91000366210938,13390.0
202606241740,101.94000244140625,101.98999786376953,101.98999786376953,101.87000274658203,29383.0
202606241741,102.0,101.94000244140625,102.0199966430664,101.91000366210938,16118.0
202606241742,101.94000244140625,101.93000030517578,101.95500183105469,101.91999816894531,8215.0
202606241743,101.9000015258789,101.93000030517578,101.93499755859375,101.9000015258789,9754.0
202606241744,101.91999816894531,101.88999938964844,101.93000030517578,101.8833999633789,12330.0
202606241745,101.88999938964844,101.87999725341797,101.9000015258789,101.86000061035156,12795.0
202606241746,101.86000061035156,101.86000061035156,101.87000274658203,101.80999755859375,13618.0
202606241747,101.87000274658203,101.83000183105469,101.88999938964844,101.82499694824219,5451.0
202606241748,101.83499908447266,101.83000183105469,101.83499908447266,101.81770324707031,7212.0
202606241749,101.83999633789062,101.87999725341797,101.87999725341797,101.83499908447266,25234.0
202606241750,101.87000274658203,101.88500213623047,101.88500213623047,101.80789947509766,23619.0
202606241751,101.88500213623047,101.82990264892578,101.88999938964844,101.81999969482422,15176.0
202606241752,101.83000183105469,101.86509704589844,101.87999725341797,101.83000183105469,17132.0
202606241753,101.87000274658203,101.94000244140625,101.94000244140625,101.87000274658203,18252.0
202606241754,101.94999694824219,101.98999786376953,102.0,101.94999694824219,17115.0
202606241755,102.00499725341797,101.98999786376953,102.00499725341797,101.94999694824219,13510.0
202606241756,101.98500061035156,101.9800033569336,102.0,101.95500183105469,10824.0
202606241757,101.97000122070312,101.92500305175781,101.9800033569336,101.92500305175781,7053.0
202606241758,101.93000030517578,101.94000244140625,101.9489974975586,101.9000015258789,15169.0
202606241759,101.94999694824219,101.94499969482422,101.95999908447266,101.93000030517578,9804.0
202606241800,101.94499969482422,101.93499755859375,101.95999908447266,101.91000366210938,8081.0
202606241801,101.93000030517578,101.97000122070312,101.98999786376953,101.87000274658203,18901.0
202606241802,101.9800033569336,101.9800033569336,101.98999786376953,101.94999694824219,12739.0
202606241803,101.9800033569336,102.01000213623047,102.01000213623047,101.94499969482422,17222.0
202606241804,102.0,102.0250015258789,102.06999969482422,102.0,14483.0
202606241805,102.01499938964844,102.02999877929688,102.04000091552734,102.01000213623047,9880.0
202606241806,102.02999877929688,102.02999877929688,102.08000183105469,102.0199966430664,17104.0
202606241807,102.0199966430664,101.96499633789062,102.0199966430664,101.95999908447266,11124.0
202606241808,101.96499633789062,101.94000244140625,101.98999786376953,101.94000244140625,13647.0
202606241809,101.94000244140625,101.9800033569336,101.98999786376953,101.94000244140625,10673.0
202606241810,101.97000122070312,102.00499725341797,102.03500366210938,101.96499633789062,25418.0
202606241811,102.01000213623047,102.0,102.02999877929688,101.98999786376953,11506.0
202606241812,101.99500274658203,102.04000091552734,102.04000091552734,101.98999786376953,19397.0
202606241813,102.04000091552734,102.12999725341797,102.13999938964844,102.02999877929688,36104.0
202606241814,102.12999725341797,102.13790130615234,102.1500015258789,102.09100341796875,12521.0
202606241815,102.16000366210938,102.12000274658203,102.16000366210938,102.12000274658203,11304.0
202606241816,102.12000274658203,102.13999938964844,102.1500015258789,102.12000274658203,13188.0
202606241817,102.13999938964844,102.09500122070312,102.1500015258789,102.06999969482422,21214.0
202606241818,102.08999633789062,102.12999725341797,102.12999725341797,102.08999633789062,42038.0
202606241819,102.12999725341797,102.16999816894531,102.19999694824219,102.12999725341797,13598.0
202606241820,102.18000030517578,102.20999908447266,102.22000122070312,102.1500015258789,14746.0
202606241821,102.2249984741211,102.2300033569336,102.23999786376953,102.20999908447266,12748.0
202606241822,102.2300033569336,102.20999908447266,102.25,102.19000244140625,35737.0
202606241823,102.20999908447266,102.30999755859375,102.31849670410156,102.20999908447266,24761.0
202606241824,102.30999755859375,102.33499908447266,102.36000061035156,102.27999877929688,23277.0
202606241825,102.3499984741211,102.37999725341797,102.37999725341797,102.3499984741211,17129.0
202606241826,102.37999725341797,102.33999633789062,102.38999938964844,102.31999969482422,10378.0
202606241827,102.33000183105469,102.33000183105469,102.37000274658203,102.31500244140625,14744.0
202606241828,102.33000183105469,102.36000061035156,102.37000274658203,102.31999969482422,13240.0
202606241829,102.3499984741211,102.37000274658203,102.4000015258789,102.33000183105469,17695.0
202606241830,102.37999725341797,102.43000030517578,102.43000030517578,102.37000274658203,11260.0
202606241831,102.43000030517578,102.44000244140625,102.44000244140625,102.41999816894531,12680.0
202606241832,102.44000244140625,102.5,102.5199966430664,102.44000244140625,26867.0
202606241833,102.49500274658203,102.5,102.5199966430664,102.49500274658203,8162.0
202606241834,102.50499725341797,102.46499633789062,102.50499725341797,102.45999908447266,11251.0
202606241835,102.45999908447266,102.52999877929688,102.54000091552734,102.45999908447266,17156.0
202606241836,102.53500366210938,102.5250015258789,102.54000091552734,102.50499725341797,9509.0
202606241837,102.54000091552734,102.54499816894531,102.55999755859375,102.5250015258789,10470.0
202606241838,102.54000091552734,102.50499725341797,102.54000091552734,102.5,7481.0
202606241839,102.48999786376953,102.46499633789062,102.52999877929688,102.41000366210938,17447.0
202606241840,102.45999908447266,102.39009857177734,102.45999908447266,102.38500213623047,13681.0
202606241841,102.4000015258789,102.44000244140625,102.45999908447266,102.4000015258789,11553.0
202606241842,102.44999694824219,102.4000015258789,102.44999694824219,102.3949966430664,6624.0
202606241843,102.4000015258789,102.30000305175781,102.4000015258789,102.30000305175781,17553.0
202606241844,102.28500366210938,102.29000091552734,102.31999969482422,102.26000213623047,13621.0
202606241845,102.29000091552734,102.23999786376953,102.30000305175781,102.22000122070312,9215.0
202606241846,102.23999786376953,102.2249984741211,102.25499725341797,102.20999908447266,9958.0
202606241847,102.20999908447266,102.18499755859375,102.2249984741211,102.18499755859375,6468.0
202606241848,102.19999694824219,102.20999908447266,102.21600341796875,102.16000366210938,13699.0
202606241849,102.20999908447266,102.17510223388672,102.20999908447266,102.17510223388672,11934.0
202606241850,102.19000244140625,102.20999908447266,102.21499633789062,102.18000030517578,15626.0
202606241851,102.21499633789062,102.19999694824219,102.23500061035156,102.18499755859375,14346.0
202606241852,102.20500183105469,102.23999786376953,102.26000213623047,102.20500183105469,11543.0
202606241853,102.23989868164062,102.2300033569336,102.26000213623047,102.22000122070312,8145.0
202606241854,102.2300033569336,102.26010131835938,102.26499938964844,102.2300033569336,9225.0
202606241855,102.26499938964844,102.25499725341797,102.26499938964844,102.20999908447266,17289.0
202606241856,102.26000213623047,102.20999908447266,102.2699966430664,102.20999908447266,14889.0
202606241857,102.22000122070312,102.2300033569336,102.26000213623047,102.22000122070312,118256.0
202606241858,102.2300033569336,102.23500061035156,102.25,102.20999908447266,20797.0
202606241859,102.2300033569336,102.22000122070312,102.24500274658203,102.19999694824219,15231.0
202606241900,102.23999786376953,102.2249984741211,102.24500274658203,102.19499969482422,21230.0
202606241901,102.2249984741211,102.19999694824219,102.2249984741211,102.19000244140625,16715.0
202606241902,102.19999694824219,102.25499725341797,102.26000213623047,102.19999694824219,18215.0
202606241903,102.26000213623047,102.24250030517578,102.2699966430664,102.2249984741211,19022.0
202606241904,102.23999786376953,102.19999694824219,102.25,102.18000030517578,18160.0
202606241905,102.19999694824219,102.11000061035156,102.19999694824219,102.0999984741211,15150.0
202606241906,102.11000061035156,102.06500244140625,102.11000061035156,102.05999755859375,45683.0
202606241907,102.06999969482422,101.94000244140625,102.07499694824219,101.91000366210938,108912.0
202606241908,101.94999694824219,102.08000183105469,102.08000183105469,101.94499969482422,42962.0
202606241909,102.08000183105469,102.17500305175781,102.19000244140625,102.05999755859375,21793.0
202606241910,102.16999816894531,102.22000122070312,102.23999786376953,102.13999938964844,24618.0
202606241911,102.22000122070312,102.20500183105469,102.23999786376953,102.19000244140625,21895.0
202606241912,102.20999908447266,102.19999694824219,102.2300033569336,102.18000030517578,18547.0
202606241913,102.20500183105469,102.2300033569336,102.2300033569336,102.19999694824219,12625.0
202606241914,102.2300033569336,102.22000122070312,102.26000213623047,102.18000030517578,24927.0
202606241915,102.20999908447266,102.2300033569336,102.2300033569336,102.19000244140625,18205.0
202606241916,102.2249984741211,102.25,102.26000213623047,102.20999908447266,15962.0
202606241917,102.25499725341797,102.23999786376953,102.25499725341797,102.20999908447266,21543.0
202606241918,102.25,102.2699966430664,102.29499816894531,102.24500274658203,19750.0
202606241919,102.2699966430664,102.26499938964844,102.29000091552734,102.26499938964844,14484.0
202606241920,102.26000213623047,102.23999786376953,102.2750015258789,102.21499633789062,23077.0
202606241921,102.23999786376953,102.26000213623047,102.27999877929688,102.19000244140625,34637.0
202606241922,102.26000213623047,102.2699966430664,102.2699966430664,102.2300033569336,11287.0
202606241923,102.2699966430664,102.20999908447266,102.2699966430664,102.19499969482422,16037.0
202606241924,102.21499633789062,102.21499633789062,102.24500274658203,102.19000244140625,20482.0
202606241925,102.22000122070312,102.20500183105469,102.25,102.19499969482422,14964.0
202606241926,102.19999694824219,102.06500244140625,102.19999694824219,102.05999755859375,34347.0
202606241927,102.05000305175781,102.05000305175781,102.08499908447266,102.04000091552734,16542.0
202606241928,102.05000305175781,102.05000305175781,102.06500244140625,101.9800033569336,34487.0
202606241929,102.02999877929688,101.95500183105469,102.02999877929688,101.94000244140625,16436.0
202606241930,101.95999908447266,101.95999908447266,101.9800033569336,101.87999725341797,28226.0
202606241931,101.95999908447266,101.8550033569336,101.98999786376953,101.83000183105469,33438.0
202606241932,101.8499984741211,101.83499908447266,101.8499984741211,101.80000305175781,28081.0
202606241933,101.83000183105469,101.76000213623047,101.83499908447266,101.76000213623047,22114.0
202606241934,101.75,101.68000030517578,101.75,101.6500015258789,25084.0
202606241935,101.69000244140625,101.6500015258789,101.7571029663086,101.6500015258789,19171.0
202606241936,101.63999938964844,101.46499633789062,101.69000244140625,101.44999694824219,61041.0
202606241937,101.46499633789062,101.48999786376953,101.54000091552734,101.4000015258789,43659.0
202606241938,101.48500061035156,101.42500305175781,101.5,101.4000015258789,15776.0
202606241939,101.42500305175781,101.41000366210938,101.44999694824219,101.37000274658203,53861.0
202606241940,101.41999816894531,101.27999877929688,101.41999816894531,101.27999877929688,30326.0
202606241941,101.29000091552734,101.22000122070312,101.30999755859375,101.22000122070312,39484.0
202606241942,101.21499633789062,101.26000213623047,101.27999877929688,101.18000030517578,37320.0
202606241943,101.26066589355469,101.23999786376953,101.29000091552734,101.2300033569336,26699.0
202606241944,101.2300033569336,101.22000122070312,101.25499725341797,101.19999694824219,0.0
202606241945,101.20999908447266,101.38500213623047,101.38500213623047,101.20999908447266,52992.0
202606241946,101.38500213623047,101.2300033569336,101.43000030517578,101.2300033569336,54929.0
202606241947,101.2499008178711,101.19000244140625,101.26000213623047,101.18509674072266,30610.0
202606241948,101.19000244140625,101.26000213623047,101.29000091552734,101.13999938964844,47831.0
202606241949,101.2699966430664,101.19000244140625,101.30999755859375,101.18000030517578,34244.0
202606241950,101.18000030517578,101.12000274658203,101.18000030517578,101.05000305175781,65476.0
202606241951,101.11000061035156,101.16000366210938,101.19000244140625,101.08000183105469,59620.0
202606241952,101.1500015258789,101.08999633789062,101.24500274658203,101.08999633789062,68038.0
202606241953,101.09500122070312,101.22250366210938,101.23999786376953,101.04000091552734,86350.0
202606241954,101.2300033569336,101.38999938964844,101.4000015258789,101.22000122070312,62077.0
202606241955,101.40249633789062,101.55000305175781,101.55000305175781,101.29000091552734,97975.0
202606241956,101.55999755859375,101.4800033569336,101.6500015258789,101.44000244140625,105628.0
202606241957,101.49500274658203,101.2300033569336,101.51000213623047,101.2300033569336,117116.0
202606241958,101.23999786376953,101.23999786376953,101.23999786376953,101.23999786376953,0.0
202606250800,101.5267,101.0714,101.5488,100.6212,0.0
202606250801,101.18,101.3,101.46,101.08,0.0
202606250802,101.41,101.5,101.5,101.41,0.0
202606250804,101.2,101.1,101.49,101.07,0.0
202606250805,101.08,101.29,101.42,101.07,0.0
202606250806,101.3,101.3,101.3,101.27,0.0
202606250816,101.21,101.14,101.25,101.0,0.0
202606250829,101.25,101.24,101.25,101.24,0.0
202606250830,101.3,101.32,101.32,101.3,0.0
202606250845,101.24,101.39,101.39,101.24,0.0
202606250856,101.19,101.21,101.3,101.19,0.0
202606250911,101.23,101.25,101.25,101.23,0.0
202606250931,101.02,100.9957,101.02,100.9957,0.0
202606250940,101.01,101.18,101.18,101.01,0.0
202606251009,101.12,101.14,101.14,101.12,0.0
202606251046,101.01,101.01,101.02,101.01,0.0
202606251050,101.14,101.01,101.14,101.01,0.0
202606251100,101.13,101.0011,101.13,101.0,0.0
202606251106,101.14,101.01,101.14,101.01,0.0
202606251108,101.15,101.01,101.15,101.01,0.0
202606251109,100.99,101.15,101.15,100.99,0.0
202606251112,101.15,101.15,101.15,101.1,0.0
202606251116,101.0117,101.1362,101.1362,101.0117,0.0
202606251118,101.01,101.0,101.01,101.0,0.0
202606251119,101.01,100.99,101.01,100.99,0.0
202606251121,101.14,100.8927,101.14,100.8927,0.0
202606251126,101.0,100.9993,101.0,100.9993,0.0
202606251128,101.0,101.0788,101.0788,100.89,0.0
202606251129,100.9351,100.8912,100.9351,100.8912,0.0
202606251131,100.94,100.92,100.94,100.92,0.0
202606251132,100.89,101.0,101.0,100.89,0.0
202606251133,100.92,100.9257,100.9257,100.9,0.0
202606251149,101.087,101.04,101.087,101.04,0.0
202606251153,101.02,101.01,101.03,101.0,0.0
202606251157,101.04,101.15,101.15,101.04,0.0
202606251202,101.0,101.05,101.05,101.0,0.0
202606251203,101.03,101.04,101.04,101.03,0.0
202606251204,101.0,101.05,101.06,101.0,0.0
202606251206,101.06,101.1499,101.1499,101.06,0.0
202606251208,101.01,100.88,101.01,100.85,0.0
202606251209,100.88,101.0065,101.0065,100.88,0.0
202606251213,100.88,101.15,101.15,100.88,0.0
202606251217,100.85,100.7246,100.85,100.7246,0.0
202606251220,100.97,100.62,100.97,100.62,0.0
202606251223,100.82,100.99,100.99,100.82,0.0
202606251228,101.0106,100.6332,101.0106,100.6332,0.0
202606251230,101.08,101.06,101.09,101.05,0.0
202606251231,101.06,100.83,101.06,100.83,0.0
202606251232,100.8,100.83,100.83,100.8,0.0
202606251233,100.83,100.8,100.83,100.8,0.0
202606251234,100.99,101.04,101.04,100.99,0.0
202606251235,100.8,101.15,101.15,100.8,0.0
202606251236,100.99,100.81,100.99,100.81,0.0
202606251238,100.81,100.83,100.83,100.81,0.0
202606251241,100.82,100.93,100.93,100.81,0.0
202606251242,100.62,100.99,100.99,100.62,0.0
202606251247,101.0,100.81,101.0,100.62,0.0
202606251251,101.0811,100.95,101.0811,100.95,0.0
202606251256,100.82,101.0,101.0,100.82,0.0
202606251258,100.82,101.15,101.15,100.82,0.0
202606251301,101.0,100.81,101.0,100.81,0.0
202606251304,100.99,100.99,101.0,100.99,0.0
202606251305,101.0,100.98,101.0,100.62,0.0
202606251307,100.83,101.0,101.0,100.83,0.0
202606251314,100.99,100.8924,101.15,100.8924,0.0
202606251330,101.11000061035156,101.30000305175781,101.48989868164062,101.11000061035156,159609.0
202606251331,101.30000305175781,101.36000061035156,101.57499694824219,101.26000213623047,23400.0
202606251332,101.3550033569336,101.08000183105469,101.3550033569336,101.08000183105469,25214.0
202606251333,101.08499908447266,100.68499755859375,101.08499908447266,100.68000030517578,27387.0
202606251334,100.66999816894531,100.86000061035156,100.86000061035156,100.49500274658203,19299.0
202606251335,100.80999755859375,100.66999816894531,101.02999877929688,100.62999725341797,43209.0
202606251336,100.6500015258789,100.88999938964844,100.88999938964844,100.62999725341797,14236.0
202606251337,100.91999816894531,101.11499786376953,101.11499786376953,100.91999816894531,18520.0
202606251338,101.08000183105469,100.91500091552734,101.12999725341797,100.91500091552734,20741.0
202606251339,100.8499984741211,100.66999816894531,100.96499633789062,100.66999816894531,24857.0
202606251340,100.69499969482422,100.36499786376953,100.7300033569336,100.33599853515625,27183.0
202606251341,100.36499786376953,100.3499984741211,100.45999908447266,100.34500122070312,19097.0
202606251342,100.37999725341797,100.51000213623047,100.51000213623047,100.25,26880.0
202606251343,100.45999908447266,100.2750015258789,100.45999908447266,100.22000122070312,52240.0
202606251344,100.26499938964844,100.3499984741211,100.36000061035156,100.23999786376953,11743.0
202606251345,100.3660659790039,100.16500091552734,100.44000244140625,100.16500091552734,34484.0
202606251346,100.13999938964844,100.23500061035156,100.29000091552734,100.06009674072266,23148.0
202606251347,100.19000244140625,100.11499786376953,100.31199645996094,100.11499786376953,10692.0
202606251348,100.08000183105469,100.20999908447266,100.29989624023438,100.02999877929688,35576.0
202606251349,100.20999908447266,100.31009674072266,100.41999816894531,100.19499969482422,17715.0
202606251350,100.37000274658203,100.44000244140625,100.45800018310547,100.33999633789062,24487.0
202606251351,100.44499969482422,100.4800033569336,100.4800033569336,100.31500244140625,17804.0
202606251352,100.45500183105469,100.47000122070312,100.48999786376953,100.27999877929688,14482.0
202606251353,100.5,100.63500213623047,100.66999816894531,100.45999908447266,28049.0
202606251354,100.62999725341797,100.58000183105469,100.70999908447266,100.51000213623047,31368.0
202606251355,100.55999755859375,100.5250015258789,100.6449966430664,100.4800033569336,20252.0
202606251356,100.5250015258789,100.4749984741211,100.56999969482422,100.38999938964844,17372.0
202606251357,100.4749984741211,100.54000091552734,100.55000305175781,100.43499755859375,8453.0
202606251358,100.5,100.53500366210938,100.56500244140625,100.45999908447266,13995.0
202606251359,100.56999969482422,100.72989654541016,100.74500274658203,100.55999755859375,23001.0
202606251400,100.69999694824219,100.77999877929688,100.77999877929688,100.63999938964844,20975.0
202606251401,100.7699966430664,100.78500366210938,100.87999725341797,100.73999786376953,71888.0
202606251402,100.79000091552734,100.93000030517578,100.94000244140625,100.7300033569336,34980.0
202606251403,100.94000244140625,100.95999908447266,100.98999786376953,100.93000030517578,13934.0
202606251404,100.95999908447266,101.04000091552734,101.06999969482422,100.95999908447266,15502.0
202606251405,101.05999755859375,100.95500183105469,101.11000061035156,100.93000030517578,21765.0
202606251406,100.94499969482422,101.07499694824219,101.07499694824219,100.80999755859375,21503.0
202606251407,101.05999755859375,100.93499755859375,101.07499694824219,100.93000030517578,11447.0
202606251408,100.93499755859375,100.94999694824219,100.94999694824219,100.83000183105469,14304.0
202606251409,100.94999694824219,101.05500030517578,101.12000274658203,100.80999755859375,29771.0
202606251410,101.12000274658203,101.1500015258789,101.26000213623047,101.05999755859375,61878.0
202606251411,101.12000274658203,100.93000030517578,101.12000274658203,100.91999816894531,40245.0
202606251412,100.93000030517578,100.95999908447266,100.97000122070312,100.80860137939453,11026.0
202606251413,100.94000244140625,101.05999755859375,101.08999633789062,100.87000274658203,49158.0
202606251414,101.02999877929688,101.06999969482422,101.08000183105469,101.01499938964844,18793.0
202606251415,101.0779037475586,101.26000213623047,101.26000213623047,101.05999755859375,18238.0
202606251416,101.2300033569336,101.18499755859375,101.25,101.16000366210938,41913.0
202606251417,101.21499633789062,101.26000213623047,101.30999755859375,101.21499633789062,20551.0
202606251418,101.27999877929688,101.51000213623047,101.52999877929688,101.27999877929688,23629.0
202606251419,101.4749984741211,101.5199966430664,101.54000091552734,101.41010284423828,25539.0
202606251420,101.52999877929688,101.44999694824219,101.58000183105469,101.43000030517578,16221.0
202606251421,101.44010162353516,101.33000183105469,101.45500183105469,101.33000183105469,16853.0
202606251422,101.33000183105469,101.33499908447266,101.37000274658203,101.30000305175781,10787.0
202606251423,101.34500122070312,101.30000305175781,101.34500122070312,101.26000213623047,10094.0
202606251424,101.27999877929688,101.36499786376953,101.37000274658203,101.2699966430664,6876.0
202606251425,101.37000274658203,101.33499908447266,101.37000274658203,101.2699966430664,9384.0
202606251426,101.3499984741211,101.21499633789062,101.37000274658203,101.21499633789062,12298.0
202606251427,101.19000244140625,101.25990295410156,101.25990295410156,101.16999816894531,11614.0
202606251428,101.24500274658203,101.44000244140625,101.44000244140625,101.24500274658203,12820.0
202606251429,101.44000244140625,101.4800033569336,101.5,101.38500213623047,11686.0
202606251430,101.44999694824219,101.29000091552734,101.44999694824219,101.27999877929688,35849.0
202606251431,101.28500366210938,101.28500366210938,101.32499694824219,101.23999786376953,13166.0
202606251432,101.29000091552734,101.25,101.30000305175781,101.2300033569336,9603.0
202606251433,101.25,101.16000366210938,101.2699966430664,101.12999725341797,10688.0
202606251434,101.12999725341797,101.125,101.1500015258789,101.08999633789062,12277.0
202606251435,101.125,101.06999969482422,101.12999725341797,101.01000213623047,17884.0
202606251436,101.05139923095703,101.20999908447266,101.2300033569336,101.05139923095703,7950.0
202606251437,101.22000122070312,101.26000213623047,101.27999877929688,101.22000122070312,34577.0
202606251438,101.26499938964844,101.2750015258789,101.29589080810547,101.26100158691406,9569.0
202606251439,101.2750015258789,101.33499908447266,101.37000274658203,101.26499938964844,9318.0
202606251440,101.3499984741211,101.31999969482422,101.3499984741211,101.23999786376953,12671.0
202606251441,101.29000091552734,101.3550033569336,101.37000274658203,101.24500274658203,30311.0
202606251442,101.3550033569336,101.37999725341797,101.38999938964844,101.29499816894531,33682.0
202606251443,101.4000015258789,101.33999633789062,101.41000366210938,101.31500244140625,15721.0
202606251444,101.34500122070312,101.33499908447266,101.38999938964844,101.31999969482422,21055.0
202606251445,101.36000061035156,101.23999786376953,101.37999725341797,101.19499969482422,40527.0
202606251446,101.25,101.16999816894531,101.2699966430664,101.16000366210938,69555.0
202606251447,101.16999816894531,101.19999694824219,101.20999908447266,101.12999725341797,19088.0
202606251448,101.22000122070312,101.2699966430664,101.2699966430664,101.13249969482422,15372.0
202606251449,101.2699966430664,101.23500061035156,101.2699966430664,101.19999694824219,10437.0
202606251450,101.2699966430664,101.42500305175781,101.42500305175781,101.2699966430664,13799.0
202606251451,101.44999694824219,101.43499755859375,101.45999908447266,101.36499786376953,22428.0
202606251452,101.44999694824219,101.56500244140625,101.58000183105469,101.44000244140625,21828.0
202606251453,101.56500244140625,101.5,101.56500244140625,101.49500274658203,11060.0
202606251454,101.4800033569336,101.4800033569336,101.50499725341797,101.44000244140625,12693.0
202606251455,101.5,101.43000030517578,101.5,101.43000030517578,9539.0
202606251456,101.41999816894531,101.29000091552734,101.41999816894531,101.29000091552734,12705.0
202606251457,101.29000091552734,101.13500213623047,101.30999755859375,101.12000274658203,14964.0
202606251458,101.12000274658203,101.16000366210938,101.19999694824219,101.0999984741211,23651.0
202606251459,101.12999725341797,101.06500244140625,101.12999725341797,101.05000305175781,11979.0
202606251500,101.06999969482422,101.0999984741211,101.11000061035156,101.05000305175781,9877.0
202606251501,101.11000061035156,101.11000061035156,101.12999725341797,101.0250015258789,13757.0
202606251502,101.11000061035156,101.08509826660156,101.12000274658203,101.01499938964844,14991.0
202606251503,101.08000183105469,101.04000091552734,101.13999938964844,101.0199966430664,47795.0
202606251504,101.03500366210938,101.06999969482422,101.0999984741211,101.02999877929688,30262.0
202606251505,101.08000183105469,101.0199966430664,101.11499786376953,101.0,28028.0
202606251506,101.0,100.84500122070312,101.02999877929688,100.84500122070312,14509.0
202606251507,100.87000274658203,100.80000305175781,100.87999725341797,100.77999877929688,9401.0
202606251508,100.77999877929688,100.76349639892578,100.80000305175781,100.75,12281.0
202606251509,100.75,100.6449966430664,100.75,100.6449966430664,5949.0
202606251510,100.65499877929688,100.69999694824219,100.73500061035156,100.62999725341797,7915.0
202606251511,100.68000030517578,100.61000061035156,100.68000030517578,100.59709930419922,8340.0
202606251512,100.61000061035156,100.44000244140625,100.63999938964844,100.41000366210938,14352.0
202606251513,100.41000366210938,100.58000183105469,100.58999633789062,100.41000366210938,10133.0
202606251514,100.5999984741211,100.6500015258789,100.66000366210938,100.58000183105469,17991.0
202606251515,100.62999725341797,100.56999969482422,100.63999938964844,100.5250015258789,9936.0
202606251516,100.6050033569336,100.50499725341797,100.62000274658203,100.48999786376953,7743.0
202606251517,100.5199966430664,100.55000305175781,100.58000183105469,100.51000213623047,25800.0
202606251518,100.5250015258789,100.56999969482422,100.58999633789062,100.5250015258789,6943.0
202606251519,100.55000305175781,100.58000183105469,100.58540344238281,100.54000091552734,14299.0
202606251520,100.58999633789062,100.55500030517578,100.5999984741211,100.5199966430664,11356.0
202606251521,100.54039764404297,100.70999908447266,100.70999908447266,100.54039764404297,17706.0
202606251522,100.69000244140625,100.69999694824219,100.73999786376953,100.62999725341797,39001.0
202606251523,100.69499969482422,100.75,100.7699966430664,100.66000366210938,29727.0
202606251524,100.76000213623047,100.7300033569336,100.79000091552734,100.70500183105469,21487.0
202606251525,100.70999908447266,100.75499725341797,100.8550033569336,100.69000244140625,19853.0
202606251526,100.71499633789062,100.71499633789062,100.71499633789062,100.67500305175781,4098.0
202606251527,100.72989654541016,100.69499969482422,100.75,100.68000030517578,13465.0
202606251528,100.68499755859375,100.6500015258789,100.69000244140625,100.61000061035156,15503.0
202606251529,100.61000061035156,100.58000183105469,100.62940216064453,100.56999969482422,10087.0
202606251530,100.55999755859375,100.55500030517578,100.61000061035156,100.55500030517578,5557.0
202606251531,100.56117248535156,100.53500366210938,100.58499908447266,100.52010345458984,4866.0
202606251532,100.5250015258789,100.61499786376953,100.6500015258789,100.52330017089844,13786.0
202606251533,100.61000061035156,100.58000183105469,100.61000061035156,100.54000091552734,9870.0
202606251534,100.5999984741211,100.48049926757812,100.61000061035156,100.48049926757812,7907.0
202606251535,100.4800033569336,100.55999755859375,100.56999969482422,100.47000122070312,7853.0
202606251536,100.58000183105469,100.61000061035156,100.70999908447266,100.56999969482422,23080.0
202606251537,100.58000183105469,100.52999877929688,100.58000183105469,100.52999877929688,5082.0
202606251538,100.51000213623047,100.5199966430664,100.5199966430664,100.44999694824219,8315.0
202606251539,100.51000213623047,100.45999908447266,100.51000213623047,100.45500183105469,6914.0
202606251540,100.44000244140625,100.38999938964844,100.44000244140625,100.38999938964844,5984.0
202606251541,100.3949966430664,100.43499755859375,100.44629669189453,100.3499984741211,8858.0
202606251542,100.41999816894531,100.375,100.41999816894531,100.36000061035156,5322.0
202606251543,100.375,100.36009979248047,100.43000030517578,100.36009979248047,6790.0
202606251544,100.375,100.37000274658203,100.42500305175781,100.37000274658203,6352.0
202606251545,100.37999725341797,100.44999694824219,100.45500183105469,100.36000061035156,6619.0
202606251546,100.44999694824219,100.3949966430664,100.44999694824219,100.37010192871094,9094.0
202606251547,100.37000274658203,100.3550033569336,100.375,100.3499984741211,5386.0
202606251548,100.3499984741211,100.3499984741211,100.36000061035156,100.30999755859375,8144.0
202606251549,100.3499984741211,100.4000015258789,100.43000030517578,100.33000183105469,18544.0
202606251550,100.3499984741211,100.33000183105469,100.36000061035156,100.30999755859375,7425.0
202606251551,100.30999755859375,100.30999755859375,100.35009765625,100.30000305175781,10513.0
202606251552,100.30999755859375,100.31999969482422,100.33999633789062,100.29000091552734,17106.0
202606251553,100.31999969482422,100.31500244140625,100.32499694824219,100.29000091552734,3736.0
202606251554,100.31500244140625,100.33000183105469,100.36319732666016,100.31500244140625,6053.0
202606251555,100.33000183105469,100.4000015258789,100.41010284423828,100.33000183105469,10213.0
202606251556,100.41500091552734,100.41999816894531,100.44499969482422,100.3949966430664,24093.0
202606251557,100.41999816894531,100.44000244140625,100.44010162353516,100.3949966430664,33484.0
202606251558,100.43000030517578,100.43499755859375,100.44000244140625,100.38999938964844,14911.0
202606251559,100.41999816894531,100.33000183105469,100.41999816894531,100.30000305175781,10461.0
202606251600,100.33000183105469,100.31999969482422,100.36000061035156,100.25,28807.0
202606251601,100.32499694824219,100.30000305175781,100.33999633789062,100.2750015258789,24662.0
202606251602,100.30000305175781,100.26000213623047,100.30000305175781,100.26000213623047,16840.0
202606251603,100.25,100.22000122070312,100.2699966430664,100.18939971923828,16005.0
202606251604,100.19999694824219,100.1449966430664,100.22000122070312,100.11000061035156,30291.0
202606251605,100.125,100.05000305175781,100.125,99.94000244140625,47673.0
202606251606,100.08999633789062,100.125,100.13999938964844,100.07499694824219,11822.0
202606251607,100.13999938964844,100.11499786376953,100.16000366210938,100.11000061035156,10525.0
202606251608,100.09030151367188,100.0999984741211,100.13999938964844,100.08999633789062,12178.0
202606251609,100.0999984741211,100.06500244140625,100.12999725341797,100.05999755859375,7594.0
202606251610,100.06500244140625,100.19000244140625,100.19000244140625,100.06500244140625,12227.0
202606251611,100.19000244140625,100.06999969482422,100.19000244140625,100.06999969482422,8144.0
202606251612,100.05000305175781,99.97100067138672,100.05000305175781,99.97100067138672,11744.0
202606251613,99.95999908447266,99.97010040283203,100.02999877929688,99.94999694824219,14108.0
202606251614,99.9800033569336,100.00499725341797,100.00499725341797,99.94999694824219,13339.0
202606251615,100.0199966430664,99.95999908447266,100.02999877929688,99.95999908447266,26128.0
202606251616,99.94000244140625,99.97000122070312,100.00499725341797,99.94000244140625,20950.0
202606251617,99.95010375976562,99.95999908447266,99.9749984741211,99.94000244140625,27466.0
202606251618,99.97000122070312,99.91999816894531,100.0,99.8499984741211,72188.0
202606251619,99.90499877929688,99.95999908447266,99.98500061035156,99.90499877929688,10093.0
202606251620,99.94999694824219,99.9625015258789,99.9800033569336,99.93000030517578,14206.0
202606251621,99.9749984741211,99.95999908447266,100.01000213623047,99.94000244140625,12197.0
202606251622,99.94000244140625,99.80999755859375,99.94499969482422,99.7699966430664,25008.0
202606251623,99.81999969482422,99.8499984741211,99.88999938964844,99.80010223388672,43556.0
202606251624,99.83390045166016,99.81500244140625,99.8499984741211,99.80999755859375,18710.0
202606251625,99.81500244140625,99.79000091552734,99.83000183105469,99.77999877929688,9599.0
202606251626,99.78500366210938,99.76000213623047,99.81999969482422,99.76000213623047,11759.0
202606251627,99.7750015258789,99.81500244140625,99.82250213623047,99.6500015258789,61887.0
202606251628,99.79499816894531,99.83000183105469,99.87000274658203,99.77999877929688,12744.0
202606251629,99.83000183105469,99.76000213623047,99.8499984741211,99.76000213623047,10665.0
202606251630,99.76000213623047,99.73500061035156,99.76000213623047,99.69000244140625,11566.0
202606251631,99.73500061035156,99.70999908447266,99.77999877929688,99.69999694824219,13187.0
202606251632,99.69999694824219,99.69999694824219,99.76000213623047,99.68000030517578,26481.0
202606251633,99.70999908447266,99.68499755859375,99.7300033569336,99.6500015258789,51953.0
202606251634,99.66999816894531,99.73999786376953,99.74130249023438,99.66500091552734,21450.0
202606251635,99.7300033569336,99.66999816894531,99.7300033569336,99.6500015258789,27508.0
202606251636,99.66999816894531,99.67500305175781,99.70999908447266,99.66000366210938,9335.0
202606251637,99.67500305175781,99.55999755859375,99.68000030517578,99.54000091552734,19045.0
202606251638,99.55500030517578,99.54000091552734,99.58000183105469,99.54000091552734,33044.0
202606251639,99.52999877929688,99.38500213623047,99.52999877929688,99.37000274658203,34123.0
202606251640,99.38500213623047,99.4000015258789,99.41999816894531,99.36000061035156,17629.0
202606251641,99.38099670410156,99.45999908447266,99.4800033569336,99.38099670410156,20125.0
202606251642,99.44999694824219,99.41999816894531,99.45500183105469,99.41000366210938,9591.0
202606251643,99.41999816894531,99.45500183105469,99.4749984741211,99.41010284423828,16659.0
202606251644,99.44499969482422,99.42500305175781,99.46499633789062,99.41999816894531,11739.0
202606251645,99.41000366210938,99.41000366210938,99.44999694824219,99.37000274658203,18151.0
202606251646,99.41000366210938,99.41000366210938,99.44999694824219,99.38999938964844,7261.0
202606251647,99.43000030517578,99.38999938964844,99.43000030517578,99.37000274658203,13406.0
202606251648,99.37000274658203,99.48200225830078,99.48999786376953,99.34500122070312,17389.0
202606251649,99.47000122070312,99.45999908447266,99.47000122070312,99.43499755859375,7763.0
202606251650,99.44999694824219,99.43000030517578,99.44999694824219,99.41000366210938,18017.0
202606251651,99.43000030517578,99.41000366210938,99.45999908447266,99.4000015258789,11345.0
202606251652,99.41000366210938,99.41999816894531,99.41999816894531,99.4000015258789,6715.0
202606251653,99.44000244140625,99.41000366210938,99.44999694824219,99.41000366210938,80455.0
202606251654,99.41000366210938,99.4000015258789,99.41999816894531,99.3949966430664,7196.0
202606251655,99.4000015258789,99.37999725341797,99.4000015258789,99.37000274658203,7241.0
202606251656,99.37000274658203,99.31500244140625,99.37000274658203,99.30999755859375,13564.0
202606251657,99.30000305175781,99.26000213623047,99.30500030517578,99.2500991821289,14772.0
202606251658,99.26000213623047,99.2300033569336,99.2699966430664,99.22000122070312,13044.0
202606251659,99.23500061035156,99.2699966430664,99.2699966430664,99.22000122070312,7086.0
202606251700,99.26000213623047,99.33999633789062,99.33999633789062,99.25,11989.0
202606251701,99.31999969482422,99.30999755859375,99.33999633789062,99.30999755859375,7203.0
202606251702,99.33999633789062,99.27999877929688,99.33999633789062,99.27999877929688,7651.0
202606251703,99.2699966430664,99.26499938964844,99.2699966430664,99.25,5876.0
202606251704,99.26000213623047,99.1697998046875,99.26000213623047,99.16000366210938,12729.0
202606251705,99.13999938964844,99.16000366210938,99.16999816894531,99.12999725341797,16558.0
202606251706,99.1500015258789,99.16999816894531,99.18000030517578,99.12010192871094,16234.0
202606251707,99.1500015258789,99.11499786376953,99.16000366210938,99.11000061035156,7996.0
202606251708,99.12000274658203,99.11000061035156,99.12999725341797,99.06999969482422,16913.0
202606251709,99.0999984741211,99.11499786376953,99.13999938964844,99.08000183105469,8915.0
202606251710,99.12000274658203,99.11000061035156,99.12000274658203,99.08000183105469,6945.0
202606251711,99.0999984741211,99.06999969482422,99.12000274658203,99.06999969482422,7566.0
202606251712,99.05999755859375,99.01000213623047,99.05999755859375,98.9800033569336,21655.0
202606251713,99.02999877929688,99.11499786376953,99.12999725341797,99.02999877929688,17492.0
202606251714,99.11000061035156,99.0999984741211,99.11000061035156,99.08000183105469,11686.0
202606251715,99.09500122070312,99.16500091552734,99.197998046875,99.09500122070312,14302.0
202606251716,99.17500305175781,99.125,99.19000244140625,99.125,17289.0
202606251717,99.125,99.04499816894531,99.13500213623047,99.04000091552734,16288.0
202606251718,99.02999877929688,99.0199966430664,99.05500030517578,99.0199966430664,8350.0
202606251719,99.0,98.9800033569336,99.0,98.96219635009766,20408.0
202606251720,98.95999908447266,98.98999786376953,98.98999786376953,98.91500091552734,11147.0
202606251721,98.98999786376953,98.97000122070312,98.99320220947266,98.97000122070312,9007.0
202606251722,98.9749984741211,98.94000244140625,98.9800033569336,98.93000030517578,16501.0
202606251723,98.9010009765625,98.93000030517578,98.93000030517578,98.8550033569336,14563.0
202606251724,98.91999816894531,98.87000274658203,98.92500305175781,98.86000061035156,11753.0
202606251725,98.8499984741211,98.91999816894531,98.93000030517578,98.8499984741211,10615.0
202606251726,98.92500305175781,98.94999694824219,98.94999694824219,98.91000366210938,9812.0
202606251727,98.94999694824219,98.9000015258789,98.94999694824219,98.88999938964844,7764.0
202606251728,98.9000015258789,98.86000061035156,98.9000015258789,98.86000061035156,9130.0
202606251729,98.8499984741211,98.83999633789062,98.8499984741211,98.83000183105469,9448.0
202606251730,98.83000183105469,98.7750015258789,98.8499984741211,98.76000213623047,12692.0
202606251731,98.7750015258789,98.81999969482422,98.81999969482422,98.7699966430664,9164.0
202606251732,98.80999755859375,98.69100189208984,98.82250213623047,98.69000244140625,14301.0
202606251733,98.69000244140625,98.79000091552734,98.79000091552734,98.66000366210938,26491.0
202606251734,98.79000091552734,98.79499816894531,98.80000305175781,98.75499725341797,8611.0
202606251735,98.7699966430664,98.76000213623047,98.77999877929688,98.7522964477539,10040.0
202606251736,98.76499938964844,98.82499694824219,98.8475112915039,98.76499938964844,14183.0
202606251737,98.83000183105469,98.83000183105469,98.83999633789062,98.75,36015.0
202606251738,98.81999969482422,98.83000183105469,98.83999633789062,98.79000091552734,15493.0
202606251739,98.84500122070312,98.86000061035156,98.90809631347656,98.81999969482422,13609.0
202606251740,98.8499984741211,98.90499877929688,98.91000366210938,98.83000183105469,12552.0
202606251741,98.90499877929688,98.90499877929688,98.93000030517578,98.88009643554688,7485.0
202606251742,98.9000015258789,98.92500305175781,98.93000030517578,98.9000015258789,9749.0
202606251743,98.92510223388672,98.88500213623047,98.93000030517578,98.87999725341797,9029.0
202606251744,98.88099670410156,98.84100341796875,98.88999938964844,98.83999633789062,17050.0
202606251745,98.8499984741211,98.8499984741211,98.88999938964844,98.82499694824219,12016.0
202606251746,98.86000061035156,98.87000274658203,98.91000366210938,98.83999633789062,8588.0
202606251747,98.86000061035156,98.87999725341797,98.9000015258789,98.84100341796875,17050.0
202606251748,98.87999725341797,98.80999755859375,98.87999725341797,98.80049896240234,19912.0
202606251749,98.80500030517578,98.84500122070312,98.8550033569336,98.80000305175781,14451.0
202606251750,98.84500122070312,98.87999725341797,98.87999725341797,98.77999877929688,23185.0
202606251751,98.87999725341797,98.80999755859375,98.88999938964844,98.80000305175781,12151.0
202606251752,98.79000091552734,98.81999969482422,98.83999633789062,98.79000091552734,15845.0
202606251753,98.81999969482422,98.86000061035156,98.87000274658203,98.81500244140625,15793.0
202606251754,98.86000061035156,98.87999725341797,98.91000366210938,98.86000061035156,15099.0
202606251755,98.86000061035156,98.80000305175781,98.86000061035156,98.7699966430664,10934.0
202606251756,98.79000091552734,98.80500030517578,98.81999969482422,98.7699966430664,14476.0
202606251757,98.81999969482422,98.87000274658203,98.87000274658203,98.80500030517578,14835.0
202606251758,98.86000061035156,98.86499786376953,98.89510345458984,98.86000061035156,7785.0
202606251759,98.86499786376953,98.83000183105469,98.89990234375,98.80999755859375,14710.0
202606251800,98.83999633789062,98.81500244140625,98.8499984741211,98.78099822998047,11633.0
202606251801,98.80000305175781,98.70999908447266,98.80999755859375,98.70999908447266,21962.0
202606251802,98.73500061035156,98.5,98.73500061035156,98.4800033569336,141014.0
202606251803,98.5199966430664,98.56999969482422,98.69000244140625,98.5,44829.0
202606251804,98.56500244140625,98.66999816894531,98.70249938964844,98.56500244140625,18874.0
202606251805,98.68000030517578,98.63500213623047,98.69999694824219,98.61000061035156,11239.0
202606251806,98.63500213623047,98.69999694824219,98.75499725341797,98.62999725341797,14762.0
202606251807,98.68000030517578,98.5999984741211,98.68000030517578,98.58999633789062,17792.0
202606251808,98.5999984741211,98.58999633789062,98.61000061035156,98.58000183105469,6237.0
202606251809,98.58000183105469,98.58000183105469,98.58000183105469,98.54000091552734,19041.0
202606251810,98.57499694824219,98.59989929199219,98.6050033569336,98.56999969482422,11937.0
202606251811,98.58499908447266,98.62000274658203,98.62000274658203,98.57499694824219,14635.0
202606251812,98.62999725341797,98.55999755859375,98.63999938964844,98.55999755859375,8328.0
202606251813,98.56099700927734,98.49500274658203,98.58499908447266,98.48999786376953,20004.0
202606251814,98.5,98.45500183105469,98.51000213623047,98.41999816894531,55880.0
202606251815,98.45220184326172,98.44000244140625,98.51000213623047,98.4000015258789,18712.0
202606251816,98.4000015258789,98.45999908447266,98.45999908447266,98.38999938964844,33196.0
202606251817,98.44499969482422,98.23999786376953,98.45999908447266,98.08000183105469,91451.0
202606251818,98.26000213623047,98.41000366210938,98.41999816894531,98.26000213623047,21674.0
202606251819,98.43000030517578,98.45999908447266,98.52999877929688,98.38999938964844,13365.0
202606251820,98.45999908447266,98.48500061035156,98.51000213623047,98.44999694824219,17338.0
202606251821,98.4800033569336,98.44999694824219,98.4800033569336,98.4385986328125,8935.0
202606251822,98.45999908447266,98.48999786376953,98.48999786376953,98.44000244140625,10364.0
202606251823,98.4800033569336,98.44999694824219,98.48989868164062,98.43000030517578,30769.0
202606251824,98.47000122070312,98.3949966430664,98.47000122070312,98.38999938964844,16212.0
202606251825,98.38999938964844,98.55500030517578,98.55500030517578,98.37999725341797,25027.0
202606251826,98.56999969482422,98.52999877929688,98.58999633789062,98.52999877929688,22740.0
202606251827,98.52999877929688,98.52999877929688,98.55000305175781,98.51000213623047,18915.0
202606251828,98.52999877929688,98.55999755859375,98.55999755859375,98.5,26247.0
202606251829,98.55500030517578,98.66909790039062,98.67500305175781,98.55500030517578,19791.0
202606251830,98.6792984008789,98.59020233154297,98.6792984008789,98.58000183105469,17708.0
202606251831,98.5999984741211,98.62000274658203,98.63999938964844,98.54100036621094,13252.0
202606251832,98.62000274658203,98.68000030517578,98.68000030517578,98.51000213623047,97899.0
202606251833,98.68000030517578,98.7300033569336,98.75,98.65499877929688,22783.0
202606251834,98.69000244140625,98.66500091552734,98.72000122070312,98.66000366210938,10837.0
202606251835,98.66999816894531,98.68499755859375,98.69000244140625,98.63500213623047,8607.0
202606251836,98.66999816894531,98.61000061035156,98.67500305175781,98.60009765625,10896.0
202606251837,98.6050033569336,98.62999725341797,98.65499877929688,98.58999633789062,13680.0
202606251838,98.62999725341797,98.6050033569336,98.66000366210938,98.5999984741211,9316.0
202606251839,98.5999984741211,98.56999969482422,98.61000061035156,98.55999755859375,10819.0
202606251840,98.57499694824219,98.53500366210938,98.62000274658203,98.53500366210938,12254.0
202606251841,98.53500366210938,98.55999755859375,98.55999755859375,98.5,12814.0
202606251842,98.55000305175781,98.55000305175781,98.55000305175781,98.51412963867188,8478.0
202606251843,98.55999755859375,98.55000305175781,98.56999969482422,98.55000305175781,9123.0
202606251844,98.54000091552734,98.52999877929688,98.54499816894531,98.5,20448.0
202606251845,98.55000305175781,98.54000091552734,98.56999969482422,98.5000991821289,12125.0
202606251846,98.55000305175781,98.625,98.63999938964844,98.55000305175781,11052.0
202606251847,98.61000061035156,98.61499786376953,98.6698989868164,98.55000305175781,59338.0
202606251848,98.61000061035156,98.66500091552734,98.66500091552734,98.61000061035156,18778.0
202606251849,98.6500015258789,98.6500015258789,98.66500091552734,98.62999725341797,24761.0
202606251850,98.63999938964844,98.6500015258789,98.66000366210938,98.62000274658203,17434.0
202606251851,98.6500015258789,98.66000366210938,98.69000244140625,98.6500015258789,13041.0
202606251852,98.63999938964844,98.75,98.75,98.62000274658203,23397.0
202606251853,98.75969696044922,98.75250244140625,98.75969696044922,98.72000122070312,8120.0
202606251854,98.7300033569336,98.68499755859375,98.73500061035156,98.68000030517578,10843.0
202606251855,98.68990325927734,98.68499755859375,98.68990325927734,98.63999938964844,13350.0
202606251856,98.66000366210938,98.66000366210938,98.66000366210938,98.61499786376953,13854.0
202606251857,98.6500015258789,98.73999786376953,98.75,98.63999938964844,15625.0
202606251858,98.75,98.7300033569336,98.7699966430664,98.7300033569336,10558.0
202606251859,98.72000122070312,98.68000030517578,98.75,98.66999816894531,12839.0
202606251900,98.68000030517578,98.6500015258789,98.70500183105469,98.6449966430664,12129.0
202606251901,98.66000366210938,98.58000183105469,98.68000030517578,98.58000183105469,11124.0
202606251902,98.58999633789062,98.61000061035156,98.62999725341797,98.58999633789062,10844.0
202606251903,98.61000061035156,98.5999984741211,98.61990356445312,98.56999969482422,14638.0
202606251904,98.59500122070312,98.63500213623047,98.63500213623047,98.55999755859375,12056.0
202606251905,98.63999938964844,98.62000274658203,98.6449966430664,98.61000061035156,9254.0
202606251906,98.62100219726562,98.63999938964844,98.6500015258789,98.61000061035156,10701.0
202606251907,98.62999725341797,98.63999938964844,98.6500015258789,98.62999725341797,5775.0
202606251908,98.62999725341797,98.58499908447266,98.63500213623047,98.52999877929688,42869.0
202606251909,98.56999969482422,98.61000061035156,98.61000061035156,98.54499816894531,18284.0
202606251910,98.5999984741211,98.6050033569336,98.62999725341797,98.58100128173828,9641.0
202606251911,98.60099792480469,98.50499725341797,98.62000274658203,98.48999786376953,16365.0
202606251912,98.50499725341797,98.4800033569336,98.51000213623047,98.47000122070312,12744.0
202606251913,98.48100280761719,98.41500091552734,98.5,98.41500091552734,60809.0
202606251914,98.41500091552734,98.4000015258789,98.44000244140625,98.39009857177734,11963.0
202606251915,98.4000015258789,98.4749984741211,98.4749984741211,98.37999725341797,18525.0
202606251916,98.4800033569336,98.51499938964844,98.55000305175781,98.4800033569336,9867.0
202606251917,98.51000213623047,98.52999877929688,98.55500030517578,98.4800033569336,29088.0
202606251918,98.5199966430664,98.55000305175781,98.56999969482422,98.5199966430664,16368.0
202606251919,98.55500030517578,98.58499908447266,98.59989929199219,98.52999877929688,12890.0
202606251920,98.5999984741211,98.62000274658203,98.62000274658203,98.57499694824219,21326.0
202606251921,98.62000274658203,98.63500213623047,98.66000366210938,98.61000061035156,13373.0
202606251922,98.63500213623047,98.63999938964844,98.65499877929688,98.62000274658203,19916.0
202606251923,98.61000061035156,98.63999938964844,98.6449966430664,98.61000061035156,7208.0
202606251924,98.6500015258789,98.7499008178711,98.75,98.63999938964844,25025.0
202606251925,98.73500061035156,98.69000244140625,98.75900268554688,98.69000244140625,27389.0
202606251926,98.69000244140625,98.71499633789062,98.72000122070312,98.66000366210938,26507.0
202606251927,98.71499633789062,98.69999694824219,98.72000122070312,98.66500091552734,21700.0
202606251928,98.70500183105469,98.73999786376953,98.7699966430664,98.69999694824219,24286.0
202606251929,98.73500061035156,98.79000091552734,98.81999969482422,98.73500061035156,25241.0
202606251930,98.77999877929688,98.7300033569336,98.80999755859375,98.7300033569336,28219.0
202606251931,98.7300033569336,98.69000244140625,98.75,98.69000244140625,11749.0
202606251932,98.69000244140625,98.70999908447266,98.7300033569336,98.69000244140625,16967.0
202606251933,98.69000244140625,98.68499755859375,98.7300033569336,98.65499877929688,15844.0
202606251934,98.66999816894531,98.62999725341797,98.68499755859375,98.61000061035156,23577.0
202606251935,98.62999725341797,98.6449966430664,98.66999816894531,98.62000274658203,25047.0
202606251936,98.6500015258789,98.7249984741211,98.7249984741211,98.6500015258789,14326.0
202606251937,98.7249984741211,98.69499969482422,98.7249984741211,98.69000244140625,20773.0
202606251938,98.69000244140625,98.68000030517578,98.70999908447266,98.67500305175781,15685.0
202606251939,98.68000030517578,98.67500305175781,98.69000244140625,98.6500015258789,18352.0
202606251940,98.68000030517578,98.5999984741211,98.69000244140625,98.5999984741211,22973.0
202606251941,98.62000274658203,98.58999633789062,98.62000274658203,98.55999755859375,18784.0
202606251942,98.58000183105469,98.62000274658203,98.62000274658203,98.56999969482422,23043.0
202606251943,98.62000274658203,98.65499877929688,98.66999816894531,98.62000274658203,23237.0
202606251944,98.65499877929688,98.68000030517578,98.72000122070312,98.65499877929688,23067.0
202606251945,98.68000030517578,98.73999786376953,98.76000213623047,98.66999816894531,27170.0
202606251946,98.73500061035156,98.68990325927734,98.78500366210938,98.67500305175781,31843.0
202606251947,98.68000030517578,98.62999725341797,98.68000030517578,98.62999725341797,24707.0
202606251948,98.62000274658203,98.56999969482422,98.62000274658203,98.55999755859375,35224.0
202606251949,98.56500244140625,98.55500030517578,98.61000061035156,98.55000305175781,19434.0
202606251950,98.58000183105469,98.52999877929688,98.66000366210938,98.51000213623047,43480.0
202606251951,98.54000091552734,98.46499633789062,98.55500030517578,98.41000366210938,67497.0
202606251952,98.4800033569336,98.44000244140625,98.54000091552734,98.43000030517578,49667.0
202606251953,98.47000122070312,98.41999816894531,98.4800033569336,98.4000015258789,36622.0
202606251954,98.41000366210938,98.4749984741211,98.48500061035156,98.38999938964844,41444.0
202606251955,98.4800033569336,98.3499984741211,98.48999786376953,98.29000091552734,78153.0
202606251956,98.34500122070312,98.25499725341797,98.37000274658203,98.22000122070312,81347.0
202606251957,98.25,98.1500015258789,98.2699966430664,98.13999938964844,141689.0
202606251958,98.12999725341797,98.01000213623047,98.16000366210938,98.01000213623047,214427.0
202606251959,98.01000213623047,98.08000183105469,98.0999984741211,97.98999786376953,480418.0
202606252000,98.15,98.99,98.99,98.15,0.0
202606252001,98.99,98.9555,98.99,98.39,0.0
202606252002,98.6,98.39,98.98,98.05,10720455.0
202606252003,98.08,98.09,98.5,98.05,0.0
202606252004,98.05,98.0,98.2895,97.8812,0.0
202606252005,98.0,98.0,98.2,97.93,0.0
202606252006,98.2,98.0,98.2,98.0,0.0
202606252007,98.02,98.1905,98.2,97.91,0.0
202606252008,98.09,98.09,98.1905,98.0,0.0
202606252009,97.97,98.0,98.1726,97.8,0.0
202606252010,97.9777,98.2,98.2,97.95,0.0
202606252011,97.98,98.15,98.15,97.98,0.0
202606252012,98.07,98.15,98.2,98.0245,0.0
202606252013,98.05,98.2,98.2,98.05,0.0
202606252014,98.2,98.05,98.2,98.05,0.0
202606252015,98.153,98.2,98.2,98.15,0.0
202606252016,98.1937,98.2,98.2,97.95,0.0
202606252017,98.1601,98.05,98.1601,98.05,0.0
202606252018,98.1583,98.0,98.2,98.0,0.0
202606252019,98.0,98.1,98.1,97.95,0.0
202606252020,98.05,98.0993,98.1,98.0,0.0
202606252021,98.0,98.0925,98.1,97.81,0.0
202606252022,98.0497,98.1,98.1,98.0497,0.0
202606252023,98.0,98.0,98.0,97.8,0.0
202606252024,98.58,98.0,98.58,98.0,0.0
202606252025,98.0,98.0,98.6,97.965,0.0
202606252026,98.17,98.0,98.6,97.8,0.0
202606252027,98.6,98.0544,98.6,98.0,0.0
202606252028,97.8,98.1,98.1,97.8,0.0
202606252029,98.09,98.0252,98.1,97.8075,0.0
202606252030,98.0,98.1,98.1,97.839,0.0
202606252031,98.0,97.95,98.0,97.8,0.0
202606252032,98.09,98.09,98.1,98.09,0.0
202606252033,98.1,98.1,98.1,98.0544,0.0
202606252034,98.05,98.0,98.07,98.0,0.0
202606252035,98.07,97.8,98.1,97.8,0.0
202606252036,98.0,98.1,98.1,98.0,0.0
202606252037,98.0,98.1,98.1,97.8,0.0
202606252038,98.05,98.1,98.1,98.0,0.0
202606252039,98.05,98.04,98.05,97.8527,0.0
202606252040,98.05,98.05,98.1,98.0,0.0
202606252041,98.0485,98.1,98.1,97.95,0.0
202606252043,98.05,98.0,98.05,98.0,0.0
202606252044,98.01,98.1,98.1,97.99,0.0
202606252046,98.05,98.1,98.1,98.05,0.0
202606252048,98.01,98.09,98.09,97.85,0.0
202606252050,98.0547,98.05,98.0547,98.05,0.0
202606252051,97.85,98.0899,98.09,97.85,0.0
202606252052,98.05,98.0,98.09,98.0,0.0
202606252053,98.05,98.084,98.084,98.05,0.0
202606252054,98.09,98.09,98.09,98.05,0.0
202606252055,98.05,98.09,98.09,98.01,0.0
202606252056,98.09,98.05,98.09,98.05,0.0
202606252059,97.85,98.05,98.05,97.85,0.0
202606252100,98.05,98.0,98.05,98.0,0.0
202606252105,98.05,97.97,98.05,97.97,0.0
202606252108,97.8902,98.09,98.09,97.8902,0.0
202606252109,98.0,98.0,98.0588,98.0,0.0
202606252110,98.05,98.04,98.05,98.04,0.0
202606252112,98.0,98.09,98.09,98.0,0.0
202606252113,98.09,98.05,98.09,97.856,0.0
202606252117,98.05,98.0,98.11,98.0,0.0
202606252118,98.0,98.1,98.25,98.0,0.0
202606252122,98.2987,98.2,98.76,98.2,0.0
202606252124,98.15,98.1745,98.1745,98.15,0.0
202606252126,98.1624,98.1,98.61,98.1,0.0
202606252133,98.6365,98.1225,98.65,98.05,0.0
202606252135,98.11,98.16,98.16,98.11,0.0
202606252136,98.25,98.3049,98.3049,98.25,0.0
202606252137,98.2,98.4,98.45,98.11,0.0
202606252138,98.13,98.55,98.55,98.13,0.0
202606252142,98.21,98.34,98.34,98.21,0.0
202606252143,98.3681,98.4,98.4,98.3681,0.0
202606252148,98.3632,98.26,98.39,98.1562,0.0
202606252149,98.34,98.35,98.4,98.34,0.0
202606252150,98.35,98.5,98.5,98.35,0.0
202606252151,98.57,98.14,98.57,98.14,0.0
202606252153,98.598,98.6099,98.6099,98.598,0.0
202606252159,98.13,98.5563,98.61,97.7439,0.0
202606252200,98.54,98.61,98.61,98.13,0.0
202606252202,98.4,98.39,98.4,98.39,0.0
202606252203,98.39,98.3501,98.4,98.15,0.0
202606252204,98.2,98.3932,98.3932,98.2,0.0
202606252207,98.395,98.4,98.4,98.28,0.0
202606252208,97.7439,98.3,98.36,97.7439,0.0
202606252209,98.36,98.21,98.36,98.2,0.0
202606252210,98.3,98.22,98.3,98.2,0.0
202606252211,98.17,98.13,98.2,98.13,0.0
202606252214,98.2443,98.13,98.2443,98.13,0.0
202606252215,98.2,98.2582,98.26,98.2,0.0
202606252219,98.2593,98.26,98.26,98.2593,0.0
202606252220,98.18,98.2594,98.26,98.18,0.0
202606252225,98.21,98.05,98.21,98.05,0.0
202606252226,98.2365,98.16,98.2365,98.1,0.0
202606252229,98.2322,98.18,98.2322,98.18,0.0
