datetime,open,close,high,low,volume
20240625,462.25,456.3,464.08,456.3,24418.0
20240626,455.57,448.0,457.93,445.55,32106.0
20240627,449.8,446.2,450.43,442.8,50419.0
20240628,451.02,454.85,457.34,449.0,55523.0
20240701,452.34,462.71,464.02,452.34,29829.0
20240702,461.6,465.61,466.27,459.6,21591.0
20240703,467.18,467.92,469.89,465.82,17113.0
20240705,469.98,464.99,469.98,460.13,24520.0
20240708,465.0,464.82,474.86,464.04,33715.0
20240709,466.76,472.5,479.3,461.58,89043.0
20240710,473.91,479.1,479.86,469.85,31367.0
20240711,480.0,478.28,483.16,476.27,37568.0
20240712,483.99,479.88,483.99,478.0,44068.0
20240715,480.95,492.99,493.2,475.0,57477.0
20240716,490.01,503.1,506.59,490.0,65510.0
20240717,503.5,503.49,509.48,499.43,68250.0
20240718,502.03,487.95,503.69,484.22,49669.0
20240719,484.5,484.02,492.6,483.19,34079.0
20240722,487.08,486.82,489.47,482.38,27749.0
20240723,487.0,491.4,495.81,486.28,30762.0
20240724,488.55,489.0,495.99,485.82,24150.0
20240725,487.0,493.0,496.11,483.23,22657.0
20240726,495.99,498.94,504.0,495.65,40438.0
20240729,500.01,493.0,502.0,491.06,26793.0
20240730,493.33,505.75,509.47,493.33,46098.0
20240731,509.5,509.47,517.26,504.86,43705.0
20240801,509.65,497.51,514.02,494.68,74383.0
20240802,495.8,470.2,496.0,467.21,116173.0
20240805,462.0,462.0,463.19,437.37,70915.0
20240806,464.0,469.25,475.25,457.43,36823.0
20240807,475.49,470.25,488.55,470.25,41763.0
20240808,477.0,485.77,487.73,475.51,32280.0
20240809,486.81,490.99,492.0,482.2,24657.0
20240812,492.0,485.39,493.0,483.75,32163.0
20240813,486.71,490.9,493.27,486.47,20742.0
20240814,492.04,498.7,499.35,488.4,26494.0
20240815,499.61,500.08,506.91,497.38,30366.0
20240816,499.02,504.75,504.91,497.0,26030.0
20240819,503.2,504.68,507.78,501.86,15545.0
20240820,502.0,497.0,504.16,496.5,23112.0
20240821,500.0,497.28,500.78,494.03,14765.0
20240822,496.79,498.5,499.7,494.79,14571.0
20240823,500.1,509.0,512.44,499.84,28797.0
20240826,515.0,507.87,515.0,505.32,14746.0
20240827,507.84,507.26,511.48,506.26,14411.0
20240828,505.16,500.25,508.37,498.47,24820.0
20240829,504.99,511.4,513.24,501.14,25065.0
20240830,509.6,510.25,511.19,505.17,32587.0
20240903,507.51,487.51,509.7,485.4,36832.0
20240904,486.25,490.64,496.2,486.25,24087.0
20240905,491.13,488.0,495.77,483.07,32020.0
20240906,489.13,477.01,495.41,477.01,31099.0
20240909,483.8,486.65,494.28,481.35,27161.0
20240910,485.9,467.0,489.96,461.57,55652.0
20240911,466.1,471.0,472.5,457.48,41659.0
20240912,475.0,474.06,475.0,465.4,25318.0
20240913,475.0,478.9,482.1,474.8,26818.0
20240916,482.0,485.16,487.38,479.49,23140.0
20240917,485.51,485.0,489.73,481.8,22616.0
20240918,488.67,484.7,492.99,481.77,24233.0
20240919,492.5,503.73,506.41,491.0,47024.0
20240920,504.0,498.43,504.51,495.47,73914.0
20240923,498.88,497.98,501.4,495.22,15189.0
20240924,497.81,498.02,499.56,494.1,16294.0
20240925,499.11,491.14,502.0,490.39,26714.0
20240926,493.68,494.0,498.4,492.48,22611.0
20240927,498.7,498.74,505.4,495.86,21874.0
20240930,495.76,494.01,496.52,488.9,26017.0
20241001,495.2,489.0,495.2,484.61,23974.0
20241002,487.08,491.99,494.86,487.08,21617.0
20241003,489.93,485.5,490.51,484.2,19904.0
20241004,487.01,494.5,497.8,486.0,21540.0
20241007,494.0,494.0,499.01,490.79,19029.0
20241008,495.85,496.57,498.34,492.78,21694.0
20241009,496.5,505.18,506.27,495.25,28581.0
20241010,503.4,503.7,506.8,499.59,20707.0
20241011,507.3,516.25,517.97,503.88,38328.0
20241014,518.34,524.0,525.0,515.51,34073.0
20241015,525.0,523.0,542.02,515.51,72057.0
20241016,525.0,530.8,536.22,523.0,40353.0
20241017,527.81,529.01,535.29,525.32,34486.0
20241018,529.11,528.5,530.77,526.87,24272.0
20241021,527.07,517.5,529.85,517.0,28892.0
20241022,518.0,516.02,519.63,512.99,25273.0
20241023,518.0,516.92,520.0,513.4,19678.0
20241024,519.5,524.5,525.0,518.2,29708.0
20241025,526.0,512.59,528.8,510.74,24799.0
20241028,516.99,523.58,524.59,512.63,27213.0
20241029,523.0,524.93,527.24,521.0,17068.0
20241030,524.38,525.0,530.79,523.07,24523.0
20241031,525.0,518.02,525.21,514.53,26503.0
20241101,519.14,519.8,526.64,517.04,22136.0
20241104,519.33,512.0,519.33,510.51,27269.0
20241105,513.0,532.0,532.0,512.6,34323.0
20241106,552.0,596.49,598.61,539.0,122925.0
20241107,597.3,583.0,598.0,581.52,74646.0
20241108,583.0,589.26,595.15,581.3,40460.0
20241111,591.0,601.09,607.15,591.0,39622.0
20241112,601.0,592.59,605.0,591.0,31961.0
20241113,591.9,594.9,603.55,591.9,28072.0
20241114,597.01,587.28,601.53,586.24,25476.0
20241115,586.0,593.99,595.14,585.5,32475.0
20241118,591.31,594.71,596.0,584.71,30835.0
20241119,583.95,585.31,585.31,575.51,32154.0
20241120,582.21,581.22,587.8,576.62,25124.0
20241121,582.8,596.0,600.7,582.8,35881.0
20241122,599.5,604.0,604.0,594.44,28210.0
20241125,607.5,600.22,613.0,598.83,47406.0
20241126,602.4,605.5,607.19,593.0,45199.0
20241127,607.27,606.65,612.25,603.27,21508.0
20241129,609.0,608.57,612.73,606.94,17720.0
20241202,606.99,601.81,611.91,601.3,26130.0
20241203,602.65,601.01,611.42,600.78,28169.0
20241204,602.21,598.71,604.28,596.76,25326.0
20241205,598.92,596.45,606.56,596.35,25350.0
20241206,595.0,599.75,600.0,594.37,18962.0
20241209,599.19,594.12,603.0,591.96,24846.0
20241210,595.0,585.6,598.74,583.76,39412.0
20241211,588.0,591.01,597.3,586.9,37704.0
20241212,591.99,591.61,596.33,588.61,18893.0
20241213,594.7,585.45,595.0,585.0,17991.0
20241216,592.5,586.99,592.5,578.7,25973.0
20241217,582.12,577.8,586.0,572.29,31309.0
20241218,578.0,555.45,579.47,544.49,47302.0
20241219,556.25,554.06,567.0,553.6,44610.0
20241220,550.25,567.0,572.9,548.0,79144.0
20241223,571.7,571.21,571.7,561.8,19938.0
20241224,571.5,583.5,583.5,571.36,13513.0
20241226,580.8,581.23,584.25,577.0,15209.0
20241227,579.5,576.18,582.69,571.35,21462.0
20241230,576.0,573.6,576.02,565.1,17948.0
20241231,575.5,570.5,576.92,570.39,14735.0
20250102,574.5,575.06,584.31,569.74,34817.0
20250103,578.9,580.11,582.14,571.73,20626.0
20250106,581.47,585.0,593.65,578.52,33297.0
20250107,584.3,581.79,588.99,568.4,30155.0
20250108,581.24,580.81,581.24,572.67,23221.0
20250110,578.69,560.9,584.9,558.01,43095.0
20250113,556.99,564.89,566.2,555.25,28904.0
20250114,566.0,577.0,578.0,565.0,32631.0
20250115,573.01,606.14,609.41,573.0,79015.0
20250116,606.87,611.0,616.84,604.76,48594.0
20250117,617.9,627.59,628.01,613.0,53500.0
20250121,630.0,633.22,635.43,609.0,78908.0
20250122,636.0,632.04,636.0,629.7,45169.0
20250123,632.73,639.45,645.54,632.73,36598.0
20250124,637.71,637.0,640.6,628.85,46769.0
20250127,632.16,632.95,635.71,623.6,52988.0
20250128,632.17,637.07,639.08,631.81,38088.0
20250129,638.0,639.76,649.0,635.8,28650.0
20250130,639.56,646.4,649.52,635.78,27548.0
20250131,645.67,638.06,650.0,637.44,31644.0
20250203,626.01,636.99,638.48,622.0,32263.0
20250204,630.6,630.25,637.67,629.09,25064.0
20250205,634.6,647.0,647.0,630.0,28356.0
20250206,646.99,657.91,658.85,646.99,38586.0
20250207,659.62,655.95,663.87,650.73,42984.0
20250210,659.64,650.53,662.49,644.25,36748.0
20250211,649.5,647.24,650.03,643.59,41025.0
20250212,646.01,648.04,650.47,639.1,37872.0
20250213,649.52,649.87,654.99,640.51,29016.0
20250214,649.25,660.55,663.26,648.51,34453.0
20250218,663.38,672.0,673.14,661.02,31992.0
20250219,670.5,668.0,671.04,663.28,29711.0
20250220,665.09,642.0,670.28,631.65,61489.0
20250221,643.0,625.18,647.5,623.43,46258.0
20250224,632.91,625.11,637.3,614.8,52834.0
20250225,628.12,614.92,631.32,606.0,44162.0
20250226,618.47,616.51,623.14,613.0,32032.0
20250227,620.0,611.73,625.23,606.01,37649.0
20250228,609.94,621.8,623.65,604.01,56461.0
20250303,626.0,606.5,628.79,598.32,50765.0
20250304,601.1,589.4,603.75,567.57,58135.0
20250305,586.53,592.19,597.12,576.78,36638.0
20250306,587.5,569.05,593.07,564.62,66388.0
20250307,572.19,559.67,574.74,544.91,62756.0
20250310,550.0,525.0,550.56,523.13,87195.0
20250311,533.9,533.48,539.99,524.2,74529.0
20250312,537.7,537.87,548.0,528.59,48172.0
20250313,533.1,528.0,538.14,520.06,38803.0
20250314,531.1,541.35,543.57,526.7,47950.0
20250317,538.0,552.3,557.16,536.57,40154.0
20250318,551.34,551.78,553.75,546.65,40547.0
20250319,553.0,557.62,563.0,544.6,43756.0
20250320,558.98,560.54,568.44,552.0,35830.0
20250321,561.21,566.99,567.0,551.2,61257.0
20250324,572.11,580.8,582.72,570.76,26076.0
20250325,580.06,587.82,587.82,578.21,24197.0
20250326,588.0,568.0,592.64,566.0,27685.0
20250327,571.5,559.5,573.0,552.55,27938.0
20250328,557.25,543.05,560.5,537.71,39858.0
20250331,537.0,545.07,547.39,528.59,38090.0
20250401,545.48,549.48,551.96,533.23,22269.0
20250402,546.5,541.69,567.32,539.05,36767.0
20250403,540.49,510.61,540.6,509.56,72429.0
20250404,508.0,466.95,508.0,460.0,113127.0
20250407,443.0,469.8,489.98,436.5,102385.0
20250408,477.0,454.01,491.93,452.55,61149.0
20250409,455.03,520.0,522.0,444.77,114322.0
20250410,511.5,485.47,518.0,474.0,84159.0
20250411,489.94,499.3,500.0,478.58,55071.0
20250414,504.77,502.06,515.55,497.15,66923.0
20250415,504.0,504.99,518.65,503.5,33725.0
20250416,503.1,500.0,509.45,492.69,39553.0
20250417,500.0,510.1,515.0,499.12,36606.0
20250421,507.0,502.0,509.27,494.68,40143.0
20250422,503.0,529.99,530.0,503.0,33291.0
20250423,532.82,530.5,551.79,527.0,42056.0
20250424,526.9,547.0,547.0,523.42,27056.0
20250425,546.0,545.0,549.09,540.37,21483.0
20250428,542.0,546.4,554.5,542.0,20031.0
20250429,547.0,547.8,550.88,541.3,23445.0
20250430,547.8,546.0,550.3,531.45,35620.0
20250501,549.5,553.08,558.35,545.5,38310.0
20250502,560.0,566.7,569.78,556.67,41873.0
20250505,563.2,559.71,566.56,557.5,33921.0
20250506,553.09,555.0,557.44,547.06,40755.0
20250507,554.0,552.0,555.38,545.0,27116.0
20250508,561.79,565.31,572.16,556.11,25580.0
20250509,566.5,567.25,572.1,565.78,18454.0
20250512,588.0,590.0,603.37,583.0,46358.0
20250513,588.46,604.0,607.71,588.46,35509.0
20250514,601.0,611.0,615.14,600.43,38848.0
20250515,608.98,614.54,619.21,608.0,33239.0
20250516,618.0,612.0,620.79,611.02,27122.0
20250519,606.0,613.0,619.38,598.34,36825.0
20250520,611.0,605.9,611.55,603.0,22214.0
20250521,601.0,594.0,609.87,592.0,28814.0
20250522,593.51,600.0,603.26,588.88,27289.0
20250523,597.0,596.52,601.96,579.0,19447.0
20250527,605.0,615.76,617.67,604.95,28707.0
20250528,614.13,619.0,619.0,607.31,27821.0
20250529,616.0,604.86,618.0,598.3,19157.0
20250530,602.5,599.0,603.6,593.83,31289.0
20250602,599.91,598.72,600.29,592.17,14538.0
20250603,597.18,603.95,606.32,593.73,21715.0
20250604,604.99,597.55,606.33,597.55,17074.0
20250605,600.0,602.5,609.72,592.9,29447.0
20250606,608.75,614.0,621.38,608.75,21932.0
20250609,615.75,613.55,619.1,611.01,23261.0
20250610,614.75,613.3,616.55,609.31,19582.0
20250611,614.5,624.2,629.84,614.5,27823.0
20250612,618.68,623.66,626.01,615.8,24728.0
20250613,615.0,613.54,620.13,609.59,20871.0
20250616,615.0,625.5,632.27,615.0,25266.0
20250617,624.0,623.0,631.67,621.4,19873.0
20250618,627.0,636.0,639.88,623.64,37087.0
20250620,634.0,642.3,642.64,634.0,70469.0
20250623,639.51,649.9,650.0,630.01,24057.0
20250624,652.99,662.61,663.77,652.5,28832.0
20250625,662.0,669.82,670.82,660.78,19110.0
20250626,672.5,687.0,689.33,670.51,36297.0
20250627,689.2,706.5,712.0,685.39,58521.0
20250630,688.0,708.42,720.3,688.0,59145.0
20250701,706.4,707.17,713.01,700.61,46023.0
20250702,710.0,715.2,718.73,704.69,41678.0
20250703,718.71,723.6,726.0,713.4,20079.0
20250707,720.0,710.93,723.97,706.34,41602.0
20250708,708.71,697.1,711.19,693.77,44483.0
20250709,700.96,695.1,704.34,694.71,24209.0
20250710,696.56,708.8,710.38,695.5,22280.0
20250711,700.38,704.95,706.0,700.23,21945.0
20250714,698.2,713.29,713.43,698.2,30398.0
20250715,716.77,702.5,716.77,700.04,25105.0
20250716,702.16,708.74,715.0,691.3,43770.0
20250717,705.0,706.5,717.45,704.28,26507.0
20250718,707.5,708.25,710.29,698.39,25376.0
20250721,710.5,705.9,712.76,704.35,25924.0
20250722,706.58,700.41,706.58,691.88,24962.0
20250723,701.97,717.0,719.01,701.5,26506.0
20250724,716.68,720.5,725.77,714.73,23880.0
20250725,720.76,728.9,729.89,718.34,20884.0
20250728,730.04,724.25,733.83,722.17,21358.0
20250729,724.65,729.01,734.13,722.42,27176.0
20250730,732.5,725.34,737.88,723.18,24611.0
20250731,726.06,721.21,734.04,720.44,32511.0
20250801,714.8,709.3,716.75,694.05,37556.0
20250804,714.16,726.03,726.97,713.49,20231.0
20250805,727.2,721.05,729.4,714.55,22448.0
20250806,723.98,724.74,728.3,722.0,18658.0
20250807,728.3,721.18,732.94,717.61,15534.0
20250808,721.87,721.27,728.0,718.65,17828.0
20250811,721.29,719.85,723.99,715.74,17745.0
20250812,721.97,743.38,748.14,721.97,32737.0
20250813,745.5,745.5,749.17,732.61,22767.0
20250814,741.0,746.01,748.16,737.0,19361.0
20250815,750.18,730.85,750.18,729.18,20264.0
20250818,729.25,732.0,732.0,723.87,15677.0
20250819,731.5,721.38,731.56,717.73,20448.0
20250820,720.5,721.01,722.25,705.55,24062.0
20250821,720.87,715.95,720.88,712.96,14765.0
20250822,719.5,742.4,744.84,718.58,25187.0
20250825,741.89,738.25,746.5,738.25,16479.0
20250826,738.01,751.0,753.44,733.86,19501.0
20250827,748.67,750.0,753.0,745.02,19122.0
20250828,751.59,751.22,753.9,746.99,21083.0
20250829,746.21,745.26,748.92,738.9,16970.0
20250902,742.0,730.85,748.0,721.15,28885.0
20250903,730.46,730.0,732.02,722.3,18400.0
20250904,732.0,749.15,750.0,731.17,24054.0
20250905,749.0,738.25,757.35,727.15,22854.0
20250908,740.0,741.99,743.55,733.57,18849.0
20250909,743.2,763.38,765.62,738.54,30886.0
20250910,754.92,769.58,774.47,754.92,26413.0
20250911,770.35,784.73,793.17,770.35,25696.0
20250912,783.59,780.06,787.03,776.25,12034.0
20250915,782.7,786.75,792.38,781.44,16572.0
20250916,787.0,785.53,790.01,779.69,17626.0
20250917,788.05,798.2,798.57,785.23,25078.0
20250918,801.9,804.31,807.28,792.4,19565.0
20250919,805.64,803.7,809.66,797.36,67228.0
20250922,802.71,805.56,806.03,797.54,14362.0
20250923,804.0,808.4,825.25,802.0,21811.0
20250924,809.85,793.52,812.84,792.34,15682.0
20250925,795.0,794.76,798.18,782.01,16042.0
20250926,797.5,803.9,809.5,795.13,13546.0
20250929,806.52,798.61,808.84,797.98,14399.0
20250930,802.0,795.67,809.62,786.45,32326.0
20251001,792.01,788.9,796.28,783.23,24290.0
20251002,785.41,779.22,791.0,772.44,19962.0
20251003,782.0,791.0,794.92,777.86,19007.0
20251006,794.08,797.55,802.5,780.04,20837.0
20251007,799.5,789.65,805.33,781.39,20766.0
20251008,792.53,778.75,795.0,774.34,25201.0
20251009,778.06,780.8,782.91,771.35,18936.0
20251010,781.76,764.35,791.66,758.0,31919.0
20251013,768.88,795.0,795.0,768.88,34509.0
20251014,786.77,773.05,798.88,742.46,67910.0
20251015,779.15,767.72,785.0,762.66,43481.0
20251016,770.16,757.48,781.44,752.41,42337.0
20251017,747.0,751.98,764.0,740.01,35559.0
20251020,753.0,759.05,766.42,752.88,22877.0
20251021,758.86,759.0,765.3,755.81,23648.0
20251022,761.0,745.9,762.0,743.11,28988.0
20251023,745.64,750.96,755.0,744.0,19221.0
20251024,754.8,783.4,784.61,753.7,33187.0
20251027,789.21,790.01,796.71,787.01,22007.0
20251028,795.0,792.03,798.36,787.35,14567.0
20251029,791.98,783.06,800.49,776.01,28822.0
20251030,782.06,786.5,807.14,780.6,24279.0
20251031,786.0,785.81,791.73,783.0,19026.0
20251103,790.46,783.99,796.0,781.44,27891.0
20251104,780.0,788.83,806.0,770.59,34008.0
20251105,792.08,791.66,797.36,775.58,31496.0
20251106,794.34,791.97,798.2,777.0,28849.0
20251107,786.08,786.0,788.0,762.8,37632.0
20251110,788.0,800.06,806.36,788.0,29015.0
20251111,796.87,810.18,812.0,795.61,24571.0
20251112,812.68,838.0,841.1,812.0,48855.0
20251113,840.06,808.86,841.28,805.02,40283.0
20251114,809.99,793.0,813.45,778.0,47518.0
20251117,792.89,775.9,796.73,770.5,30653.0
20251118,772.75,779.88,787.7,766.54,27294.0
20251119,777.89,788.0,790.0,775.0,27328.0
20251120,792.5,775.92,816.0,772.19,44232.0
20251121,778.3,775.0,782.7,754.0,38280.0
20251124,778.22,790.72,793.99,775.36,38335.0
20251125,790.95,802.3,805.26,777.99,43021.0
20251126,807.0,816.12,819.58,802.75,33424.0
20251128,818.94,826.75,830.57,818.58,15391.0
20251201,825.0,811.37,825.0,809.61,39658.0
20251202,809.75,815.0,819.7,808.3,35756.0
20251203,817.95,836.75,837.91,809.1,35218.0
20251204,837.18,837.99,843.99,834.5,29401.0
20251205,838.75,854.67,856.2,835.02,40621.0
20251208,856.94,866.99,870.56,852.9,38107.0
20251209,867.35,876.0,883.73,863.88,40481.0
20251210,876.01,891.0,897.2,869.27,43206.0
20251211,888.48,912.85,919.1,888.0,49150.0
20251212,914.02,888.25,916.88,886.99,47791.0
20251215,897.29,888.01,904.47,888.01,29477.0
20251216,886.2,877.8,896.24,874.32,38850.0
20251217,880.41,872.6,895.97,868.44,38842.0
20251218,873.91,876.0,892.79,873.91,29963.0
20251219,879.69,895.0,899.75,878.95,76891.0
20251222,895.01,900.69,905.48,894.0,25813.0
20251223,899.51,902.1,905.92,893.7,21710.0
20251224,902.06,910.02,911.88,898.7,13997.0
20251226,910.48,906.66,918.0,905.3,15814.0
20251229,907.71,892.55,911.11,891.56,26319.0
20251230,894.0,883.4,895.02,881.18,33953.0
20251231,883.3,879.63,886.54,876.79,19931.0
20260102,886.0,914.0,915.0,880.75,49659.0
20260105,912.62,949.49,961.69,908.11,64861.0
20260106,947.3,955.97,958.57,943.25,32880.0
20260107,955.0,941.8,959.9,934.0,46917.0
20260108,936.25,935.85,945.19,932.0,34256.0
20260109,938.06,939.88,946.14,932.7,23454.0
20260112,927.42,948.66,950.69,927.39,38023.0
20260113,951.0,937.38,953.76,931.0,32911.0
20260114,936.7,928.99,938.15,917.9,43072.0
20260115,928.54,977.5,981.26,909.55,69515.0
20260116,980.0,962.5,984.7,957.0,51599.0
20260120,949.41,944.56,962.6,937.0,46028.0
20260121,947.98,955.65,968.92,942.0,39259.0
20260122,960.02,955.0,970.96,950.81,35742.0
20260123,953.13,918.09,954.65,917.05,69458.0
20260126,918.2,930.0,933.74,909.43,50341.0
20260127,935.54,929.35,935.99,920.11,33909.0
20260128,930.8,936.23,937.17,922.76,30062.0
20260129,937.43,938.8,955.38,925.13,40463.0
20260130,928.06,934.11,947.0,923.17,32274.0
20260202,932.14,946.33,949.45,912.08,30399.0
20260203,948.52,937.01,964.5,919.06,41489.0
20260204,940.0,914.65,944.17,893.8,63292.0
20260205,914.99,884.0,916.0,876.72,59491.0
20260206,895.0,929.8,931.77,891.52,42995.0
20260209,929.0,942.0,949.0,924.4,44291.0
20260210,943.76,951.0,961.83,929.93,59811.0
20260211,950.0,945.11,968.13,931.28,46999.0
20260212,951.0,906.36,968.39,903.98,57491.0
20260213,905.52,905.03,907.73,869.0,45759.0
20260217,904.99,915.7,921.55,898.99,37685.0
20260218,920.0,933.5,947.7,916.03,31962.0
20260219,929.0,915.5,935.89,906.48,33283.0
20260220,918.13,922.0,923.11,900.57,36830.0
20260223,916.0,891.5,932.0,883.75,47014.0
20260224,892.24,902.5,911.77,881.65,34215.0
20260225,906.0,919.0,922.51,902.0,31477.0
20260226,922.94,925.0,938.39,920.06,43038.0
20260227,926.49,859.49,926.49,854.15,103062.0
20260302,837.88,860.99,873.63,831.0,53808.0
20260303,841.63,859.0,868.34,824.64,58526.0
20260304,859.0,867.5,878.8,859.0,37314.0
20260305,863.5,836.01,866.53,822.2,52720.0
20260306,840.0,818.75,840.43,801.33,45087.0
20260309,802.97,827.77,836.68,795.0,54151.0
20260310,832.02,833.5,846.09,824.0,32789.0
20260311,830.3,807.63,835.15,806.11,37586.0
20260312,816.47,787.55,816.47,784.1,61267.0
20260313,788.88,781.18,798.0,780.1,44934.0
20260316,785.01,794.4,805.46,785.0,38394.0
20260317,793.0,806.0,820.44,789.84,34107.0
20260318,815.04,802.08,816.83,800.0,28197.0
20260319,802.94,813.0,816.18,790.59,30628.0
20260320,812.0,822.09,827.23,804.0,69690.0
20260323,804.55,834.0,849.53,801.43,39438.0
20260324,831.3,844.25,845.0,818.0,27056.0
20260325,849.59,840.04,854.75,833.9,28998.0
20260326,834.97,825.88,844.8,816.11,38072.0
20260327,824.7,800.11,827.97,797.78,35534.0
20260330,802.89,805.0,818.64,801.48,29002.0
20260331,819.77,846.99,848.5,810.0,47554.0
20260401,845.03,860.56,870.2,845.03,30557.0
20260402,842.07,863.92,867.3,831.0,31618.0
20260406,863.45,864.1,873.21,859.77,23257.0
20260407,860.01,886.0,888.0,850.0,25183.0
20260408,894.0,905.5,918.12,892.2,41983.0
20260409,900.62,904.23,909.4,895.29,27646.0
20260410,903.84,914.21,914.21,895.0,26869.0
20260413,908.08,891.5,915.8,864.5,78009.0
20260414,891.59,909.5,914.19,887.23,44898.0
20260415,909.99,901.35,927.79,897.1,38104.0
20260416,900.48,902.0,907.96,895.85,30047.0
20260417,901.13,925.51,929.19,899.0,48338.0
20260420,920.0,942.01,943.45,916.0,38326.0
20260421,943.37,932.0,952.01,922.54,27357.0
20260422,935.8,933.08,940.98,931.15,23853.0
20260423,928.22,932.0,944.39,920.69,29491.0
20260424,930.26,926.35,933.0,919.22,22150.0
20260427,924.32,938.0,941.73,923.4,20539.0
20260428,934.58,927.45,945.3,924.23,25196.0
20260429,928.61,904.26,930.0,899.16,30676.0
20260430,900.52,924.4,928.0,898.02,34661.0
20260501,924.19,922.03,935.78,912.14,23506.0
20260504,924.6,903.63,926.0,899.0,29338.0
20260505,905.01,920.06,922.99,905.01,27151.0
20260506,923.23,935.7,944.06,923.04,40729.0
20260507,941.0,924.8,945.29,921.98,29150.0
20260508,926.0,936.5,939.78,926.0,30281.0
20260511,933.75,945.0,949.78,926.63,41672.0
20260512,941.52,945.39,948.5,920.79,30033.0
20260513,945.72,957.6,959.55,933.08,39234.0
20260514,955.42,969.0,975.66,955.42,34229.0
20260515,965.0,946.88,965.0,941.61,31562.0
20260518,946.73,944.01,961.69,938.55,25722.0
20260519,946.0,935.25,946.0,923.81,25592.0
20260520,933.01,983.96,985.0,932.22,56222.0
20260521,982.12,989.0,999.5,970.3,42050.0
20260522,990.5,996.09,1005.36,990.5,35816.0
20260526,1007.01,994.85,1016.54,987.03,31218.0
20260527,1001.0,993.04,1007.88,974.42,40539.0
20260528,993.04,1007.99,1010.03,982.45,35577.0
20260529,1008.37,1024.0,1027.22,1004.0,38215.0
20260601,1016.55,1049.49,1051.2,1011.25,39567.0
20260602,1049.91,1061.3,1073.97,1041.49,35405.0
20260603,1065.06,1038.73,1065.06,1031.01,37310.0
20260604,1049.0,1092.61,1095.9,1041.97,48081.0
20260605,1092.0,1037.0,1098.37,1035.6,43587.0
20260608,1033.76,1043.91,1063.18,1033.01,39879.0
20260609,1052.3,1029.0,1064.35,1006.3,49362.0
20260610,1029.25,994.0,1036.31,993.71,41162.0
20260611,1012.0,1036.0,1037.97,1000.45,49337.0
20260612,1038.32,1063.88,1073.74,1036.2,39324.0
20260615,1081.43,1078.66,1094.18,1074.51,36717.0
20260616,1076.16,1090.22,1097.26,1076.16,29572.0
20260617,1091.68,1103.8,1121.95,1090.06,36485.0
20260618,1109.39,1097.08,1125.0,1093.33,83306.0
202606220804,1093.21,1093.21,1093.21,1093.21,1.0
202606220805,1093.06,1093.06,1093.06,1093.06,1.0
202606220806,1092.41,1092.41,1092.41,1092.41,1.0
202606220807,1092.76,1092.76,1092.76,1092.76,1.0
202606220808,1092.76,1092.76,1092.76,1092.76,0.0
202606220809,1092.76,1092.76,1092.76,1092.76,0.0
202606220810,1092.76,1092.76,1092.76,1092.76,0.0
202606220811,1092.76,1092.76,1092.76,1092.76,0.0
202606220812,1092.76,1092.76,1092.76,1092.76,0.0
202606220813,1092.76,1092.76,1092.76,1092.76,0.0
202606220814,1092.76,1092.76,1092.76,1092.76,0.0
202606220815,1092.76,1092.76,1092.76,1092.76,0.0
202606220816,1092.76,1092.76,1092.76,1092.76,0.0
202606220817,1092.76,1092.76,1092.76,1092.76,0.0
202606220818,1092.76,1092.76,1092.76,1092.76,0.0
202606220819,1092.76,1092.76,1092.76,1092.76,0.0
202606220820,1092.76,1092.76,1092.76,1092.76,0.0
202606220821,1092.76,1092.76,1092.76,1092.76,0.0
202606220822,1092.76,1092.76,1092.76,1092.76,0.0
202606220823,1092.76,1092.76,1092.76,1092.76,0.0
202606220824,1092.76,1092.76,1092.76,1092.76,0.0
202606220825,1092.76,1092.76,1092.76,1092.76,0.0
202606220826,1092.76,1092.76,1092.76,1092.76,0.0
202606220827,1092.76,1092.76,1092.76,1092.76,0.0
202606220828,1092.76,1092.76,1092.76,1092.76,0.0
202606220829,1092.76,1092.76,1092.76,1092.76,0.0
202606220830,1092.76,1092.76,1092.76,1092.76,0.0
202606220831,1092.76,1092.76,1092.76,1092.76,0.0
202606220832,1092.76,1092.76,1092.76,1092.76,0.0
202606220833,1092.76,1092.76,1092.76,1092.76,0.0
202606220834,1092.76,1092.76,1092.76,1092.76,0.0
202606220835,1092.76,1092.76,1092.76,1092.76,0.0
202606220836,1092.76,1092.76,1092.76,1092.76,0.0
202606220837,1092.76,1092.76,1092.76,1092.76,0.0
202606220838,1092.76,1092.76,1092.76,1092.76,0.0
202606220839,1092.76,1092.76,1092.76,1092.76,0.0
202606220840,1092.76,1092.76,1092.76,1092.76,0.0
202606220841,1092.76,1092.76,1092.76,1092.76,0.0
202606220842,1092.76,1092.76,1092.76,1092.76,0.0
202606220843,1092.76,1092.76,1092.76,1092.76,0.0
202606220844,1092.76,1092.76,1092.76,1092.76,0.0
202606220845,1092.76,1092.76,1092.76,1092.76,0.0
202606220846,1092.76,1092.76,1092.76,1092.76,0.0
202606220847,1092.76,1092.76,1092.76,1092.76,0.0
202606220848,1092.76,1092.76,1092.76,1092.76,0.0
202606220849,1092.76,1092.76,1092.76,1092.76,0.0
202606220850,1092.76,1092.76,1092.76,1092.76,0.0
202606220851,1092.76,1092.76,1092.76,1092.76,0.0
202606220852,1092.76,1092.76,1092.76,1092.76,0.0
202606220853,1092.76,1092.76,1092.76,1092.76,0.0
202606220854,1092.76,1092.76,1092.76,1092.76,0.0
202606220855,1092.76,1092.76,1092.76,1092.76,0.0
202606220856,1092.76,1092.76,1092.76,1092.76,0.0
202606220857,1092.76,1092.76,1092.76,1092.76,0.0
202606220858,1092.76,1092.76,1092.76,1092.76,0.0
202606220859,1092.76,1092.76,1092.76,1092.76,0.0
202606220900,1092.76,1092.76,1092.76,1092.76,0.0
202606220901,1092.76,1092.76,1092.76,1092.76,0.0
202606220902,1092.76,1092.76,1092.76,1092.76,0.0
202606220903,1092.76,1092.76,1092.76,1092.76,0.0
202606220904,1092.76,1092.76,1092.76,1092.76,0.0
202606220905,1092.76,1092.76,1092.76,1092.76,0.0
202606220906,1092.76,1092.76,1092.76,1092.76,0.0
202606220907,1092.76,1092.76,1092.76,1092.76,0.0
202606220908,1092.76,1092.76,1092.76,1092.76,0.0
202606220909,1092.76,1092.76,1092.76,1092.76,0.0
202606220910,1092.76,1092.76,1092.76,1092.76,0.0
202606220911,1092.76,1092.76,1092.76,1092.76,0.0
202606220912,1092.76,1092.76,1092.76,1092.76,0.0
202606220913,1092.76,1092.76,1092.76,1092.76,0.0
202606220914,1092.76,1092.76,1092.76,1092.76,0.0
202606220915,1092.76,1092.76,1092.76,1092.76,0.0
202606220916,1092.76,1092.76,1092.76,1092.76,0.0
202606220917,1092.76,1092.76,1092.76,1092.76,0.0
202606220918,1092.76,1092.76,1092.76,1092.76,0.0
202606220919,1092.76,1092.76,1092.76,1092.76,0.0
202606220920,1092.76,1092.76,1092.76,1092.76,0.0
202606220921,1092.76,1092.76,1092.76,1092.76,0.0
202606220922,1092.76,1092.76,1092.76,1092.76,0.0
202606220923,1092.76,1092.76,1092.76,1092.76,0.0
202606220924,1092.76,1092.76,1092.76,1092.76,0.0
202606220925,1092.76,1092.76,1092.76,1092.76,0.0
202606220926,1092.76,1092.76,1092.76,1092.76,0.0
202606220927,1092.76,1092.76,1092.76,1092.76,0.0
202606220928,1092.76,1092.76,1092.76,1092.76,0.0
202606220929,1092.76,1092.76,1092.76,1092.76,0.0
202606220930,1092.76,1092.76,1092.76,1092.76,0.0
202606220931,1092.76,1092.76,1092.76,1092.76,0.0
202606220932,1092.76,1092.76,1092.76,1092.76,0.0
202606220933,1092.76,1092.76,1092.76,1092.76,0.0
202606220934,1092.76,1092.76,1092.76,1092.76,0.0
202606220935,1092.76,1092.76,1092.76,1092.76,0.0
202606220936,1092.76,1092.76,1092.76,1092.76,0.0
202606220937,1092.76,1092.76,1092.76,1092.76,0.0
202606220938,1092.76,1092.76,1092.76,1092.76,0.0
202606220939,1092.76,1092.76,1092.76,1092.76,0.0
202606220940,1092.76,1092.76,1092.76,1092.76,0.0
202606220941,1092.76,1092.76,1092.76,1092.76,0.0
202606220942,1092.76,1092.76,1092.76,1092.76,0.0
202606220943,1092.76,1092.76,1092.76,1092.76,0.0
202606220944,1092.76,1092.76,1092.76,1092.76,0.0
202606220945,1092.76,1092.76,1092.76,1092.76,0.0
202606220946,1092.76,1092.76,1092.76,1092.76,0.0
202606220947,1092.76,1092.76,1092.76,1092.76,0.0
202606220948,1092.76,1092.76,1092.76,1092.76,0.0
202606220949,1092.76,1092.76,1092.76,1092.76,0.0
202606220950,1092.76,1092.76,1092.76,1092.76,0.0
202606220951,1092.76,1092.76,1092.76,1092.76,0.0
202606220952,1092.76,1092.76,1092.76,1092.76,0.0
202606220953,1092.76,1092.76,1092.76,1092.76,0.0
202606220954,1096.5,1096.5,1096.5,1096.5,2.0
202606220955,1096.5,1096.5,1096.5,1096.5,0.0
202606220956,1096.5,1096.5,1096.5,1096.5,0.0
202606220957,1096.5,1096.5,1096.5,1096.5,0.0
202606220958,1096.5,1096.5,1096.5,1096.5,0.0
202606220959,1096.5,1096.5,1096.5,1096.5,0.0
202606221000,1096.5,1096.5,1096.5,1096.5,0.0
202606221001,1096.5,1096.5,1096.5,1096.5,0.0
202606221002,1096.5,1096.5,1096.5,1096.5,0.0
202606221003,1096.5,1096.5,1096.5,1096.5,0.0
202606221004,1096.5,1096.5,1096.5,1096.5,0.0
202606221005,1096.5,1096.5,1096.5,1096.5,0.0
202606221006,1096.5,1096.5,1096.5,1096.5,0.0
202606221007,1096.5,1096.5,1096.5,1096.5,0.0
202606221008,1096.5,1096.5,1096.5,1096.5,0.0
202606221009,1096.5,1096.5,1096.5,1096.5,0.0
202606221010,1096.5,1096.5,1096.5,1096.5,0.0
202606221011,1096.5,1096.5,1096.5,1096.5,0.0
202606221012,1096.5,1096.5,1096.5,1096.5,0.0
202606221013,1096.5,1096.5,1096.5,1096.5,0.0
202606221014,1096.5,1096.5,1096.5,1096.5,0.0
202606221015,1096.5,1096.5,1096.5,1096.5,0.0
202606221016,1096.5,1096.5,1096.5,1096.5,0.0
202606221017,1096.5,1096.5,1096.5,1096.5,0.0
202606221018,1096.5,1096.5,1096.5,1096.5,0.0
202606221019,1096.5,1096.5,1096.5,1096.5,0.0
202606221020,1096.5,1096.5,1096.5,1096.5,0.0
202606221021,1096.5,1096.5,1096.5,1096.5,0.0
202606221022,1096.5,1096.5,1096.5,1096.5,0.0
202606221023,1096.5,1096.5,1096.5,1096.5,0.0
202606221024,1096.5,1096.5,1096.5,1096.5,0.0
202606221025,1096.5,1096.5,1096.5,1096.5,0.0
202606221026,1096.5,1096.5,1096.5,1096.5,0.0
202606221027,1096.5,1096.5,1096.5,1096.5,0.0
202606221028,1096.5,1096.5,1096.5,1096.5,0.0
202606221029,1096.5,1096.5,1096.5,1096.5,0.0
202606221030,1096.5,1096.5,1096.5,1096.5,0.0
202606221031,1096.5,1096.5,1096.5,1096.5,0.0
202606221032,1096.5,1096.5,1096.5,1096.5,0.0
202606221033,1096.5,1096.5,1096.5,1096.5,0.0
202606221034,1096.5,1096.5,1096.5,1096.5,0.0
202606221035,1096.5,1096.5,1096.5,1096.5,0.0
202606221036,1096.5,1096.5,1096.5,1096.5,0.0
202606221037,1096.5,1096.5,1096.5,1096.5,0.0
202606221038,1096.5,1096.5,1096.5,1096.5,0.0
202606221039,1096.5,1096.5,1096.5,1096.5,0.0
202606221040,1096.5,1096.5,1096.5,1096.5,0.0
202606221041,1096.5,1096.5,1096.5,1096.5,0.0
202606221042,1096.5,1096.5,1096.5,1096.5,0.0
202606221043,1096.5,1096.5,1096.5,1096.5,0.0
202606221044,1096.5,1096.5,1096.5,1096.5,0.0
202606221045,1096.5,1096.5,1096.5,1096.5,0.0
202606221046,1096.5,1096.5,1096.5,1096.5,0.0
202606221047,1096.5,1096.5,1096.5,1096.5,0.0
202606221048,1096.5,1096.5,1096.5,1096.5,0.0
202606221049,1096.5,1096.5,1096.5,1096.5,0.0
202606221050,1096.5,1096.5,1096.5,1096.5,0.0
202606221051,1096.5,1096.5,1096.5,1096.5,0.0
202606221052,1096.5,1096.5,1096.5,1096.5,0.0
202606221053,1096.5,1096.5,1096.5,1096.5,0.0
202606221054,1096.5,1096.5,1096.5,1096.5,0.0
202606221055,1096.5,1096.5,1096.5,1096.5,0.0
202606221056,1096.5,1096.5,1096.5,1096.5,0.0
202606221057,1096.5,1096.5,1096.5,1096.5,0.0
202606221058,1096.5,1096.5,1096.5,1096.5,0.0
202606221059,1096.5,1096.5,1096.5,1096.5,0.0
202606221100,1096.5,1096.5,1096.5,1096.5,0.0
202606221101,1096.5,1096.5,1096.5,1096.5,0.0
202606221102,1096.5,1096.5,1096.5,1096.5,0.0
202606221103,1096.5,1096.5,1096.5,1096.5,0.0
202606221104,1098.0,1098.0,1098.0,1098.0,3.0
202606221105,1098.0,1098.0,1098.0,1098.0,0.0
202606221106,1098.0,1098.0,1098.0,1098.0,0.0
202606221107,1098.0,1098.0,1098.0,1098.0,0.0
202606221108,1098.0,1098.0,1098.0,1098.0,0.0
202606221109,1098.0,1098.0,1098.0,1098.0,0.0
202606221110,1098.0,1098.0,1098.0,1098.0,0.0
202606221111,1099.0,1099.0,1099.0,1099.0,23.0
202606221112,1102.0,1102.0,1102.0,1102.0,5.0
202606221113,1102.0,1102.0,1102.0,1102.0,0.0
202606221114,1102.0,1102.0,1102.0,1102.0,0.0
202606221115,1102.0,1102.0,1102.0,1102.0,0.0
202606221116,1102.0,1102.0,1102.0,1102.0,0.0
202606221117,1102.0,1102.0,1102.0,1102.0,0.0
202606221118,1102.0,1102.0,1102.0,1102.0,0.0
202606221119,1102.0,1102.0,1102.0,1102.0,0.0
202606221120,1102.0,1102.0,1102.0,1102.0,0.0
202606221121,1097.38,1098.2,1098.2,1097.38,4.0
202606221122,1098.2,1098.2,1098.2,1098.2,0.0
202606221123,1098.2,1098.2,1098.2,1098.2,0.0
202606221124,1098.2,1098.2,1098.2,1098.2,0.0
202606221125,1098.2,1098.2,1098.2,1098.2,0.0
202606221126,1098.2,1098.2,1098.2,1098.2,0.0
202606221127,1098.2,1098.2,1098.2,1098.2,0.0
202606221128,1098.2,1098.2,1098.2,1098.2,0.0
202606221129,1098.2,1098.2,1098.2,1098.2,0.0
202606221130,1098.2,1098.2,1098.2,1098.2,0.0
202606221131,1098.2,1098.2,1098.2,1098.2,0.0
202606221132,1098.2,1098.2,1098.2,1098.2,0.0
202606221133,1098.2,1098.2,1098.2,1098.2,0.0
202606221134,1098.2,1098.2,1098.2,1098.2,0.0
202606221135,1098.2,1098.2,1098.2,1098.2,0.0
202606221136,1098.2,1098.2,1098.2,1098.2,0.0
202606221137,1098.2,1098.2,1098.2,1098.2,0.0
202606221138,1098.2,1098.2,1098.2,1098.2,0.0
202606221139,1098.2,1098.2,1098.2,1098.2,0.0
202606221140,1100.82,1100.82,1100.83,1100.82,1.0
202606221141,1101.91,1101.91,1101.91,1101.91,1.0
202606221142,1101.91,1101.91,1101.91,1101.91,0.0
202606221143,1101.71,1101.71,1101.71,1101.71,1.0
202606221144,1101.71,1101.71,1101.71,1101.71,0.0
202606221145,1101.71,1101.71,1101.71,1101.71,0.0
202606221146,1101.71,1101.71,1101.71,1101.71,0.0
202606221147,1101.71,1101.71,1101.71,1101.71,0.0
202606221148,1101.71,1101.71,1101.71,1101.71,0.0
202606221149,1101.71,1101.71,1101.71,1101.71,0.0
202606221150,1101.71,1101.71,1101.71,1101.71,0.0
202606221151,1101.71,1101.71,1101.71,1101.71,0.0
202606221152,1101.71,1101.71,1101.71,1101.71,0.0
202606221153,1101.71,1101.71,1101.71,1101.71,0.0
202606221154,1101.71,1101.71,1101.71,1101.71,0.0
202606221155,1101.71,1101.71,1101.71,1101.71,0.0
202606221156,1101.99,1101.99,1101.99,1101.95,11.0
202606221157,1101.99,1101.99,1101.99,1101.99,0.0
202606221158,1101.99,1101.99,1101.99,1101.99,0.0
202606221159,1101.99,1101.99,1101.99,1101.99,0.0
202606221200,1101.99,1101.99,1101.99,1101.99,0.0
202606221201,1101.99,1101.99,1101.99,1101.99,0.0
202606221202,1101.99,1101.99,1101.99,1101.99,0.0
202606221203,1101.99,1101.99,1101.99,1101.99,0.0
202606221204,1101.99,1101.99,1101.99,1101.99,0.0
202606221205,1100.0,1100.0,1100.0,1100.0,2.0
202606221206,1100.0,1100.0,1100.0,1100.0,0.0
202606221207,1100.0,1100.0,1100.0,1100.0,0.0
202606221208,1100.0,1100.0,1100.0,1100.0,0.0
202606221209,1100.0,1100.0,1100.0,1100.0,0.0
202606221210,1100.0,1100.0,1100.0,1100.0,0.0
202606221211,1101.97,1101.97,1101.98,1101.97,5.0
202606221212,1101.97,1101.97,1101.97,1101.97,0.0
202606221213,1101.97,1101.97,1101.97,1101.97,0.0
202606221214,1101.97,1101.97,1101.97,1101.97,0.0
202606221215,1101.97,1101.97,1101.97,1101.97,0.0
202606221216,1101.97,1101.97,1101.97,1101.97,0.0
202606221217,1101.97,1101.97,1101.97,1101.96,1.0
202606221218,1101.97,1101.97,1101.97,1101.97,0.0
202606221219,1101.97,1101.97,1101.97,1101.97,0.0
202606221220,1100.0,1101.71,1101.71,1100.0,4.0
202606221221,1101.71,1101.71,1101.71,1101.71,0.0
202606221222,1101.71,1101.71,1101.71,1101.71,0.0
202606221223,1101.99,1102.18,1102.18,1101.99,15.0
202606221224,1102.18,1102.18,1102.18,1102.18,0.0
202606221225,1102.18,1102.18,1102.18,1102.18,0.0
202606221226,1102.18,1102.18,1102.18,1102.18,0.0
202606221227,1102.18,1102.18,1102.18,1102.18,0.0
202606221228,1104.24,1104.24,1104.24,1104.23,1.0
202606221229,1104.24,1104.24,1104.24,1104.24,0.0
202606221230,1104.24,1104.24,1104.24,1104.24,0.0
202606221231,1104.24,1104.24,1104.24,1104.24,0.0
202606221232,1103.41,1105.0,1105.0,1103.41,27.0
202606221233,1105.0,1105.0,1105.0,1105.0,0.0
202606221234,1105.0,1105.0,1105.0,1105.0,0.0
202606221235,1105.0,1105.0,1105.0,1105.0,0.0
202606221236,1105.0,1105.0,1105.0,1105.0,0.0
202606221237,1105.0,1105.0,1105.0,1105.0,0.0
202606221238,1104.0,1104.0,1104.0,1104.0,1.0
202606221239,1104.0,1104.0,1104.0,1104.0,0.0
202606221240,1104.0,1104.0,1104.0,1104.0,0.0
202606221241,1104.0,1104.0,1104.0,1104.0,0.0
202606221242,1104.0,1104.0,1104.0,1104.0,0.0
202606221243,1104.0,1104.0,1104.0,1104.0,0.0
202606221244,1104.0,1104.0,1104.0,1104.0,0.0
202606221245,1104.0,1104.0,1104.0,1104.0,0.0
202606221246,1104.0,1104.0,1104.0,1104.0,0.0
202606221247,1104.0,1104.0,1104.0,1104.0,0.0
202606221248,1104.0,1104.0,1104.0,1104.0,0.0
202606221249,1104.0,1104.0,1104.0,1104.0,0.0
202606221250,1104.0,1104.0,1104.0,1104.0,0.0
202606221251,1104.0,1104.0,1104.0,1104.0,0.0
202606221252,1104.0,1104.0,1104.0,1104.0,0.0
202606221253,1104.0,1104.0,1104.0,1104.0,0.0
202606221254,1104.0,1104.0,1104.0,1104.0,0.0
202606221255,1104.0,1104.0,1104.0,1104.0,0.0
202606221256,1104.0,1104.0,1104.0,1104.0,0.0
202606221257,1104.0,1104.0,1104.0,1104.0,0.0
202606221258,1104.0,1104.0,1104.0,1104.0,0.0
202606221259,1104.0,1104.0,1104.0,1104.0,0.0
202606221300,1104.0,1104.0,1104.0,1104.0,0.0
202606221301,1104.0,1104.0,1104.0,1104.0,0.0
202606221302,1105.37,1105.37,1105.37,1105.36,5.0
202606221303,1105.37,1105.37,1105.37,1105.37,0.0
202606221304,1105.37,1105.37,1105.37,1105.37,0.0
202606221305,1105.37,1105.37,1105.37,1105.37,0.0
202606221306,1105.37,1105.37,1105.37,1105.37,0.0
202606221307,1105.37,1105.37,1105.37,1105.37,0.0
202606221308,1105.37,1105.37,1105.37,1105.37,0.0
202606221309,1105.37,1105.37,1105.37,1105.37,0.0
202606221310,1105.37,1105.37,1105.37,1105.37,0.0
202606221311,1105.5,1105.5,1105.5,1105.5,1.0
202606221312,1103.51,1107.0,1107.0,1103.51,20.0
202606221313,1107.0,1107.0,1107.0,1107.0,0.0
202606221314,1107.0,1107.0,1107.0,1107.0,0.0
202606221315,1107.0,1107.0,1107.0,1107.0,0.0
202606221316,1107.01,1107.01,1107.01,1107.01,1.0
202606221317,1107.01,1107.01,1107.01,1107.01,0.0
202606221318,1107.01,1107.01,1107.01,1107.01,0.0
202606221319,1107.01,1107.01,1107.01,1107.01,0.0
202606221320,1107.01,1107.01,1107.01,1107.01,0.0
202606221321,1107.01,1107.01,1107.01,1107.01,0.0
202606221322,1107.01,1107.01,1107.01,1107.01,0.0
202606221323,1107.01,1107.01,1107.01,1107.01,0.0
202606221324,1107.01,1107.01,1107.01,1107.01,0.0
202606221325,1107.01,1107.01,1107.01,1107.01,0.0
202606221326,1106.0,1106.0,1106.0,1106.0,1.0
202606221327,1105.0,1103.7,1105.0,1103.7,3.0
202606221328,1103.7,1103.7,1103.7,1103.7,2.0
202606221329,1103.0,1103.0,1103.0,1103.0,5.0
202606221330,1109.7,1110.44,1114.99,1106.5,758.0
202606221331,1112.19,1115.98,1115.98,1112.19,155.0
202606221332,1114.45,1108.56,1114.45,1108.55,85.0
202606221333,1108.3,1102.55,1109.84,1102.55,58.0
202606221334,1104.31,1107.91,1108.28,1103.92,106.0
202606221335,1107.91,1105.49,1109.08,1104.07,67.0
202606221336,1106.97,1108.68,1108.68,1106.8,22.0
202606221337,1106.08,1104.65,1106.08,1103.69,28.0
202606221338,1104.38,1103.81,1104.65,1103.42,46.0
202606221339,1104.72,1104.49,1105.18,1103.18,35.0
202606221340,1104.35,1104.46,1104.46,1102.95,6.0
202606221341,1104.73,1105.08,1106.69,1104.16,64.0
202606221342,1105.04,1103.43,1105.54,1103.29,7.0
202606221343,1103.5,1103.17,1103.5,1102.13,65.0
202606221344,1102.5,1104.23,1104.23,1101.74,43.0
202606221345,1102.67,1102.41,1102.67,1100.65,42.0
202606221346,1102.28,1105.45,1105.45,1101.62,25.0
202606221347,1106.57,1106.53,1107.5,1105.99,50.0
202606221348,1106.27,1107.57,1108.23,1106.27,31.0
202606221349,1108.55,1108.2,1109.62,1108.19,24.0
202606221350,1108.2,1107.95,1108.45,1107.59,34.0
202606221351,1108.44,1110.21,1110.55,1107.6,67.0
202606221352,1110.28,1108.41,1111.0,1108.35,89.0
202606221353,1108.5,1105.35,1109.58,1105.34,137.0
202606221354,1106.65,1106.09,1108.27,1105.01,48.0
202606221355,1106.4,1107.12,1107.31,1105.36,32.0
202606221356,1107.02,1106.34,1108.39,1106.34,181.0
202606221357,1105.55,1105.79,1106.29,1103.03,97.0
202606221358,1104.74,1104.3,1105.46,1103.46,81.0
202606221359,1103.46,1102.51,1105.0,1102.16,66.0
202606221400,1101.25,1099.79,1101.51,1097.51,252.0
202606221401,1098.92,1097.91,1099.59,1097.32,84.0
202606221402,1097.91,1100.14,1102.93,1097.33,454.0
202606221403,1099.2,1100.06,1102.22,1099.2,184.0
202606221404,1099.46,1101.84,1102.26,1099.45,69.0
202606221405,1101.77,1098.64,1101.77,1098.32,50.0
202606221406,1098.69,1098.32,1099.98,1098.14,64.0
202606221407,1098.39,1100.28,1100.28,1098.27,201.0
202606221408,1099.7,1102.33,1103.52,1099.69,22.0
202606221409,1102.56,1103.52,1103.52,1102.56,19.0
202606221410,1103.26,1102.68,1103.64,1102.47,44.0
202606221411,1101.91,1103.39,1104.15,1101.81,18.0
202606221412,1103.13,1103.13,1103.78,1103.12,38.0
202606221413,1103.78,1103.0,1104.01,1102.25,64.0
202606221414,1103.03,1102.99,1103.38,1102.83,28.0
202606221415,1103.43,1102.76,1104.0,1102.15,36.0
202606221416,1101.69,1101.05,1101.69,1101.04,8.0
202606221417,1100.0,1097.74,1100.0,1097.74,39.0
202606221418,1097.6,1098.51,1099.26,1097.6,22.0
202606221419,1098.47,1097.89,1099.17,1097.89,48.0
202606221420,1098.86,1099.62,1099.62,1098.74,22.0
202606221421,1099.62,1099.75,1100.11,1099.6,11.0
202606221422,1098.78,1098.58,1099.55,1098.57,13.0
202606221423,1098.58,1098.26,1099.54,1097.6,31.0
202606221424,1098.27,1098.14,1098.27,1096.88,41.0
202606221425,1098.75,1097.69,1098.75,1096.82,43.0
202606221426,1098.04,1098.84,1099.35,1097.48,34.0
202606221427,1098.37,1096.08,1098.84,1096.08,343.0
202606221428,1096.0,1097.32,1097.32,1095.83,171.0
202606221429,1096.83,1095.0,1096.83,1095.0,47.0
202606221430,1094.67,1093.71,1094.67,1093.2,87.0
202606221431,1094.49,1093.7,1094.83,1093.7,19.0
202606221432,1093.7,1092.05,1093.7,1092.05,80.0
202606221433,1092.47,1093.51,1093.51,1092.24,141.0
202606221434,1093.44,1093.69,1094.09,1093.0,135.0
202606221435,1093.58,1094.5,1095.0,1093.36,305.0
202606221436,1093.62,1093.35,1094.29,1092.93,60.0
202606221437,1093.35,1093.02,1094.2,1092.92,86.0
202606221438,1093.05,1092.63,1093.06,1092.01,83.0
202606221439,1092.63,1091.74,1092.98,1091.62,163.0
202606221440,1091.74,1093.05,1093.05,1091.74,51.0
202606221441,1092.52,1093.46,1093.46,1092.5,46.0
202606221442,1094.1,1094.16,1094.47,1092.81,44.0
202606221443,1094.99,1094.39,1095.0,1093.74,48.0
202606221444,1094.69,1093.86,1094.69,1093.65,46.0
202606221445,1094.39,1094.74,1095.08,1094.34,17.0
202606221446,1095.09,1094.87,1095.35,1093.87,53.0
202606221447,1094.87,1094.96,1095.74,1094.87,225.0
202606221448,1094.96,1095.25,1095.56,1094.2,84.0
202606221449,1095.49,1095.6,1095.82,1094.99,155.0
202606221450,1095.51,1095.27,1095.82,1094.52,116.0
202606221451,1095.16,1095.01,1095.34,1094.53,45.0
202606221452,1094.34,1094.18,1094.66,1094.01,31.0
202606221453,1094.66,1094.85,1094.9,1094.31,18.0
202606221454,1095.04,1094.98,1095.41,1094.43,61.0
202606221455,1094.86,1094.42,1095.31,1094.0,44.0
202606221456,1094.64,1095.03,1095.09,1094.64,9.0
202606221457,1095.57,1096.22,1096.22,1095.57,22.0
202606221458,1096.18,1096.43,1096.51,1096.18,18.0
202606221459,1096.78,1096.37,1097.52,1095.83,23.0
202606221500,1096.68,1096.99,1097.19,1096.68,16.0
202606221501,1096.61,1097.6,1097.6,1096.4,66.0
202606221502,1097.3,1097.08,1097.75,1097.0,15.0
202606221503,1096.45,1097.12,1097.54,1096.45,27.0
202606221504,1097.04,1096.95,1097.04,1096.94,3.0
202606221505,1096.62,1095.75,1096.62,1095.18,111.0
202606221506,1095.66,1094.84,1095.95,1094.83,75.0
202606221507,1095.5,1094.78,1096.06,1094.77,26.0
202606221508,1095.7,1095.45,1096.11,1093.79,39.0
202606221509,1095.29,1095.29,1095.29,1095.29,4.0
202606221510,1095.05,1095.63,1095.96,1095.02,67.0
202606221511,1095.96,1097.24,1097.49,1095.96,91.0
202606221512,1096.68,1096.77,1096.77,1096.29,5.0
202606221513,1096.69,1096.36,1096.87,1095.8,15.0
202606221514,1096.36,1096.85,1097.01,1095.63,81.0
202606221515,1096.22,1096.8,1097.01,1096.22,8.0
202606221516,1096.91,1097.13,1097.13,1096.9,4.0
202606221517,1097.28,1096.83,1097.28,1096.51,15.0
202606221518,1097.09,1096.95,1097.53,1096.84,28.0
202606221519,1097.0,1096.22,1097.0,1095.55,54.0
202606221520,1094.88,1095.23,1095.56,1094.68,36.0
202606221521,1094.85,1095.28,1096.01,1094.85,47.0
202606221522,1095.91,1095.72,1096.64,1095.71,11.0
202606221523,1095.71,1096.25,1096.48,1095.71,8.0
202606221524,1096.31,1096.2,1096.32,1096.2,4.0
202606221525,1097.11,1097.13,1097.64,1096.45,50.0
202606221526,1096.86,1097.2,1097.58,1096.28,24.0
202606221527,1097.0,1096.95,1097.97,1096.95,33.0
202606221528,1096.94,1097.69,1097.69,1096.66,18.0
202606221529,1097.4,1097.38,1097.8,1097.38,17.0
202606221530,1097.39,1097.88,1098.17,1097.25,82.0
202606221531,1098.08,1098.62,1098.67,1098.08,41.0
202606221532,1098.67,1098.67,1098.7,1098.04,65.0
202606221533,1098.88,1098.88,1099.68,1098.68,71.0
202606221534,1098.88,1098.7,1099.0,1098.37,123.0
202606221535,1098.84,1099.66,1099.75,1098.62,198.0
202606221536,1099.31,1100.19,1100.19,1099.3,19.0
202606221537,1100.05,1100.02,1100.05,1100.02,3.0
202606221538,1100.02,1099.31,1100.02,1098.51,22.0
202606221539,1099.32,1099.09,1099.32,1097.72,7.0
202606221540,1097.72,1099.48,1099.48,1097.72,22.0
202606221541,1099.43,1099.43,1099.43,1099.43,1.0
202606221542,1099.28,1099.55,1099.85,1099.27,11.0
202606221543,1099.81,1099.46,1099.9,1099.18,50.0
202606221544,1099.01,1100.01,1100.04,1099.01,9.0
202606221545,1100.12,1100.35,1100.63,1100.12,26.0
202606221546,1100.1,1099.68,1100.51,1099.67,25.0
202606221547,1099.23,1099.31,1099.56,1099.01,22.0
202606221548,1099.57,1099.68,1099.89,1099.06,34.0
202606221549,1099.69,1099.47,1099.69,1099.15,132.0
202606221550,1099.45,1099.0,1099.73,1099.0,11.0
202606221551,1099.21,1098.19,1099.41,1098.13,42.0
202606221552,1097.91,1097.98,1097.99,1097.2,27.0
202606221553,1098.23,1098.5,1098.8,1098.23,7.0
202606221554,1099.04,1099.1,1099.31,1099.04,19.0
202606221555,1099.02,1099.93,1099.93,1099.01,20.0
202606221556,1100.12,1099.49,1100.34,1099.04,49.0
202606221557,1099.24,1099.08,1099.73,1099.08,67.0
202606221558,1099.99,1100.11,1100.46,1099.99,13.0
202606221559,1100.03,1100.5,1101.28,1100.03,39.0
202606221600,1100.55,1100.46,1100.56,1099.98,6.0
202606221601,1100.04,1099.72,1100.29,1099.24,69.0
202606221602,1099.61,1098.83,1099.61,1098.63,59.0
202606221603,1098.81,1097.86,1098.81,1097.86,129.0
202606221604,1097.86,1098.1,1098.1,1097.77,8.0
202606221605,1098.09,1097.82,1098.24,1097.81,79.0
202606221606,1097.83,1098.82,1099.02,1097.82,44.0
202606221607,1099.15,1098.46,1099.15,1097.94,186.0
202606221608,1098.63,1099.5,1099.5,1098.63,27.0
202606221609,1099.52,1099.3,1099.82,1098.58,55.0
202606221610,1099.3,1099.85,1099.98,1099.29,351.0
202606221611,1099.72,1100.43,1100.7,1099.71,58.0
202606221612,1100.43,1100.3,1100.81,1099.96,240.0
202606221613,1100.88,1100.6,1100.98,1100.1,81.0
202606221614,1100.63,1101.06,1101.35,1100.63,52.0
202606221615,1100.68,1100.81,1100.86,1099.91,234.0
202606221616,1100.81,1101.1,1101.1,1100.81,9.0
202606221617,1100.73,1100.93,1101.13,1100.72,19.0
202606221618,1101.26,1101.58,1101.65,1101.08,34.0
202606221619,1101.42,1102.05,1102.05,1101.4,37.0
202606221620,1102.06,1102.12,1102.96,1101.74,57.0
202606221621,1102.12,1102.11,1102.64,1102.08,19.0
202606221622,1102.11,1100.65,1102.11,1100.65,29.0
202606221623,1100.58,1099.87,1100.65,1099.61,20.0
202606221624,1099.62,1100.14,1100.41,1099.61,8.0
202606221625,1100.64,1100.88,1100.88,1100.14,9.0
202606221626,1101.15,1100.67,1101.15,1100.55,13.0
202606221627,1100.58,1100.12,1100.79,1100.08,37.0
202606221628,1100.01,1100.68,1100.68,1099.8,30.0
202606221629,1100.68,1100.04,1100.68,1100.02,35.0
202606221630,1100.05,1100.05,1100.05,1100.04,6.0
202606221631,1100.05,1100.05,1100.05,1100.04,3.0
202606221632,1100.05,1099.57,1100.05,1098.97,23.0
202606221633,1099.22,1099.25,1099.74,1098.69,17.0
202606221634,1099.25,1099.17,1099.47,1099.16,29.0
202606221635,1099.61,1099.4,1099.67,1099.39,29.0
202606221636,1099.06,1098.51,1099.06,1098.32,23.0
202606221637,1098.51,1098.47,1098.82,1098.47,11.0
202606221638,1098.75,1098.75,1098.76,1098.45,4.0
202606221639,1098.91,1098.78,1099.12,1098.76,20.0
202606221640,1098.78,1098.45,1098.78,1098.35,63.0
202606221641,1098.38,1098.46,1098.61,1098.15,40.0
202606221642,1098.27,1098.66,1098.66,1098.07,19.0
202606221643,1098.24,1098.76,1098.76,1098.23,18.0
202606221644,1098.84,1099.1,1099.1,1098.7,17.0
202606221645,1099.01,1099.1,1099.31,1098.86,47.0
202606221646,1098.97,1099.69,1099.69,1098.97,36.0
202606221647,1099.74,1100.09,1100.39,1099.65,16.0
202606221648,1100.09,1100.72,1100.72,1100.02,29.0
202606221649,1100.51,1101.2,1101.23,1100.49,60.0
202606221650,1101.64,1102.12,1102.12,1101.54,39.0
202606221651,1102.2,1101.64,1102.2,1101.63,28.0
202606221652,1101.64,1101.32,1101.65,1101.07,24.0
202606221653,1101.22,1101.23,1101.23,1100.91,11.0
202606221654,1101.23,1101.06,1101.24,1100.96,15.0
202606221655,1101.25,1101.31,1101.54,1101.08,86.0
202606221656,1101.17,1101.88,1101.88,1101.16,48.0
202606221657,1101.83,1100.46,1101.86,1100.37,181.0
202606221658,1101.3,1101.56,1102.4,1101.3,191.0
202606221659,1101.37,1102.11,1102.21,1101.37,46.0
202606221700,1101.91,1101.78,1102.29,1101.78,44.0
202606221701,1101.6,1101.6,1101.71,1101.18,61.0
202606221702,1101.57,1101.01,1101.95,1101.01,105.0
202606221703,1101.5,1100.48,1101.5,1100.48,21.0
202606221704,1100.6,1100.24,1100.6,1100.13,8.0
202606221705,1100.46,1100.11,1100.46,1100.11,15.0
202606221706,1099.97,1099.8,1099.97,1099.71,36.0
202606221707,1100.01,1100.17,1100.58,1099.72,66.0
202606221708,1100.6,1100.08,1100.66,1099.95,43.0
202606221709,1100.28,1100.2,1100.48,1100.2,7.0
202606221710,1100.51,1100.49,1100.84,1100.46,22.0
202606221711,1100.22,1100.7,1100.95,1100.22,8.0
202606221712,1101.35,1101.34,1101.41,1101.33,9.0
202606221713,1100.96,1101.6,1101.6,1100.95,16.0
202606221714,1101.61,1101.0,1101.61,1100.81,9.0
202606221715,1100.92,1101.27,1101.68,1100.91,12.0
202606221716,1101.27,1100.86,1101.27,1100.79,27.0
202606221717,1101.46,1100.85,1101.51,1100.85,7.0
202606221718,1100.85,1101.48,1101.48,1100.85,2.0
202606221719,1101.29,1100.82,1101.29,1100.8,34.0
202606221720,1101.41,1101.27,1101.51,1101.27,18.0
202606221721,1100.93,1100.94,1100.94,1100.92,4.0
202606221722,1101.07,1100.62,1101.07,1100.47,121.0
202606221723,1100.97,1101.29,1101.29,1100.97,11.0
202606221724,1101.39,1101.39,1101.39,1101.39,5.0
202606221725,1101.3,1101.33,1101.57,1101.29,8.0
202606221726,1101.64,1102.55,1102.55,1101.64,54.0
202606221727,1102.48,1101.77,1102.48,1101.75,8.0
202606221728,1102.06,1102.32,1102.62,1101.9,31.0
202606221729,1102.09,1101.51,1102.09,1101.26,46.0
202606221730,1101.62,1101.5,1102.03,1101.41,47.0
202606221731,1101.99,1102.02,1102.37,1101.6,52.0
202606221732,1101.99,1101.18,1101.99,1100.82,29.0
202606221733,1100.93,1100.83,1100.94,1100.8,42.0
202606221734,1100.82,1100.86,1101.14,1100.49,73.0
202606221735,1101.17,1101.03,1101.53,1101.03,22.0
202606221736,1100.64,1100.89,1100.89,1100.62,22.0
202606221737,1100.63,1101.42,1101.42,1100.63,10.0
202606221738,1101.16,1101.51,1101.51,1101.16,2.0
202606221739,1101.23,1101.13,1101.34,1101.08,9.0
202606221740,1101.14,1100.7,1101.14,1100.69,6.0
202606221741,1100.69,1100.69,1100.69,1100.69,1.0
202606221742,1100.75,1101.13,1101.17,1100.75,8.0
202606221743,1101.17,1101.17,1101.58,1101.17,22.0
202606221744,1101.58,1101.5,1101.59,1101.5,10.0
202606221745,1101.19,1101.05,1101.27,1100.88,18.0
202606221746,1100.99,1101.79,1101.79,1100.69,41.0
202606221747,1102.02,1102.39,1102.5,1101.86,23.0
202606221748,1102.21,1102.34,1102.43,1102.21,3.0
202606221749,1102.51,1102.03,1102.51,1101.95,6.0
202606221750,1102.49,1102.63,1102.76,1102.49,12.0
202606221751,1102.62,1102.49,1102.62,1102.32,5.0
202606221752,1102.66,1103.38,1103.38,1102.66,7.0
202606221753,1103.68,1103.37,1103.68,1103.19,15.0
202606221754,1103.37,1103.3,1103.5,1103.3,11.0
202606221755,1103.28,1102.95,1103.34,1102.95,11.0
202606221756,1103.13,1103.14,1103.34,1102.94,44.0
202606221757,1102.93,1102.88,1102.93,1102.87,5.0
202606221758,1103.09,1102.65,1103.09,1102.62,6.0
202606221759,1102.62,1102.43,1102.98,1102.42,16.0
202606221800,1102.57,1102.78,1103.1,1102.46,21.0
202606221801,1103.1,1103.39,1103.39,1102.99,16.0
202606221802,1103.47,1103.28,1103.56,1103.27,8.0
202606221803,1103.28,1102.77,1103.28,1102.73,19.0
202606221804,1102.61,1103.03,1103.03,1102.6,7.0
202606221805,1103.08,1103.03,1103.48,1103.03,9.0
202606221806,1103.35,1103.77,1103.83,1102.45,76.0
202606221807,1103.39,1103.04,1103.5,1103.04,6.0
202606221808,1103.47,1103.89,1104.09,1103.46,28.0
202606221809,1103.82,1103.6,1103.82,1103.53,24.0
202606221810,1103.72,1103.62,1103.72,1103.6,32.0
202606221811,1103.92,1103.37,1104.21,1103.09,98.0
202606221812,1103.74,1103.44,1103.74,1103.43,4.0
202606221813,1103.44,1103.84,1104.34,1103.43,36.0
202606221814,1103.9,1104.09,1104.35,1103.87,29.0
202606221815,1104.19,1104.4,1104.4,1104.0,25.0
202606221816,1104.42,1104.28,1104.44,1104.11,44.0
202606221817,1104.65,1104.88,1105.12,1104.65,20.0
202606221818,1104.94,1104.93,1105.09,1104.89,14.0
202606221819,1105.0,1105.19,1105.35,1104.99,3.0
202606221820,1105.52,1105.71,1106.0,1105.52,11.0
202606221821,1105.67,1105.83,1106.03,1105.67,14.0
202606221822,1105.53,1104.93,1105.82,1104.67,124.0
202606221823,1104.94,1104.6,1104.94,1104.59,13.0
202606221824,1104.82,1105.29,1105.52,1104.82,18.0
202606221825,1105.17,1105.17,1105.17,1105.05,6.0
202606221826,1105.16,1104.69,1105.49,1104.68,149.0
202606221827,1104.78,1104.97,1105.06,1104.6,18.0
202606221828,1104.78,1104.78,1104.95,1104.78,4.0
202606221829,1104.93,1105.38,1105.38,1104.78,10.0
202606221830,1105.39,1105.44,1105.7,1105.08,13.0
202606221831,1105.34,1104.72,1105.35,1104.65,36.0
202606221832,1104.72,1103.47,1105.22,1103.46,39.0
202606221833,1103.79,1103.36,1103.82,1103.36,6.0
202606221834,1103.81,1103.11,1103.82,1103.11,22.0
202606221835,1103.37,1103.73,1103.73,1103.37,12.0
202606221836,1103.5,1103.95,1103.95,1103.22,16.0
202606221837,1103.54,1103.54,1103.54,1103.53,3.0
202606221838,1103.54,1103.0,1103.66,1103.0,33.0
202606221839,1103.01,1102.74,1103.01,1102.38,21.0
202606221840,1102.39,1102.1,1102.4,1102.0,35.0
202606221841,1102.08,1100.45,1102.08,1099.09,205.0
202606221842,1100.34,1100.51,1100.7,1100.34,8.0
202606221843,1100.21,1100.21,1100.21,1100.2,4.0
202606221844,1099.97,1100.27,1100.27,1099.97,2.0
202606221845,1099.96,1099.43,1100.43,1099.16,62.0
202606221846,1099.43,1099.13,1099.43,1098.35,11.0
202606221847,1099.41,1100.0,1100.0,1099.4,24.0
202606221848,1099.96,1100.0,1100.0,1099.96,6.0
202606221849,1100.26,1100.15,1100.26,1100.11,44.0
202606221850,1100.05,1099.25,1100.05,1099.05,258.0
202606221851,1099.25,1099.21,1099.33,1098.85,22.0
202606221852,1099.06,1098.29,1099.06,1098.14,22.0
202606221853,1098.23,1098.4,1098.48,1097.91,17.0
202606221854,1098.4,1098.62,1098.62,1097.54,39.0
202606221855,1098.59,1098.58,1098.59,1098.4,5.0
202606221856,1098.58,1098.58,1098.58,1098.57,12.0
202606221857,1098.59,1098.61,1098.76,1098.57,10.0
202606221858,1098.91,1098.67,1098.91,1098.66,4.0
202606221859,1098.61,1098.15,1098.77,1098.15,25.0
202606221900,1098.04,1098.04,1098.39,1098.02,5.0
202606221901,1098.39,1098.4,1098.4,1098.03,22.0
202606221902,1098.17,1099.1,1099.23,1098.16,31.0
202606221903,1098.99,1098.69,1099.26,1098.61,24.0
202606221904,1098.81,1099.18,1099.18,1098.81,5.0
202606221905,1099.08,1098.99,1099.13,1098.94,33.0
202606221906,1098.87,1098.72,1098.87,1098.69,7.0
202606221907,1098.71,1099.34,1099.34,1098.61,139.0
202606221908,1099.06,1099.26,1099.26,1098.86,4.0
202606221909,1099.45,1100.02,1100.36,1099.32,28.0
202606221910,1099.88,1099.57,1100.07,1099.57,146.0
202606221911,1099.58,1099.49,1099.7,1099.23,152.0
202606221912,1099.81,1099.58,1099.81,1099.57,4.0
202606221913,1099.58,1099.46,1099.58,1099.44,12.0
202606221914,1099.75,1099.71,1099.75,1099.47,8.0
202606221915,1099.61,1099.12,1100.14,1098.75,183.0
202606221916,1099.59,1100.22,1100.22,1099.59,21.0
202606221917,1100.25,1100.49,1100.59,1100.07,15.0
202606221918,1100.61,1100.39,1100.98,1100.39,23.0
202606221919,1100.85,1100.7,1101.08,1100.61,25.0
202606221920,1100.88,1101.18,1101.31,1100.88,21.0
202606221921,1101.33,1101.35,1101.35,1100.95,16.0
202606221922,1100.88,1100.94,1101.22,1100.88,5.0
202606221923,1100.94,1100.97,1100.98,1100.93,3.0
202606221924,1100.98,1101.01,1101.27,1100.96,30.0
202606221925,1101.01,1100.96,1101.01,1100.96,9.0
202606221926,1100.79,1100.66,1100.98,1100.46,47.0
202606221927,1100.69,1100.92,1100.96,1100.68,12.0
202606221928,1101.2,1101.12,1101.26,1101.03,28.0
202606221929,1101.24,1100.82,1101.37,1100.63,20.0
202606221930,1100.7,1100.19,1100.7,1100.19,11.0
202606221931,1100.19,1099.83,1100.43,1099.83,50.0
202606221932,1100.2,1100.95,1100.95,1100.2,18.0
202606221933,1100.9,1101.13,1101.21,1100.89,38.0
202606221934,1101.09,1101.12,1101.31,1100.94,12.0
202606221935,1101.11,1100.32,1101.34,1100.32,98.0
202606221936,1100.32,1100.53,1100.74,1100.32,19.0
202606221937,1100.53,1101.01,1101.26,1100.53,49.0
202606221938,1101.04,1101.42,1101.63,1101.0,27.0
202606221939,1101.18,1100.97,1101.18,1100.94,11.0
202606221940,1101.01,1100.78,1101.01,1100.57,30.0
202606221941,1100.69,1100.41,1100.69,1100.41,5.0
202606221942,1100.64,1100.09,1100.65,1099.91,13.0
202606221943,1100.33,1100.3,1100.51,1100.16,17.0
202606221944,1100.2,1099.56,1100.2,1099.55,22.0
202606221945,1099.56,1100.01,1100.2,1099.56,93.0
202606221946,1100.02,1100.35,1100.54,1099.65,31.0
202606221947,1100.54,1100.87,1100.87,1100.13,16.0
202606221948,1100.88,1100.95,1101.19,1100.61,41.0
202606221949,1101.0,1101.27,1102.11,1101.0,71.0
202606221950,1101.27,1101.87,1102.04,1101.24,44.0
202606221951,1101.85,1102.48,1102.69,1101.47,59.0
202606221952,1102.06,1101.82,1102.24,1101.8,30.0
202606221953,1101.83,1101.97,1102.28,1101.67,85.0
202606221954,1101.97,1102.35,1102.67,1101.97,65.0
202606221955,1102.54,1103.64,1103.64,1102.49,73.0
202606221956,1103.64,1104.03,1104.27,1103.24,135.0
202606221957,1103.98,1103.33,1104.3,1103.16,152.0
202606221958,1103.16,1105.18,1105.35,1103.12,299.0
202606221959,1105.23,1105.74,1106.4,1104.8,873.0
202606222000,1106.37,1106.37,1106.37,1106.37,14821.0
202606222001,1106.37,1106.37,1106.37,1106.37,0.0
202606222002,1106.37,1106.37,1106.37,1106.37,0.0
202606222003,1106.37,1106.37,1106.37,1106.37,0.0
202606222004,1106.37,1106.37,1106.37,1106.37,0.0
202606222005,1104.98,1105.0,1105.0,1104.98,2.0
202606222006,1105.0,1105.0,1105.0,1105.0,0.0
202606222007,1105.0,1105.39,1105.39,1105.0,3.0
202606222008,1105.39,1105.39,1105.39,1105.39,0.0
202606222009,1105.39,1105.39,1105.39,1105.39,0.0
202606222010,1105.39,1105.39,1105.39,1105.39,0.0
202606222011,1105.39,1105.39,1105.39,1105.39,0.0
202606222012,1105.39,1105.39,1105.39,1105.39,0.0
202606222013,1105.39,1105.39,1105.39,1105.39,0.0
202606222014,1105.39,1105.39,1105.39,1105.39,0.0
202606222015,1105.39,1105.39,1105.39,1105.39,0.0
202606222016,1105.02,1105.92,1105.92,1105.02,2.0
202606222017,1105.92,1105.92,1105.92,1105.92,0.0
202606222018,1105.92,1105.92,1105.92,1105.92,0.0
202606222019,1105.92,1105.92,1105.92,1105.92,0.0
202606222020,1105.92,1105.92,1105.92,1105.92,0.0
202606222021,1105.92,1105.92,1105.92,1105.92,0.0
202606222022,1105.92,1105.92,1105.92,1105.92,0.0
202606222023,1105.92,1105.92,1105.92,1105.92,0.0
202606222024,1105.92,1105.92,1105.92,1105.92,0.0
202606222025,1105.92,1105.92,1105.92,1105.92,0.0
202606222026,1105.92,1105.92,1105.92,1105.92,0.0
202606222027,1105.92,1105.92,1105.92,1105.92,0.0
202606222028,1105.92,1105.92,1105.92,1105.92,0.0
202606222029,1105.92,1105.92,1105.92,1105.92,0.0
202606222030,1105.92,1105.92,1105.92,1105.92,0.0
202606222031,1105.92,1105.92,1105.92,1105.92,0.0
202606222032,1105.92,1105.92,1105.92,1105.92,0.0
202606222033,1105.92,1105.92,1105.92,1105.92,0.0
202606222034,1105.92,1105.92,1105.92,1105.92,0.0
202606222035,1105.92,1105.92,1105.92,1105.92,0.0
202606222036,1105.92,1105.92,1105.92,1105.92,0.0
202606222037,1105.92,1105.92,1105.92,1105.92,0.0
202606222038,1105.92,1105.92,1105.92,1105.92,0.0
202606222039,1106.0,1106.0,1106.0,1106.0,1.0
202606222040,1106.0,1106.0,1106.0,1106.0,2.0
202606222041,1106.0,1106.0,1106.0,1106.0,0.0
202606222042,1106.0,1106.0,1106.0,1106.0,0.0
202606222043,1106.0,1106.0,1106.0,1106.0,0.0
202606222044,1106.0,1106.0,1106.0,1106.0,0.0
202606222045,1106.0,1106.0,1106.0,1106.0,0.0
202606222046,1106.0,1106.0,1106.0,1106.0,0.0
202606222047,1106.0,1106.0,1106.0,1106.0,0.0
202606222048,1106.0,1106.0,1106.0,1106.0,0.0
202606222049,1106.0,1106.0,1106.0,1106.0,0.0
202606222050,1105.13,1105.13,1105.13,1105.13,1.0
202606222051,1105.13,1105.13,1105.13,1105.13,0.0
202606222052,1105.13,1105.13,1105.13,1105.13,0.0
202606222053,1105.13,1105.13,1105.13,1105.13,0.0
202606222054,1105.13,1105.13,1105.13,1105.13,0.0
202606222055,1105.13,1105.13,1105.13,1105.13,0.0
202606222056,1105.13,1105.13,1105.13,1105.13,0.0
202606222057,1105.13,1105.13,1105.13,1105.13,0.0
202606222058,1105.13,1105.13,1105.13,1105.13,0.0
202606222059,1105.13,1105.13,1105.13,1105.13,0.0
202606222100,1105.13,1105.13,1105.13,1105.13,0.0
202606222101,1105.13,1105.13,1105.13,1105.13,0.0
202606222102,1105.13,1105.13,1105.13,1105.13,0.0
202606222103,1105.13,1105.13,1105.13,1105.13,0.0
202606222104,1105.13,1105.13,1105.13,1105.13,0.0
202606222105,1105.13,1105.13,1105.13,1105.13,0.0
202606222106,1105.13,1105.13,1105.13,1105.13,0.0
202606222107,1105.13,1105.13,1105.13,1105.13,0.0
202606222108,1105.13,1105.13,1105.13,1105.13,0.0
202606222109,1105.13,1105.13,1105.13,1105.13,0.0
202606222110,1105.13,1105.13,1105.13,1105.13,0.0
202606222111,1105.13,1105.13,1105.13,1105.13,0.0
202606222112,1105.13,1105.13,1105.13,1105.13,0.0
202606222113,1105.13,1105.13,1105.13,1105.13,0.0
202606222114,1105.13,1105.13,1105.13,1105.13,0.0
202606222115,1105.13,1105.13,1105.13,1105.13,0.0
202606222116,1105.13,1105.13,1105.13,1105.13,0.0
202606222117,1105.13,1105.13,1105.13,1105.13,0.0
202606222118,1105.13,1105.13,1105.13,1105.13,0.0
202606222119,1105.13,1105.13,1105.13,1105.13,0.0
202606222120,1105.13,1105.13,1105.13,1105.13,0.0
202606222121,1105.13,1105.13,1105.13,1105.13,0.0
202606222122,1105.13,1105.13,1105.13,1105.13,0.0
202606222123,1105.13,1105.13,1105.13,1105.13,0.0
202606222124,1105.13,1105.13,1105.13,1105.13,0.0
202606222125,1105.13,1105.13,1105.13,1105.13,0.0
202606222126,1105.13,1105.13,1105.13,1105.13,0.0
202606222127,1105.13,1105.13,1105.13,1105.13,0.0
202606222128,1105.13,1105.13,1105.13,1105.13,0.0
202606222129,1105.13,1105.13,1105.13,1105.13,0.0
202606222130,1105.13,1105.13,1105.13,1105.13,0.0
202606222131,1105.13,1105.13,1105.13,1105.13,0.0
202606222132,1105.13,1105.13,1105.13,1105.13,0.0
202606222133,1105.13,1105.13,1105.13,1105.13,0.0
202606222134,1105.13,1105.13,1105.13,1105.13,0.0
202606222135,1105.13,1105.13,1105.13,1105.13,0.0
202606222136,1105.13,1105.13,1105.13,1105.13,0.0
202606222137,1105.13,1105.13,1105.13,1105.13,0.0
202606222138,1105.13,1105.13,1105.13,1105.13,0.0
202606222139,1105.13,1105.13,1105.13,1105.13,0.0
202606222140,1105.87,1105.89,1105.89,1105.87,2.0
202606222141,1105.89,1105.89,1105.89,1105.89,0.0
202606222142,1105.89,1105.89,1105.89,1105.89,0.0
202606222143,1105.89,1105.89,1105.89,1105.89,0.0
202606222144,1105.89,1105.89,1105.89,1105.89,0.0
202606222145,1105.89,1105.89,1105.89,1105.89,0.0
202606222146,1105.89,1105.89,1105.89,1105.89,0.0
202606222147,1105.89,1105.89,1105.89,1105.89,0.0
202606222148,1105.89,1105.89,1105.89,1105.89,0.0
202606222149,1105.89,1105.89,1105.89,1105.89,0.0
202606222150,1105.89,1105.89,1105.89,1105.89,0.0
202606222151,1105.89,1105.89,1105.89,1105.89,0.0
202606222152,1105.89,1105.89,1105.89,1105.89,0.0
202606222153,1105.89,1105.89,1105.89,1105.89,0.0
202606222154,1105.89,1105.89,1105.89,1105.89,0.0
202606222155,1105.89,1105.89,1105.89,1105.89,0.0
202606222156,1105.89,1105.89,1105.89,1105.89,0.0
202606222157,1105.89,1105.89,1105.89,1105.89,0.0
202606222158,1105.89,1105.89,1105.89,1105.89,0.0
202606222159,1105.89,1105.89,1105.89,1105.89,0.0
202606222200,1105.89,1105.89,1105.89,1105.89,0.0
202606222201,1105.89,1105.89,1105.89,1105.89,0.0
202606222202,1105.89,1105.89,1105.89,1105.89,0.0
202606222203,1105.89,1105.89,1105.89,1105.89,0.0
202606222204,1105.89,1105.89,1105.89,1105.89,0.0
202606222205,1105.89,1105.89,1105.89,1105.89,0.0
202606222206,1105.89,1105.89,1105.89,1105.89,0.0
202606222207,1105.89,1105.89,1105.89,1105.89,0.0
202606222208,1105.89,1105.89,1105.89,1105.89,0.0
202606222209,1105.89,1105.89,1105.89,1105.89,0.0
202606222210,1105.89,1105.89,1105.89,1105.89,0.0
202606222211,1105.89,1105.89,1105.89,1105.89,0.0
202606222212,1105.89,1105.89,1105.89,1105.89,0.0
202606222213,1105.89,1105.89,1105.89,1105.89,0.0
202606222214,1105.89,1105.89,1105.89,1105.89,0.0
202606222215,1105.89,1105.89,1105.89,1105.89,0.0
202606222216,1105.89,1105.89,1105.89,1105.89,0.0
202606222217,1105.89,1105.89,1105.89,1105.89,0.0
202606222218,1105.89,1105.89,1105.89,1105.89,0.0
202606222219,1105.89,1105.89,1105.89,1105.89,0.0
202606222220,1105.89,1105.89,1105.89,1105.89,0.0
202606222221,1105.89,1105.89,1105.89,1105.89,0.0
202606222222,1105.89,1105.89,1105.89,1105.89,0.0
202606222223,1105.89,1105.89,1105.89,1105.89,0.0
202606222224,1105.89,1105.89,1105.89,1105.89,0.0
202606222225,1105.89,1105.89,1105.89,1105.89,0.0
202606222226,1105.89,1105.89,1105.89,1105.89,0.0
202606222227,1105.89,1105.89,1105.89,1105.89,0.0
202606222228,1105.89,1105.89,1105.89,1105.89,0.0
202606222229,1105.89,1105.89,1105.89,1105.89,0.0
202606222230,1105.89,1105.89,1105.89,1105.89,0.0
202606222231,1105.89,1105.89,1105.89,1105.89,0.0
202606222232,1105.89,1105.89,1105.89,1105.89,0.0
202606222233,1105.89,1105.89,1105.89,1105.89,0.0
202606222234,1105.89,1105.89,1105.89,1105.89,0.0
202606222235,1105.89,1105.89,1105.89,1105.89,0.0
202606222236,1105.89,1105.89,1105.89,1105.89,0.0
202606222237,1105.89,1105.89,1105.89,1105.89,0.0
202606222238,1105.89,1105.89,1105.89,1105.89,0.0
202606222239,1105.89,1105.89,1105.89,1105.89,0.0
202606222240,1105.89,1105.89,1105.89,1105.89,0.0
202606222241,1105.89,1105.89,1105.89,1105.89,0.0
202606222242,1105.89,1105.89,1105.89,1105.89,0.0
202606222243,1105.89,1105.89,1105.89,1105.89,0.0
202606222244,1105.89,1105.89,1105.89,1105.89,0.0
202606222245,1105.89,1105.89,1105.89,1105.89,0.0
202606222246,1105.89,1105.89,1105.89,1105.89,0.0
202606222247,1105.89,1105.89,1105.89,1105.89,0.0
202606222248,1105.89,1105.89,1105.89,1105.89,0.0
202606222249,1105.89,1105.89,1105.89,1105.89,0.0
202606222250,1105.89,1105.89,1105.89,1105.89,0.0
202606222251,1105.89,1105.89,1105.89,1105.89,0.0
202606222252,1105.89,1105.89,1105.89,1105.89,0.0
202606222253,1105.89,1105.89,1105.89,1105.89,0.0
202606222254,1105.89,1105.89,1105.89,1105.89,0.0
202606222255,1105.89,1105.89,1105.89,1105.89,0.0
202606222256,1105.89,1105.89,1105.89,1105.89,0.0
202606222257,1105.89,1105.89,1105.89,1105.89,0.0
202606222258,1105.89,1105.89,1105.89,1105.89,0.0
202606222259,1105.89,1105.89,1105.89,1105.89,0.0
202606222300,1105.89,1105.89,1105.89,1105.89,0.0
202606222301,1105.89,1105.89,1105.89,1105.89,0.0
202606222302,1105.89,1105.89,1105.89,1105.89,0.0
202606222303,1105.89,1105.89,1105.89,1105.89,0.0
202606222304,1105.89,1105.89,1105.89,1105.89,0.0
202606222305,1105.89,1105.89,1105.89,1105.89,0.0
202606222306,1105.89,1105.89,1105.89,1105.89,0.0
202606222307,1105.89,1105.89,1105.89,1105.89,0.0
202606222308,1105.89,1105.89,1105.89,1105.89,0.0
202606222309,1106.27,1106.27,1106.27,1106.27,3.0
202606222310,1106.27,1106.27,1106.27,1106.27,0.0
202606222311,1106.27,1106.27,1106.27,1106.27,0.0
202606222312,1106.27,1106.27,1106.27,1106.27,0.0
202606222313,1106.27,1106.27,1106.27,1106.27,0.0
202606222314,1106.27,1106.27,1106.27,1106.27,0.0
202606222315,1106.27,1106.27,1106.27,1106.27,0.0
202606222316,1106.27,1106.27,1106.27,1106.27,0.0
202606222317,1106.27,1106.27,1106.27,1106.27,0.0
202606222318,1106.27,1106.27,1106.27,1106.27,0.0
202606222319,1106.27,1106.27,1106.27,1106.27,0.0
202606222320,1106.27,1106.27,1106.27,1106.27,0.0
202606222321,1106.27,1106.27,1106.27,1106.27,0.0
202606222322,1106.27,1106.27,1106.27,1106.27,0.0
202606222323,1106.27,1106.27,1106.27,1106.27,0.0
202606222324,1106.27,1106.27,1106.27,1106.27,0.0
202606222325,1106.27,1106.27,1106.27,1106.27,0.0
202606222326,1106.27,1106.27,1106.27,1106.27,0.0
202606222327,1106.27,1106.27,1106.27,1106.27,0.0
202606222328,1106.27,1106.27,1106.27,1106.27,0.0
202606222329,1106.27,1106.27,1106.27,1106.27,0.0
202606222330,1106.27,1106.27,1106.27,1106.27,0.0
202606222331,1106.27,1106.27,1106.27,1106.27,0.0
202606222332,1106.27,1106.27,1106.27,1106.27,0.0
202606222333,1106.27,1106.27,1106.27,1106.27,0.0
202606222334,1106.27,1106.27,1106.27,1106.27,0.0
202606222335,1106.27,1106.27,1106.27,1106.27,0.0
202606222336,1106.27,1106.27,1106.27,1106.27,0.0
202606222337,1106.27,1106.27,1106.27,1106.27,0.0
202606222338,1106.27,1106.27,1106.27,1106.27,0.0
202606222339,1106.27,1106.27,1106.27,1106.27,0.0
202606222340,1106.27,1106.27,1106.27,1106.27,0.0
202606222341,1106.27,1106.27,1106.27,1106.27,0.0
202606222342,1106.27,1106.27,1106.27,1106.27,0.0
202606222343,1106.27,1106.27,1106.27,1106.27,0.0
202606222344,1106.27,1106.27,1106.27,1106.27,0.0
202606222345,1106.27,1106.27,1106.27,1106.27,0.0
202606222346,1106.27,1106.27,1106.27,1106.27,0.0
202606222347,1106.27,1106.27,1106.27,1106.27,0.0
202606222348,1106.27,1106.27,1106.27,1106.27,0.0
202606222349,1106.27,1106.27,1106.27,1106.27,0.0
202606222350,1106.27,1106.27,1106.27,1106.27,0.0
202606222351,1106.27,1106.27,1106.27,1106.27,0.0
202606222352,1106.27,1106.27,1106.27,1106.27,0.0
202606222353,1106.27,1106.27,1106.27,1106.27,0.0
202606222354,1106.27,1106.27,1106.27,1106.27,0.0
202606222355,1106.27,1106.27,1106.27,1106.27,0.0
202606222356,1106.27,1106.27,1106.27,1106.27,0.0
202606222357,1106.27,1106.27,1106.27,1106.27,0.0
202606222358,1105.92,1105.92,1105.93,1105.92,2.0
202606222359,1105.92,1105.92,1105.93,1105.92,0.0
202606230805,1090.45,1090.45,1090.45,1090.45,7.0
202606230806,1099.73,1099.73,1099.73,1099.73,1.0
202606230807,1098.0,1097.93,1098.0,1097.93,2.0
202606230808,1097.93,1097.93,1097.93,1097.93,0.0
202606230809,1097.93,1097.93,1097.93,1097.93,0.0
202606230810,1093.0,1093.0,1093.0,1093.0,1.0
202606230811,1090.89,1090.89,1090.89,1090.89,1.0
202606230812,1090.89,1090.89,1090.89,1090.89,0.0
202606230813,1090.89,1090.89,1090.89,1090.89,0.0
202606230814,1090.89,1090.89,1090.89,1090.89,0.0
202606230815,1090.89,1090.89,1090.89,1090.89,0.0
202606230816,1090.89,1090.89,1090.89,1090.89,0.0
202606230817,1090.89,1090.89,1090.89,1090.89,0.0
202606230818,1090.89,1090.89,1090.89,1090.89,0.0
202606230819,1090.89,1090.89,1090.89,1090.89,0.0
202606230820,1090.89,1090.89,1090.89,1090.89,0.0
202606230821,1090.89,1090.89,1090.89,1090.89,0.0
202606230822,1090.89,1090.89,1090.89,1090.89,0.0
202606230823,1090.89,1090.89,1090.89,1090.89,0.0
202606230824,1090.89,1090.89,1090.89,1090.89,0.0
202606230825,1090.89,1090.89,1090.89,1090.89,0.0
202606230826,1090.89,1090.89,1090.89,1090.89,0.0
202606230827,1090.89,1090.89,1090.89,1090.89,0.0
202606230828,1090.89,1090.89,1090.89,1090.89,0.0
202606230829,1090.89,1090.89,1090.89,1090.89,0.0
202606230830,1090.89,1090.89,1090.89,1090.89,0.0
202606230831,1090.89,1090.89,1090.89,1090.89,0.0
202606230832,1090.89,1090.89,1090.89,1090.89,0.0
202606230833,1090.89,1090.89,1090.89,1090.89,0.0
202606230834,1090.89,1090.89,1090.89,1090.89,0.0
202606230835,1090.89,1090.89,1090.89,1090.89,0.0
202606230836,1090.89,1090.89,1090.89,1090.89,0.0
202606230837,1090.89,1090.89,1090.89,1090.89,0.0
202606230838,1090.89,1090.89,1090.89,1090.89,0.0
202606230839,1090.89,1090.89,1090.89,1090.89,0.0
202606230840,1090.89,1090.89,1090.89,1090.89,0.0
202606230841,1090.89,1090.89,1090.89,1090.89,0.0
202606230842,1090.89,1090.89,1090.89,1090.89,0.0
202606230843,1090.89,1090.89,1090.89,1090.89,0.0
202606230844,1090.89,1090.89,1090.89,1090.89,0.0
202606230845,1090.89,1090.89,1090.89,1090.89,0.0
202606230846,1090.89,1090.89,1090.89,1090.89,0.0
202606230847,1090.89,1090.89,1090.89,1090.89,0.0
202606230848,1090.89,1090.89,1090.89,1090.89,0.0
202606230849,1090.89,1090.89,1090.89,1090.89,0.0
202606230850,1090.89,1090.89,1090.89,1090.89,0.0
202606230851,1090.89,1090.89,1090.89,1090.89,0.0
202606230852,1090.89,1090.89,1090.89,1090.89,0.0
202606230853,1088.63,1088.63,1088.63,1088.63,3.0
202606230854,1088.63,1088.63,1088.63,1088.63,0.0
202606230855,1088.63,1088.63,1088.63,1088.63,0.0
202606230856,1088.63,1088.63,1088.63,1088.63,0.0
202606230857,1088.63,1088.63,1088.63,1088.63,0.0
202606230858,1088.63,1088.63,1088.63,1088.63,0.0
202606230859,1088.63,1088.63,1088.63,1088.63,0.0
202606230900,1088.63,1088.63,1088.63,1088.63,0.0
202606230901,1088.63,1088.63,1088.63,1088.63,0.0
202606230902,1088.63,1088.63,1088.63,1088.63,0.0
202606230903,1088.63,1088.63,1088.63,1088.63,0.0
202606230904,1088.63,1088.63,1088.63,1088.63,0.0
202606230905,1088.63,1088.63,1088.63,1088.63,0.0
202606230906,1088.63,1088.63,1088.63,1088.63,0.0
202606230907,1088.63,1088.63,1088.63,1088.63,0.0
202606230908,1088.63,1088.63,1088.63,1088.63,0.0
202606230909,1088.63,1088.63,1088.63,1088.63,0.0
202606230910,1088.63,1088.63,1088.63,1088.63,0.0
202606230911,1088.63,1088.63,1088.63,1088.63,0.0
202606230912,1088.63,1088.63,1088.63,1088.63,0.0
202606230913,1088.63,1088.63,1088.63,1088.63,0.0
202606230914,1088.63,1088.63,1088.63,1088.63,0.0
202606230915,1088.63,1088.63,1088.63,1088.63,0.0
202606230916,1088.63,1088.63,1088.63,1088.63,0.0
202606230917,1088.63,1088.63,1088.63,1088.63,0.0
202606230918,1088.63,1088.63,1088.63,1088.63,0.0
202606230919,1088.63,1088.63,1088.63,1088.63,0.0
202606230920,1088.63,1088.63,1088.63,1088.63,0.0
202606230921,1088.63,1088.63,1088.63,1088.63,0.0
202606230922,1088.63,1088.63,1088.63,1088.63,0.0
202606230923,1088.63,1088.63,1088.63,1088.63,0.0
202606230924,1088.63,1088.63,1088.63,1088.63,0.0
202606230925,1088.63,1088.63,1088.63,1088.63,0.0
202606230926,1088.63,1088.63,1088.63,1088.63,0.0
202606230927,1091.0,1091.0,1091.0,1091.0,5.0
202606230928,1091.0,1091.0,1091.0,1091.0,0.0
202606230929,1091.0,1091.0,1091.0,1091.0,0.0
202606230930,1091.0,1091.0,1091.0,1091.0,0.0
202606230931,1091.0,1091.0,1091.0,1091.0,0.0
202606230932,1091.0,1091.0,1091.0,1091.0,0.0
202606230933,1091.0,1091.0,1091.0,1091.0,0.0
202606230934,1091.0,1091.0,1091.0,1091.0,0.0
202606230935,1091.0,1091.0,1091.0,1091.0,0.0
202606230936,1091.0,1091.0,1091.0,1091.0,0.0
202606230937,1091.0,1091.0,1091.0,1091.0,0.0
202606230938,1091.0,1091.0,1091.0,1091.0,0.0
202606230939,1091.0,1091.0,1091.0,1091.0,0.0
202606230940,1091.0,1091.0,1091.0,1091.0,0.0
202606230941,1091.0,1091.0,1091.0,1091.0,0.0
202606230942,1091.0,1091.0,1091.0,1091.0,0.0
202606230943,1091.0,1091.0,1091.0,1091.0,0.0
202606230944,1091.0,1091.0,1091.0,1091.0,0.0
202606230945,1091.0,1091.0,1091.0,1091.0,0.0
202606230946,1091.0,1091.0,1091.0,1091.0,0.0
202606230947,1091.0,1091.0,1091.0,1091.0,0.0
202606230948,1091.0,1091.0,1091.0,1091.0,0.0
202606230949,1091.0,1091.0,1091.0,1091.0,0.0
202606230950,1091.0,1091.0,1091.0,1091.0,0.0
202606230951,1091.0,1091.0,1091.0,1091.0,0.0
202606230952,1091.0,1091.0,1091.0,1091.0,0.0
202606230953,1091.0,1091.0,1091.0,1091.0,0.0
202606230954,1091.0,1091.0,1091.0,1091.0,0.0
202606230955,1091.0,1091.0,1091.0,1091.0,0.0
202606230956,1091.0,1091.0,1091.0,1091.0,0.0
202606230957,1091.0,1091.0,1091.0,1091.0,0.0
202606230958,1091.0,1091.0,1091.0,1091.0,0.0
202606230959,1091.0,1091.0,1091.0,1091.0,0.0
202606231000,1091.0,1091.0,1091.0,1091.0,0.0
202606231001,1091.0,1091.0,1091.0,1091.0,0.0
202606231002,1091.0,1091.0,1091.0,1091.0,0.0
202606231003,1091.0,1091.0,1091.0,1091.0,0.0
202606231004,1091.0,1091.0,1091.0,1091.0,0.0
202606231005,1091.0,1091.0,1091.0,1091.0,0.0
202606231006,1091.0,1091.0,1091.0,1091.0,0.0
202606231007,1091.0,1091.0,1091.0,1091.0,0.0
202606231008,1091.0,1091.0,1091.0,1091.0,0.0
202606231009,1091.0,1091.0,1091.0,1091.0,0.0
202606231010,1091.0,1091.0,1091.0,1091.0,0.0
202606231011,1091.0,1091.0,1091.0,1091.0,0.0
202606231012,1091.0,1091.0,1091.0,1091.0,0.0
202606231013,1091.0,1091.0,1091.0,1091.0,0.0
202606231014,1091.0,1091.0,1091.0,1091.0,0.0
202606231015,1091.0,1091.0,1091.0,1091.0,0.0
202606231016,1091.0,1091.0,1091.0,1091.0,0.0
202606231017,1091.0,1091.0,1091.0,1091.0,0.0
202606231018,1091.0,1091.0,1091.0,1091.0,0.0
202606231019,1091.0,1091.0,1091.0,1091.0,0.0
202606231020,1091.0,1091.0,1091.0,1091.0,0.0
202606231021,1091.0,1091.0,1091.0,1091.0,0.0
202606231022,1091.0,1091.0,1091.0,1091.0,0.0
202606231023,1091.0,1091.0,1091.0,1091.0,0.0
202606231024,1091.0,1091.0,1091.0,1091.0,0.0
202606231025,1091.0,1091.0,1091.0,1091.0,0.0
202606231026,1091.0,1091.0,1091.0,1091.0,0.0
202606231027,1091.0,1091.0,1091.0,1091.0,0.0
202606231028,1091.0,1091.0,1091.0,1091.0,0.0
202606231029,1091.0,1091.0,1091.0,1091.0,0.0
202606231030,1091.0,1091.0,1091.0,1091.0,0.0
202606231031,1091.0,1091.0,1091.0,1091.0,0.0
202606231032,1091.0,1091.0,1091.0,1091.0,0.0
202606231033,1091.0,1091.0,1091.0,1091.0,0.0
202606231034,1088.28,1088.0,1088.71,1088.0,6.0
202606231035,1088.0,1088.0,1088.0,1088.0,0.0
202606231036,1088.0,1088.0,1088.0,1088.0,0.0
202606231037,1088.0,1088.0,1088.0,1088.0,0.0
202606231038,1088.0,1088.0,1088.0,1088.0,0.0
202606231039,1088.0,1088.0,1088.0,1088.0,0.0
202606231040,1088.0,1088.0,1088.0,1088.0,0.0
202606231041,1088.0,1088.0,1088.0,1088.0,0.0
202606231042,1088.0,1088.0,1088.0,1088.0,0.0
202606231043,1088.0,1088.0,1088.0,1088.0,0.0
202606231044,1088.0,1088.0,1088.0,1088.0,0.0
202606231045,1088.0,1088.0,1088.0,1088.0,0.0
202606231046,1088.0,1088.0,1088.0,1088.0,0.0
202606231047,1088.0,1088.0,1088.0,1088.0,0.0
202606231048,1088.0,1088.0,1088.0,1088.0,0.0
202606231049,1088.0,1088.0,1088.0,1088.0,0.0
202606231050,1088.0,1088.0,1088.0,1088.0,0.0
202606231051,1088.0,1088.0,1088.0,1088.0,0.0
202606231052,1087.04,1087.04,1087.04,1087.04,1.0
202606231053,1087.04,1087.04,1087.04,1087.04,0.0
202606231054,1087.04,1087.04,1087.04,1087.04,0.0
202606231055,1087.04,1087.04,1087.04,1087.04,0.0
202606231056,1087.04,1087.04,1087.04,1087.04,0.0
202606231057,1087.04,1087.04,1087.04,1087.04,0.0
202606231058,1087.04,1087.04,1087.04,1087.04,0.0
202606231059,1087.04,1087.04,1087.04,1087.04,0.0
202606231100,1091.61,1096.01,1096.01,1091.61,3.0
202606231101,1096.01,1096.01,1096.01,1096.01,0.0
202606231102,1096.01,1096.01,1096.01,1096.01,0.0
202606231103,1096.01,1096.01,1096.01,1096.01,0.0
202606231104,1096.01,1096.01,1096.01,1096.01,0.0
202606231105,1096.01,1096.01,1096.01,1096.01,0.0
202606231106,1096.01,1096.01,1096.01,1096.01,0.0
202606231107,1096.01,1096.01,1096.01,1096.01,0.0
202606231108,1096.01,1096.01,1096.01,1096.01,0.0
202606231109,1096.01,1096.01,1096.01,1096.01,0.0
202606231110,1096.01,1096.01,1096.01,1096.01,0.0
202606231111,1096.01,1096.01,1096.01,1096.01,0.0
202606231112,1096.01,1096.01,1096.01,1096.01,0.0
202606231113,1096.01,1096.01,1096.01,1096.01,0.0
202606231114,1096.01,1096.01,1096.01,1096.01,0.0
202606231115,1096.01,1096.01,1096.01,1096.01,0.0
202606231116,1096.01,1096.01,1096.01,1096.01,0.0
202606231117,1096.01,1096.01,1096.01,1096.01,0.0
202606231118,1096.01,1096.01,1096.01,1096.01,0.0
202606231119,1096.01,1096.01,1096.01,1096.01,0.0
202606231120,1096.01,1096.01,1096.01,1096.01,0.0
202606231121,1096.01,1096.01,1096.01,1096.01,0.0
202606231122,1096.01,1096.01,1096.01,1096.01,0.0
202606231123,1096.01,1096.01,1096.01,1096.01,0.0
202606231124,1096.01,1096.01,1096.01,1096.01,0.0
202606231125,1088.0,1088.0,1088.0,1088.0,5.0
202606231126,1088.0,1088.0,1088.0,1088.0,0.0
202606231127,1088.0,1088.0,1088.0,1088.0,0.0
202606231128,1089.93,1089.93,1089.93,1089.93,1.0
202606231129,1089.93,1089.93,1089.93,1089.93,0.0
202606231130,1089.93,1089.93,1089.93,1089.93,0.0
202606231131,1089.93,1089.93,1089.93,1089.93,0.0
202606231132,1089.93,1089.93,1089.93,1089.93,0.0
202606231133,1089.93,1089.93,1089.93,1089.93,0.0
202606231134,1089.93,1089.93,1089.93,1089.93,0.0
202606231135,1089.93,1089.93,1089.93,1089.93,0.0
202606231136,1089.93,1089.93,1089.93,1089.93,0.0
202606231137,1089.93,1089.93,1089.93,1089.93,0.0
202606231138,1089.93,1089.93,1089.93,1089.93,0.0
202606231139,1089.93,1089.93,1089.93,1089.93,0.0
202606231140,1089.93,1089.93,1089.93,1089.93,0.0
202606231141,1089.93,1089.93,1089.93,1089.93,0.0
202606231142,1089.93,1089.93,1089.93,1089.93,0.0
202606231143,1089.93,1089.93,1089.93,1089.93,0.0
202606231144,1089.93,1089.93,1089.93,1089.93,0.0
202606231145,1089.93,1089.93,1089.93,1089.93,0.0
202606231146,1089.93,1089.93,1089.93,1089.93,0.0
202606231147,1089.93,1089.93,1089.93,1089.93,0.0
202606231148,1089.93,1089.93,1089.93,1089.93,0.0
202606231149,1089.93,1089.93,1089.93,1089.93,0.0
202606231150,1089.93,1089.93,1089.93,1089.93,0.0
202606231151,1089.93,1089.93,1089.93,1089.93,0.0
202606231152,1089.93,1089.93,1089.93,1089.93,0.0
202606231153,1089.93,1089.93,1089.93,1089.93,0.0
202606231154,1089.93,1089.93,1089.93,1089.93,0.0
202606231155,1089.93,1089.93,1089.93,1089.93,0.0
202606231156,1089.93,1089.93,1089.93,1089.93,0.0
202606231157,1089.93,1089.93,1089.93,1089.93,0.0
202606231158,1091.0,1090.01,1091.0,1090.01,16.0
202606231159,1090.01,1090.01,1090.01,1090.01,0.0
202606231200,1088.63,1088.63,1088.63,1088.63,1.0
202606231201,1088.63,1088.63,1088.63,1088.63,0.0
202606231202,1088.63,1088.63,1088.63,1088.63,0.0
202606231203,1088.26,1089.05,1089.05,1088.25,14.0
202606231204,1089.05,1089.05,1089.05,1089.05,0.0
202606231205,1089.05,1089.05,1089.05,1089.05,0.0
202606231206,1089.05,1089.05,1089.05,1089.05,0.0
202606231207,1089.05,1089.05,1089.05,1089.05,0.0
202606231208,1089.05,1089.05,1089.05,1089.05,0.0
202606231209,1089.05,1089.05,1089.05,1089.05,0.0
202606231210,1089.05,1089.05,1089.05,1089.05,0.0
202606231211,1089.05,1089.05,1089.05,1089.05,0.0
202606231212,1089.05,1089.05,1089.05,1089.05,0.0
202606231213,1089.05,1089.05,1089.05,1089.05,0.0
202606231214,1089.05,1089.05,1089.05,1089.05,0.0
202606231215,1085.35,1085.35,1085.35,1085.35,5.0
202606231216,1085.35,1085.35,1085.35,1085.35,0.0
202606231217,1085.35,1085.35,1085.35,1085.35,0.0
202606231218,1085.35,1085.35,1085.35,1085.35,0.0
202606231219,1085.35,1085.35,1085.35,1085.35,0.0
202606231220,1085.35,1085.35,1085.35,1085.35,0.0
202606231221,1085.35,1085.35,1085.35,1085.35,0.0
202606231222,1085.35,1085.35,1085.35,1085.35,0.0
202606231223,1085.35,1085.35,1085.35,1085.35,0.0
202606231224,1085.35,1085.35,1085.35,1085.35,0.0
202606231225,1085.35,1085.35,1085.35,1085.35,0.0
202606231226,1085.35,1085.35,1085.35,1085.35,0.0
202606231227,1085.35,1085.35,1085.35,1085.35,0.0
202606231228,1085.35,1085.35,1085.35,1085.35,0.0
202606231229,1085.35,1085.35,1085.35,1085.35,0.0
202606231230,1085.35,1085.35,1085.35,1085.35,0.0
202606231231,1087.08,1086.08,1087.08,1086.08,5.0
202606231232,1086.08,1086.08,1086.08,1086.08,0.0
202606231233,1086.08,1086.08,1086.08,1086.08,0.0
202606231234,1086.08,1086.08,1086.08,1086.08,0.0
202606231235,1086.08,1086.08,1086.08,1086.08,0.0
202606231236,1086.08,1086.08,1086.08,1086.08,0.0
202606231237,1086.0,1086.0,1086.0,1086.0,2.0
202606231238,1086.0,1086.0,1086.0,1086.0,0.0
202606231239,1086.0,1086.0,1086.0,1086.0,0.0
202606231240,1086.0,1086.0,1086.0,1086.0,0.0
202606231241,1086.0,1086.0,1086.0,1086.0,0.0
202606231242,1086.0,1086.0,1086.0,1086.0,0.0
202606231243,1086.0,1086.0,1086.0,1086.0,0.0
202606231244,1086.0,1086.0,1086.0,1086.0,0.0
202606231245,1086.0,1086.0,1086.0,1086.0,0.0
202606231246,1086.0,1086.0,1086.0,1086.0,0.0
202606231247,1086.0,1086.0,1086.0,1086.0,0.0
202606231248,1086.0,1086.0,1086.0,1086.0,0.0
202606231249,1086.0,1086.0,1086.0,1086.0,0.0
202606231250,1086.0,1086.0,1086.0,1086.0,0.0
202606231251,1090.0,1090.0,1090.0,1090.0,2.0
202606231252,1086.65,1086.65,1086.65,1086.65,1.0
202606231253,1086.65,1086.65,1086.65,1086.65,0.0
202606231254,1086.65,1086.65,1086.65,1086.65,0.0
202606231255,1086.65,1086.65,1086.65,1086.65,0.0
202606231256,1086.65,1086.65,1086.65,1086.65,0.0
202606231257,1086.65,1086.65,1086.65,1086.65,0.0
202606231258,1086.65,1086.65,1086.65,1086.65,0.0
202606231259,1087.0,1087.0,1087.0,1087.0,1.0
202606231300,1087.0,1087.0,1087.0,1087.0,0.0
202606231301,1087.0,1087.0,1087.0,1087.0,0.0
202606231302,1087.0,1087.0,1087.0,1087.0,0.0
202606231303,1087.47,1087.47,1087.47,1087.47,1.0
202606231304,1087.47,1087.47,1087.47,1087.47,0.0
202606231305,1086.11,1086.11,1086.11,1086.11,2.0
202606231306,1086.11,1086.11,1086.11,1086.11,0.0
202606231307,1086.11,1086.11,1086.11,1086.11,0.0
202606231308,1086.11,1086.11,1086.11,1086.11,0.0
202606231309,1085.35,1085.0,1085.35,1085.0,5.0
202606231310,1084.55,1084.11,1084.55,1084.11,4.0
202606231311,1084.11,1084.11,1084.11,1084.11,0.0
202606231312,1084.11,1084.11,1084.11,1084.11,0.0
202606231313,1084.11,1084.11,1084.11,1084.11,0.0
202606231314,1085.13,1085.13,1085.13,1085.13,2.0
202606231315,1085.13,1085.13,1085.13,1085.13,0.0
202606231316,1085.13,1085.13,1085.13,1085.13,0.0
202606231317,1084.88,1084.0,1084.88,1084.0,2.0
202606231318,1082.54,1082.0,1082.54,1082.0,2.0
202606231319,1086.4,1082.62,1086.41,1082.62,7.0
202606231320,1082.0,1082.0,1082.0,1082.0,2.0
202606231321,1082.0,1082.0,1082.0,1082.0,0.0
202606231322,1082.0,1082.0,1082.0,1082.0,0.0
202606231323,1082.0,1082.0,1082.0,1082.0,0.0
202606231324,1083.01,1083.01,1083.01,1083.01,1.0
202606231325,1083.01,1083.01,1083.01,1083.01,0.0
202606231326,1082.97,1082.97,1082.97,1082.97,2.0
202606231327,1080.0,1080.0,1080.22,1080.0,11.0
202606231328,1082.83,1082.83,1082.83,1082.83,3.0
202606231329,1078.44,1077.07,1078.44,1077.07,2.0
202606231330,1077.34,1072.52,1079.37,1071.35,1037.0
202606231331,1073.49,1070.28,1074.28,1070.27,116.0
202606231332,1069.33,1071.26,1072.0,1069.0,242.0
202606231333,1070.58,1073.63,1074.84,1070.36,217.0
202606231334,1073.64,1082.02,1084.29,1073.64,133.0
202606231335,1082.01,1077.0,1082.01,1075.0,97.0
202606231336,1077.22,1082.46,1083.72,1077.22,142.0
202606231337,1082.27,1081.01,1083.11,1079.98,43.0
202606231338,1080.92,1084.61,1085.44,1079.8,181.0
202606231339,1084.61,1083.83,1086.03,1083.58,141.0
202606231340,1084.06,1086.5,1087.67,1082.54,193.0
202606231341,1086.36,1087.97,1088.52,1086.35,240.0
202606231342,1087.59,1089.28,1089.79,1087.52,89.0
202606231343,1088.64,1087.63,1089.58,1087.62,85.0
202606231344,1088.21,1089.17,1089.24,1088.21,77.0
202606231345,1089.16,1090.76,1092.1,1089.16,101.0
202606231346,1090.33,1089.52,1091.13,1089.34,129.0
202606231347,1089.34,1089.87,1091.55,1089.34,57.0
202606231348,1090.33,1091.55,1092.32,1089.15,106.0
202606231349,1092.8,1092.99,1093.66,1091.6,65.0
202606231350,1092.99,1094.06,1094.55,1092.99,31.0
202606231351,1094.16,1094.4,1095.72,1094.0,46.0
202606231352,1094.86,1094.83,1094.86,1093.63,57.0
202606231353,1094.84,1093.66,1096.0,1092.63,96.0
202606231354,1093.33,1090.35,1093.49,1090.0,73.0
202606231355,1091.16,1088.68,1091.16,1088.0,38.0
202606231356,1088.0,1085.93,1089.18,1085.93,39.0
202606231357,1085.8,1087.54,1088.99,1085.8,52.0
202606231358,1086.71,1086.51,1088.0,1086.18,23.0
202606231359,1087.29,1087.71,1088.43,1085.8,140.0
202606231400,1087.71,1090.0,1090.5,1087.5,118.0
202606231401,1090.73,1092.39,1093.21,1090.72,72.0
202606231402,1092.52,1092.72,1094.33,1092.0,79.0
202606231403,1092.61,1091.76,1092.71,1091.76,14.0
202606231404,1092.16,1092.59,1093.07,1091.17,58.0
202606231405,1092.51,1090.53,1092.51,1090.52,10.0
202606231406,1090.52,1090.9,1091.66,1090.2,150.0
202606231407,1090.89,1090.14,1091.21,1090.0,33.0
202606231408,1089.17,1092.29,1092.55,1088.28,120.0
202606231409,1092.29,1092.91,1094.92,1092.29,29.0
202606231410,1093.5,1092.02,1094.45,1090.91,90.0
202606231411,1092.06,1092.83,1092.97,1092.05,35.0
202606231412,1092.0,1094.17,1094.18,1092.0,21.0
202606231413,1093.75,1094.13,1094.48,1093.5,19.0
202606231414,1094.13,1095.72,1096.0,1093.77,95.0
202606231415,1095.54,1094.56,1095.94,1094.42,82.0
202606231416,1094.38,1098.85,1100.0,1094.25,329.0
202606231417,1098.85,1099.01,1099.73,1097.93,121.0
202606231418,1098.88,1099.7,1099.7,1098.42,78.0
202606231419,1099.18,1099.4,1100.72,1098.63,70.0
202606231420,1100.14,1100.27,1101.3,1099.9,27.0
202606231421,1099.85,1099.61,1100.53,1099.4,39.0
202606231422,1099.85,1098.64,1099.85,1098.58,5.0
202606231423,1098.0,1098.8,1099.39,1098.0,24.0
202606231424,1098.0,1097.79,1098.37,1097.37,32.0
202606231425,1097.54,1096.54,1097.54,1096.38,30.0
202606231426,1096.43,1096.61,1097.15,1073.85,648.0
202606231427,1096.83,1095.67,1097.62,1094.69,104.0
202606231428,1094.89,1095.27,1096.47,1094.52,80.0
202606231429,1096.46,1097.3,1097.3,1096.12,37.0
202606231430,1097.29,1096.79,1097.29,1096.51,17.0
202606231431,1097.06,1095.93,1097.37,1095.93,16.0
202606231432,1096.09,1094.83,1096.17,1094.83,154.0
202606231433,1095.74,1095.58,1096.14,1094.46,106.0
202606231434,1095.77,1096.44,1097.34,1095.43,131.0
202606231435,1096.42,1096.77,1097.06,1095.52,47.0
202606231436,1097.27,1099.04,1099.04,1097.27,16.0
202606231437,1099.36,1099.34,1099.95,1097.76,123.0
202606231438,1099.25,1098.13,1099.25,1097.81,16.0
202606231439,1098.1,1096.97,1098.23,1096.39,121.0
202606231440,1096.97,1096.25,1096.97,1095.12,88.0
202606231441,1095.13,1095.26,1096.07,1094.21,66.0
202606231442,1095.21,1095.32,1096.81,1095.16,28.0
202606231443,1095.32,1096.12,1096.48,1095.22,24.0
202606231444,1096.13,1094.92,1096.13,1094.0,150.0
202606231445,1095.02,1095.63,1095.63,1094.36,92.0
202606231446,1094.84,1094.84,1095.68,1094.06,101.0
202606231447,1094.52,1094.77,1095.3,1094.51,14.0
202606231448,1095.53,1095.93,1096.56,1095.53,29.0
202606231449,1096.52,1096.95,1096.95,1096.03,6.0
202606231450,1097.13,1097.83,1097.86,1097.13,9.0
202606231451,1098.91,1100.0,1100.0,1098.91,10.0
202606231452,1099.56,1099.11,1099.56,1098.98,29.0
202606231453,1099.11,1098.1,1099.49,1097.26,36.0
202606231454,1098.12,1099.65,1100.01,1098.0,74.0
202606231455,1100.21,1100.24,1100.37,1099.4,22.0
202606231456,1100.47,1099.64,1100.48,1099.64,3.0
202606231457,1100.07,1101.42,1101.53,1100.07,14.0
202606231458,1101.13,1100.1,1101.13,1099.23,8.0
202606231459,1100.01,1100.26,1100.26,1099.91,12.0
202606231500,1100.45,1100.98,1102.0,1099.73,51.0
202606231501,1100.73,1100.3,1101.0,1100.1,51.0
202606231502,1100.08,1100.07,1100.48,1099.47,13.0
202606231503,1100.5,1100.68,1101.36,1100.5,81.0
202606231504,1101.02,1100.05,1101.02,1099.49,61.0
202606231505,1100.25,1100.35,1101.1,1100.25,47.0
202606231506,1100.46,1099.81,1100.46,1099.81,15.0
202606231507,1099.48,1099.39,1099.85,1099.39,9.0
202606231508,1099.39,1099.07,1100.08,1098.73,15.0
202606231509,1099.2,1099.21,1099.24,1099.2,4.0
202606231510,1099.5,1098.49,1099.88,1098.48,19.0
202606231511,1098.48,1097.8,1098.48,1097.8,8.0
202606231512,1097.64,1096.85,1097.74,1096.76,22.0
202606231513,1097.93,1097.22,1097.93,1096.7,9.0
202606231514,1097.15,1096.16,1097.54,1096.07,37.0
202606231515,1096.61,1096.61,1096.61,1096.37,16.0
202606231516,1096.56,1096.78,1097.04,1095.93,34.0
202606231517,1097.12,1096.48,1097.17,1096.48,3.0
202606231518,1096.04,1095.08,1096.28,1094.7,37.0
202606231519,1094.82,1096.23,1096.23,1094.82,50.0
202606231520,1096.2,1096.55,1097.05,1096.1,210.0
202606231521,1096.0,1096.49,1096.49,1095.64,6.0
202606231522,1095.85,1095.79,1095.86,1095.04,17.0
202606231523,1095.79,1095.94,1095.94,1095.79,15.0
202606231524,1095.04,1095.36,1095.58,1094.84,83.0
202606231525,1095.1,1094.96,1095.48,1094.68,42.0
202606231526,1094.97,1094.95,1095.37,1094.95,27.0
202606231527,1094.87,1095.31,1095.31,1094.33,26.0
202606231528,1095.38,1095.11,1095.38,1093.5,32.0
202606231529,1094.52,1094.64,1095.38,1094.51,13.0
202606231530,1095.19,1095.69,1095.69,1094.92,56.0
202606231531,1095.86,1095.43,1095.86,1095.13,24.0
202606231532,1095.48,1095.49,1095.59,1095.02,15.0
202606231533,1095.52,1095.89,1096.14,1095.52,49.0
202606231534,1095.97,1095.15,1096.35,1095.15,8.0
202606231535,1095.65,1096.37,1096.96,1095.54,38.0
202606231536,1096.49,1095.97,1096.75,1095.97,6.0
202606231537,1096.14,1094.67,1096.15,1094.67,26.0
202606231538,1095.03,1094.28,1095.03,1094.0,32.0
202606231539,1094.41,1093.86,1094.42,1093.86,8.0
202606231540,1094.02,1093.84,1094.68,1093.27,103.0
202606231541,1093.84,1094.36,1094.42,1093.83,35.0
202606231542,1094.36,1094.85,1094.85,1094.06,16.0
202606231543,1094.7,1094.47,1094.7,1094.46,3.0
202606231544,1094.7,1094.02,1094.94,1094.01,6.0
202606231545,1094.21,1094.47,1094.52,1093.67,41.0
202606231546,1094.3,1094.13,1094.3,1094.01,4.0
202606231547,1094.12,1093.71,1094.12,1093.71,2.0
202606231548,1094.11,1093.98,1094.71,1093.98,21.0
202606231549,1093.87,1092.67,1093.88,1092.67,25.0
202606231550,1093.28,1093.79,1093.79,1092.79,16.0
202606231551,1093.47,1094.61,1094.61,1093.47,8.0
202606231552,1094.62,1095.29,1095.29,1094.06,36.0
202606231553,1095.31,1095.53,1096.07,1095.31,6.0
202606231554,1096.0,1095.42,1096.08,1094.8,10.0
202606231555,1095.22,1095.09,1095.22,1094.78,24.0
202606231556,1095.11,1096.0,1096.1,1095.11,14.0
202606231557,1096.22,1096.05,1096.3,1095.08,20.0
202606231558,1096.06,1095.66,1096.06,1095.66,3.0
202606231559,1095.73,1095.69,1095.73,1095.02,12.0
202606231600,1096.0,1096.46,1096.46,1095.99,19.0
202606231601,1096.21,1096.72,1097.25,1096.2,28.0
202606231602,1097.14,1097.34,1097.34,1097.14,2.0
202606231603,1097.34,1096.81,1097.35,1096.72,88.0
202606231604,1097.19,1096.97,1097.33,1096.74,48.0
202606231605,1096.97,1096.59,1097.4,1096.59,23.0
202606231606,1096.3,1097.01,1097.3,1096.3,23.0
202606231607,1096.81,1096.44,1096.81,1096.43,15.0
202606231608,1096.43,1097.77,1097.77,1096.43,35.0
202606231609,1098.23,1098.77,1098.77,1098.14,6.0
202606231610,1098.93,1099.23,1099.46,1098.93,12.0
202606231611,1099.23,1099.76,1099.91,1099.23,14.0
202606231612,1100.17,1100.04,1100.38,1099.95,38.0
202606231613,1100.06,1100.06,1100.28,1100.05,30.0
202606231614,1100.0,1099.71,1100.1,1099.71,17.0
202606231615,1099.76,1099.02,1099.76,1099.02,15.0
202606231616,1099.01,1099.46,1099.46,1099.01,11.0
202606231617,1099.97,1099.97,1099.97,1099.97,1.0
202606231618,1099.24,1099.52,1099.52,1099.12,17.0
202606231619,1098.77,1098.67,1098.88,1098.07,7.0
202606231620,1098.08,1098.08,1098.08,1098.08,1.0
202606231621,1097.82,1097.99,1097.99,1097.81,2.0
202606231622,1098.64,1098.83,1098.83,1098.47,12.0
202606231623,1099.19,1099.2,1099.2,1099.19,11.0
202606231624,1099.4,1099.21,1099.72,1099.21,13.0
202606231625,1100.15,1100.62,1100.62,1100.12,18.0
202606231626,1100.29,1100.23,1100.54,1100.02,15.0
202606231627,1100.13,1100.71,1100.71,1099.74,15.0
202606231628,1100.82,1100.53,1100.82,1100.26,5.0
202606231629,1100.57,1100.77,1100.96,1100.57,6.0
202606231630,1100.6,1100.18,1100.94,1100.18,9.0
202606231631,1100.37,1100.56,1100.56,1100.05,6.0
202606231632,1100.3,1100.21,1100.67,1100.02,13.0
202606231633,1100.13,1099.91,1100.67,1099.91,60.0
202606231634,1100.11,1100.66,1100.66,1100.11,6.0
202606231635,1100.0,1100.11,1100.59,1099.96,28.0
202606231636,1100.33,1100.67,1100.67,1100.2,8.0
202606231637,1100.68,1100.79,1100.79,1100.67,8.0
202606231638,1100.79,1100.79,1100.79,1100.79,0.0
202606231639,1100.57,1100.6,1101.05,1100.52,76.0
202606231640,1100.87,1100.74,1101.29,1100.59,14.0
202606231641,1100.93,1100.96,1101.0,1100.93,11.0
202606231642,1101.15,1101.03,1101.16,1101.02,2.0
202606231643,1101.38,1101.06,1101.5,1101.06,16.0
202606231644,1101.03,1102.1,1102.1,1101.0,96.0
202606231645,1102.57,1101.21,1102.57,1100.81,93.0
202606231646,1100.5,1101.01,1101.42,1100.5,207.0
202606231647,1100.51,1101.22,1101.25,1100.26,30.0
202606231648,1101.42,1101.42,1101.42,1101.42,1.0
202606231649,1101.73,1101.08,1102.01,1100.67,54.0
202606231650,1100.93,1100.71,1101.08,1100.02,21.0
202606231651,1100.02,1100.56,1100.59,1100.02,14.0
202606231652,1100.56,1100.61,1100.75,1100.39,10.0
202606231653,1100.04,1099.19,1100.4,1099.19,266.0
202606231654,1099.19,1099.32,1099.32,1099.19,2.0
202606231655,1099.33,1098.41,1099.6,1098.15,47.0
202606231656,1097.78,1097.22,1099.11,1097.22,12.0
202606231657,1097.65,1098.16,1098.3,1097.65,26.0
202606231658,1098.02,1098.99,1098.99,1098.01,10.0
202606231659,1098.85,1098.78,1098.99,1098.34,16.0
202606231700,1098.79,1098.87,1099.14,1098.78,8.0
202606231701,1099.01,1098.75,1099.01,1098.44,21.0
202606231702,1098.43,1099.05,1099.05,1098.38,46.0
202606231703,1098.85,1098.58,1098.99,1098.4,56.0
202606231704,1098.99,1098.43,1098.99,1098.31,28.0
202606231705,1098.76,1098.59,1098.99,1098.41,12.0
202606231706,1098.59,1098.9,1099.08,1098.58,14.0
202606231707,1099.09,1098.98,1099.09,1098.92,32.0
202606231708,1099.08,1099.3,1099.51,1099.08,16.0
202606231709,1099.6,1099.53,1099.6,1099.31,26.0
202606231710,1099.99,1099.96,1099.99,1099.43,7.0
202606231711,1099.96,1100.13,1100.6,1099.93,42.0
202606231712,1100.06,1099.75,1100.06,1099.72,7.0
202606231713,1100.0,1100.52,1100.72,1100.0,18.0
202606231714,1100.52,1100.75,1100.75,1100.51,5.0
202606231715,1100.63,1100.08,1100.69,1100.08,4.0
202606231716,1100.68,1100.45,1100.69,1100.06,22.0
202606231717,1100.22,1100.02,1100.47,1099.26,42.0
202606231718,1100.02,1100.94,1100.94,1100.01,19.0
202606231719,1100.91,1100.91,1100.91,1100.9,6.0
202606231720,1100.58,1100.41,1100.58,1100.38,6.0
202606231721,1100.51,1100.24,1100.95,1100.24,7.0
202606231722,1100.95,1101.28,1101.28,1100.59,87.0
202606231723,1100.94,1101.48,1101.48,1100.94,18.0
202606231724,1101.43,1101.27,1101.63,1101.27,20.0
202606231725,1101.27,1100.7,1101.34,1100.7,11.0
202606231726,1100.7,1100.7,1100.7,1100.7,0.0
202606231727,1100.56,1100.79,1100.79,1100.55,4.0
202606231728,1100.79,1101.1,1101.27,1100.42,31.0
202606231729,1101.11,1101.1,1101.11,1101.09,7.0
202606231730,1101.13,1100.67,1101.13,1100.67,9.0
202606231731,1101.02,1100.57,1101.03,1100.56,8.0
202606231732,1100.39,1100.76,1100.95,1100.38,19.0
202606231733,1101.27,1101.59,1101.83,1101.12,56.0
202606231734,1101.34,1102.0,1102.0,1101.34,28.0
202606231735,1101.8,1102.0,1102.35,1101.65,128.0
202606231736,1102.0,1101.77,1102.18,1101.6,144.0
202606231737,1101.79,1102.22,1102.22,1101.6,70.0
202606231738,1102.5,1102.69,1102.69,1102.01,38.0
202606231739,1102.68,1102.5,1102.78,1102.45,7.0
202606231740,1102.57,1102.57,1102.57,1102.57,1.0
202606231741,1102.25,1102.39,1102.39,1102.03,17.0
202606231742,1102.0,1102.5,1102.5,1101.88,5.0
202606231743,1102.06,1101.8,1102.06,1101.8,3.0
202606231744,1101.8,1101.83,1102.06,1101.8,4.0
202606231745,1102.04,1102.5,1102.5,1102.04,8.0
202606231746,1102.44,1102.46,1102.61,1102.12,18.0
202606231747,1102.13,1102.31,1102.47,1102.11,13.0
202606231748,1103.0,1102.44,1103.0,1102.44,21.0
202606231749,1103.0,1103.49,1103.49,1102.85,30.0
202606231750,1103.53,1103.14,1103.55,1103.13,11.0
202606231751,1103.13,1103.1,1103.18,1103.0,16.0
202606231752,1102.7,1102.53,1103.19,1102.14,40.0
202606231753,1102.09,1101.84,1102.09,1101.74,8.0
202606231754,1101.74,1100.72,1101.74,1100.72,25.0
202606231755,1100.58,1100.85,1100.85,1099.7,49.0
202606231756,1101.12,1100.76,1101.33,1100.76,11.0
202606231757,1100.68,1100.68,1100.68,1100.68,2.0
202606231758,1100.74,1100.66,1101.1,1100.65,19.0
202606231759,1100.66,1100.17,1100.67,1100.0,15.0
202606231800,1100.34,1101.31,1101.37,1100.34,56.0
202606231801,1101.4,1102.17,1102.18,1101.4,51.0
202606231802,1102.38,1102.01,1102.47,1101.9,38.0
202606231803,1101.79,1101.79,1102.22,1101.79,4.0
202606231804,1102.22,1101.84,1102.22,1101.64,17.0
202606231805,1101.59,1101.59,1101.59,1101.59,2.0
202606231806,1102.02,1102.26,1102.27,1101.84,22.0
202606231807,1101.9,1100.72,1101.9,1100.7,38.0
202606231808,1100.98,1100.96,1101.07,1100.66,18.0
202606231809,1100.96,1100.31,1100.96,1100.31,14.0
202606231810,1100.74,1100.67,1101.08,1100.67,6.0
202606231811,1101.08,1101.03,1101.48,1100.79,25.0
202606231812,1101.48,1101.47,1101.48,1101.03,14.0
202606231813,1100.75,1101.48,1101.48,1100.74,6.0
202606231814,1101.33,1100.47,1101.33,1100.47,39.0
202606231815,1100.68,1100.59,1100.81,1100.48,34.0
202606231816,1100.59,1100.55,1100.88,1099.99,31.0
202606231817,1100.63,1100.75,1100.75,1100.6,3.0
202606231818,1100.93,1101.11,1101.11,1100.93,17.0
202606231819,1100.72,1100.56,1100.73,1099.9,22.0
202606231820,1100.44,1099.73,1100.45,1099.72,49.0
202606231821,1099.78,1100.03,1100.18,1099.74,60.0
202606231822,1100.39,1101.0,1101.0,1100.33,30.0
202606231823,1101.49,1100.82,1101.49,1100.82,8.0
202606231824,1101.21,1101.52,1101.52,1101.21,2.0
202606231825,1101.24,1101.41,1101.52,1100.73,39.0
202606231826,1101.43,1101.09,1101.43,1101.08,19.0
202606231827,1101.1,1100.84,1101.47,1100.81,65.0
202606231828,1100.83,1100.48,1100.83,1100.46,16.0
202606231829,1100.62,1101.41,1101.99,1100.61,73.0
202606231830,1101.42,1100.8,1101.42,1100.8,21.0
202606231831,1100.99,1101.46,1101.46,1100.8,10.0
202606231832,1101.59,1100.89,1101.64,1100.89,19.0
202606231833,1100.82,1101.12,1101.12,1100.76,22.0
202606231834,1100.91,1100.32,1100.91,1100.32,24.0
202606231835,1100.12,1100.31,1100.55,1100.12,9.0
202606231836,1100.3,1100.24,1100.31,1100.22,12.0
202606231837,1100.46,1100.57,1100.57,1100.4,15.0
202606231838,1100.57,1101.3,1101.3,1100.57,46.0
202606231839,1100.87,1100.75,1100.87,1100.69,14.0
202606231840,1100.47,1100.63,1100.63,1100.24,39.0
202606231841,1100.35,1100.73,1100.81,1100.12,415.0
202606231842,1100.68,1100.21,1101.02,1099.94,38.0
202606231843,1100.42,1099.72,1100.48,1099.72,25.0
202606231844,1099.74,1099.91,1099.91,1099.56,12.0
202606231845,1100.08,1099.58,1100.09,1099.57,50.0
202606231846,1099.8,1098.29,1099.81,1097.71,99.0
202606231847,1098.28,1098.04,1098.28,1097.6,161.0
202606231848,1097.71,1098.41,1098.6,1097.71,28.0
202606231849,1098.52,1098.47,1098.58,1098.24,16.0
202606231850,1098.7,1098.64,1098.88,1098.57,33.0
202606231851,1098.53,1098.58,1098.61,1098.28,21.0
202606231852,1098.83,1098.06,1099.0,1098.06,30.0
202606231853,1098.34,1097.25,1098.34,1097.24,19.0
202606231854,1097.24,1097.58,1097.58,1097.23,38.0
202606231855,1097.23,1097.62,1097.77,1097.07,106.0
202606231856,1097.77,1097.97,1098.06,1097.77,18.0
202606231857,1097.78,1098.17,1098.17,1097.66,17.0
202606231858,1098.21,1098.39,1098.39,1098.03,12.0
202606231859,1098.35,1098.41,1098.61,1098.06,35.0
202606231900,1098.41,1098.41,1098.41,1098.08,7.0
202606231901,1098.09,1098.82,1099.12,1098.08,38.0
202606231902,1098.82,1098.58,1098.82,1098.46,9.0
202606231903,1098.58,1099.22,1099.45,1098.57,37.0
202606231904,1098.63,1099.38,1099.38,1098.63,42.0
202606231905,1099.82,1099.21,1100.05,1099.17,80.0
202606231906,1099.87,1098.94,1099.98,1098.89,39.0
202606231907,1099.19,1098.32,1099.19,1098.31,4.0
202606231908,1097.73,1096.73,1097.73,1096.73,9.0
202606231909,1097.22,1097.23,1097.59,1096.84,41.0
202606231910,1097.12,1097.1,1097.57,1096.73,45.0
202606231911,1097.1,1097.65,1097.79,1097.09,39.0
202606231912,1097.75,1097.91,1097.99,1097.7,7.0
202606231913,1097.87,1097.16,1098.03,1097.16,39.0
202606231914,1097.67,1097.89,1098.17,1097.46,95.0
202606231915,1097.89,1097.48,1098.01,1097.11,52.0
202606231916,1097.81,1097.34,1097.81,1097.34,34.0
202606231917,1097.39,1096.85,1097.42,1096.32,24.0
202606231918,1096.3,1095.55,1096.86,1095.55,184.0
202606231919,1095.61,1095.7,1095.91,1095.01,83.0
202606231920,1095.61,1095.32,1096.13,1095.19,47.0
202606231921,1095.0,1095.99,1095.99,1094.45,97.0
202606231922,1096.31,1095.72,1096.4,1095.66,31.0
202606231923,1095.88,1097.16,1097.69,1095.88,35.0
202606231924,1097.04,1098.0,1098.0,1097.02,19.0
202606231925,1097.08,1096.66,1097.08,1096.45,16.0
202606231926,1096.99,1096.61,1097.61,1096.6,37.0
202606231927,1096.62,1097.11,1097.11,1096.61,7.0
202606231928,1097.04,1096.67,1097.3,1096.63,61.0
202606231929,1096.56,1096.75,1097.3,1096.56,87.0
202606231930,1096.94,1097.08,1097.53,1096.74,51.0
202606231931,1096.74,1096.4,1096.84,1096.32,71.0
202606231932,1096.11,1096.79,1096.79,1095.87,26.0
202606231933,1097.01,1096.23,1097.01,1096.19,31.0
202606231934,1096.52,1096.5,1096.88,1096.29,27.0
202606231935,1096.51,1096.85,1097.07,1096.5,55.0
202606231936,1096.63,1096.89,1097.34,1096.6,32.0
202606231937,1096.73,1096.73,1097.0,1096.72,22.0
202606231938,1096.5,1095.45,1096.69,1095.38,48.0
202606231939,1095.2,1095.33,1095.86,1095.11,72.0
202606231940,1095.22,1095.77,1095.84,1095.04,53.0
202606231941,1095.38,1095.37,1095.8,1095.26,35.0
202606231942,1095.42,1094.5,1095.43,1094.47,35.0
202606231943,1094.64,1094.61,1094.83,1094.3,60.0
202606231944,1094.4,1094.21,1094.65,1094.12,58.0
202606231945,1094.11,1095.03,1095.31,1094.11,121.0
202606231946,1094.88,1095.47,1096.36,1094.88,107.0
202606231947,1094.71,1095.02,1095.28,1094.21,208.0
202606231948,1095.09,1094.74,1095.19,1094.6,29.0
202606231949,1094.63,1095.56,1095.61,1094.33,75.0
202606231950,1095.66,1097.2,1097.39,1095.66,127.0
202606231951,1097.39,1098.4,1098.84,1097.14,182.0
202606231952,1098.36,1097.89,1098.61,1097.69,102.0
202606231953,1098.08,1099.49,1099.69,1097.85,75.0
202606231954,1099.5,1100.2,1100.61,1099.06,130.0
202606231955,1099.66,1097.99,1100.92,1096.78,599.0
202606231956,1097.84,1096.35,1098.0,1096.35,112.0
202606231957,1096.71,1096.15,1096.87,1095.69,187.0
202606231958,1096.31,1096.11,1096.98,1095.94,694.0
202606231959,1096.07,1094.04,1096.31,1094.03,695.0
202606232000,1094.44,1094.44,1094.44,1094.44,10587.0
202606232001,1094.44,1094.44,1094.44,1094.44,0.0
202606232002,1094.44,1094.44,1094.44,1094.44,0.0
202606232003,1094.44,1094.44,1094.44,1094.44,0.0
202606232004,1094.44,1094.44,1094.44,1094.44,0.0
202606232005,1094.44,1094.44,1094.44,1094.44,0.0
202606232006,1094.44,1094.44,1094.44,1094.44,0.0
202606232007,1094.44,1094.44,1094.44,1094.44,0.0
202606232008,1094.44,1094.44,1094.44,1094.44,0.0
202606232009,1094.44,1094.44,1094.44,1094.44,0.0
202606232010,1094.44,1094.44,1094.44,1094.44,0.0
202606232011,1094.44,1094.44,1094.44,1094.44,0.0
202606232012,1094.44,1094.44,1094.44,1094.44,0.0
202606232013,1094.44,1094.44,1094.44,1094.44,0.0
202606232014,1094.44,1094.44,1094.44,1094.44,0.0
202606232015,1094.44,1094.44,1094.44,1094.44,0.0
202606232016,1094.44,1094.44,1094.44,1094.44,0.0
202606232017,1094.44,1094.44,1094.44,1094.44,0.0
202606232018,1094.44,1094.44,1094.44,1094.44,0.0
202606232019,1094.44,1094.44,1094.44,1094.44,0.0
202606232020,1094.44,1094.44,1094.44,1094.44,0.0
202606232021,1094.44,1094.44,1094.44,1094.44,0.0
202606232022,1094.44,1094.44,1094.44,1094.44,0.0
202606232023,1094.44,1094.44,1094.44,1094.44,0.0
202606232024,1094.44,1094.44,1094.44,1094.44,0.0
202606232025,1094.44,1094.44,1094.44,1094.44,0.0
202606232026,1094.44,1094.44,1094.44,1094.44,0.0
202606232027,1094.44,1094.44,1094.44,1094.44,0.0
202606232028,1094.44,1094.44,1094.44,1094.44,0.0
202606232029,1094.44,1094.44,1094.44,1094.44,0.0
202606232030,1094.44,1094.44,1094.44,1094.44,0.0
202606232031,1094.44,1094.44,1094.44,1094.44,0.0
202606232032,1094.44,1094.44,1094.44,1094.44,0.0
202606232033,1091.99,1091.99,1091.99,1091.98,1.0
202606232034,1091.99,1091.99,1091.99,1091.99,0.0
202606232035,1091.99,1091.99,1091.99,1091.99,0.0
202606232036,1091.99,1091.99,1091.99,1091.99,0.0
202606232037,1091.99,1091.99,1091.99,1091.99,0.0
202606232038,1091.99,1091.99,1091.99,1091.99,0.0
202606232039,1091.99,1091.99,1091.99,1091.99,0.0
202606232040,1091.99,1091.99,1091.99,1091.99,0.0
202606232041,1091.99,1091.99,1091.99,1091.99,0.0
202606232042,1091.99,1091.99,1091.99,1091.99,0.0
202606232043,1091.99,1091.99,1091.99,1091.99,0.0
202606232044,1091.99,1091.99,1091.99,1091.99,0.0
202606232045,1091.99,1091.99,1091.99,1091.99,0.0
202606232046,1091.99,1091.99,1091.99,1091.99,0.0
202606232047,1091.99,1091.99,1091.99,1091.99,0.0
202606232048,1093.72,1093.0,1093.72,1093.0,5.0
202606232049,1093.0,1093.0,1093.0,1093.0,0.0
202606232050,1093.0,1093.0,1093.0,1093.0,0.0
202606232051,1093.0,1093.0,1093.0,1093.0,0.0
202606232052,1093.0,1093.0,1093.0,1093.0,0.0
202606232053,1093.0,1093.0,1093.0,1093.0,0.0
202606232054,1093.0,1093.0,1093.0,1093.0,0.0
202606232055,1093.0,1093.0,1093.0,1093.0,0.0
202606232056,1093.0,1093.0,1093.0,1093.0,0.0
202606232057,1093.0,1093.0,1093.0,1093.0,0.0
202606232058,1093.0,1093.0,1093.0,1093.0,0.0
202606232059,1094.55,1094.55,1094.55,1094.55,4.0
202606232100,1094.55,1094.55,1094.55,1094.55,0.0
202606232101,1094.55,1094.55,1094.55,1094.55,0.0
202606232102,1094.55,1094.55,1094.55,1094.55,0.0
202606232103,1094.55,1094.55,1094.55,1094.55,0.0
202606232104,1094.55,1094.55,1094.55,1094.55,0.0
202606232105,1094.55,1094.55,1094.55,1094.55,0.0
202606232106,1094.55,1094.55,1094.55,1094.55,0.0
202606232107,1094.55,1094.55,1094.55,1094.55,0.0
202606232108,1094.55,1094.55,1094.55,1094.55,0.0
202606232109,1094.55,1094.55,1094.55,1094.55,0.0
202606232110,1094.55,1094.55,1094.55,1094.55,0.0
202606232111,1094.55,1094.55,1094.55,1094.55,0.0
202606232112,1094.55,1094.55,1094.55,1094.55,0.0
202606232113,1094.55,1094.55,1094.55,1094.55,0.0
202606232114,1094.55,1094.55,1094.55,1094.55,0.0
202606232115,1094.55,1094.55,1094.55,1094.55,0.0
202606232116,1094.55,1094.55,1094.55,1094.55,0.0
202606232117,1094.55,1094.55,1094.55,1094.55,0.0
202606232118,1094.55,1094.55,1094.55,1094.55,0.0
202606232119,1094.55,1094.55,1094.55,1094.55,0.0
202606232120,1094.55,1094.55,1094.55,1094.55,0.0
202606232121,1094.55,1094.55,1094.55,1094.55,0.0
202606232122,1094.55,1094.55,1094.55,1094.55,0.0
202606232123,1094.55,1094.55,1094.55,1094.55,0.0
202606232124,1094.55,1094.55,1094.55,1094.55,0.0
202606232125,1095.18,1095.18,1095.18,1095.17,1.0
202606232126,1095.18,1095.18,1095.18,1095.18,0.0
202606232127,1095.18,1095.18,1095.18,1095.18,0.0
202606232128,1095.18,1095.18,1095.18,1095.18,0.0
202606232129,1095.18,1095.18,1095.18,1095.18,0.0
202606232130,1095.18,1095.18,1095.18,1095.18,0.0
202606232131,1095.18,1095.18,1095.18,1095.18,0.0
202606232132,1095.18,1095.18,1095.18,1095.18,0.0
202606232133,1095.18,1095.18,1095.18,1095.18,0.0
202606232134,1095.18,1095.18,1095.18,1095.18,0.0
202606232135,1095.18,1095.18,1095.18,1095.18,0.0
202606232136,1095.18,1095.18,1095.18,1095.18,0.0
202606232137,1095.18,1095.18,1095.18,1095.18,0.0
202606232138,1095.18,1095.18,1095.18,1095.18,0.0
202606232139,1095.18,1095.18,1095.18,1095.18,0.0
202606232140,1095.18,1095.18,1095.18,1095.18,0.0
202606232141,1095.18,1095.18,1095.18,1095.18,0.0
202606232142,1095.18,1095.18,1095.18,1095.18,0.0
202606232143,1095.18,1095.18,1095.18,1095.18,0.0
202606232144,1095.18,1095.18,1095.18,1095.18,0.0
202606232145,1095.18,1095.18,1095.18,1095.18,0.0
202606232146,1095.18,1095.18,1095.18,1095.18,0.0
202606232147,1095.18,1095.18,1095.18,1095.18,0.0
202606232148,1095.18,1095.18,1095.18,1095.18,0.0
202606232149,1094.9,1094.9,1094.9,1094.9,2.0
202606232150,1094.62,1094.51,1094.62,1094.51,2.0
202606232151,1094.8,1094.8,1094.8,1094.8,1.0
202606232152,1094.8,1094.8,1094.8,1094.8,0.0
202606232153,1094.5,1094.5,1094.5,1094.5,2.0
202606232154,1092.04,1090.6,1092.04,1090.6,3.0
202606232155,1090.6,1090.6,1090.6,1090.6,2.0
202606232156,1091.5,1091.5,1091.5,1091.5,1.0
202606232157,1091.5,1091.5,1091.5,1091.5,0.0
202606232158,1091.5,1091.5,1091.5,1091.5,0.0
202606232159,1091.0,1091.0,1091.0,1091.0,1.0
202606232200,1091.0,1091.0,1091.0,1091.0,0.0
202606232201,1091.0,1091.0,1091.0,1091.0,0.0
202606232202,1091.0,1091.0,1091.0,1091.0,0.0
202606232203,1091.0,1091.0,1091.0,1091.0,0.0
202606232204,1091.0,1091.0,1091.0,1091.0,0.0
202606232205,1089.0,1089.0,1089.0,1089.0,1.0
202606232206,1089.0,1089.0,1089.0,1089.0,0.0
202606232207,1089.0,1089.0,1089.0,1089.0,0.0
202606232208,1089.0,1089.0,1089.0,1089.0,0.0
202606232209,1089.0,1089.0,1089.0,1089.0,0.0
202606232210,1089.0,1089.0,1089.0,1089.0,0.0
202606232211,1089.0,1089.0,1089.0,1089.0,0.0
202606232212,1089.0,1089.0,1089.0,1089.0,0.0
202606232213,1089.0,1089.0,1089.0,1089.0,0.0
202606232214,1089.0,1089.0,1089.0,1089.0,0.0
202606232215,1089.0,1089.0,1089.0,1089.0,0.0
202606232216,1089.0,1089.0,1089.0,1089.0,0.0
202606232217,1090.0,1093.0,1093.0,1090.0,8.0
202606232218,1093.0,1093.0,1093.0,1093.0,0.0
202606232219,1093.0,1093.0,1093.0,1093.0,0.0
202606232220,1093.0,1093.0,1093.0,1093.0,0.0
202606232221,1093.0,1093.0,1093.0,1093.0,0.0
202606232222,1093.0,1093.0,1093.0,1093.0,0.0
202606232223,1091.98,1094.0,1094.0,1091.98,8.0
202606232224,1094.0,1094.0,1094.0,1094.0,0.0
202606232225,1094.0,1094.0,1094.0,1094.0,0.0
202606232226,1094.0,1094.0,1094.0,1094.0,0.0
202606232227,1094.0,1094.0,1094.0,1094.0,0.0
202606232228,1094.0,1094.0,1094.0,1094.0,0.0
202606232229,1094.0,1094.0,1094.0,1094.0,0.0
202606232230,1094.0,1094.0,1094.0,1094.0,0.0
202606232231,1094.0,1094.0,1094.0,1094.0,0.0
202606232232,1094.0,1094.0,1094.0,1094.0,0.0
202606232233,1094.0,1094.0,1094.0,1094.0,0.0
202606232234,1094.0,1094.0,1094.0,1094.0,0.0
202606232235,1094.0,1094.0,1094.0,1094.0,0.0
202606232236,1094.0,1094.0,1094.0,1094.0,0.0
202606232237,1094.0,1094.0,1094.0,1094.0,0.0
202606232238,1094.0,1094.0,1094.0,1094.0,0.0
202606232239,1094.0,1094.0,1094.0,1094.0,0.0
202606232240,1094.0,1094.0,1094.0,1094.0,0.0
202606232241,1094.0,1094.0,1094.0,1094.0,0.0
202606232242,1094.0,1094.0,1094.0,1094.0,0.0
202606232243,1094.0,1094.0,1094.0,1094.0,0.0
202606232244,1094.0,1094.0,1094.0,1094.0,0.0
202606232245,1094.0,1094.0,1094.0,1094.0,0.0
202606232246,1094.0,1094.0,1094.0,1094.0,0.0
202606232247,1094.0,1094.0,1094.0,1094.0,0.0
202606232248,1094.0,1094.0,1094.0,1094.0,0.0
202606232249,1087.92,1087.92,1087.92,1087.91,1.0
202606232250,1087.92,1087.92,1087.92,1087.92,0.0
202606232251,1087.92,1087.92,1087.92,1087.92,0.0
202606232252,1087.92,1087.92,1087.92,1087.92,0.0
202606232253,1087.92,1087.92,1087.92,1087.92,0.0
202606232254,1087.92,1087.92,1087.92,1087.92,0.0
202606232255,1087.92,1087.92,1087.92,1087.92,0.0
202606232256,1087.92,1087.92,1087.92,1087.92,0.0
202606232257,1087.92,1087.92,1087.92,1087.92,0.0
202606232258,1087.92,1087.92,1087.92,1087.92,0.0
202606232259,1087.92,1087.92,1087.92,1087.92,0.0
202606232300,1087.92,1087.92,1087.92,1087.92,0.0
202606232301,1087.92,1087.92,1087.92,1087.92,0.0
202606232302,1089.29,1087.01,1089.29,1087.01,3.0
202606232303,1089.29,1089.29,1089.29,1089.29,2.0
202606232304,1089.29,1089.29,1089.29,1089.29,0.0
202606232305,1089.29,1089.29,1089.29,1089.29,0.0
202606232306,1089.29,1089.29,1089.29,1089.29,0.0
202606232307,1089.29,1089.29,1089.29,1089.29,0.0
202606232308,1089.29,1089.29,1089.29,1089.29,0.0
202606232309,1089.29,1089.29,1089.29,1089.29,0.0
202606232310,1089.29,1089.29,1089.29,1089.29,0.0
202606232311,1089.29,1089.29,1089.29,1089.29,0.0
202606232312,1089.29,1089.29,1089.29,1089.29,0.0
202606232313,1089.29,1089.29,1089.29,1089.29,0.0
202606232314,1089.29,1089.29,1089.29,1089.29,0.0
202606232315,1089.29,1089.29,1089.29,1089.29,0.0
202606232316,1089.29,1089.29,1089.29,1089.29,0.0
202606232317,1089.29,1089.29,1089.29,1089.29,0.0
202606232318,1090.11,1090.11,1090.11,1090.11,1.0
202606232319,1090.11,1090.11,1090.11,1090.11,1.0
202606232320,1090.11,1090.11,1090.11,1090.11,0.0
202606232321,1090.11,1090.11,1090.11,1090.11,0.0
202606232322,1090.11,1090.11,1090.11,1090.11,0.0
202606232323,1090.11,1090.11,1090.11,1090.11,0.0
202606232324,1090.11,1090.11,1090.11,1090.11,0.0
202606232325,1090.11,1090.11,1090.11,1090.11,0.0
202606232326,1090.11,1090.11,1090.11,1090.11,0.0
202606232327,1090.11,1090.11,1090.11,1090.11,0.0
202606232328,1090.11,1090.11,1090.11,1090.11,0.0
202606232329,1090.11,1090.11,1090.11,1090.11,0.0
202606232330,1090.11,1090.11,1090.11,1090.11,0.0
202606232331,1090.11,1090.11,1090.11,1090.11,0.0
202606232332,1090.11,1090.11,1090.11,1090.11,0.0
202606232333,1090.11,1090.11,1090.11,1090.11,0.0
202606232334,1090.11,1090.11,1090.11,1090.11,0.0
202606232335,1090.11,1090.11,1090.11,1090.11,0.0
202606232336,1090.11,1090.11,1090.11,1090.11,0.0
202606232337,1090.11,1090.11,1090.11,1090.11,0.0
202606232338,1090.11,1090.11,1090.11,1090.11,0.0
202606232339,1090.11,1090.11,1090.11,1090.11,0.0
202606232340,1090.11,1090.11,1090.11,1090.11,0.0
202606232341,1090.11,1090.11,1090.11,1090.11,0.0
202606232342,1090.11,1090.11,1090.11,1090.11,0.0
202606232343,1090.11,1090.11,1090.11,1090.11,0.0
202606232344,1090.11,1090.11,1090.11,1090.11,0.0
202606232345,1090.11,1090.11,1090.11,1090.11,0.0
202606232346,1090.11,1090.11,1090.11,1090.11,0.0
202606232347,1090.11,1090.11,1090.11,1090.11,0.0
202606232348,1090.11,1090.11,1090.11,1090.11,0.0
202606232349,1090.11,1090.11,1090.11,1090.11,0.0
202606232350,1090.11,1090.11,1090.11,1090.11,0.0
202606232351,1090.11,1090.11,1090.11,1090.11,0.0
202606232352,1090.11,1090.11,1090.11,1090.11,0.0
202606232353,1090.11,1090.11,1090.11,1090.11,0.0
202606232354,1090.11,1090.11,1090.11,1090.11,0.0
202606232355,1090.11,1090.11,1090.11,1090.11,0.0
202606232356,1090.11,1090.11,1090.11,1090.11,0.0
202606232357,1090.11,1090.11,1090.11,1090.11,0.0
202606232358,1090.11,1090.11,1090.11,1090.11,0.0
202606232359,1090.11,1090.11,1090.11,1090.11,0.0
202606240800,1093.0,1090.14,1103.2385,1075.8011,0.0
202606240801,1090.01,1093.99,1095.06,1090.01,0.0
202606240803,1093.99,1094.31,1094.31,1093.99,0.0
202606240804,1094.37,1094.4,1095.1,1093.98,0.0
202606240805,1094.4,1094.39,1094.4,1094.39,0.0
202606240808,1094.0,1094.0,1097.99,1094.0,0.0
202606240812,1093.5,1093.5,1093.5,1093.5,0.0
202606240813,1088.99,1088.99,1088.99,1088.99,0.0
202606240814,1091.65,1091.65,1091.65,1091.65,0.0
202606240815,1091.7,1091.7,1091.7,1091.7,0.0
202606240816,1091.8,1091.7,1091.8,1091.7,0.0
202606240817,1091.75,1091.5,1091.75,1091.5,0.0
202606240818,1091.5,1091.5,1091.5,1091.5,0.0
202606240822,1090.0,1090.0,1090.0,1090.0,0.0
202606240824,1098.99,1098.99,1098.99,1098.99,0.0
202606240830,1089.8,1091.08,1091.08,1089.8,0.0
202606240833,1091.76,1091.76,1091.76,1091.76,0.0
202606240837,1091.76,1091.76,1091.76,1091.76,0.0
202606240838,1091.76,1091.76,1091.76,1091.76,0.0
202606240847,1090.4287,1090.4287,1090.4287,1090.4287,0.0
202606240857,1090.71,1090.18,1091.76,1090.18,0.0
202606240912,1090.42,1090.38,1090.42,1090.38,0.0
202606240916,1090.38,1090.38,1090.38,1090.38,0.0
202606240922,1092.0,1093.38,1093.38,1092.0,0.0
202606240926,1093.79,1090.0012,1093.79,1090.0012,0.0
202606240930,1090.0012,1090.0012,1090.0012,1090.0012,0.0
202606240934,1096.0,1096.0,1096.0,1096.0,0.0
202606240935,1093.74,1093.7,1093.74,1093.7,0.0
202606240943,1090.4287,1090.4287,1090.4287,1090.4287,0.0
202606240946,1091.0,1091.0,1091.0,1091.0,0.0
202606241003,1091.0,1091.0,1091.0,1091.0,0.0
202606241015,1092.0,1092.0,1092.0,1092.0,0.0
202606241017,1092.49,1095.0,1095.0,1092.49,0.0
202606241018,1095.0,1090.21,1095.0,1090.21,0.0
202606241023,1090.21,1090.21,1090.21,1090.21,0.0
202606241033,1090.21,1090.21,1090.21,1090.21,0.0
202606241038,1101.7,1101.7,1101.7,1101.7,0.0
202606241040,1092.19,1092.19,1092.19,1092.19,0.0
202606241041,1090.3,1090.3,1090.3,1090.3,0.0
202606241043,1092.19,1092.19,1092.19,1092.19,0.0
202606241046,1092.19,1092.19,1092.19,1092.19,0.0
202606241048,1090.0012,1090.0012,1090.0012,1090.0012,0.0
202606241049,1090.3,1090.3,1090.3,1090.3,0.0
202606241054,1092.19,1090.9535,1092.19,1090.9535,0.0
202606241055,1092.9,1092.92,1092.92,1092.9,0.0
202606241059,1093.6425,1093.6425,1093.6425,1093.6425,0.0
202606241100,1093.0,1094.0,1094.0,1093.0,0.0
202606241102,1094.0,1094.0,1094.0,1094.0,0.0
202606241103,1094.0,1094.0,1094.0,1094.0,0.0
202606241104,1093.5,1093.74,1093.74,1093.5,0.0
202606241105,1093.74,1093.74,1093.74,1093.74,0.0
202606241107,1094.0,1094.0,1094.0,1094.0,0.0
202606241108,1093.73,1094.5,1094.5,1093.73,0.0
202606241110,1094.5,1094.5,1094.5,1094.5,0.0
202606241111,1093.0,1093.0,1093.0,1093.0,0.0
202606241112,1092.0,1092.0,1092.0,1092.0,0.0
202606241113,1094.95,1095.0,1095.0,1094.95,0.0
202606241117,1098.0,1094.576,1098.0,1094.576,0.0
202606241118,1094.576,1094.576,1094.576,1094.576,0.0
202606241120,1095.88,1095.88,1095.88,1095.88,0.0
202606241121,1087.25,1080.0,1087.25,1080.0,0.0
202606241123,1093.74,1095.84,1095.84,1093.74,0.0
202606241125,1093.55,1093.55,1093.55,1093.55,0.0
202606241126,1093.85,1093.55,1093.85,1093.55,0.0
202606241128,1095.0,1095.0,1095.0,1095.0,0.0
202606241129,1090.5,1090.5,1090.5,1090.5,0.0
202606241130,1091.65,1091.38,1091.65,1091.38,0.0
202606241131,1095.0,1095.0,1095.0,1095.0,0.0
202606241132,1093.74,1093.02,1093.74,1093.02,0.0
202606241133,1093.14,1093.0,1093.14,1093.0,0.0
202606241134,1088.75,1088.75,1088.75,1088.75,0.0
202606241135,1093.9,1095.84,1095.84,1093.9,0.0
202606241136,1093.74,1094.44,1094.44,1093.74,0.0
202606241138,1093.0,1093.0,1093.0,1093.0,0.0
202606241139,1095.44,1095.44,1095.44,1095.44,0.0
202606241141,1094.44,1094.44,1094.44,1094.44,0.0
202606241145,1098.0,1098.0,1098.0,1098.0,0.0
202606241149,1095.44,1096.0,1096.0,1095.44,0.0
202606241155,1096.1,1096.0,1096.1,1096.0,0.0
202606241156,1096.12,1096.7975,1096.7975,1096.11,0.0
202606241157,1096.12,1096.21,1097.525,1096.12,0.0
202606241158,1096.21,1096.22,1096.22,1096.21,0.0
202606241200,1097.0,1096.34,1097.2,1096.34,0.0
202606241202,1097.05,1097.2,1097.21,1097.05,0.0
202606241203,1097.1,1096.59,1097.1,1096.59,0.0
202606241204,1096.9,1097.17,1097.17,1096.9,0.0
202606241205,1096.2987,1096.2987,1096.2987,1096.2987,0.0
202606241206,1096.3,1096.3,1096.3,1096.3,0.0
202606241207,1096.4,1097.2,1097.2,1096.22,0.0
202606241211,1095.9203,1095.9203,1095.9203,1095.9203,0.0
202606241213,1097.21,1097.21,1097.21,1097.21,0.0
202606241216,1097.21,1097.19,1097.21,1097.19,0.0
202606241217,1097.21,1097.21,1097.21,1097.21,0.0
202606241220,1097.21,1097.21,1097.21,1097.2,0.0
202606241222,1096.5078,1096.5078,1096.5078,1096.5078,0.0
202606241225,1096.18,1096.0,1096.18,1096.0,0.0
202606241226,1095.285,1095.0,1095.975,1094.0,0.0
202606241227,1094.0,1095.0,1095.0,1094.0,0.0
202606241228,1094.95,1094.6,1095.0,1094.6,0.0
202606241229,1095.0,1094.98,1095.0,1094.98,0.0
202606241231,1094.44,1094.44,1094.44,1094.44,0.0
202606241232,1094.76,1094.92,1094.92,1094.76,0.0
202606241234,1094.78,1094.9,1094.9,1094.78,0.0
202606241235,1093.75,1093.7,1093.75,1093.7,0.0
202606241236,1093.75,1093.75,1093.75,1093.75,0.0
202606241239,1093.9,1093.9,1093.9,1093.9,0.0
202606241240,1094.29,1093.0,1094.29,1093.0,0.0
202606241241,1093.0,1092.0,1093.0,1092.0,0.0
202606241242,1092.0,1092.0,1092.18,1092.0,0.0
202606241243,1092.0,1092.0,1092.0,1092.0,0.0
202606241244,1092.0,1092.0,1092.0,1092.0,0.0
202606241245,1092.87,1092.89,1092.89,1092.87,0.0
202606241248,1095.0,1095.0,1095.0,1095.0,0.0
202606241249,1094.44,1094.44,1094.44,1094.44,0.0
202606241250,1093.85,1093.85,1093.85,1093.85,0.0
202606241252,1094.3,1094.1,1095.0,1093.5,0.0
202606241254,1093.7,1093.7,1093.7,1093.7,0.0
202606241257,1094.3,1094.3,1094.3,1094.3,0.0
202606241259,1095.0,1095.0,1095.0,1095.0,0.0
202606241300,1093.0,1093.0,1093.0,1093.0,0.0
202606241301,1094.01,1094.98,1094.98,1094.01,0.0
202606241303,1095.74,1094.8875,1095.98,1091.4784,0.0
202606241304,1093.7,1093.7,1093.7,1093.7,0.0
202606241306,1093.7,1093.7,1093.7,1093.7,0.0
202606241307,1094.0,1094.0,1094.0,1094.0,0.0
202606241309,1092.732,1092.732,1092.732,1092.732,0.0
202606241312,1093.3,1092.87,1093.3,1092.87,0.0
202606241313,1092.8269,1092.71,1092.87,1092.71,0.0
202606241314,1094.99,1092.76,1094.99,1092.76,0.0
202606241330,1090.0,1085.3900146484375,1090.0,1083.864990234375,91524.0
202606241331,1085.35498046875,1087.52001953125,1089.12841796875,1085.35498046875,3041.0
202606241332,1086.5799560546875,1089.47998046875,1090.0999755859375,1086.5,2326.0
202606241333,1088.3199462890625,1089.4300537109375,1089.4649658203125,1088.1400146484375,1046.0
202606241334,1088.31005859375,1085.5400390625,1088.614990234375,1085.0,8807.0
202606241335,1084.449951171875,1084.0250244140625,1085.199951171875,1083.3499755859375,4956.0
202606241336,1084.0,1079.989990234375,1084.0,1079.469970703125,4737.0
202606241337,1079.9599609375,1077.4549560546875,1079.9599609375,1077.2099609375,4252.0
202606241338,1077.4549560546875,1075.800048828125,1078.6400146484375,1075.800048828125,4596.0
202606241339,1076.5999755859375,1077.469970703125,1077.52001953125,1076.13232421875,4441.0
202606241340,1077.02001953125,1077.614990234375,1078.2099609375,1074.9599609375,9333.0
202606241341,1078.1600341796875,1075.0,1078.2099609375,1074.6199951171875,4492.0
202606241342,1074.5799560546875,1071.7850341796875,1074.800048828125,1071.489990234375,7671.0
202606241343,1072.0,1069.47998046875,1072.0,1069.050048828125,13132.0
202606241344,1069.1099853515625,1072.9949951171875,1072.99755859375,1068.5069580078125,8653.0
202606241345,1072.719970703125,1076.050048828125,1076.050048828125,1072.719970703125,4654.0
202606241346,1076.0,1079.5,1079.5,1074.8399658203125,6428.0
202606241347,1079.300048828125,1078.469970703125,1079.3175048828125,1076.93994140625,4315.0
202606241348,1078.030029296875,1078.2900390625,1078.93994140625,1078.02001953125,3638.0
202606241349,1078.949951171875,1079.614990234375,1080.3699951171875,1077.625732421875,3673.0
202606241350,1080.0699462890625,1083.050048828125,1083.050048828125,1079.5732421875,6028.0
202606241351,1082.3900146484375,1083.2449951171875,1083.493896484375,1081.9200439453125,1446.0
202606241352,1083.0899658203125,1081.1199951171875,1083.31005859375,1080.219970703125,2722.0
202606241353,1081.219970703125,1078.7850341796875,1081.219970703125,1077.5699462890625,5551.0
202606241354,1078.5150146484375,1080.0,1080.6099853515625,1078.2449951171875,2483.0
202606241355,1079.5799560546875,1079.239990234375,1081.3199462890625,1077.3399658203125,2950.0
202606241356,1078.6199951171875,1076.63037109375,1078.8798828125,1076.22998046875,2638.0
202606241357,1075.550048828125,1074.47998046875,1076.56005859375,1074.199951171875,5807.0
202606241358,1074.949951171875,1074.5999755859375,1075.800048828125,1074.47998046875,4116.0
202606241359,1074.800048828125,1075.800048828125,1075.800048828125,1073.22998046875,9184.0
202606241400,1074.449951171875,1077.2650146484375,1077.43994140625,1074.3499755859375,4334.0
202606241401,1077.75,1077.0,1078.47998046875,1075.6700439453125,2067.0
202606241402,1076.75,1079.2900390625,1079.2900390625,1076.2900390625,4917.0
202606241403,1080.31494140625,1079.699951171875,1080.5799560546875,1079.3900146484375,2389.0
202606241404,1079.7049560546875,1078.655029296875,1081.0699462890625,1078.655029296875,1791.0
202606241405,1078.739990234375,1079.5999755859375,1079.969970703125,1077.7100830078125,1938.0
202606241406,1080.0899658203125,1080.780029296875,1081.5400390625,1080.0799560546875,3055.0
202606241407,1082.0799560546875,1083.018310546875,1083.018310546875,1081.8499755859375,1605.0
202606241408,1081.52001953125,1079.77197265625,1081.8199462890625,1079.0,3246.0
202606241409,1078.0899658203125,1079.1099853515625,1079.1099853515625,1077.3973388671875,2616.0
202606241410,1078.5849609375,1078.9749755859375,1078.9749755859375,1078.43994140625,1175.0
202606241411,1078.1199951171875,1076.9449462890625,1078.969970703125,1075.570068359375,6082.0
202606241412,1077.77001953125,1077.5,1077.97998046875,1076.43994140625,2103.0
202606241413,1076.66650390625,1076.47998046875,1077.83984375,1076.469970703125,1341.0
202606241414,1076.56005859375,1077.5,1078.5400390625,1076.56005859375,3691.0
202606241415,1078.02001953125,1076.97998046875,1078.1800537109375,1076.0050048828125,2084.0
202606241416,1076.125,1075.77001953125,1076.8900146484375,1074.9000244140625,5447.0
202606241417,1076.010009765625,1074.68994140625,1076.219970703125,1074.4599609375,2884.0
202606241418,1075.0799560546875,1074.7501220703125,1075.8499755859375,1074.7501220703125,3050.0
202606241419,1075.8299560546875,1076.949951171875,1076.949951171875,1075.8299560546875,2796.0
202606241420,1076.97998046875,1075.3900146484375,1077.0,1075.3900146484375,3047.0
202606241421,1075.5899658203125,1077.050048828125,1077.25,1075.405029296875,3966.0
202606241422,1077.2900390625,1077.8599853515625,1077.8599853515625,1076.6800537109375,3658.0
202606241423,1077.8599853515625,1077.39013671875,1079.3499755859375,1077.39013671875,3241.0
202606241424,1077.4849853515625,1077.2049560546875,1077.8399658203125,1077.0849609375,1260.0
202606241425,1077.574951171875,1077.2900390625,1078.1800537109375,1076.9100341796875,1761.0
202606241426,1077.760009765625,1077.22998046875,1078.0098876953125,1076.3499755859375,2533.0
202606241427,1076.5899658203125,1077.449951171875,1078.1600341796875,1076.5849609375,9868.0
202606241428,1077.300048828125,1077.8800048828125,1077.8800048828125,1077.0250244140625,3589.0
202606241429,1077.760009765625,1078.1099853515625,1078.1099853515625,1076.969970703125,3125.0
202606241430,1078.0999755859375,1078.8499755859375,1079.824951171875,1078.030029296875,4599.0
202606241431,1078.8299560546875,1079.260009765625,1079.93994140625,1078.5400390625,1658.0
202606241432,1079.3599853515625,1081.5450439453125,1081.6800537109375,1079.300048828125,2890.0
202606241433,1081.4200439453125,1081.135009765625,1081.4200439453125,1080.6500244140625,1673.0
202606241434,1081.155029296875,1082.39501953125,1082.39501953125,1081.155029296875,1988.0
202606241435,1081.8599853515625,1082.280029296875,1083.0,1081.574951171875,5401.0
202606241436,1081.93994140625,1082.5,1082.8599853515625,1081.4000244140625,11670.0
202606241437,1082.469970703125,1081.5699462890625,1083.239990234375,1081.5699462890625,3094.0
202606241438,1082.010009765625,1081.4000244140625,1082.619873046875,1081.4000244140625,1264.0
202606241439,1081.2900390625,1080.6199951171875,1081.2900390625,1080.4000244140625,1621.0
202606241440,1080.5400390625,1078.72998046875,1080.8399658203125,1078.72998046875,1847.0
202606241441,1079.9322509765625,1078.9849853515625,1079.9322509765625,1078.7449951171875,1019.0
202606241442,1078.985107421875,1078.1300048828125,1078.985107421875,1078.0799560546875,1147.0
202606241443,1078.3499755859375,1079.93994140625,1079.93994140625,1078.030029296875,4245.0
202606241444,1079.9300537109375,1081.0250244140625,1081.0899658203125,1079.6400146484375,2198.0
202606241445,1082.010009765625,1080.6600341796875,1082.010009765625,1080.530029296875,1661.0
202606241446,1080.8399658203125,1082.31005859375,1082.72998046875,1080.8299560546875,7494.0
202606241447,1082.2099609375,1081.6800537109375,1082.719970703125,1081.6099853515625,4547.0
202606241448,1081.6800537109375,1080.97998046875,1081.6800537109375,1080.9100341796875,1390.0
202606241449,1081.1094970703125,1080.31005859375,1081.1094970703125,1080.2850341796875,1409.0
202606241450,1080.5899658203125,1081.6700439453125,1082.1600341796875,1080.5400390625,3026.0
202606241451,1081.0899658203125,1081.0,1082.0799560546875,1080.93994140625,1139.0
202606241452,1081.3199462890625,1081.364990234375,1082.300048828125,1080.4300537109375,1816.0
202606241453,1081.364990234375,1082.18994140625,1082.7099609375,1080.8585205078125,2300.0
202606241454,1082.699951171875,1081.4599609375,1082.699951171875,1081.1199951171875,3011.0
202606241455,1080.9100341796875,1080.2840576171875,1080.9100341796875,1079.4000244140625,4240.0
202606241456,1079.25,1080.7550048828125,1081.0,1079.25,5985.0
202606241457,1080.760009765625,1080.699951171875,1081.280029296875,1080.4000244140625,3965.0
202606241458,1080.239990234375,1081.75,1081.75,1080.239990234375,2515.0
202606241459,1081.655029296875,1081.56494140625,1082.050048828125,1080.7099609375,3306.0
202606241500,1081.780029296875,1080.9100341796875,1081.9100341796875,1080.8199462890625,2773.0
202606241501,1081.02001953125,1081.4000244140625,1082.5400390625,1081.02001953125,6474.0
202606241502,1081.93994140625,1081.8399658203125,1081.93994140625,1081.3399658203125,1296.0
202606241503,1081.260009765625,1081.4625244140625,1081.8399658203125,1081.1400146484375,1514.0
202606241504,1081.4549560546875,1081.8399658203125,1082.1099853515625,1081.0,4801.0
202606241505,1081.5250244140625,1081.0699462890625,1081.6500244140625,1080.489990234375,8530.0
202606241506,1080.510009765625,1080.81005859375,1080.9100341796875,1079.8699951171875,4461.0
202606241507,1081.469970703125,1081.0975341796875,1081.489990234375,1080.6700439453125,2262.0
202606241508,1081.7099609375,1081.780029296875,1082.050048828125,1081.14501953125,4032.0
202606241509,1081.2099609375,1080.8035888671875,1081.3399658203125,1080.5,3077.0
202606241510,1081.3399658203125,1082.22998046875,1082.25,1081.3399658203125,2711.0
202606241511,1082.47998046875,1081.1500244140625,1082.47998046875,1081.1500244140625,1039.0
202606241512,1081.635009765625,1080.4649658203125,1081.635009765625,1080.4649658203125,3893.0
202606241513,1080.4649658203125,1078.8499755859375,1080.95166015625,1078.800048828125,4035.0
202606241514,1078.969970703125,1078.905029296875,1079.6800537109375,1078.800048828125,2342.0
202606241515,1079.010009765625,1079.1099853515625,1079.1650390625,1078.6500244140625,3199.0
202606241516,1079.3399658203125,1079.93994140625,1079.93994140625,1079.155029296875,4848.0
202606241517,1079.8499755859375,1080.550048828125,1080.572021484375,1079.3499755859375,2414.0
202606241518,1080.5999755859375,1081.3299560546875,1081.3299560546875,1080.2249755859375,2185.0
202606241519,1081.8199462890625,1081.9224853515625,1082.1300048828125,1081.550048828125,3150.0
202606241520,1081.70751953125,1081.97998046875,1081.97998046875,1081.22998046875,1153.0
202606241521,1081.4449462890625,1082.1500244140625,1082.4278564453125,1081.31005859375,1729.0
202606241522,1081.550048828125,1082.169921875,1082.169921875,1081.31005859375,1525.0
202606241523,1081.5450439453125,1081.75,1082.4200439453125,1080.9302978515625,1933.0
202606241524,1081.81494140625,1081.6700439453125,1082.4200439453125,1081.52001953125,3021.0
202606241525,1081.510009765625,1081.530029296875,1082.0,1081.510009765625,1685.0
202606241526,1081.8800048828125,1084.094970703125,1084.3599853515625,1081.8800048828125,5394.0
202606241527,1084.260009765625,1085.18994140625,1085.260009765625,1084.260009765625,1806.0
202606241528,1085.3399658203125,1084.7099609375,1085.3399658203125,1084.6600341796875,1489.0
202606241529,1084.7049560546875,1086.0,1086.0,1084.7049560546875,4226.0
202606241530,1086.43994140625,1085.469970703125,1086.800048828125,1085.4200439453125,3447.0
202606241531,1085.219970703125,1084.1500244140625,1085.219970703125,1083.9801025390625,3576.0
202606241532,1085.5999755859375,1085.0174560546875,1085.5999755859375,1084.0301513671875,2004.0
202606241533,1084.7900390625,1084.8050537109375,1084.9876708984375,1084.510009765625,2241.0
202606241534,1085.2900390625,1085.5899658203125,1086.0,1084.969970703125,10386.0
202606241535,1085.5799560546875,1085.97998046875,1085.97998046875,1085.4849853515625,1353.0
202606241536,1086.4200439453125,1087.0,1087.0,1086.3699951171875,2135.0
202606241537,1086.3699951171875,1086.3699951171875,1086.3699951171875,1086.3699951171875,490.0
202606241538,1086.3699951171875,1086.510009765625,1086.510009765625,1085.5999755859375,3502.0
202606241539,1087.5098876953125,1086.1800537109375,1087.5098876953125,1086.1800537109375,859.0
202606241540,1087.0,1087.5294189453125,1087.8800048828125,1086.949951171875,3652.0
202606241541,1086.9300537109375,1086.1500244140625,1087.0999755859375,1086.02001953125,2057.0
202606241542,1085.719970703125,1085.56005859375,1086.4100341796875,1085.56005859375,2318.0
202606241543,1085.5,1085.8900146484375,1086.3199462890625,1085.2900390625,1406.0
202606241544,1085.905029296875,1083.47998046875,1085.905029296875,1083.31005859375,13648.0
202606241545,1084.2750244140625,1082.8499755859375,1084.2750244140625,1081.9549560546875,7365.0
202606241546,1082.260009765625,1082.27001953125,1082.81494140625,1081.9549560546875,7063.0
202606241547,1081.97998046875,1081.0849609375,1082.0400390625,1081.0849609375,1771.0
202606241548,1081.885009765625,1082.219970703125,1082.219970703125,1081.75,1183.0
202606241549,1081.925048828125,1084.3199462890625,1084.3199462890625,1081.6099853515625,4259.0
202606241550,1084.7550048828125,1084.344970703125,1084.7550048828125,1084.1400146484375,1821.0
202606241551,1084.699951171875,1084.5999755859375,1084.699951171875,1084.5999755859375,623.0
202606241552,1084.2099609375,1084.1199951171875,1084.7099609375,1083.3800048828125,5074.0
202606241553,1083.9100341796875,1083.9150390625,1083.9150390625,1083.9100341796875,645.0
202606241554,1083.5550537109375,1085.1500244140625,1085.1500244140625,1083.5550537109375,2485.0
202606241555,1085.0699462890625,1084.5400390625,1085.70654296875,1084.3900146484375,1893.0
202606241556,1084.219970703125,1084.4150390625,1084.5899658203125,1084.030029296875,1559.0
202606241557,1084.9300537109375,1084.8050537109375,1085.1400146484375,1084.780029296875,740.0
202606241558,1084.469970703125,1084.550048828125,1084.81005859375,1084.3499755859375,1357.0
202606241559,1084.97998046875,1084.5611572265625,1085.18994140625,1084.5611572265625,1089.0
202606241600,1084.8900146484375,1084.199951171875,1084.9100341796875,1084.199951171875,1993.0
202606241601,1084.949951171875,1086.219970703125,1086.219970703125,1084.89501953125,3112.0
202606241602,1085.6800537109375,1084.7249755859375,1086.2198486328125,1084.7249755859375,2681.0
202606241603,1084.199951171875,1084.4949951171875,1084.4949951171875,1084.0799560546875,1549.0
202606241604,1084.4949951171875,1084.5350341796875,1084.969970703125,1084.3900146484375,2069.0
202606241605,1084.489990234375,1084.6199951171875,1085.02001953125,1084.0799560546875,3994.0
202606241606,1084.760009765625,1084.0799560546875,1084.9100341796875,1084.0,4276.0
202606241607,1084.25,1085.02001953125,1085.02001953125,1084.1600341796875,1988.0
202606241608,1084.5999755859375,1084.219970703125,1085.02001953125,1084.2099609375,1840.0
202606241609,1084.02001953125,1083.7149658203125,1084.22998046875,1083.3599853515625,6267.0
202606241610,1083.6400146484375,1083.760009765625,1083.8199462890625,1083.0699462890625,1191.0
202606241611,1083.760009765625,1083.25,1083.93505859375,1082.9150390625,5506.0
202606241612,1082.9300537109375,1081.5550537109375,1082.97998046875,1081.5550537109375,3389.0
202606241613,1081.5550537109375,1082.1524658203125,1082.2099609375,1081.0699462890625,2905.0
202606241614,1081.9200439453125,1081.81005859375,1082.4095458984375,1081.530029296875,3033.0
202606241615,1081.6800537109375,1082.864990234375,1083.389892578125,1081.6800537109375,1916.0
202606241616,1082.449462890625,1082.9449462890625,1082.9449462890625,1082.4000244140625,1850.0
202606241617,1082.4100341796875,1081.8399658203125,1082.9375,1081.8349609375,2721.0
202606241618,1081.300048828125,1081.405029296875,1081.5799560546875,1080.5899658203125,5529.0
202606241619,1081.300048828125,1081.8599853515625,1082.050048828125,1081.0,2036.0
202606241620,1081.8699951171875,1081.739990234375,1081.949951171875,1081.02001953125,2099.0
202606241621,1081.5999755859375,1081.949951171875,1081.949951171875,1081.4749755859375,1795.0
202606241622,1081.8800048828125,1083.2950439453125,1083.2950439453125,1081.8800048828125,2161.0
202606241623,1083.2950439453125,1084.4300537109375,1084.4300537109375,1083.2950439453125,3177.0
202606241624,1084.4300537109375,1084.074951171875,1084.72998046875,1083.8900146484375,4285.0
202606241625,1083.8299560546875,1083.06005859375,1083.8299560546875,1082.8299560546875,4841.0
202606241626,1082.8125,1083.27001953125,1083.3499755859375,1082.760009765625,1922.0
202606241627,1083.4000244140625,1083.8699951171875,1084.06005859375,1083.4000244140625,929.0
202606241628,1084.449951171875,1083.3900146484375,1084.449951171875,1083.3900146484375,6140.0
202606241629,1083.3499755859375,1084.5699462890625,1084.77001953125,1083.3499755859375,2966.0
202606241630,1084.2401123046875,1084.1800537109375,1084.8299560546875,1084.1800537109375,3829.0
202606241631,1084.030029296875,1083.050048828125,1084.0849609375,1083.050048828125,941.0
202606241632,1084.1199951171875,1084.489990234375,1084.489990234375,1083.4200439453125,920.0
202606241633,1084.9000244140625,1084.8399658203125,1085.260009765625,1084.4300537109375,2843.0
202606241634,1084.8399658203125,1085.030029296875,1085.260009765625,1084.4200439453125,1291.0
202606241635,1084.8199462890625,1084.68994140625,1085.2750244140625,1084.5699462890625,4236.0
202606241636,1084.5699462890625,1083.68505859375,1084.6099853515625,1083.68505859375,1942.0
202606241637,1083.6700439453125,1083.5,1083.698974609375,1083.5,1035.0
202606241638,1083.5,1082.5799560546875,1083.5,1082.5799560546875,1697.0
202606241639,1083.0384521484375,1082.094970703125,1083.0384521484375,1081.5899658203125,1841.0
202606241640,1082.25,1081.81005859375,1082.260009765625,1081.114990234375,2627.0
202606241641,1081.8199462890625,1082.050048828125,1082.050048828125,1080.530029296875,6852.0
202606241642,1081.93994140625,1081.31005859375,1081.93994140625,1080.844970703125,2375.0
202606241643,1081.39501953125,1081.9000244140625,1081.9000244140625,1081.1400146484375,2766.0
202606241644,1081.8900146484375,1081.4803466796875,1082.1099853515625,1081.3299560546875,2029.0
202606241645,1081.8499755859375,1081.969970703125,1082.989990234375,1081.8499755859375,1897.0
202606241646,1081.989990234375,1082.4549560546875,1082.489990234375,1081.989990234375,1471.0
202606241647,1082.3499755859375,1082.4150390625,1082.969970703125,1081.9200439453125,10782.0
202606241648,1082.4150390625,1083.489990234375,1083.489990234375,1082.1300048828125,3232.0
202606241649,1083.0400390625,1082.6800537109375,1083.467529296875,1082.6700439453125,1534.0
202606241650,1082.6800537109375,1083.2449951171875,1083.4599609375,1082.4200439453125,2657.0
202606241651,1083.4599609375,1083.2706298828125,1083.4599609375,1082.5899658203125,2801.0
202606241652,1082.6199951171875,1083.1700439453125,1083.2099609375,1082.5999755859375,2134.0
202606241653,1082.5999755859375,1083.050048828125,1083.050048828125,1082.405029296875,1344.0
202606241654,1082.2650146484375,1081.8499755859375,1082.6300048828125,1081.8399658203125,2311.0
202606241655,1081.60498046875,1081.2149658203125,1081.60498046875,1080.5899658203125,2172.0
202606241656,1081.2149658203125,1081.6099853515625,1081.9200439453125,1081.2149658203125,1248.0
202606241657,1081.510009765625,1081.5,1081.739990234375,1081.5,953.0
202606241658,1081.64501953125,1081.47998046875,1081.9100341796875,1081.3800048828125,1078.0
202606241659,1081.8900146484375,1081.27001953125,1081.8900146484375,1081.27001953125,1268.0
202606241700,1081.5350341796875,1082.5174560546875,1082.5174560546875,1081.27001953125,6212.0
202606241701,1082.52001953125,1081.7099609375,1082.5250244140625,1081.7049560546875,2788.0
202606241702,1081.7049560546875,1081.875,1082.030029296875,1081.5400390625,1235.0
202606241703,1081.9949951171875,1082.43994140625,1082.43994140625,1081.5699462890625,1232.0
202606241704,1082.010009765625,1081.719970703125,1082.43994140625,1081.7099609375,1766.0
202606241705,1082.25,1081.93994140625,1082.25,1081.6201171875,1764.0
202606241706,1081.949951171875,1080.8599853515625,1082.260009765625,1080.8599853515625,3128.0
202606241707,1080.860107421875,1079.27001953125,1080.860107421875,1079.0999755859375,5233.0
202606241708,1079.27001953125,1079.635009765625,1079.949951171875,1079.199951171875,2767.0
202606241709,1080.0699462890625,1080.0699462890625,1080.489990234375,1079.68994140625,3902.0
202606241710,1080.68994140625,1080.425048828125,1080.8900146484375,1080.4200439453125,2517.0
202606241711,1080.425048828125,1080.6700439453125,1080.9100341796875,1079.929443359375,2984.0
202606241712,1080.6099853515625,1080.8399658203125,1081.239990234375,1080.4749755859375,1373.0
202606241713,1080.844970703125,1079.300048828125,1080.844970703125,1079.300048828125,1660.0
202606241714,1079.3699951171875,1079.5400390625,1080.449951171875,1079.3599853515625,927.0
202606241715,1079.875,1080.1500244140625,1080.449951171875,1079.875,3412.0
202606241716,1079.8499755859375,1078.550048828125,1079.949951171875,1078.449951171875,8180.0
202606241717,1078.3599853515625,1078.97998046875,1079.1600341796875,1078.110595703125,1514.0
202606241718,1079.3372802734375,1078.6199951171875,1079.3372802734375,1078.2349853515625,1537.0
202606241719,1078.2349853515625,1079.010009765625,1079.0250244140625,1078.2349853515625,2445.0
202606241720,1078.8800048828125,1078.2750244140625,1078.8800048828125,1078.0899658203125,4717.0
202606241721,1078.3900146484375,1078.2750244140625,1078.530029296875,1077.9300537109375,2493.0
202606241722,1078.699951171875,1078.1199951171875,1079.010009765625,1078.0999755859375,2867.0
202606241723,1078.1199951171875,1078.125,1078.125,1077.8050537109375,1488.0
202606241724,1078.08251953125,1077.43994140625,1078.08251953125,1077.43994140625,2433.0
202606241725,1077.79248046875,1077.27001953125,1077.79248046875,1076.693603515625,4057.0
202606241726,1077.6800537109375,1078.0250244140625,1078.1300048828125,1077.6800537109375,1731.0
202606241727,1077.552001953125,1077.7900390625,1078.52001953125,1077.552001953125,1631.0
202606241728,1077.5999755859375,1076.219970703125,1077.8699951171875,1076.219970703125,3721.0
202606241729,1076.1400146484375,1076.260009765625,1076.6300048828125,1075.949951171875,2208.0
202606241730,1076.0400390625,1076.635009765625,1076.9000244140625,1076.0150146484375,1895.0
202606241731,1076.4300537109375,1076.0274658203125,1076.6400146484375,1075.5400390625,1703.0
202606241732,1075.6099853515625,1076.114990234375,1076.6500244140625,1075.3499755859375,3439.0
202606241733,1076.114990234375,1076.677490234375,1076.8399658203125,1075.5,2389.0
202606241734,1076.6800537109375,1077.199951171875,1077.199951171875,1076.31005859375,2210.0
202606241735,1077.199951171875,1077.1099853515625,1077.949951171875,1077.0849609375,5872.0
202606241736,1077.2550048828125,1076.3751220703125,1077.2550048828125,1076.1500244140625,1874.0
202606241737,1076.375,1075.3699951171875,1076.375,1075.31494140625,1841.0
202606241738,1075.3699951171875,1076.3399658203125,1076.3399658203125,1074.9000244140625,3429.0
202606241739,1076.7149658203125,1077.2149658203125,1077.2149658203125,1076.22998046875,1367.0
202606241740,1077.3399658203125,1076.739990234375,1077.3399658203125,1076.47998046875,2224.0
202606241741,1076.739990234375,1077.8699951171875,1077.8699951171875,1076.6700439453125,1946.0
202606241742,1078.0799560546875,1077.93994140625,1078.3299560546875,1077.6500244140625,2242.0
202606241743,1077.9000244140625,1077.60498046875,1077.9000244140625,1077.3050537109375,1575.0
202606241744,1077.3349609375,1076.77001953125,1077.530029296875,1076.77001953125,2072.0
202606241745,1077.050048828125,1076.2550048828125,1077.487548828125,1076.2550048828125,2191.0
202606241746,1076.18994140625,1076.8349609375,1076.8599853515625,1075.760009765625,2012.0
202606241747,1076.8349609375,1077.9100341796875,1077.9100341796875,1076.4300537109375,1499.0
202606241748,1077.5450439453125,1077.3499755859375,1078.0,1077.3499755859375,1093.0
202606241749,1077.35791015625,1078.14501953125,1078.2550048828125,1077.35791015625,4827.0
202606241750,1077.9100341796875,1078.155029296875,1078.300048828125,1077.8900146484375,2519.0
202606241751,1077.8900146484375,1078.1600341796875,1078.383056640625,1077.800048828125,720.0
202606241752,1078.1650390625,1077.0899658203125,1078.1650390625,1077.030029296875,1819.0
202606241753,1077.199951171875,1078.1600341796875,1078.260009765625,1077.199951171875,2503.0
202606241754,1077.7550048828125,1077.8199462890625,1078.06005859375,1077.655029296875,1908.0
202606241755,1077.81005859375,1078.844970703125,1078.8475341796875,1077.81005859375,5226.0
202606241756,1078.875,1078.72998046875,1079.4000244140625,1078.0350341796875,2712.0
202606241757,1078.1500244140625,1077.0699462890625,1078.321533203125,1077.0699462890625,5357.0
202606241758,1076.6800537109375,1075.0899658203125,1076.7650146484375,1075.0,1410.0
202606241759,1075.6300048828125,1075.74755859375,1075.8299560546875,1075.4100341796875,1097.0
202606241800,1075.824951171875,1074.3800048828125,1075.8800048828125,1074.3800048828125,3885.0
202606241801,1074.5050048828125,1074.949951171875,1075.469970703125,1074.5050048828125,1937.0
202606241802,1074.0,1074.6500244140625,1074.6500244140625,1073.530029296875,1984.0
202606241803,1074.3599853515625,1074.91064453125,1074.9300537109375,1074.1949462890625,2647.0
202606241804,1074.7650146484375,1075.074951171875,1075.2099609375,1074.7650146484375,1551.0
202606241805,1074.808837890625,1075.25,1075.5,1074.808837890625,1109.0
202606241806,1075.4775390625,1075.6700439453125,1075.8800048828125,1075.2249755859375,2653.0
202606241807,1075.5799560546875,1075.6199951171875,1076.25,1075.4150390625,2096.0
202606241808,1075.7449951171875,1076.1300048828125,1076.25,1075.7449951171875,2053.0
202606241809,1075.85498046875,1077.594970703125,1077.594970703125,1075.8299560546875,4019.0
202606241810,1077.3399658203125,1077.699951171875,1077.699951171875,1077.092529296875,982.0
202606241811,1078.050048828125,1077.39501953125,1078.1300048828125,1077.0999755859375,1373.0
202606241812,1077.239990234375,1077.3800048828125,1077.550048828125,1077.06494140625,1356.0
202606241813,1077.0899658203125,1077.0999755859375,1077.8199462890625,1077.0899658203125,285.0
202606241814,1077.4599609375,1077.60498046875,1077.6099853515625,1076.68994140625,3212.0
202606241815,1077.6300048828125,1078.1199951171875,1078.4150390625,1077.6300048828125,1518.0
202606241816,1078.4100341796875,1078.699951171875,1078.699951171875,1078.4100341796875,739.0
202606241817,1078.8900146484375,1079.87646484375,1079.87646484375,1078.8599853515625,4855.0
202606241818,1079.625,1079.2449951171875,1079.6400146484375,1078.969970703125,2606.0
202606241819,1079.8800048828125,1080.030029296875,1080.239990234375,1079.7850341796875,3169.0
202606241820,1079.550048828125,1079.8699951171875,1079.8699951171875,1079.550048828125,975.0
202606241821,1079.3699951171875,1079.8900146484375,1079.8900146484375,1079.3699951171875,2241.0
202606241822,1080.239990234375,1079.925048828125,1080.3800048828125,1079.925048828125,1395.0
202606241823,1080.469970703125,1080.1650390625,1080.469970703125,1080.0550537109375,2398.0
202606241824,1079.9400634765625,1080.3349609375,1080.3900146484375,1079.6199951171875,1963.0
202606241825,1080.469970703125,1080.3800048828125,1080.800048828125,1080.199951171875,4208.0
202606241826,1080.260009765625,1080.449951171875,1080.449951171875,1079.989990234375,1530.0
202606241827,1080.449951171875,1080.9849853515625,1081.1099853515625,1080.449951171875,2650.0
202606241828,1081.0250244140625,1081.385009765625,1081.6500244140625,1080.800048828125,2897.0
202606241829,1081.300048828125,1080.9100341796875,1081.300048828125,1080.9100341796875,1262.0
202606241830,1081.300048828125,1081.6199951171875,1081.719970703125,1081.1199951171875,1775.0
202606241831,1080.9801025390625,1081.8699951171875,1081.8699951171875,1080.9801025390625,1614.0
202606241832,1081.6300048828125,1081.1600341796875,1081.6300048828125,1081.1600341796875,1255.0
202606241833,1081.1600341796875,1080.5,1081.1600341796875,1080.5,5044.0
202606241834,1080.8499755859375,1080.9949951171875,1081.1800537109375,1080.8499755859375,823.0
202606241835,1080.989990234375,1079.5,1080.989990234375,1079.22998046875,2820.0
202606241836,1079.449951171875,1079.0999755859375,1079.449951171875,1078.7650146484375,2903.0
202606241837,1079.2900390625,1079.3499755859375,1079.6199951171875,1079.2900390625,1158.0
202606241838,1079.1800537109375,1079.4100341796875,1079.5699462890625,1079.1600341796875,1771.0
202606241839,1079.4200439453125,1079.3299560546875,1079.4200439453125,1079.1300048828125,897.0
202606241840,1079.6400146484375,1078.530029296875,1079.6400146484375,1078.4599609375,2969.0
202606241841,1079.0,1079.590087890625,1080.0699462890625,1078.97998046875,2811.0
202606241842,1079.7349853515625,1079.2950439453125,1079.760009765625,1079.18994140625,2243.0
202606241843,1079.5767822265625,1078.8699951171875,1079.5767822265625,1078.6099853515625,2037.0
202606241844,1079.1300048828125,1079.72998046875,1079.739990234375,1079.1300048828125,4555.0
202606241845,1079.93994140625,1079.0400390625,1079.93994140625,1078.9599609375,1374.0
202606241846,1079.1099853515625,1078.0,1079.1099853515625,1078.0,1622.0
202606241847,1078.260009765625,1077.8699951171875,1078.2850341796875,1077.719970703125,1896.0
202606241848,1077.760009765625,1077.425048828125,1077.800048828125,1077.06103515625,3526.0
202606241849,1077.6605224609375,1077.22998046875,1077.6605224609375,1076.739990234375,2956.0
202606241850,1077.260009765625,1077.0050048828125,1077.550048828125,1076.6800537109375,2345.0
202606241851,1077.3900146484375,1076.9100341796875,1077.7099609375,1076.9100341796875,2757.0
202606241852,1076.9100341796875,1076.68994140625,1077.4300537109375,1076.68994140625,5094.0
202606241853,1076.9100341796875,1077.137451171875,1077.7900390625,1076.8900146484375,2377.0
202606241854,1077.300048828125,1077.3800048828125,1077.3800048828125,1076.844970703125,2988.0
202606241855,1077.4150390625,1076.969970703125,1077.550048828125,1076.969970703125,1749.0
202606241856,1076.989990234375,1076.864990234375,1077.199951171875,1076.8599853515625,1635.0
202606241857,1077.239990234375,1077.094970703125,1077.93994140625,1077.094970703125,2973.0
202606241858,1077.094970703125,1076.4150390625,1077.0999755859375,1076.3299560546875,4038.0
202606241859,1076.3800048828125,1076.8699951171875,1076.8699951171875,1076.1400146484375,1337.0
202606241900,1076.625,1076.47998046875,1076.625,1075.8499755859375,2555.0
202606241901,1076.7099609375,1076.203857421875,1076.7099609375,1075.8599853515625,1818.0
202606241902,1076.300048828125,1078.050048828125,1078.06005859375,1075.8699951171875,3510.0
202606241903,1078.27001953125,1078.7900390625,1079.4100341796875,1077.9100341796875,3720.0
202606241904,1078.800048828125,1079.06494140625,1079.6099853515625,1078.27001953125,5250.0
202606241905,1079.0899658203125,1078.5,1079.52001953125,1078.0400390625,3174.0
202606241906,1078.3199462890625,1077.77001953125,1078.364990234375,1077.77001953125,2489.0
202606241907,1077.6500244140625,1076.9200439453125,1077.6500244140625,1076.4000244140625,1932.0
202606241908,1076.6650390625,1076.4200439453125,1076.6650390625,1076.1754150390625,1885.0
202606241909,1076.9200439453125,1077.25,1077.699951171875,1076.5699462890625,4370.0
202606241910,1076.925048828125,1076.4208984375,1076.925048828125,1076.3699951171875,2979.0
202606241911,1076.8900146484375,1076.3800048828125,1076.989990234375,1076.300048828125,2795.0
202606241912,1076.31005859375,1076.6800537109375,1076.6800537109375,1076.31005859375,1143.0
202606241913,1076.405029296875,1077.219970703125,1077.4200439453125,1076.405029296875,2422.0
202606241914,1077.219970703125,1077.655029296875,1077.760009765625,1077.02001953125,2741.0
202606241915,1077.6500244140625,1076.7099609375,1077.6500244140625,1076.68994140625,1975.0
202606241916,1076.7099609375,1076.6949462890625,1076.9849853515625,1076.6949462890625,1458.0
202606241917,1076.6949462890625,1077.2298583984375,1077.43994140625,1076.3900146484375,2546.0
202606241918,1077.0999755859375,1076.6099853515625,1077.1700439453125,1076.6099853515625,697.0
202606241919,1076.9200439453125,1076.9599609375,1077.22998046875,1076.8199462890625,1307.0
202606241920,1077.22998046875,1076.27001953125,1077.22998046875,1076.27001953125,1731.0
202606241921,1076.6400146484375,1076.39501953125,1076.6400146484375,1076.06005859375,2217.0
202606241922,1076.0699462890625,1076.77001953125,1076.77001953125,1076.050048828125,2637.0
202606241923,1076.780029296875,1077.0550537109375,1077.1898193359375,1076.780029296875,2013.0
202606241924,1076.9300537109375,1076.9849853515625,1077.22998046875,1076.780029296875,2483.0
202606241925,1076.989990234375,1077.4200439453125,1077.7099609375,1076.989990234375,4077.0
202606241926,1077.1400146484375,1077.68505859375,1077.8699951171875,1077.0,3377.0
202606241927,1077.3299560546875,1076.199951171875,1077.3299560546875,1076.18994140625,6387.0
202606241928,1076.4100341796875,1076.4000244140625,1076.9000244140625,1076.4000244140625,5549.0
202606241929,1076.4000244140625,1077.0999755859375,1077.260009765625,1076.4000244140625,2629.0
202606241930,1076.77001953125,1077.239990234375,1077.239990234375,1076.0899658203125,2938.0
202606241931,1076.6199951171875,1076.75,1077.199951171875,1076.5550537109375,1915.0
202606241932,1076.7750244140625,1076.8800048828125,1077.239990234375,1076.43994140625,3928.0
202606241933,1076.9300537109375,1076.22998046875,1076.9300537109375,1075.8349609375,2774.0
202606241934,1075.97998046875,1076.1199951171875,1076.3299560546875,1075.8599853515625,1708.0
202606241935,1076.3125,1075.655029296875,1076.3125,1075.1800537109375,5174.0
202606241936,1075.635009765625,1075.4599609375,1076.1500244140625,1075.3900146484375,2126.0
202606241937,1075.530029296875,1074.4849853515625,1075.530029296875,1074.405029296875,5626.0
202606241938,1074.21435546875,1075.094970703125,1075.094970703125,1074.199951171875,3854.0
202606241939,1075.1199951171875,1075.0150146484375,1075.699951171875,1074.699951171875,4932.0
202606241940,1074.72998046875,1074.375,1075.510009765625,1074.375,4975.0
202606241941,1074.7900390625,1074.2149658203125,1074.7900390625,1073.8699951171875,5087.0
202606241942,1074.2900390625,1073.22998046875,1074.3900146484375,1073.1949462890625,3818.0
202606241943,1073.3599853515625,1073.074951171875,1073.3599853515625,1072.81005859375,3297.0
202606241944,1073.02001953125,1074.3699951171875,1074.3699951171875,1073.02001953125,6437.0
202606241945,1074.5799560546875,1073.719970703125,1074.6199951171875,1073.574951171875,6792.0
202606241946,1074.3626708984375,1073.10498046875,1074.550048828125,1073.030029296875,4538.0
202606241947,1072.780029296875,1073.22998046875,1073.75,1072.737548828125,4189.0
202606241948,1073.550048828125,1072.8900146484375,1073.5999755859375,1072.8900146484375,3376.0
202606241949,1073.3399658203125,1073.655029296875,1073.760009765625,1073.010009765625,6108.0
202606241950,1073.550048828125,1075.7099609375,1075.8299560546875,1072.9000244140625,14606.0
202606241951,1075.8499755859375,1076.2149658203125,1076.6600341796875,1075.77001953125,7803.0
202606241952,1075.9100341796875,1075.52001953125,1076.1600341796875,1075.27001953125,9551.0
202606241953,1075.31005859375,1075.1500244140625,1075.780029296875,1074.8499755859375,10345.0
202606241954,1074.8800048828125,1075.1199951171875,1075.1199951171875,1073.760009765625,10029.0
202606241955,1074.9949951171875,1078.0699462890625,1078.25,1074.8199462890625,24784.0
202606241956,1078.27001953125,1077.7249755859375,1078.469970703125,1077.4200439453125,16369.0
202606241957,1077.449951171875,1077.510009765625,1077.9300537109375,1077.3599853515625,16112.0
202606241958,1077.510009765625,1075.625,1078.0699462890625,1075.625,30417.0
202606241959,1076.530029296875,1077.06005859375,1077.52001953125,1076.1800537109375,50628.0
202606242000,1076.91,1079.0,1079.0,1076.91,362668.0
202606242003,1077.47,1081.0,1081.0,1077.47,0.0
202606242004,1079.76,1076.91,1079.76,1076.91,0.0
202606242005,1080.67,1079.6,1081.0,1079.06,0.0
202606242006,1080.88,1081.0,1081.0,1077.8,0.0
202606242007,1077.0,1077.0,1077.52,1077.0,0.0
202606242008,1080.3177,1077.08,1080.3177,1077.08,0.0
202606242010,1076.91,1077.62,1077.62,1076.91,0.0
202606242012,1081.0,1081.0,1081.0,1076.91,0.0
202606242013,1080.0,1081.0,1081.0,1080.0,0.0
202606242014,1077.62,1077.0001,1077.62,1076.91,0.0
202606242015,1076.91,1078.0,1078.0,1076.91,0.0
202606242017,1080.81,1080.2004,1080.81,1080.0,0.0
202606242018,1080.0,1080.48,1081.0,1080.0,0.0
202606242019,1081.0,1086.79,1087.09,1080.0,0.0
202606242020,1076.91,1086.01,1087.9999,1076.91,0.0
202606242021,1086.0,1087.61,1088.0,1086.0,0.0
202606242022,1087.0,1088.0,1088.0,1086.01,0.0
202606242023,1088.0,1086.5,1088.0,1086.3698,0.0
202606242024,1086.29,1087.74,1088.0,1086.29,0.0
202606242025,1087.82,1085.0,1087.82,1085.0,0.0
202606242026,1087.0,1087.3,1088.0,1087.0,0.0
202606242027,1087.3,1086.01,1088.0,1086.01,0.0
202606242029,1085.1,1085.0,1085.1,1085.0,0.0
202606242030,1085.75,1086.0,1086.0,1085.75,0.0
202606242035,1085.4,1085.0,1086.0,1085.0,0.0
202606242036,1084.22,1083.52,1085.0,1083.52,0.0
202606242037,1085.0,1084.73,1085.0,1083.68,0.0
202606242040,1084.5,1085.0,1085.0,1084.5,0.0
202606242043,1085.01,1085.0,1085.6,1084.62,0.0
202606242044,1084.09,1085.0,1085.0,1083.61,0.0
202606242045,1083.0,1083.33,1083.93,1083.0,0.0
202606242046,1084.05,1084.8,1084.8,1084.05,0.0
202606242047,1084.11,1084.05,1084.11,1084.05,0.0
202606242048,1084.21,1087.35,1088.0,1084.05,0.0
202606242050,1084.1,1085.0,1085.0,1084.1,0.0
202606242052,1085.0,1084.05,1085.0,1084.05,0.0
202606242054,1085.5,1084.03,1085.5,1084.03,0.0
202606242055,1083.56,1083.52,1083.56,1083.52,0.0
202606242058,1083.52,1083.52,1083.52,1083.0,0.0
202606242059,1084.21,1086.0,1086.0,1084.21,0.0
202606242102,1087.2,1086.85,1087.94,1086.84,0.0
202606242103,1087.21,1083.125,1087.94,1083.125,0.0
202606242105,1085.0,1084.6007,1085.0,1084.6007,0.0
202606242108,1084.58,1083.57,1084.73,1083.53,0.0
202606242109,1085.0,1084.95,1085.0,1084.94,0.0
202606242111,1076.91,1083.25,1083.25,1076.91,0.0
202606242114,1085.59,1083.0,1085.59,1083.0,0.0
202606242115,1083.78,1083.28,1083.78,1083.28,0.0
202606242116,1083.5,1083.065,1083.99,1083.065,0.0
202606242117,1083.065,1083.22,1083.22,1083.065,0.0
202606242118,1083.22,1083.0,1083.22,1083.0,0.0
202606242119,1083.0,1083.22,1083.22,1083.0,0.0
202606242120,1083.22,1083.01,1083.22,1083.01,0.0
202606242122,1083.22,1083.44,1083.44,1083.21,0.0
202606242123,1083.1,1083.0,1083.1,1083.0,0.0
202606242124,1083.5,1083.0,1083.5,1083.0,0.0
202606242126,1083.0,1083.08,1083.08,1082.45,0.0
202606242127,1083.05,1083.02,1083.05,1083.02,0.0
202606242138,1083.5,1083.4999,1083.5,1083.4999,0.0
202606242139,1083.2,1083.0,1083.2,1083.0,0.0
202606242141,1083.4966,1083.5,1083.5,1083.4966,0.0
202606242142,1083.0,1086.48,1086.48,1083.0,0.0
202606242143,1083.0,1076.91,1083.0,1076.91,0.0
202606242145,1083.0,1083.33,1083.33,1083.0,0.0
202606242150,1083.0,1083.56,1083.56,1083.0,0.0
202606242153,1083.48,1085.0,1085.0,1083.0,0.0
202606242200,1083.15,1088.0,1088.0,1083.15,0.0
202606242202,1083.04,1083.0,1083.04,1083.0,0.0
202606242203,1083.0,1085.0,1085.0,1083.0,0.0
202606242204,1083.0,1084.82,1085.0,1083.0,0.0
202606242209,1081.31,1081.0,1081.31,1081.0,0.0
202606242213,1081.0,1080.0,1081.0,1080.0,0.0
202606242219,1081.99,1077.0,1081.99,1077.0,0.0
202606242232,1078.66,1079.01,1079.01,1078.11,0.0
202606242245,1078.06,1078.5908,1078.5908,1078.06,0.0
