datetime,open,close,high,low,volume
20240625,202.76,201.91,204.3,201.37,20460.0
20240626,201.4,201.44,201.7,199.23,15300.0
20240627,201.4,202.0,202.9,200.7,12505.0
20240628,202.83,201.2,203.66,198.94,34591.0
20240701,201.31,198.51,203.07,198.51,15582.0
20240702,198.78,200.91,200.95,198.77,13625.0
20240703,201.16,200.18,201.17,199.81,8151.0
20240705,200.12,201.27,201.27,198.56,9147.0
20240708,198.97,199.4,200.91,198.82,13714.0
20240709,199.37,198.43,200.74,198.39,9637.0
20240710,197.86,202.09,202.52,197.86,12704.0
20240711,202.1,202.43,204.15,201.3,19279.0
20240712,203.07,202.57,204.32,200.05,14759.0
20240715,202.69,203.25,203.83,201.07,11828.0
20240716,203.19,205.68,206.35,203.19,20132.0
20240717,205.96,207.52,207.95,205.25,19487.0
20240718,205.64,205.1,208.03,204.95,14848.0
20240719,205.91,202.21,205.97,201.86,19349.0
20240722,202.45,208.21,208.21,201.28,17515.0
20240723,204.44,204.82,206.21,203.7,10138.0
20240724,203.52,201.3,205.18,200.81,20018.0
20240725,199.75,191.41,199.85,187.5,40477.0
20240726,191.74,191.27,195.79,186.78,51513.0
20240729,192.36,189.76,192.36,187.62,20645.0
20240730,189.38,191.27,192.21,188.91,19467.0
20240731,192.47,192.53,194.81,190.46,24829.0
20240801,192.52,192.76,194.81,189.85,27192.0
20240802,190.66,191.46,196.88,189.66,22916.0
20240805,191.64,188.17,192.2,185.52,25669.0
20240806,189.85,187.51,190.49,187.02,24707.0
20240807,188.68,186.49,192.17,185.85,22863.0
20240808,186.79,188.27,188.95,186.48,16366.0
20240809,187.66,186.77,187.66,186.1,13214.0
20240812,186.61,185.42,187.31,185.17,25518.0
20240813,185.94,185.59,186.01,184.3,29522.0
20240814,185.35,186.18,186.36,184.27,26924.0
20240815,186.78,187.64,188.66,186.65,23005.0
20240816,186.2,187.03,188.07,185.45,19654.0
20240819,188.1,187.54,188.1,186.4,14908.0
20240820,187.5,188.86,188.92,186.49,20819.0
20240821,188.53,189.43,190.12,188.34,11157.0
20240822,190.12,188.58,190.12,187.8,9990.0
20240823,188.11,190.1,191.06,188.11,18381.0
20240826,191.46,191.93,192.98,191.18,12745.0
20240827,191.83,194.2,194.38,191.7,17482.0
20240828,193.81,193.85,195.13,192.01,12788.0
20240829,193.97,195.52,196.36,192.62,17172.0
20240830,196.18,195.89,196.68,193.43,13621.0
20240903,195.04,192.7,195.89,192.3,14156.0
20240904,193.15,193.66,195.16,192.3,10187.0
20240905,194.14,191.46,194.14,190.03,9000.0
20240906,190.89,185.88,191.49,185.88,18802.0
20240909,187.14,189.53,190.04,187.14,13594.0
20240910,189.16,189.34,189.55,187.09,9585.0
20240911,188.58,192.68,192.68,185.95,18968.0
20240912,192.15,193.15,193.15,190.2,13182.0
20240913,192.68,192.35,193.74,191.79,12432.0
20240916,192.9,192.85,194.99,191.95,10233.0
20240917,193.05,192.43,193.85,191.78,9944.0
20240918,192.13,189.99,192.89,189.0,16288.0
20240919,192.16,191.74,193.66,190.49,20201.0
20240920,192.21,191.79,192.65,190.29,28800.0
20240923,192.05,191.99,192.59,190.9,16454.0
20240924,192.44,193.41,194.09,190.97,16984.0
20240925,193.62,194.84,195.75,193.4,20715.0
20240926,195.46,195.78,196.45,194.61,10839.0
20240927,195.22,195.63,198.67,195.16,17152.0
20240930,196.34,193.62,196.73,192.43,19537.0
20241001,194.93,194.16,195.98,192.99,16593.0
20241002,193.69,192.34,194.14,191.89,11545.0
20241003,191.56,191.13,191.8,189.95,14533.0
20241004,191.73,191.44,193.23,189.99,10737.0
20241007,191.03,191.4,192.52,190.06,9948.0
20241008,192.68,195.94,197.56,192.01,27339.0
20241009,195.9,201.35,202.57,194.94,31002.0
20241010,199.51,201.25,201.35,198.43,39070.0
20241011,202.22,203.8,204.05,201.38,27079.0
20241014,203.67,204.74,205.4,202.82,13172.0
20241015,206.34,204.24,206.62,203.97,26493.0
20241016,204.23,206.3,206.92,204.04,16043.0
20241017,206.53,205.7,207.36,205.7,24813.0
20241018,206.21,209.2,209.23,204.87,30437.0
20241021,209.09,209.46,210.49,207.37,28332.0
20241022,208.7,209.88,209.96,207.05,28670.0
20241023,209.74,205.52,209.78,205.52,45597.0
20241024,206.81,197.23,207.09,196.83,64640.0
20241025,196.5,195.75,198.2,194.7,40853.0
20241028,196.01,194.14,197.29,193.07,46053.0
20241029,193.8,193.15,195.6,191.29,49248.0
20241030,192.55,192.88,194.69,191.35,37693.0
20241031,192.2,193.79,194.23,191.62,37353.0
20241101,193.79,197.1,197.59,192.72,34736.0
20241104,196.92,196.94,196.94,194.49,28045.0
20241105,196.25,196.34,199.6,194.68,52034.0
20241106,200.08,203.52,204.35,197.0,46332.0
20241107,203.89,204.93,206.1,202.67,41777.0
20241108,204.93,206.91,207.47,203.99,36492.0
20241111,207.51,212.3,212.3,206.53,54270.0
20241112,212.64,221.55,233.6,212.42,89642.0
20241113,220.71,219.6,222.86,218.76,45998.0
20241114,219.91,217.34,221.01,216.97,27451.0
20241115,216.27,215.75,217.84,214.35,28005.0
20241118,214.3,215.29,216.77,214.3,25782.0
20241119,213.89,214.82,215.68,213.19,32018.0
20241120,214.42,213.6,215.66,212.38,26711.0
20241121,214.82,213.01,215.64,211.83,35935.0
20241122,213.63,215.87,216.82,212.0,27921.0
20241125,217.32,216.24,218.58,216.23,25325.0
20241126,218.1,217.08,219.06,215.86,30576.0
20241127,218.46,216.37,219.49,215.67,21928.0
20241129,216.37,219.66,219.79,216.15,14325.0
20241202,219.64,212.94,220.21,207.28,18737.0
20241203,212.48,213.27,215.95,210.26,26769.0
20241204,213.41,215.78,216.84,212.77,17634.0
20241205,217.55,213.21,217.55,212.48,26733.0
20241206,213.21,213.3,214.78,212.66,21609.0
20241209,212.43,213.17,214.58,211.84,17637.0
20241210,212.96,215.85,216.68,211.6,26188.0
20241211,216.58,215.3,220.47,214.69,32786.0
20241212,215.84,213.94,216.65,213.92,20599.0
20241213,214.59,214.11,215.85,212.81,18228.0
20241216,217.08,222.92,224.52,216.85,58968.0
20241217,226.13,219.44,226.13,218.25,40460.0
20241218,220.47,212.47,221.13,212.14,43825.0
20241219,213.75,214.35,220.0,213.22,33314.0
20241220,215.24,214.82,216.47,211.31,50854.0
20241223,215.44,214.75,215.66,212.89,20853.0
20241224,213.55,215.67,216.03,212.61,14339.0
20241226,214.7,218.87,218.87,214.7,25104.0
20241227,217.39,216.24,218.18,215.58,18721.0
20241230,216.23,212.95,216.25,212.37,17384.0
20241231,213.88,212.83,214.4,212.56,13782.0
20250102,216.69,212.94,216.69,211.67,14726.0
20250103,213.12,213.71,214.28,212.81,16886.0
20250106,213.56,208.79,214.35,208.57,19337.0
20250107,208.71,207.88,210.19,207.19,20585.0
20250108,209.39,207.44,209.39,206.34,18000.0
20250110,207.39,205.58,208.69,203.78,26074.0
20250113,204.89,207.05,215.74,204.85,41074.0
20250114,206.81,205.96,207.76,202.2,28364.0
20250115,207.65,206.85,208.88,203.69,32160.0
20250116,207.31,209.4,211.55,205.86,33124.0
20250117,209.83,209.72,214.07,209.27,22791.0
20250121,211.3,211.04,214.57,210.26,32481.0
20250122,211.7,209.82,211.7,209.77,21493.0
20250123,211.04,212.43,213.0,209.88,22208.0
20250124,211.09,208.62,214.02,208.03,50977.0
20250127,204.49,212.66,212.81,204.49,19360.0
20250128,211.13,206.86,211.73,205.4,24145.0
20250129,206.4,209.17,209.92,206.36,10598.0
20250130,209.83,211.0,211.71,208.77,9528.0
20250131,211.31,210.59,212.89,209.68,16455.0
20250203,208.34,209.59,210.63,206.96,21375.0
20250204,208.71,210.36,212.65,208.71,23839.0
20250205,211.3,209.5,211.3,206.32,30528.0
20250206,208.37,198.11,223.16,194.26,87618.0
20250207,199.02,193.47,201.07,193.47,49449.0
20250210,194.5,196.47,197.07,193.23,40464.0
20250211,196.72,194.8,197.24,193.89,19164.0
20250212,194.98,193.39,194.98,192.44,24495.0
20250213,193.25,193.62,195.32,192.78,22142.0
20250214,193.46,191.5,193.62,189.89,40609.0
20250218,191.48,196.46,196.46,191.06,31385.0
20250219,195.98,198.45,199.46,195.49,29859.0
20250220,198.4,199.09,199.28,196.8,19979.0
20250221,199.68,198.44,200.22,197.3,40415.0
20250224,200.18,198.29,202.75,197.5,50226.0
20250225,198.26,199.77,201.46,197.87,25617.0
20250226,199.74,199.16,200.42,197.63,21049.0
20250227,199.28,200.03,202.47,199.28,17551.0
20250228,199.89,200.37,201.41,198.42,28711.0
20250303,201.15,200.14,203.57,198.83,36966.0
20250304,200.56,196.62,200.58,195.82,54681.0
20250305,195.98,197.67,198.27,194.84,36247.0
20250306,197.29,198.39,199.63,195.5,36195.0
20250307,199.04,202.12,202.91,197.77,38714.0
20250310,200.69,201.46,205.85,199.21,30239.0
20250311,202.15,196.53,202.33,194.96,37399.0
20250312,196.82,194.21,196.94,192.9,25621.0
20250313,193.62,195.72,195.88,193.15,27074.0
20250314,196.41,196.76,198.95,195.87,27524.0
20250317,195.97,198.26,198.91,195.71,30663.0
20250318,198.14,197.64,199.28,196.76,25808.0
20250319,198.14,196.64,199.86,195.12,46612.0
20250320,196.08,198.58,199.44,195.31,26574.0
20250321,198.58,197.88,199.23,196.71,47221.0
20250324,199.43,199.85,200.39,198.33,26551.0
20250325,199.63,199.86,200.7,198.11,27002.0
20250326,200.43,200.42,204.62,199.84,39192.0
20250327,200.92,201.79,202.77,200.0,26201.0
20250328,201.16,197.53,202.48,197.52,18508.0
20250331,198.06,198.91,200.16,197.64,25474.0
20250401,198.68,201.4,201.4,197.34,18496.0
20250402,200.21,200.45,204.0,198.8,25733.0
20250403,199.18,193.25,203.79,193.25,47426.0
20250404,192.74,179.92,194.55,179.07,55532.0
20250407,175.93,177.7,184.89,172.79,53395.0
20250408,179.22,170.45,180.12,170.38,46845.0
20250409,170.07,189.34,189.38,168.65,62534.0
20250410,186.08,181.86,188.02,177.89,36663.0
20250411,182.19,186.65,187.88,180.53,33690.0
20250414,188.37,188.68,189.72,186.74,27822.0
20250415,189.22,187.32,190.66,186.92,16219.0
20250416,187.91,181.88,187.91,181.38,30925.0
20250417,183.02,185.24,186.87,183.02,22129.0
20250421,183.71,182.69,184.48,181.02,28647.0
20250422,184.35,188.91,188.91,183.94,30216.0
20250423,188.99,183.87,190.5,183.86,29469.0
20250424,183.92,188.43,189.95,183.92,21152.0
20250425,188.14,186.96,188.99,186.36,25605.0
20250428,187.78,190.06,190.06,186.55,40524.0
20250429,191.08,199.43,200.5,191.08,58838.0
20250430,199.44,196.69,199.75,193.9,33521.0
20250501,198.66,198.56,199.3,197.33,27032.0
20250502,200.26,201.75,202.57,199.76,25284.0
20250505,201.45,203.23,203.23,200.19,52597.0
20250506,201.4,199.78,201.4,197.18,41084.0
20250507,198.95,202.34,204.24,198.95,32296.0
20250508,204.46,202.14,204.46,201.42,25467.0
20250509,202.6,201.02,202.6,200.38,15136.0
20250512,204.46,206.79,206.82,204.0,28143.0
20250513,206.82,205.61,207.63,205.46,30326.0
20250514,206.34,205.21,206.34,203.35,22467.0
20250515,203.66,209.55,210.09,203.66,27425.0
20250516,209.18,208.56,210.1,207.87,21799.0
20250519,209.15,211.06,212.09,207.87,19440.0
20250520,210.88,212.0,212.24,210.36,20369.0
20250521,210.6,209.33,211.96,208.71,22260.0
20250522,211.17,210.94,212.02,208.23,17497.0
20250523,208.23,209.16,210.11,208.06,14152.0
20250527,211.77,213.46,213.65,209.48,20963.0
20250528,212.76,212.92,214.79,210.43,18185.0
20250529,212.03,211.18,212.85,210.28,54069.0
20250530,211.56,213.57,213.9,210.83,57087.0
20250602,212.94,212.48,213.31,210.14,15554.0
20250603,212.0,213.31,214.09,211.97,18073.0
20250604,214.21,214.36,215.55,213.12,13315.0
20250605,214.12,213.88,214.75,213.05,22663.0
20250606,213.76,215.56,217.15,213.76,14035.0
20250609,216.91,213.9,216.91,213.44,14183.0
20250610,213.99,212.94,214.45,212.68,13983.0
20250611,212.47,209.64,213.69,208.84,13896.0
20250612,211.89,212.98,213.61,210.84,11169.0
20250613,211.68,211.33,213.06,210.59,14037.0
20250616,212.53,211.05,213.31,210.61,12309.0
20250617,211.05,209.17,211.52,208.68,20239.0
20250618,209.35,209.05,210.67,208.11,24049.0
20250620,209.17,208.98,211.14,207.47,41134.0
20250623,210.36,211.75,212.24,208.91,18064.0
20250624,212.85,211.56,213.04,210.72,28161.0
20250625,211.69,208.97,211.69,208.37,21293.0
20250626,210.11,213.65,213.76,209.29,18547.0
20250627,213.31,215.58,215.73,212.73,35458.0
20250630,215.79,219.34,220.06,215.12,29932.0
20250701,219.17,225.19,225.24,218.68,26163.0
20250702,225.21,226.13,226.62,223.22,33924.0
20250703,225.28,227.07,227.35,225.28,10104.0
20250707,225.64,225.33,226.98,224.19,19384.0
20250708,226.25,227.97,227.97,224.98,17625.0
20250709,226.79,225.19,227.75,223.04,14208.0
20250710,224.47,222.85,225.54,222.84,15144.0
20250711,222.21,221.65,222.41,220.47,16095.0
20250714,221.68,224.3,224.98,220.55,14868.0
20250715,223.3,221.18,224.08,220.89,13689.0
20250716,222.36,222.99,223.3,219.54,18002.0
20250717,222.99,224.59,224.89,221.07,16391.0
20250718,224.62,222.36,226.4,221.64,27902.0
20250721,224.22,222.08,224.57,221.59,18453.0
20250722,222.04,222.91,223.37,220.79,20629.0
20250723,224.75,227.97,227.97,223.52,26922.0
20250724,230.84,213.03,231.31,210.86,82267.0
20250725,212.81,211.34,213.5,209.44,41306.0
20250728,212.56,212.37,214.59,211.52,29855.0
20250729,212.67,209.08,212.94,208.45,26250.0
20250730,209.55,208.23,211.42,206.82,34806.0
20250731,209.2,209.53,210.8,207.85,20439.0
20250801,208.6,205.24,209.5,204.61,28830.0
20250804,206.62,207.78,208.51,205.21,20422.0
20250805,208.2,207.76,208.65,206.34,17229.0
20250806,208.77,206.34,209.07,206.34,16099.0
20250807,206.25,204.46,207.76,203.15,20269.0
20250808,204.49,204.17,205.59,203.52,18556.0
20250811,204.69,203.8,204.69,201.82,15798.0
20250812,204.46,204.83,205.31,203.09,32253.0
20250813,205.4,207.22,207.26,204.66,27952.0
20250814,207.63,204.93,207.63,204.72,20518.0
20250815,204.46,204.19,205.96,203.31,19025.0
20250818,204.46,203.89,204.84,203.44,26458.0
20250819,203.29,204.26,205.56,203.02,15367.0
20250820,204.1,204.41,206.83,203.72,28614.0
20250821,203.98,205.2,205.2,202.57,16958.0
20250822,205.67,210.0,210.19,205.67,21297.0
20250825,209.47,208.08,209.56,207.76,15038.0
20250826,207.45,209.7,209.93,207.13,28498.0
20250827,209.34,208.7,209.85,207.67,14237.0
20250828,208.89,208.57,209.07,207.08,18211.0
20250829,208.56,206.81,208.79,206.51,14503.0
20250902,206.61,204.43,206.61,202.95,23780.0
20250903,204.54,201.4,204.67,200.27,25642.0
20250904,202.87,202.53,204.46,199.28,34874.0
20250905,202.38,202.55,203.79,201.04,28741.0
20250908,202.55,202.76,203.52,200.26,35264.0
20250909,202.27,201.31,202.87,199.69,21996.0
20250910,201.61,199.46,201.95,199.15,32842.0
20250911,199.8,202.21,203.67,199.25,43263.0
20250912,201.87,199.28,202.18,198.74,23872.0
20250915,199.66,199.29,200.62,198.51,27947.0
20250916,199.44,199.37,200.99,198.33,24462.0
20250917,199.03,198.99,201.3,198.0,43609.0
20250918,199.77,198.19,201.07,197.91,34506.0
20250919,198.81,197.02,199.4,195.43,89006.0
20250922,196.91,196.72,198.37,195.35,34131.0
20250923,196.91,196.79,198.82,196.55,42161.0
20250924,196.87,196.84,198.13,196.18,37227.0
20250925,197.2,195.26,197.28,195.04,30226.0
20250926,195.69,196.16,196.97,195.37,24270.0
20250929,196.96,196.93,198.01,194.77,40767.0
20250930,197.2,198.3,198.91,196.4,30065.0
20251001,197.4,198.71,200.49,197.4,25497.0
20251002,198.62,198.81,200.71,197.86,31736.0
20251003,199.26,197.44,199.77,196.37,29917.0
20251006,197.41,196.92,198.51,195.78,32192.0
20251007,196.54,196.92,197.56,195.8,22356.0
20251008,197.2,197.77,197.77,195.88,17653.0
20251009,197.63,193.09,198.16,191.72,25838.0
20251010,193.15,190.38,193.6,188.45,34405.0
20251013,191.29,191.01,191.49,189.01,22761.0
20251014,191.04,196.92,196.92,189.71,29871.0
20251015,196.94,190.94,197.31,190.41,29910.0
20251016,191.98,191.28,193.51,190.54,21443.0
20251017,190.9,191.82,193.15,190.34,24927.0
20251020,191.86,194.34,194.34,191.4,25781.0
20251021,194.18,197.19,198.44,193.95,27469.0
20251022,197.4,196.92,198.18,194.08,31780.0
20251023,197.86,207.2,209.62,196.64,59183.0
20251024,209.36,203.51,209.89,202.34,51034.0
20251027,205.83,202.67,208.23,202.29,38377.0
20251028,202.67,201.96,203.03,200.85,21171.0
20251029,201.26,200.42,202.2,198.33,29331.0
20251030,203.0,198.51,206.01,198.5,37337.0
20251031,199.25,201.5,201.87,198.65,26881.0
20251103,201.22,197.61,201.45,197.1,31993.0
20251104,197.37,197.19,198.01,194.68,42282.0
20251105,196.6,196.0,199.73,195.31,30193.0
20251106,197.02,195.91,197.83,195.22,20433.0
20251107,195.98,194.45,196.5,193.7,22429.0
20251110,194.09,196.07,196.48,193.62,22044.0
20251111,195.88,200.6,201.51,195.77,29327.0
20251112,201.9,200.98,202.28,199.58,30340.0
20251113,200.54,200.35,203.04,199.52,29582.0
20251114,198.4,199.17,199.87,195.67,22690.0
20251117,199.0,196.08,199.35,194.97,16763.0
20251118,194.85,191.0,194.85,190.57,33025.0
20251119,191.02,191.35,191.73,189.0,21612.0
20251120,191.16,188.55,193.25,186.76,21434.0
20251121,188.77,190.02,191.08,187.31,32804.0
20251124,189.28,188.5,190.2,187.04,35052.0
20251125,188.39,191.02,191.63,188.23,25598.0
20251126,191.0,190.2,192.29,189.45,19859.0
20251128,190.24,192.0,192.4,189.6,11470.0
20251201,191.95,190.25,192.16,189.98,22991.0
20251202,189.35,193.2,193.73,189.35,26866.0
20251203,193.2,193.25,195.2,192.77,23791.0
20251204,193.59,192.15,193.92,191.46,25527.0
20251205,192.79,191.33,193.36,190.65,24570.0
20251208,191.4,191.79,192.36,190.53,20396.0
20251209,191.66,190.15,192.69,189.86,17478.0
20251210,190.17,192.06,192.7,190.12,29428.0
20251211,192.0,194.89,194.89,192.0,20321.0
20251212,194.22,193.98,195.55,192.51,16022.0
20251215,195.35,197.45,197.6,193.37,21149.0
20251216,197.26,198.26,198.76,196.68,23284.0
20251217,198.3,200.4,202.46,198.12,37694.0
20251218,199.31,197.98,201.33,196.66,20705.0
20251219,198.01,199.5,201.06,195.0,45367.0
20251222,199.78,195.9,199.78,192.0,28424.0
20251223,195.8,195.61,196.21,194.68,17066.0
20251224,195.4,195.39,197.14,195.01,9632.0
20251226,196.3,197.44,197.48,195.88,9146.0
20251229,197.66,196.89,197.68,196.23,14598.0
20251230,197.8,196.05,197.81,195.41,12516.0
20251231,196.26,195.01,197.05,195.01,14089.0
20260102,195.79,195.88,196.59,193.35,18788.0
20260105,194.59,200.0,201.78,194.59,22879.0
20260106,200.98,204.7,205.56,200.35,26520.0
20260107,204.88,200.13,206.0,198.52,35673.0
20260108,200.11,205.24,205.49,198.55,37170.0
20260109,205.0,207.41,208.74,203.51,41620.0
20260112,207.16,208.13,208.71,204.63,32588.0
20260113,208.2,210.0,211.21,207.39,27641.0
20260114,209.48,213.05,215.4,209.48,29547.0
20260115,212.05,215.02,215.55,211.85,36921.0
20260116,217.42,219.39,220.63,216.0,49630.0
20260120,216.59,215.59,219.17,214.2,52727.0
20260121,215.42,219.17,220.41,214.75,31846.0
20260122,219.7,222.45,223.44,219.37,28499.0
20260123,222.4,220.51,223.32,220.37,22083.0
20260126,222.0,220.0,222.0,219.42,25112.0
20260127,220.57,220.5,223.0,220.11,20256.0
20260128,220.57,217.0,221.27,216.0,32110.0
20260129,218.0,227.35,227.86,210.5,45940.0
20260130,226.2,227.5,229.59,225.5,45508.0
20260202,227.0,228.0,228.36,225.08,30079.0
20260203,227.3,231.12,232.0,226.5,28822.0
20260204,232.0,235.35,236.34,230.6,34803.0
20260205,235.0,234.32,236.08,232.55,31809.0
20260206,235.02,237.9,239.08,232.66,25388.0
20260209,238.2,239.61,240.95,237.0,20705.0
20260210,239.5,243.91,244.78,239.01,22384.0
20260211,243.52,243.01,246.51,239.12,27312.0
20260212,244.0,238.92,245.63,238.14,48861.0
20260213,238.64,241.31,243.22,237.72,36522.0
20260217,240.38,242.16,244.75,239.66,27764.0
20260218,243.47,240.79,243.47,239.11,17903.0
20260219,240.38,241.2,242.79,239.18,12982.0
20260220,241.22,244.0,244.5,240.28,16842.0
20260223,243.48,243.3,246.0,242.38,15179.0
20260224,243.04,243.94,245.41,242.78,16206.0
20260225,243.8,242.52,245.22,240.65,18653.0
20260226,241.99,240.01,243.85,239.82,16140.0
20260227,240.25,243.38,243.93,240.2,23071.0
20260302,243.34,247.85,248.5,241.22,25331.0
20260303,244.98,244.98,247.16,241.63,46217.0
20260304,243.65,245.97,247.27,239.18,30005.0
20260305,243.81,238.38,243.92,235.97,26884.0
20260306,237.48,235.0,240.15,234.11,16995.0
20260309,230.7,237.59,238.39,230.7,17844.0
20260310,236.52,240.61,245.26,236.0,30743.0
20260311,239.8,237.37,241.95,237.37,23134.0
20260312,237.66,233.75,239.77,233.19,30890.0
20260313,232.0,234.5,237.58,232.0,21124.0
20260316,234.5,234.51,236.31,233.64,21064.0
20260317,233.04,231.42,235.64,226.0,29594.0
20260318,232.7,228.99,233.23,228.56,21081.0
20260319,229.93,229.04,230.61,226.42,20494.0
20260320,228.62,223.38,229.5,219.83,57113.0
20260323,221.28,223.01,229.0,219.97,23507.0
20260324,222.53,225.5,225.5,220.34,21955.0
20260325,224.4,225.79,227.61,222.64,30844.0
20260326,224.03,225.68,228.65,221.3,36704.0
20260327,226.15,223.1,226.32,222.62,22213.0
20260330,223.29,223.48,226.35,222.61,21297.0
20260331,226.25,226.16,226.68,222.12,19856.0
20260401,226.04,228.22,231.4,226.04,20396.0
20260402,225.31,228.78,232.79,225.12,16730.0
20260406,227.32,227.76,229.45,226.38,20125.0
20260407,229.0,228.09,229.0,221.44,24573.0
20260408,228.9,232.61,232.66,228.31,25620.0
20260409,230.68,236.07,237.0,228.73,19763.0
20260410,235.9,235.5,237.58,234.06,12514.0
20260413,233.2,233.31,234.89,231.79,18530.0
20260414,233.29,233.3,234.48,231.66,22213.0
20260415,232.98,232.0,233.85,228.93,17146.0
20260416,231.49,230.9,233.6,228.98,17716.0
20260417,230.78,233.7,236.45,230.42,25680.0
20260420,232.69,229.99,233.61,228.95,20769.0
20260421,230.19,222.42,230.19,221.13,31455.0
20260422,223.3,220.55,227.79,219.1,28306.0
20260423,221.09,214.25,221.83,200.0,53052.0
20260424,213.74,213.41,214.7,209.82,32240.0
20260427,212.12,212.2,214.13,210.52,23314.0
20260428,212.54,212.93,215.0,210.36,23434.0
20260429,212.45,209.45,212.9,208.29,28861.0
20260430,209.62,214.37,215.03,209.41,31204.0
20260501,215.51,212.46,215.56,212.01,16141.0
20260504,211.99,209.59,213.25,209.23,19559.0
20260505,210.11,209.83,212.95,208.54,18598.0
20260506,209.3,216.86,218.08,209.3,28877.0
20260507,217.66,216.44,218.5,214.01,24876.0
20260508,215.0,218.48,218.5,212.75,23777.0
20260511,213.75,220.0,221.07,213.5,29405.0
20260512,221.64,220.0,221.64,216.41,24900.0
20260513,219.0,217.9,219.8,215.96,23940.0
20260514,218.89,218.0,219.22,215.75,23403.0
20260515,216.53,213.16,216.53,211.5,28887.0
20260518,212.0,217.7,218.85,211.0,28157.0
20260519,217.0,217.39,219.43,215.02,31989.0
20260520,216.98,216.04,218.32,214.77,22361.0
20260521,218.74,224.38,225.31,217.25,32158.0
20260522,224.6,228.19,230.0,222.55,35488.0
20260526,227.9,231.85,235.92,227.9,44613.0
20260527,231.67,231.47,235.21,231.37,28811.0
20260528,231.11,232.9,233.48,228.31,23984.0
20260529,232.5,237.75,239.94,231.76,33850.0
20260601,237.45,233.91,239.11,232.7,31193.0
20260602,235.93,235.23,239.89,232.07,31119.0
20260603,235.0,224.25,237.49,221.39,38907.0
20260604,225.07,218.12,227.26,216.77,45351.0
20260605,218.2,213.75,218.99,212.85,31935.0
20260608,213.76,211.5,215.82,210.85,25184.0
20260609,212.08,216.81,217.46,212.0,30123.0
20260610,215.94,206.44,215.94,205.52,25954.0
20260611,211.33,220.9,221.0,207.0,47122.0
20260612,220.01,221.25,225.52,219.16,32946.0
20260615,223.43,227.39,231.35,222.15,45874.0
20260616,227.36,230.3,231.45,226.0,28588.0
20260617,228.5,230.45,234.7,227.89,27950.0
20260618,229.76,229.04,233.43,226.89,45531.0
202606220817,228.55,228.55,228.55,228.55,1.0
202606220818,228.55,228.55,228.55,228.55,0.0
202606220819,228.55,228.55,228.55,228.55,0.0
202606220820,228.55,228.55,228.55,228.55,0.0
202606220821,228.55,228.55,228.55,228.55,0.0
202606220822,228.55,228.55,228.55,228.55,0.0
202606220823,228.55,228.55,228.55,228.55,0.0
202606220824,228.55,228.55,228.55,228.55,0.0
202606220825,228.55,228.55,228.55,228.55,0.0
202606220826,228.55,228.55,228.55,228.55,0.0
202606220827,228.55,228.55,228.55,228.55,0.0
202606220828,228.55,228.55,228.55,228.55,0.0
202606220829,228.55,228.55,228.55,228.55,0.0
202606220830,228.55,228.55,228.55,228.55,0.0
202606220831,228.55,228.55,228.55,228.55,0.0
202606220832,228.55,228.55,228.55,228.55,0.0
202606220833,228.55,228.55,228.55,228.55,0.0
202606220834,228.55,228.55,228.55,228.55,0.0
202606220835,228.55,228.55,228.55,228.55,0.0
202606220836,228.55,228.55,228.55,228.55,0.0
202606220837,228.55,228.55,228.55,228.55,0.0
202606220838,228.55,228.55,228.55,228.55,0.0
202606220839,228.55,228.55,228.55,228.55,0.0
202606220840,228.55,228.55,228.55,228.55,0.0
202606220841,228.55,228.55,228.55,228.55,0.0
202606220842,228.55,228.55,228.55,228.55,0.0
202606220843,228.55,228.55,228.55,228.55,0.0
202606220844,228.55,228.55,228.55,228.55,0.0
202606220845,228.55,228.55,228.55,228.55,0.0
202606220846,228.55,228.55,228.55,228.55,0.0
202606220847,228.55,228.55,228.55,228.55,0.0
202606220848,228.55,228.55,228.55,228.55,0.0
202606220849,228.55,228.55,228.55,228.55,0.0
202606220850,228.55,228.55,228.55,228.55,0.0
202606220851,228.55,228.55,228.55,228.55,0.0
202606220852,228.55,228.55,228.55,228.55,0.0
202606220853,228.55,228.55,228.55,228.55,0.0
202606220854,228.55,228.55,228.55,228.55,0.0
202606220855,228.55,228.55,228.55,228.55,0.0
202606220856,228.55,228.55,228.55,228.55,0.0
202606220857,228.55,228.55,228.55,228.55,0.0
202606220858,228.55,228.55,228.55,228.55,0.0
202606220859,228.55,228.55,228.55,228.55,0.0
202606220900,228.55,228.55,228.55,228.55,0.0
202606220901,228.55,228.55,228.55,228.55,0.0
202606220902,228.55,228.55,228.55,228.55,0.0
202606220903,228.55,228.55,228.55,228.55,0.0
202606220904,228.55,228.55,228.55,228.55,0.0
202606220905,228.55,228.55,228.55,228.55,0.0
202606220906,228.55,228.55,228.55,228.55,0.0
202606220907,228.55,228.55,228.55,228.55,0.0
202606220908,228.55,228.55,228.55,228.55,0.0
202606220909,228.55,228.55,228.55,228.55,0.0
202606220910,228.55,228.55,228.55,228.55,0.0
202606220911,228.55,228.55,228.55,228.55,0.0
202606220912,228.55,228.55,228.55,228.55,0.0
202606220913,228.55,228.55,228.55,228.55,0.0
202606220914,228.55,228.55,228.55,228.55,0.0
202606220915,228.55,228.55,228.55,228.55,0.0
202606220916,228.55,228.55,228.55,228.55,0.0
202606220917,228.55,228.55,228.55,228.55,0.0
202606220918,228.55,228.55,228.55,228.55,0.0
202606220919,228.55,228.55,228.55,228.55,0.0
202606220920,228.55,228.55,228.55,228.55,0.0
202606220921,228.55,228.55,228.55,228.55,0.0
202606220922,228.55,228.55,228.55,228.55,0.0
202606220923,228.55,228.55,228.55,228.55,0.0
202606220924,228.55,228.55,228.55,228.55,0.0
202606220925,228.55,228.55,228.55,228.55,0.0
202606220926,228.55,228.55,228.55,228.55,0.0
202606220927,228.55,228.55,228.55,228.55,0.0
202606220928,228.55,228.55,228.55,228.55,0.0
202606220929,228.55,228.55,228.55,228.55,0.0
202606220930,228.55,228.55,228.55,228.55,0.0
202606220931,228.55,228.55,228.55,228.55,0.0
202606220932,228.55,228.55,228.55,228.55,0.0
202606220933,228.55,228.55,228.55,228.55,0.0
202606220934,228.55,228.55,228.55,228.55,0.0
202606220935,228.55,228.55,228.55,228.55,0.0
202606220936,228.55,228.55,228.55,228.55,0.0
202606220937,230.0,230.0,230.0,230.0,1.0
202606220938,230.0,230.0,230.0,230.0,0.0
202606220939,230.0,230.0,230.0,230.0,0.0
202606220940,230.0,230.0,230.0,230.0,0.0
202606220941,230.0,230.0,230.0,230.0,0.0
202606220942,230.0,230.0,230.0,230.0,0.0
202606220943,230.0,230.0,230.0,230.0,0.0
202606220944,230.0,230.0,230.0,230.0,0.0
202606220945,230.0,230.0,230.0,230.0,0.0
202606220946,230.0,230.0,230.0,230.0,0.0
202606220947,230.0,230.0,230.0,230.0,0.0
202606220948,230.0,230.0,230.0,230.0,0.0
202606220949,230.0,230.0,230.0,230.0,0.0
202606220950,230.0,230.0,230.0,230.0,0.0
202606220951,230.0,230.0,230.0,230.0,0.0
202606220952,230.0,230.0,230.0,230.0,0.0
202606220953,230.0,230.0,230.0,230.0,0.0
202606220954,230.0,230.0,230.0,230.0,0.0
202606220955,230.0,230.0,230.0,230.0,0.0
202606220956,230.0,230.0,230.0,230.0,0.0
202606220957,230.0,230.0,230.0,230.0,0.0
202606220958,230.0,230.0,230.0,230.0,0.0
202606220959,230.0,230.0,230.0,230.0,0.0
202606221000,230.0,230.0,230.0,230.0,0.0
202606221001,230.0,230.0,230.0,230.0,0.0
202606221002,230.0,230.0,230.0,230.0,0.0
202606221003,230.0,230.0,230.0,230.0,0.0
202606221004,230.0,230.0,230.0,230.0,0.0
202606221005,230.0,230.0,230.0,230.0,0.0
202606221006,230.0,230.0,230.0,230.0,0.0
202606221007,230.0,230.0,230.0,230.0,0.0
202606221008,230.0,230.0,230.0,230.0,0.0
202606221009,230.0,230.0,230.0,230.0,0.0
202606221010,230.0,230.0,230.0,230.0,0.0
202606221011,230.0,230.0,230.0,230.0,0.0
202606221012,230.0,230.0,230.0,230.0,0.0
202606221013,230.0,230.0,230.0,230.0,0.0
202606221014,230.0,230.0,230.0,230.0,0.0
202606221015,230.0,230.0,230.0,230.0,0.0
202606221016,230.0,230.0,230.0,230.0,0.0
202606221017,230.0,230.0,230.0,230.0,0.0
202606221018,230.0,230.0,230.0,230.0,0.0
202606221019,230.0,230.0,230.0,230.0,0.0
202606221020,230.0,230.0,230.0,230.0,0.0
202606221021,230.0,230.0,230.0,230.0,0.0
202606221022,230.0,230.0,230.0,230.0,0.0
202606221023,230.0,230.0,230.0,230.0,0.0
202606221024,230.0,230.0,230.0,230.0,0.0
202606221025,230.0,230.0,230.0,230.0,0.0
202606221026,230.0,230.0,230.0,230.0,0.0
202606221027,230.0,230.0,230.0,230.0,0.0
202606221028,230.0,230.0,230.0,230.0,0.0
202606221029,230.0,230.0,230.0,230.0,0.0
202606221030,230.0,230.0,230.0,230.0,0.0
202606221031,230.0,230.0,230.0,230.0,0.0
202606221032,230.0,230.0,230.0,230.0,0.0
202606221033,230.0,230.0,230.0,230.0,0.0
202606221034,230.0,230.0,230.0,230.0,0.0
202606221035,230.0,230.0,230.0,230.0,0.0
202606221036,230.0,230.0,230.0,230.0,0.0
202606221037,230.0,230.0,230.0,230.0,0.0
202606221038,230.0,230.0,230.0,230.0,0.0
202606221039,230.0,230.0,230.0,230.0,0.0
202606221040,230.0,230.0,230.0,230.0,0.0
202606221041,230.0,230.0,230.0,230.0,0.0
202606221042,230.0,230.0,230.0,230.0,0.0
202606221043,230.0,230.0,230.0,230.0,0.0
202606221044,230.0,230.0,230.0,230.0,0.0
202606221045,230.0,230.0,230.0,230.0,0.0
202606221046,230.0,230.0,230.0,230.0,0.0
202606221047,230.0,230.0,230.0,230.0,0.0
202606221048,230.0,230.0,230.0,230.0,0.0
202606221049,230.0,230.0,230.0,230.0,0.0
202606221050,230.0,230.0,230.0,230.0,0.0
202606221051,230.0,230.0,230.0,230.0,0.0
202606221052,230.0,230.0,230.0,230.0,0.0
202606221053,230.0,230.0,230.0,230.0,0.0
202606221054,230.0,230.0,230.0,230.0,0.0
202606221055,230.0,230.0,230.0,230.0,0.0
202606221056,230.0,230.0,230.0,230.0,0.0
202606221057,230.0,230.0,230.0,230.0,0.0
202606221058,230.0,230.0,230.0,230.0,0.0
202606221059,230.0,230.0,230.0,230.0,0.0
202606221100,230.0,230.0,230.0,230.0,0.0
202606221101,230.0,230.0,230.0,230.0,0.0
202606221102,230.0,230.0,230.0,230.0,0.0
202606221103,230.0,230.0,230.0,230.0,0.0
202606221104,230.0,230.0,230.0,230.0,0.0
202606221105,230.0,230.0,230.0,230.0,0.0
202606221106,230.0,230.0,230.0,230.0,0.0
202606221107,230.0,230.0,230.0,230.0,0.0
202606221108,228.96,228.96,228.96,228.96,2.0
202606221109,228.6,228.6,228.6,228.6,1.0
202606221110,228.6,228.6,228.6,228.6,0.0
202606221111,228.75,228.75,228.75,228.75,18.0
202606221112,228.75,228.75,228.75,228.75,0.0
202606221113,228.75,228.75,228.75,228.75,0.0
202606221114,229.0,229.0,229.0,229.0,3.0
202606221115,229.0,229.0,229.0,229.0,0.0
202606221116,229.0,229.0,229.0,229.0,0.0
202606221117,229.0,229.0,229.0,229.0,0.0
202606221118,229.0,229.0,229.0,229.0,0.0
202606221119,229.0,229.0,229.0,229.0,0.0
202606221120,229.0,229.0,229.0,229.0,0.0
202606221121,229.0,229.0,229.0,229.0,0.0
202606221122,229.0,229.0,229.0,229.0,0.0
202606221123,229.0,229.0,229.0,229.0,0.0
202606221124,229.0,229.0,229.0,229.0,0.0
202606221125,229.0,229.0,229.0,229.0,0.0
202606221126,229.0,229.0,229.0,229.0,0.0
202606221127,229.0,229.0,229.0,229.0,0.0
202606221128,229.0,229.0,229.0,229.0,0.0
202606221129,229.0,229.0,229.0,229.0,0.0
202606221130,229.0,229.0,229.0,229.0,0.0
202606221131,229.0,229.0,229.0,229.0,0.0
202606221132,229.0,229.0,229.0,229.0,0.0
202606221133,228.6,228.6,228.6,228.6,1.0
202606221134,228.6,228.6,228.6,228.6,0.0
202606221135,228.6,228.6,228.6,228.6,0.0
202606221136,228.6,228.6,228.6,228.6,0.0
202606221137,228.6,228.6,228.6,228.6,0.0
202606221138,228.6,228.6,228.6,228.6,0.0
202606221139,228.6,228.6,228.6,228.6,0.0
202606221140,228.6,228.6,228.6,228.6,0.0
202606221141,228.6,228.6,228.6,228.6,0.0
202606221142,228.6,228.6,228.6,228.6,0.0
202606221143,228.6,228.6,228.6,228.6,0.0
202606221144,228.6,228.6,228.6,228.6,0.0
202606221145,228.6,228.6,228.6,228.6,0.0
202606221146,228.6,228.6,228.6,228.6,0.0
202606221147,228.6,228.6,228.6,228.6,0.0
202606221148,228.6,228.6,228.6,228.6,0.0
202606221149,228.62,228.62,228.62,228.62,1.0
202606221150,228.62,228.62,228.62,228.62,0.0
202606221151,228.62,228.62,228.62,228.62,0.0
202606221152,228.62,228.62,228.62,228.62,0.0
202606221153,228.62,228.62,228.62,228.62,0.0
202606221154,228.62,228.62,228.62,228.62,0.0
202606221155,228.62,228.62,228.62,228.62,0.0
202606221156,228.62,228.62,228.62,228.62,0.0
202606221157,228.62,228.62,228.62,228.62,0.0
202606221158,228.62,228.62,228.62,228.62,0.0
202606221159,228.62,228.62,228.62,228.62,0.0
202606221200,228.62,228.62,228.62,228.62,0.0
202606221201,228.96,228.96,228.96,228.96,1.0
202606221202,228.96,228.96,228.96,228.96,0.0
202606221203,228.96,228.96,228.96,228.96,0.0
202606221204,228.96,228.96,228.96,228.96,0.0
202606221205,228.74,228.74,228.75,228.74,5.0
202606221206,228.74,228.74,228.74,228.74,0.0
202606221207,228.74,228.74,228.74,228.74,0.0
202606221208,228.74,228.74,228.74,228.74,0.0
202606221209,228.74,228.74,228.74,228.74,0.0
202606221210,228.74,228.74,228.74,228.74,0.0
202606221211,228.74,228.74,228.74,228.74,0.0
202606221212,228.74,228.74,228.74,228.74,0.0
202606221213,228.96,228.96,228.96,228.96,1.0
202606221214,228.96,228.96,228.96,228.96,0.0
202606221215,228.96,228.96,228.96,228.96,0.0
202606221216,228.96,228.96,228.96,228.96,0.0
202606221217,228.96,228.96,228.96,228.96,0.0
202606221218,228.96,228.96,228.96,228.96,0.0
202606221219,228.96,228.96,228.96,228.96,0.0
202606221220,228.96,228.96,228.96,228.96,0.0
202606221221,228.96,228.96,228.96,228.96,0.0
202606221222,229.45,229.45,229.45,229.45,1.0
202606221223,229.45,229.45,229.45,229.45,1.0
202606221224,229.45,229.45,229.45,229.45,0.0
202606221225,229.45,229.45,229.45,229.45,0.0
202606221226,229.45,229.45,229.45,229.45,0.0
202606221227,229.45,229.45,229.45,229.45,0.0
202606221228,229.45,229.45,229.45,229.45,0.0
202606221229,229.45,229.45,229.45,229.45,0.0
202606221230,229.45,229.45,229.45,229.45,0.0
202606221231,229.45,229.45,229.45,229.45,0.0
202606221232,229.45,229.45,229.45,229.45,0.0
202606221233,229.45,229.45,229.45,229.45,0.0
202606221234,229.45,229.45,229.45,229.45,0.0
202606221235,229.45,229.45,229.45,229.45,0.0
202606221236,229.45,229.45,229.45,229.45,0.0
202606221237,229.45,229.45,229.45,229.45,0.0
202606221238,229.45,229.45,229.45,229.45,0.0
202606221239,229.45,229.45,229.45,229.45,0.0
202606221240,229.45,229.45,229.45,229.45,0.0
202606221241,229.45,229.45,229.45,229.45,0.0
202606221242,229.38,229.38,229.38,229.37,1.0
202606221243,229.38,229.38,229.38,229.38,0.0
202606221244,229.38,229.38,229.38,229.38,0.0
202606221245,229.38,229.38,229.38,229.38,0.0
202606221246,229.38,229.38,229.38,229.38,0.0
202606221247,229.38,229.38,229.38,229.38,0.0
202606221248,229.38,229.38,229.38,229.38,0.0
202606221249,229.38,229.38,229.38,229.38,0.0
202606221250,229.38,229.38,229.38,229.38,0.0
202606221251,229.38,229.38,229.38,229.38,0.0
202606221252,229.38,229.38,229.38,229.38,0.0
202606221253,229.38,229.38,229.38,229.38,0.0
202606221254,229.38,229.38,229.38,229.38,0.0
202606221255,229.38,229.38,229.38,229.38,0.0
202606221256,229.15,229.15,229.15,229.15,1.0
202606221257,229.15,229.15,229.15,229.15,0.0
202606221258,229.15,229.15,229.15,229.15,0.0
202606221259,229.15,229.15,229.15,229.15,0.0
202606221300,229.15,229.15,229.15,229.15,0.0
202606221301,229.15,229.15,229.15,229.15,0.0
202606221302,229.15,229.15,229.15,229.15,0.0
202606221303,229.15,229.15,229.15,229.15,0.0
202606221304,229.15,229.15,229.15,229.15,0.0
202606221305,229.15,229.15,229.15,229.15,0.0
202606221306,229.15,229.15,229.15,229.15,0.0
202606221307,229.15,229.15,229.15,229.15,0.0
202606221308,229.15,229.15,229.15,229.15,0.0
202606221309,229.15,229.15,229.15,229.15,0.0
202606221310,229.15,229.15,229.15,229.15,0.0
202606221311,229.45,231.66,231.67,229.45,11.0
202606221312,231.06,231.06,231.07,231.06,1.0
202606221313,231.06,231.06,231.06,231.06,0.0
202606221314,231.0,231.0,231.0,231.0,5.0
202606221315,231.0,231.0,231.0,231.0,0.0
202606221316,231.0,231.0,231.0,231.0,0.0
202606221317,231.0,231.0,231.0,231.0,0.0
202606221318,231.0,231.0,231.0,231.0,0.0
202606221319,231.0,231.0,231.0,231.0,0.0
202606221320,230.0,230.0,230.0,230.0,2.0
202606221321,230.0,230.0,230.0,230.0,0.0
202606221322,230.0,230.0,230.0,230.0,0.0
202606221323,230.0,230.0,230.0,230.0,0.0
202606221324,230.0,230.0,230.0,230.0,0.0
202606221325,230.0,230.0,230.0,230.0,0.0
202606221326,230.0,230.0,230.0,230.0,0.0
202606221327,230.0,230.0,230.0,230.0,0.0
202606221328,230.0,230.0,230.0,230.0,0.0
202606221329,230.0,230.0,230.0,230.0,0.0
202606221330,229.78,230.11,230.11,228.61,701.0
202606221331,229.97,230.85,231.4,229.97,41.0
202606221332,230.56,230.14,230.91,230.0,55.0
202606221333,230.27,229.43,230.31,229.35,28.0
202606221334,229.25,229.21,229.61,228.8,16.0
202606221335,229.33,229.53,229.53,229.0,29.0
202606221336,229.35,229.78,230.03,229.35,20.0
202606221337,229.77,229.44,229.77,229.44,19.0
202606221338,229.5,229.96,230.02,229.5,21.0
202606221339,230.08,230.22,230.23,229.96,29.0
202606221340,230.16,229.8,230.17,229.6,18.0
202606221341,229.99,229.87,230.0,229.64,13.0
202606221342,230.0,229.97,230.27,229.83,70.0
202606221343,229.81,229.97,229.97,229.81,13.0
202606221344,229.97,230.06,230.21,229.79,45.0
202606221345,230.09,229.69,230.09,229.65,29.0
202606221346,229.48,230.31,230.31,229.44,36.0
202606221347,230.31,230.41,230.91,230.31,55.0
202606221348,230.43,230.97,230.97,230.43,17.0
202606221349,230.89,230.9,231.11,230.88,19.0
202606221350,230.84,230.84,230.96,230.73,44.0
202606221351,230.96,231.24,231.33,230.96,6.0
202606221352,231.12,231.1,231.28,231.09,6.0
202606221353,230.96,231.29,231.29,230.95,18.0
202606221354,231.29,231.11,231.29,230.91,11.0
202606221355,231.08,230.97,231.13,230.97,24.0
202606221356,231.01,231.07,231.24,230.97,11.0
202606221357,231.04,230.94,231.04,230.61,49.0
202606221358,230.81,230.77,230.81,230.72,6.0
202606221359,230.84,230.8,230.84,230.79,82.0
202606221400,230.71,230.4,230.74,230.4,60.0
202606221401,230.49,230.22,230.49,230.22,22.0
202606221402,230.09,229.99,230.09,229.99,6.0
202606221403,230.07,230.37,230.37,229.83,45.0
202606221404,230.44,230.61,230.68,230.4,40.0
202606221405,230.79,230.6,230.79,230.55,22.0
202606221406,230.61,230.7,231.0,230.61,31.0
202606221407,230.55,230.56,230.61,230.5,24.0
202606221408,230.72,230.64,230.75,230.63,18.0
202606221409,230.63,230.7,230.7,230.57,5.0
202606221410,230.83,230.74,230.83,230.63,12.0
202606221411,230.66,230.53,230.66,230.53,15.0
202606221412,230.77,230.65,230.77,230.64,4.0
202606221413,230.64,230.64,230.77,230.51,22.0
202606221414,230.72,230.91,230.91,230.5,24.0
202606221415,230.78,230.68,230.94,230.68,20.0
202606221416,230.84,230.89,230.89,230.72,19.0
202606221417,230.89,230.62,230.95,230.57,16.0
202606221418,230.5,230.64,230.65,230.5,11.0
202606221419,230.5,230.34,230.5,230.2,13.0
202606221420,230.18,230.17,230.18,230.13,13.0
202606221421,230.12,230.25,230.27,230.0,7.0
202606221422,230.06,230.41,230.41,230.06,9.0
202606221423,230.41,230.23,230.42,230.23,24.0
202606221424,230.15,230.19,230.27,230.11,20.0
202606221425,230.21,230.29,230.37,230.21,10.0
202606221426,230.13,230.71,230.71,230.13,25.0
202606221427,230.76,230.72,230.9,230.72,10.0
202606221428,230.85,230.89,231.06,230.78,32.0
202606221429,230.79,230.8,230.83,230.71,36.0
202606221430,230.79,230.65,230.8,230.65,16.0
202606221431,230.65,230.66,230.76,230.57,26.0
202606221432,230.56,230.44,230.56,230.42,15.0
202606221433,230.51,230.65,230.65,230.51,4.0
202606221434,230.72,230.59,230.72,230.58,7.0
202606221435,230.74,230.7,230.93,230.66,21.0
202606221436,230.65,230.74,230.76,230.65,10.0
202606221437,230.72,230.71,230.72,230.6,88.0
202606221438,230.76,230.65,230.95,230.65,41.0
202606221439,230.6,230.66,230.66,230.56,73.0
202606221440,230.58,230.47,230.58,230.35,23.0
202606221441,230.37,230.42,230.42,230.37,6.0
202606221442,230.43,230.46,230.5,230.42,13.0
202606221443,230.52,230.44,230.52,230.4,24.0
202606221444,230.47,230.5,230.58,230.47,14.0
202606221445,230.48,230.23,230.69,230.23,93.0
202606221446,230.31,230.42,230.42,230.31,12.0
202606221447,230.33,230.42,230.45,230.33,8.0
202606221448,230.27,230.35,230.48,230.27,31.0
202606221449,230.48,230.52,230.52,230.48,4.0
202606221450,230.42,230.46,230.47,230.42,11.0
202606221451,230.52,230.42,230.6,230.38,151.0
202606221452,230.35,230.49,230.54,230.34,15.0
202606221453,230.62,230.7,230.7,230.56,8.0
202606221454,230.71,230.57,230.79,230.56,31.0
202606221455,230.66,230.44,230.66,230.42,11.0
202606221456,230.42,230.48,230.55,230.31,19.0
202606221457,230.55,230.51,230.64,230.46,81.0
202606221458,230.53,230.66,230.86,230.52,140.0
202606221459,230.83,230.87,230.87,230.77,15.0
202606221500,230.82,230.96,230.96,230.82,6.0
202606221501,230.98,231.04,231.09,230.97,15.0
202606221502,230.98,230.9,231.09,230.9,19.0
202606221503,230.96,230.96,231.02,230.91,11.0
202606221504,230.99,231.04,231.04,230.93,8.0
202606221505,231.1,230.98,231.1,230.97,13.0
202606221506,230.95,231.01,231.08,230.94,24.0
202606221507,230.94,230.9,231.01,230.89,13.0
202606221508,230.96,230.85,231.04,230.81,33.0
202606221509,230.81,230.76,230.99,230.75,5.0
202606221510,230.69,230.86,230.93,230.68,31.0
202606221511,230.93,231.02,231.02,230.92,11.0
202606221512,230.91,231.05,231.07,230.9,19.0
202606221513,230.89,231.06,231.06,230.89,190.0
202606221514,231.05,230.98,231.11,230.97,14.0
202606221515,230.98,231.07,231.07,230.83,14.0
202606221516,231.11,231.08,231.18,230.95,12.0
202606221517,231.09,230.91,231.09,230.88,10.0
202606221518,230.94,230.85,231.03,230.85,7.0
202606221519,230.94,230.72,230.94,230.71,13.0
202606221520,230.75,230.67,230.78,230.67,7.0
202606221521,230.67,230.8,230.84,230.67,18.0
202606221522,230.72,230.86,230.86,230.72,4.0
202606221523,230.9,230.95,230.95,230.81,13.0
202606221524,230.91,230.8,230.98,230.8,26.0
202606221525,230.86,230.98,230.98,230.85,2.0
202606221526,230.8,230.8,230.97,230.69,9.0
202606221527,230.63,230.71,230.86,230.63,24.0
202606221528,230.83,230.69,230.86,230.63,8.0
202606221529,230.81,230.69,231.0,230.66,42.0
202606221530,230.69,230.74,230.74,230.69,4.0
202606221531,230.72,230.61,230.72,230.53,30.0
202606221532,230.69,230.77,230.77,230.66,11.0
202606221533,230.66,230.83,230.83,230.65,8.0
202606221534,230.93,230.9,230.95,230.89,13.0
202606221535,230.88,230.75,230.94,230.74,96.0
202606221536,230.78,230.93,231.05,230.76,52.0
202606221537,230.89,230.7,230.89,230.67,119.0
202606221538,230.72,230.59,230.72,230.58,11.0
202606221539,230.71,230.65,230.72,230.64,11.0
202606221540,230.73,230.7,230.73,230.56,12.0
202606221541,230.65,230.59,230.65,230.44,61.0
202606221542,230.51,230.64,230.64,230.5,13.0
202606221543,230.64,230.59,230.66,230.59,7.0
202606221544,230.59,230.51,230.74,230.51,30.0
202606221545,230.49,230.58,230.66,230.48,15.0
202606221546,230.59,230.61,230.66,230.58,23.0
202606221547,230.61,230.61,230.61,230.6,13.0
202606221548,230.64,230.74,230.81,230.64,13.0
202606221549,230.76,230.44,230.76,230.4,43.0
202606221550,230.52,230.71,230.71,230.51,5.0
202606221551,230.61,230.53,230.61,230.46,10.0
202606221552,230.59,230.61,230.61,230.59,2.0
202606221553,230.54,230.62,230.64,230.53,14.0
202606221554,230.76,230.85,230.85,230.76,11.0
202606221555,230.91,230.98,230.98,230.91,6.0
202606221556,230.99,231.05,231.05,230.93,15.0
202606221557,231.05,230.85,231.05,230.76,52.0
202606221558,230.85,230.81,230.85,230.76,6.0
202606221559,230.85,231.07,231.07,230.78,14.0
202606221600,231.18,230.95,231.18,230.94,11.0
202606221601,230.86,230.86,230.86,230.86,1.0
202606221602,230.85,231.03,231.03,230.85,45.0
202606221603,230.97,231.21,231.21,230.97,16.0
202606221604,231.08,231.12,231.16,231.07,50.0
202606221605,231.07,231.11,231.2,231.07,21.0
202606221606,231.11,231.0,231.13,230.95,20.0
202606221607,230.95,230.92,230.98,230.86,15.0
202606221608,230.92,230.9,230.95,230.84,22.0
202606221609,230.9,230.94,230.97,230.88,11.0
202606221610,230.91,230.66,230.91,230.66,30.0
202606221611,230.66,230.77,230.84,230.56,47.0
202606221612,230.64,230.54,230.77,230.48,41.0
202606221613,230.59,230.54,230.59,230.54,8.0
202606221614,230.48,230.52,230.52,230.38,18.0
202606221615,230.5,230.39,230.5,230.38,6.0
202606221616,230.39,230.43,230.57,230.35,33.0
202606221617,230.34,230.32,230.42,230.32,13.0
202606221618,230.33,230.18,230.33,230.16,12.0
202606221619,230.11,230.07,230.11,229.95,42.0
202606221620,230.09,230.09,230.09,230.08,7.0
202606221621,230.01,230.22,230.22,230.0,20.0
202606221622,230.14,230.04,230.22,230.03,21.0
202606221623,230.07,230.12,230.13,230.0,19.0
202606221624,230.07,230.11,230.2,230.07,22.0
202606221625,230.16,230.11,230.16,230.1,5.0
202606221626,230.14,230.08,230.24,230.08,8.0
202606221627,230.08,230.08,230.08,230.07,1.0
202606221628,230.17,230.03,230.18,230.03,20.0
202606221629,230.18,230.03,230.18,230.01,15.0
202606221630,230.1,229.81,230.1,229.81,30.0
202606221631,229.72,229.73,229.82,229.7,10.0
202606221632,229.66,229.63,229.77,229.62,38.0
202606221633,229.65,229.47,229.71,229.46,28.0
202606221634,229.3,229.46,229.48,229.3,12.0
202606221635,229.62,229.58,229.62,229.56,3.0
202606221636,229.6,229.76,229.81,229.6,9.0
202606221637,229.75,229.88,229.88,229.74,5.0
202606221638,229.68,229.79,229.79,229.68,8.0
202606221639,229.8,229.93,229.94,229.8,22.0
202606221640,229.88,229.83,229.95,229.78,27.0
202606221641,229.84,229.94,229.94,229.83,14.0
202606221642,229.9,229.78,229.98,229.77,22.0
202606221643,229.93,230.03,230.03,229.92,2.0
202606221644,229.94,229.88,229.98,229.81,25.0
202606221645,229.8,229.69,229.88,229.69,20.0
202606221646,229.68,229.73,229.73,229.67,23.0
202606221647,229.73,229.64,229.73,229.63,17.0
202606221648,229.61,229.53,229.65,229.53,10.0
202606221649,229.53,229.19,229.53,229.19,69.0
202606221650,229.4,229.52,229.52,229.28,15.0
202606221651,229.49,229.26,229.5,229.26,21.0
202606221652,229.25,229.2,229.25,229.13,15.0
202606221653,229.26,229.26,229.33,229.25,7.0
202606221654,229.3,229.35,229.37,229.3,7.0
202606221655,229.34,229.66,229.68,229.34,66.0
202606221656,229.63,229.8,229.81,229.63,32.0
202606221657,229.85,229.65,229.85,229.58,6.0
202606221658,229.78,229.7,229.86,229.54,47.0
202606221659,229.71,229.56,229.71,229.56,11.0
202606221700,229.66,229.57,229.66,229.57,5.0
202606221701,229.61,229.54,229.65,229.43,22.0
202606221702,229.54,229.41,229.54,229.41,55.0
202606221703,229.35,229.44,229.49,229.34,131.0
202606221704,229.44,229.38,229.49,229.24,186.0
202606221705,229.37,229.36,229.42,229.36,15.0
202606221706,229.27,229.22,229.27,229.16,25.0
202606221707,229.27,229.2,229.27,229.19,3.0
202606221708,229.27,229.35,229.48,229.26,43.0
202606221709,229.35,229.36,229.43,229.27,15.0
202606221710,229.21,229.18,229.35,229.11,145.0
202606221711,229.21,229.16,229.21,229.06,14.0
202606221712,229.16,228.81,229.16,228.8,93.0
202606221713,228.81,228.99,229.05,228.74,68.0
202606221714,228.99,228.83,228.99,228.82,46.0
202606221715,228.83,228.93,229.05,228.82,25.0
202606221716,228.93,228.83,228.93,228.65,33.0
202606221717,228.79,228.61,228.79,228.61,13.0
202606221718,228.62,228.7,228.7,228.61,13.0
202606221719,228.7,228.82,228.83,228.52,106.0
202606221720,228.7,228.75,228.75,228.69,24.0
202606221721,228.69,228.78,228.86,228.69,29.0
202606221722,228.78,228.79,228.9,228.77,32.0
202606221723,228.79,228.98,228.98,228.78,14.0
202606221724,229.04,228.83,229.04,228.83,2.0
202606221725,228.89,228.9,228.96,228.87,21.0
202606221726,228.85,229.0,229.03,228.84,6.0
202606221727,228.96,228.98,228.98,228.86,12.0
202606221728,228.86,228.87,228.87,228.75,10.0
202606221729,228.93,229.0,229.0,228.89,24.0
202606221730,229.0,229.02,229.07,228.92,14.0
202606221731,229.02,229.02,229.11,229.01,30.0
202606221732,229.02,228.98,229.09,228.9,16.0
202606221733,228.98,228.95,228.98,228.84,23.0
202606221734,228.87,229.01,229.01,228.86,6.0
202606221735,229.0,228.95,229.0,228.95,9.0
202606221736,228.95,229.08,229.13,228.85,54.0
202606221737,229.08,229.14,229.17,229.02,21.0
202606221738,229.11,229.2,229.43,229.1,29.0
202606221739,229.2,229.18,229.2,229.04,19.0
202606221740,229.17,229.31,229.31,229.16,32.0
202606221741,229.38,229.32,229.38,229.31,10.0
202606221742,229.38,228.92,229.39,228.88,39.0
202606221743,228.92,228.91,229.07,228.87,15.0
202606221744,228.92,228.91,229.01,228.91,11.0
202606221745,228.83,228.71,228.91,228.71,29.0
202606221746,228.73,228.64,228.73,228.63,3.0
202606221747,228.72,228.53,228.74,228.5,50.0
202606221748,228.58,228.69,228.69,228.53,21.0
202606221749,228.67,228.72,228.74,228.66,10.0
202606221750,228.72,228.67,228.72,228.53,15.0
202606221751,228.81,228.73,228.81,228.68,15.0
202606221752,228.65,228.73,228.73,228.62,7.0
202606221753,228.7,228.82,228.88,228.7,12.0
202606221754,228.95,228.91,229.03,228.82,27.0
202606221755,228.92,228.89,229.0,228.88,8.0
202606221756,228.89,228.96,228.96,228.88,4.0
202606221757,229.0,228.99,229.0,228.89,10.0
202606221758,229.0,228.95,229.0,228.84,22.0
202606221759,228.96,228.77,228.97,228.77,27.0
202606221800,228.73,228.71,228.73,228.7,7.0
202606221801,228.65,228.47,228.68,228.47,5.0
202606221802,228.49,228.48,228.49,228.39,19.0
202606221803,228.42,228.17,228.46,228.16,35.0
202606221804,228.31,228.35,228.44,228.27,15.0
202606221805,228.43,228.56,228.56,228.33,9.0
202606221806,228.49,228.79,228.79,228.48,8.0
202606221807,228.8,228.91,228.93,228.62,11.0
202606221808,228.91,228.95,228.95,228.86,6.0
202606221809,228.97,228.9,228.97,228.86,12.0
202606221810,228.92,228.96,228.99,228.83,4.0
202606221811,228.92,228.84,228.99,228.84,16.0
202606221812,228.92,228.93,228.94,228.92,3.0
202606221813,228.85,228.86,228.89,228.85,8.0
202606221814,228.88,228.98,228.99,228.87,27.0
202606221815,228.99,229.01,229.01,228.99,3.0
202606221816,229.01,228.92,229.02,228.84,28.0
202606221817,228.87,228.89,228.93,228.87,6.0
202606221818,228.91,228.8,228.91,228.79,8.0
202606221819,228.83,228.89,228.89,228.82,6.0
202606221820,228.93,229.1,229.1,228.93,12.0
202606221821,229.09,229.21,229.23,229.08,25.0
202606221822,229.22,229.29,229.29,229.22,4.0
202606221823,229.27,229.27,229.27,229.15,21.0
202606221824,229.34,229.15,229.38,229.15,14.0
202606221825,229.23,229.2,229.23,229.15,20.0
202606221826,229.29,229.29,229.29,229.21,7.0
202606221827,229.2,229.33,229.48,229.16,82.0
202606221828,229.34,229.39,229.41,229.3,7.0
202606221829,229.32,229.37,229.37,229.23,11.0
202606221830,229.37,229.51,229.51,229.35,12.0
202606221831,229.51,229.41,229.51,229.38,52.0
202606221832,229.4,229.31,229.47,229.23,22.0
202606221833,229.25,229.15,229.37,229.15,12.0
202606221834,229.26,229.28,229.36,229.25,11.0
202606221835,229.35,229.4,229.4,229.35,5.0
202606221836,229.44,229.45,229.45,229.43,4.0
202606221837,229.41,229.22,229.41,229.22,17.0
202606221838,229.22,229.17,229.23,229.11,25.0
202606221839,229.29,229.2,229.36,229.18,73.0
202606221840,229.12,229.08,229.14,229.07,5.0
202606221841,229.07,229.18,229.18,229.06,6.0
202606221842,229.19,229.15,229.2,229.06,38.0
202606221843,229.14,229.15,229.22,229.1,28.0
202606221844,229.16,229.15,229.18,229.11,18.0
202606221845,229.09,229.14,229.15,229.08,35.0
202606221846,229.14,229.06,229.14,229.03,24.0
202606221847,229.07,229.02,229.07,229.02,13.0
202606221848,228.98,229.08,229.12,228.98,30.0
202606221849,229.08,229.05,229.08,229.02,13.0
202606221850,229.09,228.84,229.09,228.82,39.0
202606221851,228.85,228.8,228.88,228.8,16.0
202606221852,228.77,228.58,228.77,228.58,27.0
202606221853,228.58,228.58,228.64,228.44,41.0
202606221854,228.49,228.4,228.52,228.4,4.0
202606221855,228.44,228.49,228.49,228.44,3.0
202606221856,228.39,228.76,228.76,228.36,82.0
202606221857,228.79,228.52,228.79,228.47,12.0
202606221858,228.56,228.46,228.56,228.45,7.0
202606221859,228.55,228.42,228.55,228.39,12.0
202606221900,228.47,228.42,228.47,228.36,15.0
202606221901,228.43,228.44,228.45,228.33,8.0
202606221902,228.46,228.51,228.51,228.37,6.0
202606221903,228.57,228.49,228.63,228.46,23.0
202606221904,228.46,228.39,228.47,228.31,10.0
202606221905,228.39,228.32,228.45,228.32,13.0
202606221906,228.31,228.36,228.36,228.31,2.0
202606221907,228.27,228.15,228.27,228.15,18.0
202606221908,228.1,227.89,228.1,227.75,98.0
202606221909,227.97,228.0,228.02,227.88,11.0
202606221910,227.99,227.72,227.99,227.63,76.0
202606221911,227.67,227.74,227.79,227.64,35.0
202606221912,227.68,227.66,227.7,227.6,7.0
202606221913,227.66,227.7,227.7,227.57,30.0
202606221914,227.7,227.58,227.75,227.58,32.0
202606221915,227.7,227.73,227.74,227.68,17.0
202606221916,227.76,227.82,227.82,227.76,8.0
202606221917,227.76,227.79,227.86,227.74,16.0
202606221918,227.78,227.7,227.84,227.7,18.0
202606221919,227.82,227.77,227.85,227.73,25.0
202606221920,227.69,227.78,227.83,227.69,13.0
202606221921,227.78,227.6,227.78,227.6,23.0
202606221922,227.62,227.71,227.71,227.61,16.0
202606221923,227.72,227.72,227.74,227.67,13.0
202606221924,227.76,227.71,227.77,227.71,11.0
202606221925,227.72,227.67,227.72,227.64,14.0
202606221926,227.69,227.69,227.71,227.63,28.0
202606221927,227.64,227.52,227.73,227.52,24.0
202606221928,227.5,227.39,227.5,227.39,18.0
202606221929,227.46,227.47,227.55,227.39,23.0
202606221930,227.48,227.49,227.49,227.43,92.0
202606221931,227.47,227.36,227.49,227.31,54.0
202606221932,227.36,227.4,227.44,227.34,113.0
202606221933,227.43,227.48,227.53,227.33,51.0
202606221934,227.48,227.45,227.48,227.42,20.0
202606221935,227.38,227.45,227.47,227.37,21.0
202606221936,227.49,227.46,227.62,227.45,71.0
202606221937,227.53,227.4,227.58,227.4,25.0
202606221938,227.34,227.42,227.43,227.3,28.0
202606221939,227.42,227.33,227.43,227.29,17.0
202606221940,227.25,227.46,227.46,227.2,197.0
202606221941,227.39,227.57,227.63,227.38,50.0
202606221942,227.58,227.76,227.79,227.57,65.0
202606221943,227.76,227.99,227.99,227.72,37.0
202606221944,227.98,228.01,228.01,227.98,15.0
202606221945,228.02,228.01,228.1,228.01,39.0
202606221946,228.06,228.11,228.17,228.06,94.0
202606221947,228.13,228.15,228.16,228.13,27.0
202606221948,228.11,228.09,228.21,228.09,50.0
202606221949,228.09,228.13,228.16,228.07,29.0
202606221950,228.15,228.49,228.49,228.15,87.0
202606221951,228.46,228.24,228.46,228.19,111.0
202606221952,228.17,228.0,228.17,227.99,108.0
202606221953,228.0,228.1,228.1,228.0,67.0
202606221954,228.07,227.95,228.08,227.86,139.0
202606221955,227.98,227.81,228.18,227.77,137.0
202606221956,227.75,227.82,227.87,227.74,141.0
202606221957,227.85,227.97,228.03,227.85,231.0
202606221958,227.93,228.07,228.12,227.93,388.0
202606221959,228.07,228.08,228.18,227.97,902.0
202606222000,228.11,228.11,228.11,228.11,8759.0
202606222001,228.11,228.11,228.11,228.11,6.0
202606222002,228.11,228.11,228.11,228.11,0.0
202606222003,228.11,228.11,228.11,228.11,0.0
202606222004,228.11,228.11,228.11,228.11,0.0
202606222005,228.11,228.11,228.11,228.11,0.0
202606222006,228.11,228.11,228.11,228.11,0.0
202606222007,228.11,228.11,228.11,228.11,0.0
202606222008,228.11,228.11,228.11,228.11,0.0
202606222009,228.11,228.11,228.11,228.11,0.0
202606222010,228.11,228.11,228.11,228.11,0.0
202606222011,228.11,228.11,228.11,228.11,0.0
202606222012,228.11,228.11,228.11,228.11,0.0
202606222013,228.11,228.11,228.11,228.11,0.0
202606222014,228.11,228.11,228.11,228.11,0.0
202606222015,228.11,228.11,228.11,228.11,0.0
202606222016,228.11,228.11,228.11,228.11,0.0
202606222017,228.11,228.11,228.11,228.11,0.0
202606222018,228.11,228.11,228.11,228.11,0.0
202606222019,228.11,228.11,228.11,228.11,0.0
202606222020,228.11,228.11,228.11,228.11,1597.0
202606222021,228.11,228.11,228.11,228.11,0.0
202606222022,228.11,228.11,228.11,228.11,0.0
202606222023,228.11,228.11,228.11,228.11,0.0
202606222024,228.11,228.11,228.11,228.11,0.0
202606222025,228.11,228.11,228.11,228.11,0.0
202606222026,228.11,228.11,228.11,228.11,0.0
202606222027,228.11,228.11,228.11,228.11,0.0
202606222028,228.11,228.11,228.11,228.11,0.0
202606222029,228.11,228.11,228.11,228.11,0.0
202606222030,228.11,228.11,228.11,228.11,0.0
202606222031,228.11,228.11,228.11,228.11,0.0
202606222032,228.11,228.11,228.11,228.11,0.0
202606222033,228.11,228.11,228.11,228.11,0.0
202606222034,228.11,228.11,228.11,228.11,0.0
202606222035,228.11,228.11,228.11,228.11,0.0
202606222036,228.11,228.11,228.11,228.11,0.0
202606222037,228.11,228.11,228.11,228.11,0.0
202606222038,228.11,228.11,228.11,228.11,0.0
202606222039,228.11,228.11,228.11,228.11,0.0
202606222040,228.11,228.11,228.11,228.11,0.0
202606222041,228.11,228.11,228.11,228.11,0.0
202606222042,228.11,228.11,228.11,228.11,0.0
202606222043,228.11,228.11,228.11,228.11,0.0
202606222044,228.11,228.11,228.11,228.11,0.0
202606222045,228.11,228.11,228.11,228.11,0.0
202606222046,228.11,228.11,228.11,228.11,0.0
202606222047,228.11,228.11,228.11,228.11,0.0
202606222048,228.11,228.11,228.11,228.11,0.0
202606222049,228.11,228.11,228.11,228.11,0.0
202606222050,228.11,228.11,228.11,228.11,0.0
202606222051,228.11,228.11,228.11,228.11,0.0
202606222052,228.11,228.11,228.11,228.11,0.0
202606222053,228.52,228.52,228.52,228.52,1.0
202606222054,228.52,228.52,228.52,228.52,0.0
202606222055,228.52,228.52,228.52,228.52,0.0
202606222056,228.52,228.52,228.52,228.52,0.0
202606222057,228.52,228.52,228.52,228.52,0.0
202606222058,228.52,228.52,228.52,228.52,0.0
202606222059,228.52,228.52,228.52,228.52,0.0
202606222100,228.52,228.52,228.52,228.52,0.0
202606222101,228.52,228.52,228.52,228.52,0.0
202606222102,228.38,228.38,228.38,228.38,1.0
202606222103,228.38,228.38,228.38,228.38,0.0
202606222104,228.5,228.5,228.5,228.5,1.0
202606222105,228.5,228.5,228.5,228.5,0.0
202606222106,228.5,228.5,228.5,228.5,0.0
202606222107,228.5,228.5,228.5,228.5,0.0
202606222108,228.5,228.5,228.5,228.5,0.0
202606222109,228.5,228.5,228.5,228.5,0.0
202606222110,228.5,228.5,228.5,228.5,0.0
202606222111,228.5,228.5,228.5,228.5,0.0
202606222112,228.5,228.5,228.5,228.5,0.0
202606222113,228.17,228.17,228.17,228.17,1.0
202606222114,228.0,228.0,228.0,228.0,2.0
202606222115,228.0,228.0,228.0,228.0,0.0
202606222116,227.77,227.77,227.77,227.77,1.0
202606222117,227.77,227.77,227.77,227.77,0.0
202606222118,227.77,227.77,227.77,227.77,0.0
202606222119,227.77,227.77,227.77,227.77,0.0
202606222120,227.77,227.77,227.77,227.77,0.0
202606222121,227.77,227.77,227.77,227.77,0.0
202606222122,227.77,227.77,227.77,227.77,0.0
202606222123,227.72,227.72,227.72,227.72,1.0
202606222124,227.72,227.72,227.72,227.72,0.0
202606222125,227.72,227.72,227.72,227.72,0.0
202606222126,227.72,227.72,227.72,227.72,0.0
202606222127,227.72,227.72,227.72,227.72,0.0
202606222128,227.72,227.72,227.72,227.72,0.0
202606222129,227.72,227.72,227.72,227.72,0.0
202606222130,227.72,227.72,227.72,227.72,0.0
202606222131,227.72,227.72,227.72,227.72,0.0
202606222132,227.72,227.72,227.72,227.72,0.0
202606222133,227.72,227.72,227.72,227.72,0.0
202606222134,227.72,227.72,227.72,227.72,0.0
202606222135,227.72,227.72,227.72,227.72,0.0
202606222136,227.72,227.72,227.72,227.72,0.0
202606222137,227.72,227.72,227.72,227.72,0.0
202606222138,227.72,227.72,227.72,227.72,0.0
202606222139,227.72,227.72,227.72,227.72,0.0
202606222140,227.72,227.72,227.72,227.72,0.0
202606222141,227.72,227.72,227.72,227.72,0.0
202606222142,227.72,227.72,227.72,227.72,0.0
202606222143,227.72,227.72,227.72,227.72,0.0
202606222144,227.72,227.72,227.72,227.72,0.0
202606222145,227.72,227.72,227.72,227.72,0.0
202606222146,227.72,227.72,227.72,227.72,0.0
202606222147,228.01,228.01,228.01,228.01,1.0
202606222148,228.01,228.01,228.01,228.01,0.0
202606222149,228.01,228.01,228.01,228.01,0.0
202606222150,228.01,228.01,228.01,228.01,0.0
202606222151,228.01,228.01,228.01,228.01,0.0
202606222152,228.01,228.01,228.01,228.01,0.0
202606222153,228.01,228.01,228.01,228.01,0.0
202606222154,228.01,228.01,228.01,228.01,0.0
202606222155,228.01,228.01,228.01,228.01,0.0
202606222156,228.01,228.01,228.01,228.01,0.0
202606222157,228.01,228.01,228.01,228.01,0.0
202606222158,228.01,228.01,228.01,228.01,0.0
202606222159,228.01,228.01,228.01,228.01,0.0
202606222200,228.01,228.01,228.01,228.01,0.0
202606222201,228.01,228.01,228.01,228.01,0.0
202606222202,228.01,228.01,228.01,228.01,0.0
202606222203,228.01,228.01,228.01,228.01,0.0
202606222204,228.01,228.01,228.01,228.01,0.0
202606222205,228.01,228.01,228.01,228.01,0.0
202606222206,228.01,228.01,228.01,228.01,0.0
202606222207,228.01,228.01,228.01,228.01,0.0
202606222208,228.01,228.01,228.01,228.01,0.0
202606222209,228.01,228.01,228.01,228.01,0.0
202606222210,228.01,228.01,228.01,228.01,0.0
202606222211,228.01,228.01,228.01,228.01,0.0
202606222212,228.01,228.01,228.01,228.01,0.0
202606222213,228.01,228.01,228.01,228.01,0.0
202606222214,228.01,228.01,228.01,228.01,0.0
202606222215,228.01,228.01,228.01,228.01,0.0
202606222216,228.01,228.01,228.01,228.01,0.0
202606222217,228.01,228.01,228.01,228.01,0.0
202606222218,228.01,228.01,228.01,228.01,0.0
202606222219,228.01,228.01,228.01,228.01,0.0
202606222220,228.01,228.01,228.01,228.01,0.0
202606222221,228.01,228.01,228.01,228.01,0.0
202606222222,228.01,228.01,228.01,228.01,0.0
202606222223,228.01,228.01,228.01,228.01,0.0
202606222224,228.01,228.01,228.01,228.01,0.0
202606222225,228.01,228.01,228.01,228.01,0.0
202606222226,228.01,228.01,228.01,228.01,0.0
202606222227,228.01,228.01,228.01,228.01,0.0
202606222228,228.01,228.01,228.01,228.01,0.0
202606222229,228.01,228.01,228.01,228.01,0.0
202606222230,228.01,228.01,228.01,228.01,0.0
202606222231,228.01,228.01,228.01,228.01,0.0
202606222232,228.01,228.01,228.01,228.01,0.0
202606222233,228.01,228.01,228.01,228.01,0.0
202606222234,228.01,228.01,228.01,228.01,0.0
202606222235,228.01,228.01,228.01,228.01,0.0
202606222236,228.01,228.01,228.01,228.01,0.0
202606222237,228.01,228.01,228.01,228.01,0.0
202606222238,228.01,228.01,228.01,228.01,0.0
202606222239,228.01,228.01,228.01,228.01,0.0
202606222240,228.01,228.01,228.01,228.01,0.0
202606222241,228.01,228.01,228.01,228.01,0.0
202606222242,228.01,228.01,228.01,228.01,0.0
202606222243,228.01,228.01,228.01,228.01,0.0
202606222244,228.01,228.01,228.01,228.01,0.0
202606222245,228.01,228.01,228.01,228.01,0.0
202606222246,228.01,228.01,228.01,228.01,0.0
202606222247,228.01,228.01,228.01,228.01,0.0
202606222248,228.01,228.01,228.01,228.01,0.0
202606222249,228.01,228.01,228.01,228.01,0.0
202606222250,228.01,228.01,228.01,228.01,0.0
202606222251,228.01,228.01,228.01,228.01,0.0
202606222252,228.01,228.01,228.01,228.01,0.0
202606222253,228.01,228.01,228.01,228.01,0.0
202606222254,228.01,228.01,228.01,228.01,0.0
202606222255,228.01,228.01,228.01,228.01,0.0
202606222256,228.01,228.01,228.01,228.01,0.0
202606222257,228.01,228.01,228.01,228.01,0.0
202606222258,228.01,228.01,228.01,228.01,0.0
202606222259,228.01,228.01,228.01,228.01,0.0
202606222300,228.01,228.01,228.01,228.01,0.0
202606222301,228.01,228.01,228.01,228.01,0.0
202606222302,228.01,228.01,228.01,228.01,0.0
202606222303,228.01,228.01,228.01,228.01,0.0
202606222304,228.01,228.01,228.01,228.01,0.0
202606222305,228.01,228.01,228.01,228.01,0.0
202606222306,228.01,228.01,228.01,228.01,0.0
202606222307,228.01,228.01,228.01,228.01,0.0
202606222308,228.01,228.01,228.01,228.01,0.0
202606222309,228.01,228.01,228.01,228.01,0.0
202606222310,228.01,228.01,228.01,228.01,0.0
202606222311,228.01,228.01,228.01,228.01,0.0
202606222312,228.01,228.01,228.01,228.01,0.0
202606222313,228.01,228.01,228.01,228.01,0.0
202606222314,228.01,228.01,228.01,228.01,0.0
202606222315,228.01,228.01,228.01,228.01,0.0
202606222316,228.01,228.01,228.01,228.01,0.0
202606222317,228.01,228.01,228.01,228.01,0.0
202606222318,228.01,228.01,228.01,228.01,0.0
202606222319,228.01,228.01,228.01,228.01,0.0
202606222320,228.01,228.01,228.01,228.01,0.0
202606222321,228.01,228.01,228.01,228.01,0.0
202606222322,228.01,228.01,228.01,228.01,0.0
202606222323,228.01,228.01,228.01,228.01,0.0
202606222324,228.01,228.01,228.01,228.01,0.0
202606222325,228.01,228.01,228.01,228.01,0.0
202606222326,228.01,228.01,228.01,228.01,0.0
202606222327,228.01,228.01,228.01,228.01,0.0
202606222328,228.01,228.01,228.01,228.01,0.0
202606222329,228.01,228.01,228.01,228.01,0.0
202606222330,228.01,228.01,228.01,228.01,0.0
202606222331,228.01,228.01,228.01,228.01,0.0
202606222332,228.01,228.01,228.01,228.01,0.0
202606222333,228.01,228.01,228.01,228.01,0.0
202606222334,228.01,228.01,228.01,228.01,0.0
202606222335,228.01,228.01,228.01,228.01,0.0
202606222336,228.01,228.01,228.01,228.01,0.0
202606222337,228.01,228.01,228.01,228.01,0.0
202606222338,228.01,228.01,228.01,228.01,0.0
202606222339,228.01,228.01,228.01,228.01,0.0
202606222340,228.01,228.01,228.01,228.01,0.0
202606222341,228.01,228.01,228.01,228.01,0.0
202606222342,227.3,227.3,227.3,227.3,2.0
202606222343,227.3,227.3,227.3,227.3,0.0
202606222344,227.3,227.3,227.3,227.3,0.0
202606222345,227.3,227.3,227.3,227.3,0.0
202606222346,227.3,227.3,227.3,227.3,0.0
202606222347,227.3,227.3,227.3,227.3,0.0
202606222348,227.3,227.3,227.3,227.3,0.0
202606222349,227.3,227.3,227.3,227.3,0.0
202606222350,227.3,227.3,227.3,227.3,0.0
202606222351,227.3,227.3,227.3,227.3,0.0
202606222352,227.3,227.3,227.3,227.3,0.0
202606222353,227.3,227.3,227.3,227.3,0.0
202606222354,227.3,227.3,227.3,227.3,0.0
202606222355,227.3,227.3,227.3,227.3,0.0
202606222356,227.3,227.3,227.3,227.3,0.0
202606222357,227.3,227.3,227.3,227.3,0.0
202606222358,227.3,227.3,227.3,227.3,0.0
202606222359,227.3,227.3,227.3,227.3,0.0
202606230809,227.5,227.5,227.5,227.5,2.0
202606230810,227.5,227.5,227.5,227.5,0.0
202606230811,227.5,227.5,227.5,227.5,0.0
202606230812,227.5,227.5,227.5,227.5,0.0
202606230813,227.5,227.5,227.5,227.5,0.0
202606230814,227.5,227.5,227.5,227.5,0.0
202606230815,227.5,227.5,227.5,227.5,0.0
202606230816,227.5,227.5,227.5,227.5,0.0
202606230817,227.0,227.0,227.0,227.0,1.0
202606230818,227.0,227.0,227.0,227.0,0.0
202606230819,227.0,227.0,227.0,227.0,0.0
202606230820,227.0,227.0,227.0,227.0,0.0
202606230821,227.0,227.0,227.0,227.0,0.0
202606230822,227.0,227.0,227.0,227.0,0.0
202606230823,227.0,227.0,227.0,227.0,0.0
202606230824,227.0,227.0,227.0,227.0,0.0
202606230825,227.0,227.0,227.0,227.0,0.0
202606230826,227.0,227.0,227.0,227.0,0.0
202606230827,227.0,227.0,227.0,227.0,0.0
202606230828,227.0,227.0,227.0,227.0,0.0
202606230829,227.0,227.0,227.0,227.0,0.0
202606230830,227.0,227.0,227.0,227.0,0.0
202606230831,227.0,227.0,227.0,227.0,0.0
202606230832,226.2,226.2,226.2,226.19,2.0
202606230833,226.2,226.2,226.2,226.2,0.0
202606230834,226.2,226.2,226.2,226.2,0.0
202606230835,226.2,226.2,226.2,226.2,0.0
202606230836,226.2,226.2,226.2,226.2,0.0
202606230837,226.2,226.2,226.2,226.2,0.0
202606230838,226.2,226.2,226.2,226.2,0.0
202606230839,226.2,226.2,226.2,226.2,0.0
202606230840,226.2,226.2,226.2,226.2,0.0
202606230841,226.2,226.2,226.2,226.2,0.0
202606230842,226.2,226.2,226.2,226.2,0.0
202606230843,226.2,226.2,226.2,226.2,0.0
202606230844,226.2,226.2,226.2,226.2,0.0
202606230845,226.2,226.2,226.2,226.2,0.0
202606230846,226.2,226.2,226.2,226.2,0.0
202606230847,226.2,226.2,226.2,226.2,0.0
202606230848,226.0,226.0,226.0,226.0,6.0
202606230849,226.0,226.0,226.0,226.0,0.0
202606230850,226.0,226.0,226.0,226.0,0.0
202606230851,226.0,226.0,226.0,226.0,14.0
202606230852,226.0,226.0,226.0,226.0,0.0
202606230853,226.0,226.0,226.0,226.0,0.0
202606230854,226.0,226.0,226.0,226.0,0.0
202606230855,226.0,226.0,226.0,226.0,0.0
202606230856,226.0,226.0,226.0,226.0,0.0
202606230857,226.0,226.0,226.0,226.0,0.0
202606230858,226.0,226.0,226.0,226.0,0.0
202606230859,226.0,226.0,226.0,226.0,0.0
202606230900,226.0,226.0,226.0,226.0,0.0
202606230901,226.0,226.0,226.0,226.0,0.0
202606230902,226.0,226.0,226.0,226.0,0.0
202606230903,226.0,226.0,226.0,226.0,0.0
202606230904,226.0,226.0,226.0,226.0,0.0
202606230905,226.0,226.0,226.0,226.0,0.0
202606230906,226.0,226.0,226.0,226.0,0.0
202606230907,226.0,226.0,226.0,226.0,0.0
202606230908,226.0,226.0,226.0,226.0,0.0
202606230909,226.0,226.0,226.0,226.0,0.0
202606230910,226.0,226.0,226.0,226.0,0.0
202606230911,226.0,226.0,226.0,226.0,0.0
202606230912,226.0,226.0,226.0,226.0,0.0
202606230913,226.0,226.0,226.0,226.0,0.0
202606230914,226.0,226.0,226.0,226.0,0.0
202606230915,226.0,226.0,226.0,226.0,0.0
202606230916,226.0,226.0,226.0,226.0,0.0
202606230917,226.0,226.0,226.0,226.0,0.0
202606230918,226.0,226.0,226.0,226.0,0.0
202606230919,226.0,226.0,226.0,226.0,0.0
202606230920,226.0,226.0,226.0,226.0,0.0
202606230921,226.0,226.0,226.0,226.0,0.0
202606230922,226.0,226.0,226.0,226.0,0.0
202606230923,226.0,226.0,226.0,226.0,0.0
202606230924,226.0,226.0,226.0,226.0,0.0
202606230925,226.0,226.0,226.0,226.0,0.0
202606230926,226.0,226.0,226.0,226.0,0.0
202606230927,226.0,226.0,226.0,226.0,0.0
202606230928,226.0,226.0,226.0,226.0,0.0
202606230929,226.0,226.0,226.0,226.0,0.0
202606230930,226.0,226.0,226.0,226.0,0.0
202606230931,226.0,226.0,226.0,226.0,0.0
202606230932,226.0,226.0,226.0,226.0,0.0
202606230933,226.0,226.0,226.0,226.0,0.0
202606230934,226.0,226.0,226.0,226.0,0.0
202606230935,226.0,226.0,226.0,226.0,0.0
202606230936,226.0,226.0,226.0,226.0,0.0
202606230937,226.0,226.0,226.0,226.0,0.0
202606230938,226.0,226.0,226.0,226.0,0.0
202606230939,226.0,226.0,226.0,226.0,0.0
202606230940,226.0,226.0,226.0,226.0,0.0
202606230941,226.0,226.0,226.0,226.0,0.0
202606230942,226.0,226.0,226.0,226.0,0.0
202606230943,226.0,226.0,226.0,226.0,0.0
202606230944,226.0,226.0,226.0,226.0,0.0
202606230945,226.0,226.0,226.0,226.0,0.0
202606230946,226.0,226.0,226.0,226.0,0.0
202606230947,226.0,226.0,226.0,226.0,0.0
202606230948,226.0,226.0,226.0,226.0,0.0
202606230949,226.0,226.0,226.0,226.0,0.0
202606230950,226.0,226.0,226.0,226.0,0.0
202606230951,226.0,226.0,226.0,226.0,0.0
202606230952,226.0,226.0,226.0,226.0,0.0
202606230953,226.0,226.0,226.0,226.0,0.0
202606230954,226.0,226.0,226.0,226.0,0.0
202606230955,226.0,226.0,226.0,226.0,0.0
202606230956,226.0,226.0,226.0,226.0,0.0
202606230957,226.0,226.0,226.0,226.0,0.0
202606230958,226.0,226.0,226.0,226.0,0.0
202606230959,226.0,226.0,226.0,226.0,0.0
202606231000,226.0,226.0,226.0,226.0,0.0
202606231001,226.0,226.0,226.0,226.0,0.0
202606231002,226.0,226.0,226.0,226.0,0.0
202606231003,226.0,226.0,226.0,226.0,0.0
202606231004,226.0,226.0,226.0,226.0,0.0
202606231005,226.0,226.0,226.0,226.0,0.0
202606231006,226.0,226.0,226.0,226.0,0.0
202606231007,226.0,226.0,226.0,226.0,0.0
202606231008,226.0,226.0,226.0,226.0,0.0
202606231009,226.0,226.0,226.0,226.0,0.0
202606231010,226.0,226.0,226.0,226.0,0.0
202606231011,226.0,226.0,226.0,226.0,0.0
202606231012,226.0,226.0,226.0,226.0,0.0
202606231013,226.0,226.0,226.0,226.0,0.0
202606231014,226.0,226.0,226.0,226.0,0.0
202606231015,226.0,226.0,226.0,226.0,0.0
202606231016,226.0,226.0,226.0,226.0,0.0
202606231017,226.0,226.0,226.0,226.0,0.0
202606231018,226.0,226.0,226.0,226.0,0.0
202606231019,226.0,226.0,226.0,226.0,0.0
202606231020,226.0,226.0,226.0,226.0,0.0
202606231021,226.0,226.0,226.0,226.0,0.0
202606231022,226.0,226.0,226.0,226.0,0.0
202606231023,226.0,226.0,226.0,226.0,0.0
202606231024,226.0,226.0,226.0,226.0,0.0
202606231025,226.0,226.0,226.0,226.0,0.0
202606231026,226.0,226.0,226.0,226.0,0.0
202606231027,226.0,226.0,226.0,226.0,0.0
202606231028,226.0,226.0,226.0,226.0,0.0
202606231029,226.0,226.0,226.0,226.0,0.0
202606231030,226.0,226.0,226.0,226.0,0.0
202606231031,226.0,226.0,226.0,226.0,0.0
202606231032,226.0,226.0,226.0,226.0,0.0
202606231033,226.0,226.0,226.0,226.0,0.0
202606231034,226.0,226.0,226.0,226.0,0.0
202606231035,226.0,226.0,226.0,226.0,0.0
202606231036,226.0,226.0,226.0,226.0,0.0
202606231037,226.0,226.0,226.0,226.0,0.0
202606231038,226.0,226.0,226.0,226.0,0.0
202606231039,226.0,226.0,226.0,226.0,0.0
202606231040,226.0,226.0,226.0,226.0,0.0
202606231041,226.0,226.0,226.0,226.0,0.0
202606231042,226.0,226.0,226.0,226.0,0.0
202606231043,226.0,226.0,226.0,226.0,0.0
202606231044,226.0,226.0,226.0,226.0,0.0
202606231045,226.0,226.0,226.0,226.0,0.0
202606231046,226.0,226.0,226.0,226.0,0.0
202606231047,226.0,226.0,226.0,226.0,0.0
202606231048,226.0,226.0,226.0,226.0,0.0
202606231049,226.0,226.0,226.0,226.0,0.0
202606231050,226.0,226.0,226.0,226.0,0.0
202606231051,226.0,226.0,226.0,226.0,0.0
202606231052,226.0,226.0,226.0,226.0,0.0
202606231053,226.01,226.01,226.01,226.01,1.0
202606231054,226.01,226.01,226.01,226.01,0.0
202606231055,226.01,226.01,226.01,226.01,0.0
202606231056,226.01,226.01,226.01,226.01,0.0
202606231057,226.01,226.01,226.01,226.01,0.0
202606231058,226.01,226.01,226.01,226.01,0.0
202606231059,226.01,226.01,226.01,226.01,0.0
202606231100,226.5,226.5,226.5,226.5,1.0
202606231101,226.44,226.44,226.44,226.44,1.0
202606231102,226.44,226.44,226.44,226.44,0.0
202606231103,226.44,226.44,226.44,226.44,0.0
202606231104,226.44,226.44,226.44,226.44,0.0
202606231105,226.44,226.44,226.44,226.44,0.0
202606231106,226.44,226.44,226.44,226.44,0.0
202606231107,226.44,226.44,226.44,226.44,0.0
202606231108,226.44,226.44,226.44,226.44,0.0
202606231109,226.44,226.44,226.44,226.44,0.0
202606231110,226.44,226.44,226.44,226.44,0.0
202606231111,226.44,226.44,226.44,226.44,0.0
202606231112,226.44,226.44,226.44,226.44,0.0
202606231113,226.44,226.44,226.44,226.44,0.0
202606231114,226.44,226.44,226.44,226.44,0.0
202606231115,226.44,226.44,226.44,226.44,0.0
202606231116,226.44,226.44,226.44,226.44,0.0
202606231117,226.44,226.44,226.44,226.44,0.0
202606231118,226.44,226.44,226.44,226.44,0.0
202606231119,226.44,226.44,226.44,226.44,0.0
202606231120,226.44,226.44,226.44,226.44,0.0
202606231121,226.44,226.44,226.44,226.44,0.0
202606231122,226.44,226.44,226.44,226.44,0.0
202606231123,226.44,226.44,226.44,226.44,0.0
202606231124,226.44,226.44,226.44,226.44,0.0
202606231125,226.44,226.44,226.44,226.44,0.0
202606231126,226.47,226.47,226.47,226.47,1.0
202606231127,226.5,226.5,226.5,226.5,2.0
202606231128,226.5,226.5,226.5,226.5,0.0
202606231129,226.5,226.5,226.5,226.5,0.0
202606231130,226.5,226.5,226.5,226.5,0.0
202606231131,226.5,226.5,226.5,226.5,0.0
202606231132,226.5,226.5,226.5,226.5,0.0
202606231133,226.5,226.5,226.5,226.5,0.0
202606231134,226.5,226.5,226.5,226.5,0.0
202606231135,226.5,226.5,226.5,226.5,0.0
202606231136,226.5,226.5,226.5,226.5,0.0
202606231137,226.51,226.51,226.52,226.51,2.0
202606231138,226.51,226.51,226.51,226.51,0.0
202606231139,226.51,226.51,226.51,226.51,0.0
202606231140,226.51,226.51,226.51,226.51,0.0
202606231141,226.51,226.51,226.51,226.51,0.0
202606231142,226.51,226.51,226.51,226.51,0.0
202606231143,226.51,226.51,226.51,226.51,0.0
202606231144,226.51,226.51,226.51,226.51,0.0
202606231145,226.51,226.51,226.51,226.51,0.0
202606231146,226.51,226.51,226.51,226.51,0.0
202606231147,226.51,226.51,226.51,226.51,0.0
202606231148,226.51,226.51,226.51,226.51,0.0
202606231149,226.51,226.51,226.51,226.51,0.0
202606231150,226.51,226.51,226.51,226.51,0.0
202606231151,226.51,226.51,226.51,226.51,0.0
202606231152,226.51,226.51,226.51,226.51,0.0
202606231153,226.51,226.51,226.51,226.51,0.0
202606231154,226.51,226.51,226.51,226.51,0.0
202606231155,226.51,226.51,226.51,226.51,0.0
202606231156,226.51,226.51,226.51,226.51,0.0
202606231157,226.51,226.51,226.51,226.51,0.0
202606231158,226.51,226.51,226.51,226.51,0.0
202606231159,226.51,226.51,226.51,226.51,0.0
202606231200,226.51,226.51,226.51,226.51,0.0
202606231201,226.51,226.51,226.51,226.51,0.0
202606231202,226.67,226.67,226.68,226.67,1.0
202606231203,226.67,226.67,226.67,226.67,0.0
202606231204,226.67,226.67,226.67,226.67,0.0
202606231205,226.67,226.67,226.67,226.67,0.0
202606231206,226.67,226.67,226.67,226.67,0.0
202606231207,226.67,226.67,226.67,226.67,0.0
202606231208,226.67,226.67,226.67,226.67,0.0
202606231209,226.67,226.67,226.67,226.67,0.0
202606231210,226.67,226.67,226.67,226.67,0.0
202606231211,226.67,226.67,226.67,226.67,0.0
202606231212,226.67,226.67,226.67,226.67,0.0
202606231213,226.67,226.67,226.67,226.67,0.0
202606231214,226.67,226.67,226.67,226.67,0.0
202606231215,226.67,226.67,226.67,226.67,0.0
202606231216,226.67,226.67,226.67,226.67,0.0
202606231217,226.67,226.67,226.67,226.67,0.0
202606231218,226.67,226.67,226.67,226.67,0.0
202606231219,226.67,226.67,226.67,226.67,0.0
202606231220,226.67,226.67,226.67,226.67,0.0
202606231221,226.67,226.67,226.67,226.67,0.0
202606231222,226.67,226.67,226.67,226.67,0.0
202606231223,226.67,226.67,226.67,226.67,0.0
202606231224,226.67,226.67,226.67,226.67,0.0
202606231225,226.67,226.67,226.67,226.67,0.0
202606231226,226.67,226.67,226.67,226.67,0.0
202606231227,226.67,226.67,226.67,226.67,0.0
202606231228,226.67,226.67,226.67,226.67,0.0
202606231229,226.67,226.67,226.67,226.67,0.0
202606231230,226.67,226.67,226.67,226.67,0.0
202606231231,226.67,226.67,226.67,226.67,0.0
202606231232,226.67,226.67,226.67,226.67,0.0
202606231233,226.55,226.5,226.55,226.5,50.0
202606231234,226.5,226.5,226.5,226.5,0.0
202606231235,226.5,226.5,226.5,226.5,0.0
202606231236,226.5,226.5,226.5,226.5,0.0
202606231237,226.5,226.5,226.5,226.5,0.0
202606231238,226.5,226.5,226.5,226.5,0.0
202606231239,226.5,226.5,226.5,226.5,0.0
202606231240,226.5,226.5,226.5,226.5,0.0
202606231241,226.5,226.5,226.5,226.5,0.0
202606231242,226.5,226.5,226.5,226.5,4.0
202606231243,226.5,226.5,226.5,226.5,0.0
202606231244,226.5,226.5,226.5,226.5,0.0
202606231245,226.5,226.5,226.5,226.5,0.0
202606231246,226.5,226.5,226.5,226.5,0.0
202606231247,226.5,226.5,226.5,226.5,0.0
202606231248,226.5,226.5,226.5,226.5,0.0
202606231249,226.5,226.5,226.5,226.5,0.0
202606231250,226.5,226.5,226.5,226.5,0.0
202606231251,226.5,226.5,226.5,226.5,0.0
202606231252,226.5,226.5,226.5,226.5,0.0
202606231253,226.5,226.5,226.5,226.5,0.0
202606231254,226.5,226.5,226.5,226.5,0.0
202606231255,226.5,226.5,226.5,226.5,0.0
202606231256,226.5,226.5,226.5,226.5,0.0
202606231257,226.7,226.7,226.7,226.7,5.0
202606231258,226.7,226.7,226.7,226.7,0.0
202606231259,226.7,226.7,226.7,226.7,0.0
202606231300,226.7,226.7,226.7,226.7,0.0
202606231301,226.7,226.7,226.7,226.7,0.0
202606231302,226.7,226.7,226.7,226.7,0.0
202606231303,226.7,226.7,226.7,226.7,0.0
202606231304,226.7,226.7,226.7,226.7,0.0
202606231305,226.7,226.7,226.7,226.7,0.0
202606231306,226.7,226.7,226.7,226.7,0.0
202606231307,226.65,226.5,226.65,226.5,5.0
202606231308,226.5,226.5,226.5,226.5,0.0
202606231309,226.5,226.5,226.5,226.5,0.0
202606231310,226.5,226.5,226.5,226.5,0.0
202606231311,226.5,226.5,226.5,226.5,0.0
202606231312,226.5,226.5,226.5,226.5,0.0
202606231313,226.5,226.5,226.5,226.5,1.0
202606231314,226.5,226.5,226.5,226.5,0.0
202606231315,226.5,226.5,226.5,226.5,0.0
202606231316,226.55,226.53,226.55,226.52,3.0
202606231317,226.5,226.44,226.5,226.44,20.0
202606231318,226.44,226.44,226.44,226.44,0.0
202606231319,226.44,226.44,226.44,226.44,0.0
202606231320,226.44,226.44,226.44,226.44,0.0
202606231321,226.15,226.15,226.15,226.15,1.0
202606231322,226.15,226.15,226.15,226.15,0.0
202606231323,226.15,226.15,226.15,226.15,0.0
202606231324,226.15,226.15,226.15,226.15,0.0
202606231325,226.15,226.15,226.15,226.15,1.0
202606231326,226.15,226.15,226.15,226.15,0.0
202606231327,226.15,225.28,226.83,225.28,7.0
202606231328,225.28,225.28,225.28,225.28,0.0
202606231329,225.28,225.28,225.28,225.28,0.0
202606231330,225.63,224.78,225.78,224.68,621.0
202606231331,224.74,224.82,225.36,224.25,80.0
202606231332,224.77,225.0,225.26,224.76,60.0
202606231333,224.54,224.63,224.74,224.35,49.0
202606231334,224.33,223.66,224.58,223.65,60.0
202606231335,223.5,222.83,223.67,222.5,127.0
202606231336,222.91,222.61,223.04,222.61,36.0
202606231337,222.71,222.63,223.01,222.5,55.0
202606231338,222.77,222.93,223.1,222.44,81.0
202606231339,223.1,222.42,223.1,222.41,33.0
202606231340,222.69,222.89,223.36,222.59,39.0
202606231341,223.12,223.0,223.41,223.0,10.0
202606231342,223.2,223.04,223.23,223.04,9.0
202606231343,223.22,222.55,223.22,222.41,55.0
202606231344,222.67,223.18,223.18,222.66,18.0
202606231345,223.06,223.33,223.33,223.05,13.0
202606231346,223.51,223.52,223.67,223.34,134.0
202606231347,223.6,223.71,223.83,223.59,31.0
202606231348,223.75,223.47,223.85,223.42,38.0
202606231349,223.61,223.75,223.92,223.6,46.0
202606231350,223.75,224.07,224.15,223.75,43.0
202606231351,224.16,223.79,224.16,223.65,59.0
202606231352,223.78,223.98,223.98,223.63,37.0
202606231353,223.98,223.76,223.99,223.7,30.0
202606231354,223.79,224.1,224.21,223.79,92.0
202606231355,224.28,223.62,224.29,223.55,40.0
202606231356,223.62,223.5,223.72,223.31,29.0
202606231357,223.35,223.61,223.76,223.06,58.0
202606231358,223.86,223.4,223.86,223.34,26.0
202606231359,223.28,223.45,223.47,223.16,53.0
202606231400,223.82,223.74,223.82,223.45,13.0
202606231401,223.85,223.93,223.94,223.85,11.0
202606231402,223.85,223.8,224.11,223.6,38.0
202606231403,223.73,224.12,224.18,223.72,42.0
202606231404,224.04,223.99,224.1,223.87,11.0
202606231405,224.02,223.6,224.02,223.6,34.0
202606231406,223.66,223.66,223.77,223.35,126.0
202606231407,223.91,223.81,223.91,223.71,29.0
202606231408,223.72,224.09,224.16,223.62,57.0
202606231409,224.1,224.24,224.24,224.09,25.0
202606231410,224.38,224.18,224.65,224.18,26.0
202606231411,224.22,224.27,224.35,224.21,11.0
202606231412,224.04,224.36,224.55,224.04,70.0
202606231413,224.39,224.44,224.62,224.35,24.0
202606231414,224.47,224.74,224.74,224.39,35.0
202606231415,224.6,224.59,224.78,224.5,24.0
202606231416,224.47,225.16,225.16,224.47,36.0
202606231417,225.03,224.91,225.24,224.81,57.0
202606231418,225.09,224.96,225.09,224.72,45.0
202606231419,224.96,225.03,225.08,224.91,35.0
202606231420,225.04,225.07,225.22,224.99,30.0
202606231421,224.92,224.99,225.0,224.81,16.0
202606231422,224.86,224.63,224.86,224.63,11.0
202606231423,224.58,225.28,225.63,224.58,252.0
202606231424,225.45,225.05,225.66,224.91,185.0
202606231425,225.17,225.17,225.32,225.0,48.0
202606231426,225.18,225.18,225.29,225.06,42.0
202606231427,225.22,225.28,225.41,225.21,108.0
202606231428,225.19,225.24,225.24,225.12,21.0
202606231429,225.11,225.13,225.3,225.0,62.0
202606231430,225.21,225.41,225.51,225.21,107.0
202606231431,225.4,224.99,225.48,224.98,103.0
202606231432,224.91,225.07,225.11,224.85,26.0
202606231433,225.1,224.83,225.12,224.82,55.0
202606231434,224.74,224.56,224.79,224.32,113.0
202606231435,224.43,224.35,224.46,224.23,37.0
202606231436,224.4,224.43,224.6,224.4,51.0
202606231437,224.43,224.56,224.65,224.34,34.0
202606231438,224.57,224.52,224.58,224.42,63.0
202606231439,224.39,224.47,224.56,224.31,21.0
202606231440,224.37,224.19,224.5,224.03,157.0
202606231441,224.1,224.2,224.27,224.01,32.0
202606231442,224.18,224.34,224.46,224.17,81.0
202606231443,224.3,224.43,224.46,224.3,16.0
202606231444,224.35,223.99,224.35,223.91,65.0
202606231445,224.0,223.84,224.08,223.84,31.0
202606231446,224.0,224.09,224.09,223.92,21.0
202606231447,224.03,223.88,224.03,223.86,10.0
202606231448,223.89,224.07,224.07,223.76,30.0
202606231449,224.07,223.96,224.17,223.88,35.0
202606231450,224.03,223.94,224.16,223.85,47.0
202606231451,223.91,223.97,224.03,223.75,135.0
202606231452,223.85,224.14,224.19,223.85,142.0
202606231453,224.04,224.1,224.2,224.03,31.0
202606231454,224.01,224.2,224.21,223.94,37.0
202606231455,224.15,224.23,224.29,224.14,18.0
202606231456,224.29,224.19,224.4,224.19,27.0
202606231457,224.08,224.32,224.32,224.08,25.0
202606231458,224.34,224.49,224.49,224.31,29.0
202606231459,224.49,224.4,224.49,224.39,11.0
202606231500,224.42,224.38,224.53,224.25,59.0
202606231501,224.38,224.46,224.66,224.37,28.0
202606231502,224.48,224.37,224.5,224.36,32.0
202606231503,224.52,224.44,224.52,224.43,28.0
202606231504,224.51,224.63,224.64,224.43,42.0
202606231505,224.55,224.67,224.68,224.45,13.0
202606231506,224.62,224.64,224.64,224.55,13.0
202606231507,224.6,224.81,224.91,224.6,56.0
202606231508,224.82,224.65,224.82,224.61,40.0
202606231509,224.58,224.73,224.73,224.53,21.0
202606231510,224.78,224.74,224.86,224.44,154.0
202606231511,224.71,224.7,224.71,224.62,10.0
202606231512,224.64,224.62,224.75,224.61,9.0
202606231513,224.54,224.67,224.71,224.54,22.0
202606231514,224.6,224.64,224.7,224.6,18.0
202606231515,224.64,224.67,224.74,224.59,35.0
202606231516,224.55,224.68,224.68,224.52,9.0
202606231517,224.59,224.77,224.77,224.57,80.0
202606231518,224.71,224.54,224.8,224.54,32.0
202606231519,224.65,224.68,224.68,224.5,24.0
202606231520,224.66,224.45,224.7,224.45,33.0
202606231521,224.51,224.45,224.52,224.41,32.0
202606231522,224.45,224.59,224.59,224.4,20.0
202606231523,224.67,224.64,224.68,224.64,3.0
202606231524,224.55,224.54,224.64,224.51,46.0
202606231525,224.51,224.42,224.51,224.41,11.0
202606231526,224.38,224.16,224.38,224.14,48.0
202606231527,224.1,224.1,224.18,224.04,51.0
202606231528,224.07,224.24,224.36,223.89,165.0
202606231529,224.24,224.55,224.59,224.23,435.0
202606231530,224.56,224.86,224.88,224.42,131.0
202606231531,224.87,224.71,224.87,224.52,159.0
202606231532,224.77,224.86,224.86,224.62,27.0
202606231533,224.79,225.23,225.27,224.79,187.0
202606231534,225.18,225.1,225.2,225.08,35.0
202606231535,225.19,225.24,225.37,225.06,92.0
202606231536,225.24,225.2,225.39,225.2,16.0
202606231537,225.16,224.71,225.18,224.7,128.0
202606231538,224.77,224.55,224.77,224.4,32.0
202606231539,224.63,224.58,224.64,224.5,81.0
202606231540,224.5,224.68,224.83,224.5,50.0
202606231541,224.68,224.7,224.76,224.54,90.0
202606231542,224.76,224.7,224.82,224.65,55.0
202606231543,224.76,224.47,224.77,224.47,135.0
202606231544,224.41,224.24,224.49,224.19,25.0
202606231545,224.24,224.33,224.34,224.23,19.0
202606231546,224.34,224.53,224.53,224.33,24.0
202606231547,224.51,224.62,224.62,224.42,20.0
202606231548,224.53,224.84,224.9,224.52,41.0
202606231549,224.85,225.02,225.02,224.85,24.0
202606231550,224.93,225.15,225.17,224.91,112.0
202606231551,225.06,225.09,225.12,224.83,36.0
202606231552,225.17,225.11,225.2,225.08,13.0
202606231553,225.11,225.15,225.15,225.1,8.0
202606231554,225.11,225.13,225.21,225.1,12.0
202606231555,225.23,225.13,225.23,225.01,49.0
202606231556,225.13,225.12,225.15,225.0,63.0
202606231557,225.12,225.23,225.26,225.03,116.0
202606231558,225.29,225.14,225.3,225.12,22.0
202606231559,225.19,225.24,225.28,225.14,15.0
202606231600,225.24,225.18,225.27,225.09,34.0
202606231601,225.27,225.29,225.29,225.2,20.0
202606231602,225.19,225.2,225.25,225.19,8.0
202606231603,225.18,225.25,225.28,225.15,42.0
202606231604,225.25,225.35,225.41,225.25,53.0
202606231605,225.39,225.53,225.56,225.36,132.0
202606231606,225.45,225.55,225.59,225.45,9.0
202606231607,225.58,225.36,225.58,225.36,56.0
202606231608,225.37,225.28,225.4,225.21,108.0
202606231609,225.35,225.0,225.35,224.94,94.0
202606231610,225.01,224.95,225.1,224.89,59.0
202606231611,224.86,224.47,224.86,224.42,108.0
202606231612,224.51,224.57,224.63,224.51,38.0
202606231613,224.51,224.66,224.69,224.51,25.0
202606231614,224.73,224.64,224.74,224.5,65.0
202606231615,224.6,224.69,224.9,224.53,36.0
202606231616,224.69,224.6,224.79,224.44,72.0
202606231617,224.59,224.76,224.8,224.58,34.0
202606231618,224.76,224.73,224.79,224.69,16.0
202606231619,224.71,224.62,224.71,224.5,34.0
202606231620,224.5,224.35,224.5,224.35,30.0
202606231621,224.34,224.1,224.35,224.0,84.0
202606231622,224.1,224.01,224.23,223.96,127.0
202606231623,224.05,224.25,224.25,224.0,37.0
202606231624,224.26,224.26,224.31,224.19,19.0
202606231625,224.32,224.45,224.53,224.25,154.0
202606231626,224.45,224.32,224.56,224.22,50.0
202606231627,224.3,224.45,224.45,224.3,9.0
202606231628,224.46,224.45,224.46,224.36,29.0
202606231629,224.38,224.63,224.63,224.37,8.0
202606231630,224.58,224.7,224.71,224.5,25.0
202606231631,224.66,224.71,224.74,224.63,14.0
202606231632,224.66,224.5,224.66,224.38,26.0
202606231633,224.39,224.36,224.39,224.26,9.0
202606231634,224.29,224.29,224.41,224.28,23.0
202606231635,224.4,224.11,224.4,224.11,19.0
202606231636,224.27,224.29,224.29,224.27,3.0
202606231637,224.33,224.4,224.4,224.33,7.0
202606231638,224.39,224.31,224.39,224.31,6.0
202606231639,224.32,224.39,224.39,224.3,32.0
202606231640,224.35,224.34,224.42,224.33,46.0
202606231641,224.37,224.53,224.53,224.36,43.0
202606231642,224.56,224.34,224.57,224.3,26.0
202606231643,224.31,224.34,224.36,224.26,93.0
202606231644,224.34,224.28,224.42,224.25,28.0
202606231645,224.38,224.34,224.38,224.17,54.0
202606231646,224.4,224.36,224.4,224.34,8.0
202606231647,224.36,224.36,224.36,224.35,5.0
202606231648,224.36,224.34,224.36,224.34,8.0
202606231649,224.26,224.23,224.31,224.2,17.0
202606231650,224.19,224.16,224.19,224.12,7.0
202606231651,224.1,224.21,224.28,224.08,46.0
202606231652,224.3,224.34,224.41,224.21,14.0
202606231653,224.34,224.5,224.59,224.28,62.0
202606231654,224.5,224.52,224.52,224.5,13.0
202606231655,224.5,224.31,224.52,224.3,37.0
202606231656,224.22,224.27,224.34,224.22,33.0
202606231657,224.27,224.33,224.39,224.26,27.0
202606231658,224.3,224.47,224.49,224.29,169.0
202606231659,224.52,224.4,224.52,224.4,7.0
202606231700,224.35,224.15,224.39,224.08,35.0
202606231701,224.2,224.3,224.3,224.14,29.0
202606231702,224.3,224.34,224.41,224.25,28.0
202606231703,224.44,224.47,224.47,224.3,15.0
202606231704,224.45,224.47,224.47,224.4,18.0
202606231705,224.49,224.49,224.5,224.43,10.0
202606231706,224.45,224.75,224.75,224.45,48.0
202606231707,224.73,224.66,224.73,224.56,9.0
202606231708,224.58,224.58,224.63,224.58,4.0
202606231709,224.63,224.66,224.66,224.55,26.0
202606231710,224.6,224.84,224.87,224.6,24.0
202606231711,224.87,225.03,225.13,224.85,89.0
202606231712,224.98,224.87,224.98,224.87,8.0
202606231713,224.79,224.82,224.84,224.71,27.0
202606231714,224.85,224.85,224.85,224.84,1.0
202606231715,224.77,225.03,225.03,224.77,14.0
202606231716,224.9,224.9,224.9,224.9,11.0
202606231717,224.89,224.8,224.96,224.8,10.0
202606231718,224.76,224.63,224.81,224.63,17.0
202606231719,224.7,224.7,224.7,224.7,8.0
202606231720,224.7,224.74,224.74,224.55,44.0
202606231721,224.74,224.76,224.79,224.69,47.0
202606231722,224.7,224.74,224.85,224.7,23.0
202606231723,224.86,224.97,224.99,224.8,90.0
202606231724,224.96,224.81,225.09,224.81,34.0
202606231725,224.83,224.78,224.83,224.71,18.0
202606231726,224.71,224.77,224.77,224.7,6.0
202606231727,224.68,224.78,224.81,224.63,34.0
202606231728,224.69,224.49,224.7,224.49,152.0
202606231729,224.67,224.4,224.67,224.4,10.0
202606231730,224.37,224.39,224.39,224.33,13.0
202606231731,224.33,224.29,224.44,224.29,10.0
202606231732,224.36,224.35,224.36,224.34,10.0
202606231733,224.27,224.29,224.3,224.22,14.0
202606231734,224.31,224.27,224.4,224.26,62.0
202606231735,224.27,224.47,224.47,224.26,54.0
202606231736,224.52,224.44,224.52,224.39,20.0
202606231737,224.51,224.45,224.56,224.45,33.0
202606231738,224.5,224.35,224.5,224.3,87.0
202606231739,224.33,224.33,224.33,224.33,7.0
202606231740,224.33,224.38,224.42,224.33,14.0
202606231741,224.41,224.34,224.41,224.33,2.0
202606231742,224.35,224.33,224.37,224.3,8.0
202606231743,224.34,224.26,224.34,224.26,5.0
202606231744,224.22,224.33,224.34,224.21,11.0
202606231745,224.32,224.38,224.39,224.29,13.0
202606231746,224.41,224.21,224.41,224.16,34.0
202606231747,224.13,224.18,224.22,224.13,5.0
202606231748,224.17,224.2,224.25,224.1,42.0
202606231749,224.28,224.16,224.28,224.16,7.0
202606231750,224.22,224.12,224.22,224.08,24.0
202606231751,224.04,224.01,224.04,223.98,69.0
202606231752,224.01,223.87,224.04,223.87,35.0
202606231753,223.9,223.84,223.92,223.76,31.0
202606231754,223.87,223.73,223.88,223.73,14.0
202606231755,223.7,223.5,223.7,223.49,74.0
202606231756,223.5,223.5,223.5,223.5,0.0
202606231757,223.43,223.51,223.52,223.43,39.0
202606231758,223.55,223.25,223.55,223.25,36.0
202606231759,223.18,223.33,223.33,223.18,17.0
202606231800,223.22,223.31,223.34,223.2,26.0
202606231801,223.28,223.11,223.29,223.09,17.0
202606231802,223.1,222.75,223.12,222.75,114.0
202606231803,222.75,222.72,222.83,222.61,66.0
202606231804,222.61,222.5,222.7,222.49,13.0
202606231805,222.57,222.62,222.72,222.57,44.0
202606231806,222.61,222.87,222.9,222.51,76.0
202606231807,222.8,222.71,222.91,222.68,22.0
202606231808,222.74,222.77,222.8,222.6,74.0
202606231809,222.75,222.76,222.76,222.73,11.0
202606231810,222.68,222.64,222.75,222.61,13.0
202606231811,222.72,222.53,222.8,222.52,33.0
202606231812,222.61,222.51,222.68,222.51,28.0
202606231813,222.51,222.57,222.6,222.47,49.0
202606231814,222.57,222.51,222.62,222.51,26.0
202606231815,222.55,222.29,222.59,222.18,220.0
202606231816,222.25,222.16,222.29,222.08,22.0
202606231817,222.21,222.3,222.31,222.11,61.0
202606231818,222.36,222.28,222.36,222.23,28.0
202606231819,222.22,222.22,222.36,222.19,29.0
202606231820,222.22,222.16,222.27,222.06,27.0
202606231821,222.23,222.21,222.3,222.15,24.0
202606231822,222.25,222.38,222.42,222.2,55.0
202606231823,222.44,222.34,222.44,222.34,13.0
202606231824,222.39,222.44,222.49,222.39,75.0
202606231825,222.5,222.44,222.5,222.35,9.0
202606231826,222.26,222.33,222.36,222.22,29.0
202606231827,222.3,222.22,222.3,222.16,23.0
202606231828,222.1,222.13,222.22,222.1,35.0
202606231829,222.19,222.15,222.2,222.13,25.0
202606231830,222.17,221.94,222.25,221.89,115.0
202606231831,221.89,222.0,222.04,221.84,71.0
202606231832,222.03,221.98,222.07,221.93,22.0
202606231833,221.98,221.97,222.0,221.92,78.0
202606231834,221.95,222.04,222.12,221.92,56.0
202606231835,222.11,222.07,222.12,221.96,33.0
202606231836,222.0,221.66,222.0,221.52,157.0
202606231837,221.54,221.58,221.69,221.54,48.0
202606231838,221.63,221.57,221.63,221.57,11.0
202606231839,221.56,221.43,221.58,221.33,166.0
202606231840,221.38,221.43,221.47,221.29,90.0
202606231841,221.44,221.5,221.52,221.31,34.0
202606231842,221.5,221.39,221.57,221.22,48.0
202606231843,221.44,221.15,221.48,221.15,53.0
202606231844,221.19,221.15,221.26,221.1,63.0
202606231845,221.15,220.94,221.16,220.9,105.0
202606231846,220.99,220.77,220.99,220.64,81.0
202606231847,220.77,220.9,220.95,220.68,153.0
202606231848,220.9,221.01,221.06,220.78,47.0
202606231849,220.95,221.03,221.08,220.85,38.0
202606231850,221.11,221.0,221.12,220.84,64.0
202606231851,220.93,221.0,221.07,220.92,42.0
202606231852,221.01,221.17,221.17,221.0,43.0
202606231853,221.12,220.99,221.12,220.95,26.0
202606231854,220.95,220.98,221.03,220.8,68.0
202606231855,220.92,220.99,220.99,220.88,27.0
202606231856,220.92,220.77,220.98,220.77,34.0
202606231857,220.88,220.9,220.92,220.76,43.0
202606231858,220.91,221.04,221.04,220.91,51.0
202606231859,220.95,220.95,221.0,220.93,18.0
202606231900,220.98,221.03,221.09,220.95,89.0
202606231901,221.07,221.1,221.14,221.05,46.0
202606231902,221.14,221.08,221.18,221.06,29.0
202606231903,221.06,221.1,221.2,221.04,43.0
202606231904,221.1,221.23,221.23,221.08,59.0
202606231905,221.28,221.69,221.69,221.28,60.0
202606231906,221.78,221.67,221.78,221.53,71.0
202606231907,221.63,221.91,221.95,221.63,117.0
202606231908,221.85,221.89,221.91,221.72,72.0
202606231909,221.84,222.04,222.15,221.81,92.0
202606231910,222.06,222.13,222.2,222.0,81.0
202606231911,222.13,222.02,222.2,221.95,51.0
202606231912,222.07,222.13,222.13,222.02,90.0
202606231913,222.13,222.19,222.4,222.03,112.0
202606231914,222.16,221.8,222.16,221.75,42.0
202606231915,221.8,222.22,222.22,221.79,110.0
202606231916,222.26,222.09,222.26,221.94,46.0
202606231917,222.09,222.11,222.15,221.96,234.0
202606231918,222.06,221.94,222.11,221.86,75.0
202606231919,221.92,222.02,222.08,221.81,197.0
202606231920,221.98,222.04,222.05,221.9,44.0
202606231921,222.09,222.2,222.21,222.07,50.0
202606231922,222.16,222.0,222.29,221.98,147.0
202606231923,221.93,222.05,222.23,221.89,106.0
202606231924,221.97,222.26,222.26,221.87,175.0
202606231925,222.29,222.54,222.57,222.28,69.0
202606231926,222.48,222.44,222.54,222.32,90.0
202606231927,222.46,222.47,222.51,222.33,49.0
202606231928,222.47,222.36,222.52,222.35,54.0
202606231929,222.46,222.36,222.54,222.35,78.0
202606231930,222.33,222.47,222.52,222.32,51.0
202606231931,222.38,222.15,222.45,222.12,112.0
202606231932,222.21,222.12,222.21,222.03,118.0
202606231933,222.15,222.03,222.17,221.96,45.0
202606231934,222.02,221.97,222.07,221.9,141.0
202606231935,222.01,222.05,222.13,222.01,72.0
202606231936,222.05,222.0,222.12,221.98,77.0
202606231937,222.02,221.99,222.04,221.94,157.0
202606231938,221.99,222.11,222.16,221.98,74.0
202606231939,222.12,222.14,222.14,221.96,96.0
202606231940,222.06,222.11,222.21,222.05,51.0
202606231941,222.18,222.06,222.2,222.06,68.0
202606231942,222.06,222.14,222.16,222.05,89.0
202606231943,222.14,222.16,222.19,222.13,74.0
202606231944,222.16,222.18,222.23,222.07,85.0
202606231945,222.18,222.18,222.26,222.17,172.0
202606231946,222.18,222.02,222.18,222.02,97.0
202606231947,222.03,222.15,222.19,222.03,156.0
202606231948,222.1,221.93,222.13,221.88,116.0
202606231949,221.93,222.09,222.11,221.92,87.0
202606231950,222.1,222.02,222.2,221.95,144.0
202606231951,222.01,221.93,222.01,221.66,164.0
202606231952,221.93,222.01,222.02,221.86,198.0
202606231953,222.01,222.04,222.09,221.89,151.0
202606231954,222.07,222.48,222.51,222.01,338.0
202606231955,222.4,222.51,222.75,222.35,247.0
202606231956,222.51,222.43,222.53,222.41,240.0
202606231957,222.43,222.64,222.64,222.38,317.0
202606231958,222.64,222.64,222.73,222.6,469.0
202606231959,222.65,222.4,222.73,222.35,813.0
202606232000,222.37,222.69,222.69,222.37,9267.0
202606232001,222.61,222.61,222.61,222.61,1.0
202606232002,222.61,222.61,222.61,222.61,0.0
202606232003,222.61,222.61,222.61,222.61,0.0
202606232004,222.61,222.61,222.61,222.61,0.0
202606232005,222.61,222.61,222.61,222.61,0.0
202606232006,222.61,222.61,222.61,222.61,0.0
202606232007,222.61,222.61,222.61,222.61,0.0
202606232008,222.88,222.88,222.88,222.87,1.0
202606232009,222.72,222.72,222.72,222.72,1.0
202606232010,222.37,222.37,222.37,222.37,1129.0
202606232011,222.37,222.37,222.37,222.37,0.0
202606232012,222.37,222.37,222.37,222.37,0.0
202606232013,222.37,222.37,222.37,222.37,0.0
202606232014,222.37,222.37,222.37,222.37,0.0
202606232015,222.72,222.72,222.72,222.72,1.0
202606232016,222.72,222.72,222.72,222.72,0.0
202606232017,222.72,222.72,222.72,222.72,0.0
202606232018,222.72,222.72,222.72,222.72,0.0
202606232019,222.72,222.72,222.72,222.72,0.0
202606232020,222.72,222.72,222.72,222.72,0.0
202606232021,222.72,222.72,222.72,222.72,0.0
202606232022,222.72,222.72,222.72,222.72,0.0
202606232023,222.72,222.72,222.72,222.72,0.0
202606232024,222.72,222.72,222.72,222.72,0.0
202606232025,222.72,222.72,222.72,222.72,0.0
202606232026,222.72,222.72,222.72,222.72,0.0
202606232027,222.72,222.72,222.72,222.72,0.0
202606232028,222.72,222.72,222.72,222.72,0.0
202606232029,223.12,223.12,223.12,223.12,2.0
202606232030,223.12,223.12,223.12,223.12,0.0
202606232031,223.12,223.12,223.12,223.12,0.0
202606232032,223.12,223.12,223.12,223.12,0.0
202606232033,223.12,223.12,223.12,223.12,0.0
202606232034,223.12,223.12,223.12,223.12,1.0
202606232035,223.12,223.12,223.12,223.12,0.0
202606232036,223.12,223.12,223.12,223.12,0.0
202606232037,223.12,223.12,223.12,223.12,0.0
202606232038,223.12,223.12,223.12,223.12,0.0
202606232039,223.12,223.12,223.12,223.12,0.0
202606232040,223.12,223.12,223.12,223.12,0.0
202606232041,223.12,223.12,223.12,223.12,0.0
202606232042,223.12,223.12,223.12,223.12,0.0
202606232043,223.12,223.12,223.12,223.12,0.0
202606232044,223.12,223.12,223.12,223.12,0.0
202606232045,223.12,223.12,223.12,223.12,0.0
202606232046,223.12,223.12,223.12,223.12,0.0
202606232047,223.12,223.12,223.12,223.12,0.0
202606232048,223.12,223.12,223.12,223.12,0.0
202606232049,223.12,223.12,223.12,223.12,0.0
202606232050,223.12,223.12,223.12,223.12,0.0
202606232051,223.12,223.12,223.12,223.12,0.0
202606232052,223.12,223.12,223.12,223.12,0.0
202606232053,223.12,223.12,223.12,223.12,0.0
202606232054,223.12,223.12,223.12,223.12,0.0
202606232055,223.12,223.12,223.12,223.12,0.0
202606232056,223.12,223.12,223.12,223.12,0.0
202606232057,223.12,223.12,223.12,223.12,0.0
202606232058,223.12,223.12,223.12,223.12,0.0
202606232059,222.88,222.88,222.88,222.88,1.0
202606232100,222.88,222.88,222.88,222.88,0.0
202606232101,222.88,222.88,222.88,222.88,0.0
202606232102,222.88,222.88,222.88,222.88,0.0
202606232103,222.88,222.88,222.88,222.88,0.0
202606232104,222.88,222.88,222.88,222.88,0.0
202606232105,222.88,222.88,222.88,222.88,0.0
202606232106,222.88,222.88,222.88,222.88,0.0
202606232107,222.88,222.88,222.88,222.88,0.0
202606232108,222.88,222.88,222.88,222.88,0.0
202606232109,222.88,222.88,222.88,222.88,0.0
202606232110,222.88,222.88,222.88,222.88,0.0
202606232111,222.88,222.88,222.88,222.88,0.0
202606232112,222.88,222.88,222.88,222.88,0.0
202606232113,222.88,222.88,222.88,222.88,0.0
202606232114,222.88,222.88,222.88,222.88,0.0
202606232115,222.88,222.88,222.88,222.88,0.0
202606232116,223.06,223.1,223.1,223.06,8.0
202606232117,223.1,223.1,223.1,223.1,0.0
202606232118,223.1,223.1,223.1,223.1,0.0
202606232119,223.0,222.89,223.0,222.89,10.0
202606232120,222.89,222.89,222.89,222.89,0.0
202606232121,222.89,222.89,222.89,222.89,0.0
202606232122,222.89,222.89,222.89,222.89,0.0
202606232123,222.89,222.89,222.89,222.89,0.0
202606232124,222.89,222.89,222.89,222.89,0.0
202606232125,222.89,222.89,222.89,222.89,0.0
202606232126,222.89,222.89,222.89,222.89,0.0
202606232127,222.89,222.89,222.89,222.89,0.0
202606232128,222.98,223.22,223.22,222.98,9.0
202606232129,223.34,223.34,223.34,223.34,1.0
202606232130,223.34,223.34,223.34,223.34,0.0
202606232131,223.34,223.34,223.34,223.34,0.0
202606232132,223.34,223.34,223.34,223.34,0.0
202606232133,223.34,223.34,223.34,223.34,0.0
202606232134,225.23,225.23,225.23,225.22,1.0
202606232135,225.23,225.23,225.23,225.23,0.0
202606232136,224.28,225.23,225.23,224.28,6.0
202606232137,224.21,224.21,224.21,224.21,1.0
202606232138,224.21,224.21,224.21,224.21,0.0
202606232139,224.21,224.21,224.21,224.21,0.0
202606232140,224.21,224.21,224.21,224.21,0.0
202606232141,224.21,224.21,224.21,224.21,0.0
202606232142,224.21,224.21,224.21,224.21,0.0
202606232143,224.21,224.21,224.21,224.21,0.0
202606232144,224.21,224.21,224.21,224.21,0.0
202606232145,224.21,224.21,224.21,224.21,0.0
202606232146,224.21,224.21,224.21,224.21,0.0
202606232147,224.21,224.21,224.21,224.21,0.0
202606232148,224.21,224.21,224.21,224.21,0.0
202606232149,224.21,224.21,224.21,224.21,0.0
202606232150,224.21,224.21,224.21,224.21,0.0
202606232151,224.21,224.21,224.21,224.21,0.0
202606232152,224.21,224.21,224.21,224.21,0.0
202606232153,224.21,224.21,224.21,224.21,0.0
202606232154,224.21,224.21,224.21,224.21,0.0
202606232155,224.21,224.21,224.21,224.21,0.0
202606232156,224.21,224.21,224.21,224.21,0.0
202606232157,224.21,224.21,224.21,224.21,0.0
202606232158,224.21,224.21,224.21,224.21,0.0
202606232159,224.21,224.21,224.21,224.21,0.0
202606232200,224.21,224.21,224.21,224.21,0.0
202606232201,224.21,224.21,224.21,224.21,0.0
202606232202,224.21,224.21,224.21,224.21,0.0
202606232203,224.21,224.21,224.21,224.21,0.0
202606232204,224.21,224.21,224.21,224.21,0.0
202606232205,224.21,224.21,224.21,224.21,0.0
202606232206,224.21,224.21,224.21,224.21,0.0
202606232207,224.21,224.21,224.21,224.21,0.0
202606232208,224.21,224.21,224.21,224.21,0.0
202606232209,224.21,224.21,224.21,224.21,0.0
202606232210,224.21,224.21,224.21,224.21,0.0
202606232211,224.21,224.21,224.21,224.21,0.0
202606232212,224.21,224.21,224.21,224.21,0.0
202606232213,224.21,224.21,224.21,224.21,0.0
202606232214,224.21,224.21,224.21,224.21,0.0
202606232215,224.21,224.21,224.21,224.21,0.0
202606232216,224.21,224.21,224.21,224.21,0.0
202606232217,224.21,224.21,224.21,224.21,0.0
202606232218,224.21,224.21,224.21,224.21,0.0
202606232219,224.35,224.35,224.35,224.35,1.0
202606232220,224.35,224.35,224.35,224.35,0.0
202606232221,224.35,224.35,224.35,224.35,0.0
202606232222,224.35,224.35,224.35,224.35,0.0
202606232223,224.35,224.35,224.35,224.35,0.0
202606232224,224.35,224.35,224.35,224.35,0.0
202606232225,224.35,224.35,224.35,224.35,0.0
202606232226,224.35,224.35,224.35,224.35,0.0
202606232227,224.35,224.35,224.35,224.35,0.0
202606232228,224.35,224.35,224.35,224.35,0.0
202606232229,224.48,224.3,224.48,224.3,2.0
202606232230,224.3,224.3,224.3,224.3,0.0
202606232231,224.3,224.3,224.3,224.3,0.0
202606232232,224.3,224.3,224.3,224.3,0.0
202606232233,224.3,224.3,224.3,224.3,0.0
202606232234,224.3,224.3,224.3,224.3,0.0
202606232235,224.3,224.3,224.3,224.3,0.0
202606232236,224.3,224.3,224.3,224.3,0.0
202606232237,224.03,224.03,224.03,224.03,2.0
202606232238,224.03,224.03,224.03,224.03,0.0
202606232239,224.03,224.03,224.03,224.03,0.0
202606232240,224.03,224.03,224.03,224.03,0.0
202606232241,224.03,224.03,224.03,224.03,0.0
202606232242,224.03,224.03,224.03,224.03,0.0
202606232243,224.03,224.03,224.03,224.03,0.0
202606232244,224.03,224.03,224.03,224.03,0.0
202606232245,224.03,224.03,224.03,224.03,0.0
202606232246,224.03,224.03,224.03,224.03,0.0
202606232247,223.7,223.73,223.76,223.7,3.0
202606232248,223.73,223.73,223.73,223.73,0.0
202606232249,223.73,223.73,223.73,223.73,0.0
202606232250,223.73,223.73,223.73,223.73,0.0
202606232251,223.73,223.73,223.73,223.73,0.0
202606232252,223.73,223.73,223.73,223.73,0.0
202606232253,223.73,223.73,223.73,223.73,0.0
202606232254,223.73,223.73,223.73,223.73,0.0
202606232255,223.73,223.73,223.73,223.73,0.0
202606232256,223.73,223.73,223.73,223.73,0.0
202606232257,223.73,223.73,223.73,223.73,0.0
202606232258,223.73,223.73,223.73,223.73,0.0
202606232259,223.73,223.73,223.73,223.73,0.0
202606232300,223.73,223.73,223.73,223.73,0.0
202606232301,223.7,223.7,223.71,223.7,1.0
202606232302,223.7,223.7,223.7,223.7,0.0
202606232303,223.7,223.7,223.7,223.7,0.0
202606232304,223.7,223.7,223.7,223.7,0.0
202606232305,223.7,223.7,223.7,223.7,0.0
202606232306,223.71,223.71,223.71,223.71,1.0
202606232307,223.7,223.7,223.7,223.7,1.0
202606232308,223.7,223.7,223.7,223.7,0.0
202606232309,223.7,223.7,223.7,223.7,0.0
202606232310,223.7,223.7,223.7,223.7,0.0
202606232311,223.7,223.7,223.7,223.7,0.0
202606232312,223.7,223.7,223.7,223.7,0.0
202606232313,223.7,223.7,223.7,223.7,0.0
202606232314,223.7,223.7,223.7,223.7,0.0
202606232315,223.7,223.7,223.7,223.7,0.0
202606232316,223.7,223.7,223.7,223.7,0.0
202606232317,223.7,223.7,223.7,223.7,0.0
202606232318,223.7,223.7,223.7,223.7,0.0
202606232319,223.7,223.7,223.7,223.7,0.0
202606232320,223.7,223.7,223.7,223.7,0.0
202606232321,223.7,223.7,223.7,223.7,0.0
202606232322,223.7,223.7,223.7,223.7,0.0
202606232323,223.7,223.7,223.7,223.7,0.0
202606232324,223.7,223.7,223.7,223.7,0.0
202606232325,223.7,223.7,223.7,223.7,0.0
202606232326,223.7,223.7,223.7,223.7,0.0
202606232327,223.7,223.7,223.7,223.7,0.0
202606232328,223.7,223.7,223.7,223.7,0.0
202606232329,223.7,223.7,223.7,223.7,0.0
202606232330,223.7,223.7,223.7,223.7,0.0
202606232331,223.7,223.7,223.7,223.7,0.0
202606232332,224.24,224.24,224.24,224.23,1.0
202606232333,224.24,224.24,224.24,224.24,0.0
202606232334,224.24,224.24,224.24,224.24,0.0
202606232335,224.24,224.24,224.24,224.24,0.0
202606232336,224.24,224.24,224.24,224.24,0.0
202606232337,224.24,224.24,224.24,224.24,0.0
202606232338,224.24,224.24,224.24,224.24,0.0
202606232339,224.24,224.24,224.24,224.24,0.0
202606232340,224.24,224.24,224.24,224.24,0.0
202606232341,224.24,224.24,224.24,224.24,0.0
202606232342,224.24,224.24,224.24,224.24,0.0
202606232343,224.24,224.24,224.24,224.24,0.0
202606232344,224.24,224.24,224.24,224.24,0.0
202606232345,224.24,224.24,224.24,224.24,0.0
202606232346,224.24,224.24,224.24,224.24,0.0
202606232347,224.24,224.24,224.24,224.24,0.0
202606232348,224.24,224.24,224.24,224.24,0.0
202606232349,224.24,224.24,224.24,224.24,0.0
202606232350,224.24,224.24,224.24,224.24,0.0
202606232351,224.24,224.24,224.24,224.24,0.0
202606232352,224.24,224.24,224.24,224.24,0.0
202606232353,224.24,224.24,224.24,224.24,0.0
202606232354,224.24,224.24,224.24,224.24,0.0
202606232355,224.24,224.24,224.24,224.23,0.0
202606232356,223.72,223.72,223.72,223.72,1.0
202606232357,223.72,223.72,223.72,223.72,0.0
202606232358,223.72,223.72,223.72,223.72,0.0
202606232359,223.72,223.72,223.72,223.72,0.0
202606240800,222.37,221.98,222.37,221.98,0.0
202606240801,221.98,222.36,223.75,221.98,0.0
202606240811,223.06,223.06,223.06,223.06,0.0
202606240819,222.68,222.87,222.87,222.68,0.0
202606240840,222.88,222.88,222.88,222.88,0.0
202606240918,222.47,222.47,222.47,222.47,0.0
202606240935,222.0,222.0,222.0,222.0,0.0
202606241001,222.54,222.54,222.54,222.54,0.0
202606241011,225.8,225.8,225.8,225.8,0.0
202606241024,222.3861,222.3861,222.3861,222.3861,0.0
202606241038,223.0,223.0,223.0,223.0,0.0
202606241100,222.23,222.69,224.536,222.23,0.0
202606241102,222.86,222.86,222.86,222.86,0.0
202606241104,222.86,222.86,222.86,222.86,0.0
202606241105,224.9,224.6775,224.9,224.6775,0.0
202606241107,223.0,223.0,223.0,223.0,0.0
202606241108,223.0,223.0,223.0,223.0,0.0
202606241109,222.82,222.82,222.82,222.82,0.0
202606241114,224.8,222.82,224.8,222.82,0.0
202606241116,222.88,222.88,222.88,222.88,0.0
202606241119,223.0,223.0,223.0,223.0,0.0
202606241126,222.88,222.88,222.88,222.88,0.0
202606241129,222.9053,224.4664,224.4664,222.9053,0.0
202606241130,223.46,223.46,223.46,223.46,0.0
202606241131,222.79,222.53,222.79,222.53,0.0
202606241134,222.88,222.88,222.88,222.88,0.0
202606241135,223.0,223.0,223.0,223.0,0.0
202606241138,222.37,222.37,222.37,222.37,0.0
202606241140,223.0,223.0,223.0,223.0,0.0
202606241143,223.0,223.0,223.0,223.0,0.0
202606241150,223.5,223.5,223.5,223.5,0.0
202606241151,223.5,223.5,223.5,223.5,0.0
202606241154,224.9,224.9,224.9,224.9,0.0
202606241155,223.76,223.76,223.76,223.76,0.0
202606241158,223.5,224.9,224.9,223.5,0.0
202606241200,222.9,222.9,222.9,222.9,0.0
202606241203,224.575,224.7,224.7,224.575,0.0
202606241204,222.4,222.4,222.4,222.4,0.0
202606241208,224.6,224.6,224.6,224.6,0.0
202606241211,224.6,224.6,224.6,224.6,0.0
202606241215,222.89,222.89,222.89,222.89,0.0
202606241216,222.88,222.88,222.88,222.88,0.0
202606241218,223.17,223.17,223.17,223.17,0.0
202606241219,223.2082,224.6,224.6,223.2082,0.0
202606241221,223.77,223.77,223.77,223.77,0.0
202606241224,223.73,223.63,223.77,223.63,0.0
202606241226,223.77,223.77,223.77,223.77,0.0
202606241228,223.63,223.63,223.63,223.63,0.0
202606241229,223.46,223.46,223.46,223.46,0.0
202606241231,222.8,223.01,223.5,222.41,0.0
202606241232,223.01,223.5,223.5,223.01,0.0
202606241233,224.4,224.4,224.4,224.4,0.0
202606241235,223.63,223.11,223.63,223.11,0.0
202606241237,223.2,223.22,223.22,223.2,0.0
202606241240,223.27,223.27,223.27,223.27,0.0
202606241242,223.63,223.63,223.63,223.63,0.0
202606241245,223.35,223.35,223.35,223.35,0.0
202606241246,223.63,223.63,223.63,223.63,0.0
202606241247,223.63,223.63,223.63,223.63,0.0
202606241248,223.5,223.5,223.5,223.5,0.0
202606241249,223.02,223.0,223.02,223.0,0.0
202606241255,223.63,223.63,223.63,223.63,0.0
202606241256,223.63,223.63,223.63,223.63,0.0
202606241301,222.8,222.92,222.92,222.8,0.0
202606241302,223.19,223.63,223.63,223.19,0.0
202606241303,223.63,223.63,223.63,223.63,0.0
202606241304,233.58,223.63,233.58,223.63,0.0
202606241305,223.63,223.63,223.63,223.63,0.0
202606241306,222.72,222.72,222.72,222.72,0.0
202606241308,224.1413,224.1413,224.1413,224.1413,0.0
202606241309,222.41,222.72,222.72,222.41,0.0
202606241310,223.0,223.0,223.0,223.0,0.0
202606241311,224.43,224.43,224.43,223.766,0.0
202606241312,223.3,223.3,223.3,223.3,0.0
202606241316,223.3,223.63,223.63,223.3,0.0
202606241317,222.41,223.63,223.63,222.41,0.0
202606241320,223.43,223.97,224.1674,223.43,0.0
202606241321,223.97,223.97,223.97,223.97,0.0
202606241322,223.97,223.97,223.97,223.97,0.0
202606241324,222.56,223.0,223.0,222.56,0.0
202606241326,224.6,224.5,224.6,224.5,0.0
202606241328,223.0,223.0,223.0,223.0,0.0
202606241330,223.82000732421875,224.42999267578125,224.8000030517578,223.7100067138672,98817.0
202606241331,224.30499267578125,225.0,225.08999633789062,224.30499267578125,42500.0
202606241332,224.73500061035156,224.0,224.74000549316406,224.0,12443.0
202606241333,223.86000061035156,224.25,224.40879821777344,223.83999633789062,5923.0
202606241334,223.97999572753906,224.64999389648438,224.64999389648438,223.97999572753906,13934.0
202606241335,224.625,224.24000549316406,224.9499053955078,224.24000549316406,16573.0
202606241336,224.28500366210938,223.90499877929688,224.28939819335938,223.90499877929688,10105.0
202606241337,223.97500610351562,224.22999572753906,224.22999572753906,223.97500610351562,6626.0
202606241338,223.89999389648438,224.38499450683594,224.67999267578125,223.89999389648438,6983.0
202606241339,224.38499450683594,224.43499755859375,224.66000366210938,224.3000030517578,6935.0
202606241340,224.63999938964844,224.44000244140625,224.69039916992188,224.19000244140625,10689.0
202606241341,224.2899932861328,224.375,224.66000366210938,224.24000549316406,6941.0
202606241342,224.3800048828125,224.67999267578125,224.7100067138672,224.29690551757812,3498.0
202606241343,224.50999450683594,224.64990234375,224.64990234375,224.25,10711.0
202606241344,224.55499267578125,224.7949981689453,224.82000732421875,224.55499267578125,4084.0
202606241345,224.69000244140625,224.5850067138672,224.77000427246094,224.38999938964844,6288.0
202606241346,224.58999633789062,224.30999755859375,224.6300048828125,224.25999450683594,8825.0
202606241347,224.1999969482422,224.44500732421875,224.44500732421875,224.1999969482422,4266.0
202606241348,224.61000061035156,224.69500732421875,224.69500732421875,224.61000061035156,2175.0
202606241349,224.64999389648438,224.72999572753906,224.8699951171875,224.6199951171875,9010.0
202606241350,224.8300018310547,224.98500061035156,224.98500061035156,224.67999267578125,14235.0
202606241351,224.97999572753906,225.2550048828125,225.47000122070312,224.97999572753906,11791.0
202606241352,225.22000122070312,225.19500732421875,225.45010375976562,225.11000061035156,5394.0
202606241353,225.22999572753906,225.4949951171875,225.4949951171875,225.15249633789062,8849.0
202606241354,225.4600067138672,225.72000122070312,225.72000122070312,225.4600067138672,1336.0
202606241355,225.47999572753906,225.51499938964844,225.66799926757812,225.32009887695312,3934.0
202606241356,225.50999450683594,225.72000122070312,225.72000122070312,225.33999633789062,5966.0
202606241357,225.5850067138672,225.55999755859375,225.69500732421875,225.55999755859375,14953.0
202606241358,225.7100067138672,225.81500244140625,225.85000610351562,225.6999969482422,4551.0
202606241359,225.81500244140625,225.4199981689453,225.81500244140625,225.4199981689453,5839.0
202606241400,225.38999938964844,225.30999755859375,225.52499389648438,225.1999969482422,8772.0
202606241401,225.35499572753906,225.2899932861328,225.50999450683594,225.1999969482422,3860.0
202606241402,225.35000610351562,225.47999572753906,225.52000427246094,225.35000610351562,3743.0
202606241403,225.4149932861328,225.1999969482422,225.4149932861328,225.1300048828125,4984.0
202606241404,225.23500061035156,225.3300018310547,225.3300018310547,225.23500061035156,2225.0
202606241405,225.17999267578125,225.24000549316406,225.32000732421875,225.17999267578125,3819.0
202606241406,225.60000610351562,225.51010131835938,225.72000122070312,225.51010131835938,4767.0
202606241407,225.85000610351562,225.9149932861328,225.99000549316406,225.85000610351562,2907.0
202606241408,225.9149932861328,225.9600067138672,225.9600067138672,225.8300018310547,5464.0
202606241409,225.9550018310547,226.02999877929688,226.08999633789062,225.9499969482422,5018.0
202606241410,226.0500030517578,226.5449981689453,226.6094970703125,226.0,12187.0
202606241411,226.55999755859375,226.52999877929688,226.55999755859375,226.34390258789062,3565.0
202606241412,226.35009765625,226.7884063720703,226.90989685058594,226.35009765625,7859.0
202606241413,226.8000030517578,226.72000122070312,226.8000030517578,226.64999389648438,6373.0
202606241414,226.8249969482422,226.88999938964844,226.88999938964844,226.72999572753906,4657.0
202606241415,226.77499389648438,226.53500366210938,226.77499389648438,226.45660400390625,14022.0
202606241416,226.6199951171875,226.92999267578125,226.97000122070312,226.6199951171875,13510.0
202606241417,226.9250030517578,226.88999938964844,227.02000427246094,226.88999938964844,2816.0
202606241418,226.90069580078125,226.8531951904297,226.90069580078125,226.72999572753906,4169.0
202606241419,226.88999938964844,226.875,227.0050048828125,226.875,6191.0
202606241420,227.02000427246094,227.1699981689453,227.1699981689453,226.75010681152344,7553.0
202606241421,227.22999572753906,227.47999572753906,227.5500030517578,227.21499633789062,7522.0
202606241422,227.39999389648438,227.48159790039062,227.48159790039062,227.3699951171875,4259.0
202606241423,227.44500732421875,227.4199981689453,227.6300048828125,227.4199981689453,3928.0
202606241424,227.50999450683594,227.38290405273438,227.53500366210938,227.38290405273438,2186.0
202606241425,227.36000061035156,227.3800048828125,227.5489959716797,227.36000061035156,5488.0
202606241426,227.38999938964844,227.22000122070312,227.4199981689453,227.22000122070312,7586.0
202606241427,227.14999389648438,227.33999633789062,227.39999389648438,227.14999389648438,7781.0
202606241428,227.33999633789062,227.2899932861328,227.33999633789062,227.25999450683594,4106.0
202606241429,227.2899932861328,227.41490173339844,227.41490173339844,227.22000122070312,3963.0
202606241430,227.35000610351562,227.5500946044922,227.58900451660156,227.35000610351562,7356.0
202606241431,227.44500732421875,227.19500732421875,227.44500732421875,227.19500732421875,5273.0
202606241432,227.32989501953125,227.2899932861328,227.32989501953125,227.10760498046875,5462.0
202606241433,227.3800048828125,227.34500122070312,227.39500427246094,227.27000427246094,4663.0
202606241434,227.4499053955078,227.19000244140625,227.4499053955078,227.19000244140625,2780.0
202606241435,227.0500030517578,227.19000244140625,227.4174041748047,227.0500030517578,15625.0
202606241436,227.14999389648438,227.07009887695312,227.24710083007812,227.07009887695312,3745.0
202606241437,227.1999969482422,227.2698974609375,227.2698974609375,227.0500030517578,4581.0
202606241438,227.21499633789062,226.84500122070312,227.21499633789062,226.75,10206.0
202606241439,226.84500122070312,226.52999877929688,226.84500122070312,226.52999877929688,3169.0
202606241440,226.39999389648438,226.74000549316406,226.7899932861328,226.39999389648438,6159.0
202606241441,226.72999572753906,226.8699951171875,226.8699951171875,226.72999572753906,1207.0
202606241442,226.8280029296875,226.66000366210938,226.8280029296875,226.66000366210938,2115.0
202606241443,226.6750030517578,226.6300048828125,226.6750030517578,226.6300048828125,5227.0
202606241444,226.6199951171875,226.6199951171875,226.72999572753906,226.6199951171875,5573.0
202606241445,226.72500610351562,226.72999572753906,226.72999572753906,226.6699981689453,1946.0
202606241446,226.72999572753906,227.13499450683594,227.13499450683594,226.72999572753906,4000.0
202606241447,226.9600067138672,226.89999389648438,227.0050048828125,226.89999389648438,3751.0
202606241448,227.0399932861328,226.94000244140625,227.14999389648438,226.89999389648438,2012.0
202606241449,226.91000366210938,226.9550018310547,227.04429626464844,226.8800048828125,4678.0
202606241450,227.05999755859375,227.48989868164062,227.49600219726562,226.91000366210938,9894.0
202606241451,227.24000549316406,227.25999450683594,227.33999633789062,227.1999969482422,4311.0
202606241452,227.4199981689453,227.4199981689453,227.4199981689453,227.4199981689453,1245.0
202606241453,227.80999755859375,227.71800231933594,227.80999755859375,227.5500030517578,15123.0
202606241454,227.7050018310547,227.70989990234375,227.70989990234375,227.58999633789062,3928.0
202606241455,227.63999938964844,227.74000549316406,227.74000549316406,227.5800018310547,6547.0
202606241456,227.64500427246094,227.74000549316406,227.89500427246094,227.64500427246094,10447.0
202606241457,227.77499389648438,227.66000366210938,227.8350067138672,227.66000366210938,3566.0
202606241458,227.6300048828125,227.4600067138672,227.77000427246094,227.3000030517578,12464.0
202606241459,227.4600067138672,227.82000732421875,227.82000732421875,227.4600067138672,5834.0
202606241500,227.82000732421875,227.75999450683594,227.9499969482422,227.63499450683594,13515.0
202606241501,227.75,228.07000732421875,228.07000732421875,227.75,6455.0
202606241502,228.16000366210938,228.1699981689453,228.27999877929688,228.0399932861328,3296.0
202606241503,228.30499267578125,228.46499633789062,228.46499633789062,228.27999877929688,6410.0
202606241504,228.46499633789062,228.44000244140625,228.6300048828125,228.326904296875,17896.0
202606241506,228.36500549316406,228.77670288085938,228.77670288085938,228.33999633789062,17057.0
202606241507,228.77999877929688,228.72999572753906,228.80999755859375,228.67999267578125,5016.0
202606241508,228.61000061035156,228.46499633789062,228.66160583496094,228.42999267578125,4203.0
202606241509,228.5,228.14500427246094,228.5,228.14500427246094,5362.0
202606241510,228.02000427246094,228.3800048828125,228.3800048828125,228.02000427246094,17317.0
202606241511,228.33999633789062,228.05130004882812,228.38429260253906,228.05130004882812,4473.0
202606241512,228.13499450683594,228.1199951171875,228.3300018310547,228.1199951171875,3449.0
202606241513,228.1844940185547,228.0,228.1844940185547,227.94000244140625,4518.0
202606241514,228.0800018310547,228.1199951171875,228.125,228.00999450683594,2377.0
202606241515,228.11000061035156,228.02999877929688,228.2198944091797,228.02999877929688,1701.0
202606241516,228.10499572753906,228.36500549316406,228.36500549316406,228.10499572753906,3215.0
202606241517,228.46499633789062,228.68499755859375,228.7899932861328,228.46499633789062,5013.0
202606241518,228.68499755859375,228.57000732421875,228.77059936523438,228.57000732421875,2791.0
202606241519,228.5850067138672,228.5749969482422,228.63999938964844,228.49000549316406,2729.0
202606241520,228.47999572753906,228.4149932861328,228.5500030517578,228.32000732421875,4108.0
202606241521,228.33999633789062,228.2100067138672,228.33999633789062,228.1699981689453,3752.0
202606241522,228.3000030517578,228.39999389648438,228.39999389648438,228.1699981689453,5049.0
202606241523,228.25999450683594,228.4600067138672,228.4600067138672,228.07000732421875,6447.0
202606241524,228.3800048828125,228.25999450683594,228.5399932861328,228.25999450683594,7693.0
202606241525,228.27499389648438,228.28990173339844,228.28990173339844,228.02000427246094,6963.0
202606241526,228.0800018310547,228.25999450683594,228.25999450683594,227.88999938964844,8606.0
202606241527,228.3000030517578,228.27000427246094,228.38499450683594,228.27000427246094,6188.0
202606241528,228.4499969482422,228.40199279785156,228.55990600585938,228.35000610351562,2177.0
202606241529,228.39500427246094,228.39500427246094,228.39500427246094,228.25,2445.0
202606241530,228.39999389648438,228.4600067138672,228.4600067138672,228.39999389648438,2303.0
202606241531,228.52000427246094,228.44000244140625,228.52000427246094,228.44000244140625,1678.0
202606241532,228.4250030517578,228.4149932861328,228.55990600585938,228.3300018310547,1681.0
202606241533,228.4149932861328,228.25,228.4149932861328,228.22999572753906,3930.0
202606241534,228.1999969482422,228.34500122070312,228.34500122070312,228.1999969482422,4791.0
202606241535,228.35499572753906,228.36000061035156,228.36000061035156,228.33999633789062,2496.0
202606241536,228.40870666503906,228.4499969482422,228.5,228.3251953125,14108.0
202606241537,228.5399932861328,228.61500549316406,228.61500549316406,228.4499969482422,3852.0
202606241538,228.58999633789062,228.75,228.75,228.47999572753906,6527.0
202606241539,228.63999938964844,228.1699981689453,228.69500732421875,228.1699981689453,5246.0
202606241540,228.28500366210938,228.1750030517578,228.28500366210938,228.1750030517578,2264.0
202606241541,228.14500427246094,228.0399932861328,228.14500427246094,228.02999877929688,2350.0
202606241542,228.0850067138672,227.86000061035156,228.1199951171875,227.86000061035156,3876.0
202606241543,227.8300018310547,227.89500427246094,227.98480224609375,227.8300018310547,2967.0
202606241544,227.80999755859375,227.85000610351562,227.97000122070312,227.80999755859375,5217.0
202606241545,227.89999389648438,227.94000244140625,227.97999572753906,227.76499938964844,5748.0
202606241546,227.9550018310547,227.98899841308594,228.0,227.77000427246094,17384.0
202606241547,227.91000366210938,227.55999755859375,227.91000366210938,227.5500030517578,6594.0
202606241548,227.5500030517578,227.7100067138672,227.75990295410156,227.5500030517578,2171.0
202606241549,227.74000549316406,227.9340057373047,227.9340057373047,227.65890502929688,3547.0
202606241550,227.9499969482422,228.06500244140625,228.06500244140625,227.8699951171875,4293.0
202606241551,228.10000610351562,228.13499450683594,228.1649932861328,228.08999633789062,2651.0
202606241552,228.12750244140625,228.0399932861328,228.13999938964844,228.00999450683594,2414.0
202606241553,228.0399932861328,227.6199951171875,228.0399932861328,227.6199951171875,9496.0
202606241554,227.4300994873047,227.6199951171875,227.6199951171875,227.4300994873047,2382.0
202606241555,227.5449981689453,227.5449981689453,227.5449981689453,227.5449981689453,1551.0
202606241556,227.41000366210938,227.30999755859375,227.51499938964844,227.30999755859375,1675.0
202606241557,227.33999633789062,227.27999877929688,227.35000610351562,227.24000549316406,2476.0
202606241558,227.3350067138672,227.5,227.59500122070312,227.3350067138672,7641.0
202606241559,227.43040466308594,227.52499389648438,227.63999938964844,227.43040466308594,3095.0
202606241600,227.5,227.47000122070312,227.55999755859375,227.47000122070312,2132.0
202606241601,227.5,227.36000061035156,227.5,227.3300018310547,18191.0
202606241602,227.41000366210938,227.55999755859375,227.58999633789062,227.32000732421875,2998.0
202606241603,227.47999572753906,227.47500610351562,227.47999572753906,227.39999389648438,1416.0
202606241604,227.39999389648438,227.3800048828125,227.50799560546875,227.3800048828125,3860.0
202606241605,227.4550018310547,227.42999267578125,227.49000549316406,227.42999267578125,3442.0
202606241606,227.5,227.32000732421875,227.5,227.32000732421875,2404.0
202606241607,227.24099731445312,227.47999572753906,227.47999572753906,227.24099731445312,4966.0
202606241608,227.4499969482422,227.25999450683594,227.4499969482422,227.25999450683594,3801.0
202606241609,227.17999267578125,227.1750030517578,227.22999572753906,227.1199951171875,2553.0
202606241610,227.22000122070312,227.2100067138672,227.22999572753906,227.2100067138672,1426.0
202606241611,227.30999755859375,227.34500122070312,227.40969848632812,227.2899932861328,2391.0
202606241612,227.3699951171875,227.4149932861328,227.4698944091797,227.31500244140625,2808.0
202606241613,227.44000244140625,227.52000427246094,227.52000427246094,227.44000244140625,1493.0
202606241614,227.48500061035156,227.5131072998047,227.5131072998047,227.40499877929688,2487.0
202606241615,227.5157012939453,227.5157012939453,227.5157012939453,227.5157012939453,453.0
202606241616,227.44000244140625,227.42999267578125,227.5399932861328,227.4199981689453,5484.0
202606241617,227.54989624023438,227.39999389648438,227.54989624023438,227.39500427246094,1226.0
202606241618,227.38999938964844,227.3125,227.42999267578125,227.19000244140625,8686.0
202606241619,227.3000030517578,227.3000030517578,227.32000732421875,227.3000030517578,3860.0
202606241621,227.3000030517578,227.69000244140625,227.69000244140625,227.3000030517578,14323.0
202606241622,227.5500946044922,227.66000366210938,227.66000366210938,227.5500946044922,1431.0
202606241623,227.66000366210938,227.66000366210938,227.66000366210938,227.66000366210938,382.0
202606241624,227.64999389648438,227.67999267578125,227.74000549316406,227.64999389648438,4065.0
202606241625,227.7100067138672,227.77000427246094,227.8300018310547,227.67999267578125,17540.0
202606241626,227.7050018310547,227.65499877929688,227.7050018310547,227.58999633789062,3428.0
202606241627,227.74000549316406,227.3350067138672,227.74000549316406,227.31500244140625,9268.0
202606241628,227.34500122070312,227.52499389648438,227.56829833984375,227.31500244140625,3580.0
202606241629,227.52499389648438,227.6649932861328,227.6649932861328,227.48500061035156,4489.0
202606241630,227.64500427246094,227.77499389648438,227.80999755859375,227.6125030517578,4927.0
202606241631,227.75750732421875,227.7949981689453,227.84500122070312,227.75750732421875,6571.0
202606241632,227.8448028564453,227.64999389648438,227.8448028564453,227.6300048828125,3718.0
202606241633,227.83999633789062,227.7899932861328,227.90499877929688,227.6300048828125,4916.0
202606241634,227.8300018310547,227.85000610351562,227.85000610351562,227.8300018310547,2439.0
202606241635,227.85499572753906,227.76499938964844,227.88999938964844,227.76499938964844,3964.0
202606241636,227.75999450683594,227.75999450683594,227.82000732421875,227.67999267578125,3709.0
202606241637,227.69000244140625,227.61000061035156,227.7550048828125,227.52000427246094,7267.0
202606241638,227.52000427246094,227.32000732421875,227.52999877929688,227.32000732421875,6074.0
202606241639,227.27999877929688,227.3300018310547,227.39999389648438,227.19000244140625,14293.0
202606241640,227.3300018310547,227.09500122070312,227.3300018310547,227.0,13263.0
202606241641,227.09500122070312,227.19000244140625,227.28500366210938,226.93499755859375,11293.0
202606241642,227.2449951171875,227.25999450683594,227.25999450683594,227.2449951171875,1918.0
202606241643,227.25999450683594,227.25,227.4199981689453,227.25,8141.0
202606241644,227.30499267578125,227.5449981689453,227.63999938964844,227.3000030517578,8989.0
202606241645,227.5399932861328,227.63999938964844,227.63999938964844,227.5,5863.0
202606241646,227.58999633789062,227.5749969482422,227.58999633789062,227.47999572753906,2734.0
202606241647,227.52000427246094,227.7449951171875,227.74749755859375,227.52000427246094,4417.0
202606241648,228.0,227.9199981689453,228.07000732421875,227.9199981689453,8051.0
202606241649,227.875,228.0500030517578,228.0500030517578,227.86749267578125,4135.0
202606241650,227.9600067138672,228.00999450683594,228.0500030517578,227.9600067138672,3279.0
202606241651,228.10000610351562,228.23500061035156,228.27000427246094,228.10000610351562,9033.0
202606241652,228.1699981689453,228.15499877929688,228.1699981689453,228.15499877929688,1024.0
202606241653,228.1300048828125,228.0749969482422,228.17999267578125,228.0749969482422,2739.0
202606241654,228.11500549316406,228.1591033935547,228.2100067138672,228.11500549316406,2897.0
202606241655,228.22000122070312,228.2425994873047,228.3300018310547,228.14500427246094,4235.0
202606241656,228.3249969482422,228.34500122070312,228.34500122070312,228.2200927734375,1504.0
202606241657,228.33999633789062,228.4199981689453,228.47999572753906,228.33999633789062,5615.0
202606241658,228.4199981689453,228.21499633789062,228.44500732421875,228.21499633789062,6087.0
202606241659,228.30499267578125,228.33999633789062,228.33999633789062,228.25,2540.0
202606241700,228.25999450683594,228.35000610351562,228.35000610351562,228.25999450683594,1816.0
202606241701,228.28500366210938,228.32000732421875,228.39999389648438,228.22999572753906,2430.0
202606241702,228.33999633789062,228.3300018310547,228.39999389648438,228.1699981689453,17443.0
202606241703,228.22999572753906,228.22500610351562,228.25,228.22500610351562,3001.0
202606241704,228.26499938964844,228.375,228.39999389648438,228.26499938964844,4150.0
202606241705,228.3000030517578,228.27000427246094,228.3000030517578,228.23519897460938,2248.0
202606241706,228.27000427246094,228.19000244140625,228.30999755859375,228.17999267578125,3630.0
202606241707,228.17999267578125,227.94500732421875,228.17999267578125,227.93499755859375,6193.0
202606241708,228.05999755859375,228.02999877929688,228.05999755859375,227.9199981689453,1957.0
202606241709,227.97000122070312,228.01499938964844,228.10000610351562,227.97000122070312,3631.0
202606241710,227.97000122070312,228.10989379882812,228.10989379882812,227.8800048828125,5313.0
202606241711,228.16000366210938,228.14999389648438,228.16000366210938,228.14999389648438,1880.0
202606241712,228.14500427246094,228.14999389648438,228.1750030517578,228.14500427246094,2156.0
202606241713,228.1750030517578,228.02999877929688,228.1750030517578,228.00999450683594,3218.0
202606241714,227.97999572753906,227.9949951171875,228.03500366210938,227.9300994873047,4069.0
202606241715,228.1300048828125,228.01499938964844,228.13999938964844,228.00250244140625,4214.0
202606241716,227.9499969482422,227.6074981689453,228.00999450683594,227.6074981689453,14970.0
202606241717,227.5500030517578,227.36000061035156,227.55999755859375,227.36000061035156,2870.0
202606241718,227.4600067138672,227.47999572753906,227.5500030517578,227.35000610351562,6260.0
202606241719,227.47500610351562,227.47000122070312,227.47500610351562,227.41099548339844,1254.0
202606241720,227.43499755859375,227.32000732421875,227.50999450683594,227.2899932861328,4586.0
202606241721,227.24000549316406,227.2449951171875,227.2449951171875,227.24000549316406,2365.0
202606241722,227.35000610351562,227.38999938964844,227.42999267578125,227.30499267578125,4697.0
202606241723,227.36000061035156,227.3000030517578,227.36000061035156,227.24000549316406,5091.0
202606241724,227.23500061035156,227.22000122070312,227.2899932861328,227.17959594726562,2995.0
202606241725,227.1510009765625,227.11900329589844,227.18499755859375,226.9801025390625,4326.0
202606241726,227.05999755859375,227.02000427246094,227.1199951171875,226.99940490722656,1503.0
202606241727,227.0500030517578,227.01060485839844,227.08999633789062,226.97999572753906,4520.0
202606241728,227.03880310058594,227.0,227.14999389648438,226.97999572753906,21296.0
202606241729,226.89999389648438,227.06500244140625,227.10000610351562,226.8800048828125,9603.0
202606241730,227.16000366210938,227.0800018310547,227.16000366210938,226.97999572753906,9018.0
202606241731,227.02000427246094,226.92999267578125,227.02000427246094,226.89999389648438,5484.0
202606241732,226.97000122070312,226.96499633789062,227.02999877929688,226.9199981689453,4227.0
202606241733,226.89999389648438,226.8000030517578,227.02000427246094,226.8000030517578,7510.0
202606241734,226.8800048828125,226.9499969482422,226.9499969482422,226.8000030517578,1272.0
202606241735,226.9600067138672,226.85499572753906,227.0,226.7550048828125,7615.0
202606241736,226.77999877929688,226.7899932861328,226.84500122070312,226.6699981689453,2091.0
202606241737,226.6699981689453,226.63499450683594,226.69000244140625,226.5800018310547,7405.0
202606241738,226.63499450683594,226.69000244140625,226.6999969482422,226.625,3676.0
202606241739,226.7899932861328,226.96499633789062,226.96499633789062,226.77999877929688,3758.0
202606241740,226.92999267578125,226.90499877929688,226.94500732421875,226.90499877929688,1910.0
202606241741,226.88499450683594,226.86000061035156,226.88499450683594,226.86000061035156,2071.0
202606241742,226.92750549316406,226.8574981689453,226.92750549316406,226.77000427246094,4936.0
202606241743,226.8000030517578,226.6999969482422,226.8000030517578,226.6300048828125,3516.0
202606241744,226.66000366210938,226.63499450683594,226.66000366210938,226.57000732421875,3031.0
202606241745,226.63499450683594,226.69000244140625,226.74000549316406,226.63499450683594,2572.0
202606241746,226.69500732421875,226.75,226.75,226.61000061035156,5095.0
202606241747,226.77000427246094,226.8249969482422,226.8800048828125,226.73500061035156,2591.0
202606241748,226.8699951171875,226.8249969482422,226.88999938964844,226.8249969482422,2372.0
202606241749,226.8249969482422,226.88999938964844,226.88999938964844,226.8000030517578,2999.0
202606241750,226.85499572753906,226.9499969482422,226.9499969482422,226.85499572753906,2978.0
202606241751,226.90499877929688,227.05999755859375,227.0998992919922,226.88059997558594,3563.0
202606241752,226.9949951171875,226.9949951171875,227.08999633789062,226.92999267578125,2143.0
202606241753,226.99000549316406,227.10000610351562,227.10000610351562,226.97999572753906,4357.0
202606241754,227.14999389648438,227.22999572753906,227.27000427246094,227.11000061035156,5115.0
202606241755,227.2899932861328,227.52000427246094,227.52000427246094,227.1699981689453,12533.0
202606241756,227.52999877929688,227.4149932861328,227.52999877929688,227.3699951171875,2368.0
202606241757,227.4149932861328,227.19000244140625,227.4149932861328,227.19000244140625,4530.0
202606241758,227.17999267578125,227.02000427246094,227.17999267578125,227.02000427246094,7008.0
202606241759,226.96499633789062,226.98500061035156,227.16000366210938,226.94000244140625,10012.0
202606241800,226.89999389648438,227.02000427246094,227.0500030517578,226.89999389648438,4383.0
202606241801,226.92999267578125,227.10000610351562,227.10000610351562,226.92999267578125,2196.0
202606241802,227.1750030517578,227.25,227.25,227.1750030517578,2594.0
202606241803,227.24000549316406,227.3300018310547,227.3300018310547,227.24000549316406,1604.0
202606241804,227.3300018310547,227.5500030517578,227.5500030517578,227.30499267578125,13142.0
202606241805,227.5500030517578,227.52999877929688,227.66799926757812,227.5,9930.0
202606241806,227.49000549316406,227.48519897460938,227.63999938964844,227.47999572753906,5286.0
202606241807,227.4199981689453,227.375,227.47000122070312,227.3300018310547,3612.0
202606241808,227.25999450683594,227.4499969482422,227.4499969482422,227.25999450683594,2883.0
202606241809,227.4199981689453,227.4199981689453,227.44000244140625,227.34500122070312,5736.0
202606241810,227.47999572753906,227.41000366210938,227.47999572753906,227.3336944580078,3119.0
202606241811,227.39500427246094,227.4499969482422,227.4499969482422,227.3699951171875,4422.0
202606241812,227.38499450683594,227.31500244140625,227.4199981689453,227.27000427246094,3571.0
202606241813,227.33999633789062,227.3300018310547,227.3800048828125,227.25999450683594,4289.0
202606241814,227.36000061035156,227.36500549316406,227.4199981689453,227.27999877929688,4077.0
202606241815,227.36500549316406,227.4600067138672,227.5,227.3000030517578,4847.0
202606241816,227.49000549316406,227.4600067138672,227.49000549316406,227.39999389648438,4506.0
202606241817,227.4600067138672,227.49000549316406,227.55999755859375,227.4600067138672,4666.0
202606241818,227.5,227.5,227.55999755859375,227.44000244140625,3580.0
202606241819,227.60000610351562,227.53500366210938,227.60000610351562,227.53250122070312,1695.0
202606241820,227.47999572753906,227.5,227.58999633789062,227.47999572753906,6240.0
202606241821,227.58999633789062,227.5800018310547,227.58999633789062,227.5449981689453,2230.0
202606241822,227.52000427246094,227.5,227.60000610351562,227.44009399414062,3641.0
202606241823,227.55999755859375,227.72500610351562,227.72500610351562,227.5050048828125,3640.0
202606241824,227.75,227.86500549316406,227.86500549316406,227.72500610351562,3070.0
202606241825,227.9499969482422,227.97999572753906,228.02000427246094,227.9499969482422,2531.0
202606241826,228.0,227.9499969482422,228.0,227.89999389648438,2333.0
202606241827,227.91000366210938,228.05499267578125,228.05999755859375,227.91000366210938,8093.0
202606241828,228.0749969482422,228.0399932861328,228.0749969482422,227.9600067138672,1678.0
202606241829,228.07000732421875,228.1199951171875,228.1199951171875,228.07000732421875,1542.0
202606241830,228.16000366210938,228.02999877929688,228.17999267578125,227.94500732421875,4427.0
202606241831,228.1649932861328,228.17999267578125,228.22000122070312,228.10000610351562,4305.0
202606241832,228.14999389648438,228.22999572753906,228.22999572753906,228.125,3585.0
202606241833,228.1999969482422,228.3000030517578,228.3000030517578,228.1999969482422,2594.0
202606241834,228.22500610351562,228.25,228.3699951171875,228.21310424804688,7758.0
202606241835,228.22000122070312,228.0800018310547,228.24899291992188,228.0800018310547,5104.0
202606241836,228.0800018310547,228.0290069580078,228.16000366210938,227.9550018310547,5369.0
202606241837,228.02000427246094,228.08999633789062,228.17849731445312,228.02000427246094,5781.0
202606241838,228.10499572753906,228.1300048828125,228.22000122070312,228.10499572753906,3381.0
202606241839,228.2100067138672,228.2100067138672,228.22999572753906,228.19500732421875,2137.0
202606241840,228.16000366210938,227.92999267578125,228.2100067138672,227.91000366210938,7356.0
202606241841,227.8800048828125,227.82000732421875,227.89999389648438,227.8000030517578,17353.0
202606241842,227.77499389648438,227.9199981689453,227.92999267578125,227.7449951171875,6928.0
202606241843,227.86000061035156,227.83999633789062,227.89999389648438,227.83999633789062,3964.0
202606241844,227.80999755859375,227.86000061035156,227.86000061035156,227.74000549316406,3638.0
202606241845,227.8000030517578,227.8000030517578,227.8000030517578,227.8000030517578,2932.0
202606241846,227.77000427246094,227.6699981689453,227.7899932861328,227.6699981689453,4863.0
202606241847,227.68499755859375,227.5800018310547,227.74000549316406,227.50999450683594,5560.0
202606241848,227.55499267578125,227.42999267578125,227.55499267578125,227.27999877929688,3942.0
202606241849,227.3699951171875,227.22000122070312,227.3699951171875,227.14500427246094,4045.0
202606241850,227.27000427246094,226.9600067138672,227.27000427246094,226.89999389648438,9885.0
202606241851,226.89999389648438,226.9499969482422,226.99000549316406,226.89999389648438,2794.0
202606241852,226.94000244140625,227.30999755859375,227.30999755859375,226.94000244140625,8383.0
202606241853,227.22000122070312,227.25,227.35000610351562,227.19000244140625,4906.0
202606241854,227.36000061035156,227.38999938964844,227.4499969482422,227.35000610351562,3890.0
202606241855,227.4600067138672,227.36749267578125,227.4600067138672,227.36749267578125,4739.0
202606241856,227.4199981689453,227.35000610351562,227.4499969482422,227.35000610351562,2340.0
202606241857,227.47999572753906,227.36000061035156,227.57000732421875,227.35479736328125,6930.0
202606241858,227.2899932861328,227.30999755859375,227.30999755859375,227.27499389648438,1788.0
202606241859,227.2949981689453,227.35989379882812,227.38999938964844,227.25999450683594,5280.0
202606241900,227.25320434570312,227.35000610351562,227.3800048828125,227.19200134277344,11083.0
202606241901,227.45989990234375,227.47999572753906,227.47999572753906,227.34500122070312,3480.0
202606241902,227.47000122070312,227.52999877929688,227.52999877929688,227.27999877929688,8254.0
202606241903,227.47999572753906,227.64500427246094,227.72000122070312,227.47999572753906,4555.0
202606241904,227.6199951171875,227.64999389648438,227.67999267578125,227.52000427246094,7400.0
202606241905,227.69000244140625,227.5574951171875,227.7581024169922,227.53500366210938,6683.0
202606241906,227.6699981689453,227.61000061035156,227.6699981689453,227.5207977294922,5202.0
202606241907,227.56500244140625,227.57000732421875,227.6300048828125,227.52000427246094,4560.0
202606241908,227.52000427246094,227.88999938964844,227.88999938964844,227.52000427246094,13698.0
202606241909,227.85000610351562,227.97999572753906,228.0399932861328,227.8300018310547,13573.0
202606241910,227.9499969482422,228.0749969482422,228.0749969482422,227.8699951171875,9769.0
202606241911,228.14999389648438,227.99000549316406,228.22000122070312,227.97500610351562,16363.0
202606241912,227.9949951171875,228.05999755859375,228.07000732421875,227.88999938964844,8206.0
202606241913,227.9499969482422,228.10499572753906,228.1199951171875,227.9499969482422,6137.0
202606241914,228.10499572753906,228.139892578125,228.25,228.07000732421875,6518.0
202606241915,228.06500244140625,228.0850067138672,228.18499755859375,227.99009704589844,12977.0
202606241916,228.0749969482422,228.0800018310547,228.14999389648438,228.0,3627.0
202606241917,228.089599609375,228.1300048828125,228.1654052734375,228.06500244140625,15879.0
202606241918,228.1199951171875,228.24000549316406,228.24000549316406,228.05999755859375,5345.0
202606241919,228.18499755859375,228.09500122070312,228.24000549316406,227.97000122070312,25895.0
202606241920,228.0800018310547,227.9199981689453,228.0800018310547,227.860107421875,14072.0
202606241921,227.9199981689453,227.77999877929688,227.97999572753906,227.77999877929688,12426.0
202606241922,227.77999877929688,227.6199951171875,227.77999877929688,227.6199951171875,6737.0
202606241923,227.6999969482422,227.47999572753906,227.6999969482422,227.44000244140625,6318.0
202606241924,227.4600067138672,227.5,227.5,227.44000244140625,6073.0
202606241925,227.46499633789062,227.49000549316406,227.52000427246094,227.44000244140625,6000.0
202606241926,227.47500610351562,227.47000122070312,227.47500610351562,227.35000610351562,3981.0
202606241927,227.40499877929688,227.3699951171875,227.42999267578125,227.3300018310547,6700.0
202606241928,227.3699951171875,227.30499267578125,227.38999938964844,227.2899932861328,5682.0
202606241929,227.3000030517578,227.38900756835938,227.38999938964844,227.3000030517578,5228.0
202606241930,227.36000061035156,227.18499755859375,227.38999938964844,227.17999267578125,8485.0
202606241931,227.18499755859375,227.11500549316406,227.24000549316406,227.09109497070312,6775.0
202606241932,227.125,227.20899963378906,227.24000549316406,227.09249877929688,5859.0
202606241933,227.13999938964844,227.08999633789062,227.27999877929688,227.07000732421875,14390.0
202606241934,227.07000732421875,226.99000549316406,227.07000732421875,226.80999755859375,11125.0
202606241935,227.0399932861328,226.94000244140625,227.0449981689453,226.94000244140625,7464.0
202606241936,226.97000122070312,226.91000366210938,226.98989868164062,226.7949981689453,7053.0
202606241937,226.90499877929688,226.97000122070312,226.97000122070312,226.84500122070312,6705.0
202606241938,226.86500549316406,226.85499572753906,226.9499969482422,226.80999755859375,7766.0
202606241939,226.94000244140625,226.92999267578125,226.968994140625,226.89500427246094,4676.0
202606241940,226.94960021972656,226.9600067138672,227.02000427246094,226.92999267578125,15521.0
202606241941,226.9600067138672,226.98500061035156,227.02000427246094,226.9499969482422,6467.0
202606241942,226.91009521484375,226.90499877929688,227.02999877929688,226.90499877929688,9320.0
202606241943,226.87249755859375,226.85000610351562,226.90499877929688,226.75999450683594,8514.0
202606241944,226.89999389648438,226.89999389648438,227.0290069580078,226.8800048828125,12437.0
202606241945,226.99000549316406,227.35000610351562,227.35000610351562,226.99000549316406,16899.0
202606241946,227.42999267578125,227.14999389648438,227.5050048828125,227.14999389648438,10282.0
202606241947,227.1199951171875,226.9499969482422,227.19000244140625,226.9499969482422,10764.0
202606241948,226.9250030517578,227.1750030517578,227.19000244140625,226.9250030517578,6183.0
202606241949,227.1750030517578,227.3000030517578,227.3000030517578,227.13499450683594,8192.0
202606241950,227.25,227.14999389648438,227.33999633789062,227.11000061035156,14541.0
202606241951,227.22000122070312,227.22999572753906,227.2550048828125,227.16000366210938,10614.0
202606241952,227.22500610351562,227.4199981689453,227.49000549316406,227.1999969482422,13266.0
202606241953,227.38999938964844,227.16000366210938,227.39999389648438,227.12359619140625,15796.0
202606241954,227.1999969482422,227.61000061035156,227.61000061035156,226.9199981689453,43428.0
202606241955,227.4199981689453,227.39500427246094,227.6199951171875,227.22999572753906,31939.0
202606241956,227.5,227.75999450683594,227.7899932861328,227.49000549316406,21397.0
202606241957,227.8000030517578,227.49000549316406,227.94000244140625,227.47000122070312,58976.0
202606241958,227.4600067138672,227.3000030517578,227.49000549316406,227.3000030517578,45319.0
202606241959,227.3300018310547,227.4199981689453,227.49000549316406,227.27999877929688,99221.0
202606242000,227.42,227.42,227.42,227.42,0.0
202606242002,227.39,227.39,227.39,227.39,0.0
202606242004,227.42,227.42,227.42,227.42,0.0
202606242005,228.28,227.0,228.28,227.0,0.0
202606242008,227.0,226.545,227.0,226.545,0.0
202606242009,226.5,226.52,227.0,226.5,0.0
202606242010,227.42,225.9863,227.42,224.81,0.0
202606242011,226.8558,226.8558,226.8558,226.8558,0.0
202606242014,227.42,227.08,227.42,227.08,0.0
202606242015,227.42,227.42,227.42,227.42,0.0
202606242016,227.07,227.07,227.07,227.07,0.0
202606242017,227.1,227.1,227.1,227.1,0.0
202606242018,228.28,228.28,228.28,228.28,0.0
202606242019,227.0,228.28,228.28,227.0,0.0
202606242020,227.42,227.42,227.42,227.42,0.0
202606242023,226.5,226.5,226.5,226.5,0.0
202606242025,226.56,226.56,226.56,226.56,0.0
202606242026,226.56,226.5,226.56,226.5,0.0
202606242027,226.78,227.27,227.27,226.5474,0.0
202606242029,226.76,226.5226,226.76,226.5226,0.0
202606242030,226.6014,226.6014,226.6014,226.6014,0.0
202606242032,226.76,226.76,226.76,226.76,0.0
202606242035,226.76,226.76,226.76,226.76,0.0
202606242036,226.73,226.73,226.73,226.73,0.0
202606242037,226.87,226.86,226.87,226.86,0.0
202606242039,226.76,226.75,226.76,226.75,0.0
202606242042,226.54,226.54,226.54,226.54,0.0
202606242046,226.5181,225.64,226.5181,225.64,0.0
202606242047,227.24,226.16,227.24,226.16,0.0
202606242048,226.07,227.0,227.0,226.07,0.0
202606242049,226.07,226.01,226.07,226.01,0.0
202606242051,225.2967,225.2967,225.2967,225.2967,0.0
202606242052,226.9362,211.5764,226.9362,211.5764,0.0
202606242054,211.5764,211.5764,211.5764,211.5764,0.0
202606242055,226.99,226.99,226.99,226.99,0.0
202606242056,225.6433,225.585,225.6433,225.585,0.0
202606242058,226.6862,226.6862,226.6862,226.6862,0.0
202606242059,227.24,227.24,227.24,227.24,0.0
202606242100,227.24,226.5,227.24,226.0,0.0
202606242101,227.24,227.24,227.24,227.24,0.0
202606242102,226.81,226.86,226.86,226.81,0.0
202606242106,226.89,226.97,226.97,226.89,0.0
202606242108,225.8,225.1401,225.8,225.1401,0.0
202606242109,226.82,226.82,226.82,226.82,0.0
202606242111,226.0,226.0,226.0,226.0,0.0
202606242112,225.14,225.14,225.14,225.14,0.0
202606242115,226.79,226.79,226.79,226.79,0.0
202606242117,226.95,226.95,226.95,226.95,0.0
202606242119,226.96,226.96,226.96,226.96,0.0
202606242120,226.95,226.96,226.96,226.87,0.0
202606242123,225.4027,226.96,226.96,225.4027,0.0
202606242124,227.42,227.42,227.42,227.42,0.0
202606242127,226.06,226.06,226.06,226.06,0.0
202606242128,226.6,226.06,226.6,226.06,0.0
202606242130,226.6022,226.6022,226.6022,226.6022,0.0
202606242131,226.7,226.7,226.7,226.7,0.0
202606242132,226.95,226.95,226.95,226.95,0.0
202606242135,226.7273,226.7273,226.7273,226.7273,0.0
202606242136,226.96,226.96,226.96,226.96,0.0
202606242140,226.96,226.96,226.96,226.96,0.0
202606242143,226.96,226.96,226.96,226.96,0.0
202606242144,226.96,226.96,226.96,226.96,0.0
202606242145,226.96,226.5,226.96,226.5,0.0
202606242147,226.96,226.96,226.96,226.96,0.0
202606242149,226.01,226.01,226.01,226.01,0.0
202606242154,226.04,226.0399,226.04,226.0399,0.0
202606242156,225.9987,226.22,226.22,225.9987,0.0
202606242200,226.0,226.7186,226.7186,226.0,0.0
202606242202,225.17,226.01,226.01,225.17,0.0
202606242206,226.01,225.8,226.01,225.8,0.0
202606242210,226.6,226.7,226.7,226.6,0.0
202606242248,226.47,226.42,226.47,226.42,0.0
