datetime,open,close,high,low,volume
202606230809,227.5,227.5,227.5,227.5,2.0
202606230810,227.5,227.5,227.5,227.5,0.0
202606230811,227.5,227.5,227.5,227.5,0.0
202606230812,227.5,227.5,227.5,227.5,0.0
202606230813,227.5,227.5,227.5,227.5,0.0
202606230814,227.5,227.5,227.5,227.5,0.0
202606230815,227.5,227.5,227.5,227.5,0.0
202606230816,227.5,227.5,227.5,227.5,0.0
202606230817,227.0,227.0,227.0,227.0,1.0
202606230818,227.0,227.0,227.0,227.0,0.0
202606230819,227.0,227.0,227.0,227.0,0.0
202606230820,227.0,227.0,227.0,227.0,0.0
202606230821,227.0,227.0,227.0,227.0,0.0
202606230822,227.0,227.0,227.0,227.0,0.0
202606230823,227.0,227.0,227.0,227.0,0.0
202606230824,227.0,227.0,227.0,227.0,0.0
202606230825,227.0,227.0,227.0,227.0,0.0
202606230826,227.0,227.0,227.0,227.0,0.0
202606230827,227.0,227.0,227.0,227.0,0.0
202606230828,227.0,227.0,227.0,227.0,0.0
202606230829,227.0,227.0,227.0,227.0,0.0
202606230830,227.0,227.0,227.0,227.0,0.0
202606230831,227.0,227.0,227.0,227.0,0.0
202606230832,226.2,226.2,226.2,226.19,2.0
202606230833,226.2,226.2,226.2,226.2,0.0
202606230834,226.2,226.2,226.2,226.2,0.0
202606230835,226.2,226.2,226.2,226.2,0.0
202606230836,226.2,226.2,226.2,226.2,0.0
202606230837,226.2,226.2,226.2,226.2,0.0
202606230838,226.2,226.2,226.2,226.2,0.0
202606230839,226.2,226.2,226.2,226.2,0.0
202606230840,226.2,226.2,226.2,226.2,0.0
202606230841,226.2,226.2,226.2,226.2,0.0
202606230842,226.2,226.2,226.2,226.2,0.0
202606230843,226.2,226.2,226.2,226.2,0.0
202606230844,226.2,226.2,226.2,226.2,0.0
202606230845,226.2,226.2,226.2,226.2,0.0
202606230846,226.2,226.2,226.2,226.2,0.0
202606230847,226.2,226.2,226.2,226.2,0.0
202606230848,226.0,226.0,226.0,226.0,6.0
202606230849,226.0,226.0,226.0,226.0,0.0
202606230850,226.0,226.0,226.0,226.0,0.0
202606230851,226.0,226.0,226.0,226.0,14.0
202606230852,226.0,226.0,226.0,226.0,0.0
202606230853,226.0,226.0,226.0,226.0,0.0
202606230854,226.0,226.0,226.0,226.0,0.0
202606230855,226.0,226.0,226.0,226.0,0.0
202606230856,226.0,226.0,226.0,226.0,0.0
202606230857,226.0,226.0,226.0,226.0,0.0
202606230858,226.0,226.0,226.0,226.0,0.0
202606230859,226.0,226.0,226.0,226.0,0.0
202606230900,226.0,226.0,226.0,226.0,0.0
202606230901,226.0,226.0,226.0,226.0,0.0
202606230902,226.0,226.0,226.0,226.0,0.0
202606230903,226.0,226.0,226.0,226.0,0.0
202606230904,226.0,226.0,226.0,226.0,0.0
202606230905,226.0,226.0,226.0,226.0,0.0
202606230906,226.0,226.0,226.0,226.0,0.0
202606230907,226.0,226.0,226.0,226.0,0.0
202606230908,226.0,226.0,226.0,226.0,0.0
202606230909,226.0,226.0,226.0,226.0,0.0
202606230910,226.0,226.0,226.0,226.0,0.0
202606230911,226.0,226.0,226.0,226.0,0.0
202606230912,226.0,226.0,226.0,226.0,0.0
202606230913,226.0,226.0,226.0,226.0,0.0
202606230914,226.0,226.0,226.0,226.0,0.0
202606230915,226.0,226.0,226.0,226.0,0.0
202606230916,226.0,226.0,226.0,226.0,0.0
202606230917,226.0,226.0,226.0,226.0,0.0
202606230918,226.0,226.0,226.0,226.0,0.0
202606230919,226.0,226.0,226.0,226.0,0.0
202606230920,226.0,226.0,226.0,226.0,0.0
202606230921,226.0,226.0,226.0,226.0,0.0
202606230922,226.0,226.0,226.0,226.0,0.0
202606230923,226.0,226.0,226.0,226.0,0.0
202606230924,226.0,226.0,226.0,226.0,0.0
202606230925,226.0,226.0,226.0,226.0,0.0
202606230926,226.0,226.0,226.0,226.0,0.0
202606230927,226.0,226.0,226.0,226.0,0.0
202606230928,226.0,226.0,226.0,226.0,0.0
202606230929,226.0,226.0,226.0,226.0,0.0
202606230930,226.0,226.0,226.0,226.0,0.0
202606230931,226.0,226.0,226.0,226.0,0.0
202606230932,226.0,226.0,226.0,226.0,0.0
202606230933,226.0,226.0,226.0,226.0,0.0
202606230934,226.0,226.0,226.0,226.0,0.0
202606230935,226.0,226.0,226.0,226.0,0.0
202606230936,226.0,226.0,226.0,226.0,0.0
202606230937,226.0,226.0,226.0,226.0,0.0
202606230938,226.0,226.0,226.0,226.0,0.0
202606230939,226.0,226.0,226.0,226.0,0.0
202606230940,226.0,226.0,226.0,226.0,0.0
202606230941,226.0,226.0,226.0,226.0,0.0
202606230942,226.0,226.0,226.0,226.0,0.0
202606230943,226.0,226.0,226.0,226.0,0.0
202606230944,226.0,226.0,226.0,226.0,0.0
202606230945,226.0,226.0,226.0,226.0,0.0
202606230946,226.0,226.0,226.0,226.0,0.0
202606230947,226.0,226.0,226.0,226.0,0.0
202606230948,226.0,226.0,226.0,226.0,0.0
202606230949,226.0,226.0,226.0,226.0,0.0
202606230950,226.0,226.0,226.0,226.0,0.0
202606230951,226.0,226.0,226.0,226.0,0.0
202606230952,226.0,226.0,226.0,226.0,0.0
202606230953,226.0,226.0,226.0,226.0,0.0
202606230954,226.0,226.0,226.0,226.0,0.0
202606230955,226.0,226.0,226.0,226.0,0.0
202606230956,226.0,226.0,226.0,226.0,0.0
202606230957,226.0,226.0,226.0,226.0,0.0
202606230958,226.0,226.0,226.0,226.0,0.0
202606230959,226.0,226.0,226.0,226.0,0.0
202606231000,226.0,226.0,226.0,226.0,0.0
202606231001,226.0,226.0,226.0,226.0,0.0
202606231002,226.0,226.0,226.0,226.0,0.0
202606231003,226.0,226.0,226.0,226.0,0.0
202606231004,226.0,226.0,226.0,226.0,0.0
202606231005,226.0,226.0,226.0,226.0,0.0
202606231006,226.0,226.0,226.0,226.0,0.0
202606231007,226.0,226.0,226.0,226.0,0.0
202606231008,226.0,226.0,226.0,226.0,0.0
202606231009,226.0,226.0,226.0,226.0,0.0
202606231010,226.0,226.0,226.0,226.0,0.0
202606231011,226.0,226.0,226.0,226.0,0.0
202606231012,226.0,226.0,226.0,226.0,0.0
202606231013,226.0,226.0,226.0,226.0,0.0
202606231014,226.0,226.0,226.0,226.0,0.0
202606231015,226.0,226.0,226.0,226.0,0.0
202606231016,226.0,226.0,226.0,226.0,0.0
202606231017,226.0,226.0,226.0,226.0,0.0
202606231018,226.0,226.0,226.0,226.0,0.0
202606231019,226.0,226.0,226.0,226.0,0.0
202606231020,226.0,226.0,226.0,226.0,0.0
202606231021,226.0,226.0,226.0,226.0,0.0
202606231022,226.0,226.0,226.0,226.0,0.0
202606231023,226.0,226.0,226.0,226.0,0.0
202606231024,226.0,226.0,226.0,226.0,0.0
202606231025,226.0,226.0,226.0,226.0,0.0
202606231026,226.0,226.0,226.0,226.0,0.0
202606231027,226.0,226.0,226.0,226.0,0.0
202606231028,226.0,226.0,226.0,226.0,0.0
202606231029,226.0,226.0,226.0,226.0,0.0
202606231030,226.0,226.0,226.0,226.0,0.0
202606231031,226.0,226.0,226.0,226.0,0.0
202606231032,226.0,226.0,226.0,226.0,0.0
202606231033,226.0,226.0,226.0,226.0,0.0
202606231034,226.0,226.0,226.0,226.0,0.0
202606231035,226.0,226.0,226.0,226.0,0.0
202606231036,226.0,226.0,226.0,226.0,0.0
202606231037,226.0,226.0,226.0,226.0,0.0
202606231038,226.0,226.0,226.0,226.0,0.0
202606231039,226.0,226.0,226.0,226.0,0.0
202606231040,226.0,226.0,226.0,226.0,0.0
202606231041,226.0,226.0,226.0,226.0,0.0
202606231042,226.0,226.0,226.0,226.0,0.0
202606231043,226.0,226.0,226.0,226.0,0.0
202606231044,226.0,226.0,226.0,226.0,0.0
202606231045,226.0,226.0,226.0,226.0,0.0
202606231046,226.0,226.0,226.0,226.0,0.0
202606231047,226.0,226.0,226.0,226.0,0.0
202606231048,226.0,226.0,226.0,226.0,0.0
202606231049,226.0,226.0,226.0,226.0,0.0
202606231050,226.0,226.0,226.0,226.0,0.0
202606231051,226.0,226.0,226.0,226.0,0.0
202606231052,226.0,226.0,226.0,226.0,0.0
202606231053,226.01,226.01,226.01,226.01,1.0
202606231054,226.01,226.01,226.01,226.01,0.0
202606231055,226.01,226.01,226.01,226.01,0.0
202606231056,226.01,226.01,226.01,226.01,0.0
202606231057,226.01,226.01,226.01,226.01,0.0
202606231058,226.01,226.01,226.01,226.01,0.0
202606231059,226.01,226.01,226.01,226.01,0.0
202606231100,226.5,226.5,226.5,226.5,1.0
202606231101,226.44,226.44,226.44,226.44,1.0
202606231102,226.44,226.44,226.44,226.44,0.0
202606231103,226.44,226.44,226.44,226.44,0.0
202606231104,226.44,226.44,226.44,226.44,0.0
202606231105,226.44,226.44,226.44,226.44,0.0
202606231106,226.44,226.44,226.44,226.44,0.0
202606231107,226.44,226.44,226.44,226.44,0.0
202606231108,226.44,226.44,226.44,226.44,0.0
202606231109,226.44,226.44,226.44,226.44,0.0
202606231110,226.44,226.44,226.44,226.44,0.0
202606231111,226.44,226.44,226.44,226.44,0.0
202606231112,226.44,226.44,226.44,226.44,0.0
202606231113,226.44,226.44,226.44,226.44,0.0
202606231114,226.44,226.44,226.44,226.44,0.0
202606231115,226.44,226.44,226.44,226.44,0.0
202606231116,226.44,226.44,226.44,226.44,0.0
202606231117,226.44,226.44,226.44,226.44,0.0
202606231118,226.44,226.44,226.44,226.44,0.0
202606231119,226.44,226.44,226.44,226.44,0.0
202606231120,226.44,226.44,226.44,226.44,0.0
202606231121,226.44,226.44,226.44,226.44,0.0
202606231122,226.44,226.44,226.44,226.44,0.0
202606231123,226.44,226.44,226.44,226.44,0.0
202606231124,226.44,226.44,226.44,226.44,0.0
202606231125,226.44,226.44,226.44,226.44,0.0
202606231126,226.47,226.47,226.47,226.47,1.0
202606231127,226.5,226.5,226.5,226.5,2.0
202606231128,226.5,226.5,226.5,226.5,0.0
202606231129,226.5,226.5,226.5,226.5,0.0
202606231130,226.5,226.5,226.5,226.5,0.0
202606231131,226.5,226.5,226.5,226.5,0.0
202606231132,226.5,226.5,226.5,226.5,0.0
202606231133,226.5,226.5,226.5,226.5,0.0
202606231134,226.5,226.5,226.5,226.5,0.0
202606231135,226.5,226.5,226.5,226.5,0.0
202606231136,226.5,226.5,226.5,226.5,0.0
202606231137,226.51,226.51,226.52,226.51,2.0
202606231138,226.51,226.51,226.51,226.51,0.0
202606231139,226.51,226.51,226.51,226.51,0.0
202606231140,226.51,226.51,226.51,226.51,0.0
202606231141,226.51,226.51,226.51,226.51,0.0
202606231142,226.51,226.51,226.51,226.51,0.0
202606231143,226.51,226.51,226.51,226.51,0.0
202606231144,226.51,226.51,226.51,226.51,0.0
202606231145,226.51,226.51,226.51,226.51,0.0
202606231146,226.51,226.51,226.51,226.51,0.0
202606231147,226.51,226.51,226.51,226.51,0.0
202606231148,226.51,226.51,226.51,226.51,0.0
202606231149,226.51,226.51,226.51,226.51,0.0
202606231150,226.51,226.51,226.51,226.51,0.0
202606231151,226.51,226.51,226.51,226.51,0.0
202606231152,226.51,226.51,226.51,226.51,0.0
202606231153,226.51,226.51,226.51,226.51,0.0
202606231154,226.51,226.51,226.51,226.51,0.0
202606231155,226.51,226.51,226.51,226.51,0.0
202606231156,226.51,226.51,226.51,226.51,0.0
202606231157,226.51,226.51,226.51,226.51,0.0
202606231158,226.51,226.51,226.51,226.51,0.0
202606231159,226.51,226.51,226.51,226.51,0.0
202606231200,226.51,226.51,226.51,226.51,0.0
202606231201,226.51,226.51,226.51,226.51,0.0
202606231202,226.67,226.67,226.68,226.67,1.0
202606231203,226.67,226.67,226.67,226.67,0.0
202606231204,226.67,226.67,226.67,226.67,0.0
202606231205,226.67,226.67,226.67,226.67,0.0
202606231206,226.67,226.67,226.67,226.67,0.0
202606231207,226.67,226.67,226.67,226.67,0.0
202606231208,226.67,226.67,226.67,226.67,0.0
202606231209,226.67,226.67,226.67,226.67,0.0
202606231210,226.67,226.67,226.67,226.67,0.0
202606231211,226.67,226.67,226.67,226.67,0.0
202606231212,226.67,226.67,226.67,226.67,0.0
202606231213,226.67,226.67,226.67,226.67,0.0
202606231214,226.67,226.67,226.67,226.67,0.0
202606231215,226.67,226.67,226.67,226.67,0.0
202606231216,226.67,226.67,226.67,226.67,0.0
202606231217,226.67,226.67,226.67,226.67,0.0
202606231218,226.67,226.67,226.67,226.67,0.0
202606231219,226.67,226.67,226.67,226.67,0.0
202606231220,226.67,226.67,226.67,226.67,0.0
202606231221,226.67,226.67,226.67,226.67,0.0
202606231222,226.67,226.67,226.67,226.67,0.0
202606231223,226.67,226.67,226.67,226.67,0.0
202606231224,226.67,226.67,226.67,226.67,0.0
202606231225,226.67,226.67,226.67,226.67,0.0
202606231226,226.67,226.67,226.67,226.67,0.0
202606231227,226.67,226.67,226.67,226.67,0.0
202606231228,226.67,226.67,226.67,226.67,0.0
202606231229,226.67,226.67,226.67,226.67,0.0
202606231230,226.67,226.67,226.67,226.67,0.0
202606231231,226.67,226.67,226.67,226.67,0.0
202606231232,226.67,226.67,226.67,226.67,0.0
202606231233,226.55,226.5,226.55,226.5,50.0
202606231234,226.5,226.5,226.5,226.5,0.0
202606231235,226.5,226.5,226.5,226.5,0.0
202606231236,226.5,226.5,226.5,226.5,0.0
202606231237,226.5,226.5,226.5,226.5,0.0
202606231238,226.5,226.5,226.5,226.5,0.0
202606231239,226.5,226.5,226.5,226.5,0.0
202606231240,226.5,226.5,226.5,226.5,0.0
202606231241,226.5,226.5,226.5,226.5,0.0
202606231242,226.5,226.5,226.5,226.5,4.0
202606231243,226.5,226.5,226.5,226.5,0.0
202606231244,226.5,226.5,226.5,226.5,0.0
202606231245,226.5,226.5,226.5,226.5,0.0
202606231246,226.5,226.5,226.5,226.5,0.0
202606231247,226.5,226.5,226.5,226.5,0.0
202606231248,226.5,226.5,226.5,226.5,0.0
202606231249,226.5,226.5,226.5,226.5,0.0
202606231250,226.5,226.5,226.5,226.5,0.0
202606231251,226.5,226.5,226.5,226.5,0.0
202606231252,226.5,226.5,226.5,226.5,0.0
202606231253,226.5,226.5,226.5,226.5,0.0
202606231254,226.5,226.5,226.5,226.5,0.0
202606231255,226.5,226.5,226.5,226.5,0.0
202606231256,226.5,226.5,226.5,226.5,0.0
202606231257,226.7,226.7,226.7,226.7,5.0
202606231258,226.7,226.7,226.7,226.7,0.0
202606231259,226.7,226.7,226.7,226.7,0.0
202606231300,226.7,226.7,226.7,226.7,0.0
202606231301,226.7,226.7,226.7,226.7,0.0
202606231302,226.7,226.7,226.7,226.7,0.0
202606231303,226.7,226.7,226.7,226.7,0.0
202606231304,226.7,226.7,226.7,226.7,0.0
202606231305,226.7,226.7,226.7,226.7,0.0
202606231306,226.7,226.7,226.7,226.7,0.0
202606231307,226.65,226.5,226.65,226.5,5.0
202606231308,226.5,226.5,226.5,226.5,0.0
202606231309,226.5,226.5,226.5,226.5,0.0
202606231310,226.5,226.5,226.5,226.5,0.0
202606231311,226.5,226.5,226.5,226.5,0.0
202606231312,226.5,226.5,226.5,226.5,0.0
202606231313,226.5,226.5,226.5,226.5,1.0
202606231314,226.5,226.5,226.5,226.5,0.0
202606231315,226.5,226.5,226.5,226.5,0.0
202606231316,226.55,226.53,226.55,226.52,3.0
202606231317,226.5,226.44,226.5,226.44,20.0
202606231318,226.44,226.44,226.44,226.44,0.0
202606231319,226.44,226.44,226.44,226.44,0.0
202606231320,226.44,226.44,226.44,226.44,0.0
202606231321,226.15,226.15,226.15,226.15,1.0
202606231322,226.15,226.15,226.15,226.15,0.0
202606231323,226.15,226.15,226.15,226.15,0.0
202606231324,226.15,226.15,226.15,226.15,0.0
202606231325,226.15,226.15,226.15,226.15,1.0
202606231326,226.15,226.15,226.15,226.15,0.0
202606231327,226.15,225.28,226.83,225.28,7.0
202606231328,225.28,225.28,225.28,225.28,0.0
202606231329,225.28,225.28,225.28,225.28,0.0
202606231330,225.63,224.78,225.78,224.68,621.0
202606231331,224.74,224.82,225.36,224.25,80.0
202606231332,224.77,225.0,225.26,224.76,60.0
202606231333,224.54,224.63,224.74,224.35,49.0
202606231334,224.33,223.66,224.58,223.65,60.0
202606231335,223.5,222.83,223.67,222.5,127.0
202606231336,222.91,222.61,223.04,222.61,36.0
202606231337,222.71,222.63,223.01,222.5,55.0
202606231338,222.77,222.93,223.1,222.44,81.0
202606231339,223.1,222.42,223.1,222.41,33.0
202606231340,222.69,222.89,223.36,222.59,39.0
202606231341,223.12,223.0,223.41,223.0,10.0
202606231342,223.2,223.04,223.23,223.04,9.0
202606231343,223.22,222.55,223.22,222.41,55.0
202606231344,222.67,223.18,223.18,222.66,18.0
202606231345,223.06,223.33,223.33,223.05,13.0
202606231346,223.51,223.52,223.67,223.34,134.0
202606231347,223.6,223.71,223.83,223.59,31.0
202606231348,223.75,223.47,223.85,223.42,38.0
202606231349,223.61,223.75,223.92,223.6,46.0
202606231350,223.75,224.07,224.15,223.75,43.0
202606231351,224.16,223.79,224.16,223.65,59.0
202606231352,223.78,223.98,223.98,223.63,37.0
202606231353,223.98,223.76,223.99,223.7,30.0
202606231354,223.79,224.1,224.21,223.79,92.0
202606231355,224.28,223.62,224.29,223.55,40.0
202606231356,223.62,223.5,223.72,223.31,29.0
202606231357,223.35,223.61,223.76,223.06,58.0
202606231358,223.86,223.4,223.86,223.34,26.0
202606231359,223.28,223.45,223.47,223.16,53.0
202606231400,223.82,223.74,223.82,223.45,13.0
202606231401,223.85,223.93,223.94,223.85,11.0
202606231402,223.85,223.8,224.11,223.6,38.0
202606231403,223.73,224.12,224.18,223.72,42.0
202606231404,224.04,223.99,224.1,223.87,11.0
202606231405,224.02,223.6,224.02,223.6,34.0
202606231406,223.66,223.66,223.77,223.35,126.0
202606231407,223.91,223.81,223.91,223.71,29.0
202606231408,223.72,224.09,224.16,223.62,57.0
202606231409,224.1,224.24,224.24,224.09,25.0
202606231410,224.38,224.18,224.65,224.18,26.0
202606231411,224.22,224.27,224.35,224.21,11.0
202606231412,224.04,224.36,224.55,224.04,70.0
202606231413,224.39,224.44,224.62,224.35,24.0
202606231414,224.47,224.74,224.74,224.39,35.0
202606231415,224.6,224.59,224.78,224.5,24.0
202606231416,224.47,225.16,225.16,224.47,36.0
202606231417,225.03,224.91,225.24,224.81,57.0
202606231418,225.09,224.96,225.09,224.72,45.0
202606231419,224.96,225.03,225.08,224.91,35.0
202606231420,225.04,225.07,225.22,224.99,30.0
202606231421,224.92,224.99,225.0,224.81,16.0
202606231422,224.86,224.63,224.86,224.63,11.0
202606231423,224.58,225.28,225.63,224.58,252.0
202606231424,225.45,225.05,225.66,224.91,185.0
202606231425,225.17,225.17,225.32,225.0,48.0
202606231426,225.18,225.18,225.29,225.06,42.0
202606231427,225.22,225.28,225.41,225.21,108.0
202606231428,225.19,225.24,225.24,225.12,21.0
202606231429,225.11,225.13,225.3,225.0,62.0
202606231430,225.21,225.41,225.51,225.21,107.0
202606231431,225.4,224.99,225.48,224.98,103.0
202606231432,224.91,225.07,225.11,224.85,26.0
202606231433,225.1,224.83,225.12,224.82,55.0
202606231434,224.74,224.56,224.79,224.32,113.0
202606231435,224.43,224.35,224.46,224.23,37.0
202606231436,224.4,224.43,224.6,224.4,51.0
202606231437,224.43,224.56,224.65,224.34,34.0
202606231438,224.57,224.52,224.58,224.42,63.0
202606231439,224.39,224.47,224.56,224.31,21.0
202606231440,224.37,224.19,224.5,224.03,157.0
202606231441,224.1,224.2,224.27,224.01,32.0
202606231442,224.18,224.34,224.46,224.17,81.0
202606231443,224.3,224.43,224.46,224.3,16.0
202606231444,224.35,223.99,224.35,223.91,65.0
202606231445,224.0,223.84,224.08,223.84,31.0
202606231446,224.0,224.09,224.09,223.92,21.0
202606231447,224.03,223.88,224.03,223.86,10.0
202606231448,223.89,224.07,224.07,223.76,30.0
202606231449,224.07,223.96,224.17,223.88,35.0
202606231450,224.03,223.94,224.16,223.85,47.0
202606231451,223.91,223.97,224.03,223.75,135.0
202606231452,223.85,224.14,224.19,223.85,142.0
202606231453,224.04,224.1,224.2,224.03,31.0
202606231454,224.01,224.2,224.21,223.94,37.0
202606231455,224.15,224.23,224.29,224.14,18.0
202606231456,224.29,224.19,224.4,224.19,27.0
202606231457,224.08,224.32,224.32,224.08,25.0
202606231458,224.34,224.49,224.49,224.31,29.0
202606231459,224.49,224.4,224.49,224.39,11.0
202606231500,224.42,224.38,224.53,224.25,59.0
202606231501,224.38,224.46,224.66,224.37,28.0
202606231502,224.48,224.37,224.5,224.36,32.0
202606231503,224.52,224.44,224.52,224.43,28.0
202606231504,224.51,224.63,224.64,224.43,42.0
202606231505,224.55,224.67,224.68,224.45,13.0
202606231506,224.62,224.64,224.64,224.55,13.0
202606231507,224.6,224.81,224.91,224.6,56.0
202606231508,224.82,224.65,224.82,224.61,40.0
202606231509,224.58,224.73,224.73,224.53,21.0
202606231510,224.78,224.74,224.86,224.44,154.0
202606231511,224.71,224.7,224.71,224.62,10.0
202606231512,224.64,224.62,224.75,224.61,9.0
202606231513,224.54,224.67,224.71,224.54,22.0
202606231514,224.6,224.64,224.7,224.6,18.0
202606231515,224.64,224.67,224.74,224.59,35.0
202606231516,224.55,224.68,224.68,224.52,9.0
202606231517,224.59,224.77,224.77,224.57,80.0
202606231518,224.71,224.54,224.8,224.54,32.0
202606231519,224.65,224.68,224.68,224.5,24.0
202606231520,224.66,224.45,224.7,224.45,33.0
202606231521,224.51,224.45,224.52,224.41,32.0
202606231522,224.45,224.59,224.59,224.4,20.0
202606231523,224.67,224.64,224.68,224.64,3.0
202606231524,224.55,224.54,224.64,224.51,46.0
202606231525,224.51,224.42,224.51,224.41,11.0
202606231526,224.38,224.16,224.38,224.14,48.0
202606231527,224.1,224.1,224.18,224.04,51.0
202606231528,224.07,224.24,224.36,223.89,165.0
202606231529,224.24,224.55,224.59,224.23,435.0
202606231530,224.56,224.86,224.88,224.42,131.0
202606231531,224.87,224.71,224.87,224.52,159.0
202606231532,224.77,224.86,224.86,224.62,27.0
202606231533,224.79,225.23,225.27,224.79,187.0
202606231534,225.18,225.1,225.2,225.08,35.0
202606231535,225.19,225.24,225.37,225.06,92.0
202606231536,225.24,225.2,225.39,225.2,16.0
202606231537,225.16,224.71,225.18,224.7,128.0
202606231538,224.77,224.55,224.77,224.4,32.0
202606231539,224.63,224.58,224.64,224.5,81.0
202606231540,224.5,224.68,224.83,224.5,50.0
202606231541,224.68,224.7,224.76,224.54,90.0
202606231542,224.76,224.7,224.82,224.65,55.0
202606231543,224.76,224.47,224.77,224.47,135.0
202606231544,224.41,224.24,224.49,224.19,25.0
202606231545,224.24,224.33,224.34,224.23,19.0
202606231546,224.34,224.53,224.53,224.33,24.0
202606231547,224.51,224.62,224.62,224.42,20.0
202606231548,224.53,224.84,224.9,224.52,41.0
202606231549,224.85,225.02,225.02,224.85,24.0
202606231550,224.93,225.15,225.17,224.91,112.0
202606231551,225.06,225.09,225.12,224.83,36.0
202606231552,225.17,225.11,225.2,225.08,13.0
202606231553,225.11,225.15,225.15,225.1,8.0
202606231554,225.11,225.13,225.21,225.1,12.0
202606231555,225.23,225.13,225.23,225.01,49.0
202606231556,225.13,225.12,225.15,225.0,63.0
202606231557,225.12,225.23,225.26,225.03,116.0
202606231558,225.29,225.14,225.3,225.12,22.0
202606231559,225.19,225.24,225.28,225.14,15.0
202606231600,225.24,225.18,225.27,225.09,34.0
202606231601,225.27,225.29,225.29,225.2,20.0
202606231602,225.19,225.2,225.25,225.19,8.0
202606231603,225.18,225.25,225.28,225.15,42.0
202606231604,225.25,225.35,225.41,225.25,53.0
202606231605,225.39,225.53,225.56,225.36,132.0
202606231606,225.45,225.55,225.59,225.45,9.0
202606231607,225.58,225.36,225.58,225.36,56.0
202606231608,225.37,225.28,225.4,225.21,108.0
202606231609,225.35,225.0,225.35,224.94,94.0
202606231610,225.01,224.95,225.1,224.89,59.0
202606231611,224.86,224.47,224.86,224.42,108.0
202606231612,224.51,224.57,224.63,224.51,38.0
202606231613,224.51,224.66,224.69,224.51,25.0
202606231614,224.73,224.64,224.74,224.5,65.0
202606231615,224.6,224.69,224.9,224.53,36.0
202606231616,224.69,224.6,224.79,224.44,72.0
202606231617,224.59,224.76,224.8,224.58,34.0
202606231618,224.76,224.73,224.79,224.69,16.0
202606231619,224.71,224.62,224.71,224.5,34.0
202606231620,224.5,224.35,224.5,224.35,30.0
202606231621,224.34,224.1,224.35,224.0,84.0
202606231622,224.1,224.01,224.23,223.96,127.0
202606231623,224.05,224.25,224.25,224.0,37.0
202606231624,224.26,224.26,224.31,224.19,19.0
202606231625,224.32,224.45,224.53,224.25,154.0
202606231626,224.45,224.32,224.56,224.22,50.0
202606231627,224.3,224.45,224.45,224.3,9.0
202606231628,224.46,224.45,224.46,224.36,29.0
202606231629,224.38,224.63,224.63,224.37,8.0
202606231630,224.58,224.7,224.71,224.5,25.0
202606231631,224.66,224.71,224.74,224.63,14.0
202606231632,224.66,224.5,224.66,224.38,26.0
202606231633,224.39,224.36,224.39,224.26,9.0
202606231634,224.29,224.29,224.41,224.28,23.0
202606231635,224.4,224.11,224.4,224.11,19.0
202606231636,224.27,224.29,224.29,224.27,3.0
202606231637,224.33,224.4,224.4,224.33,7.0
202606231638,224.39,224.31,224.39,224.31,6.0
202606231639,224.32,224.39,224.39,224.3,32.0
202606231640,224.35,224.34,224.42,224.33,46.0
202606231641,224.37,224.53,224.53,224.36,43.0
202606231642,224.56,224.34,224.57,224.3,26.0
202606231643,224.31,224.34,224.36,224.26,93.0
202606231644,224.34,224.28,224.42,224.25,28.0
202606231645,224.38,224.34,224.38,224.17,54.0
202606231646,224.4,224.36,224.4,224.34,8.0
202606231647,224.36,224.36,224.36,224.35,5.0
202606231648,224.36,224.34,224.36,224.34,8.0
202606231649,224.26,224.23,224.31,224.2,17.0
202606231650,224.19,224.16,224.19,224.12,7.0
202606231651,224.1,224.21,224.28,224.08,46.0
202606231652,224.3,224.34,224.41,224.21,14.0
202606231653,224.34,224.5,224.59,224.28,62.0
202606231654,224.5,224.52,224.52,224.5,13.0
202606231655,224.5,224.31,224.52,224.3,37.0
202606231656,224.22,224.27,224.34,224.22,33.0
202606231657,224.27,224.33,224.39,224.26,27.0
202606231658,224.3,224.47,224.49,224.29,169.0
202606231659,224.52,224.4,224.52,224.4,7.0
202606231700,224.35,224.15,224.39,224.08,35.0
202606231701,224.2,224.3,224.3,224.14,29.0
202606231702,224.3,224.34,224.41,224.25,28.0
202606231703,224.44,224.47,224.47,224.3,15.0
202606231704,224.45,224.47,224.47,224.4,18.0
202606231705,224.49,224.49,224.5,224.43,10.0
202606231706,224.45,224.75,224.75,224.45,48.0
202606231707,224.73,224.66,224.73,224.56,9.0
202606231708,224.58,224.58,224.63,224.58,4.0
202606231709,224.63,224.66,224.66,224.55,26.0
202606231710,224.6,224.84,224.87,224.6,24.0
202606231711,224.87,225.03,225.13,224.85,89.0
202606231712,224.98,224.87,224.98,224.87,8.0
202606231713,224.79,224.82,224.84,224.71,27.0
202606231714,224.85,224.85,224.85,224.84,1.0
202606231715,224.77,225.03,225.03,224.77,14.0
202606231716,224.9,224.9,224.9,224.9,11.0
202606231717,224.89,224.8,224.96,224.8,10.0
202606231718,224.76,224.63,224.81,224.63,17.0
202606231719,224.7,224.7,224.7,224.7,8.0
202606231720,224.7,224.74,224.74,224.55,44.0
202606231721,224.74,224.76,224.79,224.69,47.0
202606231722,224.7,224.74,224.85,224.7,23.0
202606231723,224.86,224.97,224.99,224.8,90.0
202606231724,224.96,224.81,225.09,224.81,34.0
202606231725,224.83,224.78,224.83,224.71,18.0
202606231726,224.71,224.77,224.77,224.7,6.0
202606231727,224.68,224.78,224.81,224.63,34.0
202606231728,224.69,224.49,224.7,224.49,152.0
202606231729,224.67,224.4,224.67,224.4,10.0
202606231730,224.37,224.39,224.39,224.33,13.0
202606231731,224.33,224.29,224.44,224.29,10.0
202606231732,224.36,224.35,224.36,224.34,10.0
202606231733,224.27,224.29,224.3,224.22,14.0
202606231734,224.31,224.27,224.4,224.26,62.0
202606231735,224.27,224.47,224.47,224.26,54.0
202606231736,224.52,224.44,224.52,224.39,20.0
202606231737,224.51,224.45,224.56,224.45,33.0
202606231738,224.5,224.35,224.5,224.3,87.0
202606231739,224.33,224.33,224.33,224.33,7.0
202606231740,224.33,224.38,224.42,224.33,14.0
202606231741,224.41,224.34,224.41,224.33,2.0
202606231742,224.35,224.33,224.37,224.3,8.0
202606231743,224.34,224.26,224.34,224.26,5.0
202606231744,224.22,224.33,224.34,224.21,11.0
202606231745,224.32,224.38,224.39,224.29,13.0
202606231746,224.41,224.21,224.41,224.16,34.0
202606231747,224.13,224.18,224.22,224.13,5.0
202606231748,224.17,224.2,224.25,224.1,42.0
202606231749,224.28,224.16,224.28,224.16,7.0
202606231750,224.22,224.12,224.22,224.08,24.0
202606231751,224.04,224.01,224.04,223.98,69.0
202606231752,224.01,223.87,224.04,223.87,35.0
202606231753,223.9,223.84,223.92,223.76,31.0
202606231754,223.87,223.73,223.88,223.73,14.0
202606231755,223.7,223.5,223.7,223.49,74.0
202606231756,223.5,223.5,223.5,223.5,0.0
202606231757,223.43,223.51,223.52,223.43,39.0
202606231758,223.55,223.25,223.55,223.25,36.0
202606231759,223.18,223.33,223.33,223.18,17.0
202606231800,223.22,223.31,223.34,223.2,26.0
202606231801,223.28,223.11,223.29,223.09,17.0
202606231802,223.1,222.75,223.12,222.75,114.0
202606231803,222.75,222.72,222.83,222.61,66.0
202606231804,222.61,222.5,222.7,222.49,13.0
202606231805,222.57,222.62,222.72,222.57,44.0
202606231806,222.61,222.87,222.9,222.51,76.0
202606231807,222.8,222.71,222.91,222.68,22.0
202606231808,222.74,222.77,222.8,222.6,74.0
202606231809,222.75,222.76,222.76,222.73,11.0
202606231810,222.68,222.64,222.75,222.61,13.0
202606231811,222.72,222.53,222.8,222.52,33.0
202606231812,222.61,222.51,222.68,222.51,28.0
202606231813,222.51,222.57,222.6,222.47,49.0
202606231814,222.57,222.51,222.62,222.51,26.0
202606231815,222.55,222.29,222.59,222.18,220.0
202606231816,222.25,222.16,222.29,222.08,22.0
202606231817,222.21,222.3,222.31,222.11,61.0
202606231818,222.36,222.28,222.36,222.23,28.0
202606231819,222.22,222.22,222.36,222.19,29.0
202606231820,222.22,222.16,222.27,222.06,27.0
202606231821,222.23,222.21,222.3,222.15,24.0
202606231822,222.25,222.38,222.42,222.2,55.0
202606231823,222.44,222.34,222.44,222.34,13.0
202606231824,222.39,222.44,222.49,222.39,75.0
202606231825,222.5,222.44,222.5,222.35,9.0
202606231826,222.26,222.33,222.36,222.22,29.0
202606231827,222.3,222.22,222.3,222.16,23.0
202606231828,222.1,222.13,222.22,222.1,35.0
202606231829,222.19,222.15,222.2,222.13,25.0
202606231830,222.17,221.94,222.25,221.89,115.0
202606231831,221.89,222.0,222.04,221.84,71.0
202606231832,222.03,221.98,222.07,221.93,22.0
202606231833,221.98,221.97,222.0,221.92,78.0
202606231834,221.95,222.04,222.12,221.92,56.0
202606231835,222.11,222.07,222.12,221.96,33.0
202606231836,222.0,221.66,222.0,221.52,157.0
202606231837,221.54,221.58,221.69,221.54,48.0
202606231838,221.63,221.57,221.63,221.57,11.0
202606231839,221.56,221.43,221.58,221.33,166.0
202606231840,221.38,221.43,221.47,221.29,90.0
202606231841,221.44,221.5,221.52,221.31,34.0
202606231842,221.5,221.39,221.57,221.22,48.0
202606231843,221.44,221.15,221.48,221.15,53.0
202606231844,221.19,221.15,221.26,221.1,63.0
202606231845,221.15,220.94,221.16,220.9,105.0
202606231846,220.99,220.77,220.99,220.64,81.0
202606231847,220.77,220.9,220.95,220.68,153.0
202606231848,220.9,221.01,221.06,220.78,47.0
202606231849,220.95,221.03,221.08,220.85,38.0
202606231850,221.11,221.0,221.12,220.84,64.0
202606231851,220.93,221.0,221.07,220.92,42.0
202606231852,221.01,221.17,221.17,221.0,43.0
202606231853,221.12,220.99,221.12,220.95,26.0
202606231854,220.95,220.98,221.03,220.8,68.0
202606231855,220.92,220.99,220.99,220.88,27.0
202606231856,220.92,220.77,220.98,220.77,34.0
202606231857,220.88,220.9,220.92,220.76,43.0
202606231858,220.91,221.04,221.04,220.91,51.0
202606231859,220.95,220.95,221.0,220.93,18.0
202606231900,220.98,221.03,221.09,220.95,89.0
202606231901,221.07,221.1,221.14,221.05,46.0
202606231902,221.14,221.08,221.18,221.06,29.0
202606231903,221.06,221.1,221.2,221.04,43.0
202606231904,221.1,221.23,221.23,221.08,59.0
202606231905,221.28,221.69,221.69,221.28,60.0
202606231906,221.78,221.67,221.78,221.53,71.0
202606231907,221.63,221.91,221.95,221.63,117.0
202606231908,221.85,221.89,221.91,221.72,72.0
202606231909,221.84,222.04,222.15,221.81,92.0
202606231910,222.06,222.13,222.2,222.0,81.0
202606231911,222.13,222.02,222.2,221.95,51.0
202606231912,222.07,222.13,222.13,222.02,90.0
202606231913,222.13,222.19,222.4,222.03,112.0
202606231914,222.16,221.8,222.16,221.75,42.0
202606231915,221.8,222.22,222.22,221.79,110.0
202606231916,222.26,222.09,222.26,221.94,46.0
202606231917,222.09,222.11,222.15,221.96,234.0
202606231918,222.06,221.94,222.11,221.86,75.0
202606231919,221.92,222.02,222.08,221.81,197.0
202606231920,221.98,222.04,222.05,221.9,44.0
202606231921,222.09,222.2,222.21,222.07,50.0
202606231922,222.16,222.0,222.29,221.98,147.0
202606231923,221.93,222.05,222.23,221.89,106.0
202606231924,221.97,222.26,222.26,221.87,175.0
202606231925,222.29,222.54,222.57,222.28,69.0
202606231926,222.48,222.44,222.54,222.32,90.0
202606231927,222.46,222.47,222.51,222.33,49.0
202606231928,222.47,222.36,222.52,222.35,54.0
202606231929,222.46,222.36,222.54,222.35,78.0
202606231930,222.33,222.47,222.52,222.32,51.0
202606231931,222.38,222.15,222.45,222.12,112.0
202606231932,222.21,222.12,222.21,222.03,118.0
202606231933,222.15,222.03,222.17,221.96,45.0
202606231934,222.02,221.97,222.07,221.9,141.0
202606231935,222.01,222.05,222.13,222.01,72.0
202606231936,222.05,222.0,222.12,221.98,77.0
202606231937,222.02,221.99,222.04,221.94,157.0
202606231938,221.99,222.11,222.16,221.98,74.0
202606231939,222.12,222.14,222.14,221.96,96.0
202606231940,222.06,222.11,222.21,222.05,51.0
202606231941,222.18,222.06,222.2,222.06,68.0
202606231942,222.06,222.14,222.16,222.05,89.0
202606231943,222.14,222.16,222.19,222.13,74.0
202606231944,222.16,222.18,222.23,222.07,85.0
202606231945,222.18,222.18,222.26,222.17,172.0
202606231946,222.18,222.02,222.18,222.02,97.0
202606231947,222.03,222.15,222.19,222.03,156.0
202606231948,222.1,221.93,222.13,221.88,116.0
202606231949,221.93,222.09,222.11,221.92,87.0
202606231950,222.1,222.02,222.2,221.95,144.0
202606231951,222.01,221.93,222.01,221.66,164.0
202606231952,221.93,222.01,222.02,221.86,198.0
202606231953,222.01,222.04,222.09,221.89,151.0
202606231954,222.07,222.48,222.51,222.01,338.0
202606231955,222.4,222.51,222.75,222.35,247.0
202606231956,222.51,222.43,222.53,222.41,240.0
202606231957,222.43,222.64,222.64,222.38,317.0
202606231958,222.64,222.64,222.73,222.6,469.0
202606231959,222.65,222.4,222.73,222.35,813.0
202606232000,222.37,222.69,222.69,222.37,9267.0
202606232001,222.61,222.61,222.61,222.61,1.0
202606232002,222.61,222.61,222.61,222.61,0.0
202606232003,222.61,222.61,222.61,222.61,0.0
202606232004,222.61,222.61,222.61,222.61,0.0
202606232005,222.61,222.61,222.61,222.61,0.0
202606232006,222.61,222.61,222.61,222.61,0.0
202606232007,222.61,222.61,222.61,222.61,0.0
202606232008,222.88,222.88,222.88,222.87,1.0
202606232009,222.72,222.72,222.72,222.72,1.0
202606232010,222.37,222.37,222.37,222.37,1129.0
202606232011,222.37,222.37,222.37,222.37,0.0
202606232012,222.37,222.37,222.37,222.37,0.0
202606232013,222.37,222.37,222.37,222.37,0.0
202606232014,222.37,222.37,222.37,222.37,0.0
202606232015,222.72,222.72,222.72,222.72,1.0
202606232016,222.72,222.72,222.72,222.72,0.0
202606232017,222.72,222.72,222.72,222.72,0.0
202606232018,222.72,222.72,222.72,222.72,0.0
202606232019,222.72,222.72,222.72,222.72,0.0
202606232020,222.72,222.72,222.72,222.72,0.0
202606232021,222.72,222.72,222.72,222.72,0.0
202606232022,222.72,222.72,222.72,222.72,0.0
202606232023,222.72,222.72,222.72,222.72,0.0
202606232024,222.72,222.72,222.72,222.72,0.0
202606232025,222.72,222.72,222.72,222.72,0.0
202606232026,222.72,222.72,222.72,222.72,0.0
202606232027,222.72,222.72,222.72,222.72,0.0
202606232028,222.72,222.72,222.72,222.72,0.0
202606232029,223.12,223.12,223.12,223.12,2.0
202606232030,223.12,223.12,223.12,223.12,0.0
202606232031,223.12,223.12,223.12,223.12,0.0
202606232032,223.12,223.12,223.12,223.12,0.0
202606232033,223.12,223.12,223.12,223.12,0.0
202606232034,223.12,223.12,223.12,223.12,1.0
202606232035,223.12,223.12,223.12,223.12,0.0
202606232036,223.12,223.12,223.12,223.12,0.0
202606232037,223.12,223.12,223.12,223.12,0.0
202606232038,223.12,223.12,223.12,223.12,0.0
202606232039,223.12,223.12,223.12,223.12,0.0
202606232040,223.12,223.12,223.12,223.12,0.0
202606232041,223.12,223.12,223.12,223.12,0.0
202606232042,223.12,223.12,223.12,223.12,0.0
202606232043,223.12,223.12,223.12,223.12,0.0
202606232044,223.12,223.12,223.12,223.12,0.0
202606232045,223.12,223.12,223.12,223.12,0.0
202606232046,223.12,223.12,223.12,223.12,0.0
202606232047,223.12,223.12,223.12,223.12,0.0
202606232048,223.12,223.12,223.12,223.12,0.0
202606232049,223.12,223.12,223.12,223.12,0.0
202606232050,223.12,223.12,223.12,223.12,0.0
202606232051,223.12,223.12,223.12,223.12,0.0
202606232052,223.12,223.12,223.12,223.12,0.0
202606232053,223.12,223.12,223.12,223.12,0.0
202606232054,223.12,223.12,223.12,223.12,0.0
202606232055,223.12,223.12,223.12,223.12,0.0
202606232056,223.12,223.12,223.12,223.12,0.0
202606232057,223.12,223.12,223.12,223.12,0.0
202606232058,223.12,223.12,223.12,223.12,0.0
202606232059,222.88,222.88,222.88,222.88,1.0
202606232100,222.88,222.88,222.88,222.88,0.0
202606232101,222.88,222.88,222.88,222.88,0.0
202606232102,222.88,222.88,222.88,222.88,0.0
202606232103,222.88,222.88,222.88,222.88,0.0
202606232104,222.88,222.88,222.88,222.88,0.0
202606232105,222.88,222.88,222.88,222.88,0.0
202606232106,222.88,222.88,222.88,222.88,0.0
202606232107,222.88,222.88,222.88,222.88,0.0
202606232108,222.88,222.88,222.88,222.88,0.0
202606232109,222.88,222.88,222.88,222.88,0.0
202606232110,222.88,222.88,222.88,222.88,0.0
202606232111,222.88,222.88,222.88,222.88,0.0
202606232112,222.88,222.88,222.88,222.88,0.0
202606232113,222.88,222.88,222.88,222.88,0.0
202606232114,222.88,222.88,222.88,222.88,0.0
202606232115,222.88,222.88,222.88,222.88,0.0
202606232116,223.06,223.1,223.1,223.06,8.0
202606232117,223.1,223.1,223.1,223.1,0.0
202606232118,223.1,223.1,223.1,223.1,0.0
202606232119,223.0,222.89,223.0,222.89,10.0
202606232120,222.89,222.89,222.89,222.89,0.0
202606232121,222.89,222.89,222.89,222.89,0.0
202606232122,222.89,222.89,222.89,222.89,0.0
202606232123,222.89,222.89,222.89,222.89,0.0
202606232124,222.89,222.89,222.89,222.89,0.0
202606232125,222.89,222.89,222.89,222.89,0.0
202606232126,222.89,222.89,222.89,222.89,0.0
202606232127,222.89,222.89,222.89,222.89,0.0
202606232128,222.98,223.22,223.22,222.98,9.0
202606232129,223.34,223.34,223.34,223.34,1.0
202606232130,223.34,223.34,223.34,223.34,0.0
202606232131,223.34,223.34,223.34,223.34,0.0
202606232132,223.34,223.34,223.34,223.34,0.0
202606232133,223.34,223.34,223.34,223.34,0.0
202606232134,225.23,225.23,225.23,225.22,1.0
202606232135,225.23,225.23,225.23,225.23,0.0
202606232136,224.28,225.23,225.23,224.28,6.0
202606232137,224.21,224.21,224.21,224.21,1.0
202606232138,224.21,224.21,224.21,224.21,0.0
202606232139,224.21,224.21,224.21,224.21,0.0
202606232140,224.21,224.21,224.21,224.21,0.0
202606232141,224.21,224.21,224.21,224.21,0.0
202606232142,224.21,224.21,224.21,224.21,0.0
202606232143,224.21,224.21,224.21,224.21,0.0
202606232144,224.21,224.21,224.21,224.21,0.0
202606232145,224.21,224.21,224.21,224.21,0.0
202606232146,224.21,224.21,224.21,224.21,0.0
202606232147,224.21,224.21,224.21,224.21,0.0
202606232148,224.21,224.21,224.21,224.21,0.0
202606232149,224.21,224.21,224.21,224.21,0.0
202606232150,224.21,224.21,224.21,224.21,0.0
202606232151,224.21,224.21,224.21,224.21,0.0
202606232152,224.21,224.21,224.21,224.21,0.0
202606232153,224.21,224.21,224.21,224.21,0.0
202606232154,224.21,224.21,224.21,224.21,0.0
202606232155,224.21,224.21,224.21,224.21,0.0
202606232156,224.21,224.21,224.21,224.21,0.0
202606232157,224.21,224.21,224.21,224.21,0.0
202606232158,224.21,224.21,224.21,224.21,0.0
202606232159,224.21,224.21,224.21,224.21,0.0
202606232200,224.21,224.21,224.21,224.21,0.0
202606232201,224.21,224.21,224.21,224.21,0.0
202606232202,224.21,224.21,224.21,224.21,0.0
202606232203,224.21,224.21,224.21,224.21,0.0
202606232204,224.21,224.21,224.21,224.21,0.0
202606232205,224.21,224.21,224.21,224.21,0.0
202606232206,224.21,224.21,224.21,224.21,0.0
202606232207,224.21,224.21,224.21,224.21,0.0
202606232208,224.21,224.21,224.21,224.21,0.0
202606232209,224.21,224.21,224.21,224.21,0.0
202606232210,224.21,224.21,224.21,224.21,0.0
202606232211,224.21,224.21,224.21,224.21,0.0
202606232212,224.21,224.21,224.21,224.21,0.0
202606232213,224.21,224.21,224.21,224.21,0.0
202606232214,224.21,224.21,224.21,224.21,0.0
202606232215,224.21,224.21,224.21,224.21,0.0
202606232216,224.21,224.21,224.21,224.21,0.0
202606232217,224.21,224.21,224.21,224.21,0.0
202606232218,224.21,224.21,224.21,224.21,0.0
202606232219,224.35,224.35,224.35,224.35,1.0
202606232220,224.35,224.35,224.35,224.35,0.0
202606232221,224.35,224.35,224.35,224.35,0.0
202606232222,224.35,224.35,224.35,224.35,0.0
202606232223,224.35,224.35,224.35,224.35,0.0
202606232224,224.35,224.35,224.35,224.35,0.0
202606232225,224.35,224.35,224.35,224.35,0.0
202606232226,224.35,224.35,224.35,224.35,0.0
202606232227,224.35,224.35,224.35,224.35,0.0
202606232228,224.35,224.35,224.35,224.35,0.0
202606232229,224.48,224.3,224.48,224.3,2.0
202606232230,224.3,224.3,224.3,224.3,0.0
202606232231,224.3,224.3,224.3,224.3,0.0
202606232232,224.3,224.3,224.3,224.3,0.0
202606232233,224.3,224.3,224.3,224.3,0.0
202606232234,224.3,224.3,224.3,224.3,0.0
202606232235,224.3,224.3,224.3,224.3,0.0
202606232236,224.3,224.3,224.3,224.3,0.0
202606232237,224.03,224.03,224.03,224.03,2.0
202606232238,224.03,224.03,224.03,224.03,0.0
202606232239,224.03,224.03,224.03,224.03,0.0
202606232240,224.03,224.03,224.03,224.03,0.0
202606232241,224.03,224.03,224.03,224.03,0.0
202606232242,224.03,224.03,224.03,224.03,0.0
202606232243,224.03,224.03,224.03,224.03,0.0
202606232244,224.03,224.03,224.03,224.03,0.0
202606232245,224.03,224.03,224.03,224.03,0.0
202606232246,224.03,224.03,224.03,224.03,0.0
202606232247,223.7,223.73,223.76,223.7,3.0
202606232248,223.73,223.73,223.73,223.73,0.0
202606232249,223.73,223.73,223.73,223.73,0.0
202606232250,223.73,223.73,223.73,223.73,0.0
202606232251,223.73,223.73,223.73,223.73,0.0
202606232252,223.73,223.73,223.73,223.73,0.0
202606232253,223.73,223.73,223.73,223.73,0.0
202606232254,223.73,223.73,223.73,223.73,0.0
202606232255,223.73,223.73,223.73,223.73,0.0
202606232256,223.73,223.73,223.73,223.73,0.0
202606232257,223.73,223.73,223.73,223.73,0.0
202606232258,223.73,223.73,223.73,223.73,0.0
202606232259,223.73,223.73,223.73,223.73,0.0
202606232300,223.73,223.73,223.73,223.73,0.0
202606232301,223.7,223.7,223.71,223.7,1.0
202606232302,223.7,223.7,223.7,223.7,0.0
202606232303,223.7,223.7,223.7,223.7,0.0
202606232304,223.7,223.7,223.7,223.7,0.0
202606232305,223.7,223.7,223.7,223.7,0.0
202606232306,223.71,223.71,223.71,223.71,1.0
202606232307,223.7,223.7,223.7,223.7,1.0
202606232308,223.7,223.7,223.7,223.7,0.0
202606232309,223.7,223.7,223.7,223.7,0.0
202606232310,223.7,223.7,223.7,223.7,0.0
202606232311,223.7,223.7,223.7,223.7,0.0
202606232312,223.7,223.7,223.7,223.7,0.0
202606232313,223.7,223.7,223.7,223.7,0.0
202606232314,223.7,223.7,223.7,223.7,0.0
202606232315,223.7,223.7,223.7,223.7,0.0
202606232316,223.7,223.7,223.7,223.7,0.0
202606232317,223.7,223.7,223.7,223.7,0.0
202606232318,223.7,223.7,223.7,223.7,0.0
202606232319,223.7,223.7,223.7,223.7,0.0
202606232320,223.7,223.7,223.7,223.7,0.0
202606232321,223.7,223.7,223.7,223.7,0.0
202606232322,223.7,223.7,223.7,223.7,0.0
202606232323,223.7,223.7,223.7,223.7,0.0
202606232324,223.7,223.7,223.7,223.7,0.0
202606232325,223.7,223.7,223.7,223.7,0.0
202606232326,223.7,223.7,223.7,223.7,0.0
202606232327,223.7,223.7,223.7,223.7,0.0
202606232328,223.7,223.7,223.7,223.7,0.0
202606232329,223.7,223.7,223.7,223.7,0.0
202606232330,223.7,223.7,223.7,223.7,0.0
202606232331,223.7,223.7,223.7,223.7,0.0
202606232332,224.24,224.24,224.24,224.23,1.0
202606232333,224.24,224.24,224.24,224.24,0.0
202606232334,224.24,224.24,224.24,224.24,0.0
202606232335,224.24,224.24,224.24,224.24,0.0
202606232336,224.24,224.24,224.24,224.24,0.0
202606232337,224.24,224.24,224.24,224.24,0.0
202606232338,224.24,224.24,224.24,224.24,0.0
202606232339,224.24,224.24,224.24,224.24,0.0
202606232340,224.24,224.24,224.24,224.24,0.0
202606232341,224.24,224.24,224.24,224.24,0.0
202606232342,224.24,224.24,224.24,224.24,0.0
202606232343,224.24,224.24,224.24,224.24,0.0
202606232344,224.24,224.24,224.24,224.24,0.0
202606232345,224.24,224.24,224.24,224.24,0.0
202606232346,224.24,224.24,224.24,224.24,0.0
202606232347,224.24,224.24,224.24,224.24,0.0
202606232348,224.24,224.24,224.24,224.24,0.0
202606232349,224.24,224.24,224.24,224.24,0.0
202606232350,224.24,224.24,224.24,224.24,0.0
202606232351,224.24,224.24,224.24,224.24,0.0
202606232352,224.24,224.24,224.24,224.24,0.0
202606232353,224.24,224.24,224.24,224.24,0.0
202606232354,224.24,224.24,224.24,224.24,0.0
202606232355,224.24,224.24,224.24,224.23,0.0
202606232356,223.72,223.72,223.72,223.72,1.0
202606232357,223.72,223.72,223.72,223.72,0.0
202606232358,223.72,223.72,223.72,223.72,0.0
202606232359,223.72,223.72,223.72,223.72,0.0
202606240800,222.37,221.98,222.37,221.98,0.0
202606240801,221.98,222.36,223.75,221.98,0.0
202606240811,223.06,223.06,223.06,223.06,0.0
202606240819,222.68,222.87,222.87,222.68,0.0
202606240840,222.88,222.88,222.88,222.88,0.0
202606240918,222.47,222.47,222.47,222.47,0.0
202606240935,222.0,222.0,222.0,222.0,0.0
202606241001,222.54,222.54,222.54,222.54,0.0
202606241011,225.8,225.8,225.8,225.8,0.0
202606241024,222.3861,222.3861,222.3861,222.3861,0.0
202606241038,223.0,223.0,223.0,223.0,0.0
202606241100,222.23,222.69,224.536,222.23,0.0
202606241102,222.86,222.86,222.86,222.86,0.0
202606241104,222.86,222.86,222.86,222.86,0.0
202606241105,224.9,224.6775,224.9,224.6775,0.0
202606241107,223.0,223.0,223.0,223.0,0.0
202606241108,223.0,223.0,223.0,223.0,0.0
202606241109,222.82,222.82,222.82,222.82,0.0
202606241114,224.8,222.82,224.8,222.82,0.0
202606241116,222.88,222.88,222.88,222.88,0.0
202606241119,223.0,223.0,223.0,223.0,0.0
202606241126,222.88,222.88,222.88,222.88,0.0
202606241129,222.9053,224.4664,224.4664,222.9053,0.0
202606241130,223.46,223.46,223.46,223.46,0.0
202606241131,222.79,222.53,222.79,222.53,0.0
202606241134,222.88,222.88,222.88,222.88,0.0
202606241135,223.0,223.0,223.0,223.0,0.0
202606241138,222.37,222.37,222.37,222.37,0.0
202606241140,223.0,223.0,223.0,223.0,0.0
202606241143,223.0,223.0,223.0,223.0,0.0
202606241150,223.5,223.5,223.5,223.5,0.0
202606241151,223.5,223.5,223.5,223.5,0.0
202606241154,224.9,224.9,224.9,224.9,0.0
202606241155,223.76,223.76,223.76,223.76,0.0
202606241158,223.5,224.9,224.9,223.5,0.0
202606241200,222.9,222.9,222.9,222.9,0.0
202606241203,224.575,224.7,224.7,224.575,0.0
202606241204,222.4,222.4,222.4,222.4,0.0
202606241208,224.6,224.6,224.6,224.6,0.0
202606241211,224.6,224.6,224.6,224.6,0.0
202606241215,222.89,222.89,222.89,222.89,0.0
202606241216,222.88,222.88,222.88,222.88,0.0
202606241218,223.17,223.17,223.17,223.17,0.0
202606241219,223.2082,224.6,224.6,223.2082,0.0
202606241221,223.77,223.77,223.77,223.77,0.0
202606241224,223.73,223.63,223.77,223.63,0.0
202606241226,223.77,223.77,223.77,223.77,0.0
202606241228,223.63,223.63,223.63,223.63,0.0
202606241229,223.46,223.46,223.46,223.46,0.0
202606241231,222.8,223.01,223.5,222.41,0.0
202606241232,223.01,223.5,223.5,223.01,0.0
202606241233,224.4,224.4,224.4,224.4,0.0
202606241235,223.63,223.11,223.63,223.11,0.0
202606241237,223.2,223.22,223.22,223.2,0.0
202606241240,223.27,223.27,223.27,223.27,0.0
202606241242,223.63,223.63,223.63,223.63,0.0
202606241245,223.35,223.35,223.35,223.35,0.0
202606241246,223.63,223.63,223.63,223.63,0.0
202606241247,223.63,223.63,223.63,223.63,0.0
202606241248,223.5,223.5,223.5,223.5,0.0
202606241249,223.02,223.0,223.02,223.0,0.0
202606241255,223.63,223.63,223.63,223.63,0.0
202606241256,223.63,223.63,223.63,223.63,0.0
202606241301,222.8,222.92,222.92,222.8,0.0
202606241302,223.19,223.63,223.63,223.19,0.0
202606241303,223.63,223.63,223.63,223.63,0.0
202606241304,233.58,223.63,233.58,223.63,0.0
202606241305,223.63,223.63,223.63,223.63,0.0
202606241306,222.72,222.72,222.72,222.72,0.0
202606241308,224.1413,224.1413,224.1413,224.1413,0.0
202606241309,222.41,222.72,222.72,222.41,0.0
202606241310,223.0,223.0,223.0,223.0,0.0
202606241311,224.43,224.43,224.43,223.766,0.0
202606241312,223.3,223.3,223.3,223.3,0.0
202606241316,223.3,223.63,223.63,223.3,0.0
202606241317,222.41,223.63,223.63,222.41,0.0
202606241320,223.43,223.97,224.1674,223.43,0.0
202606241321,223.97,223.97,223.97,223.97,0.0
202606241322,223.97,223.97,223.97,223.97,0.0
202606241324,222.56,223.0,223.0,222.56,0.0
202606241326,224.6,224.5,224.6,224.5,0.0
202606241328,223.0,223.0,223.0,223.0,0.0
202606241330,223.82000732421875,224.42999267578125,224.8000030517578,223.7100067138672,98817.0
202606241331,224.30499267578125,225.0,225.08999633789062,224.30499267578125,42500.0
202606241332,224.73500061035156,224.0,224.74000549316406,224.0,12443.0
202606241333,223.86000061035156,224.25,224.40879821777344,223.83999633789062,5923.0
202606241334,223.97999572753906,224.64999389648438,224.64999389648438,223.97999572753906,13934.0
202606241335,224.625,224.24000549316406,224.9499053955078,224.24000549316406,16573.0
202606241336,224.28500366210938,223.90499877929688,224.28939819335938,223.90499877929688,10105.0
202606241337,223.97500610351562,224.22999572753906,224.22999572753906,223.97500610351562,6626.0
202606241338,223.89999389648438,224.38499450683594,224.67999267578125,223.89999389648438,6983.0
202606241339,224.38499450683594,224.43499755859375,224.66000366210938,224.3000030517578,6935.0
202606241340,224.63999938964844,224.44000244140625,224.69039916992188,224.19000244140625,10689.0
202606241341,224.2899932861328,224.375,224.66000366210938,224.24000549316406,6941.0
202606241342,224.3800048828125,224.67999267578125,224.7100067138672,224.29690551757812,3498.0
202606241343,224.50999450683594,224.64990234375,224.64990234375,224.25,10711.0
202606241344,224.55499267578125,224.7949981689453,224.82000732421875,224.55499267578125,4084.0
202606241345,224.69000244140625,224.5850067138672,224.77000427246094,224.38999938964844,6288.0
202606241346,224.58999633789062,224.30999755859375,224.6300048828125,224.25999450683594,8825.0
202606241347,224.1999969482422,224.44500732421875,224.44500732421875,224.1999969482422,4266.0
202606241348,224.61000061035156,224.69500732421875,224.69500732421875,224.61000061035156,2175.0
202606241349,224.64999389648438,224.72999572753906,224.8699951171875,224.6199951171875,9010.0
202606241350,224.8300018310547,224.98500061035156,224.98500061035156,224.67999267578125,14235.0
202606241351,224.97999572753906,225.2550048828125,225.47000122070312,224.97999572753906,11791.0
202606241352,225.22000122070312,225.19500732421875,225.45010375976562,225.11000061035156,5394.0
202606241353,225.22999572753906,225.4949951171875,225.4949951171875,225.15249633789062,8849.0
202606241354,225.4600067138672,225.72000122070312,225.72000122070312,225.4600067138672,1336.0
202606241355,225.47999572753906,225.51499938964844,225.66799926757812,225.32009887695312,3934.0
202606241356,225.50999450683594,225.72000122070312,225.72000122070312,225.33999633789062,5966.0
202606241357,225.5850067138672,225.55999755859375,225.69500732421875,225.55999755859375,14953.0
202606241358,225.7100067138672,225.81500244140625,225.85000610351562,225.6999969482422,4551.0
202606241359,225.81500244140625,225.4199981689453,225.81500244140625,225.4199981689453,5839.0
202606241400,225.38999938964844,225.30999755859375,225.52499389648438,225.1999969482422,8772.0
202606241401,225.35499572753906,225.2899932861328,225.50999450683594,225.1999969482422,3860.0
202606241402,225.35000610351562,225.47999572753906,225.52000427246094,225.35000610351562,3743.0
202606241403,225.4149932861328,225.1999969482422,225.4149932861328,225.1300048828125,4984.0
202606241404,225.23500061035156,225.3300018310547,225.3300018310547,225.23500061035156,2225.0
202606241405,225.17999267578125,225.24000549316406,225.32000732421875,225.17999267578125,3819.0
202606241406,225.60000610351562,225.51010131835938,225.72000122070312,225.51010131835938,4767.0
202606241407,225.85000610351562,225.9149932861328,225.99000549316406,225.85000610351562,2907.0
202606241408,225.9149932861328,225.9600067138672,225.9600067138672,225.8300018310547,5464.0
202606241409,225.9550018310547,226.02999877929688,226.08999633789062,225.9499969482422,5018.0
202606241410,226.0500030517578,226.5449981689453,226.6094970703125,226.0,12187.0
202606241411,226.55999755859375,226.52999877929688,226.55999755859375,226.34390258789062,3565.0
202606241412,226.35009765625,226.7884063720703,226.90989685058594,226.35009765625,7859.0
202606241413,226.8000030517578,226.72000122070312,226.8000030517578,226.64999389648438,6373.0
202606241414,226.8249969482422,226.88999938964844,226.88999938964844,226.72999572753906,4657.0
202606241415,226.77499389648438,226.53500366210938,226.77499389648438,226.45660400390625,14022.0
202606241416,226.6199951171875,226.92999267578125,226.97000122070312,226.6199951171875,13510.0
202606241417,226.9250030517578,226.88999938964844,227.02000427246094,226.88999938964844,2816.0
202606241418,226.90069580078125,226.8531951904297,226.90069580078125,226.72999572753906,4169.0
202606241419,226.88999938964844,226.875,227.0050048828125,226.875,6191.0
202606241420,227.02000427246094,227.1699981689453,227.1699981689453,226.75010681152344,7553.0
202606241421,227.22999572753906,227.47999572753906,227.5500030517578,227.21499633789062,7522.0
202606241422,227.39999389648438,227.48159790039062,227.48159790039062,227.3699951171875,4259.0
202606241423,227.44500732421875,227.4199981689453,227.6300048828125,227.4199981689453,3928.0
202606241424,227.50999450683594,227.38290405273438,227.53500366210938,227.38290405273438,2186.0
202606241425,227.36000061035156,227.3800048828125,227.5489959716797,227.36000061035156,5488.0
202606241426,227.38999938964844,227.22000122070312,227.4199981689453,227.22000122070312,7586.0
202606241427,227.14999389648438,227.33999633789062,227.39999389648438,227.14999389648438,7781.0
202606241428,227.33999633789062,227.2899932861328,227.33999633789062,227.25999450683594,4106.0
202606241429,227.2899932861328,227.41490173339844,227.41490173339844,227.22000122070312,3963.0
202606241430,227.35000610351562,227.5500946044922,227.58900451660156,227.35000610351562,7356.0
202606241431,227.44500732421875,227.19500732421875,227.44500732421875,227.19500732421875,5273.0
202606241432,227.32989501953125,227.2899932861328,227.32989501953125,227.10760498046875,5462.0
202606241433,227.3800048828125,227.34500122070312,227.39500427246094,227.27000427246094,4663.0
202606241434,227.4499053955078,227.19000244140625,227.4499053955078,227.19000244140625,2780.0
202606241435,227.0500030517578,227.19000244140625,227.4174041748047,227.0500030517578,15625.0
202606241436,227.14999389648438,227.07009887695312,227.24710083007812,227.07009887695312,3745.0
202606241437,227.1999969482422,227.2698974609375,227.2698974609375,227.0500030517578,4581.0
202606241438,227.21499633789062,226.84500122070312,227.21499633789062,226.75,10206.0
202606241439,226.84500122070312,226.52999877929688,226.84500122070312,226.52999877929688,3169.0
202606241440,226.39999389648438,226.74000549316406,226.7899932861328,226.39999389648438,6159.0
202606241441,226.72999572753906,226.8699951171875,226.8699951171875,226.72999572753906,1207.0
202606241442,226.8280029296875,226.66000366210938,226.8280029296875,226.66000366210938,2115.0
202606241443,226.6750030517578,226.6300048828125,226.6750030517578,226.6300048828125,5227.0
202606241444,226.6199951171875,226.6199951171875,226.72999572753906,226.6199951171875,5573.0
202606241445,226.72500610351562,226.72999572753906,226.72999572753906,226.6699981689453,1946.0
202606241446,226.72999572753906,227.13499450683594,227.13499450683594,226.72999572753906,4000.0
202606241447,226.9600067138672,226.89999389648438,227.0050048828125,226.89999389648438,3751.0
202606241448,227.0399932861328,226.94000244140625,227.14999389648438,226.89999389648438,2012.0
202606241449,226.91000366210938,226.9550018310547,227.04429626464844,226.8800048828125,4678.0
202606241450,227.05999755859375,227.48989868164062,227.49600219726562,226.91000366210938,9894.0
202606241451,227.24000549316406,227.25999450683594,227.33999633789062,227.1999969482422,4311.0
202606241452,227.4199981689453,227.4199981689453,227.4199981689453,227.4199981689453,1245.0
202606241453,227.80999755859375,227.71800231933594,227.80999755859375,227.5500030517578,15123.0
202606241454,227.7050018310547,227.70989990234375,227.70989990234375,227.58999633789062,3928.0
202606241455,227.63999938964844,227.74000549316406,227.74000549316406,227.5800018310547,6547.0
202606241456,227.64500427246094,227.74000549316406,227.89500427246094,227.64500427246094,10447.0
202606241457,227.77499389648438,227.66000366210938,227.8350067138672,227.66000366210938,3566.0
202606241458,227.6300048828125,227.4600067138672,227.77000427246094,227.3000030517578,12464.0
202606241459,227.4600067138672,227.82000732421875,227.82000732421875,227.4600067138672,5834.0
202606241500,227.82000732421875,227.75999450683594,227.9499969482422,227.63499450683594,13515.0
202606241501,227.75,228.07000732421875,228.07000732421875,227.75,6455.0
202606241502,228.16000366210938,228.1699981689453,228.27999877929688,228.0399932861328,3296.0
202606241503,228.30499267578125,228.46499633789062,228.46499633789062,228.27999877929688,6410.0
202606241504,228.46499633789062,228.44000244140625,228.6300048828125,228.326904296875,17896.0
202606241506,228.36500549316406,228.77670288085938,228.77670288085938,228.33999633789062,17057.0
202606241507,228.77999877929688,228.72999572753906,228.80999755859375,228.67999267578125,5016.0
202606241508,228.61000061035156,228.46499633789062,228.66160583496094,228.42999267578125,4203.0
202606241509,228.5,228.14500427246094,228.5,228.14500427246094,5362.0
202606241510,228.02000427246094,228.3800048828125,228.3800048828125,228.02000427246094,17317.0
202606241511,228.33999633789062,228.05130004882812,228.38429260253906,228.05130004882812,4473.0
202606241512,228.13499450683594,228.1199951171875,228.3300018310547,228.1199951171875,3449.0
202606241513,228.1844940185547,228.0,228.1844940185547,227.94000244140625,4518.0
202606241514,228.0800018310547,228.1199951171875,228.125,228.00999450683594,2377.0
202606241515,228.11000061035156,228.02999877929688,228.2198944091797,228.02999877929688,1701.0
202606241516,228.10499572753906,228.36500549316406,228.36500549316406,228.10499572753906,3215.0
202606241517,228.46499633789062,228.68499755859375,228.7899932861328,228.46499633789062,5013.0
202606241518,228.68499755859375,228.57000732421875,228.77059936523438,228.57000732421875,2791.0
202606241519,228.5850067138672,228.5749969482422,228.63999938964844,228.49000549316406,2729.0
202606241520,228.47999572753906,228.4149932861328,228.5500030517578,228.32000732421875,4108.0
202606241521,228.33999633789062,228.2100067138672,228.33999633789062,228.1699981689453,3752.0
202606241522,228.3000030517578,228.39999389648438,228.39999389648438,228.1699981689453,5049.0
202606241523,228.25999450683594,228.4600067138672,228.4600067138672,228.07000732421875,6447.0
202606241524,228.3800048828125,228.25999450683594,228.5399932861328,228.25999450683594,7693.0
202606241525,228.27499389648438,228.28990173339844,228.28990173339844,228.02000427246094,6963.0
202606241526,228.0800018310547,228.25999450683594,228.25999450683594,227.88999938964844,8606.0
202606241527,228.3000030517578,228.27000427246094,228.38499450683594,228.27000427246094,6188.0
202606241528,228.4499969482422,228.40199279785156,228.55990600585938,228.35000610351562,2177.0
202606241529,228.39500427246094,228.39500427246094,228.39500427246094,228.25,2445.0
202606241530,228.39999389648438,228.4600067138672,228.4600067138672,228.39999389648438,2303.0
202606241531,228.52000427246094,228.44000244140625,228.52000427246094,228.44000244140625,1678.0
202606241532,228.4250030517578,228.4149932861328,228.55990600585938,228.3300018310547,1681.0
202606241533,228.4149932861328,228.25,228.4149932861328,228.22999572753906,3930.0
202606241534,228.1999969482422,228.34500122070312,228.34500122070312,228.1999969482422,4791.0
202606241535,228.35499572753906,228.36000061035156,228.36000061035156,228.33999633789062,2496.0
202606241536,228.40870666503906,228.4499969482422,228.5,228.3251953125,14108.0
202606241537,228.5399932861328,228.61500549316406,228.61500549316406,228.4499969482422,3852.0
202606241538,228.58999633789062,228.75,228.75,228.47999572753906,6527.0
202606241539,228.63999938964844,228.1699981689453,228.69500732421875,228.1699981689453,5246.0
202606241540,228.28500366210938,228.1750030517578,228.28500366210938,228.1750030517578,2264.0
202606241541,228.14500427246094,228.0399932861328,228.14500427246094,228.02999877929688,2350.0
202606241542,228.0850067138672,227.86000061035156,228.1199951171875,227.86000061035156,3876.0
202606241543,227.8300018310547,227.89500427246094,227.98480224609375,227.8300018310547,2967.0
202606241544,227.80999755859375,227.85000610351562,227.97000122070312,227.80999755859375,5217.0
202606241545,227.89999389648438,227.94000244140625,227.97999572753906,227.76499938964844,5748.0
202606241546,227.9550018310547,227.98899841308594,228.0,227.77000427246094,17384.0
202606241547,227.91000366210938,227.55999755859375,227.91000366210938,227.5500030517578,6594.0
202606241548,227.5500030517578,227.7100067138672,227.75990295410156,227.5500030517578,2171.0
202606241549,227.74000549316406,227.9340057373047,227.9340057373047,227.65890502929688,3547.0
202606241550,227.9499969482422,228.06500244140625,228.06500244140625,227.8699951171875,4293.0
202606241551,228.10000610351562,228.13499450683594,228.1649932861328,228.08999633789062,2651.0
202606241552,228.12750244140625,228.0399932861328,228.13999938964844,228.00999450683594,2414.0
202606241553,228.0399932861328,227.6199951171875,228.0399932861328,227.6199951171875,9496.0
202606241554,227.4300994873047,227.6199951171875,227.6199951171875,227.4300994873047,2382.0
202606241555,227.5449981689453,227.5449981689453,227.5449981689453,227.5449981689453,1551.0
202606241556,227.41000366210938,227.30999755859375,227.51499938964844,227.30999755859375,1675.0
202606241557,227.33999633789062,227.27999877929688,227.35000610351562,227.24000549316406,2476.0
202606241558,227.3350067138672,227.5,227.59500122070312,227.3350067138672,7641.0
202606241559,227.43040466308594,227.52499389648438,227.63999938964844,227.43040466308594,3095.0
202606241600,227.5,227.47000122070312,227.55999755859375,227.47000122070312,2132.0
202606241601,227.5,227.36000061035156,227.5,227.3300018310547,18191.0
202606241602,227.41000366210938,227.55999755859375,227.58999633789062,227.32000732421875,2998.0
202606241603,227.47999572753906,227.47500610351562,227.47999572753906,227.39999389648438,1416.0
202606241604,227.39999389648438,227.3800048828125,227.50799560546875,227.3800048828125,3860.0
202606241605,227.4550018310547,227.42999267578125,227.49000549316406,227.42999267578125,3442.0
202606241606,227.5,227.32000732421875,227.5,227.32000732421875,2404.0
202606241607,227.24099731445312,227.47999572753906,227.47999572753906,227.24099731445312,4966.0
202606241608,227.4499969482422,227.25999450683594,227.4499969482422,227.25999450683594,3801.0
202606241609,227.17999267578125,227.1750030517578,227.22999572753906,227.1199951171875,2553.0
202606241610,227.22000122070312,227.2100067138672,227.22999572753906,227.2100067138672,1426.0
202606241611,227.30999755859375,227.34500122070312,227.40969848632812,227.2899932861328,2391.0
202606241612,227.3699951171875,227.4149932861328,227.4698944091797,227.31500244140625,2808.0
202606241613,227.44000244140625,227.52000427246094,227.52000427246094,227.44000244140625,1493.0
202606241614,227.48500061035156,227.5131072998047,227.5131072998047,227.40499877929688,2487.0
202606241615,227.5157012939453,227.5157012939453,227.5157012939453,227.5157012939453,453.0
202606241616,227.44000244140625,227.42999267578125,227.5399932861328,227.4199981689453,5484.0
202606241617,227.54989624023438,227.39999389648438,227.54989624023438,227.39500427246094,1226.0
202606241618,227.38999938964844,227.3125,227.42999267578125,227.19000244140625,8686.0
202606241619,227.3000030517578,227.3000030517578,227.32000732421875,227.3000030517578,3860.0
202606241621,227.3000030517578,227.69000244140625,227.69000244140625,227.3000030517578,14323.0
202606241622,227.5500946044922,227.66000366210938,227.66000366210938,227.5500946044922,1431.0
202606241623,227.66000366210938,227.66000366210938,227.66000366210938,227.66000366210938,382.0
202606241624,227.64999389648438,227.67999267578125,227.74000549316406,227.64999389648438,4065.0
202606241625,227.7100067138672,227.77000427246094,227.8300018310547,227.67999267578125,17540.0
202606241626,227.7050018310547,227.65499877929688,227.7050018310547,227.58999633789062,3428.0
202606241627,227.74000549316406,227.3350067138672,227.74000549316406,227.31500244140625,9268.0
202606241628,227.34500122070312,227.52499389648438,227.56829833984375,227.31500244140625,3580.0
202606241629,227.52499389648438,227.6649932861328,227.6649932861328,227.48500061035156,4489.0
202606241630,227.64500427246094,227.77499389648438,227.80999755859375,227.6125030517578,4927.0
202606241631,227.75750732421875,227.7949981689453,227.84500122070312,227.75750732421875,6571.0
202606241632,227.8448028564453,227.64999389648438,227.8448028564453,227.6300048828125,3718.0
202606241633,227.83999633789062,227.7899932861328,227.90499877929688,227.6300048828125,4916.0
202606241634,227.8300018310547,227.85000610351562,227.85000610351562,227.8300018310547,2439.0
202606241635,227.85499572753906,227.76499938964844,227.88999938964844,227.76499938964844,3964.0
202606241636,227.75999450683594,227.75999450683594,227.82000732421875,227.67999267578125,3709.0
202606241637,227.69000244140625,227.61000061035156,227.7550048828125,227.52000427246094,7267.0
202606241638,227.52000427246094,227.32000732421875,227.52999877929688,227.32000732421875,6074.0
202606241639,227.27999877929688,227.3300018310547,227.39999389648438,227.19000244140625,14293.0
202606241640,227.3300018310547,227.09500122070312,227.3300018310547,227.0,13263.0
202606241641,227.09500122070312,227.19000244140625,227.28500366210938,226.93499755859375,11293.0
202606241642,227.2449951171875,227.25999450683594,227.25999450683594,227.2449951171875,1918.0
202606241643,227.25999450683594,227.25,227.4199981689453,227.25,8141.0
202606241644,227.30499267578125,227.5449981689453,227.63999938964844,227.3000030517578,8989.0
202606241645,227.5399932861328,227.63999938964844,227.63999938964844,227.5,5863.0
202606241646,227.58999633789062,227.5749969482422,227.58999633789062,227.47999572753906,2734.0
202606241647,227.52000427246094,227.7449951171875,227.74749755859375,227.52000427246094,4417.0
202606241648,228.0,227.9199981689453,228.07000732421875,227.9199981689453,8051.0
202606241649,227.875,228.0500030517578,228.0500030517578,227.86749267578125,4135.0
202606241650,227.9600067138672,228.00999450683594,228.0500030517578,227.9600067138672,3279.0
202606241651,228.10000610351562,228.23500061035156,228.27000427246094,228.10000610351562,9033.0
202606241652,228.1699981689453,228.15499877929688,228.1699981689453,228.15499877929688,1024.0
202606241653,228.1300048828125,228.0749969482422,228.17999267578125,228.0749969482422,2739.0
202606241654,228.11500549316406,228.1591033935547,228.2100067138672,228.11500549316406,2897.0
202606241655,228.22000122070312,228.2425994873047,228.3300018310547,228.14500427246094,4235.0
202606241656,228.3249969482422,228.34500122070312,228.34500122070312,228.2200927734375,1504.0
202606241657,228.33999633789062,228.4199981689453,228.47999572753906,228.33999633789062,5615.0
202606241658,228.4199981689453,228.21499633789062,228.44500732421875,228.21499633789062,6087.0
202606241659,228.30499267578125,228.33999633789062,228.33999633789062,228.25,2540.0
202606241700,228.25999450683594,228.35000610351562,228.35000610351562,228.25999450683594,1816.0
202606241701,228.28500366210938,228.32000732421875,228.39999389648438,228.22999572753906,2430.0
202606241702,228.33999633789062,228.3300018310547,228.39999389648438,228.1699981689453,17443.0
202606241703,228.22999572753906,228.22500610351562,228.25,228.22500610351562,3001.0
202606241704,228.26499938964844,228.375,228.39999389648438,228.26499938964844,4150.0
202606241705,228.3000030517578,228.27000427246094,228.3000030517578,228.23519897460938,2248.0
202606241706,228.27000427246094,228.19000244140625,228.30999755859375,228.17999267578125,3630.0
202606241707,228.17999267578125,227.94500732421875,228.17999267578125,227.93499755859375,6193.0
202606241708,228.05999755859375,228.02999877929688,228.05999755859375,227.9199981689453,1957.0
202606241709,227.97000122070312,228.01499938964844,228.10000610351562,227.97000122070312,3631.0
202606241710,227.97000122070312,228.10989379882812,228.10989379882812,227.8800048828125,5313.0
202606241711,228.16000366210938,228.14999389648438,228.16000366210938,228.14999389648438,1880.0
202606241712,228.14500427246094,228.14999389648438,228.1750030517578,228.14500427246094,2156.0
202606241713,228.1750030517578,228.02999877929688,228.1750030517578,228.00999450683594,3218.0
202606241714,227.97999572753906,227.9949951171875,228.03500366210938,227.9300994873047,4069.0
202606241715,228.1300048828125,228.01499938964844,228.13999938964844,228.00250244140625,4214.0
202606241716,227.9499969482422,227.6074981689453,228.00999450683594,227.6074981689453,14970.0
202606241717,227.5500030517578,227.36000061035156,227.55999755859375,227.36000061035156,2870.0
202606241718,227.4600067138672,227.47999572753906,227.5500030517578,227.35000610351562,6260.0
202606241719,227.47500610351562,227.47000122070312,227.47500610351562,227.41099548339844,1254.0
202606241720,227.43499755859375,227.32000732421875,227.50999450683594,227.2899932861328,4586.0
202606241721,227.24000549316406,227.2449951171875,227.2449951171875,227.24000549316406,2365.0
202606241722,227.35000610351562,227.38999938964844,227.42999267578125,227.30499267578125,4697.0
202606241723,227.36000061035156,227.3000030517578,227.36000061035156,227.24000549316406,5091.0
202606241724,227.23500061035156,227.22000122070312,227.2899932861328,227.17959594726562,2995.0
202606241725,227.1510009765625,227.11900329589844,227.18499755859375,226.9801025390625,4326.0
202606241726,227.05999755859375,227.02000427246094,227.1199951171875,226.99940490722656,1503.0
202606241727,227.0500030517578,227.01060485839844,227.08999633789062,226.97999572753906,4520.0
202606241728,227.03880310058594,227.0,227.14999389648438,226.97999572753906,21296.0
202606241729,226.89999389648438,227.06500244140625,227.10000610351562,226.8800048828125,9603.0
202606241730,227.16000366210938,227.0800018310547,227.16000366210938,226.97999572753906,9018.0
202606241731,227.02000427246094,226.92999267578125,227.02000427246094,226.89999389648438,5484.0
202606241732,226.97000122070312,226.96499633789062,227.02999877929688,226.9199981689453,4227.0
202606241733,226.89999389648438,226.8000030517578,227.02000427246094,226.8000030517578,7510.0
202606241734,226.8800048828125,226.9499969482422,226.9499969482422,226.8000030517578,1272.0
202606241735,226.9600067138672,226.85499572753906,227.0,226.7550048828125,7615.0
202606241736,226.77999877929688,226.7899932861328,226.84500122070312,226.6699981689453,2091.0
202606241737,226.6699981689453,226.63499450683594,226.69000244140625,226.5800018310547,7405.0
202606241738,226.63499450683594,226.69000244140625,226.6999969482422,226.625,3676.0
202606241739,226.7899932861328,226.96499633789062,226.96499633789062,226.77999877929688,3758.0
202606241740,226.92999267578125,226.90499877929688,226.94500732421875,226.90499877929688,1910.0
202606241741,226.88499450683594,226.86000061035156,226.88499450683594,226.86000061035156,2071.0
202606241742,226.92750549316406,226.8574981689453,226.92750549316406,226.77000427246094,4936.0
202606241743,226.8000030517578,226.6999969482422,226.8000030517578,226.6300048828125,3516.0
202606241744,226.66000366210938,226.63499450683594,226.66000366210938,226.57000732421875,3031.0
202606241745,226.63499450683594,226.69000244140625,226.74000549316406,226.63499450683594,2572.0
202606241746,226.69500732421875,226.75,226.75,226.61000061035156,5095.0
202606241747,226.77000427246094,226.8249969482422,226.8800048828125,226.73500061035156,2591.0
202606241748,226.8699951171875,226.8249969482422,226.88999938964844,226.8249969482422,2372.0
202606241749,226.8249969482422,226.88999938964844,226.88999938964844,226.8000030517578,2999.0
202606241750,226.85499572753906,226.9499969482422,226.9499969482422,226.85499572753906,2978.0
202606241751,226.90499877929688,227.05999755859375,227.0998992919922,226.88059997558594,3563.0
202606241752,226.9949951171875,226.9949951171875,227.08999633789062,226.92999267578125,2143.0
202606241753,226.99000549316406,227.10000610351562,227.10000610351562,226.97999572753906,4357.0
202606241754,227.14999389648438,227.22999572753906,227.27000427246094,227.11000061035156,5115.0
202606241755,227.2899932861328,227.52000427246094,227.52000427246094,227.1699981689453,12533.0
202606241756,227.52999877929688,227.4149932861328,227.52999877929688,227.3699951171875,2368.0
202606241757,227.4149932861328,227.19000244140625,227.4149932861328,227.19000244140625,4530.0
202606241758,227.17999267578125,227.02000427246094,227.17999267578125,227.02000427246094,7008.0
202606241759,226.96499633789062,226.98500061035156,227.16000366210938,226.94000244140625,10012.0
202606241800,226.89999389648438,227.02000427246094,227.0500030517578,226.89999389648438,4383.0
202606241801,226.92999267578125,227.10000610351562,227.10000610351562,226.92999267578125,2196.0
202606241802,227.1750030517578,227.25,227.25,227.1750030517578,2594.0
202606241803,227.24000549316406,227.3300018310547,227.3300018310547,227.24000549316406,1604.0
202606241804,227.3300018310547,227.5500030517578,227.5500030517578,227.30499267578125,13142.0
202606241805,227.5500030517578,227.52999877929688,227.66799926757812,227.5,9930.0
202606241806,227.49000549316406,227.48519897460938,227.63999938964844,227.47999572753906,5286.0
202606241807,227.4199981689453,227.375,227.47000122070312,227.3300018310547,3612.0
202606241808,227.25999450683594,227.4499969482422,227.4499969482422,227.25999450683594,2883.0
202606241809,227.4199981689453,227.4199981689453,227.44000244140625,227.34500122070312,5736.0
202606241810,227.47999572753906,227.41000366210938,227.47999572753906,227.3336944580078,3119.0
202606241811,227.39500427246094,227.4499969482422,227.4499969482422,227.3699951171875,4422.0
202606241812,227.38499450683594,227.31500244140625,227.4199981689453,227.27000427246094,3571.0
202606241813,227.33999633789062,227.3300018310547,227.3800048828125,227.25999450683594,4289.0
202606241814,227.36000061035156,227.36500549316406,227.4199981689453,227.27999877929688,4077.0
202606241815,227.36500549316406,227.4600067138672,227.5,227.3000030517578,4847.0
202606241816,227.49000549316406,227.4600067138672,227.49000549316406,227.39999389648438,4506.0
202606241817,227.4600067138672,227.49000549316406,227.55999755859375,227.4600067138672,4666.0
202606241818,227.5,227.5,227.55999755859375,227.44000244140625,3580.0
202606241819,227.60000610351562,227.53500366210938,227.60000610351562,227.53250122070312,1695.0
202606241820,227.47999572753906,227.5,227.58999633789062,227.47999572753906,6240.0
202606241821,227.58999633789062,227.5800018310547,227.58999633789062,227.5449981689453,2230.0
202606241822,227.52000427246094,227.5,227.60000610351562,227.44009399414062,3641.0
202606241823,227.55999755859375,227.72500610351562,227.72500610351562,227.5050048828125,3640.0
202606241824,227.75,227.86500549316406,227.86500549316406,227.72500610351562,3070.0
202606241825,227.9499969482422,227.97999572753906,228.02000427246094,227.9499969482422,2531.0
202606241826,228.0,227.9499969482422,228.0,227.89999389648438,2333.0
202606241827,227.91000366210938,228.05499267578125,228.05999755859375,227.91000366210938,8093.0
202606241828,228.0749969482422,228.0399932861328,228.0749969482422,227.9600067138672,1678.0
202606241829,228.07000732421875,228.1199951171875,228.1199951171875,228.07000732421875,1542.0
202606241830,228.16000366210938,228.02999877929688,228.17999267578125,227.94500732421875,4427.0
202606241831,228.1649932861328,228.17999267578125,228.22000122070312,228.10000610351562,4305.0
202606241832,228.14999389648438,228.22999572753906,228.22999572753906,228.125,3585.0
202606241833,228.1999969482422,228.3000030517578,228.3000030517578,228.1999969482422,2594.0
202606241834,228.22500610351562,228.25,228.3699951171875,228.21310424804688,7758.0
202606241835,228.22000122070312,228.0800018310547,228.24899291992188,228.0800018310547,5104.0
202606241836,228.0800018310547,228.0290069580078,228.16000366210938,227.9550018310547,5369.0
202606241837,228.02000427246094,228.08999633789062,228.17849731445312,228.02000427246094,5781.0
202606241838,228.10499572753906,228.1300048828125,228.22000122070312,228.10499572753906,3381.0
202606241839,228.2100067138672,228.2100067138672,228.22999572753906,228.19500732421875,2137.0
202606241840,228.16000366210938,227.92999267578125,228.2100067138672,227.91000366210938,7356.0
202606241841,227.8800048828125,227.82000732421875,227.89999389648438,227.8000030517578,17353.0
202606241842,227.77499389648438,227.9199981689453,227.92999267578125,227.7449951171875,6928.0
202606241843,227.86000061035156,227.83999633789062,227.89999389648438,227.83999633789062,3964.0
202606241844,227.80999755859375,227.86000061035156,227.86000061035156,227.74000549316406,3638.0
202606241845,227.8000030517578,227.8000030517578,227.8000030517578,227.8000030517578,2932.0
202606241846,227.77000427246094,227.6699981689453,227.7899932861328,227.6699981689453,4863.0
202606241847,227.68499755859375,227.5800018310547,227.74000549316406,227.50999450683594,5560.0
202606241848,227.55499267578125,227.42999267578125,227.55499267578125,227.27999877929688,3942.0
202606241849,227.3699951171875,227.22000122070312,227.3699951171875,227.14500427246094,4045.0
202606241850,227.27000427246094,226.9600067138672,227.27000427246094,226.89999389648438,9885.0
202606241851,226.89999389648438,226.9499969482422,226.99000549316406,226.89999389648438,2794.0
202606241852,226.94000244140625,227.30999755859375,227.30999755859375,226.94000244140625,8383.0
202606241853,227.22000122070312,227.25,227.35000610351562,227.19000244140625,4906.0
202606241854,227.36000061035156,227.38999938964844,227.4499969482422,227.35000610351562,3890.0
202606241855,227.4600067138672,227.36749267578125,227.4600067138672,227.36749267578125,4739.0
202606241856,227.4199981689453,227.35000610351562,227.4499969482422,227.35000610351562,2340.0
202606241857,227.47999572753906,227.36000061035156,227.57000732421875,227.35479736328125,6930.0
202606241858,227.2899932861328,227.30999755859375,227.30999755859375,227.27499389648438,1788.0
202606241859,227.2949981689453,227.35989379882812,227.38999938964844,227.25999450683594,5280.0
202606241900,227.25320434570312,227.35000610351562,227.3800048828125,227.19200134277344,11083.0
202606241901,227.45989990234375,227.47999572753906,227.47999572753906,227.34500122070312,3480.0
202606241902,227.47000122070312,227.52999877929688,227.52999877929688,227.27999877929688,8254.0
202606241903,227.47999572753906,227.64500427246094,227.72000122070312,227.47999572753906,4555.0
202606241904,227.6199951171875,227.64999389648438,227.67999267578125,227.52000427246094,7400.0
202606241905,227.69000244140625,227.5574951171875,227.7581024169922,227.53500366210938,6683.0
202606241906,227.6699981689453,227.61000061035156,227.6699981689453,227.5207977294922,5202.0
202606241907,227.56500244140625,227.57000732421875,227.6300048828125,227.52000427246094,4560.0
202606241908,227.52000427246094,227.88999938964844,227.88999938964844,227.52000427246094,13698.0
202606241909,227.85000610351562,227.97999572753906,228.0399932861328,227.8300018310547,13573.0
202606241910,227.9499969482422,228.0749969482422,228.0749969482422,227.8699951171875,9769.0
202606241911,228.14999389648438,227.99000549316406,228.22000122070312,227.97500610351562,16363.0
202606241912,227.9949951171875,228.05999755859375,228.07000732421875,227.88999938964844,8206.0
202606241913,227.9499969482422,228.10499572753906,228.1199951171875,227.9499969482422,6137.0
202606241914,228.10499572753906,228.139892578125,228.25,228.07000732421875,6518.0
202606241915,228.06500244140625,228.0850067138672,228.18499755859375,227.99009704589844,12977.0
202606241916,228.0749969482422,228.0800018310547,228.14999389648438,228.0,3627.0
202606241917,228.089599609375,228.1300048828125,228.1654052734375,228.06500244140625,15879.0
202606241918,228.1199951171875,228.24000549316406,228.24000549316406,228.05999755859375,5345.0
202606241919,228.18499755859375,228.09500122070312,228.24000549316406,227.97000122070312,25895.0
202606241920,228.0800018310547,227.9199981689453,228.0800018310547,227.860107421875,14072.0
202606241921,227.9199981689453,227.77999877929688,227.97999572753906,227.77999877929688,12426.0
202606241922,227.77999877929688,227.6199951171875,227.77999877929688,227.6199951171875,6737.0
202606241923,227.6999969482422,227.47999572753906,227.6999969482422,227.44000244140625,6318.0
202606241924,227.4600067138672,227.5,227.5,227.44000244140625,6073.0
202606241925,227.46499633789062,227.49000549316406,227.52000427246094,227.44000244140625,6000.0
202606241926,227.47500610351562,227.47000122070312,227.47500610351562,227.35000610351562,3981.0
202606241927,227.40499877929688,227.3699951171875,227.42999267578125,227.3300018310547,6700.0
202606241928,227.3699951171875,227.30499267578125,227.38999938964844,227.2899932861328,5682.0
202606241929,227.3000030517578,227.38900756835938,227.38999938964844,227.3000030517578,5228.0
202606241930,227.36000061035156,227.18499755859375,227.38999938964844,227.17999267578125,8485.0
202606241931,227.18499755859375,227.11500549316406,227.24000549316406,227.09109497070312,6775.0
202606241932,227.125,227.20899963378906,227.24000549316406,227.09249877929688,5859.0
202606241933,227.13999938964844,227.08999633789062,227.27999877929688,227.07000732421875,14390.0
202606241934,227.07000732421875,226.99000549316406,227.07000732421875,226.80999755859375,11125.0
202606241935,227.0399932861328,226.94000244140625,227.0449981689453,226.94000244140625,7464.0
202606241936,226.97000122070312,226.91000366210938,226.98989868164062,226.7949981689453,7053.0
202606241937,226.90499877929688,226.97000122070312,226.97000122070312,226.84500122070312,6705.0
202606241938,226.86500549316406,226.85499572753906,226.9499969482422,226.80999755859375,7766.0
202606241939,226.94000244140625,226.92999267578125,226.968994140625,226.89500427246094,4676.0
202606241940,226.94960021972656,226.9600067138672,227.02000427246094,226.92999267578125,15521.0
202606241941,226.9600067138672,226.98500061035156,227.02000427246094,226.9499969482422,6467.0
202606241942,226.91009521484375,226.90499877929688,227.02999877929688,226.90499877929688,9320.0
202606241943,226.87249755859375,226.85000610351562,226.90499877929688,226.75999450683594,8514.0
202606241944,226.89999389648438,226.89999389648438,227.0290069580078,226.8800048828125,12437.0
202606241945,226.99000549316406,227.35000610351562,227.35000610351562,226.99000549316406,16899.0
202606241946,227.42999267578125,227.14999389648438,227.5050048828125,227.14999389648438,10282.0
202606241947,227.1199951171875,226.9499969482422,227.19000244140625,226.9499969482422,10764.0
202606241948,226.9250030517578,227.1750030517578,227.19000244140625,226.9250030517578,6183.0
202606241949,227.1750030517578,227.3000030517578,227.3000030517578,227.13499450683594,8192.0
202606241950,227.25,227.14999389648438,227.33999633789062,227.11000061035156,14541.0
202606241951,227.22000122070312,227.22999572753906,227.2550048828125,227.16000366210938,10614.0
202606241952,227.22500610351562,227.4199981689453,227.49000549316406,227.1999969482422,13266.0
202606241953,227.38999938964844,227.16000366210938,227.39999389648438,227.12359619140625,15796.0
202606241954,227.1999969482422,227.61000061035156,227.61000061035156,226.9199981689453,43428.0
202606241955,227.4199981689453,227.39500427246094,227.6199951171875,227.22999572753906,31939.0
202606241956,227.5,227.75999450683594,227.7899932861328,227.49000549316406,21397.0
202606241957,227.8000030517578,227.49000549316406,227.94000244140625,227.47000122070312,58976.0
202606241958,227.4600067138672,227.3000030517578,227.49000549316406,227.3000030517578,45319.0
202606241959,227.3300018310547,227.4199981689453,227.49000549316406,227.27999877929688,99221.0
202606242000,227.42,227.42,227.42,227.42,0.0
202606242002,227.39,227.39,227.39,227.39,0.0
202606242004,227.42,227.42,227.42,227.42,0.0
202606242005,228.28,227.0,228.28,227.0,0.0
202606242008,227.0,226.545,227.0,226.545,0.0
202606242009,226.5,226.52,227.0,226.5,0.0
202606242010,227.42,225.9863,227.42,224.81,0.0
202606242011,226.8558,226.8558,226.8558,226.8558,0.0
202606242014,227.42,227.08,227.42,227.08,0.0
202606242015,227.42,227.42,227.42,227.42,0.0
202606242016,227.07,227.07,227.07,227.07,0.0
202606242017,227.1,227.1,227.1,227.1,0.0
202606242018,228.28,228.28,228.28,228.28,0.0
202606242019,227.0,228.28,228.28,227.0,0.0
202606242020,227.42,227.42,227.42,227.42,0.0
202606242023,226.5,226.5,226.5,226.5,0.0
202606242025,226.56,226.56,226.56,226.56,0.0
202606242026,226.56,226.5,226.56,226.5,0.0
202606242027,226.78,227.27,227.27,226.5474,0.0
202606242029,226.76,226.5226,226.76,226.5226,0.0
202606242030,226.6014,226.6014,226.6014,226.6014,0.0
202606242032,226.76,226.76,226.76,226.76,0.0
202606242035,226.76,226.76,226.76,226.76,0.0
202606242036,226.73,226.73,226.73,226.73,0.0
202606242037,226.87,226.86,226.87,226.86,0.0
202606242039,226.76,226.75,226.76,226.75,0.0
202606242042,226.54,226.54,226.54,226.54,0.0
202606242046,226.5181,225.64,226.5181,225.64,0.0
202606242047,227.24,226.16,227.24,226.16,0.0
202606242048,226.07,227.0,227.0,226.07,0.0
202606242049,226.07,226.01,226.07,226.01,0.0
202606242051,225.2967,225.2967,225.2967,225.2967,0.0
202606242052,226.9362,211.5764,226.9362,211.5764,0.0
202606242054,211.5764,211.5764,211.5764,211.5764,0.0
202606242055,226.99,226.99,226.99,226.99,0.0
202606242056,225.6433,225.585,225.6433,225.585,0.0
202606242058,226.6862,226.6862,226.6862,226.6862,0.0
202606242059,227.24,227.24,227.24,227.24,0.0
202606242100,227.24,226.5,227.24,226.0,0.0
202606242101,227.24,227.24,227.24,227.24,0.0
202606242102,226.81,226.86,226.86,226.81,0.0
202606242106,226.89,226.97,226.97,226.89,0.0
202606242108,225.8,225.1401,225.8,225.1401,0.0
202606242109,226.82,226.82,226.82,226.82,0.0
202606242111,226.0,226.0,226.0,226.0,0.0
202606242112,225.14,225.14,225.14,225.14,0.0
202606242115,226.79,226.79,226.79,226.79,0.0
202606242117,226.95,226.95,226.95,226.95,0.0
202606242119,226.96,226.96,226.96,226.96,0.0
202606242120,226.95,226.96,226.96,226.87,0.0
202606242123,225.4027,226.96,226.96,225.4027,0.0
202606242124,227.42,227.42,227.42,227.42,0.0
202606242127,226.06,226.06,226.06,226.06,0.0
202606242128,226.6,226.06,226.6,226.06,0.0
202606242130,226.6022,226.6022,226.6022,226.6022,0.0
202606242131,226.7,226.7,226.7,226.7,0.0
202606242132,226.95,226.95,226.95,226.95,0.0
202606242135,226.7273,226.7273,226.7273,226.7273,0.0
202606242136,226.96,226.96,226.96,226.96,0.0
202606242140,226.96,226.96,226.96,226.96,0.0
202606242143,226.96,226.96,226.96,226.96,0.0
202606242144,226.96,226.96,226.96,226.96,0.0
202606242145,226.96,226.5,226.96,226.5,0.0
202606242147,226.96,226.96,226.96,226.96,0.0
202606242149,226.01,226.01,226.01,226.01,0.0
202606242154,226.04,226.0399,226.04,226.0399,0.0
202606242156,225.9987,226.22,226.22,225.9987,0.0
202606242200,226.0,226.7186,226.7186,226.0,0.0
202606242202,225.17,226.01,226.01,225.17,0.0
202606242206,226.01,225.8,226.01,225.8,0.0
202606242210,226.6,226.7,226.7,226.6,0.0
202606242248,226.47,226.42,226.47,226.42,0.0
202606250800,227.42,226.27,227.42,226.27,0.0
202606250801,226.7,226.74,227.01,226.48,0.0
202606250805,226.7,226.55,226.7,226.55,0.0
202606250937,227.05,227.28,227.28,227.05,0.0
202606250940,227.23,227.28,227.28,227.23,0.0
202606251030,227.15,227.08,227.15,227.08,0.0
202606251100,228.0,227.37,228.5,227.08,0.0
202606251128,227.75,228.0,228.0,227.75,0.0
202606251133,228.0,228.09,228.09,228.0,0.0
202606251134,227.55,228.0,228.0,227.55,0.0
202606251135,227.79,227.6873,227.79,227.6873,0.0
202606251136,227.5,227.5,227.51,227.5,0.0
202606251150,227.5,228.0,228.0,227.5,0.0
202606251204,227.1,228.4007,228.4007,227.1,0.0
202606251215,227.074,227.9,227.9,227.074,0.0
202606251217,227.5916,227.6,227.6,227.5916,0.0
202606251229,227.0,227.2352,227.2352,227.0,0.0
202606251250,228.025,228.0,228.025,228.0,0.0
202606251315,227.0,229.85,229.85,227.0,0.0
202606251316,227.5,227.6867,227.6867,227.5,0.0
202606251325,227.55,227.88,227.88,227.5,0.0
202606251327,227.31,227.43,227.43,227.31,0.0
202606251328,227.43,227.5,227.5,227.43,0.0
202606251329,228.0,227.6,228.5,227.6,0.0
202606251330,228.92999267578125,228.8699951171875,229.44000244140625,227.77000427246094,68767.0
202606251331,228.66859436035156,229.3699951171875,229.3699951171875,228.66859436035156,2364.0
202606251332,229.5050048828125,230.1999969482422,230.1999969482422,229.22000122070312,7586.0
202606251333,230.1999969482422,231.61000061035156,231.6300048828125,230.04750061035156,52382.0
202606251334,232.0,231.8800048828125,232.0,231.36000061035156,3493.0
202606251335,231.53500366210938,232.19500732421875,232.47000122070312,231.43499755859375,14831.0
202606251336,232.1999969482422,233.82000732421875,233.82000732421875,232.177001953125,28573.0
202606251337,233.75,233.97999572753906,233.97999572753906,233.3000030517578,47727.0
202606251338,233.97000122070312,233.6300048828125,234.0,233.38999938964844,12990.0
202606251339,233.3000030517578,233.39999389648438,233.5399932861328,233.2700958251953,10743.0
202606251340,233.5,233.47500610351562,233.60000610351562,233.397705078125,8705.0
202606251341,233.4499969482422,234.1199951171875,234.16000366210938,233.4499969482422,14168.0
202606251342,233.77499389648438,233.76499938964844,233.9499969482422,233.4199981689453,9705.0
202606251343,233.80499267578125,233.1699981689453,233.80499267578125,233.1699981689453,7118.0
202606251344,233.0601043701172,233.5800018310547,233.5800018310547,233.0601043701172,3456.0
202606251345,233.30999755859375,233.4499969482422,233.5,233.27000427246094,7935.0
202606251346,233.5496063232422,233.72000122070312,233.77999877929688,233.44009399414062,7760.0
202606251347,233.8000030517578,233.56500244140625,234.0,233.52999877929688,11627.0
202606251348,233.56500244140625,234.02999877929688,234.02999877929688,233.38999938964844,13814.0
202606251349,233.97000122070312,233.9499969482422,233.97999572753906,233.83999633789062,3659.0
202606251350,233.97000122070312,234.50970458984375,234.52999877929688,233.97000122070312,7823.0
202606251351,234.21539306640625,234.5500030517578,234.5500030517578,234.19000244140625,3617.0
202606251352,234.5500030517578,234.34500122070312,234.6999969482422,234.32000732421875,5094.0
202606251353,234.63999938964844,234.58999633789062,234.74000549316406,234.4001007080078,7687.0
202606251354,234.74000549316406,234.11000061035156,234.85000610351562,233.7917938232422,36607.0
202606251355,234.0399932861328,234.30999755859375,234.44000244140625,233.92999267578125,13045.0
202606251356,234.3350067138672,233.85000610351562,234.3350067138672,233.85000610351562,7816.0
202606251357,234.07000732421875,233.61000061035156,234.07000732421875,233.60000610351562,23582.0
202606251358,233.60000610351562,234.4600067138672,234.6699981689453,233.60000610351562,33262.0
202606251359,234.52999877929688,234.5449981689453,234.5449981689453,234.4499969482422,3379.0
202606251400,234.75,234.31500244140625,234.75,234.1699981689453,8865.0
202606251401,234.42999267578125,234.52999877929688,234.6999969482422,234.27000427246094,6184.0
202606251402,234.52999877929688,235.0399932861328,235.0399932861328,234.50010681152344,7382.0
202606251403,235.0500030517578,235.6300048828125,235.72999572753906,234.92999267578125,12338.0
202606251404,235.74000549316406,235.67999267578125,235.91000366210938,235.6750030517578,4686.0
202606251405,235.88999938964844,236.32000732421875,236.47999572753906,235.88999938964844,5690.0
202606251406,236.19000244140625,235.7169952392578,236.19000244140625,235.5399932861328,8213.0
202606251407,235.6750030517578,235.14500427246094,235.6750030517578,235.14500427246094,12570.0
202606251408,235.0,235.22000122070312,235.22000122070312,234.7100067138672,12547.0
202606251409,235.22000122070312,235.3249969482422,235.375,235.1649932861328,4773.0
202606251410,235.39999389648438,235.8699951171875,235.91000366210938,235.3300018310547,16275.0
202606251411,235.875,235.67999267578125,235.875,235.57000732421875,8101.0
202606251412,235.8000030517578,235.7449951171875,235.88999938964844,235.63999938964844,8932.0
202606251413,235.7449951171875,235.72999572753906,235.88999938964844,235.4499969482422,10528.0
202606251414,235.84500122070312,235.77999877929688,235.84500122070312,235.63999938964844,3740.0
202606251415,235.72000122070312,235.52450561523438,236.02000427246094,235.52450561523438,20009.0
202606251416,235.52499389648438,235.47500610351562,235.6999969482422,235.42100524902344,7350.0
202606251417,235.6999969482422,235.72000122070312,235.9550018310547,235.6999969482422,3736.0
202606251418,235.72000122070312,236.27000427246094,236.27000427246094,235.72000122070312,7934.0
202606251419,236.00999450683594,235.99000549316406,236.1199951171875,235.82000732421875,47378.0
202606251420,236.0,236.1649932861328,236.2899932861328,235.81100463867188,14275.0
202606251421,236.15499877929688,235.69000244140625,236.15499877929688,235.57000732421875,5558.0
202606251422,235.52999877929688,235.8800048828125,235.92999267578125,235.52999877929688,6695.0
202606251423,235.75999450683594,235.85499572753906,235.8699951171875,235.75999450683594,2435.0
202606251424,235.9199981689453,235.7899932861328,235.9199981689453,235.7200927734375,4549.0
202606251425,235.49000549316406,235.7050018310547,235.74000549316406,235.42999267578125,22370.0
202606251426,235.6199951171875,235.9600067138672,236.13499450683594,235.6199951171875,3839.0
202606251427,236.0,235.36000061035156,236.0,235.36000061035156,18569.0
202606251428,235.6699981689453,235.5399932861328,235.6699981689453,235.5399932861328,6760.0
202606251429,235.5950927734375,235.52000427246094,235.5950927734375,235.52000427246094,3096.0
202606251430,235.52000427246094,235.4949951171875,235.63999938964844,235.3800048828125,6434.0
202606251431,235.5355987548828,235.94500732421875,235.94500732421875,235.47999572753906,6145.0
202606251432,235.8000030517578,236.10000610351562,236.1699981689453,235.72999572753906,12518.0
202606251433,235.99000549316406,236.00999450683594,236.07000732421875,235.94000244140625,6090.0
202606251434,235.97999572753906,236.1699981689453,236.1699981689453,235.89999389648438,11290.0
202606251435,236.19500732421875,236.39500427246094,236.47999572753906,235.94000244140625,39300.0
202606251436,236.49000549316406,237.05999755859375,237.11500549316406,236.36000061035156,16192.0
202606251437,237.24000549316406,237.1999969482422,237.36500549316406,237.0,23994.0
202606251438,237.1999969482422,237.13499450683594,237.3699951171875,237.08999633789062,21076.0
202606251439,237.25,237.0,237.3699951171875,237.0,10896.0
202606251440,237.30999755859375,236.94000244140625,237.30999755859375,236.94000244140625,6699.0
202606251441,236.94000244140625,236.47999572753906,236.9550018310547,236.3300018310547,25745.0
202606251442,236.3699951171875,236.1699981689453,236.42750549316406,236.1300048828125,14048.0
202606251443,236.17999267578125,235.7949981689453,236.17999267578125,235.7949981689453,7317.0
202606251444,235.82000732421875,235.8000030517578,235.82000732421875,235.7375030517578,2847.0
202606251445,235.63999938964844,235.47000122070312,235.63999938964844,235.32000732421875,4220.0
202606251446,235.63999938964844,235.50999450683594,235.63999938964844,235.44000244140625,4655.0
202606251447,235.64999389648438,235.52000427246094,235.6999969482422,235.48500061035156,5126.0
202606251448,235.69000244140625,235.5800018310547,235.77999877929688,235.5800018310547,3772.0
202606251449,235.74000549316406,235.53480529785156,235.77499389648438,235.53480529785156,3281.0
202606251450,235.64999389648438,235.58999633789062,235.77999877929688,235.55999755859375,4652.0
202606251451,235.61000061035156,236.1324005126953,236.1324005126953,235.61000061035156,5161.0
202606251452,235.9199981689453,236.25999450683594,236.3300018310547,235.88999938964844,4204.0
202606251453,236.26499938964844,236.1199951171875,236.28750610351562,236.1199951171875,4916.0
202606251454,236.14999389648438,236.22500610351562,236.22999572753906,236.08909606933594,2836.0
202606251455,236.25,236.1999969482422,236.25,236.1999969482422,3479.0
202606251456,236.08999633789062,235.9499969482422,236.08999633789062,235.75,5076.0
202606251457,235.8699951171875,235.625,235.9149932861328,235.625,8602.0
202606251458,235.6300048828125,235.41000366210938,235.6300048828125,235.41000366210938,2702.0
202606251459,235.2899932861328,234.75999450683594,235.2899932861328,234.72999572753906,10894.0
202606251500,234.6580047607422,234.5749969482422,234.7799072265625,234.5749969482422,5210.0
202606251501,234.63999938964844,234.61000061035156,234.6999969482422,234.5850067138672,2165.0
202606251502,234.19000244140625,234.3800048828125,234.43499755859375,234.19000244140625,4007.0
202606251503,234.3000030517578,234.35000610351562,234.38499450683594,234.17999267578125,3286.0
202606251504,234.35000610351562,234.44000244140625,234.52000427246094,234.1699981689453,9758.0
202606251505,234.44000244140625,234.14999389648438,234.55999755859375,234.14999389648438,10048.0
202606251506,234.1649932861328,234.11500549316406,234.27999877929688,233.89999389648438,17827.0
202606251507,234.1649932861328,234.25999450683594,234.25999450683594,233.625,27082.0
202606251508,234.46499633789062,234.1300048828125,234.46499633789062,234.1300048828125,1331.0
202606251509,234.22999572753906,234.14999389648438,234.22999572753906,234.1199951171875,2451.0
202606251510,234.15249633789062,234.09500122070312,234.15249633789062,234.0,3654.0
202606251511,234.09500122070312,233.6999969482422,234.09500122070312,233.55999755859375,14637.0
202606251512,233.6999969482422,233.3800048828125,233.72999572753906,233.3800048828125,4253.0
202606251513,233.3800048828125,233.27999877929688,233.4499969482422,233.27999877929688,3974.0
202606251514,233.19000244140625,233.11500549316406,233.1999969482422,232.94000244140625,23191.0
202606251515,232.9499969482422,232.375,233.10499572753906,232.24000549316406,14947.0
202606251516,232.5800018310547,232.4499969482422,232.6300048828125,232.26910400390625,8420.0
202606251517,232.72999572753906,232.77999877929688,232.7899932861328,232.39999389648438,7384.0
202606251518,233.0399932861328,232.98500061035156,233.0399932861328,232.98500061035156,1427.0
202606251519,232.9949951171875,233.1699981689453,233.27499389648438,232.9949951171875,8069.0
202606251520,233.22500610351562,233.3699951171875,233.3699951171875,233.16000366210938,9036.0
202606251521,233.25999450683594,233.32000732421875,233.3300018310547,233.13499450683594,4528.0
202606251522,233.35000610351562,233.38999938964844,233.61500549316406,233.27000427246094,10585.0
202606251523,233.4149932861328,233.52499389648438,233.52499389648438,233.4149932861328,4369.0
202606251524,233.69000244140625,233.7449951171875,233.92999267578125,233.55499267578125,11132.0
202606251525,233.80499267578125,233.7100067138672,233.82000732421875,233.7100067138672,8607.0
202606251526,233.7899932861328,233.8699951171875,233.8699951171875,233.7899932861328,2580.0
202606251527,233.875,233.97500610351562,234.10499572753906,233.82000732421875,15073.0
202606251528,233.97250366210938,233.80999755859375,234.02999877929688,233.75999450683594,8371.0
202606251529,233.8350067138672,233.72999572753906,233.85499572753906,233.6999969482422,5716.0
202606251530,233.625,233.47999572753906,233.65499877929688,233.47999572753906,8084.0
202606251531,233.47500610351562,233.35000610351562,233.47500610351562,233.25999450683594,9782.0
202606251533,233.52000427246094,233.24000549316406,233.52000427246094,233.24000549316406,1954.0
202606251534,233.3000030517578,233.17999267578125,233.3000030517578,233.16000366210938,1749.0
202606251535,233.0399932861328,233.11500549316406,233.11500549316406,232.9499969482422,6140.0
202606251536,233.1199951171875,233.1999969482422,233.30990600585938,233.00030517578125,6487.0
202606251537,233.21499633789062,233.27000427246094,233.36500549316406,233.19000244140625,3415.0
202606251538,233.27499389648438,233.22999572753906,233.3699951171875,233.22799682617188,3931.0
202606251539,233.35000610351562,233.35000610351562,233.35000610351562,233.35000610351562,1206.0
202606251540,233.2050018310547,233.2050018310547,233.2050018310547,233.2050018310547,795.0
202606251541,233.19500732421875,233.0749969482422,233.19500732421875,232.81199645996094,12861.0
202606251542,233.05499267578125,233.23989868164062,233.23989868164062,233.05499267578125,1990.0
202606251543,233.139404296875,232.9376983642578,233.139404296875,232.9376983642578,3825.0
202606251544,233.02000427246094,232.9499969482422,233.0500030517578,232.9499969482422,8958.0
202606251545,233.02999877929688,233.25999450683594,233.3000030517578,233.02999877929688,4452.0
202606251546,233.30250549316406,233.25,233.3249969482422,233.25,2195.0
202606251547,233.19500732421875,233.16000366210938,233.19500732421875,233.16000366210938,547.0
202606251548,233.22000122070312,233.17999267578125,233.22000122070312,233.110107421875,2688.0
202606251549,233.1999969482422,232.92999267578125,233.1999969482422,232.92999267578125,5827.0
202606251550,233.0,232.83999633789062,233.0,232.8000030517578,2633.0
202606251551,232.89999389648438,232.89999389648438,232.97000122070312,232.89999389648438,3741.0
202606251552,232.8300018310547,232.8800048828125,232.91000366210938,232.8300018310547,2740.0
202606251553,232.8699951171875,232.77999877929688,232.8699951171875,232.75,1511.0
202606251554,232.8699951171875,232.60000610351562,232.8699951171875,232.60000610351562,2608.0
202606251555,232.7050018310547,232.74000549316406,232.74000549316406,232.7050018310547,1467.0
202606251556,232.7449951171875,232.74000549316406,232.78250122070312,232.6999969482422,3566.0
202606251557,232.75999450683594,232.9149932861328,232.9149932861328,232.71969604492188,4981.0
202606251558,232.77000427246094,232.65420532226562,232.77000427246094,232.6199951171875,2285.0
202606251559,232.69500732421875,232.63499450683594,232.69500732421875,232.52000427246094,4943.0
202606251600,232.74000549316406,232.51499938964844,232.74000549316406,232.51499938964844,2813.0
202606251601,232.4499969482422,232.0399932861328,232.4499969482422,232.0399932861328,3747.0
202606251602,232.0,231.8800048828125,232.07000732421875,231.8800048828125,8028.0
202606251603,231.8800048828125,231.98500061035156,232.02000427246094,231.8800048828125,13859.0
202606251604,231.98500061035156,231.68499755859375,232.08999633789062,231.47000122070312,13438.0
202606251605,231.6999969482422,232.02000427246094,232.02000427246094,231.52999877929688,9060.0
202606251606,232.02000427246094,232.26499938964844,232.26499938964844,231.92010498046875,1302.0
202606251607,232.3800048828125,232.30499267578125,232.4600067138672,232.30499267578125,3170.0
202606251608,232.34500122070312,232.33999633789062,232.38999938964844,232.19000244140625,14221.0
202606251609,232.27000427246094,232.22500610351562,232.30999755859375,232.05499267578125,3912.0
202606251610,232.25999450683594,232.90499877929688,232.90499877929688,232.25999450683594,3562.0
202606251611,233.0500030517578,233.01499938964844,233.2100067138672,232.9199981689453,3419.0
202606251612,233.02999877929688,232.86500549316406,233.02999877929688,232.72999572753906,6086.0
202606251613,232.84500122070312,232.98500061035156,233.01499938964844,232.80999755859375,3430.0
202606251614,232.82000732421875,232.67999267578125,232.86500549316406,232.5500030517578,4170.0
202606251615,232.55999755859375,232.4199981689453,232.6396026611328,232.41419982910156,5188.0
202606251616,232.38999938964844,232.63999938964844,232.63999938964844,232.38999938964844,3180.0
202606251617,232.5,232.42999267578125,232.639892578125,232.42999267578125,4472.0
202606251618,232.53500366210938,232.4600067138672,232.5399932861328,232.41000366210938,3953.0
202606251619,232.41000366210938,232.47000122070312,232.64999389648438,232.38999938964844,11203.0
202606251620,232.56500244140625,232.2899932861328,232.56500244140625,232.2899932861328,6148.0
202606251621,232.33999633789062,232.52999877929688,232.52999877929688,232.33999633789062,5849.0
202606251622,232.5449981689453,232.42999267578125,232.5449981689453,232.38999938964844,5568.0
202606251623,232.38999938964844,232.2899932861328,232.5399932861328,232.2899932861328,7765.0
202606251624,232.27000427246094,232.27000427246094,232.27000427246094,232.27000427246094,2094.0
202606251625,232.14999389648438,231.80999755859375,232.2100067138672,231.80999755859375,4030.0
202606251626,231.82000732421875,231.52000427246094,231.88999938964844,231.52000427246094,4068.0
202606251627,231.5500030517578,231.6649932861328,231.83999633789062,231.5500030517578,4877.0
202606251628,231.72000122070312,231.67999267578125,231.72999572753906,231.5,5524.0
202606251629,231.77000427246094,231.7100067138672,231.77000427246094,231.60000610351562,1872.0
202606251630,231.5800018310547,231.49000549316406,231.61000061035156,231.49000549316406,3004.0
202606251631,231.5,231.35000610351562,231.56959533691406,231.35000610351562,5919.0
202606251632,231.33999633789062,231.38499450683594,231.57000732421875,231.3000030517578,3830.0
202606251633,231.38999938964844,231.36000061035156,231.38999938964844,231.36000061035156,1357.0
202606251634,231.38999938964844,231.60989379882812,231.60989379882812,231.38999938964844,3410.0
202606251635,231.44000244140625,231.4499969482422,231.47000122070312,231.3300018310547,1558.0
202606251636,231.46749877929688,231.4499969482422,231.52000427246094,231.36000061035156,3787.0
202606251637,231.4600067138672,231.40350341796875,231.4600067138672,231.32000732421875,1617.0
202606251638,231.39999389648438,231.4949951171875,231.50369262695312,231.39999389648438,2016.0
202606251639,231.51499938964844,231.51499938964844,231.58999633789062,231.51499938964844,2174.0
202606251640,231.50999450683594,231.7949981689453,231.7949981689453,231.50999450683594,6349.0
202606251641,231.80499267578125,231.2899932861328,231.80499267578125,231.17999267578125,13755.0
202606251642,231.36000061035156,231.4499969482422,231.4499969482422,231.36000061035156,984.0
202606251643,231.5500030517578,231.44000244140625,231.5500030517578,231.44000244140625,871.0
202606251644,231.44000244140625,231.41140747070312,231.52999877929688,231.38999938964844,3596.0
202606251645,231.6199951171875,231.50999450683594,231.6199951171875,231.42999267578125,3099.0
202606251646,231.36000061035156,231.5500030517578,231.5500030517578,231.2899932861328,11315.0
202606251647,231.55499267578125,231.55999755859375,231.6300048828125,231.47999572753906,1853.0
202606251648,231.5800018310547,231.5749969482422,231.6300048828125,231.4499969482422,11193.0
202606251649,231.58999633789062,231.6649932861328,231.69500732421875,231.52000427246094,6814.0
202606251650,231.6699981689453,231.6750030517578,231.7183074951172,231.57000732421875,5648.0
202606251651,231.6750030517578,231.80999755859375,231.97999572753906,231.65750122070312,11571.0
202606251652,231.66000366210938,231.72000122070312,231.72000122070312,231.5800018310547,4855.0
202606251653,231.71499633789062,231.5399932861328,231.72000122070312,231.38999938964844,10975.0
202606251654,231.4949951171875,231.625,231.625,231.4949951171875,2816.0
202606251655,231.55999755859375,231.375,231.5749969482422,231.375,3920.0
202606251656,231.43499755859375,231.44000244140625,231.44000244140625,231.3300018310547,2302.0
202606251657,231.33999633789062,231.32000732421875,231.33999633789062,231.32000732421875,1752.0
202606251658,231.3699951171875,232.01499938964844,232.11000061035156,231.3699951171875,17727.0
202606251659,232.00999450683594,232.0399932861328,232.30999755859375,231.84959411621094,6381.0
202606251700,232.2899932861328,232.3699951171875,232.3699951171875,232.2899932861328,2368.0
202606251701,232.42999267578125,232.38999938964844,232.42999267578125,232.25,6025.0
202606251702,232.41000366210938,232.11000061035156,232.42999267578125,232.08999633789062,4466.0
202606251703,232.00999450683594,231.8800048828125,232.03500366210938,231.8800048828125,2888.0
202606251704,231.93499755859375,231.6699981689453,231.93499755859375,231.6699981689453,3707.0
202606251705,231.6999969482422,231.6999969482422,231.7899932861328,231.6649932861328,3105.0
202606251706,231.69500732421875,231.35000610351562,231.6999969482422,231.35000610351562,5090.0
202606251707,231.33999633789062,231.33999633789062,231.33999633789062,231.25,1827.0
202606251708,231.33999633789062,231.41000366210938,231.52999877929688,231.33999633789062,2659.0
202606251709,231.46600341796875,231.25,231.46600341796875,231.25,4398.0
202606251710,231.38999938964844,231.61000061035156,231.61000061035156,231.38999938964844,3243.0
202606251711,231.7198028564453,231.60000610351562,231.74339294433594,231.60000610351562,2845.0
202606251712,231.6824951171875,231.39999389648438,231.6824951171875,231.39999389648438,7248.0
202606251713,231.38999938964844,231.4600067138672,231.51499938964844,231.38999938964844,2511.0
202606251714,231.4600067138672,231.36000061035156,231.74000549316406,231.36000061035156,2707.0
202606251715,231.37010192871094,231.7899932861328,231.89500427246094,231.37010192871094,3364.0
202606251716,231.7899932861328,231.76499938964844,231.89999389648438,231.76499938964844,2368.0
202606251717,231.76499938964844,231.6699981689453,231.76499938964844,231.6699981689453,1570.0
202606251718,231.6300048828125,231.65499877929688,231.65499877929688,231.5399932861328,8831.0
202606251719,231.50999450683594,231.5,231.50999450683594,231.5,1267.0
202606251720,231.49000549316406,231.5399932861328,231.5399932861328,231.3000030517578,2599.0
202606251721,231.60000610351562,231.47000122070312,231.60000610351562,231.47000122070312,1534.0
202606251722,231.33999633789062,231.3699951171875,231.39999389648438,231.30999755859375,5697.0
202606251723,231.2899932861328,231.27999877929688,231.2899932861328,231.22000122070312,2461.0
202606251724,231.2624969482422,231.49000549316406,231.49000549316406,231.2624969482422,1925.0
202606251725,231.42999267578125,231.42999267578125,231.5399932861328,231.42999267578125,4244.0
202606251726,231.35000610351562,231.2100067138672,231.35000610351562,231.1699981689453,961.0
202606251727,231.22999572753906,231.11000061035156,231.26229858398438,231.10000610351562,5429.0
202606251728,231.23500061035156,231.06500244140625,231.23500061035156,231.06500244140625,2532.0
202606251729,231.00999450683594,231.11000061035156,231.11000061035156,231.00999450683594,1611.0
202606251730,231.0500030517578,230.91000366210938,231.13499450683594,230.91000366210938,4169.0
202606251731,230.9199981689453,231.60499572753906,231.69000244140625,230.9199981689453,31117.0
202606251732,231.66000366210938,231.80999755859375,231.80999755859375,231.5800018310547,9964.0
202606251733,231.6699981689453,231.8249969482422,231.85000610351562,231.6699981689453,3826.0
202606251734,231.9600067138672,231.9550018310547,231.97000122070312,231.81500244140625,3089.0
202606251735,231.94000244140625,231.9949951171875,232.0449981689453,231.9250030517578,2908.0
202606251736,232.0800018310547,232.10499572753906,232.1999969482422,232.0800018310547,6670.0
202606251737,232.02000427246094,231.92999267578125,232.03500366210938,231.92999267578125,2520.0
202606251738,231.9499969482422,231.9949951171875,231.9949951171875,231.9499969482422,1013.0
202606251739,232.0,232.0050048828125,232.0050048828125,232.0,1038.0
202606251740,232.0050048828125,231.89999389648438,232.0050048828125,231.80999755859375,7816.0
202606251741,231.85000610351562,231.90499877929688,231.94000244140625,231.83999633789062,2499.0
202606251742,231.92999267578125,231.8699951171875,231.92999267578125,231.83999633789062,5529.0
202606251743,231.7899932861328,231.60499572753906,231.82000732421875,231.60499572753906,8677.0
202606251744,231.59500122070312,231.52499389648438,231.7100067138672,231.52499389648438,5010.0
202606251745,231.5399932861328,231.51499938964844,231.55999755859375,231.5,4424.0
202606251746,231.52000427246094,231.51499938964844,231.6199951171875,231.51499938964844,3218.0
202606251747,231.44000244140625,231.27000427246094,231.44000244140625,231.2550048828125,4788.0
202606251748,231.19000244140625,231.33999633789062,231.33999633789062,231.17999267578125,6373.0
202606251749,231.2449951171875,231.2949981689453,231.33999633789062,231.2449951171875,2520.0
202606251750,231.25999450683594,231.2100067138672,231.27499389648438,231.05999755859375,9992.0
202606251751,231.3300018310547,231.3800048828125,231.5699005126953,231.3300018310547,6289.0
202606251752,231.38499450683594,231.38999938964844,231.44000244140625,231.32000732421875,2751.0
202606251753,231.4600067138672,231.5800018310547,231.61000061035156,231.4600067138672,3875.0
202606251754,231.61000061035156,231.6999969482422,231.6999969482422,231.5399932861328,7242.0
202606251755,231.6999969482422,231.6999969482422,231.6999969482422,231.64999389648438,3438.0
202606251756,231.65499877929688,231.625,231.74000549316406,231.50999450683594,5782.0
202606251757,231.72999572753906,231.33999633789062,231.77499389648438,231.33999633789062,16656.0
202606251758,231.42999267578125,231.41000366210938,231.42999267578125,231.35000610351562,2069.0
202606251759,231.4600067138672,231.3300018310547,231.56039428710938,231.3300018310547,5981.0
202606251801,231.3300018310547,231.52000427246094,231.52000427246094,231.3300018310547,1465.0
202606251802,231.27000427246094,230.83999633789062,231.36000061035156,230.83999633789062,22441.0
202606251803,230.8699951171875,230.61000061035156,230.8699951171875,230.61000061035156,4992.0
202606251804,230.67999267578125,230.65499877929688,230.67999267578125,230.3101043701172,3203.0
202606251805,230.6750030517578,230.67999267578125,230.75999450683594,230.52000427246094,6762.0
202606251806,230.67999267578125,230.69500732421875,230.85000610351562,230.58999633789062,4014.0
202606251807,230.7449951171875,230.8300018310547,230.8300018310547,230.6199951171875,3235.0
202606251808,230.72999572753906,230.78500366210938,230.78500366210938,230.69000244140625,2675.0
202606251809,230.67999267578125,230.34649658203125,230.67999267578125,230.34649658203125,17732.0
202606251810,230.47500610351562,230.3000030517578,230.4949951171875,230.3000030517578,2555.0
202606251811,230.3699951171875,230.30999755859375,230.3800048828125,230.25990295410156,3553.0
202606251812,230.47999572753906,230.39999389648438,230.52000427246094,230.39500427246094,4242.0
202606251813,230.39999389648438,230.25,230.39999389648438,230.2449951171875,3372.0
202606251814,230.27499389648438,230.52000427246094,230.52000427246094,230.27499389648438,2786.0
202606251815,230.52000427246094,230.4550018310547,230.52000427246094,230.44369506835938,2397.0
202606251816,230.52000427246094,230.60000610351562,230.61000061035156,230.4550018310547,6636.0
202606251817,230.58999633789062,230.69000244140625,230.69000244140625,230.55999755859375,1784.0
202606251818,230.61500549316406,230.8000030517578,230.8000030517578,230.61500549316406,5235.0
202606251819,230.75,231.0399932861328,231.0399932861328,230.75,5906.0
202606251820,230.74000549316406,230.7899932861328,230.7899932861328,230.72999572753906,1351.0
202606251821,230.6999969482422,230.64500427246094,230.72999572753906,230.6300048828125,5782.0
202606251822,230.63999938964844,230.63499450683594,230.74000549316406,230.51010131835938,3101.0
202606251823,230.50999450683594,230.625,230.625,230.50999450683594,3968.0
202606251824,230.64500427246094,230.6300048828125,230.7100067138672,230.5399932861328,4467.0
202606251825,230.58999633789062,230.72999572753906,230.7449951171875,230.5800018310547,4766.0
202606251826,230.7550048828125,230.86000061035156,230.8699951171875,230.7550048828125,5326.0
202606251827,230.77000427246094,231.01499938964844,231.01499938964844,230.77000427246094,3316.0
202606251828,231.08999633789062,231.11000061035156,231.13999938964844,231.01499938964844,4417.0
202606251829,231.0518035888672,231.2100067138672,231.2100067138672,231.0518035888672,4006.0
202606251830,231.11000061035156,230.9250030517578,231.14500427246094,230.9199981689453,4165.0
202606251831,230.8800048828125,230.93499755859375,230.9600067138672,230.85000610351562,4479.0
202606251832,230.98500061035156,231.0,231.02000427246094,230.86000061035156,5586.0
202606251833,231.0,230.92999267578125,231.0,230.8699951171875,6355.0
202606251834,230.9600067138672,230.88999938964844,231.0800018310547,230.85000610351562,2822.0
202606251835,230.9250030517578,230.9499969482422,230.9499969482422,230.82000732421875,5690.0
202606251836,230.99000549316406,231.11500549316406,231.24000549316406,230.99000549316406,4265.0
202606251837,231.0800018310547,231.05999755859375,231.1199951171875,230.9499969482422,11461.0
202606251838,231.11000061035156,231.14999389648438,231.19500732421875,231.05999755859375,10444.0
202606251839,231.0399932861328,231.23440551757812,231.30999755859375,231.0399932861328,7887.0
202606251840,231.16000366210938,231.2050018310547,231.25,231.14999389648438,3099.0
202606251841,231.17999267578125,231.10000610351562,231.17999267578125,230.99000549316406,4221.0
202606251842,231.00999450683594,230.73500061035156,231.02000427246094,230.72999572753906,31867.0
202606251843,230.61000061035156,230.57000732421875,230.7100067138672,230.57000732421875,4212.0
202606251844,230.72500610351562,230.5749969482422,230.75619506835938,230.57000732421875,3370.0
202606251845,230.50999450683594,230.7899932861328,230.8000030517578,230.4600067138672,14203.0
202606251846,230.77000427246094,230.75,230.80999755859375,230.6475067138672,3414.0
202606251847,230.6300048828125,230.5850067138672,230.67999267578125,230.49000549316406,4506.0
202606251848,230.5850067138672,230.4600067138672,230.6699981689453,230.4199981689453,7227.0
202606251849,230.46499633789062,230.5800018310547,230.5800018310547,230.46499633789062,4548.0
202606251850,230.57000732421875,230.6300048828125,230.6300048828125,230.5500030517578,5752.0
202606251851,230.5800018310547,230.72999572753906,230.82000732421875,230.5800018310547,17347.0
202606251852,230.7449951171875,231.00999450683594,231.02999877929688,230.73880004882812,7155.0
202606251853,231.0449981689453,230.9199981689453,231.0449981689453,230.9199981689453,4284.0
202606251854,230.99000549316406,230.82000732421875,231.02769470214844,230.82000732421875,5556.0
202606251855,230.94000244140625,230.9550018310547,231.05999755859375,230.8300018310547,3362.0
202606251856,230.95249938964844,230.91000366210938,230.9550018310547,230.8000030517578,6490.0
202606251857,230.8489990234375,230.89999389648438,231.00999450683594,230.77999877929688,5233.0
202606251858,230.8800048828125,230.8300018310547,230.97000122070312,230.74000549316406,5904.0
202606251859,230.8000030517578,230.9600067138672,230.9600067138672,230.72999572753906,4696.0
202606251900,230.97000122070312,230.8800048828125,231.00999450683594,230.80999755859375,5262.0
202606251901,230.83999633789062,230.80999755859375,230.9499053955078,230.77000427246094,4456.0
202606251902,230.77000427246094,230.85000610351562,230.89999389648438,230.75210571289062,4972.0
202606251903,230.7899932861328,230.75,230.8300018310547,230.67999267578125,9097.0
202606251904,230.75999450683594,230.85000610351562,230.8800048828125,230.73500061035156,24641.0
202606251905,230.77499389648438,230.91000366210938,230.9499969482422,230.77499389648438,5312.0
202606251906,230.88499450683594,230.82000732421875,230.94000244140625,230.7451934814453,4860.0
202606251907,230.8300018310547,230.88999938964844,230.88999938964844,230.8300018310547,2069.0
202606251908,230.93370056152344,230.9199981689453,230.9600067138672,230.88999938964844,4159.0
202606251909,230.94000244140625,231.11500549316406,231.1999969482422,230.85000610351562,9718.0
202606251910,231.00999450683594,231.125,231.19000244140625,231.00999450683594,3156.0
202606251911,231.125,231.17999267578125,231.22999572753906,231.125,5641.0
202606251912,231.13999938964844,231.2100067138672,231.2100067138672,231.0,7417.0
202606251913,231.13499450683594,231.07000732421875,231.25,231.07000732421875,7619.0
202606251914,231.14999389648438,231.2100067138672,231.23500061035156,231.05999755859375,5121.0
202606251915,231.125,231.1699981689453,231.1999969482422,231.05999755859375,5569.0
202606251916,231.14500427246094,231.14999389648438,231.22000122070312,231.10000610351562,4210.0
202606251917,231.11500549316406,231.19000244140625,231.1999969482422,231.0800018310547,6014.0
202606251918,231.1199951171875,231.1699981689453,231.24000549316406,231.08999633789062,8248.0
202606251919,231.18499755859375,231.2050018310547,231.22999572753906,231.1300048828125,6607.0
202606251920,231.2100067138672,231.1376953125,231.21470642089844,231.02000427246094,7741.0
202606251921,231.14999389648438,231.1699981689453,231.21499633789062,231.14999389648438,3873.0
202606251922,231.18499755859375,231.1999969482422,231.1999969482422,231.11000061035156,4548.0
202606251923,231.1999969482422,231.21499633789062,231.21499633789062,231.16000366210938,8328.0
202606251924,231.22000122070312,231.3000946044922,231.4199981689453,231.22000122070312,9645.0
202606251925,231.3300018310547,231.30999755859375,231.3300018310547,231.2550048828125,5576.0
202606251926,231.33999633789062,231.36500549316406,231.41000366210938,231.3000030517578,10056.0
202606251927,231.39999389648438,231.4250030517578,231.4250030517578,231.35009765625,5447.0
202606251928,231.4149932861328,231.47000122070312,231.47000122070312,231.36000061035156,10204.0
202606251929,231.48500061035156,231.44500732421875,231.49000549316406,231.41000366210938,6719.0
202606251930,231.4600067138672,231.3800048828125,231.47999572753906,231.360107421875,10800.0
202606251931,231.36000061035156,231.3800048828125,231.42999267578125,231.34500122070312,6549.0
202606251932,231.39999389648438,231.4499969482422,231.60000610351562,231.39999389648438,7108.0
202606251933,231.44000244140625,231.47000122070312,231.49000549316406,231.4199981689453,3840.0
202606251934,231.5,231.30499267578125,231.5,231.2899932861328,10019.0
202606251935,231.35000610351562,231.32000732421875,231.42999267578125,231.22999572753906,8446.0
202606251936,231.39999389648438,231.5,231.5,231.28070068359375,5712.0
202606251937,231.5,231.4600067138672,231.52499389648438,231.4550018310547,14628.0
202606251938,231.53500366210938,231.47000122070312,231.58990478515625,231.4600067138672,6290.0
202606251939,231.55999755859375,231.4499969482422,231.58999633789062,231.4499969482422,13530.0
202606251940,231.5399932861328,231.50999450683594,231.5800018310547,231.47999572753906,7806.0
202606251941,231.49000549316406,231.27999877929688,231.49000549316406,231.24000549316406,20049.0
202606251942,231.24000549316406,231.27000427246094,231.32000732421875,231.0,17477.0
202606251943,231.3000030517578,231.23500061035156,231.35000610351562,231.14999389648438,10040.0
202606251944,231.24000549316406,231.17999267578125,231.2949981689453,231.05999755859375,10850.0
202606251945,231.15750122070312,231.1300048828125,231.2100067138672,231.07000732421875,6203.0
202606251946,231.05999755859375,231.24000549316406,231.30999755859375,231.05999755859375,10524.0
202606251947,231.32000732421875,231.24000549316406,231.32000732421875,231.17999267578125,6563.0
202606251948,231.19500732421875,231.24000549316406,231.2949981689453,231.13999938964844,12227.0
202606251949,231.22999572753906,231.3300018310547,231.33999633789062,231.22000122070312,5703.0
202606251950,231.25,231.16000366210938,231.30999755859375,231.11000061035156,7816.0
202606251951,231.16250610351562,231.35000610351562,231.35000610351562,231.110107421875,13991.0
202606251952,231.27499389648438,231.36000061035156,231.36000061035156,231.2100067138672,15041.0
202606251953,231.3699951171875,231.63999938964844,231.66000366210938,231.36000061035156,28992.0
202606251954,231.52000427246094,231.6199951171875,231.80999755859375,231.52000427246094,40548.0
202606251955,231.72000122070312,231.33999633789062,231.97000122070312,231.27000427246094,26896.0
202606251956,231.33999633789062,231.41000366210938,231.44000244140625,231.1199951171875,26650.0
202606251957,231.44000244140625,231.2100067138672,231.5749969482422,231.19000244140625,36468.0
202606251958,231.2100067138672,231.2050018310547,231.3000030517578,231.1699981689453,57959.0
202606251959,231.22000122070312,231.33999633789062,231.38499450683594,231.2100067138672,123720.0
202606252000,231.47,231.24,231.94,231.24,0.0
202606252001,234.0,233.26,234.0,232.88,0.0
202606252004,231.24,231.24,233.25,231.24,0.0
202606252005,233.25,231.24,233.25,231.24,0.0
202606252010,231.24,232.0,232.0,231.24,0.0
202606252014,232.09,232.0,232.09,232.0,0.0
202606252027,231.24,231.595,231.595,231.24,0.0
202606252040,232.3,232.97,232.97,232.3,0.0
202606252043,232.9,231.51,232.9,231.51,0.0
202606252107,232.59,232.75,232.75,232.59,0.0
202606252129,232.2,232.18,232.2,232.18,0.0
202606252200,232.4,232.43,232.43,232.4,0.0
202606252225,232.16,232.02,232.16,232.02,0.0
