datetime,open,close,high,low,volume
20240625,175.35,172.72,175.76,171.42,27797.0
20240626,173.22,171.83,173.22,170.41,18816.0
20240627,171.5,170.89,172.5,170.48,20127.0
20240628,171.04,172.95,173.46,170.53,28014.0
20240701,172.55,175.05,176.7,172.5,21317.0
20240702,174.46,177.4,177.51,174.32,17895.0
20240703,178.0,175.5,178.0,175.17,12163.0
20240705,175.8,175.6,176.09,173.95,14250.0
20240708,175.61,178.3,178.59,175.61,16008.0
20240709,177.71,176.52,178.16,175.58,17221.0
20240710,176.66,177.84,178.22,174.45,23956.0
20240711,178.28,178.1,179.44,176.62,18137.0
20240712,178.33,182.83,184.16,178.23,33092.0
20240715,182.9,182.71,184.9,182.37,19628.0
20240716,183.09,185.6,186.6,183.09,24092.0
20240717,185.19,187.47,187.94,184.39,28594.0
20240718,186.54,185.45,189.47,185.07,24348.0
20240719,185.0,183.01,187.0,181.95,24192.0
20240722,183.59,184.14,184.97,182.86,15221.0
20240723,184.46,183.99,185.38,183.01,14460.0
20240724,183.33,189.45,194.56,182.07,51410.0
20240725,189.38,192.3,196.26,183.88,68186.0
20240726,193.0,191.8,193.57,189.62,29662.0
20240729,193.0,191.0,194.69,189.18,22509.0
20240730,190.9,190.75,192.77,189.0,20451.0
20240731,191.98,192.5,194.55,189.99,36560.0
20240801,191.56,189.66,193.64,188.29,28249.0
20240802,188.0,188.74,189.57,185.7,31434.0
20240805,183.21,184.7,185.72,181.79,35520.0
20240806,184.29,186.79,188.9,183.47,24511.0
20240807,188.4,186.0,189.87,185.98,25725.0
20240808,186.5,192.84,192.88,186.0,25875.0
20240809,190.46,191.7,192.63,189.04,18178.0
20240812,191.5,189.48,191.7,189.0,14801.0
20240813,189.43,191.5,191.53,189.21,14129.0
20240814,191.41,192.02,193.09,190.73,13662.0
20240815,192.3,194.24,194.34,192.3,15948.0
20240816,194.5,193.7,194.5,192.86,15297.0
20240819,194.02,194.4,195.53,193.71,16946.0
20240820,194.3,195.98,196.21,193.75,12299.0
20240821,196.25,197.21,197.33,194.11,17562.0
20240822,197.4,195.96,197.92,195.57,11792.0
20240823,196.25,196.1,197.38,194.39,12877.0
20240826,195.66,197.98,198.35,194.47,18139.0
20240827,197.78,198.6,199.4,196.97,19323.0
20240828,198.19,198.01,200.0,197.49,16861.0
20240829,198.6,199.1,201.12,198.27,21041.0
20240830,199.4,202.15,202.17,198.73,36813.0
20240903,202.68,201.02,204.72,200.21,26421.0
20240904,200.59,204.0,204.47,200.5,20021.0
20240905,203.98,202.79,205.95,200.96,21937.0
20240906,201.21,200.0,204.1,199.33,24376.0
20240909,201.2,203.59,205.05,200.64,25777.0
20240910,203.5,205.31,205.83,202.87,21583.0
20240911,205.38,209.88,210.39,203.04,41208.0
20240912,209.7,211.79,212.65,208.26,33210.0
20240913,212.39,214.79,216.09,211.98,33096.0
20240916,214.34,217.15,217.9,214.0,27921.0
20240917,217.5,214.13,218.84,213.0,31098.0
20240918,214.5,215.29,216.86,213.59,24228.0
20240919,216.15,213.5,218.48,210.37,37361.0
20240920,213.99,217.7,217.85,213.6,64415.0
20240923,217.18,220.4,220.69,217.14,27978.0
20240924,220.95,220.97,221.19,218.16,22595.0
20240925,221.0,221.46,221.85,220.16,15883.0
20240926,221.89,223.77,224.0,221.35,17699.0
20240927,223.23,220.25,224.15,220.0,26406.0
20240930,220.84,221.08,221.43,219.02,23730.0
20241001,220.29,218.65,221.1,216.02,23252.0
20241002,218.96,220.09,220.2,215.79,22573.0
20241003,218.88,222.51,222.83,218.0,26615.0
20241004,222.4,225.99,226.08,221.9,23282.0
20241007,225.0,227.12,227.67,225.0,22778.0
20241008,227.13,228.62,229.35,226.5,21296.0
20241009,228.25,234.7,234.99,228.15,35578.0
20241010,234.05,233.05,235.83,231.81,21658.0
20241011,233.02,232.7,233.49,230.0,23788.0
20241014,233.5,235.58,236.12,233.0,17012.0
20241015,235.9,232.96,237.37,232.59,22232.0
20241016,232.89,233.44,233.98,231.12,18098.0
20241017,233.25,233.05,233.25,230.65,21518.0
20241018,233.11,232.4,233.11,230.17,32939.0
20241021,231.5,232.7,234.0,230.26,18140.0
20241022,231.5,232.25,232.97,230.67,19241.0
20241023,232.0,226.95,233.86,214.0,39812.0
20241024,225.3,218.33,225.7,216.16,76681.0
20241025,218.65,214.55,218.8,214.38,58268.0
20241028,215.72,212.69,216.25,212.0,36292.0
20241029,212.5,210.45,213.34,209.85,38123.0
20241030,210.04,204.55,211.12,204.26,48706.0
20241031,204.26,206.7,208.13,203.51,41204.0
20241101,207.74,208.1,209.84,207.3,21842.0
20241104,208.01,206.35,208.1,205.8,18035.0
20241105,206.0,209.96,210.0,205.57,17349.0
20241106,211.56,213.89,214.33,210.37,26113.0
20241107,214.46,213.71,214.52,211.93,25725.0
20241108,214.16,213.6,216.7,212.78,22339.0
20241111,213.75,213.9,215.41,213.35,22754.0
20241112,211.3,211.0,213.03,209.06,19588.0
20241113,210.41,210.98,211.61,209.07,20251.0
20241114,211.14,208.9,211.44,206.35,32676.0
20241115,207.91,205.49,208.49,204.07,26956.0
20241118,204.9,208.3,208.5,204.55,24201.0
20241119,206.82,210.3,210.5,206.0,17314.0
20241120,210.92,214.6,214.96,209.77,31129.0
20241121,214.8,221.83,222.63,214.6,36507.0
20241122,222.5,223.1,227.2,220.89,35412.0
20241125,223.29,225.5,227.0,222.19,45010.0
20241126,225.92,228.83,229.0,225.49,27888.0
20241127,229.43,227.0,229.58,224.27,21830.0
20241129,227.5,227.4,230.36,227.0,17281.0
20241202,227.5,227.45,228.38,225.51,18683.0
20241203,227.22,228.75,229.2,226.37,21240.0
20241204,228.75,233.43,233.74,228.75,27795.0
20241205,233.49,234.75,236.52,233.46,36246.0
20241206,234.61,237.5,238.38,234.22,28172.0
20241209,238.59,230.0,239.35,228.91,34466.0
20241210,228.93,232.2,234.39,227.5,32904.0
20241211,232.4,229.51,233.19,229.13,26054.0
20241212,230.5,232.65,233.89,229.94,30284.0
20241213,232.76,230.82,233.78,230.26,19532.0
20241216,231.71,229.3,231.71,226.88,24089.0
20241217,229.01,228.97,230.2,227.62,23369.0
20241218,229.83,220.8,230.5,218.56,25434.0
20241219,220.71,224.3,226.2,220.71,25756.0
20241220,222.6,224.95,227.69,221.66,82330.0
20241223,224.5,221.62,224.5,221.08,18365.0
20241224,222.2,224.6,224.6,221.54,7939.0
20241226,224.2,224.69,225.4,222.55,18576.0
20241227,224.51,222.6,224.55,221.4,12041.0
20241230,223.01,220.0,223.01,217.65,13132.0
20241231,221.98,219.53,221.98,218.44,14703.0
20250102,221.23,218.61,222.98,217.6,15691.0
20250103,220.47,222.97,223.66,219.8,15667.0
20250106,223.01,222.84,224.48,220.75,18830.0
20250107,222.77,223.96,226.72,222.74,23123.0
20250108,224.0,223.18,224.9,220.83,17162.0
20250110,223.18,219.04,224.2,216.8,21854.0
20250113,217.96,217.63,219.59,214.75,24639.0
20250114,217.84,217.77,218.3,214.61,21941.0
20250115,218.79,220.03,221.68,218.01,16881.0
20250116,220.7,222.0,222.68,217.38,23023.0
20250117,223.59,224.99,227.24,223.44,33294.0
20250121,224.75,224.0,227.45,222.83,26344.0
20250122,224.6,223.23,224.6,220.35,25155.0
20250123,223.1,225.88,226.04,223.1,21647.0
20250124,226.27,224.79,226.82,223.8,17684.0
20250127,221.73,224.1,224.5,217.01,33431.0
20250128,223.73,225.48,225.77,221.77,26107.0
20250129,225.93,248.85,258.7,223.73,48095.0
20250130,247.47,257.8,261.8,245.4,108001.0
20250131,258.95,255.2,258.95,251.89,48912.0
20250203,251.19,262.0,262.06,250.0,55679.0
20250204,260.54,263.76,265.46,258.12,35114.0
20250205,263.43,264.0,265.72,261.18,44390.0
20250206,263.95,253.75,263.98,252.73,37022.0
20250207,254.58,252.1,256.93,252.0,21250.0
20250210,251.71,249.0,252.2,246.87,23538.0
20250211,248.24,254.85,256.75,248.24,31846.0
20250212,255.84,255.82,257.5,251.5,21164.0
20250213,255.48,259.39,259.42,254.41,26153.0
20250214,258.77,261.0,261.94,257.49,25184.0
20250218,260.2,263.22,264.43,259.83,25403.0
20250219,263.01,264.08,264.36,260.09,22173.0
20250220,262.93,264.79,265.25,262.15,27854.0
20250221,264.45,261.22,265.06,261.1,35085.0
20250224,263.44,262.5,263.85,259.58,23831.0
20250225,261.9,259.1,263.48,256.77,32780.0
20250226,257.72,257.75,259.58,252.17,23041.0
20250227,256.6,252.98,257.63,251.0,23040.0
20250228,253.5,252.5,254.01,246.54,56803.0
20250303,252.7,250.36,255.99,248.24,18980.0
20250304,249.76,254.2,256.0,248.0,33223.0
20250305,253.01,251.0,253.29,247.01,25591.0
20250306,249.12,249.0,252.1,246.8,20961.0
20250307,248.31,261.25,262.39,245.18,47322.0
20250310,257.9,256.04,266.45,254.74,55076.0
20250311,258.34,249.01,258.67,245.86,37336.0
20250312,249.27,250.0,253.2,245.53,26473.0
20250313,249.0,245.8,249.27,243.04,24758.0
20250314,247.1,248.0,248.95,241.68,27881.0
20250317,247.59,252.7,254.63,247.4,20728.0
20250318,253.82,246.5,254.0,245.12,27526.0
20250319,247.25,252.8,253.66,246.64,26229.0
20250320,250.01,243.31,251.6,237.22,48227.0
20250321,242.7,243.87,245.21,238.5,70735.0
20250324,245.84,248.42,248.82,245.49,30719.0
20250325,248.8,250.0,250.9,247.88,22761.0
20250326,249.78,249.5,254.32,248.65,30586.0
20250327,250.62,246.21,251.0,245.72,19790.0
20250328,245.36,242.64,247.57,242.0,21425.0
20250331,241.69,248.25,250.89,239.21,46426.0
20250401,248.63,250.34,251.02,243.49,24480.0
20250402,249.69,247.0,252.79,244.99,25950.0
20250403,245.86,243.03,250.61,242.25,33319.0
20250404,242.0,227.0,242.17,226.66,48827.0
20250407,211.98,230.0,232.29,209.08,49990.0
20250408,229.72,218.76,234.31,217.28,38607.0
20250409,221.26,235.1,236.44,215.16,49945.0
20250410,231.99,229.75,234.1,222.02,36155.0
20250411,227.59,235.5,237.58,227.51,26718.0
20250414,238.34,238.95,241.77,236.73,19379.0
20250415,238.33,239.5,241.53,238.27,20245.0
20250416,240.0,239.0,243.3,235.89,32534.0
20250417,239.89,239.7,241.78,237.4,30435.0
20250421,237.41,236.8,240.81,232.93,32229.0
20250422,237.31,243.75,244.49,237.3,26962.0
20250423,244.38,228.4,260.48,228.12,52238.0
20250424,228.0,229.35,232.78,224.44,109507.0
20250425,229.1,232.5,233.36,226.32,44994.0
20250428,232.14,235.9,236.63,231.75,23113.0
20250429,237.0,238.0,239.98,235.25,22667.0
20250430,238.15,241.82,242.99,234.34,33066.0
20250501,243.5,239.03,244.0,237.94,25982.0
20250502,240.51,245.25,245.69,240.5,24721.0
20250505,243.94,249.18,249.8,243.1,22635.0
20250506,247.32,250.9,251.01,246.11,17392.0
20250507,250.44,253.26,254.47,248.3,20915.0
20250508,255.09,254.3,256.52,253.25,23280.0
20250509,253.0,248.85,253.5,247.64,18340.0
20250512,254.26,253.3,258.82,244.65,23738.0
20250513,253.39,258.5,259.58,252.88,20607.0
20250514,258.62,257.31,260.55,256.22,20834.0
20250515,256.59,266.68,267.43,256.54,32784.0
20250516,267.69,264.69,268.12,264.0,24036.0
20250519,264.7,267.72,269.14,264.43,18079.0
20250520,267.1,266.49,269.28,265.35,15537.0
20250521,265.3,260.8,266.1,260.41,21150.0
20250522,260.58,258.42,261.35,257.91,21088.0
20250523,258.43,258.9,259.87,253.78,16130.0
20250527,261.02,263.3,264.0,259.63,18692.0
20250528,263.22,263.23,265.0,259.5,14367.0
20250529,262.07,258.31,262.3,256.77,14831.0
20250530,258.0,259.0,260.12,257.1,72107.0
20250602,258.07,263.9,264.1,257.22,17356.0
20250603,262.84,265.2,265.56,262.4,14746.0
20250604,265.49,265.25,267.0,264.79,14496.0
20250605,265.28,266.86,267.51,265.1,17652.0
20250606,267.7,269.0,270.17,266.5,14304.0
20250609,268.06,272.08,273.47,266.71,28834.0
20250610,273.04,276.64,277.47,272.56,32570.0
20250611,276.07,281.48,281.9,275.11,27526.0
20250612,281.2,280.35,283.06,279.83,19729.0
20250613,277.16,277.0,279.84,275.0,20990.0
20250616,278.8,280.53,284.5,278.0,20723.0
20250617,280.45,282.9,284.79,280.03,17659.0
20250618,283.49,283.25,286.91,282.94,22319.0
20250620,283.5,281.4,284.14,277.2,53219.0
20250623,281.52,290.33,291.0,280.1,24044.0
20250624,291.94,293.8,294.4,288.41,21698.0
20250625,294.02,290.92,296.16,289.5,25412.0
20250626,292.38,292.09,293.0,290.16,17491.0
20250627,292.79,289.65,293.12,288.52,24386.0
20250630,291.4,294.7,294.81,290.0,22372.0
20250701,294.6,291.95,295.19,290.0,18981.0
20250702,291.7,287.56,291.85,286.9,20338.0
20250703,287.67,291.52,292.32,287.0,11573.0
20250707,291.3,292.3,295.22,290.0,28937.0
20250708,292.84,290.5,295.61,289.49,18448.0
20250709,291.46,289.03,291.6,288.63,19777.0
20250710,289.71,288.84,290.0,282.21,20740.0
20250711,286.34,283.45,287.43,282.92,25205.0
20250714,281.26,283.79,284.93,280.98,18210.0
20250715,283.78,281.8,284.5,280.73,18052.0
20250716,282.2,281.02,283.87,279.87,17558.0
20250717,281.7,282.52,283.46,280.9,21590.0
20250718,282.5,286.38,287.16,282.04,31761.0
20250721,286.47,285.21,287.73,284.38,18913.0
20250722,285.12,282.65,285.5,281.25,32655.0
20250723,282.99,267.46,288.84,264.75,53549.0
20250724,268.18,260.98,268.18,252.75,163589.0
20250725,261.0,259.54,261.48,256.35,51021.0
20250728,259.8,263.0,264.0,259.35,33388.0
20250729,263.6,262.76,265.8,261.02,30158.0
20250730,262.35,259.67,262.98,258.68,23562.0
20250731,260.02,252.55,260.95,252.22,41538.0
20250801,251.7,249.6,252.5,245.61,69609.0
20250804,250.0,252.44,252.48,248.11,37072.0
20250805,252.26,250.7,252.8,248.99,35686.0
20250806,251.7,252.77,254.32,249.28,25357.0
20250807,253.52,250.4,255.0,248.87,44652.0
20250808,249.8,242.6,249.88,241.65,46599.0
20250811,243.0,236.29,243.21,234.7,63356.0
20250812,236.77,234.75,237.96,233.36,58423.0
20250813,235.2,240.73,240.85,235.2,36485.0
20250814,240.7,237.6,240.8,235.62,25940.0
20250815,238.45,240.17,240.62,236.77,27231.0
20250818,239.34,239.43,241.42,239.11,25248.0
20250819,239.32,240.65,242.83,239.3,21868.0
20250820,240.71,242.68,242.88,240.34,21041.0
20250821,242.2,239.63,242.5,238.65,19791.0
20250822,239.47,242.38,243.68,239.3,21163.0
20250825,242.48,239.94,242.57,239.43,22124.0
20250826,240.36,242.66,244.98,240.36,36498.0
20250827,242.8,244.8,245.96,241.84,23074.0
20250828,245.99,245.97,247.0,243.36,16955.0
20250829,245.5,243.25,245.92,241.72,18842.0
20250902,242.62,241.36,243.84,238.25,21358.0
20250903,241.53,244.02,244.34,239.41,19796.0
20250904,244.94,247.85,249.28,242.85,30428.0
20250905,247.99,248.26,249.03,245.45,19497.0
20250908,248.99,256.5,257.15,247.02,45027.0
20250909,254.41,259.37,260.66,254.41,30387.0
20250910,259.11,256.9,260.95,254.56,32130.0
20250911,257.9,256.75,258.55,255.65,21300.0
20250912,255.6,253.46,257.25,252.42,21767.0
20250915,254.43,256.01,259.05,252.35,26827.0
20250916,256.09,257.07,258.0,254.41,16615.0
20250917,256.72,259.99,260.97,256.5,25220.0
20250918,260.36,265.25,265.25,256.8,33073.0
20250919,265.07,266.7,267.87,263.64,67195.0
20250922,265.59,271.75,272.31,264.41,31157.0
20250923,271.37,272.4,273.3,269.26,24679.0
20250924,272.15,267.44,273.65,267.3,19473.0
20250925,269.83,281.5,284.23,268.24,76168.0
20250926,280.56,284.81,288.85,280.0,57566.0
20250929,285.41,279.64,286.0,279.5,30528.0
20250930,278.73,282.14,286.03,277.66,35853.0
20251001,280.69,286.27,286.7,280.02,29826.0
20251002,286.5,286.9,288.54,282.79,25992.0
20251003,287.0,288.38,293.32,287.0,27495.0
20251006,288.82,289.52,291.45,287.8,17464.0
20251007,289.0,294.4,315.0,289.0,44642.0
20251008,294.8,289.71,295.34,286.47,32068.0
20251009,291.28,288.22,292.6,283.32,26799.0
20251010,288.42,277.44,290.39,275.01,27764.0
20251013,281.45,277.05,282.44,274.64,24486.0
20251014,275.12,276.15,277.53,272.54,19386.0
20251015,277.5,281.0,285.45,277.0,20197.0
20251016,281.75,275.52,282.56,275.25,18632.0
20251017,272.13,281.25,283.4,271.0,34753.0
20251020,281.26,284.21,285.5,280.96,21685.0
20251021,284.2,282.69,285.31,281.5,26542.0
20251022,282.5,268.97,298.96,268.08,69972.0
20251023,268.97,284.99,285.58,261.87,118035.0
20251024,283.76,307.5,310.75,282.21,119934.0
20251027,310.18,313.37,313.5,302.88,52978.0
20251028,312.25,312.0,319.35,310.5,38998.0
20251029,312.5,308.0,314.33,307.4,26445.0
20251030,307.18,309.49,313.75,305.0,30624.0
20251031,309.75,307.6,313.5,301.63,48115.0
20251103,307.75,304.16,312.15,304.02,31885.0
20251104,303.3,298.5,303.3,296.0,35603.0
20251105,300.12,307.0,308.0,299.04,26163.0
20251106,306.71,313.01,315.44,301.09,39136.0
20251107,311.2,307.9,314.03,302.63,39193.0
20251110,308.1,309.45,309.94,304.23,21076.0
20251111,308.73,314.39,317.91,307.52,30972.0
20251112,315.13,315.1,324.9,313.72,44524.0
20251113,315.5,304.86,319.5,303.68,41823.0
20251114,303.26,306.79,307.72,297.59,24398.0
20251117,307.21,297.0,307.22,296.51,29364.0
20251118,296.84,289.6,298.05,289.01,36136.0
20251119,290.97,291.65,293.0,287.99,23330.0
20251120,292.68,290.55,300.71,289.0,42008.0
20251121,291.52,298.0,300.48,289.97,40957.0
20251124,299.76,305.76,307.18,297.51,37488.0
20251125,304.0,304.5,306.0,297.06,19075.0
20251126,305.3,303.23,306.6,301.64,16211.0
20251128,303.7,308.63,309.18,303.01,12500.0
20251201,307.33,306.49,308.58,302.8,22248.0
20251202,306.36,301.78,310.47,301.51,32804.0
20251203,304.2,302.68,304.2,298.9,25116.0
20251204,302.62,307.61,309.61,301.57,19986.0
20251205,308.49,307.5,311.83,306.79,16583.0
20251208,307.36,309.18,315.35,301.02,26807.0
20251209,309.4,310.68,313.97,308.65,20545.0
20251210,310.47,312.5,314.69,306.65,24851.0
20251211,311.18,311.22,313.44,308.4,17417.0
20251212,310.92,309.05,311.5,303.33,20683.0
20251215,308.5,308.35,311.37,306.35,22929.0
20251216,306.81,303.0,308.51,300.42,23108.0
20251217,303.15,303.45,306.25,302.42,19055.0
20251218,303.95,300.5,305.1,295.7,28880.0
20251219,300.75,301.68,306.86,299.1,60580.0
20251222,300.82,303.0,303.57,298.32,19532.0
20251223,302.74,303.6,305.13,300.65,22544.0
20251224,303.08,304.0,305.15,302.3,8127.0
20251226,303.93,305.0,305.75,303.66,9988.0
20251229,304.32,306.15,310.0,303.7,24762.0
20251230,305.62,301.7,306.24,301.7,13292.0
20251231,302.0,296.0,302.78,295.87,24418.0
20260102,297.95,291.35,298.3,289.0,32347.0
20260105,295.15,295.0,299.19,294.22,30028.0
20260106,294.5,302.38,303.04,294.15,30625.0
20260107,301.5,297.19,304.31,296.34,20211.0
20260108,295.16,302.5,303.75,295.0,23784.0
20260109,302.48,304.0,307.0,301.0,20013.0
20260112,302.0,312.07,312.49,299.96,27767.0
20260113,312.05,303.41,312.81,301.87,28818.0
20260114,302.5,309.18,309.91,301.0,28403.0
20260115,309.67,299.0,311.88,297.04,36068.0
20260116,298.99,305.65,307.45,298.82,32586.0
20260120,301.2,291.9,303.83,290.16,53412.0
20260121,292.22,297.99,297.99,291.11,39971.0
20260122,298.91,294.67,300.93,293.53,28956.0
20260123,294.5,292.0,295.5,289.79,25484.0
20260126,292.1,296.7,296.82,291.2,29303.0
20260127,297.0,294.8,298.03,293.27,21498.0
20260128,294.29,316.65,324.2,291.26,43381.0
20260129,318.52,309.07,323.88,303.47,75220.0
20260130,307.6,306.39,308.72,299.73,34939.0
20260202,304.04,315.39,316.64,302.56,34402.0
20260203,313.98,294.6,315.75,283.85,88144.0
20260204,293.76,289.39,294.97,278.96,67523.0
20260205,288.5,287.01,291.81,285.1,39524.0
20260206,288.37,298.85,299.89,288.37,27211.0
20260209,298.48,296.36,299.7,291.42,33673.0
20260210,295.3,291.76,297.61,290.33,27890.0
20260211,291.8,273.8,293.5,272.36,60329.0
20260212,274.63,259.0,275.0,257.22,101296.0
20260213,259.0,262.2,264.66,256.64,44399.0
20260217,261.9,257.94,261.9,254.65,37419.0
20260218,258.44,260.5,261.19,256.25,28819.0
20260219,260.9,256.59,261.74,253.51,37335.0
20260220,257.5,257.2,259.04,253.8,35600.0
20260223,256.97,225.46,256.97,220.72,166567.0
20260224,226.34,230.8,236.6,221.05,110370.0
20260225,232.98,237.69,239.55,230.52,66326.0
20260226,238.0,240.2,247.49,237.55,59466.0
20260227,242.97,239.66,244.75,234.56,47782.0
20260302,235.47,238.31,240.78,233.78,43322.0
20260303,234.41,244.17,246.09,232.86,49307.0
20260304,244.94,250.5,250.85,243.61,47528.0
20260305,249.96,257.0,260.38,248.2,76163.0
20260306,257.0,258.5,259.4,252.21,45487.0
20260309,254.01,252.9,258.08,251.5,46257.0
20260310,253.93,249.75,254.96,246.55,36939.0
20260311,250.75,247.75,253.72,246.56,30472.0
20260312,246.9,247.96,250.05,245.64,43069.0
20260313,246.0,245.69,249.72,244.71,34803.0
20260316,247.15,249.09,252.2,246.1,32259.0
20260317,249.28,256.0,256.5,247.61,38375.0
20260318,257.69,251.0,258.28,250.16,37197.0
20260319,250.7,250.51,252.19,247.4,30997.0
20260320,250.37,243.54,250.37,241.0,94922.0
20260323,240.03,248.44,251.35,238.88,38111.0
20260324,248.32,242.09,248.76,238.0,31493.0
20260325,242.17,240.9,246.19,238.0,31094.0
20260326,241.06,242.4,246.68,239.11,28757.0
20260327,241.97,235.0,243.13,233.75,32710.0
20260330,236.15,236.71,240.21,236.13,24510.0
20260331,239.4,243.49,243.49,236.38,34376.0
20260401,244.1,242.6,246.27,240.14,28451.0
20260402,241.52,248.3,248.69,239.5,24347.0
20260406,247.26,246.41,249.77,244.74,25119.0
20260407,245.35,249.73,250.31,241.1,17162.0
20260408,250.96,242.19,252.18,240.8,37197.0
20260409,241.31,236.64,242.24,233.76,38692.0
20260410,237.76,231.21,241.33,230.51,44367.0
20260413,230.0,238.17,238.49,229.99,40613.0
20260414,239.0,241.0,241.54,237.28,28482.0
20260415,240.87,246.65,246.65,240.0,28217.0
20260416,246.45,252.0,252.5,245.91,37045.0
20260417,252.0,255.06,255.65,251.04,39973.0
20260420,251.9,254.55,258.5,251.25,36013.0
20260421,254.94,257.89,258.09,251.86,38033.0
20260422,257.6,234.0,259.38,230.75,94256.0
20260423,235.5,231.09,235.79,221.73,184384.0
20260424,231.99,231.2,232.8,225.0,76558.0
20260427,231.98,228.65,232.1,227.12,57963.0
20260428,228.97,232.76,233.56,228.12,38511.0
20260429,232.93,227.0,233.49,226.29,46137.0
20260430,226.7,231.22,232.03,224.9,48373.0
20260501,232.84,232.25,235.95,231.45,21443.0
20260504,232.68,229.56,234.09,228.61,24559.0
20260505,230.34,228.87,231.42,227.15,27791.0
20260506,228.83,226.02,229.78,224.38,54440.0
20260507,227.5,230.8,231.82,226.3,37615.0
20260508,229.89,229.51,230.71,224.83,34794.0
20260511,229.16,223.5,230.23,222.55,46153.0
20260512,223.4,219.85,224.48,219.22,41443.0
20260513,219.6,214.81,219.8,212.34,57309.0
20260514,214.98,218.32,220.96,214.97,40498.0
20260515,218.0,219.09,220.91,217.1,29657.0
20260518,218.8,222.7,223.33,217.75,40299.0
20260519,223.36,222.5,227.35,221.92,35319.0
20260520,222.39,223.8,225.0,216.78,29944.0
20260521,224.89,257.2,259.54,222.8,177878.0
20260522,263.42,252.01,265.0,252.0,131712.0
20260526,257.78,249.82,258.19,245.45,60601.0
20260527,249.1,256.2,257.62,246.4,50510.0
20260528,256.18,268.76,268.89,252.55,84972.0
20260529,274.05,298.1,301.0,273.33,192549.0
20260601,312.0,312.2,341.0,308.0,224289.0
20260602,311.2,323.08,332.46,305.31,114880.0
20260603,323.08,293.47,325.0,291.09,92151.0
20260604,296.12,299.24,310.44,295.03,64061.0
20260605,297.15,280.08,302.3,280.08,78127.0
20260608,282.53,280.35,290.5,279.43,38584.0
20260609,280.6,275.38,283.59,271.29,54285.0
20260610,273.39,267.6,280.51,267.0,33834.0
20260611,272.41,277.9,277.9,266.5,43303.0
20260612,276.22,272.75,279.94,267.68,34527.0
20260615,277.5,268.02,280.0,264.8,45477.0
20260616,270.0,270.8,276.62,267.75,32403.0
20260617,271.4,263.48,272.46,261.83,35185.0
20260618,264.27,249.4,265.03,243.68,119686.0
202606220800,248.04,247.11,248.04,247.11,5.0
202606220801,247.11,247.11,247.11,247.11,0.0
202606220802,247.11,247.11,247.11,247.11,0.0
202606220803,247.11,247.11,247.11,247.11,0.0
202606220804,247.11,247.11,247.11,247.11,0.0
202606220805,248.88,247.0,248.88,247.0,49.0
202606220806,247.21,248.9,248.9,247.21,30.0
202606220807,247.21,247.21,247.21,247.21,5.0
202606220808,247.21,247.21,247.21,247.21,0.0
202606220809,247.21,247.21,247.21,247.21,0.0
202606220810,248.69,248.69,248.69,248.69,1.0
202606220811,248.5,248.5,248.5,248.5,1.0
202606220812,248.5,248.5,248.5,248.5,0.0
202606220813,248.5,248.5,248.5,248.5,0.0
202606220814,248.5,248.5,248.5,248.5,0.0
202606220815,248.5,248.5,248.5,248.5,0.0
202606220816,248.5,248.5,248.5,248.5,0.0
202606220817,248.5,248.5,248.5,248.5,6.0
202606220818,248.5,248.5,248.5,248.5,0.0
202606220819,248.5,248.5,248.5,248.5,0.0
202606220820,248.5,248.5,248.5,248.5,0.0
202606220821,248.5,248.5,248.5,248.5,2.0
202606220822,248.5,248.5,248.5,248.5,0.0
202606220823,248.5,248.5,248.5,248.5,0.0
202606220824,248.5,248.5,248.5,248.5,0.0
202606220825,248.5,248.5,248.5,248.5,0.0
202606220826,248.5,248.5,248.5,248.5,0.0
202606220827,248.5,248.5,248.5,248.5,0.0
202606220828,248.5,248.5,248.5,248.5,0.0
202606220829,248.5,248.5,248.5,248.5,0.0
202606220830,248.5,248.5,248.5,248.5,0.0
202606220831,248.5,248.5,248.5,248.5,0.0
202606220832,248.5,248.5,248.5,248.5,0.0
202606220833,248.5,248.5,248.5,248.5,0.0
202606220834,248.5,248.5,248.5,248.5,0.0
202606220835,248.82,248.82,248.82,248.82,1.0
202606220836,248.82,248.82,248.82,248.82,0.0
202606220837,248.82,248.82,248.82,248.82,0.0
202606220838,248.82,248.82,248.82,248.82,0.0
202606220839,248.82,248.82,248.82,248.82,0.0
202606220840,248.82,248.82,248.82,248.82,0.0
202606220841,248.82,248.82,248.82,248.82,0.0
202606220842,248.82,248.82,248.82,248.82,0.0
202606220843,248.82,248.82,248.82,248.82,0.0
202606220844,248.82,248.82,248.82,248.82,0.0
202606220845,248.82,248.82,248.82,248.82,0.0
202606220846,248.32,248.32,248.32,248.32,1.0
202606220847,248.0,248.0,248.0,248.0,4.0
202606220848,248.0,248.0,248.0,248.0,0.0
202606220849,248.0,248.0,248.0,248.0,0.0
202606220850,248.0,248.0,248.0,248.0,0.0
202606220851,248.0,248.0,248.0,248.0,0.0
202606220852,248.0,248.0,248.0,248.0,0.0
202606220853,248.0,248.0,248.0,248.0,0.0
202606220854,248.0,248.0,248.0,248.0,0.0
202606220855,248.0,248.0,248.0,248.0,0.0
202606220856,248.0,248.0,248.0,248.0,0.0
202606220857,248.0,248.0,248.0,248.0,0.0
202606220858,248.73,248.68,248.73,248.63,3.0
202606220859,248.68,248.68,248.68,248.68,0.0
202606220900,248.68,248.68,248.68,248.68,0.0
202606220901,248.68,248.68,248.68,248.68,0.0
202606220902,248.68,248.68,248.68,248.68,0.0
202606220903,248.68,248.68,248.68,248.68,0.0
202606220904,248.68,248.68,248.68,248.68,0.0
202606220905,248.68,248.68,248.68,248.68,0.0
202606220906,248.68,248.68,248.68,248.68,0.0
202606220907,248.68,248.68,248.68,248.68,0.0
202606220908,248.68,248.68,248.68,248.68,0.0
202606220909,248.68,248.68,248.68,248.68,0.0
202606220910,248.68,248.68,248.68,248.68,0.0
202606220911,248.68,248.68,248.68,248.68,0.0
202606220912,248.68,248.68,248.68,248.68,0.0
202606220913,248.68,248.68,248.68,248.68,0.0
202606220914,248.68,248.68,248.68,248.68,0.0
202606220915,248.68,248.68,248.68,248.68,0.0
202606220916,248.68,248.68,248.68,248.68,0.0
202606220917,249.0,249.0,249.0,249.0,1.0
202606220918,249.0,249.0,249.0,249.0,0.0
202606220919,249.0,249.0,249.0,249.0,0.0
202606220920,249.0,249.0,249.0,249.0,0.0
202606220921,249.0,249.0,249.0,249.0,0.0
202606220922,249.0,249.0,249.0,249.0,0.0
202606220923,249.0,249.0,249.0,249.0,0.0
202606220924,249.0,249.0,249.0,249.0,0.0
202606220925,249.0,249.0,249.0,249.0,0.0
202606220926,249.0,249.0,249.0,249.0,0.0
202606220927,249.0,249.0,249.0,249.0,0.0
202606220928,249.0,249.0,249.0,249.0,0.0
202606220929,249.0,249.0,249.0,249.0,0.0
202606220930,249.0,249.0,249.0,249.0,0.0
202606220931,249.0,249.0,249.0,249.0,0.0
202606220932,249.0,249.0,249.0,249.0,0.0
202606220933,249.0,249.0,249.0,249.0,0.0
202606220934,249.0,249.0,249.0,249.0,0.0
202606220935,249.0,249.0,249.0,249.0,0.0
202606220936,249.0,249.0,249.0,249.0,0.0
202606220937,249.0,249.0,249.0,249.0,0.0
202606220938,249.0,249.0,249.0,249.0,0.0
202606220939,248.6,248.6,248.6,248.6,1.0
202606220940,248.6,248.6,248.6,248.6,0.0
202606220941,248.6,248.6,248.6,248.6,0.0
202606220942,248.6,248.6,248.6,248.6,0.0
202606220943,248.6,248.6,248.6,248.6,0.0
202606220944,248.6,248.6,248.6,248.6,0.0
202606220945,248.6,248.6,248.6,248.6,0.0
202606220946,248.6,248.6,248.6,248.6,0.0
202606220947,248.6,248.6,248.6,248.6,0.0
202606220948,248.6,248.6,248.6,248.6,0.0
202606220949,248.24,248.24,248.24,248.24,2.0
202606220950,248.24,248.24,248.24,248.24,0.0
202606220951,248.24,248.24,248.24,248.24,0.0
202606220952,248.24,248.24,248.24,248.24,0.0
202606220953,248.24,248.24,248.24,248.24,0.0
202606220954,248.24,248.24,248.24,248.24,0.0
202606220955,248.0,248.0,248.0,248.0,1.0
202606220956,248.0,248.0,248.0,248.0,0.0
202606220957,248.0,248.0,248.0,248.0,0.0
202606220958,248.0,248.0,248.0,248.0,0.0
202606220959,248.0,248.0,248.0,248.0,0.0
202606221000,248.0,248.0,248.0,248.0,0.0
202606221001,248.0,248.0,248.0,248.0,0.0
202606221002,248.0,248.0,248.0,248.0,0.0
202606221003,248.0,248.0,248.0,248.0,0.0
202606221004,248.0,248.0,248.0,248.0,0.0
202606221005,248.0,248.0,248.0,248.0,0.0
202606221006,248.0,248.0,248.0,248.0,0.0
202606221007,248.0,248.0,248.0,248.0,0.0
202606221008,248.0,248.0,248.0,248.0,0.0
202606221009,248.0,248.0,248.0,248.0,0.0
202606221010,248.0,248.0,248.0,248.0,0.0
202606221011,248.0,248.0,248.0,248.0,0.0
202606221012,248.0,248.0,248.0,248.0,0.0
202606221013,247.82,247.82,247.82,247.82,1.0
202606221014,247.82,247.82,247.82,247.82,0.0
202606221015,247.82,247.82,247.82,247.82,0.0
202606221016,247.82,247.82,247.82,247.82,0.0
202606221017,247.82,247.82,247.82,247.82,0.0
202606221018,247.97,248.0,248.0,247.97,4.0
202606221019,248.0,248.0,248.0,248.0,0.0
202606221020,248.0,248.0,248.0,248.0,0.0
202606221021,248.29,248.29,248.29,248.29,2.0
202606221022,248.29,248.29,248.29,248.29,0.0
202606221023,248.29,248.29,248.29,248.29,0.0
202606221024,248.29,248.29,248.29,248.29,0.0
202606221025,248.02,248.02,248.03,248.02,1.0
202606221026,248.21,248.21,248.21,248.21,7.0
202606221027,248.21,248.21,248.21,248.21,0.0
202606221028,248.21,248.21,248.21,248.21,0.0
202606221029,248.21,248.21,248.21,248.21,0.0
202606221030,248.2,248.2,248.2,248.2,2.0
202606221031,248.15,248.15,248.15,248.15,2.0
202606221032,248.15,248.15,248.15,248.15,0.0
202606221033,248.15,248.15,248.15,248.15,0.0
202606221034,248.15,248.15,248.15,248.15,0.0
202606221035,248.15,248.15,248.15,248.15,0.0
202606221036,248.15,248.15,248.15,248.15,0.0
202606221037,248.15,248.15,248.15,248.15,0.0
202606221038,248.15,248.15,248.15,248.15,0.0
202606221039,248.15,248.15,248.15,248.15,0.0
202606221040,248.15,248.15,248.15,248.15,0.0
202606221041,248.15,248.15,248.15,248.15,0.0
202606221042,248.15,248.15,248.15,248.15,0.0
202606221043,248.15,248.15,248.15,248.15,0.0
202606221044,248.15,248.15,248.15,248.15,0.0
202606221045,248.15,248.15,248.15,248.15,0.0
202606221046,248.15,248.15,248.15,248.15,0.0
202606221047,248.15,248.15,248.15,248.15,0.0
202606221048,248.15,248.15,248.15,248.15,0.0
202606221049,248.15,248.15,248.15,248.15,0.0
202606221050,248.15,248.15,248.15,248.15,0.0
202606221051,248.15,248.15,248.15,248.15,0.0
202606221052,248.15,248.15,248.15,248.15,0.0
202606221053,248.15,248.15,248.15,248.15,0.0
202606221054,248.15,248.15,248.15,248.15,0.0
202606221055,248.15,248.15,248.15,248.15,0.0
202606221056,248.15,248.15,248.15,248.15,0.0
202606221057,248.15,248.15,248.15,248.15,0.0
202606221058,248.15,248.15,248.15,248.15,0.0
202606221059,247.74,247.6,247.74,247.6,3.0
202606221100,248.0,248.0,248.3,247.98,35.0
202606221101,247.25,247.25,247.25,247.25,3.0
202606221102,247.5,247.5,247.5,247.5,5.0
202606221103,247.33,247.33,247.34,247.33,1.0
202606221104,247.33,247.33,247.33,247.33,0.0
202606221105,247.2,247.4,247.4,247.2,6.0
202606221106,247.4,247.4,247.4,247.4,0.0
202606221107,247.51,247.51,247.51,247.51,1.0
202606221108,247.51,247.51,247.51,247.51,0.0
202606221109,247.51,247.51,247.51,247.51,0.0
202606221110,247.5,246.85,247.5,246.85,14.0
202606221111,246.85,246.85,246.85,246.85,0.0
202606221112,246.7,246.7,246.7,246.7,1.0
202606221113,246.7,246.7,246.7,246.7,0.0
202606221114,246.69,246.7,246.7,246.69,2.0
202606221115,246.7,246.7,246.7,246.7,0.0
202606221116,246.7,246.7,246.7,246.7,0.0
202606221117,246.7,246.7,246.7,246.7,0.0
202606221118,246.7,246.7,246.7,246.7,0.0
202606221119,246.55,246.0,246.55,246.0,54.0
202606221120,246.0,246.0,246.0,246.0,0.0
202606221121,246.3,246.08,246.3,246.08,2.0
202606221122,246.08,246.08,246.08,246.08,0.0
202606221123,246.46,246.46,246.46,246.46,1.0
202606221124,246.46,246.46,246.46,246.46,0.0
202606221125,246.46,246.46,246.46,246.46,0.0
202606221126,246.04,246.04,246.04,246.03,1.0
202606221127,246.5,246.5,246.5,246.5,1.0
202606221128,246.45,246.45,246.45,246.45,2.0
202606221129,246.45,246.45,246.45,246.45,0.0
202606221130,246.3,246.3,246.3,246.3,3.0
202606221131,246.3,246.3,246.3,246.3,0.0
202606221132,246.5,246.5,246.5,246.5,2.0
202606221133,246.15,246.62,246.62,246.15,2.0
202606221134,246.62,246.62,246.62,246.62,0.0
202606221135,246.62,246.62,246.62,246.62,0.0
202606221136,246.62,246.62,246.62,246.62,0.0
202606221137,246.62,246.62,246.62,246.62,0.0
202606221138,246.62,246.62,246.62,246.62,0.0
202606221139,246.62,246.62,246.62,246.62,0.0
202606221140,246.62,246.62,246.62,246.62,0.0
202606221141,246.62,246.62,246.62,246.62,0.0
202606221142,246.64,246.64,246.65,246.64,1.0
202606221143,246.64,246.64,246.64,246.64,0.0
202606221144,246.64,246.64,246.64,246.64,0.0
202606221145,246.64,246.64,246.64,246.64,0.0
202606221146,246.64,246.64,246.64,246.64,0.0
202606221147,246.64,246.64,246.64,246.64,0.0
202606221148,246.64,246.64,246.64,246.64,0.0
202606221149,246.74,246.74,246.75,246.74,5.0
202606221150,246.21,246.75,246.76,246.2,6.0
202606221151,246.75,246.75,246.75,246.75,0.0
202606221152,246.75,246.75,246.75,246.75,0.0
202606221153,246.65,246.65,246.65,246.65,1.0
202606221154,246.65,246.65,246.65,246.65,0.0
202606221155,246.65,246.65,246.65,246.65,0.0
202606221156,246.89,246.91,246.95,246.89,7.0
202606221157,246.91,246.91,246.91,246.91,0.0
202606221158,246.91,246.91,246.91,246.91,0.0
202606221159,246.9,246.9,246.9,246.9,1.0
202606221200,246.75,246.75,246.75,246.75,1.0
202606221201,247.46,246.99,247.47,246.99,16.0
202606221202,246.99,246.99,246.99,246.99,0.0
202606221203,246.99,246.99,246.99,246.99,0.0
202606221204,246.99,246.99,246.99,246.99,1.0
202606221205,247.0,247.0,247.0,247.0,9.0
202606221206,247.0,247.0,247.0,247.0,1.0
202606221207,247.0,247.0,247.0,247.0,0.0
202606221208,247.0,247.0,247.0,247.0,0.0
202606221209,247.0,247.0,247.0,247.0,1.0
202606221210,247.0,247.0,247.0,247.0,0.0
202606221211,248.0,248.0,248.0,248.0,2.0
202606221212,248.0,248.0,248.0,248.0,0.0
202606221213,248.0,248.0,248.0,248.0,0.0
202606221214,248.0,248.0,248.0,248.0,0.0
202606221215,248.0,248.0,248.0,248.0,0.0
202606221216,248.0,248.0,248.0,248.0,0.0
202606221217,248.0,248.0,248.0,248.0,0.0
202606221218,248.0,248.0,248.0,248.0,0.0
202606221219,248.0,248.0,248.0,248.0,0.0
202606221220,248.0,248.0,248.0,248.0,0.0
202606221221,248.0,248.0,248.0,248.0,0.0
202606221222,248.0,248.0,248.0,248.0,0.0
202606221223,247.12,247.12,247.12,247.11,1.0
202606221224,246.8,247.11,247.11,246.8,5.0
202606221225,247.11,247.11,247.11,247.11,0.0
202606221226,247.11,247.11,247.11,247.11,0.0
202606221227,247.11,247.11,247.11,247.11,0.0
202606221228,247.11,247.11,247.11,247.11,0.0
202606221229,247.11,247.11,247.11,247.11,0.0
202606221230,247.11,247.11,247.11,247.11,0.0
202606221231,247.11,247.11,247.11,247.11,0.0
202606221232,247.11,247.11,247.11,247.11,0.0
202606221233,247.11,247.11,247.11,247.11,0.0
202606221234,246.65,246.55,246.65,246.55,40.0
202606221235,246.51,246.55,246.55,246.51,7.0
202606221236,246.55,246.55,246.55,246.55,0.0
202606221237,246.55,246.55,246.55,246.55,0.0
202606221238,246.43,246.43,246.43,246.42,1.0
202606221239,246.31,246.31,246.31,246.31,2.0
202606221240,246.5,246.5,246.5,246.5,1.0
202606221241,246.89,246.89,246.89,246.89,1.0
202606221242,246.89,246.89,246.89,246.89,0.0
202606221243,246.89,246.89,246.89,246.89,0.0
202606221244,246.89,246.89,246.89,246.89,0.0
202606221245,246.89,246.89,246.89,246.89,0.0
202606221246,246.42,246.42,246.43,246.42,10.0
202606221247,246.42,246.42,246.42,246.42,0.0
202606221248,246.42,246.42,246.42,246.42,0.0
202606221249,247.0,247.0,247.0,247.0,1.0
202606221250,247.0,247.0,247.0,247.0,0.0
202606221251,247.0,247.0,247.0,247.0,0.0
202606221252,247.0,247.0,247.0,247.0,0.0
202606221253,246.51,246.75,246.75,246.51,3.0
202606221254,246.75,246.75,246.75,246.75,0.0
202606221255,246.75,246.75,246.75,246.75,0.0
202606221256,246.75,246.75,246.75,246.75,0.0
202606221257,246.9,246.9,246.9,246.9,3.0
202606221258,246.75,246.65,246.75,246.65,3.0
202606221259,246.65,246.65,246.65,246.65,0.0
202606221300,246.75,246.9,246.9,246.75,7.0
202606221301,247.0,247.0,247.0,247.0,9.0
202606221302,247.0,246.8,247.0,246.8,3.0
202606221303,246.8,246.8,246.8,246.8,0.0
202606221304,246.71,246.71,246.71,246.71,1.0
202606221305,246.4,246.4,246.4,246.4,2.0
202606221306,246.4,246.4,246.4,246.4,0.0
202606221307,246.3,246.11,246.3,246.11,8.0
202606221308,246.11,246.11,246.11,246.11,0.0
202606221309,246.25,246.25,246.25,246.25,10.0
202606221310,246.11,246.45,246.45,246.11,6.0
202606221311,246.45,246.45,246.45,246.45,0.0
202606221312,246.35,246.35,246.36,246.35,4.0
202606221313,246.35,246.35,246.35,246.35,0.0
202606221314,246.4,246.5,246.5,246.4,4.0
202606221315,246.5,246.49,246.5,246.49,3.0
202606221316,246.3,246.3,246.3,246.3,7.0
202606221317,246.48,246.5,246.5,246.48,12.0
202606221318,246.5,246.5,246.5,246.5,0.0
202606221319,246.5,246.5,246.5,246.5,0.0
202606221320,246.5,246.8,246.8,246.5,10.0
202606221321,247.37,247.75,247.75,247.36,2.0
202606221322,247.75,247.75,247.75,247.75,0.0
202606221323,247.75,247.75,247.75,247.75,0.0
202606221324,247.75,247.75,247.75,247.75,0.0
202606221325,247.45,247.5,247.5,247.45,3.0
202606221326,247.49,247.58,247.58,247.49,4.0
202606221327,247.99,248.0,248.0,247.99,65.0
202606221328,248.49,247.99,248.5,247.99,45.0
202606221329,249.1,249.03,249.1,248.95,22.0
202606221330,248.43,247.08,249.32,247.08,2072.0
202606221331,247.45,247.72,247.72,246.11,197.0
202606221332,247.31,245.97,247.38,245.21,157.0
202606221333,245.2,247.29,247.29,245.08,294.0
202606221334,247.3,246.38,247.41,246.38,259.0
202606221335,246.77,246.73,247.02,246.45,136.0
202606221336,246.73,247.35,248.22,246.73,125.0
202606221337,247.29,247.22,247.47,246.91,66.0
202606221338,247.22,246.34,247.44,246.34,124.0
202606221339,246.47,246.5,246.76,245.44,202.0
202606221340,246.64,247.57,247.82,246.28,469.0
202606221341,247.84,247.85,248.49,247.57,146.0
202606221342,248.02,247.32,248.02,247.31,111.0
202606221343,247.25,247.62,247.63,246.46,117.0
202606221344,247.74,248.04,248.11,247.54,83.0
202606221345,247.99,249.21,249.21,247.78,236.0
202606221346,249.08,248.71,249.08,248.7,91.0
202606221347,249.12,248.5,249.12,248.29,135.0
202606221348,248.66,248.79,249.15,248.57,104.0
202606221349,248.65,248.81,249.03,248.42,108.0
202606221350,248.7,248.54,249.12,248.43,90.0
202606221351,248.46,248.55,248.89,248.37,49.0
202606221352,248.7,248.87,248.94,248.7,30.0
202606221353,248.73,248.85,248.86,248.24,70.0
202606221354,248.84,248.52,248.96,248.4,34.0
202606221355,248.37,248.49,248.75,248.22,63.0
202606221356,248.64,248.42,248.64,248.26,83.0
202606221357,248.47,248.69,248.98,248.36,69.0
202606221358,248.63,249.11,249.17,248.51,137.0
202606221359,249.12,249.42,249.5,249.12,219.0
202606221400,249.43,250.2,250.3,249.36,356.0
202606221401,250.2,251.69,251.7,250.1,424.0
202606221402,251.67,251.02,251.72,250.73,268.0
202606221403,251.1,250.52,251.22,250.38,114.0
202606221404,250.43,250.15,250.76,249.92,118.0
202606221405,250.27,250.77,250.88,249.96,100.0
202606221406,250.78,250.91,251.45,250.52,116.0
202606221407,250.97,250.96,251.09,250.69,56.0
202606221408,250.9,250.57,251.08,250.5,94.0
202606221409,250.48,250.52,250.6,250.3,50.0
202606221410,250.69,250.85,250.85,250.5,58.0
202606221411,250.85,250.84,251.04,250.81,40.0
202606221412,250.81,250.87,251.04,250.72,100.0
202606221413,250.87,250.62,250.88,250.49,68.0
202606221414,250.51,249.98,250.52,249.92,71.0
202606221415,250.0,250.0,250.06,249.72,99.0
202606221416,249.95,249.55,250.07,249.55,55.0
202606221417,249.56,249.35,249.8,249.33,80.0
202606221418,249.26,249.11,249.29,249.0,69.0
202606221419,249.1,248.44,249.19,248.41,34.0
202606221420,248.47,248.49,248.64,248.0,65.0
202606221421,248.49,249.08,249.31,248.49,47.0
202606221422,249.3,249.02,249.66,249.02,26.0
202606221423,249.0,249.05,249.05,248.61,31.0
202606221424,249.1,248.95,249.31,248.94,30.0
202606221425,248.95,248.79,248.95,248.61,45.0
202606221426,248.64,248.6,248.64,248.41,57.0
202606221427,248.57,248.11,248.57,247.98,67.0
202606221428,248.01,248.34,248.38,248.0,98.0
202606221429,248.35,248.16,248.49,248.0,87.0
202606221430,247.97,247.67,248.16,247.67,56.0
202606221431,247.83,247.89,248.0,247.67,58.0
202606221432,247.94,248.1,248.21,247.92,84.0
202606221433,248.0,247.8,248.11,247.8,81.0
202606221434,247.92,247.71,247.92,247.53,50.0
202606221435,247.58,247.41,247.66,247.2,48.0
202606221436,247.39,247.35,247.49,247.18,32.0
202606221437,247.3,247.53,247.68,247.3,197.0
202606221438,247.5,247.62,247.82,247.39,85.0
202606221439,247.52,247.88,248.27,247.52,100.0
202606221440,247.97,248.29,248.36,247.91,33.0
202606221441,248.14,248.08,248.15,247.96,31.0
202606221442,247.97,248.05,248.17,247.84,53.0
202606221443,248.05,247.66,248.05,247.64,51.0
202606221444,247.76,247.29,247.86,247.28,49.0
202606221445,247.39,247.58,247.58,247.36,116.0
202606221446,247.59,247.61,247.74,247.35,65.0
202606221447,247.74,247.34,247.96,247.09,364.0
202606221448,247.32,247.17,247.43,247.16,29.0
202606221449,247.31,247.17,247.31,247.06,14.0
202606221450,247.21,247.2,247.37,247.04,60.0
202606221451,247.04,246.82,247.13,246.82,50.0
202606221452,247.03,246.64,247.03,246.5,45.0
202606221453,246.62,246.79,247.05,246.62,68.0
202606221454,246.67,246.36,246.67,246.25,14.0
202606221455,246.3,246.47,246.47,246.19,21.0
202606221456,246.37,246.09,246.37,245.89,71.0
202606221457,246.01,246.25,246.52,246.0,108.0
202606221458,246.39,246.42,246.6,246.24,161.0
202606221459,246.41,246.36,246.58,246.2,94.0
202606221500,246.34,246.28,246.71,246.27,24.0
202606221501,246.49,246.78,246.78,246.26,57.0
202606221502,246.85,246.61,246.85,246.47,41.0
202606221503,246.67,246.41,246.72,246.39,193.0
202606221504,246.41,246.37,246.43,246.29,40.0
202606221505,246.33,246.0,246.34,246.0,46.0
202606221506,246.1,246.19,246.25,245.88,104.0
202606221507,246.19,245.8,246.3,245.71,46.0
202606221508,245.87,245.62,245.87,245.5,57.0
202606221509,245.61,245.65,245.7,245.54,52.0
202606221510,245.74,245.77,245.87,245.55,62.0
202606221511,245.9,246.25,246.44,245.9,53.0
202606221512,246.28,246.29,246.43,246.05,35.0
202606221513,246.23,246.44,246.6,246.23,41.0
202606221514,246.65,246.35,246.77,246.24,46.0
202606221515,246.24,246.27,246.43,246.15,99.0
202606221516,246.27,246.51,246.52,246.1,27.0
202606221517,246.5,246.36,246.5,246.16,32.0
202606221518,246.36,246.23,246.4,246.22,49.0
202606221519,246.4,246.46,246.46,246.11,20.0
202606221520,246.31,246.38,246.39,246.12,20.0
202606221521,246.34,246.21,246.35,246.21,11.0
202606221522,246.31,246.3,246.46,246.27,38.0
202606221523,246.3,246.61,246.61,246.19,69.0
202606221524,246.61,246.49,246.64,246.48,42.0
202606221525,246.48,246.31,246.54,246.19,36.0
202606221526,246.37,246.42,246.47,246.25,18.0
202606221527,246.31,246.3,246.39,246.19,35.0
202606221528,246.29,246.28,246.41,246.25,19.0
202606221529,246.36,246.41,246.41,246.29,8.0
202606221530,246.39,246.29,246.43,246.29,37.0
202606221531,246.28,246.15,246.28,246.07,28.0
202606221532,246.23,246.15,246.23,246.0,21.0
202606221533,246.0,246.15,246.32,246.0,58.0
202606221534,246.18,246.14,246.33,246.1,123.0
202606221535,246.15,246.11,246.15,245.94,121.0
202606221536,246.18,246.29,246.29,246.13,18.0
202606221537,246.17,245.81,246.23,245.67,100.0
202606221538,245.98,245.81,245.98,245.66,44.0
202606221539,245.83,245.78,245.84,245.65,33.0
202606221540,245.79,245.71,245.79,245.55,38.0
202606221541,245.62,245.57,245.81,245.57,35.0
202606221542,245.59,245.83,245.83,245.54,47.0
202606221543,245.75,245.8,245.88,245.51,58.0
202606221544,245.74,245.59,245.85,245.59,29.0
202606221545,245.63,245.91,245.91,245.55,19.0
202606221546,245.81,245.93,246.03,245.8,64.0
202606221547,245.93,246.28,246.28,245.85,229.0
202606221548,246.28,246.22,246.31,246.21,21.0
202606221549,246.2,245.75,246.2,245.75,24.0
202606221550,245.89,245.73,245.89,245.73,7.0
202606221551,245.81,245.74,245.81,245.6,12.0
202606221552,245.67,245.59,245.8,245.59,23.0
202606221553,245.51,245.57,245.72,245.51,21.0
202606221554,245.65,245.52,245.65,245.5,36.0
202606221555,245.35,245.16,245.51,245.16,18.0
202606221556,245.26,245.2,245.33,245.12,63.0
202606221557,245.28,244.89,245.28,244.89,342.0
202606221558,244.97,244.8,245.0,244.79,56.0
202606221559,244.78,244.81,244.88,244.77,44.0
202606221600,244.87,244.61,244.88,244.54,66.0
202606221601,244.64,244.85,244.85,244.63,78.0
202606221602,244.84,245.04,245.06,244.83,75.0
202606221603,245.02,244.8,245.02,244.8,16.0
202606221604,244.78,244.76,244.83,244.68,63.0
202606221605,244.76,244.91,244.93,244.72,44.0
202606221606,244.92,245.22,245.27,244.91,29.0
202606221607,245.23,245.39,245.41,245.23,34.0
202606221608,245.41,245.15,245.41,245.15,47.0
202606221609,245.22,245.21,245.28,245.2,8.0
202606221610,245.21,245.22,245.28,245.13,14.0
202606221611,245.15,245.3,245.3,245.13,9.0
202606221612,245.22,245.24,245.24,245.12,31.0
202606221613,245.14,245.4,245.49,245.0,166.0
202606221614,245.49,245.53,245.62,245.38,142.0
202606221615,245.43,245.51,245.75,245.42,153.0
202606221616,245.53,245.34,245.53,245.25,65.0
202606221617,245.34,245.35,245.38,245.21,27.0
202606221618,245.25,245.1,245.25,245.09,43.0
202606221619,245.13,245.23,245.23,245.05,82.0
202606221620,245.26,245.08,245.34,245.08,23.0
202606221621,245.15,245.05,245.18,245.04,37.0
202606221622,245.02,244.82,245.02,244.71,51.0
202606221623,244.8,244.65,244.89,244.65,36.0
202606221624,244.6,244.5,244.6,244.47,36.0
202606221625,244.49,244.21,244.49,244.21,51.0
202606221626,244.26,243.96,244.26,243.81,195.0
202606221627,244.07,244.0,244.07,243.92,25.0
202606221628,243.96,243.99,244.0,243.85,43.0
202606221629,243.91,244.05,244.13,243.9,40.0
202606221630,244.0,244.03,244.23,243.99,51.0
202606221631,244.22,244.2,244.22,244.12,8.0
202606221632,244.15,244.16,244.2,244.05,24.0
202606221633,244.04,243.96,244.1,243.96,18.0
202606221634,243.92,243.99,244.04,243.88,45.0
202606221635,244.0,243.95,244.16,243.94,63.0
202606221636,244.13,244.4,244.4,244.02,25.0
202606221637,244.4,244.41,244.5,244.31,40.0
202606221638,244.32,244.31,244.32,244.29,6.0
202606221639,244.28,244.42,244.44,244.23,24.0
202606221640,244.29,244.25,244.3,244.23,17.0
202606221641,244.25,244.28,244.41,244.24,48.0
202606221642,244.26,244.27,244.4,244.14,15.0
202606221643,244.21,244.15,244.31,244.15,62.0
202606221644,244.24,244.46,244.46,244.23,82.0
202606221645,244.39,244.4,244.41,244.32,18.0
202606221646,244.4,244.53,244.53,244.32,29.0
202606221647,244.49,244.44,244.76,244.44,103.0
202606221648,244.51,244.32,244.6,244.32,51.0
202606221649,244.37,244.75,244.83,244.34,123.0
202606221650,244.75,244.68,244.75,244.61,6.0
202606221651,244.58,244.56,244.61,244.54,8.0
202606221652,244.58,244.59,244.86,244.47,72.0
202606221653,244.59,244.51,244.68,244.51,9.0
202606221654,244.49,245.04,245.05,244.43,100.0
202606221655,244.94,245.08,245.23,244.94,49.0
202606221656,245.16,244.96,245.16,244.82,366.0
202606221657,244.92,245.03,245.07,244.9,34.0
202606221658,245.04,245.19,245.19,244.98,56.0
202606221659,245.29,245.42,245.47,245.1,57.0
202606221700,245.53,245.43,245.53,245.42,22.0
202606221701,245.44,245.87,245.88,245.38,87.0
202606221702,245.87,245.45,245.89,245.45,65.0
202606221703,245.53,245.64,245.83,245.5,82.0
202606221704,245.6,245.38,245.83,245.32,103.0
202606221705,245.31,245.39,245.43,245.31,74.0
202606221706,245.39,245.24,245.39,245.2,26.0
202606221707,245.21,245.37,245.38,245.21,25.0
202606221708,245.39,245.36,245.45,245.36,51.0
202606221709,245.37,245.41,245.41,245.29,51.0
202606221710,245.43,245.42,245.45,245.39,14.0
202606221711,245.46,245.48,245.48,245.42,5.0
202606221712,245.41,245.49,245.53,245.4,27.0
202606221713,245.52,245.53,245.65,245.42,146.0
202606221714,245.48,245.64,245.65,245.35,38.0
202606221715,245.72,246.25,246.25,245.7,62.0
202606221716,246.27,246.73,246.75,246.2,122.0
202606221717,246.74,246.8,247.04,246.74,65.0
202606221718,246.8,246.8,246.94,246.79,30.0
202606221719,246.68,246.9,246.9,246.67,22.0
202606221720,246.85,246.75,246.85,246.75,10.0
202606221721,246.7,246.62,246.74,246.58,61.0
202606221722,246.66,246.62,246.67,246.51,44.0
202606221723,246.62,246.64,246.76,246.56,50.0
202606221724,246.56,246.64,246.75,246.46,80.0
202606221725,246.62,246.21,246.62,246.2,52.0
202606221726,246.24,245.82,246.44,245.82,138.0
202606221727,246.05,246.11,246.15,245.97,49.0
202606221728,246.18,246.16,246.35,246.16,36.0
202606221729,246.18,246.08,246.29,246.08,32.0
202606221730,246.08,245.87,246.09,245.87,34.0
202606221731,245.89,245.52,245.89,245.46,103.0
202606221732,245.51,245.55,245.57,245.41,32.0
202606221733,245.56,245.63,245.7,245.56,27.0
202606221734,245.67,245.71,245.71,245.5,29.0
202606221735,245.6,245.13,245.61,245.13,57.0
202606221736,245.18,245.0,245.26,244.98,25.0
202606221737,245.02,245.0,245.13,245.0,11.0
202606221738,245.04,245.06,245.21,245.04,9.0
202606221739,245.04,245.07,245.17,244.99,31.0
202606221740,245.07,244.94,245.07,244.86,50.0
202606221741,244.96,245.06,245.21,244.96,38.0
202606221742,245.2,245.24,245.24,245.1,33.0
202606221743,245.16,245.13,245.16,245.07,23.0
202606221744,245.11,245.11,245.15,245.05,17.0
202606221745,245.11,245.17,245.19,245.1,31.0
202606221746,245.17,245.2,245.2,245.11,21.0
202606221747,245.24,245.22,245.24,245.03,21.0
202606221748,245.12,245.42,245.42,245.12,40.0
202606221749,245.42,245.39,245.46,245.33,14.0
202606221750,245.38,245.49,245.5,245.38,11.0
202606221751,245.5,245.42,245.5,245.41,13.0
202606221752,245.39,245.41,245.46,245.39,22.0
202606221753,245.46,245.53,245.57,245.46,31.0
202606221754,245.59,245.53,245.72,245.49,91.0
202606221755,245.45,245.51,245.55,245.44,18.0
202606221756,245.51,245.57,245.61,245.5,41.0
202606221757,245.59,245.59,245.66,245.51,42.0
202606221758,245.65,245.63,245.72,245.56,48.0
202606221759,245.65,245.53,245.71,245.53,18.0
202606221800,245.52,245.59,245.67,245.52,35.0
202606221801,245.49,245.29,245.57,245.29,54.0
202606221802,245.29,245.35,245.39,245.22,28.0
202606221803,245.43,245.34,245.48,245.34,36.0
202606221804,245.36,245.31,245.41,245.3,30.0
202606221805,245.22,245.55,245.55,245.22,26.0
202606221806,245.55,245.64,245.64,245.5,40.0
202606221807,245.61,245.6,245.61,245.47,53.0
202606221808,245.71,245.95,246.11,245.63,252.0
202606221809,246.03,246.29,246.4,246.02,87.0
202606221810,246.3,246.05,246.3,245.95,63.0
202606221811,246.04,246.04,246.12,245.94,190.0
202606221812,246.04,245.96,246.04,245.96,9.0
202606221813,245.96,246.14,246.14,245.81,173.0
202606221814,246.18,246.39,246.46,246.08,85.0
202606221815,246.39,246.4,246.46,246.25,46.0
202606221816,246.33,246.37,246.4,246.29,48.0
202606221817,246.39,246.34,246.44,246.29,22.0
202606221818,246.32,246.5,246.5,246.23,36.0
202606221819,246.45,246.61,246.61,246.44,54.0
202606221820,246.64,246.7,246.75,246.59,59.0
202606221821,246.82,246.71,246.87,246.71,43.0
202606221822,246.83,246.84,246.9,246.7,37.0
202606221823,246.82,246.77,246.89,246.77,28.0
202606221824,246.81,246.84,246.84,246.73,22.0
202606221825,246.82,247.02,247.09,246.8,102.0
202606221826,247.09,246.91,247.09,246.84,39.0
202606221827,246.84,247.07,247.07,246.84,41.0
202606221828,246.92,246.84,247.09,246.83,44.0
202606221829,246.92,246.95,246.95,246.85,39.0
202606221830,246.87,247.0,247.06,246.87,32.0
202606221831,247.0,247.07,247.33,247.0,99.0
202606221832,247.09,246.9,247.18,246.86,31.0
202606221833,246.91,246.97,247.1,246.83,41.0
202606221834,246.97,247.02,247.08,246.88,48.0
202606221835,247.09,246.9,247.09,246.89,27.0
202606221836,246.88,246.83,246.93,246.7,75.0
202606221837,246.84,246.59,246.84,246.59,26.0
202606221838,246.59,246.93,246.98,246.59,90.0
202606221839,246.93,246.88,247.16,246.78,70.0
202606221840,246.87,246.84,247.03,246.79,39.0
202606221841,246.97,246.8,246.97,246.8,24.0
202606221842,246.97,247.11,247.17,246.92,70.0
202606221843,247.08,246.91,247.16,246.84,63.0
202606221844,246.94,246.52,246.94,246.51,81.0
202606221845,246.62,246.36,246.62,246.34,47.0
202606221846,246.35,246.4,246.52,246.26,48.0
202606221847,246.36,246.57,246.59,246.21,116.0
202606221848,246.56,246.67,246.89,246.49,68.0
202606221849,246.67,246.67,246.68,246.55,15.0
202606221850,246.61,246.62,246.66,246.53,35.0
202606221851,246.54,246.41,246.67,246.25,105.0
202606221852,246.22,245.62,246.37,245.61,359.0
202606221853,245.64,246.27,246.33,245.53,70.0
202606221854,246.22,246.31,246.35,246.05,85.0
202606221855,246.37,245.94,246.37,245.94,36.0
202606221856,246.02,245.88,246.07,245.82,38.0
202606221857,245.88,245.8,245.91,245.72,50.0
202606221858,245.79,245.67,245.8,245.55,68.0
202606221859,245.66,245.61,245.75,245.5,30.0
202606221900,245.61,246.16,246.16,245.6,68.0
202606221901,246.04,246.41,246.43,246.04,29.0
202606221902,246.27,246.22,246.43,246.22,16.0
202606221903,246.3,246.59,246.59,246.3,49.0
202606221904,246.52,246.65,246.65,246.33,53.0
202606221905,246.56,246.58,246.69,246.53,43.0
202606221906,246.64,246.5,246.64,246.47,60.0
202606221907,246.38,246.39,246.55,246.38,40.0
202606221908,246.4,246.52,246.58,246.34,51.0
202606221909,246.53,246.65,246.65,246.47,35.0
202606221910,246.51,246.51,246.65,246.5,56.0
202606221911,246.49,246.46,246.59,246.21,107.0
202606221912,246.51,246.4,246.72,246.4,58.0
202606221913,246.51,246.59,246.65,246.42,68.0
202606221914,246.65,246.56,246.78,246.56,40.0
202606221915,246.63,246.63,246.64,246.52,58.0
202606221916,246.7,246.65,246.78,246.59,115.0
202606221917,246.66,246.78,246.78,246.58,60.0
202606221918,246.74,246.93,246.96,246.69,73.0
202606221919,246.85,246.82,246.87,246.78,64.0
202606221920,246.88,246.91,247.08,246.75,71.0
202606221921,246.9,246.72,247.0,246.72,95.0
202606221922,246.8,246.98,247.02,246.8,49.0
202606221923,247.02,248.01,248.01,246.99,174.0
202606221924,248.01,248.15,248.25,248.0,95.0
202606221925,248.14,248.31,248.36,248.14,186.0
202606221926,248.31,247.93,248.31,247.77,155.0
202606221927,247.85,247.65,247.92,247.57,111.0
202606221928,247.6,248.11,248.11,247.38,233.0
202606221929,248.11,248.03,248.34,247.92,66.0
202606221930,248.15,248.3,248.5,248.09,119.0
202606221931,248.28,247.94,248.38,247.94,100.0
202606221932,248.01,248.17,248.22,247.95,78.0
202606221933,247.99,248.44,248.45,247.99,91.0
202606221934,248.35,248.24,248.51,248.19,95.0
202606221935,248.17,248.12,248.2,248.03,123.0
202606221936,248.12,248.55,248.55,248.11,80.0
202606221937,248.59,248.66,248.74,248.42,112.0
202606221938,248.7,248.89,248.99,248.69,219.0
202606221939,248.94,249.06,249.06,248.82,181.0
202606221940,249.1,248.87,249.18,248.76,187.0
202606221941,248.87,248.84,249.2,248.76,192.0
202606221942,248.93,248.57,248.97,248.52,227.0
202606221943,248.57,248.47,248.66,248.18,209.0
202606221944,248.44,248.14,248.45,248.01,80.0
202606221945,248.18,247.66,248.19,247.59,384.0
202606221946,247.66,248.03,248.07,247.65,120.0
202606221947,248.03,248.23,248.43,247.98,100.0
202606221948,248.31,248.69,248.73,248.15,164.0
202606221949,248.77,248.89,249.15,248.73,191.0
202606221950,248.93,249.97,250.0,248.68,350.0
202606221951,249.95,251.0,251.37,249.67,700.0
202606221952,251.21,250.99,252.14,250.86,928.0
202606221953,250.91,251.17,251.65,250.77,746.0
202606221954,251.2,250.81,251.22,250.42,531.0
202606221955,250.79,251.26,251.44,250.53,521.0
202606221956,251.26,252.15,252.47,251.17,1506.0
202606221957,252.15,252.93,253.0,251.94,1809.0
202606221958,252.95,252.91,253.31,252.85,1632.0
202606221959,252.95,252.45,253.3,252.44,3300.0
202606222000,252.52,253.8,253.89,252.22,14713.0
202606222001,253.77,255.68,256.7,252.22,293.0
202606222002,255.5,255.4,255.5,254.0,48.0
202606222003,255.4,256.57,256.87,255.0,188.0
202606222004,256.39,255.73,256.64,255.73,118.0
202606222005,256.49,257.2,257.5,256.43,138.0
202606222006,257.2,257.61,258.36,257.2,222.0
202606222007,257.61,257.97,258.5,257.61,132.0
202606222008,257.95,257.56,258.0,257.0,77.0
202606222009,257.5,257.99,258.3,257.5,60.0
202606222010,257.7,257.67,258.0,256.48,51.0
202606222011,257.0,256.61,257.15,256.5,47.0
202606222012,256.6,256.0,256.7,255.56,66.0
202606222013,256.16,256.8,256.8,256.15,16.0
202606222014,256.86,257.6,257.9,256.86,52.0
202606222015,257.89,258.0,258.2,257.6,165.0
202606222016,257.99,258.8,258.83,257.76,88.0
202606222017,259.0,259.96,259.98,259.0,83.0
202606222018,259.9,262.0,262.29,259.33,328.0
202606222019,261.82,261.11,261.82,260.99,82.0
202606222020,261.0,260.99,261.7,260.99,136.0
202606222021,261.25,261.0,261.25,260.95,103.0
202606222022,260.86,260.05,260.97,259.78,87.0
202606222023,259.51,259.0,259.55,258.6,49.0
202606222024,258.81,258.7,259.5,252.22,99.0
202606222025,258.99,258.5,259.0,258.5,35.0
202606222026,258.49,258.92,258.92,258.17,22.0
202606222027,258.89,258.89,258.95,258.24,12.0
202606222028,258.89,259.0,259.0,258.62,40.0
202606222029,259.47,260.08,261.0,259.16,85.0
202606222030,260.29,260.84,260.85,259.75,30.0
202606222031,260.88,261.7,261.7,260.86,55.0
202606222032,261.88,261.35,261.95,261.0,101.0
202606222033,261.21,260.52,261.6,260.24,73.0
202606222034,260.84,260.0,260.84,259.8,37.0
202606222035,259.0,257.89,259.49,257.89,227.0
202606222036,257.88,257.68,258.0,257.08,53.0
202606222037,257.98,258.5,258.99,257.98,26.0
202606222038,258.89,258.75,258.99,258.62,55.0
202606222039,258.5,258.3,258.75,258.2,11.0
202606222040,258.3,258.73,258.82,258.27,28.0
202606222041,258.86,260.22,260.39,258.8,55.0
202606222042,260.5,260.7,260.9,260.35,98.0
202606222043,260.69,261.24,261.53,260.69,70.0
202606222044,261.09,260.84,261.47,260.5,39.0
202606222045,260.89,261.06,261.5,260.89,47.0
202606222046,261.03,260.85,261.29,260.85,24.0
202606222047,260.71,260.71,260.72,260.71,2.0
202606222048,260.8,261.3,261.3,260.8,41.0
202606222049,261.39,261.4,261.5,261.28,46.0
202606222050,261.27,261.61,261.61,261.2,19.0
202606222051,261.3,261.35,261.52,261.14,25.0
202606222052,261.21,260.7,261.21,260.7,13.0
202606222053,260.7,260.38,260.7,260.38,10.0
202606222054,260.09,260.51,260.7,260.09,48.0
202606222055,260.54,260.93,260.93,260.47,53.0
202606222056,260.92,260.86,260.92,260.64,9.0
202606222057,260.9,260.99,261.0,260.55,23.0
202606222058,260.9,260.77,260.96,260.37,21.0
202606222059,260.7,260.72,260.76,260.5,50.0
202606222100,260.77,260.89,261.0,260.74,19.0
202606222101,261.08,260.58,261.09,260.58,46.0
202606222102,260.96,260.61,261.0,260.61,10.0
202606222103,260.84,260.6,260.84,260.56,26.0
202606222104,260.6,260.78,260.79,260.6,17.0
202606222105,260.99,260.94,261.0,260.87,14.0
202606222106,261.0,261.41,261.46,261.0,51.0
202606222107,261.38,261.4,261.4,261.35,8.0
202606222108,261.18,261.18,261.3,261.18,10.0
202606222109,261.3,261.0,261.41,261.0,20.0
202606222110,261.0,261.44,261.44,261.0,7.0
202606222111,261.38,260.7,261.38,260.7,4.0
202606222112,261.27,260.82,261.27,260.82,3.0
202606222113,260.82,260.5,260.83,260.5,17.0
202606222114,260.8,261.41,261.41,260.78,34.0
202606222115,261.3,260.78,261.44,260.77,4.0
202606222116,261.2,261.0,261.41,261.0,13.0
202606222117,261.18,260.77,261.2,260.77,10.0
202606222118,261.0,261.01,261.3,260.9,34.0
202606222119,261.29,261.4,261.4,261.28,17.0
202606222120,261.4,261.96,262.1,261.31,49.0
202606222121,262.24,262.99,263.37,262.24,40.0
202606222122,262.51,262.92,262.94,261.96,46.0
202606222123,262.92,263.0,263.0,262.75,30.0
202606222124,262.8,262.8,262.82,262.5,34.0
202606222125,262.9,262.25,262.94,262.25,20.0
202606222126,262.45,262.0,262.46,262.0,6.0
202606222127,262.06,262.46,262.5,261.63,17.0
202606222128,262.5,262.5,262.5,262.43,54.0
202606222129,262.5,261.5,262.5,261.5,150.0
202606222130,262.12,261.6,262.12,261.6,14.0
202606222131,261.74,262.22,262.23,261.65,24.0
202606222132,262.04,262.02,262.17,262.02,11.0
202606222133,262.2,262.16,262.2,262.1,13.0
202606222134,262.25,262.4,262.46,262.25,5.0
202606222135,262.35,262.06,262.4,262.06,15.0
202606222136,262.3,262.44,262.44,262.3,2.0
202606222137,262.5,262.0,262.5,262.0,21.0
202606222138,262.0,262.22,262.22,262.0,12.0
202606222139,262.22,263.0,263.0,262.22,71.0
202606222140,262.8,262.8,262.8,262.7,19.0
202606222141,262.8,262.48,262.8,262.06,16.0
202606222142,262.45,262.49,262.5,262.45,8.0
202606222143,262.46,262.49,262.5,262.45,12.0
202606222144,262.45,262.4,262.48,262.27,9.0
202606222145,262.3,262.32,262.32,262.2,15.0
202606222146,262.4,262.5,262.5,262.32,163.0
202606222147,262.47,263.05,263.05,262.43,27.0
202606222148,263.34,263.89,263.89,263.34,13.0
202606222149,263.89,263.58,264.47,263.58,39.0
202606222150,263.58,263.72,263.89,263.57,16.0
202606222151,263.64,262.86,263.64,262.86,17.0
202606222152,262.65,263.0,263.0,262.64,3.0
202606222153,263.05,263.0,263.49,263.0,54.0
202606222154,263.3,263.0,263.41,263.0,34.0
202606222155,262.99,263.3,263.41,262.88,53.0
202606222156,263.35,263.52,263.6,263.0,17.0
202606222157,263.5,263.64,263.64,263.41,14.0
202606222158,263.9,263.8,264.4,263.8,26.0
202606222159,264.37,264.0,264.37,264.0,19.0
202606222200,264.03,264.11,264.36,264.03,16.0
202606222201,264.14,264.68,264.68,264.14,41.0
202606222202,264.9,264.5,264.9,264.39,39.0
202606222203,264.5,263.95,264.5,263.94,23.0
202606222204,264.0,263.7,264.0,263.59,25.0
202606222205,263.99,263.8,263.99,263.7,30.0
202606222206,263.96,263.85,264.2,263.85,11.0
202606222207,263.85,263.94,264.0,263.7,10.0
202606222208,263.8,263.7,263.8,263.7,35.0
202606222209,263.8,263.99,263.99,263.8,5.0
202606222210,264.0,264.0,264.0,263.82,25.0
202606222211,264.0,264.02,264.4,264.0,9.0
202606222212,264.4,264.5,264.7,264.4,58.0
202606222213,264.5,264.42,264.5,264.23,20.0
202606222214,264.5,264.5,264.5,264.43,28.0
202606222215,264.44,263.5,264.44,263.0,89.0
202606222216,263.47,262.69,263.47,262.53,36.0
202606222217,262.64,262.55,263.0,262.32,21.0
202606222218,263.0,263.0,263.0,263.0,5.0
202606222219,263.14,263.5,263.5,263.14,9.0
202606222220,263.66,264.0,264.3,263.66,50.0
202606222221,264.0,263.99,264.22,263.79,14.0
202606222222,263.99,264.2,264.2,263.94,6.0
202606222223,264.0,263.89,264.0,263.89,4.0
202606222224,263.53,263.3,264.0,263.3,15.0
202606222225,263.53,263.65,263.65,263.52,5.0
202606222226,263.65,263.65,263.65,263.65,0.0
202606222227,263.96,264.08,264.11,263.96,25.0
202606222228,264.3,264.15,264.3,264.15,8.0
202606222229,263.96,264.03,264.15,263.89,12.0
202606222230,264.0,264.0,264.04,264.0,4.0
202606222231,264.0,263.65,264.0,263.6,32.0
202606222232,263.81,263.81,264.0,263.81,7.0
202606222233,263.9,263.95,263.96,263.9,7.0
202606222234,263.7,263.61,263.9,263.61,18.0
202606222235,263.87,263.6,263.88,263.6,17.0
202606222236,263.3,263.25,263.71,263.17,24.0
202606222237,263.11,263.02,263.48,263.01,12.0
202606222238,263.01,263.51,263.51,263.01,11.0
202606222239,263.5,263.5,263.5,263.5,4.0
202606222240,263.51,263.01,263.54,263.0,21.0
202606222241,263.0,263.17,263.24,262.88,22.0
202606222242,263.2,263.17,263.2,263.17,2.0
202606222243,263.0,263.0,263.0,263.0,2.0
202606222244,263.0,263.0,263.0,263.0,0.0
202606222245,262.71,263.0,263.0,262.71,6.0
202606222246,263.0,263.0,263.0,263.0,0.0
202606222247,263.0,263.0,263.0,263.0,1.0
202606222248,262.9,262.83,262.9,262.82,2.0
202606222249,262.8,263.0,263.0,262.8,8.0
202606222250,263.0,263.1,263.1,263.0,8.0
202606222251,263.06,263.1,263.1,263.06,10.0
202606222252,263.5,263.55,263.56,263.5,7.0
202606222253,263.7,263.7,263.7,263.7,1.0
202606222254,263.7,263.7,263.7,263.7,0.0
202606222255,263.99,263.58,263.99,263.57,4.0
202606222256,263.6,263.63,263.63,263.6,4.0
202606222257,263.5,263.4,263.5,263.4,6.0
202606222258,263.75,263.37,263.75,263.2,8.0
202606222259,263.27,263.38,263.38,263.27,16.0
202606222300,263.27,263.2,263.27,263.2,2.0
202606222301,263.07,263.07,263.07,263.07,3.0
202606222302,262.86,263.9,263.9,262.86,7.0
202606222303,263.45,263.45,263.45,263.45,1.0
202606222304,263.0,263.5,263.5,263.0,4.0
202606222305,263.0,263.06,263.07,263.0,2.0
202606222306,263.4,263.05,263.4,263.05,8.0
202606222307,263.05,263.05,263.05,263.05,0.0
202606222308,263.21,263.4,263.4,263.21,8.0
202606222309,263.4,263.4,263.4,263.4,0.0
202606222310,263.0,263.05,263.14,263.0,4.0
202606222311,263.05,263.05,263.05,263.05,0.0
202606222312,263.0,263.0,263.0,263.0,3.0
202606222313,263.17,263.17,263.17,263.16,1.0
202606222314,262.93,263.0,263.0,262.9,5.0
202606222315,262.86,262.61,262.93,262.61,11.0
202606222316,262.61,262.58,262.7,262.58,15.0
202606222317,262.54,262.54,262.54,262.53,2.0
202606222318,262.63,262.76,262.76,262.63,7.0
202606222319,262.73,262.75,262.75,262.6,8.0
202606222320,262.75,262.57,262.75,262.53,26.0
202606222321,262.55,262.75,262.75,262.55,2.0
202606222322,262.74,262.76,262.76,262.74,3.0
202606222323,262.76,262.76,262.76,262.76,0.0
202606222324,262.76,262.76,262.76,262.76,0.0
202606222325,262.75,262.75,262.75,262.75,1.0
202606222326,262.58,262.55,262.58,262.55,6.0
202606222327,262.52,262.52,262.52,262.52,1.0
202606222328,262.38,262.0,262.38,262.0,14.0
202606222329,262.53,262.55,262.55,262.5,5.0
202606222330,262.1,262.22,262.22,262.1,10.0
202606222331,262.11,262.46,262.46,262.11,5.0
202606222332,262.51,262.51,262.52,262.51,1.0
202606222333,262.55,262.5,262.55,262.0,14.0
202606222334,262.55,262.51,262.55,262.5,4.0
202606222335,262.95,263.0,263.15,262.2,10.0
202606222336,262.99,262.99,262.99,262.99,1.0
202606222337,262.99,263.0,263.0,262.99,8.0
202606222338,262.9,262.9,262.91,262.9,1.0
202606222339,262.9,262.9,262.9,262.9,0.0
202606222340,262.75,263.0,263.0,262.75,15.0
202606222341,262.88,262.88,262.88,262.88,1.0
202606222342,262.99,263.21,263.21,262.98,11.0
202606222343,263.37,263.33,263.37,263.2,17.0
202606222344,263.44,263.24,263.45,263.21,9.0
202606222345,263.44,263.5,263.5,263.26,20.0
202606222346,263.27,263.48,263.48,263.27,9.0
202606222347,263.28,263.52,263.6,263.28,48.0
202606222348,263.6,263.38,263.6,263.38,4.0
202606222349,263.5,263.35,263.5,263.35,6.0
202606222350,263.35,263.6,263.6,263.35,7.0
202606222351,263.6,263.9,263.9,263.58,7.0
202606222352,263.67,263.61,263.9,263.61,16.0
202606222353,263.65,263.5,263.65,263.5,7.0
202606222354,263.71,263.74,263.88,263.65,10.0
202606222355,263.77,263.85,263.85,263.5,27.0
202606222356,263.65,263.28,263.74,263.28,23.0
202606222357,263.69,263.85,263.85,263.56,17.0
202606222358,263.8,263.76,263.8,263.76,4.0
202606222359,263.8,263.79,263.8,263.76,36.0
202606230800,258.7,260.0,261.16,253.0,244.0
202606230801,260.39,260.95,261.21,253.75,55.0
202606230802,261.29,260.05,261.29,260.05,13.0
202606230803,260.54,260.42,260.54,260.42,2.0
202606230804,260.36,259.03,260.36,259.0,32.0
202606230805,259.03,259.03,259.03,259.03,0.0
202606230806,261.29,257.7,261.29,255.92,76.0
202606230807,257.24,254.43,260.54,254.32,111.0
202606230808,254.19,256.0,260.0,254.19,43.0
202606230809,258.56,254.16,259.2,252.99,67.0
202606230810,253.3,255.83,259.64,253.25,43.0
202606230811,255.83,260.46,261.0,253.6,79.0
202606230812,258.38,259.97,260.8,256.56,103.0
202606230813,259.97,260.44,260.44,259.97,15.0
202606230814,260.01,260.1,260.1,259.99,9.0
202606230815,260.1,260.1,260.1,260.1,0.0
202606230816,260.35,260.8,260.8,260.35,4.0
202606230817,261.01,259.93,261.01,259.93,8.0
202606230818,259.93,259.93,259.93,259.93,0.0
202606230819,259.0,258.0,259.0,258.0,69.0
202606230820,258.1,258.0,258.6,258.0,11.0
202606230821,259.1,259.31,259.31,259.1,12.0
202606230822,260.5,260.5,260.5,260.5,1.0
202606230823,260.5,260.5,260.5,260.5,0.0
202606230824,258.8,258.4,258.8,258.4,14.0
202606230825,258.27,258.67,258.67,258.26,9.0
202606230826,258.5,258.05,259.0,258.0,18.0
202606230827,258.1,258.0,258.1,258.0,5.0
202606230828,257.95,258.0,258.0,257.71,7.0
202606230829,259.0,259.0,259.0,259.0,1.0
202606230830,257.15,257.15,257.15,257.15,2.0
202606230831,257.15,257.15,257.15,257.15,0.0
202606230832,257.15,257.15,257.15,257.15,0.0
202606230833,257.15,257.15,257.15,257.15,0.0
202606230834,259.3,259.37,259.47,259.3,18.0
202606230835,259.47,259.47,259.47,259.47,3.0
202606230836,259.49,259.49,259.49,259.49,1.0
202606230837,260.0,260.08,260.08,260.0,3.0
202606230838,260.0,261.0,261.0,260.0,12.0
202606230839,260.88,260.08,260.88,260.08,2.0
202606230840,260.55,260.95,260.95,260.55,8.0
202606230841,261.0,261.6,261.95,260.99,17.0
202606230842,261.21,261.0,261.47,261.0,9.0
202606230843,260.44,260.44,260.44,260.44,8.0
202606230844,261.47,261.47,261.47,261.47,1.0
202606230845,260.75,260.0,260.75,260.0,21.0
202606230846,260.0,260.0,260.0,260.0,4.0
202606230847,260.0,260.0,260.0,260.0,0.0
202606230848,260.03,260.79,260.79,260.03,19.0
202606230849,260.79,260.79,260.79,260.79,0.0
202606230850,260.9,260.9,260.9,260.9,1.0
202606230851,260.9,260.9,260.9,260.9,0.0
202606230852,260.0,260.0,260.0,260.0,3.0
202606230853,259.6,259.06,259.6,259.05,7.0
202606230854,259.06,259.06,259.06,259.06,0.0
202606230855,259.06,259.06,259.06,259.06,0.0
202606230856,259.2,259.2,259.2,259.2,1.0
202606230857,259.15,259.11,259.15,259.11,2.0
202606230858,259.11,259.11,259.11,259.11,0.0
202606230859,259.3,259.4,259.4,259.3,4.0
202606230900,259.4,259.4,259.4,259.4,0.0
202606230901,259.16,259.16,259.17,259.16,3.0
202606230902,259.0,259.0,259.0,259.0,8.0
202606230903,259.37,259.68,259.69,259.37,13.0
202606230904,259.68,259.68,259.68,259.68,0.0
202606230905,259.68,259.68,259.68,259.68,0.0
202606230906,259.0,259.0,259.0,259.0,1.0
202606230907,259.0,259.0,259.0,259.0,0.0
202606230908,259.11,259.0,259.11,259.0,8.0
202606230909,258.5,258.03,258.5,258.03,5.0
202606230910,258.8,258.8,258.8,258.8,1.0
202606230911,259.01,259.01,259.01,259.01,1.0
202606230912,258.7,258.7,258.7,258.7,2.0
202606230913,259.13,259.13,259.13,259.13,3.0
202606230914,258.82,258.82,258.82,258.81,1.0
202606230915,259.2,259.2,259.2,258.65,13.0
202606230916,259.1,259.1,259.1,259.1,2.0
202606230917,259.12,259.12,259.12,259.11,2.0
202606230918,259.12,259.12,259.12,259.12,0.0
202606230919,259.12,259.12,259.12,259.12,0.0
202606230920,259.12,259.12,259.12,259.12,0.0
202606230921,259.12,259.12,259.12,259.12,0.0
202606230922,259.0,259.0,259.0,258.28,5.0
202606230923,259.0,259.25,259.25,259.0,17.0
202606230924,259.2,259.5,259.5,259.2,5.0
202606230925,259.5,259.65,259.65,259.5,3.0
202606230926,259.68,259.61,259.9,259.61,5.0
202606230927,259.61,259.61,259.61,259.61,0.0
202606230928,259.58,259.49,259.58,259.2,11.0
202606230929,259.02,259.02,259.02,259.0,6.0
202606230930,258.87,259.16,259.17,258.87,7.0
202606230931,260.0,260.64,260.8,260.0,16.0
202606230932,260.67,260.63,260.68,260.62,3.0
202606230933,260.38,260.4,260.4,260.38,22.0
202606230934,260.4,260.6,260.6,260.4,9.0
202606230935,260.48,260.54,260.86,260.48,3.0
202606230936,260.54,260.54,260.54,260.54,0.0
202606230937,260.96,261.0,261.0,260.96,11.0
202606230938,261.0,261.0,261.0,261.0,0.0
202606230939,261.25,261.5,261.95,261.25,5.0
202606230940,261.67,261.67,261.67,261.67,4.0
202606230941,261.0,260.84,261.0,260.84,24.0
202606230942,260.63,260.08,260.63,260.08,10.0
202606230943,260.0,260.0,260.0,260.0,3.0
202606230944,261.1,261.1,261.18,261.09,8.0
202606230945,261.5,261.5,261.5,261.5,3.0
202606230946,261.07,261.07,261.07,261.06,1.0
202606230947,261.07,261.07,261.07,261.07,0.0
202606230948,261.15,261.15,261.15,261.15,1.0
202606230949,261.6,261.8,261.83,261.6,4.0
202606230950,261.83,261.68,261.89,261.68,4.0
202606230951,261.26,261.76,261.84,261.26,6.0
202606230952,261.76,261.76,261.76,261.76,0.0
202606230953,261.76,261.76,261.76,261.76,0.0
202606230954,261.76,261.76,261.76,261.76,0.0
202606230955,261.59,262.5,262.5,261.59,44.0
202606230956,262.37,262.37,262.74,262.37,12.0
202606230957,262.37,262.6,262.6,262.16,4.0
202606230958,262.55,262.0,262.55,262.0,9.0
202606230959,262.4,263.0,263.0,262.4,3.0
202606231000,262.79,262.54,262.99,262.54,26.0
202606231001,262.54,262.54,262.54,262.54,0.0
202606231002,262.85,263.0,263.16,262.85,28.0
202606231003,263.09,263.09,263.09,263.09,1.0
202606231004,262.89,262.9,262.9,262.89,4.0
202606231005,262.7,263.11,263.11,262.7,11.0
202606231006,262.5,262.28,262.5,262.28,3.0
202606231007,262.26,262.26,262.26,262.26,2.0
202606231008,262.26,261.26,262.26,261.26,25.0
202606231009,262.39,262.39,262.39,262.39,5.0
202606231010,261.6,261.6,261.6,261.6,2.0
202606231011,261.51,261.6,261.6,261.51,16.0
202606231012,261.6,261.6,261.6,261.6,0.0
202606231013,261.93,261.93,261.93,261.92,2.0
202606231014,261.27,261.27,261.27,261.27,1.0
202606231015,261.27,261.5,261.68,261.27,39.0
202606231016,261.99,261.99,262.4,261.99,5.0
202606231017,262.66,262.9,262.99,262.18,11.0
202606231018,262.6,262.6,262.6,262.6,1.0
202606231019,262.0,262.0,262.0,262.0,1.0
202606231020,262.0,262.9,262.9,262.0,88.0
202606231021,263.0,263.0,263.0,263.0,1.0
202606231022,263.06,263.06,263.06,263.06,2.0
202606231023,263.0,263.0,263.0,262.65,29.0
202606231024,262.51,262.5,262.51,262.49,31.0
202606231025,262.49,262.32,262.5,262.2,37.0
202606231026,261.82,261.28,261.82,261.24,3.0
202606231027,261.32,262.25,262.25,261.32,16.0
202606231028,261.42,262.0,262.33,261.42,10.0
202606231029,262.4,262.4,262.4,262.4,3.0
202606231030,262.38,262.39,262.39,262.25,3.0
202606231031,262.2,262.0,262.4,261.32,78.0
202606231032,261.78,260.39,261.78,260.39,6.0
202606231033,260.39,260.39,260.39,260.39,0.0
202606231034,260.07,261.0,261.0,260.01,7.0
202606231035,261.0,261.0,261.0,261.0,0.0
202606231036,261.99,261.39,261.99,261.39,2.0
202606231037,261.1,261.1,261.1,261.09,1.0
202606231038,261.35,260.2,261.35,260.19,5.0
202606231039,260.75,260.75,260.75,260.73,3.0
202606231040,260.75,260.75,260.75,260.75,0.0
202606231041,260.41,260.9,260.9,260.41,7.0
202606231042,260.9,260.9,260.9,260.9,0.0
202606231043,260.9,260.9,260.9,260.9,0.0
202606231044,260.4,260.4,260.4,260.4,1.0
202606231045,260.9,260.9,260.9,260.9,2.0
202606231046,260.9,261.0,261.0,260.9,4.0
202606231047,260.98,261.0,261.0,260.98,9.0
202606231048,261.0,261.0,261.0,261.0,0.0
202606231049,261.24,262.0,262.0,261.24,5.0
202606231050,261.01,261.84,261.85,261.0,7.0
202606231051,261.88,262.01,262.01,261.88,19.0
202606231052,262.25,262.16,262.7,262.16,3.0
202606231053,262.09,262.09,262.09,262.09,1.0
202606231054,262.09,262.09,262.09,262.09,0.0
202606231055,262.5,262.89,262.9,262.05,10.0
202606231056,262.89,262.89,262.89,262.89,0.0
202606231057,262.89,262.89,262.89,262.89,0.0
202606231058,262.89,262.89,262.89,262.89,0.0
202606231059,261.1,261.1,261.1,261.09,1.0
202606231100,262.25,261.16,262.97,261.15,54.0
202606231101,262.63,262.63,262.63,262.03,10.0
202606231102,262.36,262.68,262.68,262.22,16.0
202606231103,262.5,263.63,263.75,262.5,73.0
202606231104,263.54,263.0,263.65,263.0,35.0
202606231105,263.0,263.43,263.43,262.7,26.0
202606231106,263.0,263.45,263.46,262.91,16.0
202606231107,263.05,263.21,263.4,263.04,7.0
202606231108,263.21,263.21,263.21,263.21,0.0
202606231109,263.1,263.18,263.19,262.91,23.0
202606231110,263.0,263.25,263.4,263.0,28.0
202606231111,263.5,263.5,263.65,263.11,28.0
202606231112,263.15,263.21,263.68,263.15,6.0
202606231113,263.15,264.4,264.49,263.15,50.0
202606231114,264.45,264.77,264.78,264.4,30.0
202606231115,264.25,264.2,264.79,264.04,19.0
202606231116,264.25,263.51,264.25,263.5,7.0
202606231117,263.51,263.1,264.0,263.1,8.0
202606231118,263.71,263.6,263.71,263.57,3.0
202606231119,263.8,264.33,264.33,263.8,5.0
202606231120,264.25,263.42,264.25,263.0,24.0
202606231121,263.01,263.1,263.1,263.0,47.0
202606231122,263.25,263.49,263.49,263.25,21.0
202606231123,264.24,264.4,264.4,264.24,30.0
202606231124,264.27,264.27,264.28,264.27,2.0
202606231125,264.27,264.27,264.27,264.27,0.0
202606231126,263.19,263.19,263.2,263.19,1.0
202606231127,263.98,263.98,263.98,263.98,1.0
202606231128,263.32,263.2,263.32,263.2,6.0
202606231129,263.4,263.4,263.41,263.4,1.0
202606231130,263.18,263.3,263.3,263.17,2.0
202606231131,263.35,263.5,263.5,263.35,3.0
202606231132,263.75,263.93,263.99,263.75,7.0
202606231133,263.7,263.4,263.71,263.14,15.0
202606231134,263.0,263.0,263.0,263.0,3.0
202606231135,263.49,263.49,263.49,263.39,8.0
202606231136,263.49,263.49,263.49,263.49,0.0
202606231137,262.91,262.74,262.93,262.74,10.0
202606231138,262.92,262.5,262.92,262.5,3.0
202606231139,262.93,262.8,262.94,262.8,2.0
202606231140,262.79,263.64,263.65,262.79,5.0
202606231141,263.2,264.0,264.0,263.2,19.0
202606231142,264.0,264.12,264.4,263.45,13.0
202606231143,264.24,264.0,264.24,264.0,3.0
202606231144,264.33,264.33,264.33,264.32,3.0
202606231145,264.0,264.32,264.32,264.0,2.0
202606231146,264.04,264.4,264.4,264.04,6.0
202606231147,264.45,263.5,264.45,263.5,20.0
202606231148,263.44,263.74,263.8,263.43,20.0
202606231149,263.99,264.75,264.8,263.99,30.0
202606231150,264.73,264.78,264.8,263.6,7.0
202606231151,264.9,264.98,265.46,264.84,67.0
202606231152,264.94,264.78,264.98,264.6,18.0
202606231153,264.75,265.37,265.37,264.75,15.0
202606231154,265.46,266.0,266.0,265.45,40.0
202606231155,266.4,266.0,266.62,266.0,53.0
202606231156,265.98,266.23,266.5,265.25,24.0
202606231157,266.0,265.8,266.42,265.65,113.0
202606231158,265.5,265.2,265.7,265.2,8.0
202606231159,265.81,265.81,265.82,265.81,4.0
202606231200,265.1,265.23,265.5,265.0,19.0
202606231201,265.25,266.02,266.02,265.0,46.0
202606231202,266.5,266.8,266.88,266.5,13.0
202606231203,266.91,266.49,267.0,266.49,20.0
202606231204,266.99,266.89,267.0,266.49,9.0
202606231205,266.85,266.44,266.88,266.23,12.0
202606231206,266.41,266.35,266.41,266.0,13.0
202606231207,266.38,266.0,266.5,266.0,14.0
202606231208,265.8,265.5,265.82,265.5,12.0
202606231209,265.11,265.14,265.48,265.11,14.0
202606231210,265.48,265.89,265.96,265.48,13.0
202606231211,265.5,265.79,265.89,265.5,15.0
202606231212,265.51,264.96,265.51,264.28,26.0
202606231213,265.2,265.0,265.2,264.64,9.0
202606231214,264.5,265.0,265.0,264.5,13.0
202606231215,265.5,265.12,265.5,264.71,11.0
202606231216,265.5,265.15,266.0,265.0,17.0
202606231217,265.1,265.1,265.1,265.1,5.0
202606231218,265.1,265.5,265.5,265.0,30.0
202606231219,265.88,265.95,265.95,265.65,6.0
202606231220,265.95,265.95,265.95,265.95,0.0
202606231221,265.52,265.7,265.82,265.52,8.0
202606231222,265.9,265.25,265.97,265.25,10.0
202606231223,265.35,266.1,266.38,265.35,53.0
202606231224,266.5,266.37,266.54,266.0,32.0
202606231225,266.8,266.4,266.8,266.0,11.0
202606231226,266.0,266.25,266.25,266.0,27.0
202606231227,266.3,266.55,266.55,266.0,58.0
202606231228,266.79,266.45,266.79,266.45,3.0
202606231229,266.69,264.75,266.69,264.75,105.0
202606231230,264.9,264.69,265.0,264.5,13.0
202606231231,264.7,264.68,265.0,264.5,70.0
202606231232,264.59,264.87,265.89,264.59,101.0
202606231233,264.3,263.56,264.78,263.56,87.0
202606231234,263.61,264.7,264.7,263.4,52.0
202606231235,264.16,263.76,264.16,263.76,3.0
202606231236,264.5,263.92,264.5,263.8,31.0
202606231237,264.05,263.86,264.15,263.7,10.0
202606231238,263.93,263.82,264.0,263.76,9.0
202606231239,264.01,263.6,264.11,263.59,37.0
202606231240,263.29,262.63,263.29,262.63,66.0
202606231241,262.79,262.9,262.9,262.6,33.0
202606231242,263.0,263.0,263.5,262.79,43.0
202606231243,262.91,262.97,263.0,262.6,16.0
202606231244,263.23,262.69,263.24,262.6,8.0
202606231245,262.6,262.54,262.6,262.35,7.0
202606231246,263.3,263.3,263.31,263.3,1.0
202606231247,263.0,263.0,263.0,262.66,5.0
202606231248,262.82,262.81,263.0,262.8,9.0
202606231249,262.91,262.99,262.99,262.72,11.0
202606231250,263.0,262.5,263.0,262.5,6.0
202606231251,262.53,262.9,262.9,262.52,15.0
202606231252,262.58,262.8,262.81,262.56,9.0
202606231253,262.75,263.0,263.0,262.56,20.0
202606231254,262.71,262.58,262.71,262.15,25.0
202606231255,262.17,262.17,262.96,261.51,42.0
202606231256,262.3,262.7,263.33,262.29,30.0
202606231257,262.35,263.0,263.0,262.35,25.0
202606231258,262.31,262.35,262.35,262.25,5.0
202606231259,262.48,262.02,262.68,262.02,26.0
202606231300,262.23,262.9,262.9,262.23,40.0
202606231301,262.35,262.9,263.0,262.35,18.0
202606231302,263.0,263.0,263.11,262.5,54.0
202606231303,263.43,263.53,263.8,263.42,20.0
202606231304,263.66,263.73,264.0,263.5,26.0
202606231305,263.91,264.0,264.0,263.9,3.0
202606231306,263.56,263.6,264.0,263.56,5.0
202606231307,263.57,263.26,263.58,263.01,25.0
202606231308,263.26,263.66,263.67,263.26,2.0
202606231309,263.5,263.0,263.5,263.0,35.0
202606231310,262.5,262.65,262.73,262.5,10.0
202606231311,262.61,262.44,262.78,262.44,19.0
202606231312,262.96,263.25,263.5,262.37,13.0
202606231313,263.36,263.47,263.47,263.35,9.0
202606231314,263.42,263.5,263.5,262.99,13.0
202606231315,263.5,263.35,263.5,263.34,6.0
202606231316,263.49,263.0,263.49,263.0,3.0
202606231317,263.0,262.99,263.0,262.95,7.0
202606231318,262.71,262.42,263.2,262.42,41.0
202606231319,262.4,262.05,263.1,262.02,19.0
202606231320,262.05,262.6,262.6,262.05,10.0
202606231321,262.88,263.0,263.0,262.83,15.0
202606231322,263.35,263.4,263.4,263.24,7.0
202606231323,262.8,263.39,263.39,262.8,7.0
202606231324,262.8,262.45,262.8,262.45,3.0
202606231325,262.23,262.0,262.25,261.6,40.0
202606231326,261.44,261.35,262.0,261.0,26.0
202606231327,261.12,260.58,261.96,260.58,71.0
202606231328,261.39,260.0,261.71,260.0,63.0
202606231329,260.53,261.73,262.32,260.53,69.0
202606231330,261.58,258.74,261.98,255.26,4172.0
202606231331,258.72,258.23,258.9,256.71,1213.0
202606231332,257.93,262.62,263.28,257.92,1294.0
202606231333,262.8,260.55,262.89,260.18,863.0
202606231334,260.55,260.97,261.2,259.79,851.0
202606231335,260.76,261.5,262.0,260.29,557.0
202606231336,261.3,256.62,261.3,256.0,814.0
202606231337,256.42,259.62,260.42,255.87,927.0
202606231338,259.62,259.85,261.11,259.11,801.0
202606231339,260.0,260.52,261.0,259.97,321.0
202606231340,260.83,259.64,260.95,258.61,634.0
202606231341,259.47,260.31,260.52,259.11,341.0
202606231342,260.28,260.8,261.33,260.25,313.0
202606231343,260.76,261.06,261.98,260.19,601.0
202606231344,261.06,262.0,262.75,261.06,679.0
202606231345,261.75,262.08,262.29,260.88,631.0
202606231346,261.98,261.49,262.32,261.08,465.0
202606231347,261.37,262.52,262.97,261.32,498.0
202606231348,262.52,262.6,263.19,262.42,716.0
202606231349,262.52,261.94,263.04,261.65,494.0
202606231350,262.02,262.87,262.92,262.0,224.0
202606231351,262.84,263.46,264.29,262.65,849.0
202606231352,263.56,263.14,263.94,262.82,578.0
202606231353,263.06,263.31,263.81,262.95,441.0
202606231354,263.43,263.33,263.79,262.42,527.0
202606231355,263.22,263.58,264.0,263.22,325.0
202606231356,263.56,263.68,263.96,263.28,448.0
202606231357,263.5,264.25,264.5,263.42,493.0
202606231358,264.24,264.3,264.6,263.8,369.0
202606231359,264.48,264.45,264.6,264.19,322.0
202606231400,264.35,264.03,264.69,263.54,320.0
202606231401,264.03,265.48,265.78,264.02,788.0
202606231402,265.49,265.53,265.56,264.63,492.0
202606231403,265.54,265.71,266.37,265.52,551.0
202606231404,265.61,264.09,265.91,263.5,541.0
202606231405,264.18,264.59,265.29,263.71,250.0
202606231406,264.14,264.7,264.88,263.79,329.0
202606231407,264.85,264.86,265.26,264.69,204.0
202606231408,264.99,262.67,264.99,262.64,591.0
202606231409,262.66,263.52,263.65,262.53,318.0
202606231410,263.55,262.93,263.98,262.69,363.0
202606231411,262.94,263.53,263.72,262.5,274.0
202606231412,263.55,263.04,263.55,262.01,213.0
202606231413,262.94,262.16,262.94,261.55,277.0
202606231414,262.13,262.33,262.95,261.86,283.0
202606231415,262.16,261.79,262.45,261.7,224.0
202606231416,261.83,263.48,263.75,261.75,362.0
202606231417,263.5,262.76,263.75,262.75,148.0
202606231418,262.78,262.43,262.86,262.15,123.0
202606231419,262.29,262.39,262.67,261.94,183.0
202606231420,262.44,262.68,263.25,262.27,165.0
202606231421,262.63,262.54,262.86,262.35,385.0
202606231422,262.58,262.56,262.75,262.2,176.0
202606231423,262.55,262.81,263.1,262.4,303.0
202606231424,262.71,262.94,263.13,262.55,197.0
202606231425,262.51,263.06,263.43,262.51,285.0
202606231426,262.96,262.5,262.96,262.2,405.0
202606231427,262.7,262.53,262.75,262.32,239.0
202606231428,262.53,263.59,263.74,262.42,146.0
202606231429,263.62,263.5,263.72,263.18,135.0
202606231430,263.59,263.19,263.7,263.19,113.0
202606231431,263.33,262.99,263.33,262.84,108.0
202606231432,262.97,262.85,262.97,262.51,92.0
202606231433,262.84,263.29,263.78,262.83,130.0
202606231434,263.23,263.12,263.38,263.04,107.0
202606231435,263.15,263.11,263.47,262.86,111.0
202606231436,263.27,263.7,263.7,263.23,85.0
202606231437,263.56,263.79,263.8,263.24,104.0
202606231438,263.72,263.08,263.74,262.9,81.0
202606231439,263.22,263.05,263.34,262.81,126.0
202606231440,263.05,263.41,263.42,262.71,89.0
202606231441,263.48,263.41,263.68,263.23,79.0
202606231442,263.38,263.13,263.38,262.76,174.0
202606231443,263.04,263.48,263.69,263.01,141.0
202606231444,263.49,262.83,263.63,262.75,124.0
202606231445,262.89,262.61,263.16,262.61,98.0
202606231446,262.61,262.99,262.99,262.5,145.0
202606231447,263.0,263.15,263.15,262.92,119.0
202606231448,263.1,263.39,263.86,263.09,164.0
202606231449,263.35,263.87,263.9,263.34,151.0
202606231450,263.87,263.98,264.05,263.45,515.0
202606231451,264.04,263.6,264.3,263.55,190.0
202606231452,263.75,263.04,263.75,262.94,126.0
202606231453,263.04,263.62,263.69,263.03,79.0
202606231454,263.48,263.15,263.51,262.7,194.0
202606231455,263.15,263.38,263.5,262.96,155.0
202606231456,263.29,262.69,263.35,262.65,159.0
202606231457,262.68,262.87,262.96,262.5,74.0
202606231458,262.74,262.86,262.96,262.67,39.0
202606231459,262.96,263.62,263.72,262.86,142.0
202606231500,263.62,263.78,264.0,263.43,218.0
202606231501,263.99,264.71,264.79,263.91,325.0
202606231502,264.74,265.1,265.3,264.74,485.0
202606231503,265.07,264.66,265.09,264.43,345.0
202606231504,264.67,265.1,265.26,264.66,232.0
202606231505,265.13,265.45,265.61,264.94,223.0
202606231506,265.47,265.4,265.56,265.21,348.0
202606231507,265.34,265.46,265.5,264.8,231.0
202606231508,265.39,264.88,265.6,264.78,242.0
202606231509,264.87,265.08,265.08,264.6,162.0
202606231510,265.03,264.92,265.22,264.5,197.0
202606231511,264.99,265.12,265.16,264.71,195.0
202606231512,265.05,266.37,266.39,265.05,428.0
202606231513,266.34,266.63,266.64,266.05,610.0
202606231514,266.69,266.99,267.3,266.42,825.0
202606231515,266.99,267.35,267.43,266.72,339.0
202606231516,267.39,267.39,267.53,267.22,307.0
202606231517,267.36,266.22,267.36,266.05,318.0
202606231518,266.2,264.69,266.21,264.56,487.0
202606231519,264.7,263.82,264.91,263.55,450.0
202606231520,263.95,263.66,263.95,263.41,197.0
202606231521,263.83,263.87,264.5,263.58,244.0
202606231522,263.87,263.68,263.9,263.43,136.0
202606231523,263.73,263.03,263.81,262.88,353.0
202606231524,263.0,263.3,263.37,262.96,111.0
202606231525,263.29,263.75,263.75,262.7,257.0
202606231526,263.71,264.2,264.4,263.7,197.0
202606231527,264.2,263.5,264.27,263.5,162.0
202606231528,263.5,263.94,264.02,263.39,72.0
202606231529,264.02,264.06,264.16,263.87,81.0
202606231530,264.06,264.13,264.38,264.0,81.0
202606231531,264.25,263.75,264.47,263.39,258.0
202606231532,263.68,263.89,264.01,263.18,201.0
202606231533,264.01,264.15,264.24,263.74,131.0
202606231534,264.17,264.28,264.44,263.99,124.0
202606231535,264.29,264.75,264.85,264.11,164.0
202606231536,264.76,264.67,265.03,264.62,402.0
202606231537,264.62,264.08,264.62,264.04,108.0
202606231538,264.15,263.54,264.15,263.5,107.0
202606231539,263.54,263.5,263.68,263.31,149.0
202606231540,263.59,263.36,263.59,263.26,125.0
202606231541,263.51,263.18,263.72,263.18,270.0
202606231542,263.25,263.41,263.51,263.22,130.0
202606231543,263.43,263.56,263.75,263.42,66.0
202606231544,263.61,263.61,263.64,263.31,125.0
202606231545,263.61,263.67,263.68,263.47,56.0
202606231546,263.61,263.86,263.97,263.5,224.0
202606231547,263.88,264.22,264.27,263.87,174.0
202606231548,264.27,264.58,264.65,264.23,228.0
202606231549,264.63,263.98,264.67,263.7,218.0
202606231550,264.08,264.3,264.36,264.07,156.0
202606231551,264.23,264.41,264.53,264.22,71.0
202606231552,264.37,264.3,264.5,264.12,63.0
202606231553,264.28,264.36,264.49,264.12,86.0
202606231554,264.36,264.31,264.54,264.22,131.0
202606231555,264.28,263.99,264.39,263.77,102.0
202606231556,264.0,264.23,264.27,263.84,118.0
202606231557,264.27,264.56,264.61,264.15,116.0
202606231558,264.59,264.29,264.72,264.12,113.0
202606231559,264.35,264.73,264.9,264.26,84.0
202606231600,264.78,264.44,264.87,264.37,168.0
202606231601,264.42,264.23,264.59,264.06,58.0
202606231602,264.29,264.22,264.5,264.08,118.0
202606231603,264.33,264.26,264.4,264.16,63.0
202606231604,264.35,264.5,264.75,264.35,101.0
202606231605,264.52,264.59,264.63,264.4,58.0
202606231606,264.54,264.76,264.76,264.37,82.0
202606231607,264.7,264.46,264.88,264.4,100.0
202606231608,264.41,264.76,264.76,264.41,125.0
202606231609,264.87,264.77,264.87,264.68,61.0
202606231610,264.78,265.06,265.17,264.78,173.0
202606231611,264.99,265.22,265.25,264.99,45.0
202606231612,265.22,265.4,265.41,265.16,125.0
202606231613,265.4,265.33,265.48,265.28,144.0
202606231614,265.34,265.11,265.34,265.09,101.0
202606231615,265.03,264.66,265.03,264.64,44.0
202606231616,264.62,264.94,264.99,264.61,77.0
202606231617,264.88,265.14,265.15,264.49,85.0
202606231618,265.08,264.87,265.2,264.87,57.0
202606231619,264.95,264.81,265.09,264.72,41.0
202606231620,264.65,264.52,264.68,264.45,58.0
202606231621,264.57,264.72,264.72,264.48,68.0
202606231622,264.64,264.64,264.75,264.55,65.0
202606231623,264.67,264.76,264.76,264.55,40.0
202606231624,264.7,264.43,264.78,264.43,33.0
202606231625,264.62,264.66,264.68,264.47,46.0
202606231626,264.72,264.89,264.89,264.65,47.0
202606231627,264.92,265.29,265.29,264.92,129.0
202606231628,265.25,265.05,265.33,265.03,111.0
202606231629,265.16,265.33,265.45,265.09,40.0
202606231630,265.34,265.89,265.98,265.26,204.0
202606231631,265.89,265.94,266.17,265.79,120.0
202606231632,265.9,265.97,266.04,265.75,107.0
202606231633,265.93,265.93,266.08,265.73,86.0
202606231634,265.93,265.31,265.93,265.31,144.0
202606231635,265.27,265.21,265.43,265.1,56.0
202606231636,265.22,265.2,265.33,265.14,76.0
202606231637,265.2,265.56,265.56,265.19,66.0
202606231638,265.52,265.61,265.77,265.52,75.0
202606231639,265.69,265.34,265.77,265.33,140.0
202606231640,265.33,265.3,265.43,265.23,54.0
202606231641,265.3,265.2,265.42,265.2,41.0
202606231642,265.17,265.04,265.24,264.95,132.0
202606231643,265.1,265.15,265.3,264.97,84.0
202606231644,265.19,265.05,265.25,264.98,40.0
202606231645,265.03,264.96,265.09,264.95,30.0
202606231646,264.89,265.06,265.22,264.58,102.0
202606231647,265.03,265.07,265.25,264.96,50.0
202606231648,265.03,264.88,265.12,264.86,27.0
202606231649,265.0,265.45,265.57,265.0,157.0
202606231650,265.45,265.16,265.46,265.06,46.0
202606231651,265.16,265.16,265.2,265.06,23.0
202606231652,265.24,265.16,265.28,265.15,33.0
202606231653,265.1,265.44,265.51,265.06,180.0
202606231654,265.34,265.47,265.59,265.23,99.0
202606231655,265.51,265.62,265.73,265.45,60.0
202606231656,265.62,265.5,265.8,265.49,80.0
202606231657,265.42,265.51,265.52,265.39,51.0
202606231658,265.46,265.71,265.8,265.42,56.0
202606231659,265.68,265.37,265.69,265.33,44.0
202606231700,265.39,265.4,265.41,265.3,19.0
202606231701,265.41,265.46,265.46,265.28,26.0
202606231702,265.42,265.65,265.67,265.2,92.0
202606231703,265.48,265.36,265.48,265.21,28.0
202606231704,265.23,265.36,265.38,265.1,73.0
202606231705,265.44,265.62,265.65,265.39,62.0
202606231706,265.63,265.86,265.86,265.6,43.0
202606231707,265.85,265.8,265.93,265.69,65.0
202606231708,265.77,265.92,265.96,265.67,93.0
202606231709,265.94,265.9,266.15,265.83,155.0
202606231710,265.9,265.71,265.97,265.53,73.0
202606231711,265.66,265.76,265.98,265.66,68.0
202606231712,265.83,265.95,265.98,265.83,26.0
202606231713,265.97,265.99,266.1,265.97,85.0
202606231714,265.99,265.98,266.26,265.66,95.0
202606231715,265.84,265.94,265.99,265.78,53.0
202606231716,266.04,265.96,266.08,265.86,27.0
202606231717,265.83,265.75,265.9,265.71,47.0
202606231718,265.82,265.88,265.88,265.62,28.0
202606231719,265.84,265.95,265.96,265.8,31.0
202606231720,265.96,265.79,265.96,265.78,21.0
202606231721,265.87,265.87,266.07,265.82,43.0
202606231722,266.01,265.81,266.01,265.75,39.0
202606231723,265.84,266.14,266.22,265.83,132.0
202606231724,266.18,266.22,266.22,265.96,74.0
202606231725,266.17,266.13,266.26,266.05,67.0
202606231726,266.2,266.34,266.34,266.14,65.0
202606231727,266.34,266.13,266.37,266.1,106.0
202606231728,266.14,266.11,266.24,265.95,147.0
202606231729,266.07,265.92,266.11,265.83,178.0
202606231730,265.92,265.99,266.13,265.91,97.0
202606231731,265.95,266.2,266.27,265.95,119.0
202606231732,266.25,266.06,266.37,266.0,110.0
202606231733,265.99,265.56,266.07,265.55,61.0
202606231734,265.65,265.85,265.87,265.53,83.0
202606231735,265.79,265.74,265.89,265.66,78.0
202606231736,265.73,265.65,265.79,265.64,37.0
202606231737,265.67,265.63,265.85,265.57,51.0
202606231738,265.62,265.52,265.73,265.52,51.0
202606231739,265.62,265.48,265.67,265.31,20.0
202606231740,265.5,265.37,265.5,265.29,86.0
202606231741,265.41,265.47,265.55,265.29,139.0
202606231742,265.47,265.35,265.49,265.35,28.0
202606231743,265.4,265.29,265.66,265.25,145.0
202606231744,265.29,264.88,265.29,264.69,101.0
202606231745,264.88,264.5,264.88,264.32,92.0
202606231746,264.57,264.67,264.67,264.43,54.0
202606231747,264.66,264.27,264.66,264.25,73.0
202606231748,264.27,264.46,264.51,264.27,89.0
202606231749,264.55,264.65,264.85,264.51,173.0
202606231750,264.65,264.4,264.65,264.25,106.0
202606231751,264.45,264.48,264.56,264.31,82.0
202606231752,264.49,263.76,264.5,263.68,166.0
202606231753,263.76,263.9,264.09,263.51,143.0
202606231754,263.93,264.23,264.38,263.81,235.0
202606231755,264.23,264.02,264.28,263.88,61.0
202606231756,264.01,264.0,264.2,263.93,190.0
202606231757,264.0,263.89,264.09,263.88,208.0
202606231758,263.89,263.57,263.89,263.0,1003.0
202606231759,263.54,263.4,263.55,263.36,110.0
202606231800,263.44,263.6,263.6,263.32,126.0
202606231801,263.56,263.07,263.56,263.04,293.0
202606231802,263.2,263.55,263.68,263.08,140.0
202606231803,263.5,263.45,263.6,263.41,108.0
202606231804,263.49,263.54,263.64,263.26,74.0
202606231805,263.64,263.46,263.64,263.41,51.0
202606231806,263.43,263.33,263.53,263.25,116.0
202606231807,263.33,263.11,263.34,263.05,49.0
202606231808,263.11,262.96,263.21,262.88,78.0
202606231809,262.96,263.28,263.29,262.95,37.0
202606231810,263.27,263.36,263.36,263.19,22.0
202606231811,263.31,263.76,263.76,263.31,124.0
202606231812,263.64,263.77,263.84,263.52,83.0
202606231813,263.83,264.06,264.3,263.79,248.0
202606231814,264.04,263.99,264.12,263.87,50.0
202606231815,263.95,263.59,264.23,263.46,168.0
202606231816,263.71,264.89,265.32,263.38,812.0
202606231817,264.77,264.08,266.0,263.69,1310.0
202606231818,264.08,264.11,264.61,263.88,259.0
202606231819,264.11,263.55,264.19,263.55,240.0
202606231820,263.68,264.01,264.01,263.53,498.0
202606231821,263.97,263.94,264.08,263.63,146.0
202606231822,263.81,264.09,264.2,263.77,105.0
202606231823,264.09,264.01,264.32,263.8,76.0
202606231824,263.96,263.72,263.96,263.59,39.0
202606231825,263.81,263.85,264.02,263.72,146.0
202606231826,263.8,263.85,264.0,263.77,31.0
202606231827,263.85,263.88,264.0,263.73,98.0
202606231828,263.81,263.99,264.18,263.78,112.0
202606231829,264.06,264.25,264.25,263.96,85.0
202606231830,264.26,264.15,264.26,264.07,83.0
202606231831,264.15,264.12,264.15,263.87,148.0
202606231832,264.16,264.52,264.61,264.12,77.0
202606231833,264.62,264.48,264.75,264.34,98.0
202606231834,264.54,264.71,264.72,264.4,35.0
202606231835,264.56,264.73,264.89,264.56,97.0
202606231836,264.8,264.36,264.82,264.36,51.0
202606231837,264.26,263.93,264.26,263.9,108.0
202606231838,264.01,263.25,264.01,263.11,209.0
202606231839,263.25,263.08,263.32,263.0,133.0
202606231840,263.11,261.72,263.15,261.71,320.0
202606231841,261.68,262.16,262.32,261.68,155.0
202606231842,262.09,261.68,262.14,261.5,158.0
202606231843,261.62,261.15,261.7,261.1,182.0
202606231844,261.13,261.05,261.25,261.0,111.0
202606231845,261.0,261.36,261.67,260.85,191.0
202606231846,261.38,261.12,261.39,261.1,49.0
202606231847,261.12,260.97,261.21,260.95,101.0
202606231848,260.99,261.17,261.23,260.91,91.0
202606231849,261.09,261.06,261.17,260.97,81.0
202606231850,261.15,261.5,261.54,261.15,112.0
202606231851,261.42,261.86,261.96,261.4,177.0
202606231852,261.92,262.53,262.53,261.86,125.0
202606231853,262.42,262.36,262.54,262.3,123.0
202606231854,262.33,262.4,262.4,262.13,43.0
202606231855,262.36,262.09,262.41,262.01,37.0
202606231856,262.1,262.32,262.32,262.09,102.0
202606231857,262.23,262.3,262.38,262.03,185.0
202606231858,262.31,262.28,262.32,262.02,114.0
202606231859,262.35,262.63,262.68,262.34,119.0
202606231900,262.55,263.0,263.01,262.43,140.0
202606231901,262.94,262.98,263.12,262.82,145.0
202606231902,263.08,263.4,263.43,262.98,95.0
202606231903,263.46,263.4,263.51,263.31,138.0
202606231904,263.49,263.56,263.62,263.4,68.0
202606231905,263.56,263.5,263.73,263.49,166.0
202606231906,263.36,263.04,263.44,263.03,61.0
202606231907,263.12,263.35,263.41,263.1,282.0
202606231908,263.25,263.03,263.4,262.89,191.0
202606231909,263.03,262.86,263.11,262.84,189.0
202606231910,262.89,263.11,263.16,262.86,104.0
202606231911,263.11,263.3,263.3,263.01,70.0
202606231912,263.29,263.22,263.3,263.12,38.0
202606231913,263.18,262.54,263.18,262.54,85.0
202606231914,262.66,262.71,262.78,262.65,19.0
202606231915,262.72,262.71,262.86,262.63,192.0
202606231916,262.76,262.89,262.89,262.64,347.0
202606231917,262.77,262.67,262.77,262.57,235.0
202606231918,262.67,262.52,262.67,262.31,296.0
202606231919,262.57,262.64,262.79,262.49,85.0
202606231920,262.65,262.59,262.75,262.59,31.0
202606231921,262.63,262.87,262.87,262.47,105.0
202606231922,262.87,262.81,263.0,262.75,65.0
202606231923,262.83,263.06,263.19,262.81,83.0
202606231924,263.12,263.3,263.3,263.03,181.0
202606231925,263.2,263.06,263.32,263.05,93.0
202606231926,263.05,263.17,263.47,263.04,106.0
202606231927,263.18,263.23,263.31,263.11,131.0
202606231928,263.23,263.5,263.57,263.21,121.0
202606231929,263.5,263.48,263.58,263.42,92.0
202606231930,263.47,263.2,263.53,263.11,132.0
202606231931,263.24,263.0,263.4,263.0,152.0
202606231932,263.01,262.64,263.06,262.38,210.0
202606231933,262.6,262.61,262.84,262.6,98.0
202606231934,262.65,262.9,263.05,262.58,133.0
202606231935,262.98,263.1,263.16,262.91,111.0
202606231936,263.15,263.17,263.24,262.94,205.0
202606231937,263.17,263.56,263.56,263.16,131.0
202606231938,263.57,263.46,263.57,263.26,121.0
202606231939,263.5,263.49,263.72,263.49,77.0
202606231940,263.44,263.65,263.8,263.44,128.0
202606231941,263.72,263.53,263.74,263.51,67.0
202606231942,263.53,263.62,263.62,263.34,205.0
202606231943,263.56,263.88,263.88,263.54,98.0
202606231944,263.81,264.07,264.22,263.8,132.0
202606231945,264.08,264.27,264.65,264.08,349.0
202606231946,264.18,264.27,264.46,264.17,108.0
202606231947,264.33,264.29,264.44,264.2,231.0
202606231948,264.28,264.07,264.33,264.02,472.0
202606231949,264.12,263.52,264.16,263.4,268.0
202606231950,263.57,264.42,264.42,263.21,441.0
202606231951,264.39,263.86,264.44,263.71,290.0
202606231952,263.88,263.82,263.94,263.5,202.0
202606231953,263.81,264.07,264.08,263.47,398.0
202606231954,264.07,264.17,264.28,263.78,471.0
202606231955,264.09,264.32,264.65,263.86,760.0
202606231956,264.27,264.75,264.78,264.2,783.0
202606231957,264.75,264.63,264.94,264.55,541.0
202606231958,264.69,264.63,264.96,264.47,910.0
202606231959,264.73,264.95,265.09,264.59,2118.0
202606232000,264.82,264.75,264.94,264.57,11175.0
202606232001,264.55,264.5,264.62,263.3,127.0
202606232002,263.3,264.38,264.38,263.3,30.0
202606232003,264.3,264.4,264.4,264.2,16.0
202606232004,264.3,264.51,264.66,264.3,9.0
202606232005,264.51,264.7,264.7,264.33,5.0
202606232006,264.39,264.41,264.42,264.35,7.0
202606232007,264.41,264.41,264.41,264.41,0.0
202606232008,264.3,264.3,264.3,264.3,1.0
202606232009,264.3,264.39,264.39,264.3,6.0
202606232010,264.31,264.31,264.49,264.31,9.0
202606232011,264.31,264.45,264.48,264.3,11.0
202606232012,264.48,264.48,264.48,264.48,1.0
202606232013,264.36,264.45,264.45,264.35,3.0
202606232014,264.37,264.37,264.37,264.36,2.0
202606232015,264.31,264.3,264.31,264.3,4.0
202606232016,264.21,264.0,264.23,264.0,15.0
202606232017,263.79,264.11,264.11,263.79,5.0
202606232018,264.94,264.07,264.94,264.07,271.0
202606232019,263.85,263.8,263.85,263.79,4.0
202606232020,263.8,263.8,263.8,263.8,0.0
202606232021,264.11,264.11,264.11,264.11,1.0
202606232022,263.8,263.8,263.8,263.8,1.0
202606232023,263.6,263.6,263.6,263.6,5.0
202606232024,263.8,264.18,264.18,263.77,8.0
202606232025,264.18,264.18,264.18,264.18,0.0
202606232026,264.19,264.19,264.19,264.19,1.0
202606232027,263.8,263.8,263.8,263.8,2.0
202606232028,263.8,263.8,263.8,263.8,0.0
202606232029,263.8,263.8,263.8,263.8,0.0
202606232030,264.58,264.7,264.7,264.58,2.0
202606232031,264.66,264.24,264.66,264.24,8.0
202606232032,264.24,264.24,264.24,264.24,0.0
202606232033,263.82,263.82,263.82,263.82,1.0
202606232034,263.8,263.77,263.8,263.77,13.0
202606232035,263.72,263.74,263.74,263.72,3.0
202606232036,263.74,263.74,263.74,263.74,0.0
202606232037,263.57,263.56,263.57,263.5,20.0
202606232038,263.5,263.5,263.5,263.5,1.0
202606232039,263.0,263.0,263.0,263.0,2.0
202606232040,263.06,263.0,263.14,263.0,16.0
202606232041,263.0,263.0,263.0,263.0,3.0
202606232042,263.0,263.0,263.0,263.0,0.0
202606232043,263.5,263.5,263.5,263.5,1.0
202606232044,263.36,263.36,263.36,263.35,3.0
202606232045,263.36,263.36,263.36,263.36,0.0
202606232046,263.36,263.36,263.36,263.36,0.0
202606232047,263.36,263.36,263.36,263.36,0.0
202606232048,263.36,263.36,263.36,263.36,0.0
202606232049,263.36,263.36,263.36,263.36,0.0
202606232050,263.5,263.5,263.54,263.5,8.0
202606232051,263.59,263.59,263.6,263.59,2.0
202606232052,263.36,263.36,263.36,263.36,3.0
202606232053,263.3,263.3,263.31,263.3,1.0
202606232054,263.74,263.74,263.74,263.74,1.0
202606232055,263.43,263.43,263.44,263.43,10.0
202606232056,263.43,263.43,263.43,263.43,0.0
202606232057,263.77,263.77,263.77,263.77,1.0
202606232058,263.71,263.71,263.71,263.71,1.0
202606232059,263.71,263.71,263.71,263.71,0.0
202606232100,263.71,263.71,263.71,263.71,0.0
202606232101,263.77,263.77,263.77,263.77,1.0
202606232102,263.77,263.77,263.77,263.77,0.0
202606232103,263.77,263.77,263.77,263.77,0.0
202606232104,263.78,263.78,263.78,263.78,1.0
202606232105,263.79,263.79,263.79,263.79,2.0
202606232106,263.71,263.69,263.72,263.69,2.0
202606232107,263.69,263.69,263.69,263.69,0.0
202606232108,263.69,263.69,263.69,263.69,0.0
202606232109,263.88,263.9,263.9,263.88,3.0
202606232110,263.9,263.9,263.9,263.9,0.0
202606232111,263.9,263.9,263.9,263.9,0.0
202606232112,263.9,263.9,263.9,263.9,0.0
202606232113,263.9,263.9,263.9,263.9,0.0
202606232114,263.9,263.9,263.9,263.9,0.0
202606232115,263.9,263.9,263.9,263.9,0.0
202606232116,263.9,263.9,263.9,263.9,0.0
202606232117,263.9,263.9,263.9,263.9,0.0
202606232118,263.9,263.9,263.9,263.9,0.0
202606232119,263.76,263.76,263.76,263.76,1.0
202606232120,264.01,264.01,264.02,264.0,3.0
202606232121,263.77,263.77,263.77,263.77,1.0
202606232122,263.77,263.77,263.77,263.77,0.0
202606232123,264.01,264.01,264.01,264.01,1.0
202606232124,264.01,264.01,264.01,264.01,0.0
202606232125,264.0,264.0,264.0,264.0,1.0
202606232126,264.0,264.0,264.0,264.0,0.0
202606232127,264.0,264.0,264.0,264.0,0.0
202606232128,264.0,264.0,264.0,264.0,0.0
202606232129,264.0,264.0,264.0,264.0,0.0
202606232130,264.0,264.0,264.0,264.0,0.0
202606232131,264.0,264.0,264.0,264.0,0.0
202606232132,264.0,264.0,264.0,264.0,0.0
202606232133,264.13,264.13,264.14,264.13,1.0
202606232134,263.81,263.81,263.81,263.81,2.0
202606232135,263.76,263.76,263.76,263.75,5.0
202606232136,263.99,263.99,263.99,263.99,1.0
202606232137,263.99,263.99,263.99,263.99,0.0
202606232138,263.99,263.99,263.99,263.99,0.0
202606232139,263.99,263.99,263.99,263.99,0.0
202606232140,263.99,263.99,263.99,263.99,0.0
202606232141,263.99,263.99,263.99,263.99,0.0
202606232142,263.99,263.99,263.99,263.99,0.0
202606232143,263.99,263.99,263.99,263.99,0.0
202606232144,263.99,263.99,263.99,263.99,0.0
202606232145,264.1,264.1,264.1,264.1,1.0
202606232146,263.75,263.75,263.75,263.75,1.0
202606232147,263.88,263.76,263.88,263.76,5.0
202606232148,263.87,263.87,263.87,263.87,2.0
202606232149,263.87,263.87,263.87,263.87,0.0
202606232150,263.87,263.87,263.87,263.87,0.0
202606232151,263.87,263.87,263.87,263.87,0.0
202606232152,264.0,263.83,264.0,263.82,10.0
202606232153,263.84,264.0,264.0,263.84,6.0
202606232154,264.0,264.0,264.0,264.0,1.0
202606232155,264.34,264.34,264.34,264.33,1.0
202606232156,264.15,264.15,264.16,264.15,2.0
202606232157,264.15,264.15,264.15,264.15,0.0
202606232158,264.34,264.34,264.34,264.33,5.0
202606232159,264.34,264.34,264.34,264.34,0.0
202606232200,264.34,264.34,264.34,264.34,0.0
202606232201,264.29,264.29,264.29,264.29,1.0
202606232202,264.35,264.32,264.35,264.31,4.0
202606232203,264.29,264.29,264.3,264.29,1.0
202606232204,264.29,264.29,264.29,264.29,0.0
202606232205,264.29,264.29,264.29,264.29,0.0
202606232206,264.29,264.29,264.29,264.29,0.0
202606232207,264.29,264.29,264.29,264.29,0.0
202606232208,264.32,264.32,264.32,264.32,1.0
202606232209,264.32,264.32,264.32,264.32,0.0
202606232210,264.32,264.32,264.32,264.32,0.0
202606232211,264.07,264.07,264.07,264.07,1.0
202606232212,264.25,264.25,264.26,264.24,5.0
202606232213,264.25,264.25,264.25,264.25,0.0
202606232214,264.26,264.26,264.26,264.26,1.0
202606232215,264.26,264.26,264.26,264.26,0.0
202606232216,264.26,264.26,264.26,264.26,0.0
202606232217,264.26,264.26,264.26,264.26,0.0
202606232218,264.41,264.43,264.43,264.4,15.0
202606232219,264.3,264.3,264.3,264.29,1.0
202606232220,264.3,264.3,264.3,264.3,0.0
202606232221,264.5,264.5,264.5,264.5,6.0
202606232222,264.5,264.5,264.5,264.5,0.0
202606232223,264.94,264.6,264.94,264.41,8.0
202606232224,264.6,264.6,264.6,264.6,0.0
202606232225,264.6,264.6,264.6,264.6,0.0
202606232226,264.6,264.6,264.6,264.6,0.0
202606232227,264.1,264.1,264.11,264.1,1.0
202606232228,264.1,264.1,264.1,264.1,0.0
202606232229,264.1,264.1,264.1,264.1,0.0
202606232230,264.1,264.1,264.1,264.1,0.0
202606232231,264.1,264.1,264.1,264.1,0.0
202606232232,264.25,264.24,264.34,264.24,10.0
202606232233,264.24,264.24,264.24,264.24,0.0
202606232234,264.4,264.4,264.4,264.4,1.0
202606232235,264.4,264.4,264.4,264.4,0.0
202606232236,264.4,264.4,264.4,264.4,0.0
202606232237,264.05,264.05,264.05,264.05,35.0
202606232238,264.05,264.05,264.05,264.05,0.0
202606232239,264.05,264.05,264.05,264.05,0.0
202606232240,264.05,264.05,264.05,264.05,0.0
202606232241,264.46,264.46,264.46,264.46,1.0
202606232242,264.46,264.46,264.46,264.46,0.0
202606232243,264.46,264.46,264.46,264.46,0.0
202606232244,264.46,264.46,264.46,264.46,0.0
202606232245,264.46,264.46,264.46,264.46,0.0
202606232246,264.46,264.46,264.46,264.46,0.0
202606232247,264.46,264.46,264.46,264.46,0.0
202606232248,264.46,264.46,264.46,264.46,0.0
202606232249,264.37,264.07,264.37,264.07,13.0
202606232250,264.1,264.1,264.1,264.09,4.0
202606232251,264.1,264.1,264.1,264.1,0.0
202606232252,264.13,264.13,264.14,264.13,1.0
202606232253,264.13,264.13,264.13,264.13,0.0
202606232254,264.11,264.11,264.11,264.1,1.0
202606232255,264.11,264.11,264.11,264.11,0.0
202606232256,264.11,264.11,264.11,264.11,0.0
202606232257,264.38,264.38,264.38,264.38,1.0
202606232258,264.42,264.42,264.43,264.42,1.0
202606232259,264.42,264.42,264.42,264.42,0.0
202606232300,264.42,264.42,264.42,264.42,0.0
202606232301,264.42,264.42,264.42,264.42,0.0
202606232302,264.42,264.42,264.42,264.42,0.0
202606232303,264.39,264.39,264.4,264.39,1.0
202606232304,264.23,264.23,264.23,264.22,1.0
202606232305,264.22,264.22,264.22,264.22,1.0
202606232306,264.22,264.22,264.22,264.22,0.0
202606232307,264.18,264.18,264.18,264.18,1.0
202606232308,264.18,264.18,264.18,264.18,0.0
202606232309,264.05,264.05,264.05,264.05,1.0
202606232310,264.05,264.05,264.05,264.05,6.0
202606232311,264.05,264.05,264.06,264.05,10.0
202606232312,264.06,264.06,264.06,264.06,8.0
202606232313,264.06,264.06,264.06,264.06,0.0
202606232314,264.05,264.05,264.05,264.05,15.0
202606232315,264.05,264.05,264.05,264.05,1.0
202606232316,264.05,264.05,264.05,264.05,0.0
202606232317,264.05,264.05,264.05,264.05,0.0
202606232318,264.05,264.05,264.05,264.05,0.0
202606232319,264.05,264.05,264.05,264.05,0.0
202606232320,264.05,264.05,264.05,264.05,0.0
202606232321,264.05,264.05,264.05,264.05,0.0
202606232322,264.05,264.05,264.05,264.05,0.0
202606232323,264.05,264.05,264.05,264.05,0.0
202606232324,264.05,264.05,264.05,264.05,0.0
202606232325,264.05,264.05,264.05,264.05,0.0
202606232326,264.05,264.05,264.05,264.05,1.0
202606232327,264.05,264.05,264.05,264.05,0.0
202606232328,264.05,264.05,264.05,264.05,0.0
202606232329,264.14,264.05,264.14,264.05,3.0
202606232330,264.05,264.05,264.05,264.05,0.0
202606232331,264.05,264.05,264.05,264.05,0.0
202606232332,264.05,264.05,264.05,264.05,0.0
202606232333,264.05,264.05,264.05,264.05,0.0
202606232334,264.05,264.05,264.05,264.05,0.0
202606232335,264.05,264.05,264.05,264.05,0.0
202606232336,264.06,264.06,264.06,264.06,4.0
202606232337,264.26,264.54,264.54,264.26,4.0
202606232338,264.05,264.05,264.05,264.05,10.0
202606232339,264.05,264.05,264.05,264.05,0.0
202606232340,264.05,264.05,264.05,264.05,0.0
202606232341,264.05,264.05,264.05,264.05,0.0
202606232342,264.05,264.05,264.05,264.05,0.0
202606232343,264.05,264.05,264.05,264.05,0.0
202606232344,264.1,264.1,264.1,264.1,1.0
202606232345,264.1,264.1,264.1,264.1,0.0
202606232346,264.1,264.1,264.1,264.1,0.0
202606232347,264.1,264.1,264.1,264.1,0.0
202606232348,264.1,264.1,264.1,264.1,0.0
202606232349,264.4,264.4,264.4,264.4,1.0
202606232350,264.4,264.4,264.4,264.4,0.0
202606232351,264.4,264.4,264.4,264.4,0.0
202606232352,264.3,264.3,264.3,264.29,7.0
202606232353,264.2,264.17,264.25,264.16,4.0
202606232354,264.18,264.21,264.45,264.18,7.0
202606232355,264.2,264.05,264.2,264.05,4.0
202606232356,264.05,264.05,264.05,264.05,0.0
202606232357,264.24,264.24,264.24,264.23,1.0
202606232358,264.08,264.1,264.11,264.05,6.0
202606232359,264.1,264.14,264.24,264.1,3.0
202606240800,264.14,264.7932,264.94,261.6,0.0
202606240801,263.88,264.14,264.16,261.81,0.0
202606240802,264.12,264.23,264.26,263.5,0.0
202606240803,264.17,261.97,264.23,261.76,0.0
202606240804,261.9,263.48,264.13,261.76,0.0
202606240805,263.43,263.83,264.26,261.82,0.0
202606240806,263.92,263.77,264.05,263.5,0.0
202606240807,263.77,263.5,263.94,262.5524,0.0
202606240808,263.5453,263.5,263.5807,263.5,0.0
202606240809,263.5187,263.36,263.58,263.36,0.0
202606240810,263.26,263.5,263.5,263.26,0.0
202606240811,263.74,263.5,264.0,263.12,0.0
202606240812,263.11,262.83,263.76,262.65,0.0
202606240813,262.83,262.5997,262.97,262.51,0.0
202606240814,262.5646,262.97,263.0,262.56,0.0
202606240815,262.9,262.92,262.92,262.9,0.0
202606240816,262.81,263.0,263.31,262.81,0.0
202606240817,263.31,263.2,263.31,262.9817,0.0
202606240818,263.1857,263.18,263.1857,263.06,0.0
202606240819,263.31,263.26,263.45,263.18,0.0
202606240820,263.06,263.47,264.9475,263.06,0.0
202606240821,263.47,263.45,263.47,263.45,0.0
202606240822,263.35,263.72,263.72,263.3,0.0
202606240823,263.5,263.72,263.72,263.45,0.0
202606240824,263.13,263.84,263.84,263.13,0.0
202606240825,263.36,263.58,263.73,263.14,0.0
202606240826,263.45,263.58,263.58,263.45,0.0
202606240827,263.58,263.6,263.6,263.45,0.0
202606240828,263.51,263.5096,263.57,263.43,0.0
202606240829,263.49,263.58,263.58,263.47,0.0
202606240830,263.33,263.33,263.5,263.33,0.0
202606240831,263.6,263.23,263.6,263.23,0.0
202606240832,263.49,263.39,263.6,263.39,0.0
202606240833,263.39,263.8,263.8,263.39,0.0
202606240834,263.23,263.7,263.9,263.23,0.0
202606240835,263.6,263.9,263.9,263.6,0.0
202606240836,263.8,263.6,263.8,263.6,0.0
202606240837,263.5005,263.39,263.68,263.23,0.0
202606240838,263.51,263.9,263.9,263.51,0.0
202606240839,263.72,263.33,263.8971,263.33,0.0
202606240840,263.39,263.66,263.66,263.39,0.0
202606240841,263.3312,263.448,263.5,263.3312,0.0
202606240842,263.37,264.7488,264.7488,263.37,0.0
202606240843,263.15,263.44,263.9,263.15,0.0
202606240844,263.45,263.44,263.85,263.44,0.0
202606240845,263.44,263.44,263.46,263.44,0.0
202606240846,263.8,263.41,263.8,263.41,0.0
202606240847,263.46,263.41,263.72,263.41,0.0
202606240848,263.4,263.38,263.46,263.2,0.0
202606240849,263.38,263.51,263.51,263.35,0.0
202606240850,263.38,263.38,263.38,263.38,0.0
202606240851,263.41,263.38,263.41,263.38,0.0
202606240852,263.62,263.61,263.62,263.38,0.0
202606240853,263.6,263.6,263.6,263.6,0.0
202606240854,263.59,263.52,263.7,263.52,0.0
202606240855,263.6,263.7,263.75,263.6,0.0
202606240856,263.7,263.75,263.75,263.57,0.0
202606240857,263.4136,263.4136,263.4136,263.4136,0.0
202606240858,263.5,263.45,263.5,263.41,0.0
202606240859,263.49,263.45,263.51,263.45,0.0
202606240900,263.57,263.57,263.57,263.57,0.0
202606240902,263.219,263.39,263.47,263.219,0.0
202606240903,263.53,263.56,263.56,263.45,0.0
202606240904,263.45,263.56,263.56,263.45,0.0
202606240905,263.56,263.4544,263.56,263.2,0.0
202606240906,263.43,263.43,263.43,263.43,0.0
202606240907,263.37,263.33,263.37,263.33,0.0
202606240908,263.37,263.33,263.39,263.33,0.0
202606240909,263.37,263.3542,263.37,263.3542,0.0
202606240910,263.37,263.4,263.4,263.37,0.0
202606240911,263.38,263.45,263.45,263.38,0.0
202606240912,263.39,263.52,263.52,263.3721,0.0
202606240913,263.4,263.4,263.4,263.4,0.0
202606240915,263.37,263.5,263.5,263.37,0.0
202606240916,263.5,263.37,263.5,263.1571,0.0
202606240917,263.3505,263.37,263.47,263.3505,0.0
202606240918,263.36,263.23,263.36,263.23,0.0
202606240919,263.3,263.48,263.48,263.13,0.0
202606240920,263.21,263.36,263.36,263.21,0.0
202606240921,263.95,263.95,263.95,263.95,0.0
202606240922,263.2719,263.2719,263.2719,263.2719,0.0
202606240924,263.2734,263.33,263.33,263.13,0.0
202606240927,263.1512,263.47,263.9397,263.1512,0.0
202606240928,263.47,263.33,263.47,263.33,0.0
202606240929,263.33,263.33,263.33,263.33,0.0
202606240930,263.1922,263.1922,263.1922,263.1922,0.0
202606240931,263.3,263.19,263.3,263.15,0.0
202606240932,263.15,263.96,263.96,263.15,0.0
202606240933,263.47,263.4,263.47,263.4,0.0
202606240934,263.96,264.04,264.1,263.2987,0.0
202606240935,264.24,265.3944,265.3944,264.0,0.0
202606240936,264.87,264.09,265.39,264.0,0.0
202606240937,264.02,264.06,265.39,264.02,0.0
202606240938,264.11,264.62,264.62,264.1,0.0
202606240939,264.575,264.575,264.575,264.575,0.0
202606240940,264.14,263.8384,264.52,263.7,0.0
202606240941,263.7,264.04,264.15,263.7,0.0
202606240942,264.04,264.0,264.04,264.0,0.0
202606240943,264.04,263.9,264.6,263.9,0.0
202606240944,263.76,264.23,264.23,263.76,0.0
202606240945,264.32,264.325,264.325,263.72,0.0
202606240946,263.72,263.8,263.83,263.65,0.0
202606240947,263.99,264.2867,264.2867,263.99,0.0
202606240948,264.0,264.0,264.0,264.0,0.0
202606240949,264.3654,264.36,264.3654,264.36,0.0
202606240950,264.17,264.15,264.36,264.14,0.0
202606240951,264.92,264.92,264.92,264.92,0.0
202606240952,264.36,264.8,264.94,264.33,0.0
202606240953,264.63,264.9034,264.9034,264.6,0.0
202606240954,264.5,264.94,264.94,264.5,0.0
202606240955,264.75,264.8,264.9,264.75,0.0
202606240956,264.82,264.82,264.84,264.8,0.0
202606240957,264.7,264.82,264.82,264.7,0.0
202606240958,264.54,264.8497,264.8497,264.44,0.0
202606240959,264.7,264.8062,264.8062,264.7,0.0
202606241000,264.84,264.42,264.84,264.42,0.0
202606241001,264.25,264.4,264.4,264.25,0.0
202606241002,264.8,264.48,264.8,264.42,0.0
202606241003,264.48,264.5,264.81,264.44,0.0
202606241004,264.48,264.9785,264.9785,264.48,0.0
202606241005,264.66,264.4,264.68,264.4,0.0
202606241006,264.68,264.68,264.68,264.68,0.0
202606241007,264.77,264.8389,264.97,264.1615,0.0
202606241008,264.7,264.7,264.7,264.7,0.0
202606241009,264.7,264.7,264.81,264.7,0.0
202606241010,264.7,264.7,264.9,264.7,0.0
202606241011,264.9,264.91,265.0,264.14,0.0
202606241012,264.91,264.96,264.96,264.85,0.0
202606241013,265.0,265.0,265.0,264.7,0.0
202606241014,264.92,264.89,264.9988,264.89,0.0
202606241015,264.89,264.83,264.89,264.83,0.0
202606241016,264.8,264.87,264.87,264.48,0.0
202606241017,264.24,264.73,264.73,264.24,0.0
202606241018,264.72,264.72,264.72,264.72,0.0
202606241019,264.76,264.51,264.94,264.3,0.0
202606241020,264.34,264.3,264.34,264.3,0.0
202606241021,264.94,264.94,264.94,264.34,0.0
202606241022,264.8,264.3,264.8,264.3,0.0
202606241023,264.3,264.74,264.74,264.26,0.0
202606241024,264.34,264.31,264.6,264.31,0.0
202606241025,264.44,264.2943,264.83,264.24,0.0
202606241026,264.25,264.25,264.25,264.24,0.0
202606241027,264.29,264.26,264.9479,264.0,0.0
202606241028,264.4,264.9479,265.0,264.17,0.0
202606241029,264.06,264.5,264.5,264.0521,0.0
202606241030,264.9988,264.9988,264.9988,264.9988,0.0
202606241032,264.9479,264.34,264.9479,264.34,0.0
202606241033,264.8,264.5,264.8,264.37,0.0
202606241034,264.46,264.76,264.8,264.01,0.0
202606241035,264.39,264.39,264.39,264.17,0.0
202606241037,264.4,264.7,264.76,264.2,0.0
202606241038,264.39,264.975,264.975,264.28,0.0
202606241039,264.25,264.78,264.78,264.25,0.0
202606241040,264.0,264.53,264.53,264.0,0.0
202606241041,264.194,264.194,264.194,264.194,0.0
202606241042,264.3,264.3,264.3,264.3,0.0
202606241043,264.3,264.78,264.975,264.3,0.0
202606241044,264.8,264.78,264.8014,264.78,0.0
202606241045,265.0,264.78,265.0,264.53,0.0
202606241046,264.78,264.68,264.9,264.53,0.0
202606241047,264.68,264.68,264.68,264.68,0.0
202606241048,264.7,264.72,264.845,264.7,0.0
202606241049,264.72,264.88,264.88,264.72,0.0
202606241050,264.9,264.83,264.9,264.8,0.0
202606241051,264.71,264.81,264.83,264.7,0.0
202606241052,264.89,264.7643,264.89,264.7643,0.0
202606241053,265.33,264.89,265.33,264.87,0.0
202606241054,264.88,264.88,264.88,264.88,0.0
202606241055,264.88,264.88,264.88,264.88,0.0
202606241056,264.89,264.9,264.9,264.88,0.0
202606241057,264.89,264.8899,264.9,264.88,0.0
202606241058,264.85,264.63,264.85,264.63,0.0
202606241059,264.77,264.63,264.77,264.63,0.0
202606241100,264.53,264.1,265.48,264.1,0.0
202606241101,264.73,264.99,265.01,264.73,0.0
202606241102,264.98,264.54,265.5,264.54,0.0
202606241103,265.0,264.9,265.0,264.7212,0.0
202606241104,264.8,265.14,265.14,264.8,0.0
202606241105,265.0,264.93,265.0,264.85,0.0
202606241106,265.0,265.1,265.1,264.5401,0.0
202606241107,264.6978,265.0,265.0,264.6128,0.0
202606241108,264.74,264.7,264.988,264.69,0.0
202606241109,264.77,264.54,265.0,264.54,0.0
202606241110,265.0,264.76,265.0708,264.54,0.0
202606241111,264.9,264.89,265.0272,264.7023,0.0
202606241112,264.77,265.09,265.1,264.77,0.0
202606241113,265.09,265.0,265.09,264.9,0.0
202606241114,265.0,265.0,265.0,265.0,0.0
202606241115,264.9,264.96,265.1,264.8,0.0
202606241116,264.85,264.8,265.0708,264.5622,0.0
202606241117,264.54,265.0,265.0,264.1,0.0
202606241118,265.1,264.8,265.1,264.125,0.0
202606241119,264.8,264.65,264.8,264.65,0.0
202606241120,265.0,264.72,265.0,264.72,0.0
202606241121,264.15,264.15,264.73,264.15,0.0
202606241122,264.73,265.0,265.0,264.46,0.0
202606241123,264.66,264.9,265.0,264.53,0.0
202606241124,264.58,264.58,264.8025,264.56,0.0
202606241125,264.9,264.56,264.9,264.5,0.0
202606241126,264.7,264.7,264.89,264.21,0.0
202606241127,264.47,264.58,264.6,264.2462,0.0
202606241128,264.6,264.55,264.7873,264.51,0.0
202606241129,264.55,264.7808,264.7808,264.55,0.0
202606241130,264.8,264.58,264.8,264.51,0.0
202606241131,264.57,264.67,264.8,264.5097,0.0
202606241132,264.79,264.8,264.8697,264.56,0.0
202606241133,264.7803,264.77,264.7803,264.6,0.0
202606241134,264.67,264.6,264.8705,264.58,0.0
202606241135,264.55,264.54,264.8,264.54,0.0
202606241136,264.77,264.8,264.8,264.6,0.0
202606241137,264.85,264.54,265.01,264.54,0.0
202606241138,264.9379,264.85,264.9382,264.85,0.0
202606241139,264.85,264.85,265.1,264.85,0.0
202606241140,265.1,264.93,265.1,264.85,0.0
202606241141,265.0,264.93,265.09,264.6,0.0
202606241142,264.6,264.8,265.08,264.6,0.0
202606241143,264.75,264.6,264.8,264.54,0.0
202606241144,264.65,264.89,264.94,264.6,0.0
202606241145,264.6,264.54,264.9,264.5,0.0
202606241146,264.88,264.7,264.88,264.5,0.0
202606241147,264.9785,264.5941,264.9785,264.5941,0.0
202606241148,264.6,264.5,264.6434,264.5,0.0
202606241149,265.0,264.65,265.0,264.5287,0.0
202606241150,264.79,265.0,265.0502,264.54,0.0
202606241151,264.83,264.99,265.0,264.61,0.0
202606241152,264.9872,264.61,265.06,264.61,0.0
202606241153,264.6438,264.5715,264.94,264.5715,0.0
202606241154,265.04,265.03,265.05,264.5,0.0
202606241155,264.9488,265.01,265.0213,264.75,0.0
202606241156,265.04,264.94,265.04,264.94,0.0
202606241157,265.0,265.0,265.0,264.61,0.0
202606241158,264.9,264.89,264.9,264.52,0.0
202606241159,264.88,265.05,265.05,264.88,0.0
202606241200,265.0,264.9494,265.0,264.6267,0.0
202606241201,264.99,264.54,265.05,264.54,0.0
202606241202,264.8,265.4999,265.5,264.8,0.0
202606241203,265.1,264.92,265.3,264.8,0.0
202606241204,264.91,265.0,265.33,264.54,0.0
202606241205,264.87,264.5201,264.9,264.52,0.0
202606241206,264.8,264.52,265.5,264.52,0.0
202606241207,264.8,264.97,265.0,264.52,0.0
202606241208,264.7,264.97,265.2,264.52,0.0
202606241209,264.97,264.9685,265.2,264.61,0.0
202606241210,264.9,265.5,265.5,264.52,0.0
202606241211,265.05,265.05,265.05,264.1526,0.0
202606241212,264.51,264.11,265.4,264.1,0.0
202606241213,264.35,264.28,264.49,264.2,0.0
202606241214,264.1,264.38,264.5,264.0,0.0
202606241215,264.065,264.3824,264.5,264.0,0.0
202606241216,264.38,263.8,264.38,263.8,0.0
202606241217,263.8,263.82,264.3895,263.65,0.0
202606241218,264.2527,264.0,264.34,264.0,0.0
202606241219,264.5,264.49,264.5,264.01,0.0
202606241220,264.39,264.26,264.5,263.65,0.0
202606241221,263.7,264.18,264.5,263.65,0.0
202606241222,264.0,263.85,264.5,263.65,0.0
202606241223,263.85,264.03,264.25,263.65,0.0
202606241224,263.9912,263.99,263.9912,263.66,0.0
202606241225,263.7,263.89,263.89,263.7,0.0
202606241226,263.7518,263.5,263.8,263.15,0.0
202606241227,263.6,263.5,263.7,263.15,0.0
202606241228,263.44,263.65,263.71,263.44,0.0
202606241229,263.7,263.9497,264.0,263.22,0.0
202606241230,263.66,263.6,263.94,263.15,0.0
202606241231,263.6,263.9,263.9,263.53,0.0
202606241232,263.9,263.6,263.9,263.31,0.0
202606241233,263.59,263.25,263.66,263.25,0.0
202606241234,263.25,263.35,263.35,263.25,0.0
202606241235,263.35,263.15,263.6,263.15,0.0
202606241236,263.1683,263.48,263.5,263.15,0.0
202606241237,263.4,263.2,263.574,263.2,0.0
202606241238,263.2,263.48,263.5,263.2,0.0
202606241239,263.15,263.35,263.65,263.15,0.0
202606241240,263.5174,263.2597,263.59,263.15,0.0
202606241241,263.15,263.1,263.66,263.0,0.0
202606241242,263.35,263.1726,263.44,263.1726,0.0
202606241243,263.1848,263.0,263.63,263.0,0.0
202606241244,263.18,263.25,263.66,263.0,0.0
202606241245,263.25,263.2,263.48,263.0741,0.0
202606241246,263.2,263.3,263.4509,263.07,0.0
202606241247,263.56,263.25,263.56,263.0741,0.0
202606241248,263.57,263.3785,263.57,263.0,0.0
202606241249,263.37,263.01,263.45,263.0,0.0
202606241250,263.1251,263.36,263.4271,263.1,0.0
202606241251,263.37,263.2,263.4158,263.021,0.0
202606241252,263.35,263.12,263.38,263.11,0.0
202606241253,263.2,263.2,263.37,263.1,0.0
202606241254,263.08,263.1,263.2,262.5,0.0
202606241255,263.11,263.45,263.45,262.5,0.0
202606241256,262.6643,263.15,263.45,262.6457,0.0
202606241257,263.0,262.7,263.06,262.5,0.0
202606241258,262.7,262.15,263.3,262.15,0.0
202606241259,262.3,263.39,263.39,262.15,0.0
202606241300,263.1505,262.59,263.1505,262.15,0.0
202606241301,262.91,262.75,263.3,262.3,0.0
202606241302,262.44,262.85,263.0,262.18,0.0
202606241303,262.94,262.3,263.0,262.15,0.0
202606241304,262.3298,262.6,262.9,262.15,0.0
202606241305,262.2728,261.5,263.1505,261.5,0.0
202606241306,262.274,262.05,263.3,262.02,0.0
202606241307,262.23,262.0,263.0,261.5,0.0
202606241308,262.0,261.88,262.2,261.5,0.0
202606241309,261.88,261.99,262.0,261.5,0.0
202606241310,261.5,261.6398,261.9997,261.5,0.0
202606241311,261.6,261.6138,261.8,261.5,0.0
202606241312,261.6322,261.98,261.98,261.57,0.0
202606241313,261.94,261.57,262.0,261.3216,0.0
202606241314,261.5,261.48,262.0,261.28,0.0
202606241330,261.8429870605469,258.5299987792969,262.0929870605469,258.0199890136719,378068.0
202606241331,258.0600891113281,258.70001220703125,259.1698913574219,257.5,62459.0
202606241332,258.6099853515625,259.17999267578125,260.5960998535156,258.57000732421875,52570.0
202606241333,259.17999267578125,259.375,260.5,258.510009765625,47768.0
202606241334,259.2799987792969,259.8900146484375,259.8900146484375,258.1600036621094,55515.0
202606241335,259.6400146484375,260.57000732421875,261.2799987792969,259.6300048828125,38671.0
202606241336,260.3301086425781,259.42498779296875,261.1400146484375,259.1600036621094,29673.0
202606241337,259.43499755859375,260.92498779296875,260.9599914550781,259.28009033203125,30388.0
202606241338,260.875,259.25,261.2699890136719,259.1700134277344,24975.0
202606241339,259.25,258.3500061035156,259.3999938964844,258.1600036621094,26819.0
202606241340,258.239990234375,257.4649963378906,258.3450012207031,257.24749755859375,73447.0
202606241341,257.4649963378906,257.760009765625,257.760009765625,256.510009765625,55464.0
202606241342,257.3399963378906,257.9800109863281,258.42999267578125,257.0101013183594,44568.0
202606241343,257.875,258.42999267578125,258.4800109863281,257.2699890136719,40154.0
202606241344,258.2449951171875,259.3699951171875,259.75,258.2225036621094,27084.0
202606241345,259.4049987792969,260.1099853515625,260.739990234375,259.375,31107.0
202606241346,260.125,260.0400085449219,260.125,259.4195861816406,26096.0
202606241347,260.0400085449219,260.3999938964844,260.57379150390625,259.5,28165.0
202606241348,260.4049987792969,260.17999267578125,260.989990234375,260.17999267578125,31246.0
202606241349,260.3800048828125,259.8500061035156,260.6600036621094,259.42999267578125,35262.0
202606241350,259.8800048828125,259.8999938964844,260.510009765625,259.7001037597656,17320.0
202606241351,259.7699890136719,260.05999755859375,260.1199951171875,259.3399963378906,29975.0
202606241352,260.0150146484375,260.4599914550781,260.5,259.79998779296875,12485.0
202606241353,260.3999938964844,260.80999755859375,261.2900085449219,260.3500061035156,23148.0
202606241354,260.82501220703125,259.69000244140625,260.82501220703125,259.67999267578125,19170.0
202606241355,259.5249938964844,258.8395080566406,259.70001220703125,258.8395080566406,17857.0
202606241356,259.0400085449219,258.7799987792969,259.1451110839844,258.2799987792969,25093.0
202606241357,258.8399963378906,257.55999755859375,258.8399963378906,257.5,27979.0
202606241358,257.69000244140625,257.06500244140625,257.864990234375,256.6202087402344,28174.0
202606241359,256.9100036621094,257.3599853515625,257.67999267578125,256.6700134277344,48931.0
202606241400,257.3599853515625,256.6700134277344,257.3999938964844,256.18359375,28844.0
202606241401,256.6199951171875,258.1199951171875,258.4100036621094,256.6199951171875,23303.0
202606241402,258.1199951171875,258.1400146484375,258.33990478515625,257.2650146484375,33559.0
202606241403,258.1400146484375,257.67498779296875,258.1400146484375,257.5,36772.0
202606241404,257.55999755859375,256.7300109863281,257.8999938964844,256.5801086425781,21201.0
202606241405,256.7300109863281,257.5,257.5799865722656,256.6099853515625,23832.0
202606241406,257.70001220703125,257.8699951171875,258.2926940917969,257.70001220703125,18197.0
202606241407,257.8399963378906,258.41259765625,258.8800048828125,257.8399963378906,15473.0
202606241408,258.5199890136719,259.0199890136719,259.2049865722656,258.489990234375,22940.0
202606241409,258.79998779296875,259.44000244140625,259.44989013671875,258.79998779296875,18721.0
202606241410,259.44000244140625,259.67999267578125,259.739990234375,259.04998779296875,23216.0
202606241411,259.68499755859375,259.464599609375,260.0,259.4549865722656,14703.0
202606241412,259.489990234375,259.05999755859375,259.5,258.7799987792969,14026.0
202606241413,259.25,260.5150146484375,260.6400146484375,259.0,52790.0
202606241414,260.5299987792969,262.0950012207031,262.3599853515625,260.5299987792969,40773.0
202606241415,262.1600036621094,260.9800109863281,262.7698974609375,260.9700012207031,78349.0
202606241416,260.92449951171875,260.6700134277344,260.989990234375,260.239990234375,31455.0
202606241417,260.8800048828125,259.7149963378906,260.8800048828125,259.44000244140625,19453.0
202606241418,259.7099914550781,259.9150085449219,260.1299133300781,259.5409851074219,20757.0
202606241419,260.20001220703125,259.68499755859375,260.2598876953125,259.3547058105469,19379.0
202606241420,259.8500061035156,260.20001220703125,260.2099914550781,259.4200134277344,15393.0
202606241421,260.0899963378906,260.6199951171875,260.70001220703125,260.052001953125,22303.0
202606241422,260.7650146484375,261.2799987792969,261.32000732421875,260.7200012207031,13814.0
202606241423,261.3999938964844,261.8599853515625,261.8999938964844,261.1759033203125,14344.0
202606241424,261.7099914550781,261.5050048828125,262.2250061035156,261.16009521484375,16981.0
202606241425,261.5050048828125,261.4049987792969,261.57000732421875,260.9599914550781,13059.0
202606241426,261.54998779296875,261.260009765625,261.5799865722656,260.9599914550781,19480.0
202606241427,261.1549987792969,261.7950134277344,261.7950134277344,260.9599914550781,19229.0
202606241428,261.80999755859375,261.67498779296875,262.0899963378906,261.67498779296875,24870.0
202606241429,261.739990234375,262.70001220703125,262.8599853515625,261.739990234375,34986.0
202606241430,262.69000244140625,263.42999267578125,263.44000244140625,262.6614990234375,17755.0
202606241431,263.4049987792969,263.5,263.6650085449219,263.07000732421875,21186.0
202606241432,263.42999267578125,263.2799987792969,263.7799072265625,263.0899963378906,14712.0
202606241433,263.2200012207031,263.2799987792969,263.2950134277344,263.0,12640.0
202606241434,263.29998779296875,263.1300048828125,263.4999084472656,263.07000732421875,13468.0
202606241435,263.1499938964844,263.0299987792969,263.2699890136719,262.7699890136719,17548.0
202606241436,262.9800109863281,262.1499938964844,263.2388000488281,262.1499938964844,12841.0
202606241437,262.1499938964844,262.59991455078125,262.8399963378906,262.010009765625,18011.0
202606241438,262.4849853515625,262.1300048828125,262.6000061035156,261.9599914550781,10400.0
202606241439,261.989990234375,261.239990234375,262.125,261.1099853515625,17837.0
202606241440,261.1199951171875,261.5400085449219,261.8489990234375,260.8699951171875,15876.0
202606241441,261.7149963378906,261.45001220703125,261.8099060058594,261.30999755859375,5805.0
202606241442,261.44000244140625,261.260009765625,261.44000244140625,261.05999755859375,4661.0
202606241443,261.1300048828125,261.3299865722656,261.5198974609375,261.0,9095.0
202606241444,261.4599914550781,262.4150085449219,262.45001220703125,261.2799987792969,26372.0
202606241445,262.3999938964844,261.875,262.3999938964844,261.67999267578125,9506.0
202606241446,261.7300109863281,262.0400085449219,262.5899963378906,261.7300109863281,14209.0
202606241447,262.010009765625,262.29998779296875,262.45001220703125,261.95001220703125,12204.0
202606241448,262.30499267578125,262.4175109863281,262.6064147949219,262.30499267578125,6963.0
202606241449,262.32501220703125,262.5400085449219,262.57501220703125,262.1300048828125,7474.0
202606241450,262.5,262.1300048828125,262.7998962402344,262.0,9649.0
202606241451,262.02508544921875,262.0799865722656,262.409912109375,261.80999755859375,9754.0
202606241452,262.30499267578125,262.0199890136719,262.30499267578125,261.7900085449219,8397.0
202606241453,261.9761962890625,262.20001220703125,262.20001220703125,261.8999938964844,10688.0
202606241454,262.1499938964844,262.489990234375,262.6716003417969,262.0899963378906,14516.0
202606241455,262.42498779296875,262.55999755859375,262.55999755859375,261.8299865722656,17297.0
202606241456,262.32000732421875,262.1099853515625,262.5899963378906,262.1099853515625,11924.0
202606241457,262.30999755859375,262.5350036621094,262.6499938964844,262.30999755859375,14421.0
202606241458,262.5350036621094,262.9800109863281,263.07501220703125,262.5350036621094,12753.0
202606241459,262.9849853515625,263.17498779296875,263.3399963378906,262.82000732421875,14009.0
202606241500,263.2099914550781,262.80499267578125,263.2550048828125,262.79998779296875,12958.0
202606241501,262.8550109863281,263.1099853515625,263.30999755859375,262.8550109863281,13132.0
202606241502,263.31878662109375,263.010009765625,263.3699951171875,263.010009765625,8880.0
202606241503,263.239990234375,262.79998779296875,263.29998779296875,262.79998779296875,16542.0
202606241504,263.0,263.0799865722656,263.1099853515625,262.79998779296875,14694.0
202606241505,263.0721130371094,263.2099914550781,263.2200012207031,262.8299865722656,12218.0
202606241506,263.20001220703125,263.0450134277344,263.32000732421875,262.989990234375,19117.0
202606241507,263.1199951171875,263.0299987792969,263.32000732421875,263.0299987792969,17294.0
202606241508,263.0299987792969,262.6199951171875,263.0299987792969,262.6199951171875,11394.0
202606241509,262.75,262.7699890136719,262.79998779296875,262.5000915527344,9013.0
202606241510,262.70001220703125,262.5249938964844,262.739990234375,262.3800048828125,6093.0
202606241511,262.6400146484375,262.96990966796875,262.96990966796875,262.4601135253906,8922.0
202606241512,262.785888671875,262.8241882324219,262.8241882324219,262.5199890136719,6865.0
202606241513,262.6449890136719,262.6099853515625,262.84991455078125,262.54998779296875,5993.0
202606241514,262.7900085449219,262.6700134277344,262.94000244140625,262.6700134277344,9387.0
202606241515,262.6400146484375,262.92999267578125,263.0400085449219,262.6400146484375,7949.0
202606241516,263.1099853515625,263.32000732421875,263.4599914550781,263.1099853515625,8936.0
202606241517,263.25,263.4150085449219,263.5799865722656,263.2449951171875,5454.0
202606241518,263.57000732421875,263.5299987792969,263.79998779296875,263.3900146484375,9024.0
202606241519,263.6199951171875,263.6650085449219,263.7099914550781,263.489990234375,8747.0
202606241520,263.80999755859375,263.56500244140625,263.80999755859375,263.5,6513.0
202606241521,263.3999938964844,263.2950134277344,263.5249938964844,263.2099914550781,4720.0
202606241522,263.2900085449219,263.5,263.5,263.1600036621094,18220.0
202606241523,263.3699951171875,263.375,263.5,263.2699890136719,6785.0
202606241524,263.4324951171875,263.3699951171875,263.5,263.2500915527344,6682.0
202606241525,263.3699951171875,262.6700134277344,263.3699951171875,262.54998779296875,9747.0
202606241526,262.7699890136719,262.8550109863281,262.95001220703125,262.7099914550781,5631.0
202606241527,262.79998779296875,262.8500061035156,263.0299987792969,262.7200012207031,8280.0
202606241528,262.7994079589844,262.57000732421875,262.8699951171875,262.57000732421875,10168.0
202606241529,262.6700134277344,262.8900146484375,262.8900146484375,262.55999755859375,7696.0
202606241530,262.79998779296875,262.875,262.9494934082031,262.79998779296875,7782.0
202606241531,262.875,262.760009765625,262.875,262.6300048828125,6761.0
202606241532,262.7850036621094,262.70001220703125,262.9100036621094,262.68798828125,4397.0
202606241533,262.67999267578125,262.760009765625,262.8800048828125,262.6300048828125,4459.0
202606241534,262.7650146484375,262.510009765625,262.8900146484375,262.510009765625,6969.0
202606241535,262.614990234375,262.3800048828125,262.6400146484375,262.3800048828125,14099.0
202606241536,262.5400085449219,262.239990234375,262.6499938964844,262.19000244140625,11214.0
202606241537,262.2925109863281,262.2149963378906,262.2925109863281,261.94000244140625,13296.0
202606241538,262.2449951171875,262.1629943847656,262.32989501953125,262.1200866699219,4567.0
202606241539,262.2449951171875,262.2149963378906,262.32000732421875,262.1600036621094,4851.0
202606241540,262.25,262.1199951171875,262.25,262.1099853515625,5033.0
202606241541,262.07000732421875,261.8900146484375,262.0799865722656,261.8900146484375,5913.0
202606241542,261.9849853515625,261.9750061035156,262.0950012207031,261.85198974609375,3529.0
202606241543,261.9849853515625,261.7179870605469,262.0,261.7099914550781,7569.0
202606241544,261.7099914550781,262.010009765625,262.010009765625,261.7099914550781,9638.0
202606241545,262.0199890136719,261.6099853515625,262.0199890136719,261.6099853515625,10573.0
202606241546,261.70001220703125,261.4892883300781,261.7300109863281,261.4849853515625,4884.0
202606241547,261.5299987792969,261.44000244140625,261.6000061035156,261.29998779296875,8325.0
202606241548,261.4599914550781,261.54998779296875,261.75,261.42010498046875,7409.0
202606241549,261.54998779296875,261.8500061035156,261.9200134277344,261.54998779296875,3661.0
202606241550,261.9999084472656,261.8800048828125,262.0,261.8800048828125,6088.0
202606241551,262.0400085449219,262.1400146484375,262.17999267578125,262.0299987792969,2694.0
202606241552,262.239501953125,262.2699890136719,262.2699890136719,262.1600036621094,9235.0
202606241553,262.4198913574219,262.364990234375,262.4198913574219,262.239990234375,5700.0
202606241554,262.364990234375,262.0899963378906,262.364990234375,262.010009765625,6049.0
202606241555,262.0899963378906,261.989990234375,262.1499938964844,261.989990234375,8301.0
202606241556,262.0799865722656,262.0350036621094,262.09991455078125,261.9599914550781,4178.0
202606241557,262.0400085449219,261.9649963378906,262.1000061035156,261.8800048828125,6688.0
202606241558,261.9599914550781,261.8299865722656,261.9599914550781,261.739990234375,6106.0
202606241559,261.82501220703125,261.9700012207031,261.9700012207031,261.82501220703125,5912.0
202606241600,261.8900146484375,261.7300109863281,262.0,261.7300109863281,4232.0
202606241601,261.7099914550781,261.5,261.75,261.5,7164.0
202606241602,261.510009765625,261.6300048828125,261.7250061035156,261.510009765625,5392.0
202606241603,261.6499938964844,261.4949951171875,261.7099914550781,261.3900146484375,5570.0
202606241604,261.6000061035156,261.55999755859375,261.7099914550781,261.45001220703125,6000.0
202606241605,261.46209716796875,261.3999938964844,261.5799865722656,261.260009765625,8949.0
202606241606,261.5249938964844,261.4800109863281,261.5249938964844,261.4800109863281,2882.0
202606241607,261.57000732421875,261.6300048828125,261.6700134277344,261.57000732421875,5047.0
202606241608,261.7200012207031,261.6000061035156,261.7250061035156,261.6000061035156,2937.0
202606241609,261.5400085449219,261.7699890136719,261.8599853515625,261.5400085449219,5297.0
202606241610,261.8699951171875,262.1400146484375,262.1400146484375,261.67999267578125,7646.0
202606241611,262.2300109863281,262.55499267578125,262.6199951171875,262.2250061035156,8102.0
202606241612,262.55499267578125,262.5849914550781,262.6549987792969,262.4599914550781,11509.0
202606241613,262.5,262.2950134277344,262.5,262.1700134277344,4451.0
202606241614,262.260009765625,262.42999267578125,262.44000244140625,262.260009765625,3801.0
202606241615,262.4700012207031,262.42999267578125,262.5299987792969,262.42999267578125,6830.0
202606241616,262.42999267578125,262.614990234375,262.7300109863281,262.42999267578125,8547.0
202606241617,262.614990234375,262.4800109863281,262.7300109863281,262.4599914550781,8015.0
202606241618,262.44500732421875,262.4700012207031,262.4700012207031,262.44000244140625,1804.0
202606241619,262.5400085449219,262.410400390625,262.6000061035156,262.410400390625,5095.0
202606241620,262.4549865722656,262.55999755859375,262.7300109863281,262.3500061035156,24092.0
202606241621,262.57000732421875,262.7699890136719,262.7699890136719,262.4200134277344,4925.0
202606241622,262.8999938964844,263.1300048828125,263.1300048828125,262.8999938964844,6171.0
202606241623,263.05999755859375,263.1099853515625,263.29998779296875,263.05999755859375,9546.0
202606241624,263.09100341796875,263.11480712890625,263.2049865722656,263.09100341796875,2234.0
202606241625,263.19000244140625,262.9800109863281,263.3599853515625,262.9700012207031,24152.0
202606241626,262.95001220703125,262.864990234375,262.95001220703125,262.7749938964844,7161.0
202606241627,262.864990234375,262.8869934082031,263.0400085449219,262.864990234375,4925.0
202606241628,262.93499755859375,262.9049987792969,262.94500732421875,262.8349914550781,6211.0
202606241629,262.8949890136719,262.8399963378906,262.9200134277344,262.7799987792969,4612.0
202606241630,262.8399963378906,262.94500732421875,263.0,262.6700134277344,8242.0
202606241631,262.8900146484375,262.6499938964844,262.8900146484375,262.5,4288.0
202606241632,262.6700134277344,262.614990234375,262.6700134277344,262.5299987792969,3473.0
202606241633,262.6099853515625,262.6449890136719,262.75,262.6099853515625,3982.0
202606241634,262.6499938964844,262.7200012207031,262.80499267578125,262.6499938964844,7317.0
202606241635,262.7149963378906,262.8399963378906,262.8900146484375,262.7149963378906,10743.0
202606241636,263.0199890136719,262.8299865722656,263.0199890136719,262.79998779296875,4717.0
202606241637,262.8299865722656,262.5899963378906,262.8699035644531,262.5022888183594,4972.0
202606241638,262.56500244140625,262.5700988769531,262.7049865722656,262.56500244140625,4036.0
202606241639,262.57000732421875,262.5,262.69000244140625,262.5,8289.0
202606241640,262.489990234375,262.625,262.75,262.42999267578125,6720.0
202606241641,262.6400146484375,262.8598937988281,262.8599853515625,262.4599914550781,10520.0
202606241642,262.760009765625,262.7799987792969,262.8699951171875,262.6068115234375,3936.0
202606241643,262.8399963378906,262.94000244140625,263.05999755859375,262.8399963378906,6489.0
202606241644,263.0299987792969,263.260009765625,263.260009765625,263.0199890136719,9878.0
202606241645,263.2300109863281,263.0950012207031,263.2300109863281,262.80999755859375,7889.0
202606241646,263.1000061035156,263.260009765625,263.3299865722656,262.9601135253906,5330.0
202606241647,263.3299865722656,263.1449890136719,263.3299865722656,263.05010986328125,8043.0
202606241648,263.1449890136719,263.2950134277344,263.2950134277344,263.1449890136719,4266.0
202606241649,263.30999755859375,263.41790771484375,263.4200134277344,263.289794921875,3594.0
202606241650,263.4100036621094,263.5899963378906,263.70001220703125,263.3699951171875,12955.0
202606241651,263.6549987792969,263.69000244140625,263.69000244140625,263.57000732421875,4386.0
202606241652,263.70001220703125,263.67999267578125,263.82000732421875,263.5899963378906,42684.0
202606241653,263.55999755859375,263.7650146484375,263.8900146484375,263.54998779296875,8640.0
202606241654,263.760009765625,263.635009765625,263.80999755859375,263.635009765625,6541.0
202606241655,263.6300048828125,263.489990234375,263.6300048828125,263.4117126464844,9192.0
202606241656,263.489990234375,263.375,263.5299987792969,263.375,5983.0
202606241657,263.375,263.32000732421875,263.4800109863281,263.32000732421875,7751.0
202606241658,263.3800048828125,263.4798889160156,263.6099853515625,263.29998779296875,5887.0
202606241659,263.2511901855469,263.0,263.301513671875,263.0,6163.0
202606241700,263.1300048828125,263.0,263.19000244140625,263.0,5417.0
202606241701,263.06500244140625,263.07501220703125,263.17999267578125,262.9700012207031,5357.0
202606241702,263.18499755859375,263.3299865722656,263.33990478515625,262.9750061035156,9670.0
202606241703,263.31500244140625,263.5,263.5,263.2300109863281,5827.0
202606241704,263.5400085449219,263.4150085449219,263.5400085449219,263.3500061035156,7666.0
202606241705,263.2699890136719,263.2900085449219,263.30499267578125,263.2099914550781,3107.0
202606241706,263.2650146484375,263.06500244140625,263.2650146484375,263.06500244140625,3980.0
202606241707,263.05499267578125,262.44500732421875,263.05499267578125,262.3880920410156,8200.0
202606241708,262.2409973144531,262.2049865722656,262.5,262.1617126464844,6705.0
202606241709,262.20001220703125,261.989990234375,262.2049865722656,261.8999938964844,10154.0
202606241710,262.010009765625,262.3699951171875,262.3699951171875,261.8999938964844,7696.0
202606241711,262.32501220703125,262.3999938964844,262.45001220703125,262.0799865722656,2000.0
202606241712,262.3226013183594,262.4200134277344,262.6600036621094,262.3089904785156,6425.0
202606241713,262.5,262.3399963378906,262.5,262.1138916015625,5353.0
202606241714,262.29998779296875,262.45001220703125,262.5199890136719,262.17999267578125,11514.0
202606241715,262.5039978027344,262.6499938964844,262.7099914550781,262.44000244140625,6955.0
202606241716,262.55999755859375,262.0851135253906,262.55999755859375,262.0000915527344,8231.0
202606241717,262.0849914550781,262.3599853515625,262.3599853515625,261.9700012207031,8166.0
202606241718,262.44000244140625,262.30999755859375,262.44000244140625,262.302490234375,2666.0
202606241719,262.19000244140625,262.1099853515625,262.32000732421875,262.05999755859375,10261.0
202606241720,262.00030517578125,261.5950012207031,262.00030517578125,261.3999938964844,6199.0
202606241721,261.4599914550781,261.6449890136719,261.6449890136719,261.44000244140625,7343.0
202606241722,261.6449890136719,261.5199890136719,261.875,261.5199890136719,10768.0
202606241723,261.625,261.4750061035156,261.625,261.42999267578125,5235.0
202606241724,261.3999938964844,261.5199890136719,261.6300048828125,261.3999938964844,4552.0
202606241725,261.6000061035156,261.3999938964844,261.64801025390625,261.32000732421875,14627.0
202606241726,261.57000732421875,261.57000732421875,261.6400146484375,261.5,5972.0
202606241727,261.5350036621094,261.885009765625,262.0,261.5350036621094,25860.0
202606241728,261.7799987792969,261.6300048828125,261.79998779296875,261.5799865722656,21185.0
202606241729,261.6600036621094,262.0849914550781,262.1499938964844,261.57000732421875,17973.0
202606241730,262.2300109863281,262.69000244140625,262.69000244140625,262.1199951171875,7352.0
202606241731,262.67999267578125,262.4465026855469,262.67999267578125,262.2699890136719,28502.0
202606241732,262.30499267578125,262.625,262.6700134277344,262.2099914550781,11987.0
202606241733,262.7200012207031,263.0849914550781,263.19000244140625,262.4224853515625,9083.0
202606241734,263.1700134277344,263.20001220703125,263.20001220703125,262.9700012207031,6970.0
202606241735,263.20001220703125,263.125,263.44000244140625,263.1199951171875,22906.0
202606241736,263.125,262.7650146484375,263.125,262.70001220703125,30078.0
202606241737,262.760009765625,262.81500244140625,262.9399108886719,262.6300048828125,4726.0
202606241738,262.94000244140625,262.93499755859375,263.0849914550781,262.82000732421875,15551.0
202606241739,262.94500732421875,263.14691162109375,263.42999267578125,262.67999267578125,9180.0
202606241740,263.2550048828125,263.1000061035156,263.3500061035156,263.0899963378906,4246.0
202606241741,263.2300109863281,263.345703125,263.45001220703125,263.1600036621094,10757.0
202606241742,263.2699890136719,263.29998779296875,263.3900146484375,263.1499938964844,9840.0
202606241743,263.2674865722656,263.2799987792969,263.3568115234375,263.0899963378906,6485.0
202606241744,263.1099853515625,263.010009765625,263.1199951171875,262.9100036621094,17451.0
202606241745,263.010009765625,262.8500061035156,263.010009765625,262.75,8707.0
202606241746,262.7699890136719,262.7300109863281,262.81500244140625,262.6199951171875,10826.0
202606241747,262.7900085449219,262.95001220703125,262.9599914550781,262.67999267578125,11122.0
202606241748,262.989990234375,262.8399963378906,262.989990234375,262.739990234375,4062.0
202606241749,262.8500061035156,262.6549987792969,262.8500061035156,262.5886535644531,6836.0
202606241750,262.69000244140625,262.81500244140625,262.81500244140625,262.55999755859375,7693.0
202606241751,262.81500244140625,262.7049865722656,262.8999938964844,262.7049865722656,6351.0
202606241752,262.739990234375,262.67999267578125,262.7699890136719,262.6400146484375,6182.0
202606241753,262.67999267578125,262.9849853515625,263.1099853515625,262.6499938964844,29474.0
202606241754,263.07000732421875,263.17999267578125,263.20001220703125,262.9649963378906,7947.0
202606241755,263.0107116699219,263.1499938964844,263.3800048828125,263.0107116699219,13940.0
202606241756,263.1499938964844,262.6499938964844,263.1499938964844,262.5799865722656,19816.0
202606241757,262.6650085449219,262.6650085449219,262.69000244140625,262.5799865722656,6004.0
202606241758,262.6650085449219,262.5400085449219,262.6650085449219,262.3299865722656,17369.0
202606241759,262.4599914550781,262.5400085449219,262.6400146484375,262.3699951171875,7519.0
202606241800,262.6199951171875,262.7200012207031,262.7349853515625,262.5400085449219,4344.0
202606241801,262.57501220703125,262.6199951171875,262.8399963378906,262.55999755859375,11650.0
202606241802,262.57000732421875,262.7850036621094,262.7850036621094,262.5400085449219,7605.0
202606241803,262.70001220703125,262.7900085449219,262.7900085449219,262.65008544921875,4477.0
202606241804,262.739990234375,262.7099914550781,263.0,262.70001220703125,9617.0
202606241805,262.7300109863281,262.7699890136719,262.8500061035156,262.7149963378906,20616.0
202606241806,262.7900085449219,263.04998779296875,263.1449890136719,262.7900085449219,18696.0
202606241807,263.1380920410156,262.82000732421875,263.1380920410156,262.75,7643.0
202606241808,262.8900146484375,263.0450134277344,263.1000061035156,262.8800048828125,4980.0
202606241809,263.1400146484375,263.05499267578125,263.2099914550781,263.05499267578125,6972.0
202606241810,263.02801513671875,263.0899963378906,263.19500732421875,262.94500732421875,11866.0
202606241811,263.0950012207031,263.05999755859375,263.0950927734375,262.864990234375,9315.0
202606241812,263.05499267578125,263.0450134277344,263.10540771484375,262.989990234375,6021.0
202606241813,263.05499267578125,263.4700012207031,263.5450134277344,263.03790283203125,17069.0
202606241814,263.42999267578125,263.5199890136719,263.6400146484375,263.31500244140625,14040.0
202606241815,263.5,263.5,263.5899963378906,263.42999267578125,8299.0
202606241816,263.5,263.5,263.6300048828125,263.3999938964844,12341.0
202606241817,263.54998779296875,263.5299987792969,263.6000061035156,263.4200134277344,15054.0
202606241818,263.55499267578125,263.8500061035156,263.8599853515625,263.42999267578125,16696.0
202606241819,263.7850036621094,263.86419677734375,264.1000061035156,263.7850036621094,22396.0
202606241820,263.864990234375,263.8349914550781,263.8900146484375,263.6449890136719,12009.0
202606241821,263.94000244140625,264.0150146484375,264.0899963378906,263.7699890136719,12610.0
202606241822,264.04998779296875,264.0799865722656,264.0917053222656,263.9800109863281,9561.0
202606241823,264.0199890136719,263.9100036621094,264.1300048828125,263.9100036621094,18158.0
202606241824,263.9798889160156,264.04998779296875,264.04998779296875,263.8399963378906,11067.0
202606241825,264.05999755859375,264.2799987792969,264.29998779296875,264.0299987792969,18069.0
202606241826,264.2799987792969,264.20001220703125,264.2799987792969,263.8699951171875,11518.0
202606241827,264.2099914550781,264.25,264.3551025390625,264.1300048828125,14815.0
202606241828,264.2699890136719,264.79998779296875,264.79998779296875,264.19000244140625,19769.0
202606241829,264.8287048339844,264.8699951171875,265.0299987792969,264.760009765625,34713.0
202606241830,264.8999938964844,264.864990234375,265.07000732421875,264.8599853515625,9479.0
202606241831,264.79998779296875,264.6000061035156,264.79998779296875,264.57000732421875,9577.0
202606241832,264.6050109863281,264.55999755859375,264.7099914550781,264.55999755859375,4619.0
202606241833,264.614990234375,264.41790771484375,264.69000244140625,264.41790771484375,12093.0
202606241834,264.44000244140625,264.6199951171875,264.6199951171875,264.3829040527344,7250.0
202606241835,264.6299133300781,264.3550109863281,264.6299133300781,264.260009765625,10347.0
202606241836,264.3550109863281,264.239990234375,264.4200134277344,264.1325988769531,9547.0
202606241837,264.2699890136719,264.1600036621094,264.2900085449219,264.0000915527344,7463.0
202606241838,264.1600036621094,263.9100036621094,264.17999267578125,263.9100036621094,10626.0
202606241839,263.9049987792969,263.94500732421875,263.94500732421875,263.82000732421875,6697.0
202606241840,263.94500732421875,263.70001220703125,263.94500732421875,263.67498779296875,14129.0
202606241841,263.7200012207031,263.93499755859375,263.9549865722656,263.7200012207031,7025.0
202606241842,264.0199890136719,263.9800109863281,264.0899963378906,263.95001220703125,8170.0
202606241843,264.0199890136719,263.7049865722656,264.0299987792969,263.7049865722656,8722.0
202606241844,263.7049865722656,263.92999267578125,263.95001220703125,263.6900939941406,9785.0
202606241845,263.9150085449219,263.6650085449219,263.9150085449219,263.6650085449219,9822.0
202606241846,263.70001220703125,263.5199890136719,263.70001220703125,263.5199890136719,12599.0
202606241847,263.5199890136719,263.3949890136719,263.6499938964844,263.3800048828125,10754.0
202606241848,263.3949890136719,263.3399963378906,263.3949890136719,263.114990234375,19772.0
202606241849,263.3500061035156,263.239990234375,263.3900146484375,263.1199951171875,14159.0
202606241850,263.29998779296875,263.0950012207031,263.30999755859375,262.9200134277344,15921.0
202606241851,263.1499938964844,262.8399963378906,263.1499938964844,262.80999755859375,13571.0
202606241852,262.8399963378906,262.9750061035156,263.0299987792969,262.8399963378906,7360.0
202606241853,262.9800109863281,263.0799865722656,263.2099914550781,262.9800109863281,13818.0
202606241854,263.1400146484375,263.2200012207031,263.39990234375,263.1400146484375,11044.0
202606241855,263.2264099121094,263.44000244140625,263.44000244140625,263.0899963378906,10759.0
202606241856,263.340087890625,263.760009765625,263.760009765625,263.340087890625,8626.0
202606241857,263.7250061035156,263.7900085449219,264.04998779296875,263.7250061035156,10692.0
202606241858,263.69000244140625,263.489990234375,263.7300109863281,263.42999267578125,15306.0
202606241859,263.489990234375,263.5799865722656,263.6000061035156,263.3800048828125,18589.0
202606241900,263.5899963378906,263.20001220703125,263.6300048828125,263.20001220703125,12722.0
202606241901,263.3900146484375,263.3500061035156,263.4399108886719,263.25,10588.0
202606241902,263.3550109863281,263.7200012207031,263.7200012207031,263.2699890136719,12555.0
202606241903,263.6300048828125,263.9840087890625,264.1400146484375,263.6199951171875,24449.0
202606241904,263.94000244140625,263.739990234375,264.0799865722656,263.67999267578125,10854.0
202606241905,263.739990234375,263.55499267578125,263.7650146484375,263.45001220703125,7800.0
202606241906,263.6499938964844,263.42999267578125,263.7449951171875,263.4200134277344,12656.0
202606241907,263.42999267578125,263.25,263.4949951171875,263.1000061035156,19274.0
202606241908,263.2550048828125,263.32000732421875,263.32000732421875,263.0799865722656,12737.0
202606241909,263.375,263.4020080566406,263.4700012207031,263.32000732421875,11566.0
202606241910,263.4200134277344,263.3550109863281,263.5,263.1400146484375,16496.0
202606241911,263.2900085449219,263.2699890136719,263.3900146484375,263.2699890136719,10117.0
202606241912,263.3500061035156,263.56500244140625,263.5899963378906,263.29998779296875,22595.0
202606241913,263.55499267578125,263.6000061035156,263.7200012207031,263.510009765625,11803.0
202606241914,263.67999267578125,263.7049865722656,263.79998779296875,263.57940673828125,14578.0
202606241915,263.7049865722656,263.385009765625,263.7049865722656,263.2799987792969,20479.0
202606241916,263.385009765625,263.3999938964844,263.57000732421875,263.3699951171875,8645.0
202606241917,263.4200134277344,263.4599914550781,263.6199951171875,263.3800048828125,11388.0
202606241918,263.5400085449219,264.07989501953125,264.07989501953125,263.5299987792969,20677.0
202606241919,264.0799865722656,263.95001220703125,264.1199951171875,263.8949890136719,14526.0
202606241920,263.8999938964844,263.6199951171875,264.0899963378906,263.6199951171875,17449.0
202606241921,263.7200012207031,263.6700134277344,263.75,263.5799865722656,9200.0
202606241922,263.5899963378906,263.6449890136719,263.7099914550781,263.5899963378906,11426.0
202606241923,263.7099914550781,263.6449890136719,263.7799987792969,263.5899963378906,19488.0
202606241924,263.6449890136719,263.7449951171875,263.8500061035156,263.6300048828125,18218.0
202606241925,263.8349914550781,263.6650085449219,263.8900146484375,263.5799865722656,14763.0
202606241926,263.6524963378906,263.5705871582031,263.7300109863281,263.5,12325.0
202606241927,263.6300048828125,263.6449890136719,263.7099914550781,263.5,14498.0
202606241928,263.5950012207031,264.05999755859375,264.0899963378906,263.54998779296875,14155.0
202606241929,264.010009765625,263.80999755859375,264.052490234375,263.80999755859375,21497.0
202606241930,263.7699890136719,263.75,263.8699951171875,263.57000732421875,17298.0
202606241931,263.7449951171875,263.7250061035156,263.7699890136719,263.5,25500.0
202606241932,263.70001220703125,263.55999755859375,263.75,263.5299987792969,15419.0
202606241933,263.59991455078125,263.37200927734375,263.6199951171875,263.2900085449219,13193.0
202606241934,263.3299865722656,263.4049987792969,263.4599914550781,263.29998779296875,14021.0
202606241935,263.4100036621094,263.0,263.4399108886719,262.94000244140625,22758.0
202606241936,263.139892578125,263.20001220703125,263.2200012207031,263.05999755859375,13042.0
202606241937,263.20001220703125,262.6499938964844,263.20001220703125,262.6499938964844,16798.0
202606241938,262.7349853515625,262.6600036621094,262.7799987792969,262.6000061035156,14412.0
202606241939,262.6199951171875,262.67999267578125,262.92498779296875,262.6000061035156,17163.0
202606241940,262.75,263.0299987792969,263.04998779296875,262.70001220703125,25802.0
202606241941,263.0299987792969,262.9825134277344,263.239990234375,262.9100036621094,36435.0
202606241942,262.9849853515625,262.69000244140625,262.9849853515625,262.6199951171875,18196.0
202606241943,262.6199951171875,262.7674865722656,262.8299865722656,262.6099853515625,30982.0
202606241944,262.7300109863281,262.6400146484375,262.79998779296875,262.6400146484375,0.0
202606241945,262.7300109863281,262.54998779296875,262.760009765625,262.0299987792969,46141.0
202606241946,262.54998779296875,262.19000244140625,262.54998779296875,262.19000244140625,19571.0
202606241947,262.2325134277344,262.07000732421875,262.2325134277344,262.0,16744.0
202606241948,262.04998779296875,262.2550048828125,262.4200134277344,261.9049987792969,45216.0
202606241949,262.3299865722656,262.510009765625,262.6099853515625,262.3299865722656,30530.0
202606241950,262.4700012207031,262.6300048828125,262.6300048828125,262.3399963378906,48416.0
202606241951,262.6300048828125,263.1199951171875,263.1300048828125,262.5899963378906,37614.0
202606241952,263.1300048828125,263.2900085449219,263.3500061035156,263.010009765625,43249.0
202606241953,263.19000244140625,263.4800109863281,263.5,263.19000244140625,33323.0
202606241954,263.3699951171875,263.29998779296875,263.4100036621094,263.2200012207031,53050.0
202606241955,263.239990234375,263.1000061035156,263.7300109863281,263.0,85395.0
202606241956,263.1000061035156,263.19000244140625,263.29998779296875,262.9649963378906,77170.0
202606241957,263.18499755859375,262.9049987792969,263.18499755859375,262.760009765625,96695.0
202606241958,262.95001220703125,262.95001220703125,262.95001220703125,262.95001220703125,0.0
