datetime,open,close,high,low,volume
20240625,471.92,468.07,472.22,466.66,7571.0
20240626,469.07,466.04,469.07,463.72,15982.0
20240627,467.6,467.13,468.88,465.3,12873.0
20240628,468.81,467.1,471.75,464.87,46743.0
20240701,467.1,466.44,471.68,464.76,7896.0
20240702,465.6,465.7,466.67,464.02,6783.0
20240703,466.5,465.1,466.5,464.12,4246.0
20240705,464.98,462.2,465.0,459.69,8934.0
20240708,462.2,462.69,464.57,461.12,5803.0
20240709,461.77,460.3,462.93,459.76,7015.0
20240710,460.37,461.15,461.39,457.25,9190.0
20240711,459.72,460.38,465.77,456.11,16106.0
20240712,461.7,463.73,464.9,459.53,7553.0
20240715,468.81,463.88,474.77,462.78,6901.0
20240716,466.52,468.58,469.19,463.75,8159.0
20240717,470.66,478.99,478.99,469.7,15804.0
20240718,478.0,476.51,480.86,473.01,12966.0
20240719,478.15,474.92,479.54,472.81,12402.0
20240722,474.0,475.0,476.13,472.85,11970.0
20240723,479.22,501.29,501.77,475.0,37733.0
20240724,504.82,515.25,519.59,501.41,37592.0
20240725,513.45,523.0,526.69,512.4,27094.0
20240726,523.48,524.01,528.64,520.01,16047.0
20240729,524.0,527.64,529.46,519.26,12552.0
20240730,527.95,537.8,538.94,525.03,17103.0
20240731,540.0,542.0,547.0,538.18,20008.0
20240801,541.61,550.0,550.0,540.69,15405.0
20240802,545.0,548.5,561.12,540.0,20650.0
20240805,549.95,546.33,562.6,535.67,24244.0
20240806,549.91,541.76,549.91,540.0,14727.0
20240807,543.91,548.56,552.17,536.73,18115.0
20240808,548.32,551.62,553.69,543.69,11767.0
20240809,552.8,551.5,553.94,548.12,12530.0
20240812,551.07,556.91,557.56,550.4,11144.0
20240813,558.5,559.08,559.69,552.31,10239.0
20240814,559.4,563.22,564.22,557.0,10579.0
20240815,561.59,560.0,564.08,558.83,11683.0
20240816,559.32,560.96,562.43,557.0,11110.0
20240819,558.0,557.04,562.76,555.25,10670.0
20240820,558.79,557.01,558.9,550.96,10069.0
20240821,558.38,553.7,559.99,553.31,13970.0
20240822,555.53,557.03,558.19,553.27,9342.0
20240823,555.86,555.89,558.87,552.78,14799.0
20240826,556.29,558.0,560.14,556.11,9300.0
20240827,556.66,560.41,562.2,556.63,7516.0
20240828,561.56,562.5,568.73,560.2,8797.0
20240829,564.0,566.85,568.57,563.0,7638.0
20240830,567.01,568.0,569.09,562.55,17993.0
20240903,564.95,567.15,572.0,564.95,13127.0
20240904,566.25,574.78,578.73,562.12,11020.0
20240905,576.57,568.59,576.87,564.41,10181.0
20240906,569.05,565.62,572.11,564.95,13681.0
20240909,567.51,576.57,578.0,567.48,10332.0
20240910,575.81,572.3,577.86,570.42,8554.0
20240911,574.91,566.96,574.91,561.07,10250.0
20240912,565.0,568.45,568.97,563.86,9585.0
20240913,567.0,570.0,572.46,564.53,8277.0
20240916,570.01,572.92,577.0,568.99,7744.0
20240917,570.0,567.01,570.0,563.6,9544.0
20240918,566.32,565.49,569.54,562.28,9209.0
20240919,566.47,565.18,567.53,562.16,12079.0
20240920,567.66,570.1,573.5,562.94,64219.0
20240923,571.5,580.51,581.75,570.82,11918.0
20240924,580.0,578.0,581.16,576.15,9572.0
20240925,580.0,577.0,583.75,576.86,9429.0
20240926,576.0,577.4,582.53,574.0,9347.0
20240927,577.65,582.68,584.08,575.33,10892.0
20240930,581.88,584.95,584.95,579.21,14402.0
20241001,586.12,609.95,611.49,581.91,34367.0
20241002,614.0,603.2,614.0,601.42,16286.0
20241003,605.4,608.68,609.0,601.0,10579.0
20241004,607.33,605.13,607.34,599.32,6818.0
20241007,608.0,605.69,611.59,604.0,13007.0
20241008,605.16,609.9,610.75,603.09,7432.0
20241009,608.27,604.02,608.27,603.02,7371.0
20241010,604.95,597.49,607.29,596.22,9626.0
20241011,596.0,604.17,604.55,590.38,6589.0
20241014,605.0,608.75,611.99,603.77,7630.0
20241015,610.87,605.0,614.62,603.72,10326.0
20241016,606.88,612.83,613.01,602.62,7137.0
20241017,613.5,610.48,614.48,607.24,8409.0
20241018,609.6,612.99,614.0,608.49,13399.0
20241021,613.96,615.95,618.95,611.36,12980.0
20241022,617.44,578.0,621.0,574.0,29449.0
20241023,580.0,571.6,582.18,571.0,15723.0
20241024,572.0,564.6,573.93,564.18,15891.0
20241025,567.39,566.0,569.98,561.07,14262.0
20241028,564.0,555.25,564.0,554.49,18528.0
20241029,554.19,548.0,554.19,545.0,13793.0
20241030,548.02,548.86,551.26,543.2,13576.0
20241031,547.04,546.9,551.68,542.67,17953.0
20241101,551.25,545.35,551.25,544.62,9940.0
20241104,545.9,545.0,548.81,540.41,10054.0
20241105,545.0,548.0,548.0,542.0,8283.0
20241106,555.0,551.82,569.52,540.0,23143.0
20241107,555.0,552.01,557.0,549.67,9460.0
20241108,553.89,566.0,566.81,553.3,16216.0
20241111,568.49,571.88,576.15,568.49,14296.0
20241112,571.01,565.96,576.43,564.8,13353.0
20241113,565.78,557.73,567.7,556.33,15196.0
20241114,556.11,539.0,561.35,533.78,27528.0
20241115,537.0,536.0,542.54,531.42,22748.0
20241118,535.37,530.01,537.98,528.73,16570.0
20241119,533.94,539.71,539.72,531.21,12800.0
20241120,534.18,535.01,535.23,529.2,12400.0
20241121,535.14,542.52,545.73,533.71,16952.0
20241122,544.99,542.22,546.0,539.92,19057.0
20241125,540.01,521.0,540.01,514.9,59185.0
20241126,520.3,521.0,524.06,519.39,17961.0
20241127,522.51,528.71,529.99,520.0,12383.0
20241129,528.71,529.0,529.48,524.24,9289.0
20241202,526.45,520.34,526.79,519.3,13722.0
20241203,519.5,516.9,521.5,516.01,13888.0
20241204,516.4,517.0,519.83,513.14,15839.0
20241205,517.75,518.0,520.56,514.01,16357.0
20241206,516.0,513.03,517.44,509.6,17792.0
20241209,510.92,510.03,516.37,508.55,16110.0
20241210,510.18,512.45,514.93,508.1,13228.0
20241211,514.5,497.0,514.59,483.01,17814.0
20241212,497.0,496.58,501.1,488.71,25219.0
20241213,497.0,495.0,499.23,492.18,11503.0
20241216,494.8,491.69,494.8,490.15,18442.0
20241217,489.34,490.02,493.0,486.8,18936.0
20241218,489.5,482.25,490.24,482.25,19426.0
20241219,481.26,479.66,484.0,477.3,16298.0
20241220,479.51,489.5,490.0,477.77,56206.0
20241223,489.51,489.0,489.51,481.83,12883.0
20241224,486.06,488.13,488.73,484.01,5233.0
20241226,490.14,489.93,493.47,486.04,8838.0
20241227,488.38,489.99,493.4,486.38,12404.0
20241230,488.0,483.37,488.0,481.85,13525.0
20241231,481.9,485.94,486.53,481.9,9916.0
20250102,486.16,482.25,489.72,481.42,13710.0
20250103,482.0,481.82,483.93,480.91,10613.0
20250106,481.8,466.5,482.01,465.86,25949.0
20250107,467.9,463.96,473.42,462.94,19280.0
20250108,465.71,468.0,470.0,461.24,13313.0
20250110,471.0,467.75,473.3,465.73,16897.0
20250113,469.0,481.0,484.82,468.8,19892.0
20250114,485.0,484.46,488.89,477.97,17822.0
20250115,484.97,483.97,488.0,480.37,12003.0
20250116,482.5,484.93,487.0,481.5,12303.0
20250117,488.48,490.32,492.05,484.19,20369.0
20250121,492.94,506.3,509.55,492.4,20827.0
20250122,505.18,502.34,505.53,495.18,17176.0
20250123,501.91,497.59,506.0,493.98,12815.0
20250124,498.99,497.35,498.99,494.6,11083.0
20250127,495.87,503.88,507.11,491.03,27849.0
20250128,502.31,459.5,502.76,457.27,57684.0
20250129,460.06,455.01,462.49,449.4,35670.0
20250130,456.67,459.01,460.0,451.32,28744.0
20250131,459.6,463.0,464.23,457.15,23308.0
20250203,458.74,457.66,461.34,453.57,21146.0
20250204,454.89,451.96,457.69,451.26,17822.0
20250205,456.05,449.9,457.1,448.77,15338.0
20250206,451.52,448.48,452.17,444.63,17730.0
20250207,449.63,444.58,451.5,443.78,18477.0
20250210,446.37,448.01,448.94,440.71,21972.0
20250211,448.59,448.26,451.8,444.99,13291.0
20250212,447.99,442.0,449.14,441.04,18393.0
20250213,440.5,434.7,445.3,432.01,38508.0
20250214,431.56,423.5,435.16,419.7,50923.0
20250218,429.53,428.88,432.93,423.5,38497.0
20250219,431.29,431.5,438.0,425.58,36632.0
20250220,432.99,436.6,438.0,429.31,17877.0
20250221,437.57,442.25,443.73,435.67,22589.0
20250224,442.5,438.0,448.28,438.0,25083.0
20250225,440.27,448.46,451.67,440.27,27007.0
20250226,449.25,441.6,449.25,439.34,18602.0
20250227,442.6,446.5,447.08,441.45,23572.0
20250228,446.46,452.78,452.79,445.03,18422.0
20250303,455.0,452.75,455.0,448.83,20078.0
20250304,452.99,450.0,463.74,448.49,32301.0
20250305,453.55,460.0,463.48,449.0,23472.0
20250306,459.0,461.0,463.5,453.41,18318.0
20250307,461.63,476.4,477.49,457.96,27112.0
20250310,471.92,477.7,494.2,470.61,30866.0
20250311,478.17,468.88,479.11,466.54,19658.0
20250312,467.6,461.01,468.88,456.0,16918.0
20250313,460.24,468.0,470.43,459.86,15852.0
20250314,471.0,466.17,471.0,461.96,11882.0
20250317,464.0,467.0,472.27,462.83,14488.0
20250318,468.12,469.28,471.63,465.39,11414.0
20250319,468.95,470.01,475.69,466.76,16625.0
20250320,470.9,466.74,470.9,464.21,13702.0
20250321,470.0,438.6,482.33,432.51,119155.0
20250324,438.57,434.79,438.6,424.3,46293.0
20250325,434.89,442.99,444.01,433.0,21557.0
20250326,444.5,444.75,451.2,443.0,18747.0
20250327,442.0,442.31,448.15,440.22,22058.0
20250328,441.15,440.06,445.76,439.56,24948.0
20250331,441.11,444.47,451.06,440.74,23918.0
20250401,446.71,452.3,452.3,444.48,15009.0
20250402,449.12,447.0,455.92,442.0,16821.0
20250403,446.94,451.99,461.88,445.0,25522.0
20250404,449.29,430.01,454.93,430.0,33882.0
20250407,423.98,433.0,438.91,415.9,25540.0
20250408,437.1,443.36,451.39,436.8,30543.0
20250409,438.5,462.0,468.33,435.38,33815.0
20250410,461.0,465.5,469.1,450.38,26338.0
20250411,465.29,474.05,478.18,460.32,20349.0
20250414,472.49,474.99,478.75,467.59,13824.0
20250415,475.22,469.58,475.34,468.0,18456.0
20250416,479.0,477.39,482.82,471.15,23299.0
20250417,480.02,464.7,480.02,448.39,47494.0
20250421,465.0,452.82,465.0,452.79,16971.0
20250422,458.0,467.0,477.1,442.35,38191.0
20250423,466.08,464.0,471.39,457.65,17528.0
20250424,465.77,468.02,468.3,460.16,15859.0
20250425,467.68,478.37,478.46,466.86,19953.0
20250428,479.29,476.29,483.79,474.29,12641.0
20250429,479.2,475.88,479.3,473.35,10326.0
20250430,477.0,477.75,478.61,471.13,15856.0
20250501,478.92,477.0,479.45,473.0,10736.0
20250502,483.12,472.7,491.07,467.51,28385.0
20250505,473.46,470.97,476.0,469.34,14388.0
20250506,469.77,469.5,471.16,463.46,16059.0
20250507,472.0,471.32,474.9,467.06,15683.0
20250508,471.95,474.68,479.0,471.73,12531.0
20250509,476.4,474.51,476.63,468.08,11240.0
20250512,470.01,473.16,478.55,465.77,17861.0
20250513,473.0,461.7,475.0,459.13,24089.0
20250514,463.0,451.52,464.4,445.06,26321.0
20250515,453.05,464.55,465.41,453.05,21073.0
20250516,464.87,465.01,468.51,462.66,20071.0
20250519,467.8,472.63,474.44,467.7,12354.0
20250520,473.0,478.03,478.91,470.89,14420.0
20250521,482.98,470.75,483.9,470.0,15432.0
20250522,470.03,472.0,472.87,467.12,10520.0
20250523,469.5,471.7,471.7,465.56,10867.0
20250527,473.65,476.13,478.5,468.65,17425.0
20250528,477.52,471.6,478.98,469.0,11197.0
20250529,472.03,473.04,474.56,465.32,11908.0
20250530,473.67,481.75,482.38,471.06,32360.0
20250602,482.05,478.82,483.0,474.0,15571.0
20250603,479.18,480.2,481.28,476.54,13505.0
20250604,481.0,485.0,486.86,481.0,14218.0
20250605,485.37,478.0,485.37,471.75,12897.0
20250606,478.68,482.82,482.82,476.96,8037.0
20250609,481.67,480.83,485.0,476.62,12103.0
20250610,480.0,476.89,481.65,475.64,12325.0
20250611,475.26,457.0,475.26,443.4,48579.0
20250612,458.4,469.27,469.63,456.5,21278.0
20250613,485.0,491.95,502.1,473.35,34323.0
20250616,493.55,473.81,495.7,464.52,38259.0
20250617,471.27,484.44,484.8,467.5,27068.0
20250618,481.97,470.0,482.4,467.96,22662.0
20250620,471.0,471.95,474.31,461.11,40614.0
20250623,475.0,466.08,482.37,465.0,40473.0
20250624,465.33,460.66,469.0,457.68,26433.0
20250625,463.91,457.0,464.88,456.5,16715.0
20250626,459.5,459.15,464.08,456.63,19876.0
20250627,457.5,458.4,460.0,451.46,27553.0
20250630,459.23,462.34,463.82,457.87,15586.0
20250701,462.28,464.11,469.44,460.0,14765.0
20250702,467.25,462.11,467.42,458.61,13552.0
20250703,464.0,462.98,465.35,460.97,9537.0
20250707,465.47,467.16,470.55,461.37,15310.0
20250708,469.0,463.99,469.0,460.65,16239.0
20250709,465.0,463.25,465.99,460.2,11464.0
20250710,462.38,465.0,466.48,456.0,17451.0
20250711,465.61,468.9,468.91,461.82,15270.0
20250714,468.75,474.0,474.76,468.0,15107.0
20250715,474.06,469.6,474.5,468.51,14099.0
20250716,470.67,469.45,472.6,466.41,11930.0
20250717,471.0,468.8,474.4,467.71,11167.0
20250718,469.01,464.5,471.21,460.97,28736.0
20250721,465.61,462.35,467.36,460.53,18882.0
20250722,465.0,414.7,465.0,410.11,116753.0
20250723,415.3,419.98,423.37,411.0,64382.0
20250724,421.5,421.5,426.89,420.13,46106.0
20250725,423.0,422.32,425.67,418.51,35505.0
20250728,425.82,423.0,428.86,421.17,34136.0
20250729,423.65,420.1,423.99,417.35,31573.0
20250730,419.94,417.41,422.8,417.0,24216.0
20250731,418.0,419.0,422.59,412.55,31945.0
20250801,419.0,421.38,423.96,417.0,26734.0
20250804,421.08,423.5,424.6,419.0,21944.0
20250805,424.78,427.35,430.07,421.86,21844.0
20250806,427.63,434.47,436.62,427.26,31677.0
20250807,436.0,430.49,436.0,428.05,20073.0
20250808,431.26,426.0,433.59,423.91,18844.0
20250811,425.0,425.03,427.82,424.12,20794.0
20250812,425.37,430.5,431.59,425.0,21149.0
20250813,431.28,442.2,443.45,431.1,23760.0
20250814,441.97,438.5,443.9,434.84,19646.0
20250815,437.65,438.38,441.43,436.46,21252.0
20250818,439.25,441.97,443.77,438.38,16611.0
20250819,438.57,438.75,444.5,438.57,16284.0
20250820,440.0,446.99,447.08,440.0,16432.0
20250821,444.36,446.87,448.49,443.0,12728.0
20250822,446.6,446.8,452.56,444.86,20068.0
20250825,446.4,447.38,448.75,445.1,11520.0
20250826,447.39,457.0,457.0,446.0,26304.0
20250827,456.12,453.77,459.47,453.51,15812.0
20250828,455.88,454.17,456.55,450.36,16590.0
20250829,455.12,455.85,459.9,454.39,13799.0
20250902,454.14,451.0,455.77,447.59,19129.0
20250903,451.0,448.0,452.0,446.69,17966.0
20250904,449.88,455.5,457.17,448.1,17211.0
20250905,455.58,463.04,463.98,455.58,16603.0
20250908,463.68,458.97,463.68,452.76,19333.0
20250909,458.92,457.76,459.0,452.42,10932.0
20250910,456.17,464.0,464.38,455.04,11704.0
20250911,465.0,470.73,472.4,462.99,21890.0
20250912,468.3,471.0,472.98,467.17,12198.0
20250915,471.9,473.25,474.29,468.99,14739.0
20250916,472.5,476.0,478.44,471.66,14156.0
20250917,473.9,473.12,477.19,472.63,12741.0
20250918,472.8,473.0,474.36,467.99,13924.0
20250919,473.6,472.5,477.0,471.38,45939.0
20250922,474.68,480.0,482.08,473.01,17888.0
20250923,481.39,486.67,486.78,479.34,13781.0
20250924,487.1,485.77,495.24,484.25,17253.0
20250925,488.0,485.6,491.15,482.32,13971.0
20250926,485.53,488.49,490.75,484.57,10580.0
20250929,490.5,492.08,500.0,489.22,19391.0
20250930,495.03,499.4,499.89,491.14,17294.0
20251001,497.85,499.0,504.07,495.0,13414.0
20251002,500.0,499.24,503.6,497.01,10957.0
20251003,499.36,505.0,506.81,499.24,10384.0
20251006,506.0,514.5,515.43,505.15,15218.0
20251007,515.49,511.0,517.28,509.13,10723.0
20251008,510.99,513.75,516.0,510.88,9909.0
20251009,512.0,510.0,515.2,503.81,10768.0
20251010,508.43,501.0,513.45,500.54,14658.0
20251013,504.56,502.02,507.43,500.0,10624.0
20251014,501.01,505.18,507.0,499.0,13556.0
20251015,505.2,500.0,505.2,485.48,20493.0
20251016,499.5,491.44,501.31,491.44,12318.0
20251017,486.02,494.45,496.68,485.0,31008.0
20251020,496.48,505.5,506.99,496.3,16958.0
20251021,505.58,491.0,529.02,480.0,36266.0
20251022,490.8,487.14,492.79,482.54,20629.0
20251023,486.49,489.34,493.98,486.49,17389.0
20251024,488.15,485.97,493.79,484.07,17174.0
20251027,486.01,485.74,488.44,479.87,17667.0
20251028,485.5,486.25,489.4,483.62,17334.0
20251029,484.55,485.01,488.82,483.66,12043.0
20251030,484.41,488.01,494.46,484.41,13256.0
20251031,487.35,490.5,493.61,486.0,15015.0
20251103,491.8,486.5,493.31,484.75,14116.0
20251104,485.94,485.98,489.06,481.0,19560.0
20251105,485.06,473.88,485.85,473.14,30787.0
20251106,472.32,469.0,474.18,466.11,13971.0
20251107,468.16,459.75,469.41,456.2,32127.0
20251110,460.32,452.06,468.0,448.48,27478.0
20251111,452.76,458.0,461.77,450.87,22857.0
20251112,457.21,459.0,459.77,455.22,16975.0
20251113,458.6,456.25,460.91,455.1,13271.0
20251114,456.3,466.02,468.0,454.0,20630.0
20251117,465.0,471.55,472.0,464.4,24452.0
20251118,471.94,474.42,485.0,470.22,18576.0
20251119,474.99,469.44,478.88,468.3,12454.0
20251120,469.97,468.3,477.43,465.02,14794.0
20251121,466.87,461.85,469.4,459.96,28254.0
20251124,460.79,451.45,461.19,450.06,25408.0
20251125,451.53,452.37,454.03,447.0,21940.0
20251126,452.5,454.99,457.26,452.38,18505.0
20251128,456.34,457.46,457.86,452.61,12196.0
20251201,454.21,440.25,455.5,438.5,27893.0
20251202,439.94,442.0,442.75,437.25,27787.0
20251203,443.51,446.54,448.47,439.05,27789.0
20251204,447.25,448.3,449.53,445.43,19428.0
20251205,448.6,452.25,452.85,446.41,19727.0
20251208,452.49,465.0,465.56,450.94,21954.0
20251209,464.82,466.5,472.81,464.82,18300.0
20251210,465.98,467.0,473.08,455.88,38503.0
20251211,468.98,474.94,479.7,468.98,21999.0
20251212,476.89,480.5,480.84,470.79,22603.0
20251215,480.25,484.0,484.82,477.23,16329.0
20251216,478.06,468.34,484.47,465.0,22221.0
20251217,469.94,475.44,476.89,462.25,36610.0
20251218,478.08,468.33,480.49,468.33,24536.0
20251219,466.87,474.13,475.72,464.88,52427.0
20251222,474.2,484.04,485.02,472.25,17670.0
20251223,483.38,484.0,484.96,481.0,14994.0
20251224,484.84,486.0,491.18,484.44,9951.0
20251226,486.03,482.71,487.06,481.18,9913.0
20251229,483.53,489.5,489.5,482.98,15454.0
20251230,489.25,488.18,491.7,487.17,17951.0
20251231,488.5,483.7,490.1,483.2,10444.0
20260102,484.41,496.28,497.16,476.54,20145.0
20260105,499.0,509.94,515.88,497.86,32050.0
20260106,509.87,523.14,538.73,509.87,48972.0
20260107,524.01,527.5,535.99,494.03,79276.0
20260108,527.99,520.0,542.87,513.01,77305.0
20260109,524.02,543.59,546.07,523.56,47541.0
20260112,548.09,550.06,555.31,540.31,54130.0
20260113,550.4,559.34,564.0,550.4,35657.0
20260114,558.3,579.77,583.03,554.2,48553.0
20260115,576.88,577.15,581.42,559.73,30367.0
20260116,578.62,582.24,582.93,577.21,37459.0
20260120,578.51,576.16,586.85,573.39,26490.0
20260121,576.77,587.4,588.97,573.75,32875.0
20260122,587.0,595.0,595.95,582.49,26829.0
20260123,593.03,591.0,598.02,586.01,20784.0
20260126,590.0,580.32,592.53,575.63,25459.0
20260127,579.2,594.8,595.87,567.0,29819.0
20260128,593.02,596.16,599.32,583.0,22288.0
20260129,597.32,625.0,645.67,595.0,58296.0
20260130,617.94,634.0,641.19,615.5,35684.0
20260202,630.0,637.01,640.98,615.1,32914.0
20260203,633.0,630.0,646.59,618.45,38122.0
20260204,627.1,604.0,633.0,596.23,45328.0
20260205,599.0,609.73,614.0,595.0,26532.0
20260206,609.2,625.39,629.0,609.18,17296.0
20260209,623.06,637.5,638.97,620.97,26644.0
20260210,638.25,631.53,638.29,626.51,19055.0
20260211,630.0,627.47,633.8,621.67,17009.0
20260212,627.02,637.43,644.25,627.02,29519.0
20260213,634.98,654.0,656.34,631.15,25010.0
20260217,654.86,650.0,656.22,642.0,19864.0
20260218,651.5,652.83,660.55,647.19,22748.0
20260219,654.34,670.0,670.78,652.0,22470.0
20260220,671.01,658.26,674.38,648.41,25030.0
20260223,662.0,661.73,675.0,653.15,15166.0
20260224,663.24,664.73,669.1,652.57,24099.0
20260225,664.02,649.87,665.06,634.03,27143.0
20260226,648.71,641.47,650.14,638.03,20447.0
20260227,646.65,658.95,662.47,642.21,45434.0
20260302,702.57,678.03,718.51,654.63,55323.0
20260303,685.48,666.5,689.07,657.56,35015.0
20260304,668.0,664.75,671.0,652.54,25442.0
20260305,664.75,655.05,665.34,647.22,24903.0
20260306,655.0,676.84,677.0,654.0,31409.0
20260309,680.98,658.95,688.01,657.34,37681.0
20260310,659.1,651.45,663.83,646.2,28826.0
20260311,651.73,646.54,657.0,644.13,21497.0
20260312,647.85,654.48,661.0,645.5,19005.0
20260313,651.38,646.9,660.0,640.5,16449.0
20260316,644.87,643.6,651.55,639.0,17922.0
20260317,644.03,634.89,645.2,632.78,22684.0
20260318,633.91,641.0,645.85,633.47,17038.0
20260319,643.15,637.02,645.05,623.75,26439.0
20260320,636.89,625.0,640.42,622.37,111106.0
20260323,624.95,616.16,632.0,610.63,23635.0
20260324,616.0,606.0,617.0,605.0,18622.0
20260325,610.5,624.74,626.93,606.99,20581.0
20260326,622.45,628.5,632.92,619.8,20634.0
20260327,625.06,614.6,631.45,613.65,17955.0
20260330,615.71,598.48,623.32,593.88,32914.0
20260331,600.13,605.99,610.0,596.0,22761.0
20260401,604.4,619.0,619.98,602.07,18532.0
20260402,620.89,623.75,626.51,616.0,20184.0
20260406,621.53,638.92,638.92,620.25,15954.0
20260407,636.01,626.0,638.42,625.5,11717.0
20260408,621.71,626.81,630.67,605.5,21680.0
20260409,626.6,624.26,636.88,623.08,13378.0
20260410,624.33,616.0,626.99,607.15,14171.0
20260413,617.03,618.6,622.51,615.01,10260.0
20260414,617.77,611.88,618.61,609.06,14128.0
20260415,611.8,610.99,615.59,607.34,14906.0
20260416,610.0,607.3,613.0,601.41,13069.0
20260417,607.82,592.19,609.89,588.41,28271.0
20260420,592.0,581.15,598.0,578.23,30675.0
20260421,581.3,571.44,583.59,568.84,28639.0
20260422,574.7,557.66,576.07,550.19,37395.0
20260423,557.0,530.19,560.0,514.01,57772.0
20260424,529.4,513.19,533.72,503.6,57668.0
20260427,513.71,514.1,527.66,511.46,34913.0
20260428,514.8,512.57,518.68,507.56,24112.0
20260429,513.42,508.93,516.0,501.94,27302.0
20260430,510.5,517.98,518.87,507.9,27093.0
20260501,519.64,513.9,522.13,512.11,24093.0
20260504,514.41,519.69,524.5,512.0,23118.0
20260505,519.01,508.72,520.5,507.49,24009.0
20260506,509.83,513.53,514.47,500.31,28467.0
20260507,515.65,512.8,517.0,503.03,38259.0
20260508,511.05,507.2,512.81,504.5,23908.0
20260511,506.58,512.35,515.63,502.45,23450.0
20260512,512.98,521.73,522.51,510.91,19800.0
20260513,518.22,519.82,522.2,510.78,13861.0
20260514,520.94,518.83,521.6,515.25,14361.0
20260515,520.4,516.9,524.93,514.73,23204.0
20260518,518.0,527.9,528.6,512.76,18702.0
20260519,526.88,527.0,530.29,523.48,19040.0
20260520,526.75,520.05,527.67,517.0,15608.0
20260521,521.57,522.46,529.48,517.02,29428.0
20260522,523.74,534.99,534.99,522.0,18662.0
20260526,534.0,533.0,536.02,529.0,22069.0
20260527,532.4,532.2,533.57,524.25,15660.0
20260528,536.6,537.0,541.21,530.06,17350.0
20260529,540.0,531.06,540.0,527.95,33546.0
20260601,525.0,517.0,529.0,515.88,16248.0
20260602,518.13,513.43,518.13,510.1,14859.0
20260603,513.12,513.17,524.54,510.54,16716.0
20260604,513.16,518.06,522.71,512.01,13074.0
20260605,519.02,521.5,528.01,519.02,14619.0
20260608,521.6,520.02,527.11,516.36,11352.0
20260609,519.14,531.0,531.0,518.87,14310.0
20260610,529.85,525.05,535.75,524.0,15408.0
20260611,522.9,547.52,550.99,522.9,23621.0
20260612,546.43,540.27,550.87,538.31,17115.0
20260615,537.81,530.56,538.75,528.5,18927.0
20260616,534.0,536.65,538.5,527.01,13837.0
20260617,535.65,531.0,539.47,528.9,18663.0
20260618,533.2,511.05,536.9,505.18,76373.0
202606220804,511.34,511.34,511.34,511.34,1.0
202606220805,511.35,511.35,511.35,511.35,1.0
202606220806,511.0,511.06,511.06,511.0,3.0
202606220807,510.15,511.06,511.06,510.15,2.0
202606220808,511.06,511.06,511.06,511.06,0.0
202606220809,511.06,511.06,511.06,511.06,0.0
202606220810,511.06,511.06,511.06,511.06,0.0
202606220811,511.06,511.06,511.06,511.06,0.0
202606220812,511.06,511.06,511.06,511.06,0.0
202606220813,511.06,511.06,511.06,511.06,0.0
202606220814,511.06,511.06,511.06,511.06,0.0
202606220815,511.06,511.06,511.06,511.06,0.0
202606220816,511.06,511.06,511.06,511.06,0.0
202606220817,511.06,511.06,511.06,511.06,0.0
202606220818,511.06,511.06,511.06,511.06,0.0
202606220819,511.06,511.06,511.06,511.06,0.0
202606220820,511.06,511.06,511.06,511.06,0.0
202606220821,511.06,511.06,511.06,511.06,0.0
202606220822,511.06,511.06,511.06,511.06,0.0
202606220823,511.06,511.06,511.06,511.06,0.0
202606220824,511.06,511.06,511.06,511.06,0.0
202606220825,511.06,511.06,511.06,511.06,0.0
202606220826,511.06,511.06,511.06,511.06,0.0
202606220827,511.06,511.06,511.06,511.06,0.0
202606220828,511.06,511.06,511.06,511.06,0.0
202606220829,511.06,511.06,511.06,511.06,0.0
202606220830,511.06,511.06,511.06,511.06,0.0
202606220831,511.06,511.06,511.06,511.06,0.0
202606220832,511.06,511.06,511.06,511.06,0.0
202606220833,511.06,511.06,511.06,511.06,0.0
202606220834,511.06,511.06,511.06,511.06,0.0
202606220835,511.06,511.06,511.06,511.06,0.0
202606220836,511.06,511.06,511.06,511.06,0.0
202606220837,511.06,511.06,511.06,511.06,0.0
202606220838,511.06,511.06,511.06,511.06,0.0
202606220839,511.06,511.06,511.06,511.06,0.0
202606220840,511.06,511.06,511.06,511.06,0.0
202606220841,511.06,511.06,511.06,511.06,0.0
202606220842,511.06,511.06,511.06,511.06,0.0
202606220843,511.06,511.06,511.06,511.06,0.0
202606220844,511.06,511.06,511.06,511.06,0.0
202606220845,511.06,511.06,511.06,511.06,0.0
202606220846,511.06,511.06,511.06,511.06,0.0
202606220847,511.06,511.06,511.06,511.06,0.0
202606220848,511.06,511.06,511.06,511.06,0.0
202606220849,511.06,511.06,511.06,511.06,0.0
202606220850,511.06,511.06,511.06,511.06,0.0
202606220851,511.06,511.06,511.06,511.06,0.0
202606220852,511.06,511.06,511.06,511.06,0.0
202606220853,511.06,511.06,511.06,511.06,0.0
202606220854,511.06,511.06,511.06,511.06,0.0
202606220855,511.06,511.06,511.06,511.06,0.0
202606220856,511.06,511.06,511.06,511.06,0.0
202606220857,511.06,511.06,511.06,511.06,0.0
202606220858,511.06,511.06,511.06,511.06,0.0
202606220859,511.06,511.06,511.06,511.06,0.0
202606220900,511.06,511.06,511.06,511.06,0.0
202606220901,511.06,511.06,511.06,511.06,0.0
202606220902,511.06,511.06,511.06,511.06,0.0
202606220903,511.06,511.06,511.06,511.06,0.0
202606220904,511.06,511.06,511.06,511.06,0.0
202606220905,511.06,511.06,511.06,511.06,0.0
202606220906,511.06,511.06,511.06,511.06,0.0
202606220907,511.06,511.06,511.06,511.06,0.0
202606220908,511.06,511.06,511.06,511.06,0.0
202606220909,511.06,511.06,511.06,511.06,0.0
202606220910,511.06,511.06,511.06,511.06,0.0
202606220911,511.06,511.06,511.06,511.06,0.0
202606220912,511.06,511.06,511.06,511.06,0.0
202606220913,511.06,511.06,511.06,511.06,0.0
202606220914,511.06,511.06,511.06,511.06,0.0
202606220915,511.06,511.06,511.06,511.06,0.0
202606220916,511.06,511.06,511.06,511.06,0.0
202606220917,511.06,511.06,511.06,511.06,0.0
202606220918,511.06,511.06,511.06,511.06,0.0
202606220919,511.06,511.06,511.06,511.06,0.0
202606220920,511.06,511.06,511.06,511.06,0.0
202606220921,511.06,511.06,511.06,511.06,0.0
202606220922,511.06,511.06,511.06,511.06,0.0
202606220923,511.06,511.06,511.06,511.06,0.0
202606220924,511.06,511.06,511.06,511.06,0.0
202606220925,511.06,511.06,511.06,511.06,0.0
202606220926,511.06,511.06,511.06,511.06,0.0
202606220927,511.06,511.06,511.06,511.06,0.0
202606220928,511.06,511.06,511.06,511.06,0.0
202606220929,511.06,511.06,511.06,511.06,0.0
202606220930,511.06,511.06,511.06,511.06,0.0
202606220931,511.06,511.06,511.06,511.06,0.0
202606220932,511.06,511.06,511.06,511.06,0.0
202606220933,511.06,511.06,511.06,511.06,0.0
202606220934,511.06,511.06,511.06,511.06,0.0
202606220935,511.06,511.06,511.06,511.06,0.0
202606220936,511.06,511.06,511.06,511.06,0.0
202606220937,511.06,511.06,511.06,511.06,0.0
202606220938,511.06,511.06,511.06,511.06,0.0
202606220939,511.06,511.06,511.06,511.06,0.0
202606220940,511.06,511.06,511.06,511.06,0.0
202606220941,511.06,511.06,511.06,511.06,0.0
202606220942,511.06,511.06,511.06,511.06,0.0
202606220943,511.06,511.06,511.06,511.06,0.0
202606220944,511.06,511.06,511.06,511.06,0.0
202606220945,511.06,511.06,511.06,511.06,0.0
202606220946,511.06,511.06,511.06,511.06,0.0
202606220947,511.06,511.06,511.06,511.06,0.0
202606220948,511.06,511.06,511.06,511.06,0.0
202606220949,511.06,511.06,511.06,511.06,0.0
202606220950,511.06,511.06,511.06,511.06,0.0
202606220951,511.06,511.06,511.06,511.06,0.0
202606220952,511.06,511.06,511.06,511.06,0.0
202606220953,511.06,511.06,511.06,511.06,0.0
202606220954,511.06,511.06,511.06,511.06,0.0
202606220955,511.06,511.06,511.06,511.06,0.0
202606220956,511.06,511.06,511.06,511.06,0.0
202606220957,511.06,511.06,511.06,511.06,0.0
202606220958,511.06,511.06,511.06,511.06,0.0
202606220959,511.06,511.06,511.06,511.06,0.0
202606221000,511.06,511.06,511.06,511.06,0.0
202606221001,511.06,511.06,511.06,511.06,0.0
202606221002,511.06,511.06,511.06,511.06,0.0
202606221003,511.06,511.06,511.06,511.06,0.0
202606221004,511.06,511.06,511.06,511.06,0.0
202606221005,511.06,511.06,511.06,511.06,0.0
202606221006,511.06,511.06,511.06,511.06,0.0
202606221007,511.06,511.06,511.06,511.06,0.0
202606221008,511.06,511.06,511.06,511.06,0.0
202606221009,511.06,511.06,511.06,511.06,0.0
202606221010,511.06,511.06,511.06,511.06,0.0
202606221011,511.06,511.06,511.06,511.06,0.0
202606221012,511.06,511.06,511.06,511.06,0.0
202606221013,511.06,511.06,511.06,511.06,0.0
202606221014,511.06,511.06,511.06,511.06,0.0
202606221015,511.06,511.06,511.06,511.06,0.0
202606221016,511.06,511.06,511.06,511.06,0.0
202606221017,511.06,511.06,511.06,511.06,0.0
202606221018,511.06,511.06,511.06,511.06,0.0
202606221019,511.06,511.06,511.06,511.06,0.0
202606221020,511.06,511.06,511.06,511.06,0.0
202606221021,511.06,511.06,511.06,511.06,0.0
202606221022,511.06,511.06,511.06,511.06,0.0
202606221023,511.06,511.06,511.06,511.06,0.0
202606221024,511.06,511.06,511.06,511.06,0.0
202606221025,511.06,511.06,511.06,511.06,0.0
202606221026,511.06,511.06,511.06,511.06,0.0
202606221027,511.06,511.06,511.06,511.06,0.0
202606221028,511.06,511.06,511.06,511.06,0.0
202606221029,511.06,511.06,511.06,511.06,0.0
202606221030,511.06,511.06,511.06,511.06,0.0
202606221031,511.06,511.06,511.06,511.06,0.0
202606221032,511.06,511.06,511.06,511.06,0.0
202606221033,511.06,511.06,511.06,511.06,0.0
202606221034,511.06,511.06,511.06,511.06,0.0
202606221035,511.06,511.06,511.06,511.06,0.0
202606221036,511.06,511.06,511.06,511.06,0.0
202606221037,511.06,511.06,511.06,511.06,0.0
202606221038,511.06,511.06,511.06,511.06,0.0
202606221039,511.06,511.06,511.06,511.06,0.0
202606221040,511.06,511.06,511.06,511.06,0.0
202606221041,511.06,511.06,511.06,511.06,0.0
202606221042,511.06,511.06,511.06,511.06,0.0
202606221043,511.06,511.06,511.06,511.06,0.0
202606221044,511.06,511.06,511.06,511.06,0.0
202606221045,511.06,511.06,511.06,511.06,0.0
202606221046,511.06,511.06,511.06,511.06,0.0
202606221047,511.06,511.06,511.06,511.06,0.0
202606221048,511.06,511.06,511.06,511.06,0.0
202606221049,511.06,511.06,511.06,511.06,0.0
202606221050,511.06,511.06,511.06,511.06,0.0
202606221051,511.06,511.06,511.06,511.06,0.0
202606221052,511.06,511.06,511.06,511.06,0.0
202606221053,511.06,511.06,511.06,511.06,0.0
202606221054,511.06,511.06,511.06,511.06,0.0
202606221055,511.06,511.06,511.06,511.06,0.0
202606221056,511.06,511.06,511.06,511.06,0.0
202606221057,511.06,511.06,511.06,511.06,0.0
202606221058,511.06,511.06,511.06,511.06,0.0
202606221059,511.06,511.06,511.06,511.06,0.0
202606221100,510.94,510.87,510.94,510.87,2.0
202606221101,510.87,510.87,510.87,510.87,0.0
202606221102,510.87,510.87,510.87,510.87,0.0
202606221103,510.87,510.87,510.87,510.87,0.0
202606221104,510.87,510.87,510.87,510.87,0.0
202606221105,510.87,510.87,510.87,510.87,0.0
202606221106,510.87,510.87,510.87,510.87,0.0
202606221107,510.87,510.87,510.87,510.87,0.0
202606221108,510.87,510.87,510.87,510.87,0.0
202606221109,510.87,510.87,510.87,510.87,0.0
202606221110,510.87,510.87,510.87,510.87,0.0
202606221111,510.87,510.87,510.87,510.87,0.0
202606221112,510.87,510.87,510.87,510.87,0.0
202606221113,510.87,510.87,510.87,510.87,0.0
202606221114,510.87,510.87,510.87,510.87,0.0
202606221115,510.87,510.87,510.87,510.87,0.0
202606221116,510.87,510.87,510.87,510.87,0.0
202606221117,510.87,510.87,510.87,510.87,0.0
202606221118,510.87,510.87,510.87,510.87,0.0
202606221119,510.87,510.87,510.87,510.87,0.0
202606221120,510.87,510.87,510.87,510.87,0.0
202606221121,510.87,510.87,510.87,510.87,0.0
202606221122,510.87,510.87,510.87,510.87,0.0
202606221123,510.87,510.87,510.87,510.87,0.0
202606221124,510.87,510.87,510.87,510.87,0.0
202606221125,510.87,510.87,510.87,510.87,0.0
202606221126,510.87,510.87,510.87,510.87,0.0
202606221127,510.87,510.87,510.87,510.87,0.0
202606221128,510.87,510.87,510.87,510.87,0.0
202606221129,510.87,510.87,510.87,510.87,0.0
202606221130,510.87,510.87,510.87,510.87,0.0
202606221131,510.87,510.87,510.87,510.87,0.0
202606221132,510.87,510.87,510.87,510.87,0.0
202606221133,510.87,510.87,510.87,510.87,0.0
202606221134,510.87,510.87,510.87,510.87,0.0
202606221135,510.87,510.87,510.87,510.87,0.0
202606221136,510.87,510.87,510.87,510.87,0.0
202606221137,510.87,510.87,510.87,510.87,0.0
202606221138,510.87,510.87,510.87,510.87,0.0
202606221139,510.87,510.87,510.87,510.87,0.0
202606221140,510.87,510.87,510.87,510.87,0.0
202606221141,510.87,510.87,510.87,510.87,0.0
202606221142,510.87,510.87,510.87,510.87,0.0
202606221143,511.0,511.0,511.0,511.0,100.0
202606221144,511.0,511.0,511.0,511.0,0.0
202606221145,511.0,511.0,511.0,511.0,0.0
202606221146,511.0,511.0,511.0,511.0,0.0
202606221147,511.0,511.0,511.0,511.0,0.0
202606221148,511.0,511.0,511.0,511.0,0.0
202606221149,511.0,511.0,511.0,511.0,0.0
202606221150,511.0,511.0,511.0,511.0,0.0
202606221151,511.0,511.0,511.0,511.0,0.0
202606221152,511.0,511.0,511.0,511.0,0.0
202606221153,511.0,511.0,511.0,511.0,0.0
202606221154,511.0,511.0,511.0,511.0,0.0
202606221155,511.0,511.0,511.0,511.0,0.0
202606221156,511.0,511.0,511.0,511.0,0.0
202606221157,511.0,511.0,511.0,511.0,0.0
202606221158,511.0,511.0,511.0,511.0,0.0
202606221159,511.0,511.0,511.0,511.0,0.0
202606221200,511.0,511.0,511.0,511.0,0.0
202606221201,511.0,511.0,511.0,511.0,0.0
202606221202,511.0,511.0,511.0,511.0,0.0
202606221203,511.0,511.0,511.0,511.0,0.0
202606221204,511.0,511.0,511.0,511.0,0.0
202606221205,511.0,511.0,511.0,511.0,0.0
202606221206,511.0,511.0,511.0,511.0,0.0
202606221207,511.0,511.0,511.0,511.0,0.0
202606221208,511.0,511.0,511.0,511.0,0.0
202606221209,511.0,511.0,511.0,511.0,0.0
202606221210,510.78,510.78,510.78,510.78,1.0
202606221211,510.78,510.78,510.78,510.78,0.0
202606221212,510.78,510.78,510.78,510.78,0.0
202606221213,510.78,510.78,510.78,510.78,0.0
202606221214,510.78,510.78,510.78,510.78,0.0
202606221215,510.66,510.66,510.66,510.66,4.0
202606221216,510.66,510.66,510.66,510.66,0.0
202606221217,510.66,510.66,510.66,510.66,0.0
202606221218,510.66,510.66,510.66,510.66,0.0
202606221219,510.66,510.66,510.66,510.66,0.0
202606221220,510.66,510.66,510.66,510.66,0.0
202606221221,510.66,510.66,510.66,510.66,0.0
202606221222,510.66,510.66,510.66,510.66,0.0
202606221223,510.66,510.66,510.66,510.66,0.0
202606221224,510.66,510.66,510.66,510.66,0.0
202606221225,510.66,510.66,510.66,510.66,0.0
202606221226,510.66,510.66,510.66,510.66,0.0
202606221227,510.66,510.66,510.66,510.66,0.0
202606221228,510.66,510.66,510.66,510.66,0.0
202606221229,510.66,510.66,510.66,510.66,0.0
202606221230,510.66,510.66,510.66,510.66,0.0
202606221231,510.66,510.66,510.66,510.66,0.0
202606221232,510.66,510.66,510.66,510.66,0.0
202606221233,510.66,510.66,510.66,510.66,0.0
202606221234,510.66,510.66,510.66,510.66,0.0
202606221235,510.66,510.66,510.66,510.66,0.0
202606221236,510.66,510.66,510.66,510.66,0.0
202606221237,510.66,510.66,510.66,510.66,0.0
202606221238,510.88,510.83,510.88,510.83,2.0
202606221239,510.83,510.83,510.83,510.83,0.0
202606221240,510.83,510.83,510.83,510.83,0.0
202606221241,510.83,510.83,510.83,510.83,0.0
202606221242,510.83,510.83,510.83,510.83,0.0
202606221243,510.63,510.58,510.63,510.58,6.0
202606221244,510.58,510.58,510.58,510.58,0.0
202606221245,510.58,510.58,510.58,510.58,0.0
202606221246,510.58,510.58,510.58,510.58,0.0
202606221247,510.58,510.58,510.58,510.58,0.0
202606221248,510.58,510.58,510.58,510.58,0.0
202606221249,510.58,510.58,510.58,510.58,0.0
202606221250,510.58,510.58,510.58,510.58,0.0
202606221251,510.58,510.58,510.58,510.58,0.0
202606221252,510.58,510.58,510.58,510.58,0.0
202606221253,510.58,510.58,510.58,510.58,0.0
202606221254,510.58,510.58,510.58,510.58,0.0
202606221255,510.58,510.58,510.58,510.58,0.0
202606221256,510.58,510.58,510.58,510.58,0.0
202606221257,510.58,510.58,510.58,510.58,0.0
202606221258,510.58,510.58,510.58,510.58,0.0
202606221259,510.58,510.58,510.58,510.58,0.0
202606221300,510.58,510.58,510.58,510.58,0.0
202606221301,510.58,510.58,510.58,510.58,0.0
202606221302,510.58,510.58,510.58,510.58,0.0
202606221303,510.58,510.58,510.58,510.58,0.0
202606221304,510.58,510.58,510.58,510.58,0.0
202606221305,510.58,510.58,510.58,510.58,0.0
202606221306,510.58,510.58,510.58,510.58,0.0
202606221307,510.58,510.58,510.58,510.58,0.0
202606221308,510.58,510.58,510.58,510.58,0.0
202606221309,510.54,510.54,510.54,510.54,2.0
202606221310,510.54,510.54,510.54,510.54,0.0
202606221311,510.54,510.54,510.54,510.54,0.0
202606221312,510.06,510.06,510.06,510.06,1.0
202606221313,510.06,510.06,510.06,510.06,0.0
202606221314,510.03,510.0,510.04,510.0,9.0
202606221315,510.0,510.0,510.0,510.0,0.0
202606221316,510.0,510.0,510.0,510.0,0.0
202606221317,510.0,510.0,510.0,510.0,0.0
202606221318,510.0,510.0,510.0,510.0,0.0
202606221319,510.0,510.0,510.0,510.0,0.0
202606221320,510.0,510.0,510.0,510.0,0.0
202606221321,510.0,510.0,510.0,510.0,0.0
202606221322,510.0,510.0,510.0,510.0,0.0
202606221323,510.0,510.0,510.0,510.0,0.0
202606221324,510.0,510.0,510.0,510.0,0.0
202606221325,510.0,510.0,510.0,510.0,0.0
202606221326,510.0,510.0,510.0,510.0,0.0
202606221327,510.0,510.0,510.0,510.0,0.0
202606221328,510.0,510.0,510.0,510.0,0.0
202606221329,510.0,510.0,510.0,510.0,0.0
202606221330,508.5,510.0,510.0,506.75,524.0
202606221331,508.82,505.99,508.82,504.0,184.0
202606221332,505.93,505.25,505.93,504.81,10.0
202606221333,505.42,503.88,506.4,503.88,52.0
202606221334,504.04,502.0,504.39,502.0,128.0
202606221335,502.35,501.01,502.35,500.83,55.0
202606221336,501.01,503.01,504.76,500.31,285.0
202606221337,502.54,501.25,504.0,501.25,10.0
202606221338,501.5,500.44,502.54,500.18,24.0
202606221339,500.7,499.55,501.28,498.55,399.0
202606221340,498.79,498.0,499.54,497.31,65.0
202606221341,497.49,497.86,498.18,497.43,35.0
202606221342,497.02,499.21,499.6,497.02,40.0
202606221343,499.61,499.05,500.0,498.98,37.0
202606221344,499.29,499.48,499.49,498.32,21.0
202606221345,499.0,499.31,499.85,498.6,75.0
202606221346,498.94,498.26,498.94,498.02,30.0
202606221347,498.0,496.88,498.0,496.0,308.0
202606221348,496.81,496.33,497.02,496.13,45.0
202606221349,496.65,496.9,496.98,496.08,50.0
202606221350,496.36,495.23,496.36,494.72,171.0
202606221351,495.05,495.0,496.15,494.92,66.0
202606221352,495.23,495.51,495.83,495.23,20.0
202606221353,495.81,496.06,496.21,495.6,44.0
202606221354,496.07,497.5,497.5,495.95,36.0
202606221355,496.81,495.88,497.5,495.61,55.0
202606221356,495.92,495.74,496.28,495.55,48.0
202606221357,495.89,495.87,496.0,495.57,69.0
202606221358,495.87,495.54,496.36,495.11,26.0
202606221359,496.0,495.64,496.0,495.08,20.0
202606221400,495.78,496.1,496.29,495.42,48.0
202606221401,496.18,496.4,496.63,495.91,65.0
202606221402,495.82,496.02,496.02,495.45,38.0
202606221403,495.67,496.37,496.48,495.66,21.0
202606221404,496.6,497.13,497.14,496.16,45.0
202606221405,497.18,497.07,498.03,497.0,92.0
202606221406,497.07,496.8,497.07,496.65,17.0
202606221407,496.73,497.28,497.28,496.73,32.0
202606221408,497.28,497.13,497.55,496.99,26.0
202606221409,497.48,497.27,497.56,496.59,45.0
202606221410,496.5,496.28,496.98,496.28,28.0
202606221411,496.73,496.73,496.82,496.72,7.0
202606221412,496.78,497.24,497.25,496.78,9.0
202606221413,496.52,496.41,496.71,496.24,25.0
202606221414,496.14,496.17,496.6,495.89,50.0
202606221415,496.16,495.65,496.3,495.4,56.0
202606221416,495.18,494.55,496.22,494.34,75.0
202606221417,494.36,494.26,494.55,494.0,52.0
202606221418,494.48,494.81,494.99,494.47,25.0
202606221419,494.99,494.27,495.0,494.21,52.0
202606221420,494.34,494.78,494.92,494.33,113.0
202606221421,494.78,495.04,495.04,494.27,44.0
202606221422,494.12,494.36,494.62,494.12,29.0
202606221423,494.12,495.79,495.85,494.12,53.0
202606221424,495.58,495.83,496.15,495.53,29.0
202606221425,496.04,495.47,496.19,495.47,123.0
202606221426,495.11,495.02,495.4,495.02,21.0
202606221427,495.17,495.76,495.76,495.05,125.0
202606221428,495.13,496.45,496.45,495.12,199.0
202606221429,495.53,496.05,496.38,495.53,76.0
202606221430,496.05,496.06,496.39,496.04,37.0
202606221431,496.12,496.2,496.48,495.94,34.0
202606221432,496.5,496.35,497.0,496.29,44.0
202606221433,496.63,496.71,496.96,496.34,136.0
202606221434,496.6,497.22,497.22,496.0,39.0
202606221435,497.01,496.88,497.01,496.5,21.0
202606221436,496.64,496.01,496.84,496.01,40.0
202606221437,496.43,497.25,497.36,496.43,39.0
202606221438,497.25,497.42,497.7,497.25,52.0
202606221439,497.49,497.51,497.51,497.48,7.0
202606221440,497.94,497.81,497.94,497.52,46.0
202606221441,497.42,497.94,498.3,497.42,73.0
202606221442,498.17,498.05,498.17,497.78,22.0
202606221443,498.23,498.51,498.51,498.23,32.0
202606221444,498.15,497.6,498.25,497.6,19.0
202606221445,498.08,497.14,498.3,497.0,14.0
202606221446,496.91,496.25,496.91,496.12,19.0
202606221447,496.02,496.32,496.32,495.7,24.0
202606221448,496.13,496.23,496.23,495.39,44.0
202606221449,495.23,495.49,495.66,495.23,35.0
202606221450,495.23,495.63,495.63,494.88,122.0
202606221451,495.81,495.29,496.32,495.26,16.0
202606221452,495.22,495.66,496.23,495.11,46.0
202606221453,496.25,496.0,496.26,496.0,5.0
202606221454,496.0,496.43,496.81,496.0,39.0
202606221455,496.1,495.41,496.1,495.41,11.0
202606221456,495.12,495.25,495.25,495.0,25.0
202606221457,495.25,494.44,495.3,494.37,23.0
202606221458,494.44,494.78,495.06,494.44,47.0
202606221459,494.8,494.79,494.95,494.61,33.0
202606221500,494.79,494.9,495.12,494.43,122.0
202606221501,494.71,495.12,495.12,494.71,37.0
202606221502,495.25,495.17,495.27,495.17,29.0
202606221503,495.2,495.2,495.2,495.01,6.0
202606221504,495.2,495.2,495.2,495.08,9.0
202606221505,495.2,495.01,495.38,494.82,31.0
202606221506,494.89,495.42,495.42,494.88,59.0
202606221507,495.07,495.36,495.36,494.9,23.0
202606221508,494.98,494.6,494.98,494.55,63.0
202606221509,494.87,494.61,495.23,494.61,9.0
202606221510,494.81,494.67,494.82,494.5,16.0
202606221511,494.3,494.75,494.83,494.24,20.0
202606221512,494.73,495.12,495.17,494.73,38.0
202606221513,495.0,495.35,495.8,495.0,24.0
202606221514,495.79,495.54,496.2,495.53,50.0
202606221515,495.41,495.39,495.97,495.28,25.0
202606221516,495.28,495.26,495.52,495.26,16.0
202606221517,495.26,495.23,495.52,495.16,15.0
202606221518,495.51,495.81,495.87,495.51,21.0
202606221519,495.84,496.06,496.12,495.84,22.0
202606221520,495.77,496.06,496.06,495.77,2.0
202606221521,496.06,496.0,496.35,495.84,29.0
202606221522,495.92,495.56,495.96,495.56,15.0
202606221523,495.59,495.88,496.09,495.56,31.0
202606221524,496.2,496.04,496.2,496.04,20.0
202606221525,496.0,495.62,496.07,495.5,12.0
202606221526,495.68,495.61,495.68,495.55,8.0
202606221527,495.46,495.23,495.46,495.22,7.0
202606221528,495.44,495.45,495.64,495.31,59.0
202606221529,495.39,495.26,495.52,495.26,17.0
202606221530,495.64,495.48,495.65,495.48,15.0
202606221531,495.28,495.53,495.76,495.27,112.0
202606221532,495.48,495.51,495.51,495.48,16.0
202606221533,495.51,495.29,495.52,495.09,60.0
202606221534,495.45,495.23,495.45,495.22,8.0
202606221535,495.45,495.94,496.04,495.37,77.0
202606221536,495.77,495.94,496.21,495.76,31.0
202606221537,495.7,495.79,496.21,495.69,10.0
202606221538,495.97,496.03,496.15,495.97,6.0
202606221539,496.13,496.13,496.3,496.12,64.0
202606221540,496.19,495.97,496.23,495.96,66.0
202606221541,496.32,495.8,496.32,495.66,20.0
202606221542,495.89,496.32,496.32,495.74,24.0
202606221543,496.47,496.37,496.69,496.37,25.0
202606221544,496.41,496.39,496.45,496.36,5.0
202606221545,496.39,496.25,496.39,496.16,13.0
202606221546,496.31,496.71,496.78,496.29,27.0
202606221547,496.66,496.47,496.66,496.35,12.0
202606221548,496.52,496.63,496.8,496.52,11.0
202606221549,496.63,497.46,497.78,496.62,136.0
202606221550,497.23,496.92,497.23,496.92,20.0
202606221551,496.92,496.74,496.92,496.65,23.0
202606221552,496.91,496.87,496.96,496.83,10.0
202606221553,496.77,497.05,497.05,496.72,22.0
202606221554,496.95,497.08,497.17,496.95,16.0
202606221555,496.58,496.09,496.58,496.09,24.0
202606221556,496.08,495.5,496.08,495.5,21.0
202606221557,495.3,495.42,495.52,495.09,26.0
202606221558,495.62,495.71,495.71,495.62,6.0
202606221559,495.76,495.76,495.81,495.73,17.0
202606221600,495.85,495.6,495.85,495.16,59.0
202606221601,495.22,495.6,495.6,495.22,21.0
202606221602,495.36,495.37,495.5,495.36,9.0
202606221603,495.19,495.19,495.38,495.01,17.0
202606221604,495.07,495.03,495.19,495.01,28.0
202606221605,495.0,494.81,495.1,494.78,53.0
202606221606,494.81,494.76,494.93,494.51,30.0
202606221607,494.7,494.79,494.88,494.69,31.0
202606221608,494.78,494.47,494.78,494.47,18.0
202606221609,494.41,494.18,494.56,494.11,16.0
202606221610,494.18,494.22,494.23,493.99,45.0
202606221611,494.3,494.72,494.73,494.3,32.0
202606221612,494.56,494.3,494.68,494.26,14.0
202606221613,494.03,494.22,494.22,494.03,3.0
202606221614,494.23,494.28,494.31,494.0,14.0
202606221615,494.44,494.64,494.8,494.29,56.0
202606221616,494.64,494.45,494.64,494.44,6.0
202606221617,494.44,494.66,494.72,494.44,108.0
202606221618,494.78,494.49,494.79,494.42,23.0
202606221619,494.64,494.85,494.85,494.58,16.0
202606221620,494.7,494.29,494.81,494.22,61.0
202606221621,494.29,493.89,494.29,493.73,35.0
202606221622,493.88,493.3,493.88,493.3,37.0
202606221623,493.38,493.19,493.38,493.01,54.0
202606221624,493.19,493.4,493.52,493.01,88.0
202606221625,493.32,493.42,493.49,493.32,8.0
202606221626,493.43,493.42,493.43,493.34,16.0
202606221627,493.42,493.47,493.66,493.38,33.0
202606221628,493.22,493.4,493.6,493.22,16.0
202606221629,493.46,493.4,493.46,493.4,3.0
202606221630,493.19,493.18,493.35,493.18,17.0
202606221631,493.19,493.31,493.31,493.1,15.0
202606221632,493.37,493.35,493.37,493.15,12.0
202606221633,493.37,493.44,493.53,493.36,28.0
202606221634,493.44,493.44,493.44,493.44,26.0
202606221635,493.53,493.95,493.95,493.49,34.0
202606221636,493.75,493.93,494.07,493.75,23.0
202606221637,494.04,494.72,494.72,493.86,24.0
202606221638,494.62,494.58,494.73,494.48,12.0
202606221639,494.33,494.35,494.35,494.2,8.0
202606221640,494.23,494.31,494.35,494.21,11.0
202606221641,494.2,494.52,494.62,494.2,17.0
202606221642,494.52,494.47,494.52,494.47,5.0
202606221643,494.5,494.54,494.64,494.32,46.0
202606221644,494.55,495.25,495.25,494.54,35.0
202606221645,495.42,495.27,495.42,495.26,3.0
202606221646,495.42,495.62,495.78,495.42,30.0
202606221647,495.65,495.17,495.65,495.15,22.0
202606221648,495.14,495.19,495.33,495.12,14.0
202606221649,495.33,495.44,495.7,495.33,34.0
202606221650,495.41,495.46,495.69,495.33,11.0
202606221651,495.7,495.61,495.9,495.54,29.0
202606221652,495.62,495.29,495.62,495.15,9.0
202606221653,495.45,495.03,495.51,495.0,19.0
202606221654,495.0,495.24,495.3,495.0,8.0
202606221655,495.25,495.25,495.48,495.24,16.0
202606221656,495.02,494.97,495.09,494.81,32.0
202606221657,494.83,494.82,494.83,494.82,9.0
202606221658,495.07,495.02,495.08,494.86,18.0
202606221659,495.08,494.91,495.08,494.8,19.0
202606221700,494.67,494.54,495.08,494.54,12.0
202606221701,494.42,494.29,494.42,494.16,12.0
202606221702,494.49,494.33,494.52,494.31,23.0
202606221703,494.06,494.02,494.23,494.02,6.0
202606221704,494.05,494.05,494.05,494.04,1.0
202606221705,494.08,493.92,494.25,493.91,40.0
202606221706,494.08,494.24,494.25,494.08,2.0
202606221707,494.24,494.52,494.77,494.23,19.0
202606221708,494.93,495.08,495.08,494.93,19.0
202606221709,494.83,494.71,495.28,494.44,34.0
202606221710,494.83,494.61,494.83,494.61,2.0
202606221711,494.96,494.79,494.96,494.78,11.0
202606221712,494.57,494.69,494.69,494.31,21.0
202606221713,494.78,495.08,495.08,494.77,9.0
202606221714,494.92,494.82,495.02,494.82,73.0
202606221715,495.25,495.25,495.25,495.24,1.0
202606221716,494.79,495.25,495.25,494.79,14.0
202606221717,495.15,495.22,495.22,495.06,10.0
202606221718,495.02,495.05,495.18,494.49,39.0
202606221719,494.5,494.63,494.75,494.46,6.0
202606221720,494.9,494.76,494.98,494.75,20.0
202606221721,494.98,494.95,495.12,494.95,19.0
202606221722,495.16,495.2,495.2,495.03,33.0
202606221723,495.15,495.16,495.16,494.96,12.0
202606221724,495.17,495.17,495.35,495.02,33.0
202606221725,495.02,495.06,495.06,494.83,9.0
202606221726,495.06,495.06,495.18,494.78,38.0
202606221727,494.78,494.7,495.03,494.62,19.0
202606221728,494.73,494.72,494.93,494.71,16.0
202606221729,494.71,495.0,495.0,494.69,120.0
202606221730,495.0,495.08,495.08,495.0,6.0
202606221731,495.41,495.43,495.43,495.0,46.0
202606221732,495.15,495.23,495.23,495.15,5.0
202606221733,495.23,495.12,495.23,495.11,6.0
202606221734,495.06,495.18,495.18,494.93,9.0
202606221735,495.02,495.05,495.06,494.89,13.0
202606221736,495.33,494.43,495.33,494.43,14.0
202606221737,494.42,494.54,494.62,494.37,17.0
202606221738,494.38,494.57,494.72,494.38,11.0
202606221739,494.41,494.0,494.41,494.0,19.0
202606221740,494.02,494.03,494.42,494.0,29.0
202606221741,494.4,494.4,494.57,494.3,56.0
202606221742,494.57,494.61,494.67,494.57,11.0
202606221743,494.13,494.2,494.2,494.13,3.0
202606221744,494.2,494.01,494.21,494.01,14.0
202606221745,494.03,493.92,494.1,493.84,49.0
202606221746,493.78,493.28,493.79,493.28,47.0
202606221747,493.17,492.47,493.18,492.47,48.0
202606221748,492.46,492.37,492.52,492.06,88.0
202606221749,492.48,492.1,492.48,492.06,14.0
202606221750,492.01,491.95,492.13,491.89,75.0
202606221751,492.11,493.12,493.12,492.08,79.0
202606221752,492.96,492.46,492.96,492.45,50.0
202606221753,492.34,492.2,492.59,492.19,38.0
202606221754,492.4,492.09,492.76,492.09,96.0
202606221755,492.01,491.35,492.06,491.33,209.0
202606221756,491.45,491.3,491.57,491.17,161.0
202606221757,491.3,492.02,492.13,491.22,125.0
202606221758,492.07,492.11,492.11,491.79,23.0
202606221759,492.18,491.66,492.18,491.66,34.0
202606221800,491.57,490.98,491.57,490.85,62.0
202606221801,490.79,490.73,490.98,490.36,117.0
202606221802,490.56,490.37,490.86,490.21,42.0
202606221803,490.37,490.39,490.61,490.34,29.0
202606221804,490.62,490.57,490.71,490.17,62.0
202606221805,490.32,490.29,490.64,490.05,91.0
202606221806,490.41,490.78,491.2,490.41,35.0
202606221807,490.77,490.84,490.98,490.57,48.0
202606221808,490.8,491.31,491.31,490.76,25.0
202606221809,491.28,492.02,492.21,491.14,26.0
202606221810,492.11,492.58,492.64,492.11,34.0
202606221811,492.88,492.37,492.88,492.37,14.0
202606221812,492.64,492.31,492.71,492.31,25.0
202606221813,492.31,492.33,492.7,492.31,27.0
202606221814,492.75,492.66,492.98,492.66,37.0
202606221815,492.84,492.73,492.9,492.7,28.0
202606221816,492.91,492.81,493.11,492.8,58.0
202606221817,493.07,493.15,493.15,493.02,15.0
202606221818,492.84,492.91,493.39,492.84,11.0
202606221819,493.19,493.29,493.49,493.19,41.0
202606221820,493.26,493.41,493.63,493.26,14.0
202606221821,493.46,493.77,493.77,493.46,45.0
202606221822,493.64,493.96,493.99,493.64,33.0
202606221823,494.0,493.72,494.0,493.72,20.0
202606221824,493.82,493.76,494.03,493.75,9.0
202606221825,494.47,493.83,494.47,493.83,12.0
202606221826,493.9,494.31,494.44,493.9,42.0
202606221827,494.16,494.12,494.31,493.98,12.0
202606221828,494.12,494.17,494.3,494.02,29.0
202606221829,494.42,494.18,494.42,494.17,7.0
202606221830,494.28,494.12,494.31,494.12,10.0
202606221831,494.31,494.03,494.31,494.03,40.0
202606221832,493.99,493.76,494.11,493.76,30.0
202606221833,493.87,493.9,493.9,493.87,9.0
202606221834,494.08,493.65,494.08,493.65,14.0
202606221835,493.66,493.91,493.91,493.66,16.0
202606221836,494.05,494.13,494.31,493.86,70.0
202606221837,493.92,493.81,493.92,493.51,30.0
202606221838,493.41,493.32,493.7,493.29,53.0
202606221839,493.54,493.73,493.82,493.54,19.0
202606221840,493.63,493.76,493.88,493.6,24.0
202606221841,493.88,494.09,494.09,493.88,5.0
202606221842,493.92,494.04,494.04,493.56,12.0
202606221843,493.8,493.95,494.18,493.8,19.0
202606221844,493.98,493.68,493.98,493.68,4.0
202606221845,493.79,493.78,493.79,493.65,32.0
202606221846,493.78,493.84,493.84,493.64,12.0
202606221847,493.84,493.47,493.84,493.36,36.0
202606221848,493.47,493.67,493.67,493.28,11.0
202606221849,493.48,493.58,493.68,493.47,26.0
202606221850,493.58,493.58,493.58,493.58,0.0
202606221851,493.27,493.2,493.28,493.2,6.0
202606221852,493.14,492.77,493.32,492.55,62.0
202606221853,492.79,492.79,493.02,492.56,73.0
202606221854,492.72,492.41,493.02,492.41,21.0
202606221855,492.4,492.41,492.64,492.4,21.0
202606221856,492.49,492.27,492.49,492.27,22.0
202606221857,492.27,492.37,492.47,492.16,59.0
202606221858,492.34,492.34,492.34,492.33,4.0
202606221859,492.27,491.89,492.27,491.89,34.0
202606221900,491.94,491.98,492.07,491.91,29.0
202606221901,492.13,492.4,492.4,491.97,21.0
202606221902,492.38,492.7,492.7,492.34,53.0
202606221903,492.59,492.76,492.83,492.48,27.0
202606221904,492.79,492.87,492.9,492.37,92.0
202606221905,493.0,492.83,493.0,492.71,31.0
202606221906,492.81,492.33,492.81,492.33,10.0
202606221907,492.28,492.55,492.55,492.26,18.0
202606221908,492.59,492.74,492.9,492.58,61.0
202606221909,492.74,492.68,493.0,492.31,217.0
202606221910,492.68,492.28,492.69,492.28,21.0
202606221911,492.29,492.38,492.48,492.26,42.0
202606221912,492.32,492.44,492.58,492.32,34.0
202606221913,492.5,492.45,492.58,492.32,28.0
202606221914,492.45,492.67,492.75,492.44,37.0
202606221915,492.54,492.6,492.6,492.52,36.0
202606221916,492.86,492.82,492.95,492.63,48.0
202606221917,493.09,492.96,493.09,492.82,27.0
202606221918,492.87,492.3,492.87,492.3,55.0
202606221919,492.43,492.48,492.48,492.28,21.0
202606221920,492.42,492.56,492.69,492.32,26.0
202606221921,492.52,492.41,492.64,492.39,20.0
202606221922,492.33,492.59,492.72,492.33,53.0
202606221923,492.66,492.94,492.94,492.66,18.0
202606221924,492.78,492.73,492.78,492.71,34.0
202606221925,492.62,492.96,492.99,492.58,48.0
202606221926,492.63,492.96,493.0,492.63,31.0
202606221927,492.97,492.7,492.98,492.7,49.0
202606221928,493.08,492.86,493.09,492.73,32.0
202606221929,492.92,493.62,493.69,492.91,245.0
202606221930,493.62,493.69,493.89,493.55,43.0
202606221931,493.69,494.16,494.26,493.69,62.0
202606221932,494.07,494.73,494.73,494.0,61.0
202606221933,494.59,494.38,494.82,494.38,35.0
202606221934,494.7,494.53,494.7,494.28,51.0
202606221935,494.43,494.54,494.64,494.27,31.0
202606221936,494.54,494.66,494.66,494.27,51.0
202606221937,494.48,494.71,494.71,494.48,17.0
202606221938,494.53,494.41,494.55,494.38,34.0
202606221939,494.32,494.43,494.56,494.29,17.0
202606221940,494.43,494.28,494.53,494.21,167.0
202606221941,494.22,494.24,494.32,494.15,30.0
202606221942,494.31,494.59,494.72,494.31,57.0
202606221943,494.25,494.41,494.43,494.2,130.0
202606221944,494.45,494.39,494.62,494.34,79.0
202606221945,494.34,494.11,494.57,494.11,105.0
202606221946,494.16,494.49,494.56,494.07,38.0
202606221947,494.56,494.65,494.68,494.32,89.0
202606221948,494.53,494.34,494.69,494.34,54.0
202606221949,494.32,494.37,494.45,494.19,40.0
202606221950,494.47,495.24,495.28,494.15,294.0
202606221951,495.14,494.36,495.14,494.2,126.0
202606221952,494.37,494.17,494.37,493.97,86.0
202606221953,494.37,494.58,494.95,494.32,71.0
202606221954,494.7,495.23,495.23,494.57,86.0
202606221955,495.15,494.74,495.15,494.39,89.0
202606221956,494.62,494.66,494.74,494.5,64.0
202606221957,494.73,494.52,495.52,494.52,343.0
202606221958,494.57,493.73,494.68,493.67,587.0
202606221959,493.68,493.48,493.68,493.06,703.0
202606222000,493.59,493.6,493.6,493.59,6383.0
202606222001,493.6,493.6,493.6,493.6,52.0
202606222002,493.6,493.6,493.6,493.6,0.0
202606222003,493.6,493.6,493.6,493.6,0.0
202606222004,493.6,493.6,493.6,493.6,0.0
202606222005,493.6,493.6,493.6,493.6,0.0
202606222006,493.6,493.6,493.6,493.6,0.0
202606222007,493.6,493.6,493.6,493.6,0.0
202606222008,493.6,493.6,493.6,493.6,0.0
202606222009,493.6,493.6,493.6,493.6,0.0
202606222010,493.6,493.6,493.6,493.6,0.0
202606222011,493.6,493.6,493.6,493.6,0.0
202606222012,493.6,493.6,493.6,493.6,0.0
202606222013,493.6,493.6,493.6,493.6,0.0
202606222014,493.6,493.6,493.6,493.6,0.0
202606222015,493.6,493.6,493.6,493.6,0.0
202606222016,493.6,493.6,493.6,493.6,0.0
202606222017,493.6,493.6,493.6,493.6,0.0
202606222018,493.6,493.6,493.6,493.6,0.0
202606222019,494.02,494.02,494.02,494.02,1.0
202606222020,494.02,494.02,494.02,494.02,0.0
202606222021,494.02,494.02,494.02,494.02,0.0
202606222022,494.02,494.02,494.02,494.02,0.0
202606222023,494.02,494.02,494.02,494.02,0.0
202606222024,494.02,494.02,494.02,494.02,0.0
202606222025,494.02,494.02,494.02,494.02,0.0
202606222026,494.02,494.02,494.02,494.02,0.0
202606222027,494.02,494.02,494.02,494.02,0.0
202606222028,493.87,493.87,493.88,493.87,2.0
202606222029,493.87,493.87,493.87,493.87,0.0
202606222030,493.87,493.87,493.87,493.87,0.0
202606222031,493.87,493.87,493.87,493.87,0.0
202606222032,493.87,493.87,493.87,493.87,0.0
202606222033,493.87,493.87,493.87,493.87,0.0
202606222034,493.87,493.87,493.87,493.87,0.0
202606222035,493.87,493.87,493.87,493.87,0.0
202606222036,493.87,493.87,493.87,493.87,0.0
202606222037,493.87,493.87,493.87,493.87,0.0
202606222038,493.87,493.87,493.87,493.87,0.0
202606222039,493.87,493.87,493.87,493.87,0.0
202606222040,493.87,493.87,493.87,493.87,0.0
202606222041,493.87,493.87,493.87,493.87,0.0
202606222042,493.87,493.87,493.87,493.87,0.0
202606222043,493.87,493.87,493.87,493.87,0.0
202606222044,493.87,493.87,493.87,493.87,0.0
202606222045,493.87,493.87,493.87,493.87,0.0
202606222046,493.87,493.87,493.87,493.87,0.0
202606222047,493.87,493.87,493.87,493.87,0.0
202606222048,493.87,493.87,493.87,493.87,0.0
202606222049,493.87,493.87,493.87,493.87,0.0
202606222050,493.87,493.87,493.87,493.87,0.0
202606222051,493.87,493.87,493.87,493.87,0.0
202606222052,493.87,493.87,493.87,493.87,0.0
202606222053,493.87,493.87,493.87,493.87,0.0
202606222054,493.87,493.87,493.87,493.87,0.0
202606222055,493.87,493.87,493.87,493.87,0.0
202606222056,493.87,493.87,493.87,493.87,0.0
202606222057,493.0,493.0,493.0,493.0,1.0
202606222058,493.0,493.0,493.0,493.0,0.0
202606222059,493.0,493.0,493.0,493.0,0.0
202606222100,493.0,493.0,493.0,493.0,0.0
202606222101,493.0,493.0,493.0,493.0,0.0
202606222102,493.0,493.0,493.0,493.0,0.0
202606222103,493.0,493.0,493.0,493.0,0.0
202606222104,493.0,493.0,493.0,493.0,0.0
202606222105,493.0,493.0,493.0,493.0,0.0
202606222106,493.0,493.0,493.0,493.0,0.0
202606222107,493.0,493.0,493.0,493.0,0.0
202606222108,493.0,493.0,493.0,493.0,0.0
202606222109,493.0,493.0,493.0,493.0,0.0
202606222110,493.0,493.0,493.0,493.0,0.0
202606222111,493.0,493.0,493.0,493.0,0.0
202606222112,493.0,493.0,493.0,493.0,0.0
202606222113,493.0,493.0,493.0,493.0,0.0
202606222114,493.0,493.0,493.0,493.0,0.0
202606222115,493.0,493.0,493.0,493.0,0.0
202606222116,493.0,493.0,493.0,493.0,0.0
202606222117,493.0,493.0,493.0,493.0,0.0
202606222118,493.0,493.0,493.0,493.0,0.0
202606222119,493.0,493.0,493.0,493.0,0.0
202606222120,493.0,493.0,493.0,493.0,0.0
202606222121,493.0,493.0,493.0,493.0,0.0
202606222122,493.0,493.0,493.0,493.0,0.0
202606222123,493.0,493.0,493.0,493.0,0.0
202606222124,493.0,493.0,493.0,493.0,0.0
202606222125,493.0,493.0,493.0,493.0,0.0
202606222126,493.0,493.0,493.0,493.0,0.0
202606222127,493.0,493.0,493.0,493.0,0.0
202606222128,493.0,493.0,493.0,493.0,0.0
202606222129,493.0,493.0,493.0,493.0,0.0
202606222130,493.0,493.0,493.0,493.0,0.0
202606222131,493.0,493.0,493.0,493.0,0.0
202606222132,493.0,493.0,493.0,493.0,0.0
202606222133,493.0,493.0,493.0,493.0,0.0
202606222134,493.0,493.0,493.0,493.0,0.0
202606222135,493.0,493.0,493.0,493.0,0.0
202606222136,493.0,493.0,493.0,493.0,0.0
202606222137,493.0,493.0,493.0,493.0,0.0
202606222138,493.0,493.0,493.0,493.0,0.0
202606222139,493.0,493.0,493.0,493.0,0.0
202606222140,493.0,493.0,493.0,493.0,0.0
202606222141,493.0,493.0,493.0,493.0,0.0
202606222142,493.0,493.0,493.0,493.0,0.0
202606222143,493.0,493.0,493.0,493.0,0.0
202606222144,493.0,493.0,493.0,493.0,0.0
202606222145,493.0,493.0,493.0,493.0,0.0
202606222146,493.0,493.0,493.0,493.0,0.0
202606222147,493.0,493.0,493.0,493.0,0.0
202606222148,493.0,493.0,493.0,493.0,0.0
202606222149,493.0,493.0,493.0,493.0,0.0
202606222150,493.0,493.0,493.0,493.0,0.0
202606222151,494.66,494.66,494.66,494.65,2.0
202606222152,494.66,494.66,494.66,494.66,0.0
202606222153,494.66,494.66,494.66,494.66,0.0
202606222154,494.66,494.66,494.66,494.66,0.0
202606222155,494.66,494.66,494.66,494.66,0.0
202606222156,494.66,494.66,494.66,494.66,0.0
202606222157,494.66,494.66,494.66,494.66,0.0
202606222158,494.66,494.66,494.66,494.66,0.0
202606222159,494.66,494.66,494.66,494.66,0.0
202606222200,494.66,494.66,494.66,494.66,0.0
202606222201,494.66,494.66,494.66,494.66,0.0
202606222202,494.66,494.66,494.66,494.66,0.0
202606222203,494.57,494.57,494.57,494.56,1.0
202606222204,494.57,494.57,494.57,494.57,0.0
202606222205,494.57,494.57,494.57,494.57,0.0
202606222206,494.57,494.57,494.57,494.57,0.0
202606222207,494.57,494.57,494.57,494.57,0.0
202606222208,494.57,494.57,494.57,494.57,0.0
202606222209,494.57,494.57,494.57,494.57,0.0
202606222210,494.57,494.57,494.57,494.57,0.0
202606222211,494.57,494.57,494.57,494.57,0.0
202606222212,494.57,494.57,494.57,494.57,0.0
202606222213,494.57,494.57,494.57,494.57,0.0
202606222214,494.57,494.57,494.57,494.57,0.0
202606222215,494.57,494.57,494.57,494.57,0.0
202606222216,494.57,494.57,494.57,494.57,0.0
202606222217,494.57,494.57,494.57,494.57,0.0
202606222218,494.57,494.57,494.57,494.57,0.0
202606222219,494.57,494.57,494.57,494.57,0.0
202606222220,494.57,494.57,494.57,494.57,0.0
202606222221,494.57,494.57,494.57,494.57,0.0
202606222222,494.57,494.57,494.57,494.57,0.0
202606222223,494.57,494.57,494.57,494.57,0.0
202606222224,494.57,494.57,494.57,494.57,0.0
202606222225,494.57,494.57,494.57,494.57,0.0
202606222226,494.57,494.57,494.57,494.57,0.0
202606222227,494.57,494.57,494.57,494.57,0.0
202606222228,493.24,493.24,493.24,493.23,5.0
202606222229,493.24,493.24,493.24,493.24,0.0
202606222230,493.24,493.24,493.24,493.24,0.0
202606222231,493.24,493.24,493.24,493.24,0.0
202606222232,493.24,493.24,493.24,493.24,0.0
202606222233,493.24,493.24,493.24,493.24,0.0
202606222234,493.24,493.24,493.24,493.24,0.0
202606222235,493.24,493.24,493.24,493.24,0.0
202606222236,493.24,493.24,493.24,493.24,0.0
202606222237,493.24,493.24,493.24,493.24,0.0
202606222238,493.24,493.24,493.24,493.24,0.0
202606222239,493.24,493.24,493.24,493.24,0.0
202606222240,493.24,493.24,493.24,493.24,0.0
202606222241,493.24,493.24,493.24,493.24,0.0
202606222242,493.24,493.24,493.24,493.24,0.0
202606222243,493.24,493.24,493.24,493.24,0.0
202606222244,493.24,493.24,493.24,493.24,0.0
202606222245,493.24,493.24,493.24,493.24,0.0
202606222246,493.24,493.24,493.24,493.24,0.0
202606222247,493.24,493.24,493.24,493.24,0.0
202606222248,493.24,493.24,493.24,493.24,0.0
202606222249,493.24,493.24,493.24,493.24,0.0
202606222250,493.24,493.24,493.24,493.24,0.0
202606222251,493.24,493.24,493.24,493.24,0.0
202606222252,493.24,493.24,493.24,493.24,0.0
202606222253,493.24,493.24,493.24,493.24,0.0
202606222254,493.24,493.24,493.24,493.24,0.0
202606222255,493.24,493.24,493.24,493.24,0.0
202606222256,493.99,493.99,493.99,493.99,2.0
202606222257,493.99,493.99,493.99,493.99,0.0
202606222258,493.99,493.99,493.99,493.99,0.0
202606222259,493.99,493.99,493.99,493.99,1.0
202606222300,493.99,493.99,493.99,493.99,0.0
202606222301,493.72,493.7,493.72,493.7,10.0
202606222302,493.7,493.7,493.7,493.7,0.0
202606222303,493.7,493.7,493.7,493.7,0.0
202606222304,493.7,493.7,493.7,493.7,0.0
202606222305,493.7,493.7,493.7,493.7,0.0
202606222306,493.7,493.7,493.7,493.7,0.0
202606222307,493.7,493.7,493.7,493.7,0.0
202606222308,493.7,493.7,493.7,493.7,0.0
202606222309,493.7,493.7,493.7,493.7,0.0
202606222310,493.7,493.7,493.7,493.7,0.0
202606222311,493.7,493.7,493.7,493.7,0.0
202606222312,493.7,493.7,493.7,493.7,0.0
202606222313,493.7,493.7,493.7,493.7,0.0
202606222314,493.7,493.7,493.7,493.7,0.0
202606222315,493.7,493.7,493.7,493.7,0.0
202606222316,493.7,493.7,493.7,493.7,0.0
202606222317,493.7,493.7,493.7,493.7,0.0
202606222318,493.7,493.7,493.7,493.7,0.0
202606222319,493.7,493.7,493.7,493.7,0.0
202606222320,493.7,493.7,493.7,493.7,0.0
202606222321,493.7,493.7,493.7,493.7,0.0
202606222322,493.7,493.7,493.7,493.7,0.0
202606222323,493.7,493.7,493.7,493.7,0.0
202606222324,493.7,493.7,493.7,493.7,0.0
202606222325,493.7,493.7,493.7,493.7,0.0
202606222326,493.7,493.7,493.7,493.7,0.0
202606222327,493.7,493.7,493.7,493.7,0.0
202606222328,493.7,493.7,493.7,493.7,0.0
202606222329,493.7,493.7,493.7,493.7,0.0
202606222330,493.7,493.7,493.7,493.7,0.0
202606222331,493.7,493.7,493.7,493.7,0.0
202606222332,493.7,493.7,493.7,493.7,0.0
202606222333,493.7,493.7,493.7,493.7,0.0
202606222334,493.7,493.7,493.7,493.7,0.0
202606222335,493.7,493.7,493.7,493.7,0.0
202606222336,493.7,493.7,493.7,493.7,0.0
202606222337,493.7,493.7,493.7,493.7,0.0
202606222338,493.53,493.5,493.53,493.5,11.0
202606222339,493.5,493.5,493.5,493.5,0.0
202606222340,493.5,493.5,493.5,493.5,0.0
202606222341,493.5,493.5,493.5,493.5,0.0
202606222342,493.5,493.5,493.5,493.5,0.0
202606222343,493.5,493.5,493.5,493.5,0.0
202606222344,493.5,493.5,493.5,493.5,0.0
202606222345,493.5,493.5,493.5,493.5,0.0
202606222346,493.5,493.5,493.5,493.5,0.0
202606222347,493.5,493.5,493.5,493.5,0.0
202606222348,493.5,493.5,493.5,493.5,0.0
202606222349,493.5,493.5,493.5,493.5,0.0
202606222350,493.5,493.5,493.5,493.5,0.0
202606222351,493.5,493.5,493.5,493.5,0.0
202606222352,493.5,493.5,493.5,493.5,0.0
202606222353,493.5,493.5,493.5,493.5,0.0
202606222354,493.5,493.5,493.5,493.5,0.0
202606222355,493.5,493.5,493.5,493.5,0.0
202606222356,493.5,493.5,493.5,493.5,0.0
202606222357,493.5,493.5,493.5,493.5,0.0
202606222358,493.5,493.5,493.5,493.5,0.0
202606222359,493.5,493.5,493.5,493.5,0.0
202606230800,494.82,491.01,494.82,491.01,6.0
202606230801,493.47,493.47,493.47,493.47,1.0
202606230802,493.47,493.47,493.47,493.47,0.0
202606230803,493.47,493.47,493.47,493.47,0.0
202606230804,493.47,493.47,493.47,493.47,0.0
202606230805,493.47,493.47,493.47,493.47,0.0
202606230806,495.01,495.01,495.01,495.01,1.0
202606230807,495.01,495.01,495.01,495.01,0.0
202606230808,494.9,494.9,494.9,494.9,1.0
202606230809,494.38,494.0,494.38,494.0,4.0
202606230810,495.1,495.0,495.1,495.0,8.0
202606230811,493.67,493.5,493.67,493.5,4.0
202606230812,493.5,493.5,493.5,493.5,0.0
202606230813,493.5,493.5,493.5,493.5,0.0
202606230814,493.5,493.5,493.5,493.5,0.0
202606230815,493.5,493.5,493.5,493.5,0.0
202606230816,493.5,493.5,493.5,493.5,0.0
202606230817,493.5,493.5,493.5,493.5,0.0
202606230818,493.5,493.5,493.5,493.5,0.0
202606230819,493.5,493.5,493.5,493.5,0.0
202606230820,493.5,493.5,493.5,493.5,0.0
202606230821,493.5,493.5,493.5,493.5,0.0
202606230822,493.5,493.5,493.5,493.5,0.0
202606230823,493.5,493.5,493.5,493.5,0.0
202606230824,493.5,493.5,493.5,493.5,0.0
202606230825,493.5,493.5,493.5,493.5,0.0
202606230826,491.0,491.0,491.0,491.0,1.0
202606230827,491.0,491.0,491.0,491.0,0.0
202606230828,491.0,491.0,491.0,491.0,0.0
202606230829,490.5,490.5,490.5,490.5,5.0
202606230830,490.5,490.5,490.5,490.5,0.0
202606230831,490.5,490.5,490.5,490.5,0.0
202606230832,490.5,490.5,490.5,490.5,0.0
202606230833,490.5,490.5,490.5,490.5,0.0
202606230834,490.5,490.5,490.5,490.5,0.0
202606230835,490.5,490.5,490.5,490.5,0.0
202606230836,490.5,490.5,490.5,490.5,0.0
202606230837,490.5,490.5,490.5,490.5,0.0
202606230838,490.5,490.5,490.5,490.5,0.0
202606230839,490.5,490.5,490.5,490.5,0.0
202606230840,490.5,490.5,490.5,490.5,0.0
202606230841,490.5,490.5,490.5,490.5,0.0
202606230842,490.5,490.5,490.5,490.5,0.0
202606230843,490.5,490.5,490.5,490.5,0.0
202606230844,490.5,490.5,490.5,490.5,0.0
202606230845,490.5,490.5,490.5,490.5,0.0
202606230846,490.5,490.5,490.5,490.5,0.0
202606230847,490.5,490.5,490.5,490.5,0.0
202606230848,490.5,490.5,490.5,490.5,0.0
202606230849,490.5,490.5,490.5,490.5,0.0
202606230850,490.5,490.5,490.5,490.5,0.0
202606230851,490.5,490.5,490.5,490.5,0.0
202606230852,490.5,490.5,490.5,490.5,0.0
202606230853,490.5,490.5,490.5,490.5,0.0
202606230854,493.0,493.0,493.0,493.0,2.0
202606230855,493.0,493.0,493.0,493.0,0.0
202606230856,493.0,493.0,493.0,493.0,0.0
202606230857,493.0,493.0,493.0,493.0,0.0
202606230858,493.0,493.0,493.0,493.0,0.0
202606230859,493.0,493.0,493.0,493.0,0.0
202606230900,493.0,493.0,493.0,493.0,0.0
202606230901,493.0,493.0,493.0,493.0,0.0
202606230902,493.0,493.0,493.0,493.0,0.0
202606230903,493.0,493.0,493.0,493.0,0.0
202606230904,493.0,493.0,493.0,493.0,0.0
202606230905,493.0,493.0,493.0,493.0,0.0
202606230906,493.0,493.0,493.0,493.0,0.0
202606230907,493.0,493.0,493.0,493.0,0.0
202606230908,493.0,493.0,493.0,493.0,0.0
202606230909,493.0,493.0,493.0,493.0,0.0
202606230910,493.0,493.0,493.0,493.0,0.0
202606230911,493.0,493.0,493.0,493.0,0.0
202606230912,493.0,493.0,493.0,493.0,0.0
202606230913,493.0,493.0,493.0,493.0,0.0
202606230914,493.0,493.0,493.0,493.0,0.0
202606230915,493.0,493.0,493.0,493.0,0.0
202606230916,493.0,493.0,493.0,493.0,0.0
202606230917,493.0,493.0,493.0,493.0,0.0
202606230918,493.0,493.0,493.0,493.0,0.0
202606230919,493.0,493.0,493.0,493.0,0.0
202606230920,493.0,493.0,493.0,493.0,0.0
202606230921,493.0,493.0,493.0,493.0,0.0
202606230922,493.0,493.0,493.0,493.0,0.0
202606230923,493.0,493.0,493.0,493.0,0.0
202606230924,493.0,493.0,493.0,493.0,0.0
202606230925,493.0,493.0,493.0,493.0,0.0
202606230926,493.0,493.0,493.0,493.0,0.0
202606230927,493.0,493.0,493.0,493.0,0.0
202606230928,493.0,493.0,493.0,493.0,0.0
202606230929,493.0,493.0,493.0,493.0,0.0
202606230930,493.0,493.0,493.0,493.0,0.0
202606230931,493.0,493.0,493.0,493.0,0.0
202606230932,493.0,493.0,493.0,493.0,0.0
202606230933,493.0,493.0,493.0,493.0,0.0
202606230934,493.0,493.0,493.0,493.0,0.0
202606230935,493.0,493.0,493.0,493.0,0.0
202606230936,493.0,493.0,493.0,493.0,0.0
202606230937,493.0,493.0,493.0,493.0,0.0
202606230938,493.0,493.0,493.0,493.0,0.0
202606230939,493.0,493.0,493.0,493.0,0.0
202606230940,493.0,493.0,493.0,493.0,0.0
202606230941,493.0,493.0,493.0,493.0,0.0
202606230942,493.0,493.0,493.0,493.0,0.0
202606230943,493.0,493.0,493.0,493.0,0.0
202606230944,493.0,493.0,493.0,493.0,0.0
202606230945,493.0,493.0,493.0,493.0,0.0
202606230946,493.0,493.0,493.0,493.0,0.0
202606230947,493.0,493.0,493.0,493.0,0.0
202606230948,493.0,493.0,493.0,493.0,0.0
202606230949,493.0,493.0,493.0,493.0,0.0
202606230950,493.0,493.0,493.0,493.0,0.0
202606230951,493.0,493.0,493.0,493.0,0.0
202606230952,493.0,493.0,493.0,493.0,0.0
202606230953,493.0,493.0,493.0,493.0,0.0
202606230954,493.0,493.0,493.0,493.0,0.0
202606230955,493.0,493.0,493.0,493.0,0.0
202606230956,493.0,493.0,493.0,493.0,0.0
202606230957,493.0,493.0,493.0,493.0,0.0
202606230958,493.0,493.0,493.0,493.0,0.0
202606230959,493.0,493.0,493.0,493.0,0.0
202606231000,493.0,493.0,493.0,493.0,0.0
202606231001,493.0,493.0,493.0,493.0,0.0
202606231002,493.0,493.0,493.0,493.0,0.0
202606231003,493.0,493.0,493.0,493.0,0.0
202606231004,493.0,493.0,493.0,493.0,0.0
202606231005,493.0,493.0,493.0,493.0,0.0
202606231006,493.0,493.0,493.0,493.0,0.0
202606231007,493.0,493.0,493.0,493.0,0.0
202606231008,493.0,493.0,493.0,493.0,0.0
202606231009,493.0,493.0,493.0,493.0,0.0
202606231010,493.0,493.0,493.0,493.0,0.0
202606231011,493.0,493.0,493.0,493.0,0.0
202606231012,493.0,493.0,493.0,493.0,0.0
202606231013,493.0,493.0,493.0,493.0,0.0
202606231014,493.0,493.0,493.0,493.0,0.0
202606231015,493.0,493.0,493.0,493.0,0.0
202606231016,493.0,493.0,493.0,493.0,0.0
202606231017,493.0,493.0,493.0,493.0,0.0
202606231018,493.0,493.0,493.0,493.0,0.0
202606231019,493.0,493.0,493.0,493.0,0.0
202606231020,493.0,493.0,493.0,493.0,0.0
202606231021,493.0,493.0,493.0,493.0,0.0
202606231022,493.0,493.0,493.0,493.0,0.0
202606231023,493.0,493.0,493.0,493.0,0.0
202606231024,493.0,493.0,493.0,493.0,0.0
202606231025,493.0,493.0,493.0,493.0,0.0
202606231026,493.0,493.0,493.0,493.0,0.0
202606231027,493.0,493.0,493.0,493.0,0.0
202606231028,493.0,493.0,493.0,493.0,0.0
202606231029,493.0,493.0,493.0,493.0,0.0
202606231030,493.0,493.0,493.0,493.0,0.0
202606231031,493.0,493.0,493.0,493.0,0.0
202606231032,493.0,493.0,493.0,493.0,0.0
202606231033,493.0,493.0,493.0,493.0,0.0
202606231034,493.0,493.0,493.0,493.0,0.0
202606231035,493.0,493.0,493.0,493.0,0.0
202606231036,493.0,493.0,493.0,493.0,0.0
202606231037,493.0,493.0,493.0,493.0,0.0
202606231038,493.0,493.0,493.0,493.0,0.0
202606231039,493.0,493.0,493.0,493.0,0.0
202606231040,493.0,493.0,493.0,493.0,0.0
202606231041,493.0,493.0,493.0,493.0,0.0
202606231042,493.0,493.0,493.0,493.0,0.0
202606231043,493.0,493.0,493.0,493.0,0.0
202606231044,493.0,493.0,493.0,493.0,0.0
202606231045,493.0,493.0,493.0,493.0,0.0
202606231046,493.0,493.0,493.0,493.0,0.0
202606231047,493.0,493.0,493.0,493.0,0.0
202606231048,492.0,492.0,492.0,492.0,2.0
202606231049,492.0,492.0,492.0,492.0,0.0
202606231050,492.0,492.0,492.0,492.0,0.0
202606231051,492.0,492.0,492.0,492.0,0.0
202606231052,492.0,492.0,492.0,492.0,0.0
202606231053,492.0,492.0,492.0,492.0,0.0
202606231054,492.0,492.0,492.0,492.0,0.0
202606231055,492.0,492.0,492.0,492.0,0.0
202606231056,492.0,492.0,492.0,492.0,0.0
202606231057,492.0,492.0,492.0,492.0,0.0
202606231058,492.0,492.0,492.0,492.0,0.0
202606231059,492.0,492.0,492.0,492.0,0.0
202606231100,494.25,494.25,494.25,494.25,1.0
202606231101,494.25,494.25,494.25,494.25,0.0
202606231102,494.0,494.0,494.0,494.0,1.0
202606231103,494.0,494.0,494.0,494.0,0.0
202606231104,494.0,494.0,494.0,494.0,0.0
202606231105,494.0,494.0,494.0,494.0,0.0
202606231106,494.0,494.0,494.0,494.0,0.0
202606231107,494.0,494.0,494.0,494.0,0.0
202606231108,494.0,494.0,494.0,494.0,0.0
202606231109,494.0,494.0,494.0,494.0,0.0
202606231110,494.0,494.0,494.0,494.0,0.0
202606231111,494.0,494.0,494.0,494.0,0.0
202606231112,494.0,494.0,494.0,494.0,0.0
202606231113,494.0,494.0,494.0,494.0,0.0
202606231114,494.0,494.0,494.0,494.0,0.0
202606231115,494.0,494.0,494.0,494.0,0.0
202606231116,494.0,494.0,494.0,494.0,0.0
202606231117,494.0,494.0,494.0,494.0,0.0
202606231118,494.0,494.0,494.0,494.0,0.0
202606231119,494.0,494.0,494.0,494.0,0.0
202606231120,494.0,494.0,494.0,494.0,0.0
202606231121,494.0,494.0,494.0,494.0,0.0
202606231122,494.0,494.0,494.0,494.0,0.0
202606231123,494.0,494.0,494.0,494.0,0.0
202606231124,494.0,494.0,494.0,494.0,0.0
202606231125,494.0,494.0,494.0,494.0,0.0
202606231126,494.0,494.0,494.0,494.0,0.0
202606231127,494.0,494.0,494.0,494.0,0.0
202606231128,494.0,494.0,494.0,494.0,0.0
202606231129,494.0,494.0,494.0,494.0,0.0
202606231130,494.0,494.0,494.0,494.0,0.0
202606231131,494.0,494.0,494.0,494.0,0.0
202606231132,494.0,494.0,494.0,494.0,0.0
202606231133,494.0,494.0,494.0,494.0,0.0
202606231134,494.0,494.0,494.0,494.0,0.0
202606231135,494.0,494.0,494.0,494.0,0.0
202606231136,494.0,494.0,494.0,494.0,0.0
202606231137,494.0,494.0,494.0,494.0,0.0
202606231138,494.0,494.0,494.0,494.0,0.0
202606231139,494.0,494.0,494.0,494.0,0.0
202606231140,494.02,494.02,494.02,494.02,1.0
202606231141,494.02,494.02,494.02,494.02,0.0
202606231142,494.02,494.02,494.02,494.02,0.0
202606231143,494.02,494.02,494.02,494.02,0.0
202606231144,494.02,494.02,494.02,494.02,0.0
202606231145,494.02,494.02,494.02,494.02,0.0
202606231146,494.02,494.02,494.02,494.02,0.0
202606231147,494.02,494.02,494.02,494.02,0.0
202606231148,494.02,494.02,494.02,494.02,0.0
202606231149,494.02,494.02,494.02,494.02,0.0
202606231150,494.02,494.02,494.02,494.02,0.0
202606231151,494.02,494.02,494.02,494.02,0.0
202606231152,494.02,494.02,494.02,494.02,0.0
202606231153,494.02,494.02,494.02,494.02,0.0
202606231154,494.02,494.02,494.02,494.02,0.0
202606231155,494.02,494.02,494.02,494.02,0.0
202606231156,494.02,494.02,494.02,494.02,0.0
202606231157,494.02,494.02,494.02,494.02,0.0
202606231158,494.02,494.02,494.02,494.02,0.0
202606231159,494.02,494.02,494.02,494.02,0.0
202606231200,494.02,494.02,494.02,494.02,0.0
202606231201,494.02,494.02,494.02,494.02,0.0
202606231202,494.02,494.02,494.02,494.02,0.0
202606231203,494.02,494.02,494.02,494.02,0.0
202606231204,494.02,494.02,494.02,494.02,0.0
202606231205,494.02,494.02,494.02,494.02,0.0
202606231206,494.02,494.02,494.02,494.02,0.0
202606231207,494.02,494.02,494.02,494.02,0.0
202606231208,494.02,494.02,494.02,494.02,0.0
202606231209,494.02,494.02,494.02,494.02,0.0
202606231210,494.02,494.02,494.02,494.02,0.0
202606231211,494.02,494.02,494.02,494.02,0.0
202606231212,494.02,494.02,494.02,494.02,0.0
202606231213,494.02,494.02,494.02,494.02,0.0
202606231214,494.02,494.02,494.02,494.02,0.0
202606231215,494.02,494.02,494.02,494.02,0.0
202606231216,494.02,494.02,494.02,494.02,0.0
202606231217,494.02,494.02,494.02,494.02,0.0
202606231218,494.57,494.57,494.57,494.56,1.0
202606231219,494.57,494.57,494.57,494.57,0.0
202606231220,494.57,494.57,494.57,494.57,0.0
202606231221,494.57,494.57,494.57,494.57,0.0
202606231222,494.96,494.96,494.96,494.95,2.0
202606231223,494.96,494.96,494.96,494.96,0.0
202606231224,494.79,494.94,494.94,494.79,3.0
202606231225,494.94,494.94,494.94,494.94,0.0
202606231226,494.94,494.94,494.94,494.94,0.0
202606231227,494.94,494.94,494.94,494.94,0.0
202606231228,494.94,494.94,494.94,494.94,0.0
202606231229,494.94,494.94,494.94,494.94,0.0
202606231230,494.94,494.94,494.94,494.94,0.0
202606231231,494.84,494.9,494.9,494.84,8.0
202606231232,494.9,494.9,494.9,494.9,0.0
202606231233,494.9,494.9,494.9,494.9,0.0
202606231234,494.9,494.9,494.9,494.9,0.0
202606231235,494.9,494.9,494.9,494.9,0.0
202606231236,494.9,494.9,494.9,494.9,0.0
202606231237,494.9,494.9,494.9,494.9,0.0
202606231238,494.9,494.9,494.9,494.9,0.0
202606231239,494.9,494.9,494.9,494.9,0.0
202606231240,494.9,494.9,494.9,494.9,0.0
202606231241,494.9,494.9,494.9,494.9,0.0
202606231242,494.9,494.9,494.9,494.9,0.0
202606231243,494.9,494.9,494.9,494.9,0.0
202606231244,494.9,494.9,494.9,494.9,0.0
202606231245,494.9,494.9,494.9,494.9,0.0
202606231246,494.9,494.9,494.9,494.9,0.0
202606231247,494.9,494.9,494.9,494.9,0.0
202606231248,494.9,494.9,494.9,494.9,0.0
202606231249,494.9,494.9,494.9,494.9,0.0
202606231250,495.0,495.0,495.0,495.0,10.0
202606231251,495.0,495.0,495.0,495.0,0.0
202606231252,495.0,495.0,495.0,495.0,0.0
202606231253,495.0,495.0,495.0,495.0,0.0
202606231254,495.0,495.0,495.0,495.0,0.0
202606231255,495.0,495.0,495.0,495.0,0.0
202606231256,495.0,495.0,495.0,495.0,0.0
202606231257,495.0,495.0,495.0,495.0,0.0
202606231258,495.0,495.0,495.0,495.0,0.0
202606231259,495.0,495.0,495.0,495.0,0.0
202606231300,495.0,495.0,495.0,495.0,0.0
202606231301,495.0,495.0,495.0,495.0,0.0
202606231302,495.0,495.0,495.0,495.0,0.0
202606231303,495.0,495.0,495.0,495.0,0.0
202606231304,495.0,495.0,495.0,495.0,0.0
202606231305,495.0,495.0,495.0,495.0,0.0
202606231306,495.0,495.0,495.0,495.0,0.0
202606231307,495.0,495.0,495.0,495.0,0.0
202606231308,495.0,495.0,495.0,495.0,0.0
202606231309,495.0,495.0,495.0,495.0,0.0
202606231310,495.0,495.0,495.0,495.0,0.0
202606231311,495.0,495.0,495.0,495.0,0.0
202606231312,495.0,495.0,495.0,495.0,0.0
202606231313,495.0,495.0,495.0,495.0,0.0
202606231314,495.0,495.0,495.0,495.0,0.0
202606231315,495.0,495.0,495.0,495.0,0.0
202606231316,495.0,495.0,495.0,495.0,0.0
202606231317,495.42,495.07,495.42,495.07,2.0
202606231318,495.07,495.07,495.07,495.07,0.0
202606231319,495.07,495.07,495.07,495.07,0.0
202606231320,495.07,495.07,495.07,495.07,0.0
202606231321,495.07,495.07,495.07,495.07,0.0
202606231322,495.07,495.07,495.07,495.07,0.0
202606231323,495.07,495.07,495.07,495.07,0.0
202606231324,495.07,495.07,495.07,495.07,0.0
202606231325,496.39,496.39,496.39,496.39,1.0
202606231326,496.5,496.5,496.5,496.5,1.0
202606231327,496.5,496.5,496.5,496.5,0.0
202606231328,496.5,496.5,496.5,496.5,0.0
202606231329,497.45,498.14,498.14,497.45,13.0
202606231330,498.83,498.99,500.0,498.83,33.0
202606231331,500.03,500.03,500.03,500.03,1.0
202606231332,500.0,501.15,501.15,500.0,19.0
202606231333,500.51,500.18,500.51,500.17,4.0
202606231334,500.18,500.18,500.18,500.18,0.0
202606231335,500.18,500.18,500.18,500.18,0.0
202606231336,500.56,498.7,500.88,496.53,685.0
202606231337,497.6,499.46,499.63,497.59,39.0
202606231338,498.7,498.97,499.55,498.18,33.0
202606231339,498.64,499.23,499.96,498.18,67.0
202606231340,499.07,497.89,500.0,497.89,65.0
202606231341,497.01,500.0,500.0,497.01,47.0
202606231342,500.0,499.85,500.99,499.63,39.0
202606231343,500.98,498.75,500.98,498.7,49.0
202606231344,499.43,498.63,499.43,498.63,29.0
202606231345,498.75,498.67,499.0,498.15,30.0
202606231346,498.31,499.31,499.64,498.31,25.0
202606231347,498.87,497.74,499.43,497.74,26.0
202606231348,498.6,499.29,499.29,498.49,23.0
202606231349,498.07,498.89,499.04,498.07,10.0
202606231350,499.02,499.99,499.99,499.01,20.0
202606231351,499.6,499.25,499.6,499.17,23.0
202606231352,498.87,498.73,498.87,498.36,4.0
202606231353,498.8,498.8,498.8,498.79,15.0
202606231354,499.22,499.32,499.32,498.96,17.0
202606231355,499.27,498.81,499.27,498.8,21.0
202606231356,498.82,499.87,499.87,498.82,14.0
202606231357,499.45,500.64,500.64,499.44,20.0
202606231358,500.67,499.96,500.67,499.96,13.0
202606231359,499.96,499.86,500.44,499.79,18.0
202606231400,499.85,499.66,499.85,498.86,58.0
202606231401,500.42,500.22,500.59,500.19,10.0
202606231402,500.08,499.92,500.12,499.91,17.0
202606231403,500.04,500.51,500.59,499.64,9.0
202606231404,500.52,500.91,500.91,500.26,18.0
202606231405,500.73,500.47,500.73,499.95,19.0
202606231406,500.18,500.52,500.75,500.18,92.0
202606231407,500.52,500.75,500.75,500.29,88.0
202606231408,500.98,500.11,500.98,500.1,28.0
202606231409,500.11,499.9,500.11,499.58,28.0
202606231410,500.3,500.49,500.5,500.07,29.0
202606231411,500.73,500.08,500.97,500.01,21.0
202606231412,500.49,500.0,500.49,500.0,12.0
202606231413,499.71,500.22,500.22,499.7,26.0
202606231414,500.22,499.92,500.28,499.62,37.0
202606231415,500.02,499.88,500.03,499.75,4.0
202606231416,499.87,499.34,499.87,499.34,57.0
202606231417,499.91,499.86,500.17,499.85,4.0
202606231418,499.35,499.24,499.82,499.24,8.0
202606231419,499.8,499.44,499.8,499.28,22.0
202606231420,499.3,499.06,499.3,499.0,13.0
202606231421,499.06,499.8,499.8,499.05,20.0
202606231422,499.95,499.47,499.95,499.0,64.0
202606231423,499.49,499.66,500.03,499.49,7.0
202606231424,499.68,499.67,499.68,499.32,13.0
202606231425,499.5,499.66,499.66,499.36,10.0
202606231426,499.6,499.42,499.6,499.42,7.0
202606231427,499.2,499.1,499.42,498.94,19.0
202606231428,498.81,498.76,499.0,498.74,22.0
202606231429,498.74,498.62,498.74,498.26,25.0
202606231430,498.64,498.27,498.64,498.27,3.0
202606231431,498.64,498.6,498.66,498.23,13.0
202606231432,498.5,499.09,499.09,498.5,3.0
202606231433,499.25,498.7,499.62,498.65,19.0
202606231434,498.6,498.3,498.78,498.17,33.0
202606231435,498.44,498.5,498.5,498.18,3.0
202606231436,498.49,498.17,498.49,498.17,12.0
202606231437,498.33,498.56,498.56,498.33,13.0
202606231438,498.63,498.55,498.63,498.54,3.0
202606231439,498.76,499.07,499.07,498.63,7.0
202606231440,499.05,499.27,499.34,499.05,9.0
202606231441,498.95,499.03,499.49,498.95,35.0
202606231442,499.1,499.33,499.33,499.1,7.0
202606231443,499.15,499.49,499.66,499.15,44.0
202606231444,499.5,499.5,499.5,499.18,4.0
202606231445,499.6,499.35,499.81,499.35,14.0
202606231446,499.5,499.54,499.6,499.5,10.0
202606231447,499.56,499.47,499.56,499.38,3.0
202606231448,499.52,499.4,499.64,499.34,9.0
202606231449,499.64,499.96,500.28,499.64,41.0
202606231450,500.08,500.25,500.3,500.08,15.0
202606231451,499.86,499.86,499.86,499.86,1.0
202606231452,500.13,500.37,500.37,500.12,2.0
202606231453,500.26,500.56,500.56,500.25,20.0
202606231454,500.25,500.36,500.36,500.11,5.0
202606231455,500.12,500.34,500.34,500.12,3.0
202606231456,499.96,499.56,500.53,499.56,42.0
202606231457,499.74,499.93,500.24,499.7,7.0
202606231458,500.08,500.13,500.27,500.08,7.0
202606231459,500.07,500.22,500.22,500.03,10.0
202606231500,500.01,499.94,500.01,499.94,3.0
202606231501,500.0,500.0,500.0,499.99,2.0
202606231502,500.1,500.0,500.1,499.99,2.0
202606231503,500.05,500.05,500.05,500.05,1.0
202606231504,499.9,500.2,500.2,499.89,20.0
202606231505,499.93,500.04,500.2,499.93,7.0
202606231506,500.19,500.46,500.63,500.18,18.0
202606231507,500.65,500.86,500.86,500.52,7.0
202606231508,500.23,501.18,501.18,500.18,29.0
202606231509,500.94,501.25,501.28,500.94,10.0
202606231510,501.28,502.35,502.51,501.28,82.0
202606231511,502.35,502.69,502.69,502.35,4.0
202606231512,502.76,502.76,502.76,502.75,1.0
202606231513,502.51,503.25,503.25,502.51,44.0
202606231514,502.81,502.45,503.05,502.4,32.0
202606231515,502.58,502.76,503.08,502.5,28.0
202606231516,502.76,502.45,503.08,502.45,28.0
202606231517,502.59,502.62,502.79,502.4,17.0
202606231518,502.48,502.55,502.62,502.3,46.0
202606231519,502.37,502.43,502.56,502.34,57.0
202606231520,502.36,502.41,502.41,502.1,62.0
202606231521,502.24,502.17,502.24,501.99,16.0
202606231522,502.13,501.9,502.15,501.7,20.0
202606231523,501.89,501.89,501.9,501.6,43.0
202606231524,501.6,501.48,501.81,501.35,26.0
202606231525,501.47,501.13,501.47,501.13,6.0
202606231526,500.92,501.72,501.72,500.58,31.0
202606231527,501.75,501.54,501.75,501.25,7.0
202606231528,501.69,501.83,502.12,501.68,4.0
202606231529,501.24,501.99,501.99,501.12,68.0
202606231530,501.79,501.62,501.79,501.26,17.0
202606231531,501.73,501.7,501.73,501.7,5.0
202606231532,501.41,501.79,501.79,501.41,4.0
202606231533,501.75,501.83,501.83,501.53,8.0
202606231534,501.37,500.6,501.62,500.6,13.0
202606231535,500.99,500.99,500.99,500.98,3.0
202606231536,500.6,500.8,501.12,500.42,38.0
202606231537,500.77,500.78,501.05,500.77,20.0
202606231538,501.09,501.21,501.21,500.78,9.0
202606231539,500.95,500.95,500.95,500.95,1.0
202606231540,500.92,500.91,500.92,500.9,2.0
202606231541,500.67,500.95,500.95,500.66,6.0
202606231542,500.99,501.4,501.4,500.99,20.0
202606231543,501.14,501.62,501.62,501.14,5.0
202606231544,501.63,501.45,501.63,501.34,12.0
202606231545,501.46,501.46,501.46,501.45,2.0
202606231546,501.46,501.46,501.46,501.46,0.0
202606231547,501.5,501.55,501.71,501.49,11.0
202606231548,501.77,501.75,501.79,501.66,12.0
202606231549,501.32,501.64,501.71,501.32,15.0
202606231550,501.64,501.94,501.94,501.64,15.0
202606231551,501.94,501.78,501.94,501.65,12.0
202606231552,501.96,502.04,502.33,501.96,25.0
202606231553,502.09,502.04,502.22,502.03,37.0
202606231554,501.74,501.91,501.92,501.68,11.0
202606231555,501.67,501.91,501.91,501.67,15.0
202606231556,501.91,501.71,501.97,501.57,19.0
202606231557,501.46,501.8,501.96,501.46,29.0
202606231558,501.8,502.4,502.47,501.8,35.0
202606231559,502.39,502.32,502.39,502.25,4.0
202606231600,502.3,502.25,502.45,502.25,12.0
202606231601,502.2,502.03,502.2,501.99,8.0
202606231602,502.09,502.09,502.09,501.9,16.0
202606231603,502.09,502.08,502.09,502.08,4.0
202606231604,502.02,501.89,502.02,501.76,15.0
202606231605,501.89,502.06,502.07,501.67,18.0
202606231606,501.79,502.12,502.12,501.79,3.0
202606231607,501.92,502.0,502.16,501.92,10.0
202606231608,502.23,502.38,502.38,501.93,12.0
202606231609,502.01,502.23,502.23,502.01,4.0
202606231610,502.25,501.96,502.26,501.81,25.0
202606231611,501.79,501.88,502.29,501.57,27.0
202606231612,501.46,501.38,501.55,501.12,12.0
202606231613,501.38,500.72,501.38,500.72,5.0
202606231614,500.73,500.63,501.43,500.63,20.0
202606231615,501.03,501.01,501.03,501.0,4.0
202606231616,500.68,501.11,501.11,500.68,4.0
202606231617,501.06,501.06,501.06,501.05,3.0
202606231618,501.1,500.99,501.1,500.82,19.0
202606231619,500.81,501.25,501.3,500.81,17.0
202606231620,501.22,501.21,501.22,501.09,9.0
202606231621,501.33,501.61,501.61,501.33,2.0
202606231622,501.44,501.75,501.75,501.42,10.0
202606231623,501.42,501.6,501.71,501.23,8.0
202606231624,501.45,501.5,501.5,501.44,2.0
202606231625,501.38,501.33,501.5,501.09,31.0
202606231626,501.37,501.37,501.37,501.37,1.0
202606231627,501.37,501.37,501.37,501.37,0.0
202606231628,501.36,501.36,501.36,501.36,8.0
202606231629,501.35,501.35,501.35,501.34,3.0
202606231630,501.6,501.61,501.61,501.6,2.0
202606231631,501.63,501.82,501.87,501.48,22.0
202606231632,501.82,501.8,501.82,501.66,4.0
202606231633,501.63,501.78,501.81,501.63,12.0
202606231634,501.97,501.92,501.97,501.86,9.0
202606231635,501.85,501.85,501.85,501.84,1.0
202606231636,501.84,501.84,501.84,501.84,2.0
202606231637,501.69,501.58,501.83,501.42,15.0
202606231638,501.58,501.82,501.83,501.57,7.0
202606231639,501.42,501.33,501.58,501.33,7.0
202606231640,501.67,501.53,501.83,501.53,15.0
202606231641,501.59,501.56,501.59,501.55,4.0
202606231642,501.59,501.16,501.59,501.16,38.0
202606231643,501.13,501.26,501.26,501.06,10.0
202606231644,501.22,501.22,501.22,501.22,2.0
202606231645,501.17,501.17,501.17,501.17,1.0
202606231646,501.21,501.21,501.21,501.2,1.0
202606231647,501.36,501.45,501.45,501.36,9.0
202606231648,501.45,501.45,501.45,501.45,0.0
202606231649,501.22,501.22,501.22,501.21,3.0
202606231650,501.15,500.8,501.23,500.8,42.0
202606231651,500.95,500.95,500.95,500.95,1.0
202606231652,501.0,501.17,501.17,500.94,7.0
202606231653,501.12,501.2,501.33,501.12,18.0
202606231654,501.53,501.21,501.53,501.2,8.0
202606231655,501.55,501.7,501.7,501.47,13.0
202606231656,501.41,501.41,501.41,501.4,1.0
202606231657,501.28,501.31,501.31,501.27,2.0
202606231658,501.67,501.67,501.67,501.66,2.0
202606231659,501.48,501.21,501.56,501.2,5.0
202606231700,501.33,501.39,501.43,501.33,8.0
202606231701,501.42,501.18,501.42,501.17,2.0
202606231702,501.04,501.42,501.42,501.04,10.0
202606231703,501.56,501.47,501.6,501.47,3.0
202606231704,501.51,501.51,501.51,501.5,17.0
202606231705,501.51,501.65,501.86,501.5,20.0
202606231706,501.98,502.22,502.22,501.98,5.0
202606231707,502.26,502.07,502.29,502.07,15.0
202606231708,502.04,501.96,502.04,501.95,5.0
202606231709,501.95,501.89,502.18,501.89,7.0
202606231710,502.07,502.16,502.16,501.79,10.0
202606231711,501.96,501.96,501.96,501.96,2.0
202606231712,501.95,501.95,501.95,501.95,3.0
202606231713,501.95,501.76,501.95,501.75,2.0
202606231714,501.76,501.96,501.96,501.75,3.0
202606231715,501.96,501.96,501.96,501.96,0.0
202606231716,501.96,501.75,501.96,501.75,8.0
202606231717,501.58,501.83,501.84,501.58,21.0
202606231718,501.84,501.57,501.89,501.5,25.0
202606231719,501.61,501.61,501.61,501.61,1.0
202606231720,501.89,501.72,501.89,501.6,9.0
202606231721,501.71,501.68,501.85,501.5,32.0
202606231722,501.79,501.88,502.02,501.69,58.0
202606231723,501.96,502.43,502.43,501.95,15.0
202606231724,502.37,502.29,502.37,502.14,16.0
202606231725,502.03,501.91,502.07,501.9,19.0
202606231726,501.88,501.85,501.91,501.85,7.0
202606231727,501.68,501.61,501.82,501.61,14.0
202606231728,501.82,501.8,501.82,501.79,3.0
202606231729,501.81,501.81,501.81,501.81,1.0
202606231730,501.81,501.66,501.81,501.45,20.0
202606231731,501.74,501.74,501.74,501.73,1.0
202606231732,501.55,501.55,501.74,501.36,26.0
202606231733,501.56,501.8,501.88,501.36,22.0
202606231734,501.92,501.8,501.92,501.8,3.0
202606231735,501.74,501.73,501.74,501.72,4.0
202606231736,501.74,501.62,501.94,501.51,10.0
202606231737,501.62,501.6,501.62,501.4,12.0
202606231738,501.72,501.45,501.72,501.44,3.0
202606231739,501.45,501.45,501.45,501.45,0.0
202606231740,501.86,501.6,501.86,501.59,18.0
202606231741,501.85,501.88,501.88,501.85,3.0
202606231742,501.53,501.53,501.53,501.53,1.0
202606231743,501.65,501.7,501.7,501.65,8.0
202606231744,501.93,501.91,501.93,501.69,5.0
202606231745,501.93,501.93,501.93,501.92,5.0
202606231746,501.57,501.79,501.79,501.57,2.0
202606231747,501.96,501.98,501.98,501.96,12.0
202606231748,501.98,501.98,501.98,501.98,0.0
202606231749,501.96,501.91,501.98,501.82,35.0
202606231750,501.82,501.82,501.82,501.82,21.0
202606231751,501.85,501.9,501.98,501.85,27.0
202606231752,502.09,502.23,502.24,501.95,24.0
202606231753,502.2,501.95,502.28,501.78,19.0
202606231754,501.93,501.67,501.96,501.67,6.0
202606231755,501.64,501.67,501.67,501.63,9.0
202606231756,501.67,501.67,501.67,501.66,2.0
202606231757,501.51,501.2,501.51,501.2,13.0
202606231758,501.46,501.46,501.46,501.46,3.0
202606231759,501.46,501.46,501.46,501.46,0.0
202606231800,501.48,501.48,501.48,501.47,2.0
202606231801,501.34,501.43,501.48,501.33,7.0
202606231802,501.48,501.48,501.48,501.47,6.0
202606231803,501.48,501.48,501.48,501.47,8.0
202606231804,501.6,501.73,501.73,501.22,28.0
202606231805,501.27,501.61,501.61,501.12,42.0
202606231806,501.43,501.43,501.44,501.42,10.0
202606231807,501.43,501.29,501.47,501.29,7.0
202606231808,501.33,501.44,501.44,501.33,2.0
202606231809,501.49,501.45,501.49,501.45,10.0
202606231810,501.44,501.35,501.44,501.35,43.0
202606231811,501.4,501.43,501.44,501.37,10.0
202606231812,501.67,501.47,501.67,501.47,21.0
202606231813,501.63,501.94,501.94,501.53,10.0
202606231814,501.72,501.72,501.73,501.72,2.0
202606231815,501.57,501.3,501.8,501.25,17.0
202606231816,501.43,501.62,501.63,501.22,12.0
202606231817,501.6,501.7,501.72,501.6,10.0
202606231818,501.79,501.8,502.07,501.69,9.0
202606231819,501.75,501.75,501.75,501.67,17.0
202606231820,501.57,501.34,501.72,501.34,10.0
202606231821,501.35,501.4,501.66,501.35,22.0
202606231822,501.36,501.43,501.51,501.3,8.0
202606231823,501.55,501.7,501.7,501.48,61.0
202606231824,501.64,501.64,501.64,501.63,1.0
202606231825,501.71,501.71,501.79,501.67,6.0
202606231826,501.71,501.71,501.8,501.7,4.0
202606231827,501.53,501.62,501.69,501.53,12.0
202606231828,501.63,501.57,501.68,501.57,6.0
202606231829,501.71,501.63,501.71,501.63,3.0
202606231830,501.63,501.81,501.83,501.61,28.0
202606231831,501.79,501.62,501.8,501.62,11.0
202606231832,501.36,501.53,501.54,501.36,3.0
202606231833,501.54,501.55,501.55,501.51,10.0
202606231834,501.5,501.72,501.72,501.5,2.0
202606231835,501.66,501.59,501.66,501.49,13.0
202606231836,501.42,501.47,501.47,501.29,10.0
202606231837,501.47,501.78,501.78,501.47,17.0
202606231838,501.65,501.29,501.65,501.29,95.0
202606231839,501.55,501.28,501.55,501.22,16.0
202606231840,501.61,501.22,501.62,501.22,7.0
202606231841,501.74,501.74,501.74,501.74,1.0
202606231842,501.22,501.22,501.49,501.22,5.0
202606231843,501.22,500.99,501.22,500.86,20.0
202606231844,500.98,500.96,500.98,500.96,8.0
202606231845,500.96,500.96,500.96,500.82,4.0
202606231846,500.76,500.94,500.94,500.76,11.0
202606231847,500.93,500.81,501.06,500.69,8.0
202606231848,500.69,501.0,501.0,500.62,12.0
202606231849,500.99,500.82,500.99,500.82,7.0
202606231850,500.89,500.93,500.93,500.88,2.0
202606231851,500.75,500.89,500.9,500.74,7.0
202606231852,500.9,500.91,500.91,500.64,12.0
202606231853,500.96,500.98,500.98,500.96,4.0
202606231854,500.97,500.73,500.97,500.73,5.0
202606231855,500.74,501.14,501.15,500.74,25.0
202606231856,501.16,501.11,501.22,501.09,13.0
202606231857,500.99,501.0,501.07,500.95,11.0
202606231858,501.14,501.04,501.14,501.0,4.0
202606231859,501.14,501.04,501.14,500.93,9.0
202606231900,501.04,500.88,501.13,500.82,17.0
202606231901,500.78,500.91,500.92,500.78,6.0
202606231902,500.85,500.8,500.85,500.62,16.0
202606231903,500.71,500.75,500.75,500.5,70.0
202606231904,500.72,500.72,500.72,500.51,21.0
202606231905,500.72,500.85,500.99,500.71,23.0
202606231906,500.85,500.98,500.99,500.67,35.0
202606231907,500.77,501.23,501.23,500.77,29.0
202606231908,501.21,501.37,501.37,501.08,22.0
202606231909,501.14,501.29,501.29,501.07,8.0
202606231910,501.29,501.3,501.53,501.25,10.0
202606231911,501.06,500.89,501.13,500.88,13.0
202606231912,500.86,501.02,501.02,500.86,3.0
202606231913,500.99,501.07,501.16,500.96,19.0
202606231914,501.17,500.93,501.17,500.93,8.0
202606231915,500.86,500.86,500.86,500.86,1.0
202606231916,500.85,500.94,501.01,500.83,16.0
202606231917,500.99,501.24,501.24,500.94,29.0
202606231918,501.24,501.24,501.24,501.24,5.0
202606231919,501.24,501.01,501.24,500.92,10.0
202606231920,500.91,501.36,501.36,500.91,8.0
202606231921,501.32,501.22,501.37,501.11,14.0
202606231922,501.22,501.23,501.34,501.08,20.0
202606231923,501.09,501.14,501.19,501.02,23.0
202606231924,501.2,500.98,501.2,500.8,24.0
202606231925,501.15,501.0,501.15,501.0,2.0
202606231926,500.98,500.88,501.07,500.88,9.0
202606231927,500.88,500.57,500.88,500.57,38.0
202606231928,500.74,500.88,501.0,500.73,16.0
202606231929,500.84,500.83,500.86,500.77,21.0
202606231930,500.89,500.68,501.0,500.68,24.0
202606231931,500.87,501.2,501.2,500.86,20.0
202606231932,501.05,501.12,501.16,500.96,18.0
202606231933,501.16,500.91,501.16,500.79,15.0
202606231934,500.87,500.83,500.98,500.81,13.0
202606231935,500.68,500.96,501.14,500.68,28.0
202606231936,501.2,500.93,501.2,500.92,18.0
202606231937,501.09,501.24,501.41,501.03,44.0
202606231938,501.26,500.89,501.26,500.87,53.0
202606231939,500.98,501.2,501.24,500.95,25.0
202606231940,501.16,501.28,501.38,501.1,65.0
202606231941,501.28,501.24,501.39,501.18,49.0
202606231942,501.25,501.29,501.4,501.2,38.0
202606231943,501.2,501.33,501.36,501.19,25.0
202606231944,501.41,501.71,501.78,501.41,25.0
202606231945,501.73,502.31,502.39,501.73,142.0
202606231946,502.26,501.86,502.26,501.86,41.0
202606231947,501.91,501.72,501.91,501.57,24.0
202606231948,501.7,501.65,501.7,501.53,20.0
202606231949,501.65,502.23,502.23,501.32,41.0
202606231950,502.32,502.7,502.75,502.13,40.0
202606231951,502.61,501.91,502.61,501.73,103.0
202606231952,502.0,502.71,502.84,501.99,39.0
202606231953,502.62,502.48,502.95,502.32,32.0
202606231954,502.45,502.62,502.92,502.3,31.0
202606231955,502.98,503.56,503.62,502.8,91.0
202606231956,503.57,503.65,503.73,503.44,39.0
202606231957,503.75,504.16,504.3,503.75,76.0
202606231958,504.09,503.38,504.17,503.31,337.0
202606231959,503.41,503.54,503.95,503.16,456.0
202606232000,503.55,503.67,503.67,503.55,4195.0
202606232001,503.67,503.67,503.67,503.67,15.0
202606232002,503.67,503.67,503.67,503.67,0.0
202606232003,503.67,503.67,503.67,503.67,0.0
202606232004,503.67,503.67,503.67,503.67,0.0
202606232005,503.67,503.67,503.67,503.67,0.0
202606232006,503.67,503.67,503.67,503.67,0.0
202606232007,503.67,503.67,503.67,503.67,0.0
202606232008,500.0,500.0,500.0,500.0,1.0
202606232009,500.0,500.0,500.0,500.0,0.0
202606232010,503.67,503.67,503.67,503.67,24.0
202606232011,503.67,503.67,503.67,503.67,0.0
202606232012,503.67,503.67,503.67,503.67,0.0
202606232013,503.67,503.67,503.67,503.67,0.0
202606232014,503.67,503.67,503.67,503.67,0.0
202606232015,503.67,503.67,503.67,503.67,0.0
202606232016,503.67,503.67,503.67,503.67,0.0
202606232017,503.67,503.67,503.67,503.67,0.0
202606232018,503.67,503.67,503.67,503.67,0.0
202606232019,503.67,503.67,503.67,503.67,0.0
202606232020,503.67,503.67,503.67,503.67,0.0
202606232021,503.67,503.67,503.67,503.67,0.0
202606232022,503.67,503.67,503.67,503.67,0.0
202606232023,503.67,503.67,503.67,503.67,0.0
202606232024,500.65,500.65,500.66,500.65,1.0
202606232025,500.65,500.65,500.65,500.65,0.0
202606232026,500.65,500.65,500.65,500.65,0.0
202606232027,500.65,500.65,500.65,500.65,0.0
202606232028,500.65,500.65,500.65,500.65,0.0
202606232029,500.65,500.65,500.65,500.65,0.0
202606232030,502.87,502.87,502.87,502.87,2.0
202606232031,502.87,502.87,502.87,502.87,0.0
202606232032,502.87,502.87,502.87,502.87,0.0
202606232033,502.87,502.87,502.87,502.87,0.0
202606232034,502.87,502.87,502.87,502.87,0.0
202606232035,502.87,502.87,502.87,502.87,0.0
202606232036,502.87,502.87,502.87,502.87,0.0
202606232037,502.87,502.87,502.87,502.87,0.0
202606232038,502.87,502.87,502.87,502.87,0.0
202606232039,502.88,502.88,502.88,502.88,25.0
202606232040,502.88,502.88,502.88,502.88,0.0
202606232041,502.88,502.88,502.88,502.88,0.0
202606232042,502.88,502.88,502.88,502.88,0.0
202606232043,502.88,502.88,502.88,502.88,0.0
202606232044,502.88,502.88,502.88,502.88,0.0
202606232045,502.88,502.88,502.88,502.88,0.0
202606232046,502.88,502.88,502.88,502.88,0.0
202606232047,502.88,502.88,502.88,502.88,0.0
202606232048,502.88,502.88,502.88,502.88,0.0
202606232049,502.88,502.88,502.88,502.88,0.0
202606232050,502.88,502.88,502.88,502.88,0.0
202606232051,502.88,502.88,502.88,502.88,0.0
202606232052,502.88,502.88,502.88,502.88,0.0
202606232053,502.88,502.88,502.88,502.88,0.0
202606232054,502.88,502.88,502.88,502.88,0.0
202606232055,502.88,502.88,502.88,502.88,0.0
202606232056,502.88,502.88,502.88,502.88,0.0
202606232057,502.88,502.88,502.88,502.88,0.0
202606232058,502.88,502.88,502.88,502.88,0.0
202606232059,502.88,502.88,502.88,502.88,0.0
202606232100,502.88,502.88,502.88,502.88,0.0
202606232101,502.88,502.88,502.88,502.88,0.0
202606232102,502.88,502.88,502.88,502.88,0.0
202606232103,502.88,502.88,502.88,502.88,0.0
202606232104,503.58,503.74,503.74,503.58,4.0
202606232105,503.74,503.74,503.74,503.74,0.0
202606232106,503.74,503.74,503.74,503.74,0.0
202606232107,503.74,503.74,503.74,503.74,0.0
202606232108,503.74,503.74,503.74,503.74,0.0
202606232109,503.74,503.74,503.74,503.74,0.0
202606232110,503.74,503.74,503.74,503.74,0.0
202606232111,503.74,503.74,503.74,503.74,0.0
202606232112,503.74,503.74,503.74,503.74,0.0
202606232113,503.69,503.69,503.69,503.69,2.0
202606232114,503.69,503.69,503.69,503.69,0.0
202606232115,503.69,503.69,503.69,503.69,0.0
202606232116,503.69,503.69,503.69,503.69,0.0
202606232117,503.69,503.69,503.69,503.69,0.0
202606232118,503.69,503.69,503.69,503.69,0.0
202606232119,503.69,503.69,503.69,503.69,0.0
202606232120,503.69,503.69,503.69,503.69,0.0
202606232121,503.69,503.69,503.69,503.69,0.0
202606232122,503.69,503.69,503.69,503.69,0.0
202606232123,503.69,503.69,503.69,503.69,0.0
202606232124,503.69,503.69,503.69,503.69,0.0
202606232125,503.69,503.69,503.69,503.69,0.0
202606232126,503.69,503.69,503.69,503.69,0.0
202606232127,503.69,503.69,503.69,503.69,0.0
202606232128,503.69,503.69,503.69,503.69,0.0
202606232129,503.69,503.69,503.69,503.69,0.0
202606232130,503.69,503.69,503.69,503.69,0.0
202606232131,503.69,503.69,503.69,503.69,0.0
202606232132,503.69,503.69,503.69,503.69,0.0
202606232133,503.69,503.69,503.69,503.69,0.0
202606232134,503.69,503.69,503.69,503.69,0.0
202606232135,503.69,503.69,503.69,503.69,0.0
202606232136,503.69,503.69,503.69,503.69,0.0
202606232137,503.14,503.14,503.14,503.13,1.0
202606232138,503.14,503.14,503.14,503.14,0.0
202606232139,503.14,503.14,503.14,503.14,0.0
202606232140,503.14,503.14,503.14,503.14,0.0
202606232141,503.14,503.14,503.14,503.14,0.0
202606232142,503.14,503.14,503.14,503.14,0.0
202606232143,503.14,503.14,503.14,503.14,0.0
202606232144,503.14,503.14,503.14,503.14,0.0
202606232145,503.14,503.14,503.14,503.14,0.0
202606232146,503.14,503.14,503.14,503.14,0.0
202606232147,503.14,503.14,503.14,503.14,0.0
202606232148,503.14,503.14,503.14,503.14,0.0
202606232149,503.14,503.14,503.14,503.14,0.0
202606232150,503.14,503.14,503.14,503.14,0.0
202606232151,503.14,503.14,503.14,503.14,0.0
202606232152,503.14,503.14,503.14,503.14,0.0
202606232153,503.14,503.14,503.14,503.14,0.0
202606232154,503.14,503.14,503.14,503.14,0.0
202606232155,503.14,503.14,503.14,503.14,0.0
202606232156,503.14,503.14,503.14,503.14,0.0
202606232157,503.14,503.14,503.14,503.14,0.0
202606232158,503.14,503.14,503.14,503.14,0.0
202606232159,503.14,503.14,503.14,503.14,0.0
202606232200,503.14,503.14,503.14,503.14,0.0
202606232201,503.14,503.14,503.14,503.14,0.0
202606232202,503.14,503.14,503.14,503.14,0.0
202606232203,503.14,503.14,503.14,503.14,0.0
202606232204,503.14,503.14,503.14,503.14,0.0
202606232205,503.14,503.14,503.14,503.14,0.0
202606232206,503.14,503.14,503.14,503.14,0.0
202606232207,503.14,503.14,503.14,503.14,0.0
202606232208,503.14,503.14,503.14,503.14,0.0
202606232209,503.14,503.14,503.14,503.14,0.0
202606232210,503.14,503.14,503.14,503.14,0.0
202606232211,503.14,503.14,503.14,503.14,0.0
202606232212,503.14,503.14,503.14,503.14,0.0
202606232213,503.14,503.14,503.14,503.14,0.0
202606232214,503.14,503.14,503.14,503.14,0.0
202606232215,503.14,503.14,503.14,503.14,0.0
202606232216,503.14,503.14,503.14,503.14,0.0
202606232217,503.14,503.14,503.14,503.14,0.0
202606232218,503.14,503.14,503.14,503.14,0.0
202606232219,503.14,503.14,503.14,503.14,0.0
202606232220,503.14,503.14,503.14,503.14,0.0
202606232221,503.14,503.14,503.14,503.14,0.0
202606232222,503.14,503.14,503.14,503.14,0.0
202606232223,503.04,502.95,503.15,502.95,11.0
202606232224,502.95,502.95,502.95,502.95,0.0
202606232225,502.95,502.95,502.95,502.95,0.0
202606232226,502.95,502.95,502.95,502.95,0.0
202606232227,502.95,502.95,502.95,502.95,0.0
202606232228,502.95,502.95,502.95,502.95,0.0
202606232229,502.95,502.95,502.95,502.95,0.0
202606232230,502.95,502.95,502.95,502.95,0.0
202606232231,502.0,502.0,502.0,502.0,1.0
202606232232,502.0,502.0,502.0,502.0,0.0
202606232233,502.0,502.0,502.0,502.0,0.0
202606232234,502.0,502.0,502.0,502.0,0.0
202606232235,502.0,502.0,502.0,502.0,0.0
202606232236,502.0,502.0,502.0,502.0,0.0
202606232237,502.0,502.0,502.0,502.0,0.0
202606232238,502.0,502.0,502.0,502.0,0.0
202606232239,502.0,502.0,502.0,502.0,0.0
202606232240,502.0,502.0,502.0,502.0,0.0
202606232241,502.0,502.0,502.0,502.0,0.0
202606232242,502.0,502.0,502.0,502.0,0.0
202606232243,502.0,502.0,502.0,502.0,0.0
202606232244,502.0,502.0,502.0,502.0,0.0
202606232245,502.0,502.0,502.0,502.0,0.0
202606232246,502.0,502.0,502.0,502.0,0.0
202606232247,502.0,502.0,502.0,502.0,0.0
202606232248,502.0,502.0,502.0,502.0,0.0
202606232249,502.0,502.0,502.0,502.0,0.0
202606232250,502.0,502.0,502.0,502.0,0.0
202606232251,502.0,502.0,502.0,502.0,0.0
202606232252,502.0,502.0,502.0,502.0,0.0
202606232253,502.0,502.0,502.0,502.0,0.0
202606232254,502.0,502.0,502.0,502.0,0.0
202606232255,502.0,502.0,502.0,502.0,0.0
202606232256,501.0,501.0,501.0,501.0,2.0
202606232257,502.02,501.0,502.02,501.0,3.0
202606232258,501.0,501.0,501.0,501.0,0.0
202606232259,501.0,501.0,501.0,501.0,0.0
202606232300,501.0,501.0,501.0,501.0,0.0
202606232301,501.0,501.0,501.0,501.0,2.0
202606232302,501.0,501.0,501.0,501.0,0.0
202606232303,501.0,501.0,501.0,501.0,0.0
202606232304,501.0,501.0,501.0,501.0,0.0
202606232305,501.0,501.0,501.0,501.0,0.0
202606232306,501.0,501.0,501.0,501.0,0.0
202606232307,501.0,501.0,501.0,501.0,0.0
202606232308,501.0,501.0,501.0,501.0,0.0
202606232309,501.0,501.0,501.0,501.0,4.0
202606232310,501.0,501.0,501.0,501.0,4.0
202606232311,501.0,501.0,501.0,501.0,1.0
202606232312,501.0,501.0,501.0,501.0,0.0
202606232313,501.0,501.0,501.0,501.0,0.0
202606232314,501.0,501.0,501.0,501.0,0.0
202606232315,501.0,501.0,501.0,501.0,0.0
202606232316,501.0,501.0,501.0,501.0,0.0
202606232317,501.0,501.0,501.0,501.0,0.0
202606232318,501.0,501.0,501.0,501.0,0.0
202606232319,501.0,501.0,501.0,501.0,0.0
202606232320,501.0,501.0,501.0,501.0,0.0
202606232321,501.0,501.0,501.0,501.0,0.0
202606232322,501.0,501.0,501.0,501.0,0.0
202606232323,501.0,501.0,501.0,501.0,0.0
202606232324,501.0,501.0,501.0,501.0,0.0
202606232325,501.0,501.0,501.0,501.0,0.0
202606232326,501.0,501.0,501.0,501.0,0.0
202606232327,501.0,501.0,501.0,501.0,0.0
202606232328,501.0,501.0,501.0,501.0,0.0
202606232329,501.0,501.0,501.0,501.0,0.0
202606232330,501.0,501.0,501.0,501.0,0.0
202606232331,501.0,501.0,501.0,501.0,0.0
202606232332,501.0,501.0,501.0,501.0,0.0
202606232333,501.0,501.0,501.0,501.0,0.0
202606232334,501.0,501.0,501.0,501.0,0.0
202606232335,501.0,501.0,501.0,501.0,0.0
202606232336,501.0,501.0,501.0,501.0,0.0
202606232337,501.0,501.0,501.0,501.0,0.0
202606232338,501.0,501.0,501.0,501.0,0.0
202606232339,501.0,501.0,501.0,501.0,0.0
202606232340,501.0,501.0,501.0,501.0,0.0
202606232341,501.0,501.0,501.0,501.0,0.0
202606232342,501.0,501.0,501.0,501.0,0.0
202606232343,501.0,501.0,501.0,501.0,0.0
202606232344,501.0,501.0,501.0,501.0,0.0
202606232345,501.0,501.0,501.0,501.0,0.0
202606232346,501.0,501.0,501.0,501.0,0.0
202606232347,501.0,501.0,501.0,501.0,0.0
202606232348,501.0,501.0,501.0,501.0,0.0
202606232349,501.0,501.0,501.0,501.0,0.0
202606232350,501.0,501.0,501.0,501.0,0.0
202606232351,501.0,501.0,501.0,501.0,0.0
202606232352,501.0,501.0,501.0,501.0,0.0
202606232353,501.0,501.0,501.0,501.0,0.0
202606232354,501.0,501.0,501.0,501.0,0.0
202606232355,501.0,501.0,501.0,501.0,0.0
202606232356,501.0,501.0,501.0,501.0,0.0
202606232357,501.0,501.0,501.0,501.0,0.0
202606232358,501.0,501.0,501.0,501.0,0.0
202606232359,501.0,501.0,501.0,501.0,0.0
202606240800,502.0,502.01,503.67,500.1432,0.0
202606240801,502.44,504.0,504.0,502.44,0.0
202606240802,503.97,503.97,503.97,503.97,0.0
202606240804,503.07,502.01,503.27,502.01,0.0
202606240805,502.41,502.41,502.41,502.41,0.0
202606240806,502.42,502.42,502.42,502.42,0.0
202606240809,502.44,502.44,502.44,502.44,0.0
202606240810,503.29,503.27,503.29,503.27,0.0
202606240811,502.41,502.42,502.5,502.41,0.0
202606240819,502.42,502.42,502.42,502.42,0.0
202606240822,503.7,502.43,503.7,502.43,0.0
202606240825,502.44,502.44,502.44,502.44,0.0
202606240827,503.9,503.93,503.93,503.9,0.0
202606240830,504.08,504.08,504.08,504.08,0.0
202606240832,503.7,503.71,503.71,502.82,0.0
202606240835,503.71,503.71,503.71,503.71,0.0
202606240840,503.99,503.99,503.99,503.99,0.0
202606240841,503.96,503.96,503.96,503.96,0.0
202606240842,505.0,505.0,505.0,505.0,0.0
202606240849,502.45,502.45,502.45,502.45,0.0
202606240850,503.77,502.47,503.77,502.45,0.0
202606240851,502.46,502.46,502.46,502.46,0.0
202606240852,502.45,502.45,502.45,502.45,0.0
202606240853,502.45,502.45,502.45,502.45,0.0
202606240854,503.58,502.43,503.6,502.43,0.0
202606240855,502.42,502.42,502.42,502.42,0.0
202606240902,503.5,503.5,503.5,503.5,0.0
202606240903,502.42,502.42,502.42,502.42,0.0
202606240904,502.42,502.42,502.42,502.42,0.0
202606240905,502.41,502.41,502.41,502.41,0.0
202606240907,496.75,496.75,496.75,496.75,0.0
202606240910,502.41,502.01,502.41,502.01,0.0
202606240914,503.0,503.0,503.0,503.0,0.0
202606240915,502.41,502.4,502.41,502.4,0.0
202606240919,502.4,502.4,502.4,502.4,0.0
202606240920,496.9562,496.9562,496.9562,496.9562,0.0
202606240921,503.16,503.35,503.35,503.16,0.0
202606240926,503.35,504.7937,504.7937,503.35,0.0
202606240932,503.02,503.02,503.02,503.02,0.0
202606240934,503.02,503.02,503.02,503.02,0.0
202606240942,503.02,503.02,503.02,503.02,0.0
202606240950,503.02,503.02,503.02,503.02,0.0
202606240954,503.19,503.65,503.65,503.19,0.0
202606240956,503.05,503.05,503.05,503.05,0.0
202606241002,503.05,502.59,503.05,502.59,0.0
202606241003,502.59,502.59,502.59,502.59,0.0
202606241004,502.59,502.59,502.59,502.59,0.0
202606241019,502.59,502.59,502.59,502.59,0.0
202606241030,502.04,502.04,502.04,502.04,0.0
202606241036,502.04,502.04,502.04,502.04,0.0
202606241051,502.1,502.1,502.1,502.1,0.0
202606241054,501.3607,501.3607,501.3607,501.3607,0.0
202606241058,502.1,502.1,502.1,502.1,0.0
202606241100,502.22,502.22,502.22,502.22,0.0
202606241104,502.1433,502.1433,502.1433,502.1433,0.0
202606241107,502.45,502.44,502.45,502.43,0.0
202606241108,502.59,502.44,502.59,502.44,0.0
202606241109,502.21,502.21,502.21,502.21,0.0
202606241111,502.61,504.0,504.0,502.61,0.0
202606241114,502.25,502.25,503.31,502.0,0.0
202606241120,503.61,503.61,503.61,503.61,0.0
202606241121,503.65,503.65,503.65,503.65,0.0
202606241123,503.17,502.936,503.48,502.936,0.0
202606241125,502.85,502.8,502.85,500.8385,0.0
202606241127,502.77,502.77,502.77,502.77,0.0
202606241129,502.5,502.5,502.5,502.5,0.0
202606241131,502.5,502.5,502.5,502.5,0.0
202606241132,502.5,502.5,502.5,502.5,0.0
202606241141,503.77,503.77,503.77,503.77,0.0
202606241143,502.43,502.43,502.43,502.43,0.0
202606241144,502.68,502.68,502.68,502.68,0.0
202606241145,500.6043,500.6043,500.6043,500.6043,0.0
202606241147,500.74,500.73,500.97,500.62,0.0
202606241150,500.73,500.73,500.73,500.73,0.0
202606241153,501.1,502.41,502.41,501.1,0.0
202606241156,502.0,502.0,502.0,502.0,0.0
202606241158,501.0,501.0,501.0,501.0,0.0
202606241159,503.9,503.9,503.9,503.9,0.0
202606241200,502.98,502.77,502.98,502.77,0.0
202606241201,502.77,500.8,502.77,500.8,0.0
202606241202,501.12,503.78,503.78,501.12,0.0
202606241203,502.79,502.78,502.79,502.78,0.0
202606241204,502.76,502.76,502.76,502.76,0.0
202606241206,501.12,501.09,501.12,501.09,0.0
202606241207,501.12,501.12,501.12,501.12,0.0
202606241208,500.0,500.0,500.0,500.0,0.0
202606241209,503.77,503.77,503.77,503.77,0.0
202606241210,502.75,502.78,502.78,502.75,0.0
202606241212,502.75,501.0,502.75,500.93,0.0
202606241213,500.739,500.739,500.739,500.739,0.0
202606241214,502.48,502.48,502.5,502.48,0.0
202606241215,501.0,501.0,501.0,501.0,0.0
202606241218,501.0,501.0,501.0,501.0,0.0
202606241220,502.0,502.0,502.0,502.0,0.0
202606241222,503.0,503.0,503.0,503.0,0.0
202606241225,502.98,502.98,502.98,502.98,0.0
202606241227,502.5,502.5,502.5,502.5,0.0
202606241229,502.5,502.5,502.5,502.5,0.0
202606241230,502.5,502.5,502.5,502.5,0.0
202606241232,502.49,502.49,502.49,502.49,0.0
202606241233,502.49,502.49,502.49,502.49,0.0
202606241236,502.48,500.0,502.48,500.0,0.0
202606241239,502.48,502.48,502.48,502.48,0.0
202606241240,502.48,500.0,502.48,500.0,0.0
202606241243,502.47,502.47,502.47,502.47,0.0
202606241246,500.0,500.0,500.0,500.0,0.0
202606241248,502.11,502.11,502.11,502.11,0.0
202606241249,502.46,502.46,502.46,502.46,0.0
202606241250,502.46,502.46,502.46,502.46,0.0
202606241251,502.46,502.46,502.46,502.46,0.0
202606241252,501.05,501.09,501.09,501.02,0.0
202606241257,502.46,501.0,502.46,501.0,0.0
202606241259,501.1,501.1,501.1,501.1,0.0
202606241303,502.03,502.05,502.05,502.03,0.0
202606241304,501.0,501.0,501.0,501.0,0.0
202606241305,511.0,502.0,511.0,502.0,0.0
202606241306,502.0,502.01,502.01,502.0,0.0
202606241310,501.0,501.0,501.0,501.0,0.0
202606241311,502.03,502.03,502.03,502.03,0.0
202606241312,502.0,502.0,502.0,502.0,0.0
202606241313,502.46,501.0,502.5,501.0,0.0
202606241314,503.0,503.0,503.0,503.0,0.0
202606241331,502.93499755859375,502.93499755859375,502.93499755859375,502.93499755859375,1536.0
202606241332,503.1499938964844,503.1499938964844,503.32000732421875,503.1499938964844,778.0
202606241334,503.3299865722656,501.0,503.3299865722656,500.5,19438.0
202606241335,500.010009765625,501.2699890136719,501.2699890136719,499.010009765625,8268.0
202606241336,502.0419921875,501.1549987792969,502.0419921875,500.5299987792969,1242.0
202606241337,502.29998779296875,502.29998779296875,502.3999938964844,502.0,1440.0
202606241338,502.2550048828125,502.510009765625,502.510009765625,502.1600036621094,603.0
202606241339,502.07000732421875,502.0,502.5150146484375,502.0,2140.0
202606241340,502.4800109863281,502.3599853515625,503.3399963378906,501.6600036621094,4000.0
202606241341,502.19000244140625,502.17498779296875,502.239990234375,502.17498779296875,660.0
202606241342,501.6546936035156,501.989990234375,502.4200134277344,501.6546936035156,1043.0
202606241343,501.79998779296875,501.9798889160156,501.9798889160156,501.5,1354.0
202606241344,501.5343017578125,501.3399963378906,501.6724853515625,501.0,2109.0
202606241345,501.0,501.0,501.3349914550781,499.9949951171875,5216.0
202606241346,501.3500061035156,499.86248779296875,501.3500061035156,499.86248779296875,2309.0
202606241347,500.0,499.5050048828125,500.2900085449219,499.5050048828125,818.0
202606241348,499.8699951171875,499.8599853515625,500.0,499.7300109863281,1488.0
202606241349,499.8500061035156,499.8599853515625,500.13720703125,499.5899963378906,893.0
202606241350,500.1700134277344,499.9200134277344,500.1700134277344,499.010009765625,3373.0
202606241351,500.2699890136719,500.2349853515625,500.7998962402344,499.92999267578125,1391.0
202606241352,500.2349853515625,500.79998779296875,500.79998779296875,499.760009765625,978.0
202606241353,500.9049987792969,501.4100036621094,501.4100036621094,500.9049987792969,699.0
202606241354,500.9100036621094,499.9100036621094,500.9350891113281,499.9100036621094,1880.0
202606241355,500.44500732421875,499.82000732421875,500.44500732421875,499.82000732421875,909.0
202606241356,499.70001220703125,500.0,500.010009765625,499.57000732421875,1728.0
202606241357,499.6499938964844,498.7900085449219,500.17999267578125,498.7900085449219,5189.0
202606241358,498.989990234375,500.9100036621094,500.9100036621094,498.989990234375,5365.0
202606241359,500.4100036621094,500.760009765625,501.2049865722656,500.239990234375,4548.0
202606241400,500.43499755859375,500.4825134277344,500.7099914550781,500.4024963378906,3193.0
202606241401,500.44500732421875,499.6600036621094,501.31500244140625,499.3800048828125,4843.0
202606241402,499.6700134277344,499.6650085449219,499.73748779296875,499.6600036621094,1098.0
202606241403,500.0400085449219,499.4849853515625,500.1300048828125,499.32000732421875,1826.0
202606241404,499.5690002441406,499.0400085449219,499.7699890136719,499.0400085449219,4225.0
202606241405,498.8999938964844,498.30999755859375,499.2300109863281,498.17999267578125,1843.0
202606241406,498.0,498.1600036621094,498.489990234375,498.0,1800.0
202606241407,498.4649963378906,498.4700012207031,498.7799987792969,498.1600036621094,1367.0
202606241408,498.7650146484375,498.3353576660156,498.7650146484375,498.0400085449219,2792.0
202606241409,498.0400085449219,499.2550048828125,499.2550048828125,498.0400085449219,5680.0
202606241410,499.2749938964844,499.7550048828125,499.7550048828125,499.2749938964844,1862.0
202606241411,499.6199951171875,498.760009765625,499.6600036621094,498.760009765625,2913.0
202606241412,498.9750061035156,497.2699890136719,499.0824890136719,497.2699890136719,7092.0
202606241413,497.80999755859375,497.739990234375,497.80999755859375,497.5249938964844,2098.0
202606241414,497.90728759765625,496.8299865722656,497.95001220703125,496.57000732421875,2485.0
202606241415,496.7349853515625,496.2699890136719,496.7349853515625,496.2699890136719,806.0
202606241416,496.2699890136719,496.6099853515625,496.6400146484375,496.010009765625,1885.0
202606241417,496.4649963378906,495.9588928222656,496.5,495.3299865722656,5643.0
202606241418,495.4700012207031,495.2850036621094,495.56500244140625,494.79998779296875,11680.0
202606241419,495.4700012207031,495.6199951171875,495.8399963378906,495.17999267578125,2021.0
202606241420,495.9700012207031,496.69000244140625,496.8999938964844,495.7850036621094,2267.0
202606241421,496.69000244140625,496.5,497.58441162109375,496.489990234375,3457.0
202606241422,496.5150146484375,496.7049865722656,496.7839050292969,496.5150146484375,1133.0
202606241423,496.7049865722656,496.7049865722656,496.7049865722656,496.7049865722656,1047.0
202606241424,496.3999938964844,496.1000061035156,496.9200134277344,496.1000061035156,2492.0
202606241425,496.07000732421875,496.0450134277344,496.493408203125,496.0,2822.0
202606241426,495.8900146484375,495.9100036621094,496.04998779296875,495.79998779296875,3099.0
202606241427,495.8999938964844,495.6099853515625,495.8999938964844,495.3699951171875,4567.0
202606241428,495.3599853515625,495.4649963378906,495.4649963378906,495.19000244140625,3860.0
202606241429,495.2099914550781,495.3800048828125,495.4100036621094,494.8900146484375,3442.0
202606241430,495.4100036621094,495.4150085449219,495.4150085449219,495.3999938964844,845.0
202606241431,495.4150085449219,495.22100830078125,495.7099914550781,494.6600036621094,2003.0
202606241432,494.2850036621094,494.7049865722656,495.0899963378906,494.1199951171875,1448.0
202606241433,494.8450012207031,494.9649963378906,495.10198974609375,494.8399963378906,1180.0
202606241434,495.2799987792969,494.94500732421875,495.4100036621094,494.75,2567.0
202606241435,494.75,493.7699890136719,494.8399963378906,493.7699890136719,2905.0
202606241436,494.0,493.6000061035156,494.0,493.6000061035156,608.0
202606241437,493.52099609375,492.5647888183594,493.52099609375,492.25,15671.0
202606241438,492.4649963378906,491.9200134277344,492.4649963378906,491.5,2948.0
202606241439,491.5199890136719,491.95001220703125,492.0,491.5199890136719,4728.0
202606241440,491.9599914550781,492.04998779296875,492.19989013671875,491.885009765625,2047.0
202606241441,492.20001220703125,492.4049987792969,492.8949890136719,492.18499755859375,4367.0
202606241442,492.4200134277344,493.0899963378906,493.6820068359375,492.4200134277344,3028.0
202606241443,493.2300109863281,492.2550048828125,493.3500061035156,492.2550048828125,4790.0
202606241444,492.6400146484375,493.0,493.0,492.6400146484375,6177.0
202606241445,493.0,493.54901123046875,493.54901123046875,492.9800109863281,5096.0
202606241446,493.4150085449219,493.42498779296875,493.6300048828125,493.4150085449219,569.0
202606241447,493.4218444824219,493.29998779296875,493.42999267578125,492.989990234375,1323.0
202606241448,493.2250061035156,493.510009765625,493.7200012207031,493.2250061035156,4385.0
202606241449,493.5199890136719,493.3399963378906,493.71990966796875,493.3399963378906,1627.0
202606241450,493.4800109863281,493.5199890136719,493.5199890136719,493.0,1694.0
202606241451,493.3299865722656,493.7200012207031,493.7200012207031,493.3299865722656,1733.0
202606241452,493.72723388671875,493.7550048828125,493.7699890136719,493.635009765625,907.0
202606241453,493.7799987792969,493.6650085449219,493.9200134277344,493.2900085449219,2302.0
202606241454,493.760009765625,494.0000915527344,494.3999938964844,493.7300109863281,2486.0
202606241455,494.3399963378906,494.45001220703125,494.489990234375,494.29998779296875,2151.0
202606241456,494.67999267578125,494.8550109863281,494.95599365234375,494.67999267578125,1397.0
202606241457,495.07000732421875,494.760009765625,495.25,494.760009765625,2258.0
202606241458,494.9949951171875,494.9949951171875,494.9949951171875,494.9949951171875,333.0
202606241459,494.95001220703125,495.0,495.0,494.95001220703125,542.0
202606241500,494.9599914550781,494.6950988769531,494.9599914550781,494.4049987792969,5594.0
202606241501,494.7850036621094,495.69000244140625,495.69000244140625,494.7850036621094,1231.0
202606241502,495.5,495.3999938964844,495.5,495.2099914550781,819.0
202606241503,495.2900085449219,495.1000061035156,495.2900085449219,495.0150146484375,1070.0
202606241504,494.8500061035156,495.2799987792969,495.29998779296875,494.8500061035156,2409.0
202606241506,495.3299865722656,495.07000732421875,495.3299865722656,495.07000732421875,4641.0
202606241507,495.6700134277344,495.5799865722656,495.80499267578125,495.5,3892.0
202606241508,495.4599914550781,495.6300048828125,496.17999267578125,494.9649963378906,6591.0
202606241509,495.4501037597656,495.30999755859375,496.33990478515625,495.29998779296875,1867.0
202606241510,495.5249938964844,495.5899963378906,495.70001220703125,495.5249938964844,1185.0
202606241511,495.5050048828125,495.4849853515625,495.5050048828125,495.4849853515625,176.0
202606241512,495.5,495.3599853515625,495.739990234375,495.3599853515625,802.0
202606241513,495.5101013183594,495.4800109863281,495.5101013183594,495.0101013183594,1138.0
202606241514,495.2300109863281,495.5799865722656,495.6300048828125,495.2300109863281,1357.0
202606241515,495.79998779296875,495.25,495.79998779296875,495.0199890136719,3148.0
202606241516,495.25,495.3399963378906,495.7300109863281,495.2449951171875,1871.0
202606241517,495.4849853515625,494.9725036621094,495.55999755859375,494.739990234375,5407.0
202606241518,494.9949951171875,494.4599914550781,495.0,494.4599914550781,2398.0
202606241519,494.57000732421875,494.260009765625,494.5824890136719,493.739990234375,2291.0
202606241520,494.2650146484375,493.9200134277344,494.2650146484375,493.7099914550781,1364.0
202606241521,494.0799865722656,493.82000732421875,494.1700134277344,493.82000732421875,668.0
202606241522,493.8475036621094,493.45001220703125,493.8475036621094,493.45001220703125,1082.0
202606241523,493.44000244140625,493.5610046386719,494.0387878417969,493.1200866699219,5205.0
202606241524,493.67999267578125,494.1300048828125,494.1300048828125,493.3299865722656,5038.0
202606241525,493.8299865722656,494.3399963378906,494.44000244140625,493.8299865722656,3145.0
202606241526,494.29998779296875,494.57501220703125,494.7900085449219,494.29998779296875,1146.0
202606241527,494.8500061035156,494.4649963378906,494.8500061035156,494.29998779296875,868.0
202606241528,494.3500061035156,494.25,494.5299987792969,494.25,556.0
202606241529,494.44000244140625,494.625,494.625,494.25,1241.0
202606241530,494.8299865722656,494.5199890136719,494.8299865722656,494.5199890136719,979.0
202606241531,494.32000732421875,494.6300048828125,494.6300048828125,494.32000732421875,968.0
202606241532,494.635009765625,494.9599914550781,495.0050048828125,494.3349914550781,2953.0
202606241533,494.9649963378906,494.6300048828125,495.17498779296875,494.6300048828125,1172.0
202606241534,494.6099853515625,494.4849853515625,494.760009765625,494.4750061035156,2038.0
202606241535,494.5,494.45001220703125,494.5,494.45001220703125,952.0
202606241536,494.30499267578125,494.32000732421875,494.5577087402344,494.2900085449219,1514.0
202606241537,494.32501220703125,494.4359436035156,494.6000061035156,494.32501220703125,2730.0
202606241538,494.2799987792969,494.0050048828125,494.3399963378906,494.0050048828125,1854.0
202606241539,494.0000915527344,494.0799865722656,494.3999938964844,494.0000915527344,844.0
202606241540,494.1000061035156,494.0199890136719,494.29998779296875,494.0150146484375,1062.0
202606241541,494.29998779296875,494.04998779296875,494.3599853515625,493.6300048828125,6525.0
202606241542,494.0400085449219,494.2349853515625,494.3999938964844,494.0400085449219,862.0
202606241543,494.489990234375,494.635009765625,494.79998779296875,494.3500061035156,15200.0
202606241544,494.635009765625,494.5249938964844,494.635009765625,494.4849853515625,745.0
202606241545,494.5299987792969,494.18499755859375,494.5299987792969,493.6099853515625,2746.0
202606241546,494.1700134277344,493.739990234375,494.2349853515625,493.739990234375,887.0
202606241547,493.8599853515625,493.8999938964844,493.8999938964844,493.8599853515625,843.0
202606241548,493.739990234375,494.05499267578125,494.1099853515625,493.739990234375,1217.0
202606241549,494.05499267578125,493.760009765625,494.05499267578125,493.760009765625,449.0
202606241550,494.05999755859375,493.8500061035156,494.05999755859375,493.70001220703125,1385.0
202606241551,493.8500061035156,493.8500061035156,493.8500061035156,493.8500061035156,83.0
202606241552,493.8500061035156,493.489990234375,493.9200134277344,493.44000244140625,3943.0
202606241553,493.6499938964844,493.5849914550781,493.70001220703125,493.5849914550781,1380.0
202606241554,493.5799865722656,493.5799865722656,493.5799865722656,493.5799865722656,316.0
202606241555,493.42999267578125,493.3550109863281,493.44000244140625,493.010009765625,2555.0
202606241556,493.3599853515625,493.885009765625,493.9722900390625,493.3550109863281,3196.0
202606241557,493.5400085449219,493.7099914550781,493.7099914550781,493.5400085449219,696.0
202606241558,493.6000061035156,493.6000061035156,493.6000061035156,493.6000061035156,264.0
202606241559,493.6000061035156,493.5474853515625,493.6000061035156,493.2950134277344,974.0
202606241600,493.635009765625,493.54998779296875,493.635009765625,493.4800109863281,1349.0
202606241601,493.54998779296875,493.239990234375,493.54998779296875,493.239990234375,2082.0
202606241602,493.3299865722656,493.3299865722656,493.46051025390625,493.125,1065.0
202606241603,493.2950134277344,493.2449951171875,493.2950134277344,493.16229248046875,397.0
202606241604,493.0799865722656,492.94000244140625,493.0799865722656,492.79998779296875,1685.0
202606241605,492.94000244140625,492.8999938964844,493.0799865722656,492.7149963378906,3272.0
202606241606,493.07000732421875,492.9800109863281,493.29998779296875,492.9700012207031,2530.0
202606241607,492.9700012207031,493.0474853515625,493.0474853515625,492.9700012207031,619.0
202606241608,493.05499267578125,493.18499755859375,493.32989501953125,493.05499267578125,2315.0
202606241609,493.04998779296875,492.69000244140625,493.04998779296875,492.69000244140625,1385.0
202606241610,492.79998779296875,493.1400146484375,493.1400146484375,492.4601135253906,1708.0
202606241611,492.92999267578125,492.9150085449219,493.32989501953125,492.9150085449219,1036.0
202606241612,492.9175109863281,493.1499938964844,493.3299865722656,492.9175109863281,1128.0
202606241613,493.3299865722656,493.2200012207031,493.3599853515625,493.2200012207031,1622.0
202606241614,493.0899963378906,493.07000732421875,493.2149963378906,493.07000732421875,579.0
202606241615,493.125,493.2948913574219,493.2948913574219,493.1199951171875,683.0
202606241616,493.1700134277344,492.989990234375,493.1700134277344,492.989990234375,1194.0
202606241617,493.0849914550781,492.510009765625,493.0849914550781,492.510009765625,1959.0
202606241618,492.5,492.5050048828125,492.5050048828125,492.5,397.0
202606241619,492.5050048828125,492.4782409667969,492.510009765625,492.4100036621094,3181.0
202606241620,492.6300048828125,493.04998779296875,493.04998779296875,492.6300048828125,3993.0
202606241621,492.92999267578125,492.9700012207031,493.1400146484375,492.92999267578125,578.0
202606241622,492.82000732421875,493.0150146484375,493.0150146484375,492.82000732421875,865.0
202606241623,492.92999267578125,493.1000061035156,493.1000061035156,492.92999267578125,971.0
202606241624,493.1000061035156,492.8399963378906,493.1000061035156,492.8399963378906,1053.0
202606241625,492.8699951171875,492.9219970703125,492.95001220703125,492.7699890136719,617.0
202606241626,492.9599914550781,492.9700012207031,493.0721130371094,492.9599914550781,2185.0
202606241627,493.04998779296875,492.82000732421875,493.04998779296875,492.7900085449219,1202.0
202606241628,492.9750061035156,492.70001220703125,492.9750061035156,492.70001220703125,2276.0
202606241629,492.6700134277344,492.7900085449219,492.968994140625,492.6700134277344,729.0
202606241630,492.79998779296875,492.7300109863281,492.79998779296875,492.6099853515625,1566.0
202606241631,492.7650146484375,492.9800109863281,492.9800109863281,492.6400146484375,3913.0
202606241632,492.9800109863281,493.0799865722656,493.1300048828125,492.9800109863281,483.0
202606241633,493.07000732421875,493.42999267578125,493.42999267578125,493.07000732421875,3051.0
202606241634,493.2449951171875,493.32501220703125,493.43499755859375,493.17999267578125,652.0
202606241635,493.3900146484375,493.2200012207031,493.4150085449219,493.2200012207031,777.0
202606241636,493.3999938964844,493.3599853515625,493.7466125488281,493.3599853515625,832.0
202606241637,493.510009765625,493.5,493.6000061035156,493.4200134277344,1006.0
202606241638,493.2799987792969,493.3399963378906,493.3399963378906,493.2799987792969,323.0
202606241639,493.4849853515625,493.1300048828125,493.489990234375,493.1300048828125,889.0
202606241640,493.4150085449219,494.3699951171875,494.3699951171875,493.32000732421875,6740.0
202606241641,494.30999755859375,494.2300109863281,494.5398864746094,494.0799865722656,1977.0
202606241642,494.29998779296875,494.45001220703125,494.5400085449219,494.29998779296875,1933.0
202606241643,494.3800048828125,494.2996826171875,494.6698913574219,494.10009765625,2232.0
202606241644,494.41510009765625,494.0249938964844,494.41510009765625,494.0199890136719,1619.0
202606241645,494.17999267578125,494.17999267578125,494.17999267578125,494.17999267578125,327.0
202606241646,494.0,493.7799987792969,494.1400146484375,493.3901062011719,8077.0
202606241647,493.7749938964844,493.8399963378906,494.15380859375,493.7749938964844,1490.0
202606241648,494.1600036621094,494.2699890136719,494.2699890136719,493.8900146484375,4083.0
202606241649,494.25,493.9649963378906,494.25,493.81500244140625,783.0
202606241650,493.93499755859375,494.14990234375,494.14990234375,493.93499755859375,387.0
202606241651,493.8800048828125,494.04998779296875,494.07000732421875,493.7950134277344,1269.0
202606241652,494.0400085449219,494.0400085449219,494.0400085449219,494.0,1013.0
202606241653,494.25,494.25,494.25,494.25,272.0
202606241654,494.239990234375,494.25,494.25,494.239990234375,795.0
202606241655,494.2449951171875,494.4100036621094,494.4100036621094,494.04998779296875,714.0
202606241656,494.0400085449219,494.1549987792969,494.1549987792969,493.989990234375,902.0
202606241657,494.1549987792969,493.989990234375,494.1549987792969,493.989990234375,313.0
202606241658,494.0,493.9949951171875,494.1600036621094,493.8800048828125,2672.0
202606241659,493.9750061035156,493.9599914550781,494.1659851074219,493.57000732421875,1647.0
202606241700,493.885009765625,493.8900146484375,493.9599914550781,493.7850036621094,1710.0
202606241701,493.8599853515625,494.1700134277344,494.1700134277344,493.8599853515625,2166.0
202606241702,494.20001220703125,494.20001220703125,494.20001220703125,494.20001220703125,141.0
202606241703,493.9750061035156,493.9750061035156,493.9750061035156,493.9750061035156,284.0
202606241704,493.9750061035156,494.14990234375,494.14990234375,493.9750061035156,810.0
202606241705,493.9750061035156,494.5899963378906,494.5899963378906,493.9750061035156,2743.0
202606241706,494.3500061035156,494.8599853515625,494.99920654296875,494.3500061035156,1896.0
202606241707,495.0,494.82501220703125,495.0,494.82501220703125,639.0
202606241708,494.8299865722656,494.8299865722656,495.0,494.8299865722656,478.0
202606241709,494.8299865722656,494.989990234375,494.989990234375,494.8299865722656,467.0
202606241710,494.864990234375,495.135009765625,495.25,494.864990234375,1990.0
202606241711,495.04998779296875,495.3999938964844,495.3999938964844,495.0150146484375,2681.0
202606241712,495.44000244140625,495.3999938964844,495.4599914550781,495.32000732421875,1147.0
202606241713,495.30999755859375,495.19000244140625,495.30999755859375,495.19000244140625,866.0
202606241714,495.2925109863281,495.3800048828125,495.3800048828125,495.1300048828125,1046.0
202606241715,495.4599914550781,495.1600036621094,495.4599914550781,495.1300048828125,997.0
202606241716,494.80999755859375,495.0199890136719,495.29998779296875,494.75,2790.0
202606241717,495.3999938964844,495.3999938964844,495.3999938964844,495.3999938964844,296.0
202606241718,495.20001220703125,495.0299987792969,495.4599914550781,495.0299987792969,3637.0
202606241719,495.0,495.0,495.0,495.0,597.0
202606241720,494.8999938964844,494.9599914550781,494.9599914550781,494.70001220703125,720.0
202606241721,494.7550048828125,494.4223937988281,494.7550048828125,494.4223937988281,1351.0
202606241722,494.6700134277344,494.45001220703125,494.70001220703125,494.45001220703125,471.0
202606241723,494.72808837890625,494.70001220703125,494.8999938964844,494.70001220703125,708.0
202606241724,494.7049865722656,494.5050048828125,494.7049865722656,494.42999267578125,1211.0
202606241725,494.44000244140625,494.4049987792969,494.5199890136719,494.2799987792969,1374.0
202606241726,494.29998779296875,494.20001220703125,494.4198913574219,494.1099853515625,1989.0
202606241727,494.2925109863281,494.1099853515625,494.2925109863281,494.1099853515625,364.0
202606241728,494.1099853515625,493.95001220703125,494.1499938964844,493.8999938964844,2007.0
202606241729,493.82000732421875,493.8500061035156,493.8500061035156,493.6199951171875,1761.0
202606241730,493.8500061035156,494.1199951171875,494.239990234375,493.8500061035156,2385.0
202606241731,493.94000244140625,493.8901062011719,494.0899963378906,493.8901062011719,669.0
202606241732,493.8900146484375,493.9200134277344,493.9200134277344,493.8900146484375,430.0
202606241733,493.75,494.135009765625,494.2300109863281,493.6400146484375,5230.0
202606241734,494.260009765625,494.1099853515625,494.4700012207031,494.0400085449219,3672.0
202606241735,494.3599853515625,494.3599853515625,494.3599853515625,494.3599853515625,438.0
202606241736,494.2099914550781,494.3599853515625,494.3599853515625,494.2099914550781,773.0
202606241737,494.45989990234375,494.2200012207031,494.45989990234375,494.2200012207031,1537.0
202606241739,494.3699951171875,494.69000244140625,494.69000244140625,494.3550109863281,1874.0
202606241740,494.6400146484375,494.6099853515625,494.6400146484375,494.510009765625,886.0
202606241741,494.625,494.7099914550781,494.8500061035156,494.625,1786.0
202606241742,494.7149963378906,494.5450134277344,494.7149963378906,494.45001220703125,1678.0
202606241743,494.5450134277344,494.5450134277344,494.5450134277344,494.5450134277344,360.0
202606241744,494.5450134277344,494.4049987792969,494.70001220703125,494.3399963378906,1103.0
202606241745,494.4100036621094,494.67999267578125,494.7900085449219,494.2699890136719,3435.0
202606241746,494.510009765625,494.5492858886719,494.5492858886719,494.45001220703125,801.0
202606241747,494.3699951171875,494.1400146484375,494.5,494.1400146484375,2069.0
202606241748,494.2099914550781,494.20001220703125,494.2099914550781,494.1199951171875,1893.0
202606241749,494.20001220703125,494.2799987792969,494.2900085449219,494.20001220703125,1504.0
202606241750,494.2200012207031,494.1300048828125,494.2799987792969,494.1300048828125,769.0
202606241751,494.1199951171875,494.25,494.30999755859375,494.0299987792969,4323.0
202606241752,494.239990234375,494.1300048828125,494.29998779296875,493.92999267578125,5963.0
202606241753,494.222900390625,493.95989990234375,494.29998779296875,493.75,5290.0
202606241754,493.82000732421875,494.0299987792969,494.0350036621094,493.82000732421875,1277.0
202606241755,493.95001220703125,493.8949890136719,493.9800109863281,493.66009521484375,3108.0
202606241756,493.9049987792969,494.1300048828125,494.1300048828125,493.8800048828125,1114.0
202606241757,494.239990234375,494.43499755859375,494.5,494.20001220703125,4512.0
202606241758,494.2900085449219,494.3599853515625,494.3999938964844,494.260009765625,836.0
202606241759,494.3599853515625,494.239990234375,494.3699951171875,494.239990234375,1172.0
202606241800,494.40960693359375,494.7650146484375,494.7650146484375,494.40960693359375,1751.0
202606241801,494.7650146484375,494.864990234375,494.9100036621094,494.6199951171875,1181.0
202606241802,495.0846862792969,495.1098937988281,495.1098937988281,494.864990234375,2775.0
202606241803,495.05999755859375,495.3999938964844,495.3999938964844,494.9700012207031,2115.0
202606241804,495.3999938964844,495.2799987792969,495.7900085449219,495.2200012207031,4808.0
202606241805,495.4425048828125,495.4425048828125,495.4425048828125,495.4425048828125,166.0
202606241806,495.62921142578125,495.8500061035156,495.8500061035156,495.4649963378906,1873.0
202606241807,495.82000732421875,495.7799987792969,495.8500061035156,495.5299987792969,2451.0
202606241808,495.739990234375,495.6050109863281,495.8299865722656,495.6050109863281,1332.0
202606241809,495.6050109863281,495.6000061035156,495.6050109863281,495.6000061035156,547.0
202606241810,495.3894958496094,495.79998779296875,495.79998779296875,495.3894958496094,1626.0
202606241811,495.6700134277344,495.68499755859375,495.79998779296875,495.6650085449219,1238.0
202606241812,495.6700134277344,495.5849914550781,495.70001220703125,495.5299987792969,1377.0
202606241813,495.760009765625,495.82000732421875,495.82000732421875,495.6050109863281,890.0
202606241814,495.6600036621094,496.0400085449219,496.17999267578125,495.5799865722656,4107.0
202606241815,496.20001220703125,496.3500061035156,496.5400085449219,496.0400085449219,3407.0
202606241816,496.4200134277344,496.7250061035156,496.7250061035156,496.4200134277344,1347.0
202606241817,496.54998779296875,496.9200134277344,496.96990966796875,496.489990234375,1717.0
202606241818,496.6499938964844,496.7200012207031,496.7799987792969,496.3901062011719,912.0
202606241819,496.7950134277344,496.7149963378906,496.7950134277344,496.6199951171875,1250.0
202606241820,496.5400085449219,496.54998779296875,496.6449890136719,496.510009765625,948.0
202606241821,496.625,496.9200134277344,496.9200134277344,496.625,2690.0
202606241822,496.9100036621094,496.7699890136719,496.968994140625,496.7699890136719,2047.0
202606241823,496.8800048828125,497.1499938964844,497.1499938964844,496.6499938964844,5234.0
202606241824,497.19000244140625,497.2200012207031,497.2200012207031,497.010009765625,1564.0
202606241825,497.3349914550781,497.4100036621094,497.4599914550781,497.2200012207031,3287.0
202606241826,497.3299865722656,497.19000244140625,497.3299865722656,497.1499938964844,889.0
202606241827,497.0899963378906,497.30499267578125,497.30999755859375,497.0899963378906,2192.0
202606241828,497.30499267578125,497.30499267578125,497.4462890625,497.30499267578125,510.0
202606241829,497.30499267578125,497.2799987792969,497.4700012207031,497.17999267578125,2301.0
202606241830,497.5,497.69000244140625,497.7049865722656,497.5,2784.0
202606241831,497.69000244140625,497.79998779296875,498.010009765625,497.69000244140625,1756.0
202606241832,498.0050048828125,497.80499267578125,498.0050048828125,497.75,2923.0
202606241833,498.0498962402344,497.7300109863281,498.0498962402344,497.57000732421875,1055.0
202606241834,497.57000732421875,497.57000732421875,497.57000732421875,497.57000732421875,404.0
202606241835,497.6099853515625,497.5450134277344,497.7099914550781,497.42999267578125,3818.0
202606241836,497.42999267578125,496.9949951171875,497.45001220703125,496.9700012207031,2854.0
202606241837,497.0,497.1499938964844,497.2900085449219,497.0,1888.0
202606241838,497.1499938964844,497.0299987792969,497.2799072265625,496.9700012207031,2135.0
202606241839,497.0450134277344,497.0450134277344,497.0450134277344,497.0450134277344,326.0
202606241840,497.07000732421875,497.07000732421875,497.07000732421875,497.07000732421875,294.0
202606241841,496.8900146484375,496.9150085449219,496.9700012207031,496.8599853515625,2017.0
202606241842,496.7101135253906,496.8949890136719,496.8949890136719,496.7101135253906,927.0
202606241843,496.9049987792969,496.55999755859375,496.94500732421875,496.54998779296875,3790.0
202606241844,496.6400146484375,496.6524963378906,496.8699951171875,496.47930908203125,1116.0
202606241845,496.6600036621094,496.55999755859375,496.87969970703125,496.55999755859375,732.0
202606241846,496.4200134277344,496.4100036621094,496.4200134277344,496.4100036621094,374.0
202606241847,496.5400085449219,496.54998779296875,496.7250061035156,496.4599914550781,3833.0
202606241848,496.6300048828125,496.364990234375,496.6300048828125,496.32000732421875,1105.0
202606241849,496.364990234375,496.17999267578125,496.45001220703125,496.10009765625,1401.0
202606241850,496.31500244140625,496.114990234375,496.31500244140625,495.9110107421875,1381.0
202606241851,496.125,495.8349914550781,496.125,495.8349914550781,1718.0
202606241852,496.0299987792969,496.0400085449219,496.1300048828125,495.82000732421875,3960.0
202606241853,496.1000061035156,496.0,496.1300048828125,496.0,1712.0
202606241854,496.1000061035156,496.2049865722656,496.32000732421875,496.05999755859375,6964.0
202606241855,496.25,496.6050109863281,496.9198913574219,496.25,3685.0
202606241856,496.6000061035156,496.55999755859375,496.7349853515625,496.3900146484375,1402.0
202606241857,496.6600036621094,496.64801025390625,496.70001220703125,496.4700012207031,2036.0
202606241858,496.55499267578125,496.55499267578125,496.64801025390625,496.4447937011719,1932.0
202606241859,496.6600036621094,496.56500244140625,496.6600036621094,496.5199890136719,535.0
202606241900,496.56500244140625,496.2300109863281,496.56500244140625,496.05010986328125,1961.0
202606241901,496.3900146484375,496.45831298828125,496.45831298828125,496.25,2132.0
202606241902,496.489990234375,496.885009765625,496.885009765625,496.3949890136719,3258.0
202606241903,496.9800109863281,496.9150085449219,497.2698974609375,496.7099914550781,1876.0
202606241904,496.82501220703125,496.6300048828125,496.82501220703125,496.625,913.0
202606241905,496.5,496.4049987792969,496.6299133300781,496.4049987792969,1355.0
202606241906,496.4049987792969,496.17999267578125,496.4049987792969,496.17999267578125,2418.0
202606241907,496.3500061035156,496.20001220703125,496.45001220703125,496.1400146484375,1644.0
202606241908,496.0400085449219,495.8299865722656,496.1499938964844,495.8299865722656,2123.0
202606241909,495.8500061035156,495.8399963378906,495.989990234375,495.82000732421875,5255.0
202606241910,495.8299865722656,496.0799865722656,496.0799865722656,495.7401123046875,2131.0
202606241911,496.1300048828125,496.3699951171875,496.3699951171875,496.1000061035156,1765.0
202606241912,496.17999267578125,496.1600036621094,496.239990234375,496.1300048828125,764.0
202606241913,496.2550964355469,496.4700012207031,496.5,496.1300048828125,4145.0
202606241914,496.42999267578125,496.2699890136719,496.44000244140625,496.2699890136719,805.0
202606241915,496.25,495.8699951171875,496.25,495.8699951171875,1382.0
202606241916,496.05499267578125,496.05499267578125,496.05499267578125,495.8699951171875,1069.0
202606241917,495.94000244140625,496.0799865722656,496.0799865722656,495.8900146484375,2273.0
202606241918,496.0799865722656,495.8699951171875,496.17620849609375,495.8599853515625,1442.0
202606241919,495.9425048828125,495.8500061035156,495.9949951171875,495.8500061035156,800.0
202606241920,495.92999267578125,495.92999267578125,495.94000244140625,495.82000732421875,1660.0
202606241921,495.92999267578125,495.6199951171875,495.9599914550781,495.6199951171875,1587.0
202606241922,495.4200134277344,495.2774963378906,495.4200134277344,495.2749938964844,1872.0
202606241923,495.3450012207031,495.0,495.3500061035156,494.9150085449219,2408.0
202606241924,495.1629943847656,495.0150146484375,495.2298889160156,494.8800048828125,1540.0
202606241925,495.0249938964844,494.6400146484375,495.0249938964844,494.6199951171875,1909.0
202606241926,494.6300048828125,494.94000244140625,495.1199951171875,494.57000732421875,7550.0
202606241927,494.9750061035156,494.8349914550781,495.0315856933594,494.7799987792969,1365.0
202606241928,494.94000244140625,494.9599914550781,495.1099853515625,494.80999755859375,2099.0
202606241929,495.1099853515625,494.9750061035156,495.1099853515625,494.8200988769531,2073.0
202606241930,494.9750061035156,494.760009765625,495.0799865722656,494.6099853515625,3759.0
202606241931,494.7049865722656,494.5899963378906,494.7550048828125,494.5899963378906,1157.0
202606241932,494.4800109863281,494.4800109863281,494.4800109863281,494.4800109863281,487.0
202606241933,494.4800109863281,494.5299987792969,494.6700134277344,494.3299865722656,2832.0
202606241934,494.29998779296875,493.93499755859375,494.29998779296875,493.79998779296875,2244.0
202606241935,493.8800048828125,493.5,493.8800048828125,493.5,2399.0
202606241936,493.5150146484375,493.0299987792969,493.5150146484375,493.0199890136719,3994.0
202606241937,493.0199890136719,493.739990234375,493.739990234375,492.9700012207031,8498.0
202606241938,493.5849914550781,493.5849914550781,493.5849914550781,493.2909851074219,2748.0
202606241939,493.6000061035156,493.5899963378906,493.6549987792969,493.4700012207031,1575.0
202606241940,493.5400085449219,493.2300109863281,493.7685852050781,493.2300109863281,3845.0
202606241941,493.2300109863281,493.0849914550781,493.2300109863281,493.05999755859375,4051.0
202606241942,493.2200012207031,493.2799987792969,493.4599914550781,493.1199951171875,3324.0
202606241943,493.3900146484375,493.489990234375,493.5,493.25,2033.0
202606241944,493.4100036621094,493.42999267578125,493.43499755859375,493.2300109863281,3743.0
202606241945,493.32000732421875,493.0199890136719,493.5400085449219,492.9599914550781,18576.0
202606241946,493.1400146484375,493.17999267578125,493.5400085449219,493.1400146484375,4872.0
202606241947,493.114990234375,492.4649963378906,493.114990234375,492.3800048828125,3230.0
202606241948,492.3299865722656,492.8594970703125,492.8594970703125,492.17999267578125,6592.0
202606241949,492.7300109863281,492.95001220703125,492.95001220703125,492.375,4350.0
202606241950,492.95001220703125,493.2900085449219,493.4049987792969,492.95001220703125,2938.0
202606241951,493.1650085449219,493.30999755859375,493.3500061035156,493.1400146484375,3394.0
202606241952,493.30999755859375,493.260009765625,493.489990234375,493.1300964355469,3722.0
202606241953,493.260009765625,493.0299987792969,493.375,493.010009765625,6273.0
202606241954,493.2099914550781,493.0450134277344,493.25,492.4100036621094,11161.0
202606241955,493.0450134277344,492.57000732421875,493.510009765625,492.57000732421875,9001.0
202606241956,492.68499755859375,492.8550109863281,492.8999938964844,492.5799865722656,9640.0
202606241957,492.8699951171875,492.5400085449219,492.8699951171875,492.42999267578125,7747.0
202606241958,492.3399963378906,491.760009765625,492.4700012207031,491.760009765625,19832.0
202606241959,491.7099914550781,491.55999755859375,491.8699951171875,491.489990234375,29004.0
202606242000,499.0,499.0,499.0,499.0,0.0
202606242001,491.64,491.64,491.64,491.64,1193384.0
202606242002,491.64,491.64,491.73,491.62,0.0
202606242003,491.64,492.57,492.57,490.66,0.0
202606242004,491.01,491.0,491.01,491.0,0.0
202606242005,491.64,491.64,491.64,491.64,0.0
202606242006,492.36,492.0,492.36,492.0,0.0
202606242007,491.07,491.16,492.0,491.07,0.0
202606242008,491.54,491.54,491.54,491.54,0.0
202606242009,491.51,491.51,491.51,491.51,0.0
202606242010,491.64,491.64,491.64,491.64,0.0
202606242011,492.59,492.59,492.59,492.59,0.0
202606242012,493.67,492.94,498.59,491.64,0.0
202606242013,491.51,493.0,493.0,491.51,0.0
202606242014,491.51,491.64,491.64,491.04,0.0
202606242015,491.64,491.64,491.64,491.64,0.0
202606242016,494.795,493.0,494.795,493.0,0.0
202606242017,491.5,491.5,491.5,491.5,0.0
202606242018,492.0,492.0,492.0,492.0,0.0
202606242019,492.26,492.26,492.26,492.26,0.0
202606242020,491.64,491.64,491.64,491.64,0.0
202606242021,492.0,491.71,498.0,491.71,0.0
202606242022,494.85,491.73,494.85,491.73,0.0
202606242023,491.73,493.0,493.0,491.71,0.0
202606242024,493.0,493.0,493.0,493.0,0.0
202606242025,493.0,493.0,493.0,493.0,0.0
202606242026,492.519,492.29,498.0,490.53,0.0
202606242027,492.2,491.9,492.2,491.9,0.0
202606242029,491.91,491.5,491.91,491.5,0.0
202606242030,493.0,493.0,493.0,493.0,0.0
202606242031,493.0,493.0,493.0,493.0,0.0
202606242032,491.5,493.0,493.0,490.92,0.0
202606242033,493.0,493.0,493.0,493.0,0.0
202606242034,492.0,492.83,492.83,492.0,0.0
202606242035,492.83,492.83,492.83,492.83,0.0
202606242036,492.74,490.93,492.74,490.93,0.0
202606242037,491.0,491.15,493.128,490.73,0.0
202606242038,491.2,492.0,492.0,491.2,0.0
202606242039,491.28,491.28,491.28,491.28,0.0
202606242040,491.2,491.2,491.2,491.2,0.0
202606242041,491.15,493.01,493.01,491.15,0.0
202606242042,493.0,493.0,493.0,493.0,0.0
202606242043,491.15,491.15,491.15,491.15,0.0
202606242044,490.53,490.53,490.53,490.53,0.0
202606242045,491.25,490.53,492.0,490.53,0.0
202606242046,490.53,490.88,492.83,490.53,0.0
202606242047,490.73,490.69,491.0,490.69,0.0
202606242048,490.69,490.61,490.69,490.61,0.0
202606242049,491.0,491.0,491.0,490.56,0.0
202606242054,493.61,491.5,493.61,491.5,0.0
202606242055,492.22,492.22,492.22,492.22,0.0
202606242056,491.01,491.01,491.01,491.01,0.0
202606242057,492.45,492.5,492.5,491.75,0.0
202606242059,492.25,492.25,492.25,492.25,0.0
202606242103,491.88,492.0,492.0,491.88,0.0
202606242104,491.94,491.94,491.94,491.01,0.0
202606242105,491.94,492.0,492.0,491.94,0.0
202606242106,495.0,495.0,495.0,495.0,0.0
202606242107,492.0,496.96,497.5,491.02,0.0
202606242108,493.01,495.9117,495.9117,493.01,0.0
202606242109,493.01,491.64,493.01,491.64,0.0
202606242110,494.82,494.51,494.82,493.0,0.0
202606242112,495.0,494.55,495.0,494.55,0.0
202606242114,494.0,494.0656,494.0656,494.0,0.0
202606242115,494.0599,494.0,494.0599,494.0,0.0
202606242116,494.0,494.0,494.0203,493.46,0.0
202606242118,493.99,497.8392,497.8392,493.99,0.0
202606242119,492.65,493.17,493.17,492.35,0.0
202606242120,495.5,496.0,496.0,495.46,0.0
202606242121,495.55,496.5,496.5,495.51,0.0
202606242122,497.8887,496.5,497.8887,496.5,0.0
202606242123,496.22,495.57,496.22,495.57,0.0
202606242124,491.64,496.5,496.5,491.64,0.0
202606242125,496.5,497.5,497.5,496.0,0.0
202606242126,496.11,496.72,496.72,496.11,0.0
202606242127,496.11,496.13,496.13,496.11,0.0
202606242128,496.72,496.4999,496.72,495.5,0.0
202606242129,495.5,496.5,496.5,495.5,0.0
202606242130,495.5,496.4155,496.4155,495.5,0.0
202606242131,495.5,495.93,495.935,495.5,0.0
202606242132,495.94,495.94,495.94,495.935,0.0
202606242133,495.93,495.93,495.93,495.93,0.0
202606242135,496.0,495.93,496.0,495.565,0.0
202606242137,496.5,496.38,496.5,496.38,0.0
202606242139,496.5,496.0,496.5,496.0,0.0
202606242140,496.24,496.0,496.5,496.0,0.0
202606242141,496.0,496.0,496.01,496.0,0.0
202606242142,496.01,496.01,496.01,496.01,0.0
202606242143,496.0,491.64,496.261,491.64,0.0
202606242144,496.0,495.51,496.3,495.5,0.0
202606242145,495.5,495.23,495.9,495.23,0.0
202606242146,495.425,495.5,495.5,495.425,0.0
202606242149,495.2339,495.2339,495.2339,495.2339,0.0
202606242151,495.4899,495.2339,495.49,495.2339,0.0
202606242152,494.5,495.49,495.49,494.5,0.0
202606242153,495.1534,494.01,495.2267,494.01,0.0
202606242154,495.1629,495.0853,495.41,495.0,0.0
202606242156,495.1879,495.0,495.1879,495.0,0.0
202606242159,494.0,495.14,495.14,494.0,0.0
202606242200,494.0,495.1382,495.1382,494.0,0.0
202606242201,494.0,495.13,495.13,494.0,0.0
202606242202,494.0,494.0,495.12,494.0,0.0
202606242203,494.0,493.0,494.0,492.98,0.0
202606242206,492.64,492.2,493.74,492.0,0.0
202606242207,492.18,493.0,493.0,492.18,0.0
202606242215,495.13,493.19,495.13,493.19,0.0
202606242219,491.64,493.19,493.19,491.64,0.0
202606242222,493.5,494.77,494.77,493.5,0.0
202606242224,494.77,495.0,495.0,494.5,0.0
202606242228,493.57,493.65,493.65,493.57,0.0
202606242229,493.2,494.766,494.766,493.2,0.0
