datetime,open,close,high,low,volume
20240625,227.0,217.59,227.06,216.97,26426.0
20240626,217.65,218.78,219.16,215.86,17122.0
20240627,218.01,219.65,220.32,218.0,18278.0
20240628,220.0,221.25,221.56,218.37,61083.0
20240701,220.9,213.51,220.9,213.48,16449.0
20240702,213.12,213.7,214.85,211.8,14496.0
20240703,213.99,213.47,217.0,213.05,9925.0
20240705,213.8,213.89,214.84,212.53,11633.0
20240708,214.83,217.15,218.3,214.79,21101.0
20240709,217.99,216.33,217.99,215.2,17570.0
20240710,217.27,220.74,220.91,216.89,13222.0
20240711,221.0,229.88,229.98,221.0,19028.0
20240712,230.0,233.79,238.06,229.76,20338.0
20240715,235.26,232.17,235.6,230.63,12271.0
20240716,232.82,240.97,241.01,232.1,15893.0
20240717,239.03,243.39,245.63,237.48,27781.0
20240718,242.95,239.37,246.97,237.9,17685.0
20240719,239.0,237.1,241.04,237.1,18323.0
20240722,239.45,240.27,241.4,236.57,13890.0
20240723,241.09,238.31,241.98,237.52,14887.0
20240724,236.0,232.99,239.09,231.45,16036.0
20240725,231.82,235.77,238.68,231.04,13299.0
20240726,238.0,238.87,242.52,235.91,11891.0
20240729,241.79,239.8,241.79,237.33,13830.0
20240730,240.19,240.94,242.38,238.3,9611.0
20240731,243.0,245.95,248.99,241.24,18913.0
20240801,246.5,239.87,248.27,239.02,12265.0
20240802,241.1,240.03,241.1,235.2,14298.0
20240805,236.95,237.02,240.99,230.0,21717.0
20240806,235.67,240.65,244.21,235.67,16090.0
20240807,243.29,231.59,243.34,231.1,20677.0
20240808,230.87,236.33,236.81,230.42,14098.0
20240809,235.78,236.0,237.75,234.3,11242.0
20240812,234.95,231.5,234.95,229.38,16445.0
20240813,228.29,236.18,236.79,224.1,18444.0
20240814,236.14,236.71,239.65,235.78,14160.0
20240815,238.0,240.21,242.94,238.0,23377.0
20240816,239.98,241.8,242.5,239.14,10818.0
20240819,242.99,242.7,243.54,240.15,17896.0
20240820,243.3,240.36,246.86,238.0,25379.0
20240821,241.0,242.9,242.9,239.85,16224.0
20240822,244.37,240.31,244.37,239.68,12231.0
20240823,241.15,249.95,251.23,240.4,16930.0
20240826,251.17,250.4,253.2,249.39,13378.0
20240827,250.04,247.92,250.04,247.62,8690.0
20240828,248.48,248.94,250.43,246.92,8932.0
20240829,250.0,247.2,250.75,246.38,11492.0
20240830,247.84,248.5,249.06,245.4,16224.0
20240903,247.0,245.0,249.44,243.62,17234.0
20240904,243.5,245.45,245.84,242.1,14629.0
20240905,245.71,243.5,246.35,241.59,14200.0
20240906,243.0,242.36,247.46,242.36,13392.0
20240909,245.25,245.0,245.74,242.33,11286.0
20240910,244.59,247.38,248.38,242.61,14436.0
20240911,245.06,247.17,247.84,240.0,11528.0
20240912,246.62,251.55,253.28,246.62,12270.0
20240913,252.9,255.41,257.41,252.61,14383.0
20240916,255.8,256.81,258.13,254.22,10415.0
20240917,256.64,256.27,259.49,255.06,8135.0
20240918,257.92,256.63,261.97,255.55,10578.0
20240919,260.48,261.0,262.51,259.55,15800.0
20240920,260.84,260.0,261.55,257.95,30071.0
20240923,260.8,262.29,262.46,258.28,13411.0
20240924,265.6,266.25,268.09,262.87,22451.0
20240925,265.71,265.03,266.6,262.16,11145.0
20240926,266.84,265.61,266.84,259.29,15149.0
20240927,268.61,266.94,268.71,265.74,8413.0
20240930,268.0,270.84,271.28,267.07,12811.0
20241001,270.8,272.29,274.16,268.22,17428.0
20241002,272.65,271.86,272.9,270.75,15887.0
20241003,271.2,270.4,272.3,268.62,10817.0
20241004,271.49,267.51,271.5,263.16,13243.0
20241007,267.52,268.7,269.91,263.59,14983.0
20241008,269.5,273.5,274.26,269.25,12088.0
20241009,273.68,277.5,279.0,273.28,16366.0
20241010,276.0,273.26,276.32,270.99,11037.0
20241011,273.3,275.06,276.73,273.3,8169.0
20241014,275.77,280.73,281.4,275.5,10662.0
20241015,281.01,284.03,287.01,280.73,13812.0
20241016,280.51,284.05,284.4,280.51,11716.0
20241017,284.5,281.31,285.24,281.01,10531.0
20241018,282.5,281.5,282.65,279.09,12393.0
20241021,281.25,277.85,282.7,275.67,17576.0
20241022,275.0,272.22,276.7,268.17,18271.0
20241023,270.5,270.0,272.61,269.24,12621.0
20241024,271.0,271.36,272.38,269.79,12764.0
20241025,272.81,267.64,272.81,266.26,11499.0
20241028,268.25,268.2,271.19,267.6,13939.0
20241029,266.3,263.89,267.06,260.52,15104.0
20241030,263.0,261.0,265.44,260.21,15213.0
20241031,258.87,261.83,263.54,258.87,20329.0
20241101,262.83,261.94,266.77,261.57,13444.0
20241104,260.3,264.98,267.57,260.3,10955.0
20241105,265.1,270.0,270.0,264.06,9411.0
20241106,270.02,261.61,273.4,257.25,31243.0
20241107,262.25,266.31,267.14,261.5,12228.0
20241108,269.15,271.1,271.9,267.9,13201.0
20241111,272.1,274.51,276.44,272.0,14542.0
20241112,277.45,269.57,279.0,269.44,16943.0
20241113,270.0,272.52,274.3,270.0,11530.0
20241114,272.75,270.35,273.39,269.81,13611.0
20241115,269.91,269.4,271.95,268.46,11391.0
20241118,269.4,272.0,273.62,267.33,16951.0
20241119,275.0,259.67,276.4,258.46,27837.0
20241120,259.1,262.99,263.66,258.37,18552.0
20241121,262.51,265.22,265.69,262.26,11228.0
20241122,266.11,264.75,266.91,262.92,16293.0
20241125,267.54,274.9,275.62,267.16,22630.0
20241126,275.32,274.48,276.0,270.97,13123.0
20241127,275.0,273.19,276.95,272.56,15996.0
20241129,273.56,272.64,274.17,271.93,9898.0
20241202,272.51,272.05,273.8,269.45,14765.0
20241203,271.99,274.5,275.43,269.94,15595.0
20241204,275.49,271.81,275.49,270.26,12239.0
20241205,272.01,270.07,272.83,269.54,12106.0
20241206,271.57,273.0,276.93,271.12,11350.0
20241209,274.5,274.25,280.64,272.71,17049.0
20241210,276.9,270.99,276.9,268.59,14500.0
20241211,269.11,267.51,273.35,267.24,20502.0
20241212,266.61,263.5,268.39,263.05,15706.0
20241213,263.75,262.39,264.75,262.07,12577.0
20241216,263.0,260.1,264.01,259.07,13133.0
20241217,258.51,257.75,259.97,256.32,15204.0
20241218,257.75,251.0,259.64,249.64,20016.0
20241219,252.5,244.52,252.5,244.14,26754.0
20241220,243.5,247.72,249.21,243.14,39643.0
20241223,247.72,248.05,249.64,245.22,11768.0
20241224,247.7,250.22,250.22,247.19,6940.0
20241226,248.21,249.55,250.14,247.82,9044.0
20241227,248.35,248.0,250.08,247.29,10803.0
20241230,249.62,246.73,249.62,244.53,9476.0
20241231,244.83,246.8,248.2,244.83,9027.0
20250102,248.75,245.09,249.87,245.09,15416.0
20250103,248.01,248.48,248.77,245.92,11477.0
20250106,248.59,250.49,252.7,247.29,17706.0
20250107,249.8,246.57,251.66,246.13,11870.0
20250108,246.59,246.89,247.24,242.96,12995.0
20250110,251.0,247.8,251.94,244.5,16462.0
20250113,247.91,248.66,251.16,246.74,16151.0
20250114,250.39,251.19,252.37,249.28,12805.0
20250115,252.52,257.21,259.75,252.32,17598.0
20250116,256.08,257.77,259.53,255.91,12358.0
20250117,258.85,261.44,262.02,258.39,18243.0
20250121,262.45,264.44,266.84,261.99,17004.0
20250122,262.05,258.0,262.55,257.74,14094.0
20250123,257.7,261.29,261.5,257.4,15956.0
20250124,261.0,262.2,262.98,259.38,10793.0
20250127,258.65,267.95,269.19,258.65,14600.0
20250128,266.25,264.31,266.95,263.6,8827.0
20250129,267.2,263.65,267.2,261.41,12999.0
20250130,265.0,263.99,266.56,262.45,9884.0
20250131,263.11,259.8,264.18,259.6,11284.0
20250203,254.65,258.0,258.68,252.38,11547.0
20250204,259.5,257.5,259.5,255.12,9321.0
20250205,258.01,258.47,259.56,254.87,11260.0
20250206,259.57,256.95,260.62,255.71,16974.0
20250207,256.82,252.0,257.35,251.35,14689.0
20250210,253.5,256.44,256.86,252.2,10348.0
20250211,256.0,257.03,257.93,255.6,8759.0
20250212,253.87,250.26,253.87,246.51,16697.0
20250213,251.45,252.66,253.31,250.14,11255.0
20250214,253.04,251.79,256.42,251.25,9384.0
20250218,252.0,250.71,252.05,248.39,10432.0
20250219,250.72,246.64,252.06,245.12,15048.0
20250220,245.49,247.0,247.0,244.11,13118.0
20250221,248.0,238.97,248.0,238.75,20720.0
20250224,238.99,235.55,240.73,235.5,26177.0
20250225,236.0,242.5,244.44,232.99,25105.0
20250226,242.3,247.08,254.45,241.07,28630.0
20250227,250.0,245.51,250.0,244.0,16313.0
20250228,247.5,248.64,249.71,244.3,19762.0
20250303,248.66,246.17,249.68,243.8,16331.0
20250304,245.91,242.0,245.91,239.08,16542.0
20250305,241.1,242.41,243.0,237.8,20372.0
20250306,240.99,243.5,245.31,240.04,17956.0
20250307,243.24,242.66,245.5,238.35,15918.0
20250310,240.69,242.0,246.62,238.5,15456.0
20250311,242.63,232.6,242.63,231.05,18709.0
20250312,235.0,228.33,237.68,226.4,15839.0
20250313,228.02,224.0,228.5,220.16,18385.0
20250314,223.94,223.61,224.98,221.02,16467.0
20250317,225.0,225.85,226.64,223.4,16182.0
20250318,225.45,222.95,225.58,222.57,10825.0
20250319,224.57,226.13,226.13,222.42,12757.0
20250320,225.02,225.76,229.56,224.01,12236.0
20250321,228.0,227.07,228.0,221.0,45151.0
20250324,228.06,232.89,233.13,227.35,15804.0
20250325,231.6,230.69,233.15,228.07,14527.0
20250326,230.68,231.5,233.57,230.66,11681.0
20250327,232.74,232.17,233.88,230.86,15891.0
20250328,232.49,228.34,232.63,227.44,14380.0
20250331,226.0,232.49,234.98,226.0,20910.0
20250401,231.84,234.01,234.51,230.48,13528.0
20250402,234.9,228.05,236.12,228.0,16483.0
20250403,225.99,222.0,226.17,220.0,30386.0
20250404,219.03,222.0,229.83,215.04,29827.0
20250407,217.79,220.05,225.65,211.69,27173.0
20250408,221.95,210.0,223.88,207.58,19954.0
20250409,206.52,228.07,228.08,206.38,25131.0
20250410,222.68,221.21,223.4,213.36,20573.0
20250411,222.11,220.0,222.2,213.83,17553.0
20250414,222.77,224.14,225.6,220.5,17162.0
20250415,223.95,220.0,225.03,218.8,16819.0
20250416,220.51,216.44,221.35,213.3,12108.0
20250417,214.96,219.0,220.69,214.77,15485.0
20250421,218.0,212.75,219.09,210.41,16104.0
20250422,213.75,221.03,221.25,213.75,14462.0
20250423,221.66,217.76,225.66,217.15,15413.0
20250424,216.72,222.05,222.94,215.62,12795.0
20250425,224.55,221.5,224.55,218.76,9316.0
20250428,221.0,221.15,223.54,219.3,13135.0
20250429,221.25,223.5,223.88,219.31,9734.0
20250430,221.0,223.99,224.0,218.19,20338.0
20250501,224.06,221.88,225.54,221.19,11073.0
20250502,223.6,227.48,227.73,223.5,13953.0
20250505,226.01,225.01,227.11,224.09,11720.0
20250506,224.0,223.01,224.68,221.96,14205.0
20250507,223.4,223.5,225.07,221.69,13261.0
20250508,223.61,224.48,226.63,222.44,13753.0
20250509,223.68,222.28,225.18,221.37,11967.0
20250512,227.26,232.78,233.76,224.51,21625.0
20250513,232.5,231.81,235.38,229.58,15539.0
20250514,230.27,228.27,233.0,228.0,15043.0
20250515,228.45,232.45,232.65,226.97,14620.0
20250516,232.6,232.59,234.29,231.25,10489.0
20250519,232.03,235.95,236.0,229.0,18399.0
20250520,233.97,230.6,239.35,230.15,20846.0
20250521,229.02,227.15,239.99,225.18,27919.0
20250522,227.37,223.75,227.77,222.97,20691.0
20250523,223.25,220.75,223.25,220.26,19052.0
20250527,222.98,225.2,225.82,222.0,23484.0
20250528,225.2,227.88,227.88,224.36,14222.0
20250529,226.64,224.51,226.64,221.66,19131.0
20250530,223.91,225.5,226.27,222.41,27531.0
20250602,224.95,225.98,225.98,221.33,29814.0
20250603,226.69,226.5,229.32,225.23,13976.0
20250604,228.67,228.4,230.1,227.85,13524.0
20250605,229.2,227.51,229.81,227.04,12258.0
20250606,226.25,225.8,229.13,224.77,12347.0
20250609,226.0,224.0,226.0,223.12,16145.0
20250610,223.88,224.9,225.93,222.14,13847.0
20250611,225.25,221.59,226.64,220.66,15575.0
20250612,220.7,223.5,224.33,219.75,14811.0
20250613,221.7,217.35,223.25,216.33,15493.0
20250616,218.9,216.02,218.9,214.81,13820.0
20250617,215.02,212.21,215.78,211.12,14348.0
20250618,212.64,211.25,213.69,210.41,16190.0
20250620,210.88,212.75,212.94,210.33,46461.0
20250623,212.25,218.6,218.79,211.79,17417.0
20250624,219.41,218.91,220.41,217.71,12833.0
20250625,220.02,219.94,221.61,218.19,11825.0
20250626,220.7,221.23,222.81,220.05,14902.0
20250627,222.2,223.65,225.22,221.27,18698.0
20250630,224.5,221.87,224.84,219.65,18551.0
20250701,221.0,229.12,232.17,219.14,27064.0
20250702,229.25,227.08,231.0,225.56,12223.0
20250703,227.08,227.9,228.88,224.04,11510.0
20250707,227.74,224.9,228.27,222.65,18919.0
20250708,224.75,223.67,226.83,223.4,17111.0
20250709,224.2,225.95,225.95,222.11,15969.0
20250710,225.5,228.01,230.36,224.49,15368.0
20250711,227.73,225.23,227.73,223.44,12356.0
20250714,223.5,222.5,224.23,219.8,15841.0
20250715,222.98,215.0,223.06,214.8,18453.0
20250716,216.0,216.5,216.65,212.55,25441.0
20250717,215.91,219.03,219.04,215.85,17020.0
20250718,218.61,219.16,219.85,217.56,14564.0
20250721,219.8,221.06,222.74,219.62,18852.0
20250722,221.04,227.0,227.24,220.99,19550.0
20250723,226.0,228.79,228.99,225.77,14729.0
20250724,228.06,226.6,229.48,225.34,13232.0
20250725,226.5,226.75,227.33,225.09,10375.0
20250728,227.5,229.99,231.85,225.5,22769.0
20250729,230.33,230.0,230.84,226.26,11815.0
20250730,229.0,226.41,231.13,225.5,13596.0
20250731,225.91,222.5,228.32,222.5,16391.0
20250801,222.01,226.4,228.15,221.5,21144.0
20250804,227.18,233.81,234.55,226.01,26741.0
20250805,231.2,236.21,238.29,231.2,16954.0
20250806,237.99,239.9,239.9,236.57,15830.0
20250807,239.9,238.56,241.26,236.61,12715.0
20250808,238.81,241.15,242.14,238.3,17815.0
20250811,241.0,239.85,243.17,237.81,17788.0
20250812,242.0,245.0,245.36,240.9,19599.0
20250813,246.96,255.99,258.5,245.96,42635.0
20250814,255.25,253.1,255.25,249.62,23020.0
20250815,253.43,251.86,257.0,249.42,19677.0
20250818,250.91,251.6,253.0,250.01,19840.0
20250819,251.0,255.53,258.38,247.27,27774.0
20250820,254.56,256.69,272.0,253.0,32913.0
20250821,256.04,256.65,258.67,254.32,16404.0
20250822,255.0,263.73,265.5,254.5,23622.0
20250825,262.06,259.55,262.65,258.75,13959.0
20250826,258.6,258.3,258.76,256.14,19922.0
20250827,257.51,258.72,260.64,256.96,9777.0
20250828,259.2,257.54,259.44,255.69,10847.0
20250829,257.77,258.94,258.94,255.96,14674.0
20250902,254.55,258.74,259.01,254.54,10921.0
20250903,257.45,260.68,261.39,257.0,11831.0
20250904,262.0,264.57,264.71,261.47,15011.0
20250905,264.4,270.5,270.68,262.37,27298.0
20250908,271.0,273.0,273.22,268.0,27020.0
20250909,271.0,270.0,272.8,267.59,17625.0
20250910,270.0,266.55,270.0,265.08,11819.0
20250911,267.01,272.5,273.41,265.51,14581.0
20250912,270.06,271.55,272.6,269.53,15553.0
20250915,271.99,272.12,272.65,269.1,15562.0
20250916,272.71,270.52,273.28,269.41,13124.0
20250917,271.68,268.5,274.98,266.86,16422.0
20250918,269.07,267.96,270.57,267.49,12984.0
20250919,267.53,268.64,268.64,265.11,28090.0
20250922,265.22,260.39,265.41,260.36,17793.0
20250923,260.39,259.21,260.78,257.25,20730.0
20250924,259.39,256.95,259.51,256.34,18273.0
20250925,256.25,255.52,257.43,254.17,17973.0
20250926,257.5,257.21,257.69,254.2,11838.0
20250929,257.13,253.32,257.34,250.73,20646.0
20250930,252.27,251.31,253.6,249.63,17814.0
20251001,249.78,246.73,251.26,246.45,15640.0
20251002,247.99,247.5,249.0,246.35,9869.0
20251003,248.06,246.56,248.06,245.53,12347.0
20251006,246.75,242.0,246.75,240.52,18775.0
20251007,241.73,240.0,241.73,237.94,16083.0
20251008,240.99,238.65,241.0,237.24,11975.0
20251009,237.55,235.0,237.96,234.48,14223.0
20251010,235.04,231.63,236.13,230.71,12102.0
20251013,233.32,234.48,235.98,232.64,18022.0
20251014,232.97,240.75,241.74,232.5,18934.0
20251015,242.0,240.77,246.08,240.52,15348.0
20251016,242.01,242.79,243.2,240.44,14552.0
20251017,241.88,244.97,245.22,241.88,16870.0
20251020,244.99,242.27,246.1,242.26,13172.0
20251021,242.02,245.38,247.0,241.0,11901.0
20251022,244.2,243.72,246.14,242.52,15460.0
20251023,243.12,243.65,244.78,239.99,13236.0
20251024,244.0,242.66,246.58,242.25,10931.0
20251027,244.0,243.65,244.47,241.74,10612.0
20251028,242.89,244.07,246.63,242.09,9561.0
20251029,244.05,237.5,244.15,236.87,18954.0
20251030,238.1,239.82,243.32,237.01,12108.0
20251031,238.08,237.43,239.34,236.45,14865.0
20251103,238.04,234.6,238.21,232.98,17108.0
20251104,233.69,237.5,238.01,233.38,20000.0
20251105,237.7,234.35,238.97,231.62,20196.0
20251106,234.99,231.55,235.51,231.12,20251.0
20251107,232.23,233.16,234.18,230.06,23888.0
20251110,233.38,233.48,234.11,229.18,17193.0
20251111,233.05,235.52,236.86,232.9,14917.0
20251112,234.16,234.69,236.71,232.88,19844.0
20251113,234.7,233.0,236.65,230.91,23840.0
20251114,231.0,228.33,232.14,226.97,19462.0
20251117,228.5,224.75,228.77,224.5,33406.0
20251118,224.0,219.6,224.18,216.0,46823.0
20251119,219.0,229.01,234.0,214.99,57453.0
20251120,229.19,228.85,230.8,225.78,31415.0
20251121,229.24,234.22,236.56,228.96,45049.0
20251124,233.37,228.8,235.6,228.73,28227.0
20251125,229.02,238.8,239.79,228.76,24257.0
20251126,238.11,242.0,243.05,236.65,17384.0
20251128,242.81,242.49,243.03,240.8,10369.0
20251201,241.3,246.7,249.44,240.68,31244.0
20251202,249.99,243.5,249.99,242.6,25790.0
20251203,243.18,247.15,247.99,243.17,22461.0
20251204,247.31,246.15,248.16,245.0,27784.0
20251205,246.56,248.47,248.68,245.65,17741.0
20251208,247.96,244.89,248.1,243.33,26946.0
20251209,244.7,242.97,245.98,240.89,16628.0
20251210,242.81,247.99,248.44,242.26,32510.0
20251211,246.15,248.71,251.89,246.15,19471.0
20251212,249.03,247.29,250.73,245.93,12237.0
20251215,247.88,247.0,249.44,243.86,22952.0
20251216,248.58,246.02,250.97,246.0,20060.0
20251217,246.98,247.6,249.61,245.08,14075.0
20251218,247.8,247.71,254.04,247.46,17840.0
20251219,247.71,241.27,247.71,240.29,42968.0
20251222,241.05,242.07,242.75,239.63,12709.0
20251223,242.0,242.0,242.21,239.54,13312.0
20251224,241.86,242.53,243.98,241.34,5715.0
20251226,242.86,243.13,244.71,242.3,8765.0
20251229,244.54,243.42,245.36,242.63,11593.0
20251230,242.64,243.18,243.64,241.04,10022.0
20251231,242.41,241.49,244.0,241.0,11585.0
20260102,242.3,246.9,247.45,239.97,18863.0
20260105,245.52,244.75,247.83,243.95,20929.0
20260106,244.7,246.49,248.3,240.02,18424.0
20260107,246.8,247.0,256.8,246.49,17901.0
20260108,247.05,257.5,261.0,243.91,21255.0
20260109,257.29,267.3,268.05,257.0,30921.0
20260112,266.2,270.36,271.53,263.61,24812.0
20260113,271.66,273.43,275.0,270.32,21509.0
20260114,273.4,275.0,278.1,269.95,24251.0
20260115,274.0,276.89,278.21,273.44,19539.0
20260116,277.5,277.02,278.44,274.07,21946.0
20260120,274.94,268.5,275.63,267.77,28036.0
20260121,267.22,277.19,278.33,265.3,27910.0
20260122,277.3,274.62,281.36,274.22,23115.0
20260123,274.91,274.7,278.21,271.86,15552.0
20260126,278.98,277.91,279.5,275.62,14922.0
20260127,277.5,273.5,277.5,272.32,18967.0
20260128,273.9,268.0,274.78,266.33,22290.0
20260129,268.72,266.0,270.98,265.71,23045.0
20260130,265.08,264.99,267.56,262.67,22929.0
20260202,267.8,268.9,270.33,262.69,20117.0
20260203,268.75,274.85,280.51,267.61,24670.0
20260204,277.08,275.18,280.17,273.29,18703.0
20260205,275.8,275.0,277.08,272.24,20932.0
20260206,276.0,279.51,279.67,274.79,15967.0
20260209,278.0,276.62,279.0,274.45,15212.0
20260210,277.62,286.0,286.0,276.91,20283.0
20260211,284.06,287.17,288.23,280.78,22389.0
20260212,287.99,285.0,293.06,282.68,27815.0
20260213,285.3,288.0,289.87,282.15,16933.0
20260217,287.02,281.48,289.86,278.25,17069.0
20260218,281.86,282.13,283.87,278.0,14834.0
20260219,281.08,279.3,283.55,276.72,13696.0
20260220,278.71,280.36,283.81,276.87,21472.0
20260223,279.91,273.57,281.98,272.34,22433.0
20260224,278.5,280.8,281.17,277.09,24587.0
20260225,280.0,263.45,280.0,262.56,38105.0
20260226,263.47,263.55,266.15,261.94,24300.0
20260227,264.39,264.13,265.5,260.1,22421.0
20260302,262.32,256.8,264.57,256.19,22368.0
20260303,255.06,257.02,258.98,251.3,18933.0
20260304,257.35,258.5,258.91,255.48,15889.0
20260305,256.64,254.72,258.62,252.63,16526.0
20260306,254.01,251.97,254.01,248.11,24897.0
20260309,249.68,249.0,251.45,243.59,20412.0
20260310,250.12,251.04,254.61,247.32,14797.0
20260311,250.65,245.2,251.37,245.19,13629.0
20260312,245.65,239.74,245.87,238.82,22746.0
20260313,240.26,237.8,241.83,236.73,21401.0
20260316,238.82,241.0,243.95,238.82,17314.0
20260317,242.92,239.71,244.54,239.52,15642.0
20260318,239.99,230.6,240.51,230.35,21617.0
20260319,230.8,230.99,231.5,226.16,30279.0
20260320,229.73,226.5,231.35,224.15,28582.0
20260323,223.0,235.2,236.75,223.0,28259.0
20260324,235.26,235.6,235.85,228.45,13480.0
20260325,236.0,236.18,238.79,233.38,15416.0
20260326,232.04,237.26,238.53,232.04,16115.0
20260327,235.93,229.63,236.51,228.57,22344.0
20260330,230.28,232.57,234.22,230.02,18289.0
20260331,235.02,234.01,238.78,232.44,19971.0
20260401,236.44,235.98,238.46,235.06,18317.0
20260402,235.75,232.61,235.75,228.0,21259.0
20260406,231.08,235.2,235.76,228.88,15523.0
20260407,233.17,236.98,236.98,229.32,17589.0
20260408,238.32,243.0,247.0,238.02,19277.0
20260409,242.79,248.17,249.12,238.18,17042.0
20260410,247.56,244.93,249.25,243.64,13535.0
20260413,242.07,247.05,247.28,241.23,19608.0
20260414,248.01,248.45,250.12,244.55,13864.0
20260415,248.5,244.15,248.5,242.87,13051.0
20260416,244.5,242.72,245.8,241.76,19335.0
20260417,244.2,252.36,255.52,243.26,28884.0
20260420,247.99,254.0,254.65,247.99,26438.0
20260421,254.36,252.3,257.1,250.67,17734.0
20260422,251.19,244.59,252.02,243.76,16060.0
20260423,244.57,246.0,247.62,244.0,12290.0
20260424,247.18,244.35,247.56,243.13,14363.0
20260427,243.62,243.5,246.88,242.1,17755.0
20260428,242.45,239.5,245.5,238.99,12858.0
20260429,240.38,233.0,240.52,231.27,22688.0
20260430,232.65,239.0,239.5,232.5,19779.0
20260501,239.25,233.8,239.25,233.07,11335.0
20260504,231.01,224.9,233.19,223.6,24828.0
20260505,223.61,226.3,227.87,221.1,18365.0
20260506,227.97,232.87,234.03,227.97,20781.0
20260507,233.0,232.55,235.6,230.51,13987.0
20260508,232.96,229.0,232.96,228.15,11043.0
20260511,228.2,226.28,229.0,224.5,12189.0
20260512,227.0,224.62,233.0,224.12,19392.0
20260513,224.0,220.98,224.52,218.08,21107.0
20260514,222.04,223.96,224.22,219.84,12276.0
20260515,221.96,218.14,223.58,218.14,17988.0
20260518,218.0,218.21,222.65,217.33,26222.0
20260519,218.26,220.5,221.28,212.17,22073.0
20260520,222.0,220.81,222.01,208.0,36527.0
20260521,220.75,217.38,220.75,214.57,21251.0
20260522,217.7,215.19,219.74,213.57,18810.0
20260526,216.43,212.5,217.31,211.05,25708.0
20260527,213.0,216.93,220.34,213.0,19010.0
20260528,215.42,217.92,218.51,214.5,13215.0
20260529,217.8,214.5,219.07,214.0,22120.0
20260601,214.25,207.75,214.51,207.55,21846.0
20260602,207.75,206.0,208.5,204.51,19378.0
20260603,205.57,207.5,207.85,203.4,28673.0
20260604,208.96,207.77,213.13,206.89,22321.0
20260605,207.0,208.5,211.86,207.0,14249.0
20260608,210.95,208.63,212.4,207.91,14368.0
20260609,208.75,216.5,217.4,207.97,27499.0
20260610,216.35,215.05,218.5,214.78,17575.0
20260611,218.0,220.55,221.65,215.7,18328.0
20260612,221.3,221.0,223.56,219.28,16374.0
20260615,222.54,220.21,226.2,219.99,17875.0
20260616,221.35,224.02,225.46,220.45,14221.0
20260617,224.0,217.7,227.32,216.45,18987.0
20260618,218.34,222.25,224.82,218.34,51008.0
202606220806,222.5,222.5,222.5,222.5,1.0
202606220807,222.5,222.5,222.5,222.5,0.0
202606220808,222.5,222.5,222.5,222.5,0.0
202606220809,222.5,222.5,222.5,222.5,0.0
202606220810,222.5,222.5,222.5,222.5,0.0
202606220811,222.5,222.5,222.5,222.5,0.0
202606220812,222.5,222.5,222.5,222.5,0.0
202606220813,222.5,222.5,222.5,222.5,0.0
202606220814,222.5,222.5,222.5,222.5,0.0
202606220815,222.5,222.5,222.5,222.5,0.0
202606220816,222.5,222.5,222.5,222.5,0.0
202606220817,222.5,222.5,222.5,222.5,0.0
202606220818,222.5,222.5,222.5,222.5,0.0
202606220819,222.5,222.5,222.5,222.5,0.0
202606220820,222.5,222.5,222.5,222.5,0.0
202606220821,222.5,222.5,222.5,222.5,0.0
202606220822,222.5,222.5,222.5,222.5,0.0
202606220823,222.5,222.5,222.5,222.5,0.0
202606220824,222.5,222.5,222.5,222.5,0.0
202606220825,222.5,222.5,222.5,222.5,0.0
202606220826,222.5,222.5,222.5,222.5,0.0
202606220827,222.5,222.5,222.5,222.5,0.0
202606220828,222.5,222.5,222.5,222.5,0.0
202606220829,222.5,222.5,222.5,222.5,0.0
202606220830,222.5,222.5,222.5,222.5,0.0
202606220831,222.5,222.5,222.5,222.5,0.0
202606220832,222.5,222.5,222.5,222.5,0.0
202606220833,222.5,222.5,222.5,222.5,0.0
202606220834,222.5,222.5,222.5,222.5,0.0
202606220835,222.5,222.5,222.5,222.5,0.0
202606220836,222.5,222.5,222.5,222.5,0.0
202606220837,222.5,222.5,222.5,222.5,0.0
202606220838,222.5,222.5,222.5,222.5,0.0
202606220839,222.5,222.5,222.5,222.5,0.0
202606220840,222.5,222.5,222.5,222.5,0.0
202606220841,222.5,222.5,222.5,222.5,0.0
202606220842,222.5,222.5,222.5,222.5,0.0
202606220843,222.5,222.5,222.5,222.5,0.0
202606220844,222.5,222.5,222.5,222.5,0.0
202606220845,222.5,222.5,222.5,222.5,0.0
202606220846,222.5,222.5,222.5,222.5,0.0
202606220847,222.5,222.5,222.5,222.5,0.0
202606220848,222.5,222.5,222.5,222.5,0.0
202606220849,222.5,222.5,222.5,222.5,0.0
202606220850,222.5,222.5,222.5,222.5,0.0
202606220851,222.5,222.5,222.5,222.5,0.0
202606220852,222.5,222.5,222.5,222.5,0.0
202606220853,222.5,222.5,222.5,222.5,0.0
202606220854,222.5,222.5,222.5,222.5,0.0
202606220855,222.5,222.5,222.5,222.5,0.0
202606220856,222.5,222.5,222.5,222.5,0.0
202606220857,222.5,222.5,222.5,222.5,0.0
202606220858,222.5,222.5,222.5,222.5,0.0
202606220859,222.5,222.5,222.5,222.5,0.0
202606220900,222.5,222.5,222.5,222.5,0.0
202606220901,222.5,222.5,222.5,222.5,0.0
202606220902,222.5,222.5,222.5,222.5,0.0
202606220903,222.5,222.5,222.5,222.5,0.0
202606220904,222.5,222.5,222.5,222.5,0.0
202606220905,222.5,222.5,222.5,222.5,0.0
202606220906,222.5,222.5,222.5,222.5,0.0
202606220907,222.5,222.5,222.5,222.5,0.0
202606220908,222.5,222.5,222.5,222.5,0.0
202606220909,222.5,222.5,222.5,222.5,0.0
202606220910,222.5,222.5,222.5,222.5,0.0
202606220911,222.5,222.5,222.5,222.5,0.0
202606220912,222.5,222.5,222.5,222.5,0.0
202606220913,222.5,222.5,222.5,222.5,0.0
202606220914,222.5,222.5,222.5,222.5,0.0
202606220915,222.5,222.5,222.5,222.5,0.0
202606220916,222.5,222.5,222.5,222.5,0.0
202606220917,222.5,222.5,222.5,222.5,0.0
202606220918,222.5,222.5,222.5,222.5,0.0
202606220919,222.5,222.5,222.5,222.5,0.0
202606220920,222.5,222.5,222.5,222.5,0.0
202606220921,222.5,222.5,222.5,222.5,0.0
202606220922,222.5,222.5,222.5,222.5,0.0
202606220923,222.5,222.5,222.5,222.5,0.0
202606220924,222.5,222.5,222.5,222.5,0.0
202606220925,222.5,222.5,222.5,222.5,0.0
202606220926,222.5,222.5,222.5,222.5,0.0
202606220927,222.5,222.5,222.5,222.5,0.0
202606220928,222.5,222.5,222.5,222.5,0.0
202606220929,222.5,222.5,222.5,222.5,0.0
202606220930,222.5,222.5,222.5,222.5,0.0
202606220931,222.5,222.5,222.5,222.5,0.0
202606220932,222.5,222.5,222.5,222.5,0.0
202606220933,222.5,222.5,222.5,222.5,0.0
202606220934,222.5,222.5,222.5,222.5,0.0
202606220935,222.5,222.5,222.5,222.5,0.0
202606220936,222.5,222.5,222.5,222.5,0.0
202606220937,222.5,222.5,222.5,222.5,0.0
202606220938,222.5,222.5,222.5,222.5,0.0
202606220939,222.5,222.5,222.5,222.5,0.0
202606220940,222.5,222.5,222.5,222.5,0.0
202606220941,222.5,222.5,222.5,222.5,0.0
202606220942,222.5,222.5,222.5,222.5,0.0
202606220943,222.5,222.5,222.5,222.5,0.0
202606220944,222.5,222.5,222.5,222.5,0.0
202606220945,222.5,222.5,222.5,222.5,0.0
202606220946,222.5,222.5,222.5,222.5,0.0
202606220947,222.5,222.5,222.5,222.5,0.0
202606220948,222.5,222.5,222.5,222.5,0.0
202606220949,222.5,222.5,222.5,222.5,0.0
202606220950,222.5,222.5,222.5,222.5,0.0
202606220951,222.5,222.5,222.5,222.5,0.0
202606220952,222.5,222.5,222.5,222.5,0.0
202606220953,222.5,222.5,222.5,222.5,0.0
202606220954,222.5,222.5,222.5,222.5,0.0
202606220955,222.5,222.5,222.5,222.5,0.0
202606220956,222.5,222.5,222.5,222.5,0.0
202606220957,222.5,222.5,222.5,222.5,0.0
202606220958,222.5,222.5,222.5,222.5,0.0
202606220959,222.5,222.5,222.5,222.5,0.0
202606221000,222.5,222.5,222.5,222.5,0.0
202606221001,222.5,222.5,222.5,222.5,0.0
202606221002,222.5,222.5,222.5,222.5,0.0
202606221003,222.5,222.5,222.5,222.5,0.0
202606221004,222.5,222.5,222.5,222.5,0.0
202606221005,222.5,222.5,222.5,222.5,0.0
202606221006,222.5,222.5,222.5,222.5,0.0
202606221007,222.5,222.5,222.5,222.5,0.0
202606221008,222.5,222.5,222.5,222.5,0.0
202606221009,222.5,222.5,222.5,222.5,0.0
202606221010,222.5,222.5,222.5,222.5,0.0
202606221011,222.5,222.5,222.5,222.5,0.0
202606221012,222.5,222.5,222.5,222.5,0.0
202606221013,222.5,222.5,222.5,222.5,0.0
202606221014,222.5,222.5,222.5,222.5,0.0
202606221015,222.5,222.5,222.5,222.5,0.0
202606221016,222.5,222.5,222.5,222.5,0.0
202606221017,222.5,222.5,222.5,222.5,0.0
202606221018,222.5,222.5,222.5,222.5,0.0
202606221019,222.5,222.5,222.5,222.5,0.0
202606221020,222.5,222.5,222.5,222.5,0.0
202606221021,222.5,222.5,222.5,222.5,0.0
202606221022,222.5,222.5,222.5,222.5,0.0
202606221023,222.5,222.5,222.5,222.5,0.0
202606221024,222.5,222.5,222.5,222.5,0.0
202606221025,222.5,222.5,222.5,222.5,0.0
202606221026,222.5,222.5,222.5,222.5,0.0
202606221027,222.5,222.5,222.5,222.5,0.0
202606221028,222.5,222.5,222.5,222.5,0.0
202606221029,222.5,222.5,222.5,222.5,0.0
202606221030,222.5,222.5,222.5,222.5,0.0
202606221031,222.5,222.5,222.5,222.5,0.0
202606221032,222.5,222.5,222.5,222.5,0.0
202606221033,222.5,222.5,222.5,222.5,0.0
202606221034,222.5,222.5,222.5,222.5,0.0
202606221035,222.5,222.5,222.5,222.5,0.0
202606221036,222.5,222.5,222.5,222.5,0.0
202606221037,222.5,222.5,222.5,222.5,0.0
202606221038,222.5,222.5,222.5,222.5,0.0
202606221039,222.5,222.5,222.5,222.5,0.0
202606221040,222.5,222.5,222.5,222.5,0.0
202606221041,222.5,222.5,222.5,222.5,0.0
202606221042,222.5,222.5,222.5,222.5,0.0
202606221043,222.5,222.5,222.5,222.5,0.0
202606221044,222.5,222.5,222.5,222.5,0.0
202606221045,222.5,222.5,222.5,222.5,0.0
202606221046,222.5,222.5,222.5,222.5,0.0
202606221047,222.5,222.5,222.5,222.5,0.0
202606221048,222.5,222.5,222.5,222.5,0.0
202606221049,222.5,222.5,222.5,222.5,0.0
202606221050,222.5,222.5,222.5,222.5,0.0
202606221051,222.5,222.5,222.5,222.5,0.0
202606221052,222.5,222.5,222.5,222.5,0.0
202606221053,222.5,222.5,222.5,222.5,0.0
202606221054,222.5,222.5,222.5,222.5,0.0
202606221055,222.5,222.5,222.5,222.5,0.0
202606221056,222.5,222.5,222.5,222.5,0.0
202606221057,222.5,222.5,222.5,222.5,0.0
202606221058,222.5,222.5,222.5,222.5,0.0
202606221059,222.5,222.5,222.5,222.5,0.0
202606221100,222.0,222.0,222.0,222.0,1.0
202606221101,222.0,222.0,222.0,222.0,0.0
202606221102,222.0,222.0,222.0,222.0,0.0
202606221103,222.0,222.0,222.0,222.0,0.0
202606221104,222.0,222.0,222.0,222.0,0.0
202606221105,222.0,222.0,222.0,222.0,0.0
202606221106,222.0,222.0,222.0,222.0,0.0
202606221107,222.0,222.0,222.0,222.0,0.0
202606221108,222.0,222.0,222.0,222.0,0.0
202606221109,222.0,222.0,222.0,222.0,0.0
202606221110,222.2,222.2,222.2,222.2,3.0
202606221111,222.2,222.2,222.2,222.2,0.0
202606221112,222.2,222.2,222.2,222.2,0.0
202606221113,222.2,222.2,222.2,222.2,0.0
202606221114,222.2,222.2,222.2,222.2,0.0
202606221115,222.2,222.2,222.2,222.2,0.0
202606221116,222.2,222.2,222.2,222.2,0.0
202606221117,222.2,222.2,222.2,222.2,0.0
202606221118,222.2,222.2,222.2,222.2,0.0
202606221119,222.2,222.2,222.2,222.2,0.0
202606221120,222.2,222.2,222.2,222.2,0.0
202606221121,222.2,222.2,222.2,222.2,0.0
202606221122,222.2,222.2,222.2,222.2,0.0
202606221123,222.2,222.2,222.2,222.2,0.0
202606221124,222.2,222.2,222.2,222.2,0.0
202606221125,222.2,222.2,222.2,222.2,0.0
202606221126,222.2,222.2,222.2,222.2,0.0
202606221127,222.2,222.2,222.2,222.2,0.0
202606221128,222.2,222.2,222.2,222.2,0.0
202606221129,222.2,222.2,222.2,222.2,0.0
202606221130,222.2,222.2,222.2,222.2,0.0
202606221131,222.2,222.2,222.2,222.2,0.0
202606221132,222.2,222.2,222.2,222.2,0.0
202606221133,222.2,222.2,222.2,222.2,0.0
202606221134,222.2,222.2,222.2,222.2,0.0
202606221135,222.2,222.2,222.2,222.2,0.0
202606221136,222.2,222.2,222.2,222.2,0.0
202606221137,222.2,222.2,222.2,222.2,0.0
202606221138,222.2,222.2,222.2,222.2,0.0
202606221139,222.2,222.2,222.2,222.2,0.0
202606221140,222.2,222.2,222.2,222.2,0.0
202606221141,222.2,222.2,222.2,222.2,0.0
202606221142,222.2,222.2,222.2,222.2,0.0
202606221143,222.2,222.2,222.2,222.2,0.0
202606221144,222.2,222.2,222.2,222.2,0.0
202606221145,222.2,222.2,222.2,222.2,0.0
202606221146,222.2,222.2,222.2,222.2,0.0
202606221147,222.2,222.2,222.2,222.2,0.0
202606221148,222.2,222.2,222.2,222.2,0.0
202606221149,222.2,222.2,222.2,222.2,0.0
202606221150,222.2,222.2,222.2,222.2,0.0
202606221151,222.2,222.2,222.2,222.2,0.0
202606221152,222.2,222.2,222.2,222.2,0.0
202606221153,222.2,222.2,222.2,222.2,0.0
202606221154,222.2,222.2,222.2,222.2,0.0
202606221155,222.2,222.2,222.2,222.2,0.0
202606221156,222.2,222.2,222.2,222.2,0.0
202606221157,222.2,222.2,222.2,222.2,0.0
202606221158,222.2,222.2,222.2,222.2,0.0
202606221159,222.2,222.2,222.2,222.2,0.0
202606221200,222.2,222.2,222.2,222.2,0.0
202606221201,222.2,222.2,222.2,222.2,0.0
202606221202,222.2,222.2,222.2,222.2,0.0
202606221203,222.2,222.2,222.2,222.2,0.0
202606221204,222.2,222.2,222.2,222.2,0.0
202606221205,222.2,222.2,222.2,222.2,0.0
202606221206,222.2,222.2,222.2,222.2,0.0
202606221207,222.2,222.2,222.2,222.2,0.0
202606221208,222.2,222.2,222.2,222.2,0.0
202606221209,222.2,222.2,222.2,222.2,0.0
202606221210,222.2,222.2,222.2,222.2,0.0
202606221211,222.2,222.2,222.2,222.2,0.0
202606221212,222.2,222.2,222.2,222.2,0.0
202606221213,221.86,221.86,221.86,221.85,2.0
202606221214,221.86,221.86,221.86,221.86,0.0
202606221215,221.86,221.86,221.86,221.86,0.0
202606221216,221.86,221.86,221.86,221.86,0.0
202606221217,221.86,221.86,221.86,221.86,0.0
202606221218,221.86,221.86,221.86,221.86,0.0
202606221219,221.86,221.86,221.86,221.86,0.0
202606221220,221.86,221.86,221.86,221.86,0.0
202606221221,221.86,221.86,221.86,221.86,0.0
202606221222,221.86,221.86,221.86,221.86,0.0
202606221223,221.86,221.86,221.86,221.86,0.0
202606221224,221.86,221.86,221.86,221.86,0.0
202606221225,221.86,221.86,221.86,221.86,0.0
202606221226,221.86,221.86,221.86,221.86,0.0
202606221227,221.86,221.86,221.86,221.86,0.0
202606221228,221.86,221.86,221.86,221.86,0.0
202606221229,221.86,221.86,221.86,221.86,0.0
202606221230,221.86,221.86,221.86,221.86,0.0
202606221231,221.86,221.86,221.86,221.86,0.0
202606221232,221.86,221.86,221.86,221.86,0.0
202606221233,221.86,221.86,221.86,221.86,0.0
202606221234,221.86,221.86,221.86,221.86,0.0
202606221235,221.86,221.86,221.86,221.86,0.0
202606221236,221.86,221.86,221.86,221.86,0.0
202606221237,221.86,221.86,221.86,221.86,0.0
202606221238,221.86,221.86,221.86,221.86,0.0
202606221239,221.86,221.86,221.86,221.86,0.0
202606221240,221.86,221.86,221.86,221.86,0.0
202606221241,221.86,221.86,221.86,221.86,0.0
202606221242,221.86,221.86,221.86,221.86,0.0
202606221243,221.86,221.86,221.86,221.86,0.0
202606221244,221.86,221.86,221.86,221.86,0.0
202606221245,221.86,221.86,221.86,221.86,0.0
202606221246,221.86,221.86,221.86,221.86,0.0
202606221247,221.86,221.86,221.86,221.86,0.0
202606221248,221.86,221.86,221.86,221.86,0.0
202606221249,221.86,221.86,221.86,221.86,0.0
202606221250,221.86,221.86,221.86,221.86,0.0
202606221251,221.86,221.86,221.86,221.86,0.0
202606221252,221.86,221.86,221.86,221.86,0.0
202606221253,221.86,221.86,221.86,221.86,0.0
202606221254,221.86,221.86,221.86,221.86,0.0
202606221255,221.86,221.86,221.86,221.86,0.0
202606221256,221.86,221.86,221.86,221.86,0.0
202606221257,221.86,221.86,221.86,221.86,0.0
202606221258,221.86,221.86,221.86,221.86,0.0
202606221259,221.86,221.86,221.86,221.86,0.0
202606221300,221.86,221.86,221.86,221.86,0.0
202606221301,221.86,221.86,221.86,221.86,0.0
202606221302,221.86,221.86,221.86,221.86,0.0
202606221303,221.86,221.86,221.86,221.86,0.0
202606221304,221.86,221.86,221.86,221.86,0.0
202606221305,221.86,221.86,221.86,221.86,0.0
202606221306,221.86,221.86,221.86,221.86,0.0
202606221307,221.86,221.86,221.86,221.86,0.0
202606221308,221.86,221.86,221.86,221.86,0.0
202606221309,221.86,221.86,221.86,221.86,0.0
202606221310,221.86,221.86,221.86,221.86,0.0
202606221311,221.86,221.86,221.86,221.86,0.0
202606221312,221.86,221.86,221.86,221.86,0.0
202606221313,221.86,221.86,221.86,221.86,0.0
202606221314,221.86,221.86,221.86,221.86,0.0
202606221315,221.86,221.86,221.86,221.86,0.0
202606221316,221.86,221.86,221.86,221.86,0.0
202606221317,221.86,221.86,221.86,221.86,0.0
202606221318,221.86,221.86,221.86,221.86,0.0
202606221319,221.86,221.86,221.86,221.86,0.0
202606221320,221.86,221.86,221.86,221.86,0.0
202606221321,221.86,221.86,221.86,221.86,0.0
202606221322,221.86,221.86,221.86,221.86,0.0
202606221323,221.86,221.86,221.86,221.86,0.0
202606221324,221.86,221.86,221.86,221.86,0.0
202606221325,221.86,221.86,221.86,221.86,0.0
202606221326,221.86,221.86,221.86,221.86,0.0
202606221327,221.86,221.86,221.86,221.86,0.0
202606221328,221.86,221.86,221.86,221.86,0.0
202606221329,218.59,218.59,218.59,218.59,2.0
202606221330,217.5,218.18,219.08,216.0,504.0
202606221331,218.17,217.19,218.6,217.19,56.0
202606221332,217.54,217.03,217.55,216.94,141.0
202606221333,217.54,217.36,217.75,217.28,7.0
202606221334,217.75,216.99,217.76,216.84,28.0
202606221335,216.64,216.26,217.02,216.03,44.0
202606221336,216.25,215.51,216.25,215.51,17.0
202606221337,215.56,215.87,215.93,215.41,32.0
202606221338,216.17,215.91,216.33,215.91,17.0
202606221339,216.37,216.29,216.37,216.22,9.0
202606221340,216.39,216.32,216.39,216.11,95.0
202606221341,216.47,216.52,216.75,216.22,62.0
202606221342,216.6,216.71,216.93,216.6,17.0
202606221343,216.93,217.28,217.28,216.93,13.0
202606221344,217.59,217.37,217.59,217.36,2.0
202606221345,217.11,216.86,217.11,216.81,21.0
202606221346,216.94,217.53,217.56,216.67,27.0
202606221347,217.6,217.5,217.74,217.45,26.0
202606221348,217.75,217.96,217.96,217.47,54.0
202606221349,217.84,217.92,217.93,217.84,8.0
202606221350,217.92,217.63,218.16,217.48,20.0
202606221351,217.48,217.65,217.86,217.41,22.0
202606221352,217.65,217.54,217.65,217.4,31.0
202606221353,217.63,217.89,217.9,217.63,55.0
202606221354,217.97,217.62,218.23,217.26,36.0
202606221355,217.52,217.1,217.52,217.1,17.0
202606221356,217.19,217.3,217.36,217.18,13.0
202606221357,217.26,217.28,217.28,217.0,26.0
202606221358,217.4,217.34,217.4,217.34,2.0
202606221359,217.41,217.75,217.75,217.4,44.0
202606221400,217.72,217.83,217.84,217.43,36.0
202606221401,217.67,217.56,217.69,217.49,16.0
202606221402,217.6,217.22,217.61,217.22,13.0
202606221403,217.39,217.35,217.44,217.22,8.0
202606221404,217.22,217.56,217.78,217.22,29.0
202606221405,217.61,217.47,217.61,217.47,24.0
202606221406,217.56,217.61,217.89,217.56,37.0
202606221407,217.61,217.61,217.61,217.61,0.0
202606221408,217.52,217.49,217.54,217.37,14.0
202606221409,217.41,217.23,217.41,217.05,35.0
202606221410,217.36,217.34,217.51,217.3,21.0
202606221411,217.2,217.3,217.35,217.05,17.0
202606221412,217.32,217.6,217.63,217.31,8.0
202606221413,217.55,217.43,217.69,217.3,14.0
202606221414,217.45,217.36,217.46,217.34,3.0
202606221415,217.35,217.36,217.49,217.19,15.0
202606221416,217.37,217.2,217.5,217.0,56.0
202606221417,217.03,217.09,217.09,217.02,17.0
202606221418,217.16,217.24,217.42,217.12,19.0
202606221419,217.25,217.37,217.38,217.24,5.0
202606221420,217.3,217.14,217.3,216.92,34.0
202606221421,217.03,216.99,217.04,216.92,23.0
202606221422,217.03,216.92,217.04,216.88,38.0
202606221423,216.97,216.75,216.97,216.73,13.0
202606221424,216.75,216.63,216.93,216.5,146.0
202606221425,216.58,216.62,216.77,216.5,24.0
202606221426,216.76,216.81,216.84,216.76,17.0
202606221427,216.88,217.04,217.12,216.76,258.0
202606221428,217.15,216.91,217.18,216.91,28.0
202606221429,216.91,216.62,216.91,216.62,32.0
202606221430,216.62,216.74,216.81,216.45,64.0
202606221431,216.58,216.57,216.69,216.57,10.0
202606221432,216.52,216.26,216.52,216.26,41.0
202606221433,216.35,216.23,216.38,216.23,23.0
202606221434,216.32,216.27,216.32,216.13,124.0
202606221435,216.13,216.06,216.21,216.0,32.0
202606221436,215.98,216.14,216.2,215.96,17.0
202606221437,216.04,215.94,216.1,215.94,8.0
202606221438,216.1,216.05,216.1,215.94,11.0
202606221439,216.05,216.11,216.2,215.92,31.0
202606221440,216.2,216.26,216.26,216.2,12.0
202606221441,216.26,216.26,216.26,216.25,7.0
202606221442,216.07,216.23,216.27,216.07,18.0
202606221443,216.25,216.6,216.6,216.24,33.0
202606221444,216.65,216.49,216.69,216.47,45.0
202606221445,216.49,216.35,216.58,216.32,12.0
202606221446,216.29,216.49,216.53,216.25,141.0
202606221447,216.48,216.41,216.49,216.28,21.0
202606221448,216.4,216.17,216.4,216.16,51.0
202606221449,216.22,216.17,216.22,216.07,13.0
202606221450,216.17,216.12,216.45,216.0,177.0
202606221451,216.02,215.98,216.07,215.91,55.0
202606221452,215.99,215.96,215.99,215.86,15.0
202606221453,215.96,215.88,216.06,215.86,16.0
202606221454,216.07,216.05,216.07,215.91,10.0
202606221455,216.05,215.91,216.11,215.9,37.0
202606221456,215.97,215.86,215.97,215.86,5.0
202606221457,215.98,215.8,215.98,215.68,37.0
202606221458,215.8,216.02,216.02,215.75,94.0
202606221459,216.02,216.04,216.04,215.99,11.0
202606221500,216.04,216.15,216.15,216.01,13.0
202606221501,216.21,216.44,216.53,216.21,25.0
202606221502,216.35,216.32,216.47,216.32,20.0
202606221503,216.26,216.13,216.29,216.13,26.0
202606221504,216.07,216.02,216.13,216.02,6.0
202606221505,216.07,215.85,216.07,215.85,10.0
202606221506,216.05,216.04,216.18,216.04,17.0
202606221507,216.06,216.14,216.14,216.05,7.0
202606221508,216.21,216.09,216.21,216.08,4.0
202606221509,216.09,216.09,216.09,216.09,0.0
202606221510,216.15,216.13,216.2,216.11,10.0
202606221511,216.03,216.23,216.24,216.03,12.0
202606221512,216.34,216.52,216.52,216.34,6.0
202606221513,216.66,216.63,216.67,216.6,15.0
202606221514,216.63,216.66,216.72,216.63,5.0
202606221515,216.53,216.64,216.81,216.46,20.0
202606221516,216.81,216.67,216.81,216.62,101.0
202606221517,216.7,216.71,216.71,216.7,4.0
202606221518,216.71,216.97,216.97,216.71,29.0
202606221519,216.83,217.02,217.08,216.83,15.0
202606221520,216.95,216.86,216.95,216.76,16.0
202606221521,216.76,216.92,216.98,216.76,25.0
202606221522,216.92,217.01,217.01,216.92,11.0
202606221523,217.01,217.1,217.16,217.0,21.0
202606221524,217.07,217.06,217.09,217.02,22.0
202606221525,217.12,217.14,217.23,217.06,19.0
202606221526,217.16,217.08,217.16,217.08,3.0
202606221527,217.08,217.2,217.26,216.97,43.0
202606221528,217.15,217.2,217.35,217.12,27.0
202606221529,217.2,217.02,217.4,217.02,26.0
202606221530,217.01,216.86,217.07,216.85,13.0
202606221531,216.85,216.77,216.85,216.67,46.0
202606221532,216.67,216.91,216.91,216.67,29.0
202606221533,216.96,217.13,217.13,216.96,12.0
202606221534,217.12,217.02,217.12,216.92,18.0
202606221535,216.99,216.98,217.0,216.89,21.0
202606221536,216.98,216.93,216.98,216.85,29.0
202606221537,216.9,216.94,217.02,216.87,40.0
202606221538,217.02,216.93,217.02,216.93,7.0
202606221539,216.95,216.93,216.96,216.93,6.0
202606221540,216.85,216.71,216.9,216.71,28.0
202606221541,216.71,216.88,216.88,216.7,13.0
202606221542,216.89,217.02,217.02,216.89,17.0
202606221543,217.01,217.04,217.09,217.01,3.0
202606221544,217.1,217.1,217.18,217.09,6.0
202606221545,217.09,217.02,217.18,217.02,14.0
202606221546,217.12,217.08,217.13,217.07,12.0
202606221547,217.1,217.19,217.35,217.08,77.0
202606221548,217.19,217.19,217.19,217.18,2.0
202606221549,217.12,216.91,217.16,216.9,20.0
202606221550,216.88,216.85,217.08,216.82,82.0
202606221551,216.85,216.84,216.85,216.84,9.0
202606221552,216.83,216.91,216.91,216.8,18.0
202606221553,216.91,216.83,217.13,216.82,29.0
202606221554,216.88,216.93,216.96,216.78,35.0
202606221555,216.93,216.93,216.93,216.93,0.0
202606221556,216.79,216.87,216.87,216.79,7.0
202606221557,216.82,216.69,216.82,216.68,31.0
202606221558,216.62,216.64,216.66,216.57,11.0
202606221559,216.64,216.58,216.65,216.57,10.0
202606221600,216.61,216.45,216.63,216.39,16.0
202606221601,216.39,216.24,216.45,216.24,17.0
202606221602,216.28,216.15,216.29,216.14,80.0
202606221603,216.07,215.97,216.07,215.89,20.0
202606221604,215.95,215.95,215.95,215.84,5.0
202606221605,215.95,215.96,216.0,215.86,22.0
202606221606,215.96,215.99,216.1,215.85,77.0
202606221607,216.04,215.84,216.04,215.84,12.0
202606221608,215.86,215.92,216.03,215.83,37.0
202606221609,215.77,215.9,215.92,215.77,3.0
202606221610,215.72,215.5,215.72,215.5,33.0
202606221611,215.56,215.84,215.84,215.56,56.0
202606221612,215.9,215.71,215.92,215.71,62.0
202606221613,215.78,215.77,215.82,215.71,24.0
202606221614,215.74,215.86,215.87,215.71,31.0
202606221615,215.95,215.82,215.96,215.82,12.0
202606221616,215.78,215.96,215.96,215.76,43.0
202606221617,216.0,215.96,216.0,215.95,2.0
202606221618,216.02,215.94,216.04,215.94,49.0
202606221619,215.96,215.96,215.99,215.96,5.0
202606221620,215.96,215.84,215.97,215.84,30.0
202606221621,215.8,215.74,215.89,215.74,25.0
202606221622,215.77,215.72,215.78,215.58,41.0
202606221623,215.68,215.54,215.68,215.54,4.0
202606221624,215.52,215.67,215.67,215.52,15.0
202606221625,215.68,215.77,215.77,215.67,13.0
202606221626,215.82,215.73,215.82,215.73,6.0
202606221627,215.7,215.68,215.7,215.65,5.0
202606221628,215.69,215.65,215.69,215.61,23.0
202606221629,215.7,215.7,215.7,215.69,3.0
202606221630,215.7,215.57,215.7,215.57,7.0
202606221631,215.58,215.63,215.64,215.57,4.0
202606221632,215.6,215.46,215.6,215.42,27.0
202606221633,215.47,215.42,215.47,215.42,2.0
202606221634,215.42,215.49,215.5,215.4,25.0
202606221635,215.39,215.45,215.45,215.39,5.0
202606221636,215.46,215.66,215.66,215.45,19.0
202606221637,215.54,215.58,215.58,215.54,12.0
202606221638,215.59,215.48,215.59,215.48,5.0
202606221639,215.5,215.49,215.5,215.42,18.0
202606221640,215.42,215.35,215.42,215.35,23.0
202606221641,215.4,215.43,215.45,215.4,25.0
202606221642,215.48,215.48,215.49,215.44,8.0
202606221643,215.37,215.39,215.39,215.32,10.0
202606221644,215.42,215.47,215.47,215.37,20.0
202606221645,215.49,215.5,215.54,215.48,7.0
202606221646,215.5,215.59,215.59,215.5,2.0
202606221647,215.4,215.43,215.5,215.4,16.0
202606221648,215.37,215.41,215.46,215.34,150.0
202606221649,215.37,215.38,215.39,215.37,5.0
202606221650,215.41,215.36,215.42,215.29,69.0
202606221651,215.36,215.36,215.36,215.36,0.0
202606221652,215.29,215.29,215.29,215.29,1.0
202606221653,215.3,215.25,215.3,215.2,17.0
202606221654,215.25,215.23,215.25,215.23,11.0
202606221655,215.21,215.25,215.27,215.2,13.0
202606221656,215.19,215.22,215.22,215.18,5.0
202606221657,215.17,215.06,215.17,215.06,7.0
202606221658,215.07,215.24,215.29,215.06,84.0
202606221659,215.16,215.18,215.22,215.13,14.0
202606221700,215.16,215.12,215.23,215.06,8.0
202606221701,215.05,215.18,215.19,214.99,39.0
202606221702,215.09,215.15,215.15,215.09,2.0
202606221703,215.16,215.21,215.25,215.16,6.0
202606221704,215.09,215.14,215.16,215.09,7.0
202606221705,215.08,215.06,215.08,214.98,9.0
202606221706,215.06,215.18,215.18,215.05,21.0
202606221707,215.22,215.03,215.22,215.03,46.0
202606221708,215.17,215.15,215.29,215.08,36.0
202606221709,215.18,215.13,215.18,215.04,28.0
202606221710,215.14,215.03,215.14,215.03,8.0
202606221711,215.08,215.07,215.13,215.03,9.0
202606221712,215.0,215.09,215.16,215.0,71.0
202606221713,215.1,215.19,215.19,215.05,73.0
202606221714,215.19,215.17,215.22,215.1,13.0
202606221715,215.23,215.26,215.26,215.17,8.0
202606221716,215.23,215.2,215.23,215.2,27.0
202606221717,215.1,215.14,215.14,215.1,6.0
202606221718,215.14,215.07,215.15,215.07,4.0
202606221719,215.22,215.22,215.22,215.21,1.0
202606221720,215.12,215.13,215.15,215.09,11.0
202606221721,215.13,215.01,215.13,215.01,4.0
202606221722,215.0,215.05,215.06,215.0,37.0
202606221723,215.05,215.18,215.18,215.04,16.0
202606221724,215.16,215.01,215.18,215.01,36.0
202606221725,215.04,215.08,215.09,215.01,20.0
202606221726,215.07,215.19,215.25,214.99,105.0
202606221727,215.19,215.19,215.29,215.18,21.0
202606221728,215.18,215.22,215.29,215.08,11.0
202606221729,215.19,215.14,215.29,215.11,14.0
202606221730,215.09,215.18,215.21,215.09,13.0
202606221731,215.17,215.2,215.26,215.09,46.0
202606221732,215.26,215.33,215.34,215.26,22.0
202606221733,215.33,215.22,215.33,215.22,3.0
202606221734,215.24,215.23,215.25,215.18,19.0
202606221735,215.22,215.02,215.22,215.02,19.0
202606221736,215.01,215.03,215.07,214.98,35.0
202606221737,215.04,214.96,215.07,214.95,20.0
202606221738,214.97,214.89,214.97,214.89,16.0
202606221739,214.84,214.89,214.94,214.84,12.0
202606221740,214.93,214.81,214.93,214.79,11.0
202606221741,214.86,214.75,214.91,214.75,33.0
202606221742,214.84,214.76,214.84,214.76,41.0
202606221743,214.78,214.72,214.78,214.67,37.0
202606221744,214.66,214.59,214.66,214.53,14.0
202606221745,214.5,214.53,214.61,214.49,12.0
202606221746,214.51,214.49,214.51,214.43,10.0
202606221747,214.51,214.44,214.58,214.43,8.0
202606221748,214.5,214.57,214.58,214.5,15.0
202606221749,214.53,214.46,214.54,214.46,11.0
202606221750,214.5,214.32,214.5,214.32,7.0
202606221751,214.41,214.39,214.41,214.39,2.0
202606221752,214.41,214.45,214.47,214.4,30.0
202606221753,214.44,214.44,214.44,214.44,5.0
202606221754,214.4,214.43,214.48,214.3,25.0
202606221755,214.41,214.41,214.41,214.4,16.0
202606221756,214.4,214.37,214.44,214.3,10.0
202606221757,214.31,214.35,214.35,214.27,7.0
202606221758,214.27,214.3,214.35,214.26,66.0
202606221759,214.28,214.3,214.3,214.18,47.0
202606221800,214.27,214.33,214.42,214.26,28.0
202606221801,214.32,214.28,214.32,214.28,11.0
202606221802,214.28,214.13,214.29,214.13,28.0
202606221803,214.12,214.03,214.12,213.96,16.0
202606221804,214.02,214.02,214.02,214.01,6.0
202606221805,213.96,213.92,214.0,213.9,9.0
202606221806,213.95,214.16,214.16,213.92,32.0
202606221807,214.23,214.15,214.23,214.15,8.0
202606221808,214.24,214.29,214.43,214.08,30.0
202606221809,214.3,214.32,214.33,214.28,13.0
202606221810,214.3,214.36,214.36,214.27,25.0
202606221811,214.37,214.32,214.37,214.29,7.0
202606221812,214.42,214.45,214.48,214.42,12.0
202606221813,214.4,214.36,214.4,214.34,13.0
202606221814,214.37,214.28,214.37,214.28,22.0
202606221815,214.38,214.4,214.46,214.37,22.0
202606221816,214.48,214.41,214.48,214.36,61.0
202606221817,214.34,214.31,214.41,214.28,33.0
202606221818,214.36,214.36,214.36,214.36,1.0
202606221819,214.29,214.2,214.29,214.2,28.0
202606221820,214.26,214.42,214.42,214.25,31.0
202606221821,214.36,214.37,214.37,214.35,9.0
202606221822,214.36,214.36,214.36,214.31,40.0
202606221823,214.3,214.27,214.32,214.27,12.0
202606221824,214.32,214.36,214.39,214.31,37.0
202606221825,214.36,214.31,214.36,214.31,28.0
202606221826,214.34,214.34,214.36,214.3,15.0
202606221827,214.3,214.32,214.36,214.19,190.0
202606221828,214.32,214.31,214.32,214.26,14.0
202606221829,214.26,214.16,214.27,214.16,34.0
202606221830,214.17,214.28,214.32,214.08,46.0
202606221831,214.22,214.28,214.28,214.22,10.0
202606221832,214.28,214.23,214.32,214.22,34.0
202606221833,214.23,214.23,214.23,214.23,0.0
202606221834,214.24,214.32,214.33,214.23,17.0
202606221835,214.33,214.42,214.47,214.33,18.0
202606221836,214.42,214.42,214.42,214.34,10.0
202606221837,214.43,214.33,214.43,214.33,3.0
202606221838,214.4,214.4,214.4,214.4,1.0
202606221839,214.39,214.39,214.39,214.38,6.0
202606221840,214.37,214.36,214.37,214.35,10.0
202606221841,214.34,214.43,214.43,214.33,6.0
202606221842,214.37,214.35,214.38,214.3,24.0
202606221843,214.26,214.26,214.27,214.26,1.0
202606221844,214.28,214.29,214.29,214.23,10.0
202606221845,214.34,214.35,214.38,214.34,15.0
202606221846,214.35,214.35,214.35,214.35,0.0
202606221847,214.25,214.32,214.43,214.25,9.0
202606221848,214.3,214.34,214.34,214.28,9.0
202606221849,214.28,214.34,214.34,214.23,14.0
202606221850,214.28,214.13,214.33,214.13,13.0
202606221851,214.13,214.04,214.14,214.04,11.0
202606221852,214.05,214.2,214.2,214.0,30.0
202606221853,214.22,213.96,214.22,213.91,111.0
202606221854,213.96,214.04,214.09,213.94,22.0
202606221855,214.12,214.05,214.12,214.05,3.0
202606221856,214.12,214.12,214.16,214.1,36.0
202606221857,214.05,214.02,214.05,214.01,4.0
202606221858,214.05,214.12,214.14,214.02,15.0
202606221859,214.05,214.09,214.09,214.05,5.0
202606221900,214.09,214.27,214.28,214.09,14.0
202606221901,214.14,214.18,214.18,214.11,26.0
202606221902,214.18,214.21,214.25,214.18,10.0
202606221903,214.18,214.3,214.34,214.15,71.0
202606221904,214.3,214.31,214.31,214.14,22.0
202606221905,214.21,214.23,214.23,214.18,9.0
202606221906,214.12,214.08,214.18,214.08,10.0
202606221907,214.13,214.09,214.13,214.06,17.0
202606221908,214.02,214.29,214.29,214.02,32.0
202606221909,214.27,214.31,214.32,214.27,11.0
202606221910,214.31,214.19,214.31,214.08,12.0
202606221911,214.14,214.11,214.17,214.1,14.0
202606221912,214.13,214.19,214.24,214.03,64.0
202606221913,214.21,214.15,214.21,214.15,5.0
202606221914,214.14,214.14,214.14,214.14,2.0
202606221915,214.12,214.14,214.15,214.09,14.0
202606221916,214.17,214.23,214.23,214.16,26.0
202606221917,214.22,214.2,214.23,214.18,7.0
202606221918,214.19,214.21,214.24,214.17,31.0
202606221919,214.2,214.23,214.25,214.15,30.0
202606221920,214.2,214.18,214.23,214.16,16.0
202606221921,214.18,214.13,214.21,214.05,38.0
202606221922,214.12,214.27,214.27,214.11,22.0
202606221923,214.25,214.49,214.49,214.25,16.0
202606221924,214.49,214.44,214.51,214.4,21.0
202606221925,214.46,214.44,214.52,214.41,28.0
202606221926,214.42,214.41,214.44,214.28,33.0
202606221927,214.38,214.38,214.38,214.3,13.0
202606221928,214.29,214.19,214.35,214.11,50.0
202606221929,214.12,214.09,214.12,214.02,16.0
202606221930,214.08,214.28,214.28,214.07,30.0
202606221931,214.28,214.15,214.28,214.15,27.0
202606221932,214.17,214.16,214.19,214.04,24.0
202606221933,214.15,214.19,214.19,214.11,4.0
202606221934,214.16,214.28,214.28,214.14,27.0
202606221935,214.23,214.19,214.25,214.16,25.0
202606221936,214.2,214.16,214.2,214.1,6.0
202606221937,214.17,214.12,214.19,214.1,7.0
202606221938,214.12,214.1,214.18,214.09,13.0
202606221939,214.13,214.2,214.26,214.07,49.0
202606221940,214.21,214.22,214.25,214.21,8.0
202606221941,214.22,214.18,214.26,214.11,45.0
202606221942,214.13,214.06,214.22,214.06,34.0
202606221943,214.09,214.19,214.2,214.05,108.0
202606221944,214.19,214.17,214.21,214.15,20.0
202606221945,214.22,214.08,214.22,214.02,18.0
202606221946,214.12,214.15,214.22,214.09,57.0
202606221947,214.16,214.08,214.2,214.04,55.0
202606221948,214.09,214.0,214.1,213.99,50.0
202606221949,214.05,214.08,214.11,213.96,107.0
202606221950,214.15,214.62,214.62,214.15,86.0
202606221951,214.55,214.6,214.6,214.49,36.0
202606221952,214.6,214.48,214.6,214.41,68.0
202606221953,214.48,214.79,214.89,214.48,89.0
202606221954,214.82,214.94,215.02,214.78,80.0
202606221955,214.94,214.7,214.98,214.67,145.0
202606221956,214.68,214.68,214.71,214.6,117.0
202606221957,214.71,214.12,214.71,214.12,172.0
202606221958,214.15,214.39,214.39,214.12,313.0
202606221959,214.39,214.4,214.44,214.21,708.0
202606222000,214.27,214.27,214.27,214.27,23.0
202606222001,214.27,214.27,214.27,214.27,0.0
202606222002,214.27,214.27,214.27,214.27,0.0
202606222003,214.27,214.27,214.27,214.27,0.0
202606222004,214.27,214.27,214.27,214.27,0.0
202606222005,214.4,214.4,214.4,214.4,7370.0
202606222006,214.4,214.4,214.4,214.4,28.0
202606222007,214.4,214.4,214.4,214.4,0.0
202606222008,214.4,214.4,214.4,214.4,0.0
202606222009,214.4,214.4,214.4,214.4,0.0
202606222010,214.4,214.4,214.4,214.4,0.0
202606222011,214.4,214.4,214.4,214.4,0.0
202606222012,214.4,214.4,214.4,214.4,0.0
202606222013,214.4,214.4,214.4,214.4,0.0
202606222014,214.4,214.4,214.4,214.4,0.0
202606222015,214.4,214.4,214.4,214.4,0.0
202606222016,214.4,214.4,214.4,214.4,0.0
202606222017,214.4,214.4,214.4,214.4,0.0
202606222018,214.4,214.4,214.4,214.4,0.0
202606222019,214.4,214.4,214.4,214.4,0.0
202606222020,214.4,214.4,214.4,214.4,0.0
202606222021,214.4,214.4,214.4,214.4,0.0
202606222022,214.4,214.4,214.4,214.4,0.0
202606222023,214.4,214.4,214.4,214.4,0.0
202606222024,214.4,214.4,214.4,214.4,0.0
202606222025,214.4,214.4,214.4,214.4,0.0
202606222026,214.4,214.4,214.4,214.4,0.0
202606222027,214.4,214.4,214.4,214.4,0.0
202606222028,214.4,214.4,214.4,214.4,0.0
202606222029,214.4,214.4,214.4,214.4,0.0
202606222030,214.4,214.4,214.4,214.4,0.0
202606222031,214.4,214.4,214.4,214.4,0.0
202606222032,214.4,214.4,214.4,214.4,0.0
202606222033,214.4,214.4,214.4,214.4,0.0
202606222034,214.4,214.4,214.4,214.4,0.0
202606222035,214.4,214.4,214.4,214.4,0.0
202606222036,214.4,214.4,214.4,214.4,0.0
202606222037,214.4,214.4,214.4,214.4,0.0
202606222038,214.4,214.4,214.4,214.4,0.0
202606222039,214.4,214.4,214.4,214.4,0.0
202606222040,214.4,214.4,214.4,214.4,0.0
202606222041,214.4,214.4,214.4,214.4,0.0
202606222042,214.4,214.4,214.4,214.4,0.0
202606222043,214.4,214.4,214.4,214.4,0.0
202606222044,214.4,214.4,214.4,214.4,0.0
202606222045,214.4,214.4,214.4,214.4,0.0
202606222046,214.4,214.4,214.4,214.4,0.0
202606222047,214.4,214.4,214.4,214.4,0.0
202606222048,214.4,214.4,214.4,214.4,0.0
202606222049,214.4,214.4,214.4,214.4,0.0
202606222050,214.4,214.4,214.4,214.4,0.0
202606222051,214.4,214.4,214.4,214.4,0.0
202606222052,214.4,214.4,214.4,214.4,0.0
202606222053,214.4,214.4,214.4,214.4,0.0
202606222054,214.4,214.4,214.4,214.4,0.0
202606222055,214.4,214.4,214.4,214.4,0.0
202606222056,214.4,214.4,214.4,214.4,0.0
202606222057,214.4,214.4,214.4,214.4,0.0
202606222058,214.4,214.4,214.4,214.4,0.0
202606222059,214.4,214.4,214.4,214.4,0.0
202606222100,214.4,214.4,214.4,214.4,0.0
202606222101,214.4,214.4,214.4,214.4,0.0
202606222102,214.4,214.4,214.4,214.4,0.0
202606222103,214.4,214.4,214.4,214.4,0.0
202606222104,214.4,214.4,214.4,214.4,0.0
202606222105,214.4,214.4,214.4,214.4,0.0
202606222106,214.4,214.4,214.4,214.4,0.0
202606222107,214.4,214.4,214.4,214.4,0.0
202606222108,214.4,214.4,214.4,214.4,0.0
202606222109,214.4,214.4,214.4,214.4,0.0
202606222110,214.4,214.4,214.4,214.4,0.0
202606222111,214.4,214.4,214.4,214.4,0.0
202606222112,214.4,214.4,214.4,214.4,0.0
202606222113,214.4,214.4,214.4,214.4,0.0
202606222114,214.4,214.4,214.4,214.4,0.0
202606222115,214.4,214.4,214.4,214.4,0.0
202606222116,214.4,214.4,214.4,214.4,0.0
202606222117,214.4,214.4,214.4,214.4,0.0
202606222118,214.4,214.4,214.4,214.4,0.0
202606222119,214.4,214.4,214.4,214.4,0.0
202606222120,214.4,214.4,214.4,214.4,0.0
202606222121,214.4,214.4,214.4,214.4,0.0
202606222122,214.4,214.4,214.4,214.4,0.0
202606222123,214.4,214.4,214.4,214.4,0.0
202606222124,214.4,214.4,214.4,214.4,0.0
202606222125,214.4,214.4,214.4,214.4,0.0
202606222126,214.4,214.4,214.4,214.4,0.0
202606222127,214.4,214.4,214.4,214.4,0.0
202606222128,214.4,214.4,214.4,214.4,0.0
202606222129,214.4,214.4,214.4,214.4,0.0
202606222130,214.4,214.4,214.4,214.4,0.0
202606222131,214.4,214.4,214.4,214.4,0.0
202606222132,214.4,214.4,214.4,214.4,0.0
202606222133,214.4,214.4,214.4,214.4,0.0
202606222134,214.4,214.4,214.4,214.4,0.0
202606222135,214.4,214.4,214.4,214.4,0.0
202606222136,214.4,214.4,214.4,214.4,0.0
202606222137,214.4,214.4,214.4,214.4,0.0
202606222138,214.4,214.4,214.4,214.4,0.0
202606222139,214.4,214.4,214.4,214.4,0.0
202606222140,214.4,214.4,214.4,214.4,0.0
202606222141,214.4,214.4,214.4,214.4,0.0
202606222142,214.4,214.4,214.4,214.4,0.0
202606222143,214.4,214.4,214.4,214.4,0.0
202606222144,214.4,214.4,214.4,214.4,0.0
202606222145,214.4,214.4,214.4,214.4,0.0
202606222146,214.4,214.4,214.4,214.4,0.0
202606222147,214.4,214.4,214.4,214.4,0.0
202606222148,214.4,214.4,214.4,214.4,0.0
202606222149,214.4,214.4,214.4,214.4,0.0
202606222150,214.4,214.4,214.4,214.4,0.0
202606222151,214.4,214.4,214.4,214.4,0.0
202606222152,214.4,214.4,214.4,214.4,0.0
202606222153,214.4,214.4,214.4,214.4,0.0
202606222154,214.4,214.4,214.4,214.4,0.0
202606222155,214.4,214.4,214.4,214.4,0.0
202606222156,214.4,214.4,214.4,214.4,0.0
202606222157,214.4,214.4,214.4,214.4,0.0
202606222158,214.4,214.4,214.4,214.4,0.0
202606222159,214.4,214.4,214.4,214.4,0.0
202606222200,214.4,214.4,214.4,214.4,0.0
202606222201,214.4,214.4,214.4,214.4,0.0
202606222202,214.4,214.4,214.4,214.4,0.0
202606222203,214.4,214.4,214.4,214.4,0.0
202606222204,214.4,214.4,214.4,214.4,0.0
202606222205,214.4,214.4,214.4,214.4,0.0
202606222206,214.4,214.4,214.4,214.4,0.0
202606222207,214.4,214.4,214.4,214.4,0.0
202606222208,214.4,214.4,214.4,214.4,0.0
202606222209,214.4,214.4,214.4,214.4,0.0
202606222210,214.4,214.4,214.4,214.4,0.0
202606222211,214.4,214.4,214.4,214.4,0.0
202606222212,214.4,214.4,214.4,214.4,0.0
202606222213,214.4,214.4,214.4,214.4,0.0
202606222214,214.4,214.4,214.4,214.4,0.0
202606222215,214.4,214.4,214.4,214.4,0.0
202606222216,214.4,214.4,214.4,214.4,0.0
202606222217,214.4,214.4,214.4,214.4,0.0
202606222218,214.4,214.4,214.4,214.4,0.0
202606222219,214.4,214.4,214.4,214.4,0.0
202606222220,214.4,214.4,214.4,214.4,0.0
202606222221,214.4,214.4,214.4,214.4,0.0
202606222222,214.4,214.4,214.4,214.4,0.0
202606222223,214.4,214.4,214.4,214.4,0.0
202606222224,214.4,214.4,214.4,214.4,0.0
202606222225,214.4,214.4,214.4,214.4,0.0
202606222226,214.4,214.4,214.4,214.4,0.0
202606222227,214.4,214.4,214.4,214.4,0.0
202606222228,214.4,214.4,214.4,214.4,0.0
202606222229,214.4,214.4,214.4,214.4,0.0
202606222230,214.4,214.4,214.4,214.4,0.0
202606222231,214.4,214.4,214.4,214.4,0.0
202606222232,214.4,214.4,214.4,214.4,0.0
202606222233,214.4,214.4,214.4,214.4,0.0
202606222234,214.4,214.4,214.4,214.4,0.0
202606222235,214.5,214.5,214.5,214.5,3.0
202606222236,214.5,214.5,214.5,214.5,0.0
202606222237,214.5,214.5,214.5,214.5,0.0
202606222238,214.5,214.5,214.5,214.5,0.0
202606222239,214.5,214.5,214.5,214.5,0.0
202606222240,214.5,214.5,214.5,214.5,0.0
202606222241,214.5,214.5,214.5,214.5,0.0
202606222242,214.5,214.5,214.5,214.5,0.0
202606222243,214.5,214.5,214.5,214.5,0.0
202606222244,214.5,214.5,214.5,214.5,0.0
202606222245,214.5,214.5,214.5,214.5,0.0
202606222246,214.5,214.5,214.5,214.5,0.0
202606222247,214.5,214.5,214.5,214.5,0.0
202606222248,214.5,214.5,214.5,214.5,0.0
202606222249,214.5,214.5,214.5,214.5,0.0
202606222250,214.5,214.5,214.5,214.5,0.0
202606222251,214.5,214.5,214.5,214.5,0.0
202606222252,214.5,214.5,214.5,214.5,0.0
202606222253,214.5,214.5,214.5,214.5,0.0
202606222254,214.5,214.5,214.5,214.5,0.0
202606222255,214.5,214.5,214.5,214.5,0.0
202606222256,214.5,214.5,214.5,214.5,0.0
202606222257,214.5,214.5,214.5,214.5,0.0
202606222258,214.5,214.5,214.5,214.5,0.0
202606222259,214.5,214.5,214.5,214.5,0.0
202606222300,214.5,214.5,214.5,214.5,0.0
202606222301,214.5,214.5,214.5,214.5,0.0
202606222302,214.5,214.5,214.5,214.5,0.0
202606222303,214.5,214.5,214.5,214.5,0.0
202606222304,214.5,214.5,214.5,214.5,0.0
202606222305,214.5,214.5,214.5,214.5,0.0
202606222306,214.5,214.5,214.5,214.5,0.0
202606222307,214.5,214.5,214.5,214.5,0.0
202606222308,214.5,214.5,214.5,214.5,0.0
202606222309,214.5,214.5,214.5,214.5,0.0
202606222310,214.5,214.5,214.5,214.5,0.0
202606222311,214.5,214.5,214.5,214.5,0.0
202606222312,214.5,214.5,214.5,214.5,0.0
202606222313,214.5,214.5,214.5,214.5,0.0
202606222314,214.5,214.5,214.5,214.5,0.0
202606222315,214.5,214.5,214.5,214.5,0.0
202606222316,214.5,214.5,214.5,214.5,0.0
202606222317,214.5,214.5,214.5,214.5,0.0
202606222318,214.5,214.5,214.5,214.5,0.0
202606222319,214.5,214.5,214.5,214.5,0.0
202606222320,214.5,214.5,214.5,214.5,0.0
202606222321,214.5,214.5,214.5,214.5,0.0
202606222322,214.5,214.5,214.5,214.5,0.0
202606222323,214.5,214.5,214.5,214.5,0.0
202606222324,214.5,214.5,214.5,214.5,0.0
202606222325,214.5,214.5,214.5,214.5,0.0
202606222326,214.5,214.5,214.5,214.5,0.0
202606222327,214.5,214.5,214.5,214.5,0.0
202606222328,214.5,214.5,214.5,214.5,0.0
202606222329,214.5,214.5,214.5,214.5,0.0
202606222330,214.5,214.5,214.5,214.5,0.0
202606222331,214.5,214.5,214.5,214.5,0.0
202606222332,214.5,214.5,214.5,214.5,0.0
202606222333,214.5,214.5,214.5,214.5,0.0
202606222334,214.5,214.5,214.5,214.5,0.0
202606222335,214.5,214.5,214.5,214.5,0.0
202606222336,214.5,214.5,214.5,214.5,0.0
202606222337,214.5,214.5,214.5,214.5,0.0
202606222338,214.5,214.5,214.5,214.5,0.0
202606222339,214.5,214.5,214.5,214.5,0.0
202606222340,214.5,214.5,214.5,214.5,0.0
202606222341,214.5,214.5,214.5,214.5,0.0
202606222342,214.5,214.5,214.5,214.5,0.0
202606222343,214.5,214.5,214.5,214.5,0.0
202606222344,214.5,214.5,214.5,214.5,0.0
202606222345,214.5,214.5,214.5,214.5,0.0
202606222346,214.5,214.5,214.5,214.5,0.0
202606222347,214.5,214.5,214.5,214.5,0.0
202606222348,214.5,214.5,214.5,214.5,0.0
202606222349,214.5,214.5,214.5,214.5,0.0
202606222350,214.5,214.5,214.5,214.5,0.0
202606222351,214.5,214.5,214.5,214.5,0.0
202606222352,214.5,214.5,214.5,214.5,0.0
202606222353,214.5,214.5,214.5,214.5,0.0
202606222354,214.5,214.5,214.5,214.5,0.0
202606222355,214.5,214.5,214.5,214.5,0.0
202606222356,214.5,214.5,214.5,214.5,0.0
202606222357,214.5,214.5,214.5,214.5,0.0
202606222358,214.5,214.5,214.5,214.5,0.0
202606222359,214.5,214.5,214.5,214.5,0.0
202606231047,213.67,213.67,213.67,213.67,1.0
202606231048,213.67,213.67,213.67,213.67,0.0
202606231049,213.67,213.67,213.67,213.67,0.0
202606231050,213.67,213.67,213.67,213.67,0.0
202606231051,213.67,213.67,213.67,213.67,0.0
202606231052,213.67,213.67,213.67,213.67,0.0
202606231053,213.67,213.67,213.67,213.67,0.0
202606231054,213.67,213.67,213.67,213.67,0.0
202606231055,213.67,213.67,213.67,213.67,0.0
202606231056,213.67,213.67,213.67,213.67,0.0
202606231057,213.67,213.67,213.67,213.67,0.0
202606231058,213.67,213.67,213.67,213.67,0.0
202606231059,213.67,213.67,213.67,213.67,0.0
202606231100,213.67,213.67,213.67,213.67,0.0
202606231101,213.67,213.67,213.67,213.67,0.0
202606231102,213.67,213.67,213.67,213.67,0.0
202606231103,213.67,213.67,213.67,213.67,0.0
202606231104,213.67,213.67,213.67,213.67,0.0
202606231105,213.67,213.67,213.67,213.67,0.0
202606231106,213.67,213.67,213.67,213.67,0.0
202606231107,213.67,213.67,213.67,213.67,0.0
202606231108,213.67,213.67,213.67,213.67,0.0
202606231109,213.67,213.67,213.67,213.67,0.0
202606231110,213.67,213.67,213.67,213.67,0.0
202606231111,213.67,213.67,213.67,213.67,0.0
202606231112,213.67,213.67,213.67,213.67,0.0
202606231113,213.67,213.67,213.67,213.67,0.0
202606231114,213.67,213.67,213.67,213.67,0.0
202606231115,213.67,213.67,213.67,213.67,0.0
202606231116,213.67,213.67,213.67,213.67,0.0
202606231117,213.67,213.67,213.67,213.67,0.0
202606231118,213.67,213.67,213.67,213.67,0.0
202606231119,213.67,213.67,213.67,213.67,0.0
202606231120,213.67,213.67,213.67,213.67,0.0
202606231121,213.67,213.67,213.67,213.67,0.0
202606231122,213.67,213.67,213.67,213.67,0.0
202606231123,213.67,213.67,213.67,213.67,0.0
202606231124,213.67,213.67,213.67,213.67,0.0
202606231125,213.67,213.67,213.67,213.67,0.0
202606231126,213.67,213.67,213.67,213.67,0.0
202606231127,213.67,213.67,213.67,213.67,0.0
202606231128,213.67,213.67,213.67,213.67,0.0
202606231129,213.67,213.67,213.67,213.67,0.0
202606231130,213.67,213.67,213.67,213.67,0.0
202606231131,213.67,213.67,213.67,213.67,0.0
202606231132,213.67,213.67,213.67,213.67,0.0
202606231133,213.67,213.67,213.67,213.67,0.0
202606231134,213.67,213.67,213.67,213.67,0.0
202606231135,213.67,213.67,213.67,213.67,0.0
202606231136,213.67,213.67,213.67,213.67,0.0
202606231137,213.67,213.67,213.67,213.67,0.0
202606231138,213.67,213.67,213.67,213.67,0.0
202606231139,213.67,213.67,213.67,213.67,0.0
202606231140,213.67,213.67,213.67,213.67,0.0
202606231141,213.67,213.67,213.67,213.67,0.0
202606231142,213.67,213.67,213.67,213.67,0.0
202606231143,213.67,213.67,213.67,213.67,0.0
202606231144,213.67,213.67,213.67,213.67,0.0
202606231145,213.67,213.67,213.67,213.67,0.0
202606231146,213.67,213.67,213.67,213.67,0.0
202606231147,213.67,213.67,213.67,213.67,0.0
202606231148,213.67,213.67,213.67,213.67,0.0
202606231149,213.67,213.67,213.67,213.67,0.0
202606231150,213.67,213.67,213.67,213.67,0.0
202606231151,213.67,213.67,213.67,213.67,0.0
202606231152,213.67,213.67,213.67,213.67,0.0
202606231153,213.67,213.67,213.67,213.67,0.0
202606231154,213.67,213.67,213.67,213.67,0.0
202606231155,213.67,213.67,213.67,213.67,0.0
202606231156,213.67,213.67,213.67,213.67,0.0
202606231157,213.67,213.67,213.67,213.67,0.0
202606231158,213.67,213.67,213.67,213.67,0.0
202606231159,213.67,213.67,213.67,213.67,0.0
202606231200,213.67,213.67,213.67,213.67,0.0
202606231201,213.67,213.67,213.67,213.67,0.0
202606231202,213.67,213.67,213.67,213.67,0.0
202606231203,213.67,213.67,213.67,213.67,0.0
202606231204,213.67,213.67,213.67,213.67,0.0
202606231205,213.67,213.67,213.67,213.67,0.0
202606231206,213.67,213.67,213.67,213.67,0.0
202606231207,213.67,213.67,213.67,213.67,0.0
202606231208,213.67,213.67,213.67,213.67,0.0
202606231209,213.67,213.67,213.67,213.67,0.0
202606231210,213.67,213.67,213.67,213.67,0.0
202606231211,213.67,213.67,213.67,213.67,0.0
202606231212,213.67,213.67,213.67,213.67,0.0
202606231213,213.67,213.67,213.67,213.67,0.0
202606231214,214.5,214.5,214.5,214.5,1.0
202606231215,214.5,214.5,214.5,214.5,0.0
202606231216,214.5,214.5,214.5,214.5,0.0
202606231217,214.5,214.5,214.5,214.5,0.0
202606231218,214.5,214.5,214.5,214.5,0.0
202606231219,214.5,214.5,214.5,214.5,0.0
202606231220,214.5,214.5,214.5,214.5,0.0
202606231221,214.5,214.5,214.5,214.5,0.0
202606231222,214.5,214.5,214.5,214.5,0.0
202606231223,214.5,214.5,214.5,214.5,0.0
202606231224,214.5,214.5,214.5,214.5,0.0
202606231225,214.5,214.5,214.5,214.5,0.0
202606231226,214.5,214.5,214.5,214.5,0.0
202606231227,214.5,214.5,214.5,214.5,0.0
202606231228,214.5,214.5,214.5,214.5,0.0
202606231229,214.5,214.5,214.5,214.5,0.0
202606231230,214.5,214.5,214.5,214.5,0.0
202606231231,214.5,214.5,214.5,214.5,0.0
202606231232,214.5,214.5,214.5,214.5,0.0
202606231233,214.5,214.5,214.5,214.5,0.0
202606231234,214.5,214.5,214.5,214.5,0.0
202606231235,214.5,214.5,214.5,214.5,0.0
202606231236,214.5,214.5,214.5,214.5,0.0
202606231237,214.5,214.5,214.5,214.5,0.0
202606231238,214.5,214.5,214.5,214.5,0.0
202606231239,214.5,214.5,214.5,214.5,0.0
202606231240,214.5,214.5,214.5,214.5,0.0
202606231241,214.5,214.5,214.5,214.5,0.0
202606231242,214.5,214.5,214.5,214.5,0.0
202606231243,214.5,214.5,214.5,214.5,0.0
202606231244,214.5,214.5,214.5,214.5,0.0
202606231245,214.5,214.5,214.5,214.5,0.0
202606231246,214.5,214.5,214.5,214.5,0.0
202606231247,214.5,214.5,214.5,214.5,0.0
202606231248,214.5,214.5,214.5,214.5,0.0
202606231249,214.5,214.5,214.5,214.5,0.0
202606231250,214.5,214.5,214.5,214.5,0.0
202606231251,214.5,214.5,214.5,214.5,0.0
202606231252,214.5,214.5,214.5,214.5,0.0
202606231253,214.5,214.5,214.5,214.5,0.0
202606231254,214.5,214.5,214.5,214.5,0.0
202606231255,214.5,214.5,214.5,214.5,0.0
202606231256,214.5,214.5,214.5,214.5,0.0
202606231257,214.5,214.5,214.5,214.5,0.0
202606231258,214.5,214.5,214.5,214.5,0.0
202606231259,214.5,214.5,214.5,214.5,0.0
202606231300,214.5,214.5,214.5,214.5,0.0
202606231301,214.5,214.5,214.5,214.5,0.0
202606231302,214.5,214.5,214.5,214.5,0.0
202606231303,214.5,214.5,214.5,214.5,0.0
202606231304,214.5,214.5,214.5,214.5,0.0
202606231305,214.19,214.19,214.19,214.19,1.0
202606231306,214.19,214.19,214.19,214.19,0.0
202606231307,214.19,214.19,214.19,214.19,0.0
202606231308,214.19,214.19,214.19,214.19,0.0
202606231309,214.19,214.19,214.19,214.19,0.0
202606231310,214.19,214.19,214.19,214.19,0.0
202606231311,214.19,214.19,214.19,214.19,0.0
202606231312,214.19,214.19,214.19,214.19,0.0
202606231313,214.19,214.19,214.19,214.19,0.0
202606231314,214.19,214.19,214.19,214.19,0.0
202606231315,214.19,214.19,214.19,214.19,0.0
202606231316,214.19,214.19,214.19,214.19,0.0
202606231317,214.19,214.19,214.19,214.19,0.0
202606231318,214.19,214.19,214.19,214.19,0.0
202606231319,214.19,214.19,214.19,214.19,0.0
202606231320,214.19,214.19,214.19,214.19,0.0
202606231321,214.19,214.19,214.19,214.19,0.0
202606231322,214.19,214.19,214.19,214.19,0.0
202606231323,214.02,214.02,214.02,214.02,3.0
202606231324,213.68,213.51,213.68,213.51,2.0
202606231325,213.51,213.51,213.51,213.51,0.0
202606231326,213.51,213.51,213.51,213.51,0.0
202606231327,213.51,213.51,213.51,213.51,0.0
202606231328,213.51,213.51,213.51,213.51,0.0
202606231329,213.51,213.51,213.51,213.51,0.0
202606231330,213.85,214.3,214.3,213.13,332.0
202606231331,213.97,214.0,214.46,213.83,26.0
202606231332,213.54,213.01,213.77,213.01,34.0
202606231333,212.84,212.78,213.37,212.68,24.0
202606231334,212.89,213.36,213.85,212.71,56.0
202606231335,213.06,212.86,213.07,212.54,20.0
202606231336,212.49,212.74,212.75,212.43,11.0
202606231337,212.58,212.42,212.76,212.14,50.0
202606231338,212.76,213.27,213.27,212.76,40.0
202606231339,213.34,213.04,213.34,212.98,8.0
202606231340,213.02,213.94,214.07,212.85,66.0
202606231341,214.11,214.55,214.59,214.11,32.0
202606231342,214.55,214.92,214.92,214.44,8.0
202606231343,214.93,214.59,214.93,214.36,46.0
202606231344,214.59,214.46,214.88,214.29,13.0
202606231345,214.36,214.15,214.42,213.67,65.0
202606231346,214.54,214.81,214.85,214.18,14.0
202606231347,214.68,214.45,214.68,214.39,25.0
202606231348,214.17,214.78,214.78,214.17,10.0
202606231349,214.88,214.39,214.88,214.39,8.0
202606231350,214.65,214.65,214.65,214.4,14.0
202606231351,214.63,214.64,214.71,214.47,19.0
202606231352,214.64,214.52,214.96,214.26,33.0
202606231353,214.52,214.28,214.68,214.2,36.0
202606231354,214.28,214.55,214.55,214.27,25.0
202606231355,214.53,214.19,214.53,214.14,16.0
202606231356,214.13,214.45,214.56,214.13,37.0
202606231357,214.43,214.47,214.53,214.28,27.0
202606231358,214.6,214.37,214.63,214.36,30.0
202606231359,214.37,214.55,214.61,214.36,70.0
202606231400,214.46,214.13,214.64,214.0,122.0
202606231401,214.17,214.07,214.23,213.97,21.0
202606231402,213.92,214.33,214.33,213.92,23.0
202606231403,214.3,214.16,214.35,214.14,74.0
202606231404,214.12,214.11,214.12,213.9,22.0
202606231405,214.11,214.61,214.61,214.1,33.0
202606231406,214.73,214.51,214.73,214.29,18.0
202606231407,214.48,214.83,214.83,214.48,39.0
202606231408,214.68,214.68,214.83,214.5,9.0
202606231409,214.61,214.73,214.76,214.54,22.0
202606231410,214.73,214.73,214.88,214.71,36.0
202606231411,214.88,214.92,215.48,214.82,50.0
202606231412,214.98,215.25,215.34,214.98,22.0
202606231413,215.35,215.37,215.45,215.34,30.0
202606231414,215.48,215.35,215.48,215.2,14.0
202606231415,215.24,215.2,215.42,215.12,25.0
202606231416,215.39,215.82,215.86,215.37,91.0
202606231417,215.82,215.53,215.96,215.39,47.0
202606231418,215.53,215.92,215.96,215.44,61.0
202606231419,215.75,215.64,215.92,215.64,14.0
202606231420,215.67,215.39,215.68,215.38,55.0
202606231421,215.53,215.39,215.58,215.38,36.0
202606231422,215.54,215.89,215.9,215.26,126.0
202606231423,215.89,216.0,216.1,215.89,97.0
202606231424,216.0,216.18,216.18,215.95,45.0
202606231425,216.01,216.39,216.39,216.01,58.0
202606231426,216.38,216.37,216.47,216.11,20.0
202606231427,216.26,216.32,216.33,216.21,7.0
202606231428,216.18,216.12,216.29,216.11,29.0
202606231429,216.12,216.01,216.12,215.6,39.0
202606231430,215.9,216.39,216.42,215.9,120.0
202606231431,216.34,216.38,216.39,216.22,58.0
202606231432,216.3,216.49,216.49,216.26,141.0
202606231433,216.46,215.98,216.5,215.98,87.0
202606231434,215.99,215.64,215.99,215.64,14.0
202606231435,215.64,215.71,215.96,215.63,12.0
202606231436,215.89,215.7,215.89,215.65,8.0
202606231437,215.58,215.7,215.73,215.51,13.0
202606231438,215.76,215.85,215.85,215.62,9.0
202606231439,215.81,215.81,215.81,215.8,2.0
202606231440,215.8,215.58,215.8,215.58,9.0
202606231441,215.59,215.38,215.59,215.37,19.0
202606231442,215.41,215.51,215.56,215.41,7.0
202606231443,215.46,215.48,215.65,215.45,12.0
202606231444,215.49,215.55,215.55,215.49,2.0
202606231445,215.4,215.56,215.56,215.4,6.0
202606231446,215.56,215.28,215.56,215.18,20.0
202606231447,215.19,215.21,215.24,215.1,30.0
202606231448,215.21,215.21,215.24,215.08,32.0
202606231449,215.21,215.05,215.22,214.84,131.0
202606231450,214.94,214.9,215.02,214.88,6.0
202606231451,214.91,214.71,214.91,214.62,10.0
202606231452,214.72,214.85,214.93,214.71,27.0
202606231453,214.85,215.0,215.05,214.85,23.0
202606231454,215.01,215.12,215.17,215.01,15.0
202606231455,215.19,215.04,215.19,215.02,11.0
202606231456,215.05,215.04,215.05,215.04,4.0
202606231457,214.83,214.86,214.86,214.82,5.0
202606231458,214.82,214.92,214.93,214.81,11.0
202606231459,214.92,214.89,214.93,214.89,9.0
202606231500,214.96,214.96,214.96,214.96,5.0
202606231501,215.06,214.99,215.06,214.99,2.0
202606231502,214.93,214.95,214.95,214.93,4.0
202606231503,214.93,214.92,214.93,214.92,5.0
202606231504,214.95,214.93,214.97,214.92,11.0
202606231505,214.93,215.03,215.03,214.84,45.0
202606231506,215.12,215.08,215.16,215.08,10.0
202606231507,215.04,214.94,215.04,214.94,8.0
202606231508,214.94,214.83,214.94,214.8,13.0
202606231509,214.84,214.92,214.99,214.83,6.0
202606231510,214.89,214.67,214.89,214.67,12.0
202606231511,215.0,214.94,215.01,214.94,14.0
202606231512,215.03,215.2,215.2,215.03,14.0
202606231513,215.08,215.06,215.09,215.04,18.0
202606231514,215.17,215.05,215.23,215.03,38.0
202606231515,215.08,215.02,215.14,215.02,23.0
202606231516,215.14,215.25,215.26,214.99,62.0
202606231517,215.2,215.23,215.26,215.11,5.0
202606231518,215.24,215.23,215.26,215.1,14.0
202606231519,215.1,215.09,215.1,215.08,3.0
202606231520,215.01,214.98,215.01,214.98,3.0
202606231521,214.91,214.83,214.91,214.82,6.0
202606231522,214.82,214.83,214.83,214.8,15.0
202606231523,214.83,214.84,214.84,214.71,14.0
202606231524,214.84,214.76,214.84,214.76,9.0
202606231525,214.74,214.73,214.74,214.72,4.0
202606231526,214.58,214.69,214.69,214.58,11.0
202606231527,214.64,214.64,214.64,214.63,1.0
202606231528,214.64,214.57,214.67,214.55,18.0
202606231529,214.56,214.61,214.61,214.56,14.0
202606231530,214.61,214.91,214.91,214.61,21.0
202606231531,214.95,214.88,215.04,214.88,8.0
202606231532,215.01,214.84,215.01,214.84,50.0
202606231533,214.89,214.95,214.95,214.89,21.0
202606231534,214.97,214.97,215.09,214.96,25.0
202606231535,214.98,215.0,215.07,214.93,31.0
202606231536,214.92,214.77,214.92,214.77,6.0
202606231537,214.69,214.67,214.76,214.67,4.0
202606231538,214.66,214.76,214.76,214.62,3.0
202606231539,214.69,214.66,214.75,214.66,4.0
202606231540,214.7,214.72,214.72,214.7,7.0
202606231541,214.58,214.63,214.63,214.58,3.0
202606231542,214.57,214.63,214.65,214.56,6.0
202606231543,214.62,214.71,214.71,214.56,14.0
202606231544,214.71,214.71,214.71,214.71,0.0
202606231545,214.58,214.66,214.66,214.58,7.0
202606231546,214.76,214.69,214.76,214.61,6.0
202606231547,214.6,214.6,214.6,214.6,1.0
202606231548,214.79,214.98,215.06,214.7,75.0
202606231549,214.98,214.98,214.98,214.98,1.0
202606231550,214.98,214.98,214.98,214.86,8.0
202606231551,215.11,215.14,215.27,214.96,238.0
202606231552,215.15,215.2,215.42,215.12,280.0
202606231553,215.01,215.08,215.08,215.01,4.0
202606231554,215.08,214.94,215.08,214.94,6.0
202606231555,214.98,214.9,214.98,214.9,11.0
202606231556,215.04,214.96,215.04,214.87,15.0
202606231557,214.74,215.03,215.05,214.74,61.0
202606231558,214.94,214.94,214.94,214.94,1.0
202606231559,215.05,214.99,215.05,214.96,3.0
202606231600,214.96,215.08,215.08,214.96,11.0
202606231601,215.06,215.0,215.06,215.0,2.0
202606231602,215.05,215.05,215.05,215.0,8.0
202606231603,215.04,214.93,215.04,214.93,4.0
202606231604,215.01,214.94,215.01,214.94,2.0
202606231605,214.9,215.1,215.1,214.9,7.0
202606231606,215.04,215.22,215.24,215.04,4.0
202606231607,215.28,215.14,215.28,215.09,45.0
202606231608,215.15,215.2,215.27,215.14,12.0
202606231609,215.2,215.26,215.26,215.2,7.0
202606231610,215.3,215.33,215.33,215.28,14.0
202606231611,215.24,215.21,215.33,215.21,9.0
202606231612,215.11,215.01,215.11,215.01,11.0
202606231613,214.99,214.92,214.99,214.82,44.0
202606231614,214.79,214.93,214.93,214.79,6.0
202606231615,214.93,214.98,215.04,214.93,12.0
202606231616,214.98,214.93,214.98,214.8,17.0
202606231617,214.87,214.88,214.95,214.87,3.0
202606231618,214.87,214.85,214.93,214.78,17.0
202606231619,214.84,214.84,214.85,214.84,8.0
202606231620,214.85,214.78,214.86,214.78,7.0
202606231621,214.86,214.96,214.96,214.86,6.0
202606231622,214.89,214.89,214.89,214.88,2.0
202606231623,214.9,214.79,214.9,214.79,8.0
202606231624,214.72,214.71,214.72,214.71,2.0
202606231625,214.71,214.72,214.72,214.64,11.0
202606231626,214.79,214.75,214.8,214.75,9.0
202606231627,214.76,214.84,214.87,214.75,12.0
202606231628,214.8,214.8,214.81,214.79,4.0
202606231629,214.8,214.74,214.8,214.74,3.0
202606231630,214.74,214.82,214.82,214.74,2.0
202606231631,214.89,214.98,215.09,214.89,25.0
202606231632,214.98,215.0,215.11,214.91,16.0
202606231633,214.9,214.95,214.95,214.9,4.0
202606231634,214.94,215.04,215.04,214.94,3.0
202606231635,214.95,215.27,215.27,214.94,28.0
202606231636,215.27,215.21,215.27,215.17,11.0
202606231637,215.16,215.17,215.17,215.12,10.0
202606231638,215.06,215.12,215.17,215.05,9.0
202606231639,215.19,215.09,215.26,215.08,30.0
202606231640,215.13,215.13,215.13,215.12,1.0
202606231641,215.14,215.14,215.14,215.04,20.0
202606231642,215.1,215.04,215.13,214.99,9.0
202606231643,215.04,214.84,215.04,214.84,13.0
202606231644,214.89,214.88,214.98,214.83,40.0
202606231645,214.89,214.89,214.93,214.87,8.0
202606231646,214.89,214.91,214.91,214.88,7.0
202606231647,214.84,214.72,214.88,214.71,18.0
202606231648,214.69,214.69,214.69,214.69,1.0
202606231649,214.69,214.64,214.69,214.64,7.0
202606231650,214.69,214.69,214.69,214.68,3.0
202606231651,214.68,214.64,214.68,214.59,15.0
202606231652,214.68,214.63,214.75,214.6,26.0
202606231653,214.66,214.69,214.69,214.66,3.0
202606231654,214.67,214.67,214.77,214.61,69.0
202606231655,214.67,214.83,214.92,214.66,13.0
202606231656,214.79,214.74,214.79,214.68,17.0
202606231657,214.75,214.73,214.75,214.69,11.0
202606231658,214.74,214.7,214.8,214.68,14.0
202606231659,214.69,214.69,214.75,214.68,21.0
202606231700,214.77,214.72,214.83,214.71,31.0
202606231701,214.74,214.83,214.83,214.74,8.0
202606231702,214.83,214.87,214.87,214.68,28.0
202606231703,214.84,214.84,214.84,214.84,1.0
202606231704,214.81,214.91,214.91,214.81,8.0
202606231705,214.93,214.77,214.94,214.76,32.0
202606231706,214.77,214.9,214.9,214.76,39.0
202606231707,214.9,214.82,214.9,214.81,12.0
202606231708,214.71,214.67,214.81,214.67,16.0
202606231709,214.74,214.78,214.83,214.74,6.0
202606231710,214.82,214.77,214.84,214.75,13.0
202606231711,214.77,214.77,214.77,214.76,1.0
202606231712,214.77,214.71,214.78,214.71,11.0
202606231713,214.74,214.74,214.78,214.74,6.0
202606231714,214.74,214.77,214.78,214.71,16.0
202606231715,214.75,214.75,214.75,214.75,5.0
202606231716,214.75,214.75,214.75,214.75,0.0
202606231717,214.75,214.69,214.75,214.64,21.0
202606231718,214.63,214.85,214.85,214.62,21.0
202606231719,214.75,214.8,214.8,214.71,17.0
202606231720,214.77,214.78,214.78,214.67,4.0
202606231721,214.87,214.81,214.89,214.78,40.0
202606231722,214.81,214.74,214.9,214.74,60.0
202606231723,214.77,214.84,214.84,214.77,14.0
202606231724,214.85,214.82,214.85,214.82,9.0
202606231725,214.82,214.8,214.85,214.79,10.0
202606231726,214.79,214.79,214.79,214.79,8.0
202606231727,214.79,214.71,214.79,214.7,15.0
202606231728,214.65,214.73,214.76,214.62,55.0
202606231729,214.73,214.63,214.73,214.62,15.0
202606231730,214.68,214.59,214.68,214.59,7.0
202606231731,214.67,214.65,214.67,214.59,4.0
202606231732,214.63,214.47,214.63,214.39,41.0
202606231733,214.51,214.53,214.63,214.51,57.0
202606231734,214.55,214.68,214.72,214.55,26.0
202606231735,214.71,214.66,214.71,214.56,3.0
202606231736,214.59,214.73,214.73,214.45,45.0
202606231737,214.68,214.7,214.87,214.63,15.0
202606231738,214.68,214.81,214.82,214.67,14.0
202606231739,214.76,214.94,214.97,214.71,47.0
202606231740,214.94,214.88,214.94,214.88,45.0
202606231741,214.85,214.77,214.94,214.77,23.0
202606231742,214.67,214.68,214.78,214.67,18.0
202606231743,214.68,214.44,214.68,214.44,13.0
202606231744,214.55,214.49,214.55,214.49,4.0
202606231745,214.49,214.47,214.54,214.47,21.0
202606231746,214.47,214.46,214.47,214.37,12.0
202606231747,214.46,214.46,214.46,214.4,5.0
202606231748,214.46,214.42,214.47,214.42,11.0
202606231749,214.52,214.46,214.52,214.41,16.0
202606231750,214.46,214.5,214.55,214.46,41.0
202606231751,214.5,214.5,214.5,214.49,5.0
202606231752,214.5,214.44,214.5,214.43,6.0
202606231753,214.37,214.4,214.45,214.36,46.0
202606231754,214.42,214.43,214.5,214.41,28.0
202606231755,214.4,214.29,214.4,214.29,12.0
202606231756,214.32,214.38,214.38,214.3,9.0
202606231757,214.39,214.35,214.39,214.34,6.0
202606231758,214.46,214.43,214.46,214.43,9.0
202606231759,214.42,214.48,214.48,214.42,11.0
202606231800,214.54,214.47,214.55,214.43,33.0
202606231801,214.44,214.31,214.44,214.31,5.0
202606231802,214.32,214.32,214.4,214.32,7.0
202606231803,214.32,214.27,214.32,214.27,17.0
202606231804,214.27,214.27,214.27,214.2,42.0
202606231805,214.26,214.26,214.26,214.25,3.0
202606231806,214.28,214.3,214.33,214.23,19.0
202606231807,214.3,214.3,214.3,214.29,6.0
202606231808,214.23,214.29,214.29,214.23,2.0
202606231809,214.35,214.34,214.38,214.34,7.0
202606231810,214.3,214.3,214.34,214.22,62.0
202606231811,214.27,214.29,214.34,214.27,60.0
202606231812,214.31,214.28,214.34,214.24,21.0
202606231813,214.29,214.23,214.32,214.22,16.0
202606231814,214.23,214.27,214.33,214.22,13.0
202606231815,214.32,214.29,214.32,214.2,10.0
202606231816,214.29,214.15,214.32,214.15,28.0
202606231817,214.19,214.26,214.26,214.18,19.0
202606231818,214.28,214.2,214.28,214.2,25.0
202606231819,214.24,214.3,214.3,214.12,49.0
202606231820,214.23,214.15,214.25,214.12,25.0
202606231821,214.15,214.15,214.15,214.15,7.0
202606231822,214.15,214.23,214.29,214.1,29.0
202606231823,214.23,214.23,214.23,214.23,0.0
202606231824,214.2,214.26,214.35,214.19,269.0
202606231825,214.29,214.21,214.29,214.2,16.0
202606231826,214.21,214.11,214.21,214.11,7.0
202606231827,214.11,214.0,214.17,214.0,18.0
202606231828,213.96,213.96,214.07,213.86,19.0
202606231829,213.96,213.96,213.96,213.95,4.0
202606231830,213.98,213.98,213.98,213.94,12.0
202606231831,213.85,213.84,213.94,213.8,30.0
202606231832,213.82,213.79,213.82,213.72,11.0
202606231833,213.79,213.78,213.79,213.78,17.0
202606231834,213.78,213.8,213.88,213.75,15.0
202606231835,213.82,213.78,213.85,213.78,11.0
202606231836,213.75,213.74,213.75,213.73,4.0
202606231837,213.74,213.64,213.74,213.64,13.0
202606231838,213.63,213.7,213.7,213.62,23.0
202606231839,213.69,213.66,213.69,213.62,14.0
202606231840,213.7,213.7,213.75,213.64,26.0
202606231841,213.71,213.71,213.71,213.68,8.0
202606231842,213.71,213.65,213.71,213.61,21.0
202606231843,213.65,213.6,213.65,213.59,14.0
202606231844,213.51,213.61,213.61,213.51,16.0
202606231845,213.6,213.7,213.71,213.6,11.0
202606231846,213.7,213.79,213.79,213.69,32.0
202606231847,213.77,213.75,213.77,213.74,3.0
202606231848,213.74,213.8,213.8,213.74,3.0
202606231849,213.83,213.84,213.91,213.81,13.0
202606231850,213.91,213.89,213.94,213.88,9.0
202606231851,213.89,213.83,213.9,213.79,11.0
202606231852,213.84,213.84,213.84,213.83,14.0
202606231853,213.84,213.77,213.88,213.77,17.0
202606231854,213.78,213.82,213.87,213.78,11.0
202606231855,213.82,213.82,213.82,213.82,15.0
202606231856,213.82,213.9,213.92,213.81,13.0
202606231857,213.9,213.88,213.9,213.88,6.0
202606231858,213.88,214.01,214.02,213.88,46.0
202606231859,214.02,214.03,214.03,213.93,19.0
202606231900,213.9,213.87,213.92,213.83,12.0
202606231901,213.87,213.87,213.9,213.82,48.0
202606231902,213.87,213.88,213.92,213.87,21.0
202606231903,213.85,213.92,213.95,213.85,25.0
202606231904,213.85,214.0,214.01,213.85,43.0
202606231905,214.03,214.18,214.18,214.01,54.0
202606231906,214.14,214.07,214.15,214.07,22.0
202606231907,214.14,214.15,214.24,214.14,37.0
202606231908,214.35,214.45,214.45,214.35,14.0
202606231909,214.34,214.35,214.36,214.28,13.0
202606231910,214.4,214.46,214.46,214.4,22.0
202606231911,214.46,214.39,214.46,214.33,12.0
202606231912,214.41,214.37,214.43,214.33,16.0
202606231913,214.34,214.33,214.34,214.24,17.0
202606231914,214.23,214.33,214.33,214.23,24.0
202606231915,214.36,214.38,214.38,214.35,9.0
202606231916,214.36,214.36,214.36,214.35,25.0
202606231917,214.36,214.36,214.4,214.3,5.0
202606231918,214.28,214.21,214.33,214.21,18.0
202606231919,214.22,214.21,214.27,214.2,34.0
202606231920,214.26,214.38,214.38,214.25,20.0
202606231921,214.39,214.43,214.5,214.39,15.0
202606231922,214.43,214.47,214.5,214.41,40.0
202606231923,214.46,214.37,214.46,214.37,6.0
202606231924,214.37,214.4,214.4,214.34,12.0
202606231925,214.37,214.39,214.4,214.31,10.0
202606231926,214.39,214.17,214.39,214.14,266.0
202606231927,214.12,214.16,214.21,214.12,8.0
202606231928,214.17,214.21,214.21,214.14,10.0
202606231929,214.22,214.17,214.22,214.13,15.0
202606231930,214.05,214.14,214.14,214.05,8.0
202606231931,214.11,213.93,214.11,213.93,37.0
202606231932,213.94,213.78,214.0,213.72,59.0
202606231933,213.78,213.66,213.83,213.66,24.0
202606231934,213.61,213.64,213.7,213.56,19.0
202606231935,213.64,213.49,213.65,213.34,48.0
202606231936,213.44,213.36,213.46,213.26,16.0
202606231937,213.48,213.57,213.68,213.41,76.0
202606231938,213.55,213.55,213.55,213.48,11.0
202606231939,213.5,213.55,213.55,213.42,36.0
202606231940,213.54,213.61,213.61,213.5,17.0
202606231941,213.6,213.66,213.66,213.55,36.0
202606231942,213.66,213.59,213.66,213.59,11.0
202606231943,213.63,213.65,213.66,213.57,48.0
202606231944,213.65,213.81,213.86,213.6,78.0
202606231945,213.81,214.11,214.14,213.8,62.0
202606231946,214.08,214.21,214.21,214.03,61.0
202606231947,214.21,214.13,214.21,214.03,97.0
202606231948,214.22,214.4,214.4,214.22,51.0
202606231949,214.35,214.61,214.65,214.34,82.0
202606231950,214.61,214.61,214.67,214.47,126.0
202606231951,214.6,214.44,214.69,214.37,76.0
202606231952,214.44,214.53,214.58,214.39,137.0
202606231953,214.47,214.29,214.52,214.26,120.0
202606231954,214.29,214.25,214.37,214.16,98.0
202606231955,214.13,214.31,214.35,214.11,232.0
202606231956,214.31,214.12,214.35,214.12,276.0
202606231957,214.19,213.98,214.21,213.92,284.0
202606231958,214.01,213.84,214.14,213.84,524.0
202606231959,213.88,213.49,213.9,213.4,808.0
202606232000,213.49,213.49,213.49,213.49,0.0
202606232001,214.12,214.12,214.13,214.12,16.0
202606232002,213.54,213.54,213.54,213.54,5168.0
202606232003,214.12,214.12,214.13,214.12,95.0
202606232004,214.12,214.12,214.12,214.12,0.0
202606232005,214.12,214.12,214.12,214.12,0.0
202606232006,214.12,214.12,214.12,214.12,0.0
202606232007,214.12,214.12,214.12,214.12,0.0
202606232008,214.12,214.12,214.12,214.12,0.0
202606232009,214.12,214.12,214.12,214.12,0.0
202606232010,214.12,214.12,214.12,214.12,0.0
202606232011,214.12,214.12,214.12,214.12,0.0
202606232012,214.12,214.12,214.12,214.12,0.0
202606232013,214.12,214.12,214.12,214.12,0.0
202606232014,214.12,214.12,214.12,214.12,0.0
202606232015,214.12,214.12,214.12,214.12,0.0
202606232016,214.12,214.12,214.12,214.12,0.0
202606232017,214.12,214.12,214.12,214.12,0.0
202606232018,214.12,214.12,214.12,214.12,0.0
202606232019,214.12,214.12,214.12,214.12,0.0
202606232020,214.12,214.12,214.12,214.12,0.0
202606232021,214.12,214.12,214.12,214.12,0.0
202606232022,214.12,214.12,214.12,214.12,0.0
202606232023,214.12,214.12,214.12,214.12,0.0
202606232024,214.12,214.12,214.12,214.12,0.0
202606232025,214.12,214.12,214.12,214.12,0.0
202606232026,214.12,214.12,214.12,214.12,0.0
202606232027,214.12,214.12,214.12,214.12,0.0
202606232028,214.12,214.12,214.12,214.12,0.0
202606232029,214.12,214.12,214.12,214.12,0.0
202606232030,214.12,214.12,214.12,214.12,0.0
202606232031,214.12,214.12,214.12,214.12,0.0
202606232032,213.92,213.86,213.92,213.86,4.0
202606232033,213.86,213.86,213.86,213.86,0.0
202606232034,213.86,213.86,213.86,213.86,0.0
202606232035,213.86,213.86,213.86,213.86,0.0
202606232036,213.86,213.86,213.86,213.86,0.0
202606232037,213.86,213.86,213.86,213.86,0.0
202606232038,213.86,213.86,213.86,213.86,0.0
202606232039,213.86,213.86,213.86,213.86,0.0
202606232040,213.86,213.86,213.86,213.86,0.0
202606232041,213.86,213.86,213.86,213.86,0.0
202606232042,213.86,213.86,213.86,213.86,0.0
202606232043,213.86,213.86,213.86,213.86,0.0
202606232044,213.86,213.86,213.86,213.86,0.0
202606232045,213.86,213.86,213.86,213.86,0.0
202606232046,213.86,213.86,213.86,213.86,0.0
202606232047,213.86,213.86,213.86,213.86,0.0
202606232048,213.86,213.86,213.86,213.86,0.0
202606232049,213.86,213.86,213.86,213.86,0.0
202606232050,213.86,213.86,213.86,213.86,0.0
202606232051,213.86,213.86,213.86,213.86,0.0
202606232052,213.86,213.86,213.86,213.86,0.0
202606232053,213.86,213.86,213.86,213.86,0.0
202606232054,213.86,213.86,213.86,213.86,0.0
202606232055,213.86,213.86,213.86,213.86,0.0
202606232056,213.86,213.86,213.86,213.86,0.0
202606232057,213.86,213.86,213.86,213.86,0.0
202606232058,213.86,213.86,213.86,213.86,0.0
202606232059,213.86,213.86,213.86,213.86,0.0
202606232100,213.86,213.86,213.86,213.86,0.0
202606232101,213.86,213.86,213.86,213.86,0.0
202606232102,213.86,213.86,213.86,213.86,0.0
202606232103,213.86,213.86,213.86,213.86,0.0
202606232104,213.86,213.86,213.86,213.86,0.0
202606232105,213.86,213.86,213.86,213.86,0.0
202606232106,213.86,213.86,213.86,213.86,0.0
202606232107,213.86,213.86,213.86,213.86,0.0
202606232108,213.86,213.86,213.86,213.86,0.0
202606232109,213.86,213.86,213.86,213.86,0.0
202606232110,213.86,213.86,213.86,213.86,0.0
202606232111,213.86,213.86,213.86,213.86,0.0
202606232112,213.86,213.86,213.86,213.86,0.0
202606232113,213.86,213.86,213.86,213.86,0.0
202606232114,213.86,213.86,213.86,213.86,0.0
202606232115,213.86,213.86,213.86,213.86,0.0
202606232116,213.86,213.86,213.86,213.86,0.0
202606232117,213.86,213.86,213.86,213.86,0.0
202606232118,213.86,213.86,213.86,213.86,0.0
202606232119,213.86,213.86,213.86,213.86,0.0
202606232120,213.86,213.86,213.86,213.86,0.0
202606232121,213.86,213.86,213.86,213.86,0.0
202606232122,213.86,213.86,213.86,213.86,0.0
202606232123,213.86,213.86,213.86,213.86,0.0
202606232124,213.86,213.86,213.86,213.86,0.0
202606232125,213.86,213.86,213.86,213.86,0.0
202606232126,213.86,213.86,213.86,213.86,0.0
202606232127,213.86,213.86,213.86,213.86,0.0
202606232128,213.86,213.86,213.86,213.86,0.0
202606232129,213.86,213.86,213.86,213.86,0.0
202606232130,213.86,213.86,213.86,213.86,0.0
202606232131,213.86,213.86,213.86,213.86,0.0
202606232132,213.86,213.86,213.86,213.86,0.0
202606232133,213.86,213.86,213.86,213.86,0.0
202606232134,213.86,213.86,213.86,213.86,0.0
202606232135,213.86,213.86,213.86,213.86,0.0
202606232136,213.86,213.86,213.86,213.86,0.0
202606232137,213.86,213.86,213.86,213.86,0.0
202606232138,213.86,213.86,213.86,213.86,0.0
202606232139,213.86,213.86,213.86,213.86,0.0
202606232140,213.86,213.86,213.86,213.86,0.0
202606232141,213.86,213.86,213.86,213.86,0.0
202606232142,213.86,213.86,213.86,213.86,0.0
202606232143,213.86,213.86,213.86,213.86,0.0
202606232144,213.86,213.86,213.86,213.86,0.0
202606232145,213.86,213.86,213.86,213.86,0.0
202606232146,213.86,213.86,213.86,213.86,0.0
202606232147,213.86,213.86,213.86,213.86,0.0
202606232148,213.86,213.86,213.86,213.86,0.0
202606232149,213.86,213.86,213.86,213.86,0.0
202606232150,213.86,213.86,213.86,213.86,0.0
202606232151,213.86,213.86,213.86,213.86,0.0
202606232152,213.86,213.86,213.86,213.86,0.0
202606232153,213.86,213.86,213.86,213.86,0.0
202606232154,213.86,213.86,213.86,213.86,0.0
202606232155,213.86,213.86,213.86,213.86,0.0
202606232156,213.86,213.86,213.86,213.86,0.0
202606232157,213.86,213.86,213.86,213.86,0.0
202606232158,213.86,213.86,213.86,213.86,0.0
202606232159,213.86,213.86,213.86,213.86,0.0
202606232200,213.86,213.86,213.86,213.86,0.0
202606232201,213.86,213.86,213.86,213.86,0.0
202606232202,213.86,213.86,213.86,213.86,0.0
202606232203,213.86,213.86,213.86,213.86,0.0
202606232204,213.86,213.86,213.86,213.86,0.0
202606232205,213.86,213.86,213.86,213.86,0.0
202606232206,213.86,213.86,213.86,213.86,0.0
202606232207,213.86,213.86,213.86,213.86,0.0
202606232208,213.86,213.86,213.86,213.86,0.0
202606232209,213.86,213.86,213.86,213.86,0.0
202606232210,213.86,213.86,213.86,213.86,0.0
202606232211,213.86,213.86,213.86,213.86,0.0
202606232212,213.86,213.86,213.86,213.86,0.0
202606232213,213.86,213.86,213.86,213.86,0.0
202606232214,213.86,213.86,213.86,213.86,0.0
202606232215,213.86,213.86,213.86,213.86,0.0
202606232216,213.86,213.86,213.86,213.86,0.0
202606232217,213.86,213.86,213.86,213.86,0.0
202606232218,213.86,213.86,213.86,213.86,0.0
202606232219,213.86,213.86,213.86,213.86,0.0
202606232220,213.86,213.86,213.86,213.86,0.0
202606232221,213.86,213.86,213.86,213.86,0.0
202606232222,213.86,213.86,213.86,213.86,0.0
202606232223,213.86,213.86,213.86,213.86,0.0
202606232224,213.86,213.86,213.86,213.86,0.0
202606232225,213.86,213.86,213.86,213.86,0.0
202606232226,213.86,213.86,213.86,213.86,0.0
202606232227,213.86,213.86,213.86,213.86,0.0
202606232228,213.86,213.86,213.86,213.86,0.0
202606232229,213.86,213.86,213.86,213.86,0.0
202606232230,213.86,213.86,213.86,213.86,0.0
202606232231,213.86,213.86,213.86,213.86,0.0
202606232232,213.86,213.86,213.86,213.86,0.0
202606232233,213.86,213.86,213.86,213.86,0.0
202606232234,213.86,213.86,213.86,213.86,0.0
202606232235,213.86,213.86,213.86,213.86,0.0
202606232236,213.86,213.86,213.86,213.86,0.0
202606232237,213.86,213.86,213.86,213.86,0.0
202606232238,213.86,213.86,213.86,213.86,0.0
202606232239,213.86,213.86,213.86,213.86,0.0
202606232240,213.86,213.86,213.86,213.86,0.0
202606232241,213.86,213.86,213.86,213.86,0.0
202606232242,213.86,213.86,213.86,213.86,0.0
202606232243,213.86,213.86,213.86,213.86,0.0
202606232244,213.86,213.86,213.86,213.86,0.0
202606232245,213.86,213.86,213.86,213.86,0.0
202606232246,213.86,213.86,213.86,213.86,0.0
202606232247,213.86,213.86,213.86,213.86,0.0
202606232248,213.86,213.86,213.86,213.86,0.0
202606232249,213.86,213.86,213.86,213.86,0.0
202606232250,213.86,213.86,213.86,213.86,0.0
202606232251,213.86,213.86,213.86,213.86,0.0
202606232252,213.86,213.86,213.86,213.86,0.0
202606232253,213.86,213.86,213.86,213.86,0.0
202606232254,213.86,213.86,213.86,213.86,0.0
202606232255,213.86,213.86,213.86,213.86,0.0
202606232256,213.86,213.86,213.86,213.86,0.0
202606232257,213.86,213.86,213.86,213.86,0.0
202606232258,213.86,213.86,213.86,213.86,0.0
202606232259,213.86,213.86,213.86,213.86,0.0
202606232300,213.86,213.86,213.86,213.86,0.0
202606232301,213.86,213.86,213.86,213.86,0.0
202606232302,213.86,213.86,213.86,213.86,0.0
202606232303,213.86,213.86,213.86,213.86,0.0
202606232304,213.86,213.86,213.86,213.86,0.0
202606232305,213.86,213.86,213.86,213.86,0.0
202606232306,213.86,213.86,213.86,213.86,0.0
202606232307,213.86,213.86,213.86,213.86,0.0
202606232308,213.86,213.86,213.86,213.86,0.0
202606232309,213.86,213.86,213.86,213.86,0.0
202606232310,213.86,213.86,213.86,213.86,0.0
202606232311,213.86,213.86,213.86,213.86,0.0
202606232312,213.86,213.86,213.86,213.86,0.0
202606232313,213.86,213.86,213.86,213.86,0.0
202606232314,213.86,213.86,213.86,213.86,0.0
202606232315,213.86,213.86,213.86,213.86,0.0
202606232316,213.86,213.86,213.86,213.86,0.0
202606232317,213.86,213.86,213.86,213.86,0.0
202606232318,213.86,213.86,213.86,213.86,0.0
202606232319,213.86,213.86,213.86,213.86,0.0
202606232320,213.86,213.86,213.86,213.86,0.0
202606232321,213.86,213.86,213.86,213.86,0.0
202606232322,213.86,213.86,213.86,213.86,0.0
202606232323,213.86,213.86,213.86,213.86,0.0
202606232324,213.86,213.86,213.86,213.86,0.0
202606232325,213.86,213.86,213.86,213.86,0.0
202606232326,213.86,213.86,213.86,213.86,0.0
202606232327,213.86,213.86,213.86,213.86,0.0
202606232328,213.86,213.86,213.86,213.86,0.0
202606232329,213.86,213.86,213.86,213.86,0.0
202606232330,213.86,213.86,213.86,213.86,0.0
202606232331,213.86,213.86,213.86,213.86,0.0
202606232332,213.86,213.86,213.86,213.86,0.0
202606232333,213.86,213.86,213.86,213.86,0.0
202606232334,213.86,213.86,213.86,213.86,0.0
202606232335,213.86,213.86,213.86,213.86,0.0
202606232336,213.86,213.86,213.86,213.86,0.0
202606232337,213.86,213.86,213.86,213.86,0.0
202606232338,213.86,213.86,213.86,213.86,0.0
202606232339,213.86,213.86,213.86,213.86,0.0
202606232340,213.86,213.86,213.86,213.86,0.0
202606232341,213.86,213.86,213.86,213.86,0.0
202606232342,213.86,213.86,213.86,213.86,0.0
202606232343,213.86,213.86,213.86,213.86,0.0
202606232344,213.86,213.86,213.86,213.86,0.0
202606232345,213.86,213.86,213.86,213.86,0.0
202606232346,213.86,213.86,213.86,213.86,0.0
202606232347,213.86,213.86,213.86,213.86,0.0
202606232348,213.86,213.86,213.86,213.86,0.0
202606232349,213.86,213.86,213.86,213.86,0.0
202606232350,213.86,213.86,213.86,213.86,0.0
202606232351,213.86,213.86,213.86,213.86,0.0
202606232352,213.86,213.86,213.86,213.86,0.0
202606232353,213.86,213.86,213.86,213.86,0.0
202606232354,213.86,213.86,213.86,213.86,0.0
202606232355,213.86,213.86,213.86,213.86,0.0
202606232356,213.86,213.86,213.86,213.86,0.0
202606232357,213.86,213.86,213.86,213.86,0.0
202606232358,213.86,213.86,213.86,213.86,0.0
202606232359,213.86,213.86,213.86,213.86,0.0
202606240800,213.54,219.0382,219.0382,213.54,0.0
202606240801,213.54,213.72,214.0,213.54,0.0
202606240804,213.72,213.7,214.0,213.7,0.0
202606240805,213.7,213.7,213.7,213.7,0.0
202606240818,213.7,213.7,213.7,213.7,0.0
202606240830,214.0,214.0,214.0,214.0,0.0
202606240841,214.0,214.0,214.0,214.0,0.0
202606240936,214.0,214.0,214.0,214.0,0.0
202606241100,214.0,214.0,214.0,214.0,0.0
202606241101,214.0,214.0,214.0,214.0,0.0
202606241106,214.0,214.0,214.0,214.0,0.0
202606241119,214.0,214.0,214.0,214.0,0.0
202606241123,214.0,214.0,214.0,214.0,0.0
202606241125,215.0,215.0,215.0,215.0,0.0
202606241131,214.0,214.0,214.0,214.0,0.0
202606241136,213.6,213.55,213.72,213.55,0.0
202606241148,214.0,214.0,214.0,214.0,0.0
202606241149,214.0,214.0,214.0,214.0,0.0
202606241202,214.0,214.0,214.0,214.0,0.0
202606241204,214.0,214.25,214.25,214.0,0.0
202606241205,214.8766,214.8766,214.8766,214.8766,0.0
202606241233,214.88,214.88,214.88,214.88,0.0
202606241238,214.07,214.07,214.07,214.07,0.0
202606241245,214.07,214.07,214.07,214.07,0.0
202606241256,214.17,214.07,214.17,214.07,0.0
202606241258,214.07,214.0,214.07,214.0,0.0
202606241259,214.02,214.0,214.02,214.0,0.0
202606241300,214.6,214.6,214.6,214.58,0.0
202606241302,214.6,214.6,214.6,214.6,0.0
202606241303,214.8,214.8,214.8,214.8,0.0
202606241304,214.63,214.63,214.63,214.63,0.0
202606241305,203.57,203.57,203.57,203.57,0.0
202606241307,214.63,214.63,214.63,214.63,0.0
202606241310,214.7,214.8,214.8,214.7,0.0
202606241313,214.62,214.62,214.62,214.62,0.0
202606241330,215.77999877929688,215.4199981689453,216.03500366210938,215.33999633789062,13394.0
202606241331,215.7899932861328,215.98500061035156,215.98500061035156,215.4199981689453,3033.0
202606241332,215.50999450683594,215.5399932861328,215.5399932861328,215.50999450683594,1065.0
202606241334,216.55999755859375,218.04249572753906,218.2899932861328,216.52999877929688,55931.0
202606241335,218.1199951171875,217.9499969482422,218.5,217.68899536132812,8297.0
202606241336,217.60000610351562,217.8800048828125,217.9499969482422,217.5,1975.0
202606241337,217.8657989501953,217.72000122070312,218.0,217.3300018310547,11479.0
202606241338,217.6699981689453,218.24000549316406,218.58999633789062,217.6699981689453,7918.0
202606241339,218.07000732421875,218.61000061035156,218.77000427246094,217.99000549316406,8294.0
202606241340,218.8800048828125,218.22999572753906,218.8800048828125,218.12399291992188,5836.0
202606241341,218.44000244140625,219.14500427246094,219.14500427246094,218.38999938964844,8412.0
202606241342,219.05599975585938,219.00999450683594,219.4600067138672,219.00999450683594,4435.0
202606241343,219.25999450683594,219.6300048828125,219.8699951171875,219.00999450683594,6364.0
202606241344,219.89999389648438,220.2899932861328,220.69000244140625,219.5637969970703,14265.0
202606241345,220.38560485839844,220.11000061035156,220.38560485839844,219.88999938964844,9991.0
202606241346,219.88999938964844,219.2949981689453,219.88999938964844,219.2949981689453,3859.0
202606241347,219.02000427246094,219.25,219.57000732421875,219.02000427246094,3718.0
202606241348,219.75999450683594,219.6699981689453,219.99000549316406,219.35000610351562,8548.0
202606241349,219.6699981689453,220.0800018310547,220.0800018310547,219.6699981689453,4962.0
202606241350,220.00999450683594,220.4199981689453,220.4199981689453,219.80999755859375,4662.0
202606241351,220.39999389648438,220.39999389648438,220.40499877929688,220.39999389648438,2213.0
202606241352,220.39500427246094,220.47999572753906,220.7100067138672,220.39500427246094,3187.0
202606241353,220.30580139160156,220.77000427246094,220.77000427246094,220.30580139160156,3980.0
202606241354,220.5399932861328,219.64999389648438,220.5399932861328,219.63999938964844,9434.0
202606241355,219.64999389648438,219.6300048828125,219.9250030517578,219.6300048828125,3364.0
202606241356,219.49000549316406,219.8800048828125,219.9600067138672,219.49000549316406,4257.0
202606241357,219.9499969482422,219.6699981689453,220.0,219.6699981689453,2741.0
202606241358,219.8000030517578,219.6750030517578,219.8000030517578,219.6750030517578,824.0
202606241359,219.6750030517578,219.25999450683594,219.6750030517578,219.25999450683594,4865.0
202606241400,219.02000427246094,218.84500122070312,219.14999389648438,218.75999450683594,5962.0
202606241401,218.83999633789062,219.03500366210938,219.07000732421875,218.83999633789062,9874.0
202606241402,219.0399932861328,219.11000061035156,219.33999633789062,219.0399932861328,3168.0
202606241403,219.27999877929688,218.71499633789062,219.27999877929688,218.6699981689453,3853.0
202606241404,218.71499633789062,218.58999633789062,218.86000061035156,218.32000732421875,23653.0
202606241405,218.58999633789062,218.94500732421875,219.0,218.4199981689453,14775.0
202606241406,219.19000244140625,218.89999389648438,219.47999572753906,218.85000610351562,20718.0
202606241407,219.14999389648438,218.92999267578125,219.16000366210938,218.9199981689453,7353.0
202606241408,218.92999267578125,219.0800018310547,219.10000610351562,218.7899932861328,12181.0
202606241409,219.05999755859375,219.16000366210938,219.2899932861328,219.0399932861328,13477.0
202606241410,219.1199951171875,219.1649932861328,219.1649932861328,219.1199951171875,2004.0
202606241411,219.1649932861328,218.8699951171875,219.2523956298828,218.77000427246094,7929.0
202606241412,218.89500427246094,218.6999969482422,219.02000427246094,218.6999969482422,4418.0
202606241413,218.67999267578125,218.8350067138672,218.8699951171875,218.55999755859375,10511.0
202606241414,218.85499572753906,218.93499755859375,218.93499755859375,218.8000030517578,3441.0
202606241415,218.93499755859375,218.69000244140625,218.93499755859375,218.68499755859375,2368.0
202606241416,218.76499938964844,219.00999450683594,219.07000732421875,218.67999267578125,6818.0
202606241417,218.85000610351562,219.0449981689453,219.16000366210938,218.84500122070312,11865.0
202606241418,219.0449981689453,219.00999450683594,219.0449981689453,218.82249450683594,4200.0
202606241419,219.00999450683594,218.98500061035156,219.0399932861328,218.76010131835938,4381.0
202606241420,218.9949951171875,219.2899932861328,219.2899932861328,218.99000549316406,8224.0
202606241421,219.2949981689453,219.2949981689453,219.2949981689453,219.24000549316406,3301.0
202606241422,219.1199951171875,219.44500732421875,219.78990173339844,219.10000610351562,10684.0
202606241423,219.52999877929688,219.80499267578125,219.80499267578125,219.52999877929688,7741.0
202606241424,219.99000549316406,219.85000610351562,220.00999450683594,219.85000610351562,4855.0
202606241425,219.87989807128906,219.51499938964844,219.87989807128906,219.47000122070312,3713.0
202606241426,219.41290283203125,219.22999572753906,219.52000427246094,219.05999755859375,7079.0
202606241427,219.25,219.10499572753906,219.25,218.97999572753906,2432.0
202606241428,219.493896484375,218.91000366210938,219.493896484375,218.91000366210938,8939.0
202606241429,219.0500030517578,219.1300048828125,219.1300048828125,219.0500030517578,1539.0
202606241430,219.13499450683594,219.0800018310547,219.13499450683594,218.97999572753906,12648.0
202606241431,219.33999633789062,219.58999633789062,219.68499755859375,219.13999938964844,21532.0
202606241432,219.69000244140625,219.64500427246094,219.75999450683594,219.55499267578125,11510.0
202606241433,219.6649932861328,219.3249969482422,219.7899932861328,219.3249969482422,13258.0
202606241434,219.34500122070312,219.07000732421875,219.34500122070312,219.0,2563.0
202606241435,219.07000732421875,218.8450927734375,219.07000732421875,218.69000244140625,8216.0
202606241436,218.69000244140625,218.57000732421875,218.69000244140625,218.57000732421875,749.0
202606241437,218.6999969482422,218.8249969482422,218.8249969482422,218.6999969482422,1122.0
202606241438,218.85000610351562,218.88499450683594,218.9199981689453,218.77999877929688,2671.0
202606241439,218.77999877929688,218.9199981689453,218.97999572753906,218.77999877929688,2154.0
202606241440,218.83999633789062,218.89999389648438,218.91000366210938,218.75999450683594,4370.0
202606241441,218.99000549316406,218.74000549316406,218.99000549316406,218.74000549316406,1576.0
202606241442,218.8249969482422,218.7301025390625,219.0,218.7301025390625,2423.0
202606241443,218.7449951171875,218.63999938964844,218.7449951171875,218.63999938964844,1845.0
202606241444,218.7884979248047,218.77999877929688,218.86920166015625,218.57000732421875,3903.0
202606241445,218.9499969482422,219.02000427246094,219.02000427246094,218.85000610351562,6565.0
202606241446,219.00999450683594,218.89999389648438,219.08999633789062,218.89999389648438,10834.0
202606241447,219.02999877929688,219.2550048828125,219.2899932861328,219.02999877929688,1976.0
202606241448,219.25,219.19000244140625,219.25999450683594,219.0800018310547,4201.0
202606241449,219.11500549316406,219.0399932861328,219.11500549316406,219.00010681152344,869.0
202606241450,219.19500732421875,219.375,219.52000427246094,219.19500732421875,14579.0
202606241451,219.25999450683594,219.42999267578125,219.4499969482422,219.22999572753906,3452.0
202606241452,219.47999572753906,219.46499633789062,219.49000549316406,219.3699951171875,2401.0
202606241453,219.44180297851562,219.49000549316406,219.49000549316406,219.41000366210938,3197.0
202606241454,219.50999450683594,219.65499877929688,219.7100067138672,219.50999450683594,3345.0
202606241455,219.67999267578125,219.8795928955078,219.8795928955078,219.67999267578125,2565.0
202606241456,219.86000061035156,219.85000610351562,219.86000061035156,219.4700927734375,2103.0
202606241457,219.8699951171875,219.99000549316406,220.00999450683594,219.8699951171875,3559.0
202606241458,219.97999572753906,219.9499969482422,219.97999572753906,219.83999633789062,1729.0
202606241459,220.0718994140625,219.97500610351562,220.0718994140625,219.9550018310547,2333.0
202606241500,220.0,220.0399932861328,220.10000610351562,219.97000122070312,6679.0
202606241501,220.11000061035156,220.38999938964844,220.38999938964844,220.10000610351562,5204.0
202606241502,220.47999572753906,220.57000732421875,220.57000732421875,220.3000030517578,43687.0
202606241503,220.63999938964844,220.65499877929688,220.69000244140625,220.37010192871094,8487.0
202606241504,220.69000244140625,220.7449951171875,220.83999633789062,220.69000244140625,3023.0
202606241505,220.88999938964844,221.2899932861328,221.2899932861328,220.8699951171875,6095.0
202606241506,221.2899932861328,221.0399932861328,221.2899932861328,220.91000366210938,7773.0
202606241507,221.35000610351562,221.2449951171875,221.47999572753906,221.2449951171875,2813.0
202606241508,221.27749633789062,221.19000244140625,221.27749633789062,221.0399932861328,2566.0
202606241509,221.19000244140625,220.8699951171875,221.19000244140625,220.8699951171875,2384.0
202606241510,220.9250030517578,220.9199981689453,220.99000549316406,220.7200927734375,8348.0
202606241511,220.97999572753906,221.16000366210938,221.1699981689453,220.97999572753906,4557.0
202606241512,221.24000549316406,221.3350067138672,221.3350067138672,221.24000549316406,2481.0
202606241513,221.3300018310547,221.3300018310547,221.3300018310547,221.3300018310547,779.0
202606241514,221.63999938964844,221.49000549316406,221.63999938964844,221.05999755859375,5575.0
202606241515,221.4499969482422,221.6199951171875,221.6300048828125,221.39999389648438,3636.0
202606241516,221.5,221.78500366210938,221.78500366210938,221.5,4056.0
202606241517,221.85000610351562,221.99000549316406,222.0,221.85000610351562,3528.0
202606241518,221.90350341796875,222.0,222.0,221.8699951171875,1979.0
202606241519,222.0800018310547,222.39340209960938,222.4499969482422,222.0800018310547,15293.0
202606241520,222.27999877929688,222.4499969482422,222.49000549316406,222.27999877929688,4121.0
202606241521,222.38999938964844,222.10000610351562,222.47999572753906,222.10000610351562,6155.0
202606241522,222.27499389648438,222.47999572753906,222.49000549316406,222.27499389648438,3286.0
202606241523,222.47500610351562,222.68499755859375,222.6999969482422,222.45799255371094,6266.0
202606241524,222.69000244140625,222.64999389648438,222.89990234375,222.42999267578125,5318.0
202606241525,222.64500427246094,222.44500732421875,222.74989318847656,222.25999450683594,6186.0
202606241526,222.4199981689453,222.32000732421875,222.4199981689453,222.2100067138672,3082.0
202606241527,222.32000732421875,222.4375,222.55999755859375,222.32000732421875,2643.0
202606241528,222.40499877929688,222.40499877929688,222.40499877929688,222.40499877929688,1834.0
202606241529,222.1699981689453,222.39999389648438,222.6199951171875,222.1699981689453,3902.0
202606241530,222.36000061035156,222.38999938964844,222.38999938964844,222.36000061035156,691.0
202606241531,222.1999969482422,222.0,222.22999572753906,222.0,5759.0
202606241532,222.0,222.1999969482422,222.27999877929688,221.9499969482422,21762.0
202606241534,222.07000732421875,222.0500030517578,222.1136932373047,221.9499969482422,1774.0
202606241535,221.9199981689453,221.75,221.9199981689453,221.75,2245.0
202606241536,221.69000244140625,221.81500244140625,221.81500244140625,221.69000244140625,3067.0
202606241537,221.81500244140625,221.82000732421875,221.82000732421875,221.7899932861328,1266.0
202606241538,221.7100067138672,221.64999389648438,221.72999572753906,221.61000061035156,3716.0
202606241539,221.60499572753906,221.58999633789062,221.67999267578125,221.55007934570312,4178.0
202606241540,221.51499938964844,221.44200134277344,221.5175018310547,221.44200134277344,928.0
202606241541,221.55999755859375,221.6300048828125,221.6300048828125,221.50999450683594,2910.0
202606241542,221.5,221.52000427246094,221.52499389648438,221.49000549316406,1980.0
202606241543,221.4600067138672,221.5,221.57000732421875,221.4600067138672,1800.0
202606241544,221.51499938964844,221.51499938964844,221.51499938964844,221.51499938964844,1016.0
202606241545,221.57000732421875,221.69000244140625,221.69000244140625,221.57000732421875,3373.0
202606241546,221.81500244140625,221.78500366210938,221.81500244140625,221.6999969482422,3179.0
202606241547,221.72999572753906,221.7550048828125,221.78500366210938,221.66000366210938,1918.0
202606241548,221.7550048828125,221.75,221.7550048828125,221.75,1495.0
202606241549,221.75,221.39999389648438,221.75,221.39999389648438,15816.0
202606241550,221.42999267578125,221.47999572753906,221.5399932861328,221.4199981689453,3615.0
202606241551,221.5,221.5,221.5,221.5,1123.0
202606241552,221.5,221.63999938964844,221.63999938964844,221.26499938964844,10246.0
202606241553,221.66799926757812,221.42999267578125,221.66799926757812,221.42999267578125,1696.0
202606241554,221.5500030517578,221.46170043945312,221.5500030517578,221.39999389648438,2294.0
202606241555,221.4499969482422,221.5399932861328,221.5399932861328,221.4499969482422,1062.0
202606241556,221.44000244140625,221.42999267578125,221.4499969482422,221.3699951171875,1309.0
202606241557,221.4550018310547,221.52000427246094,221.60000610351562,221.4550018310547,4451.0
202606241558,221.50999450683594,221.65989685058594,221.65989685058594,221.50999450683594,1404.0
202606241559,221.5449981689453,221.47000122070312,221.5574951171875,221.4199981689453,5547.0
202606241600,221.40499877929688,221.40499877929688,221.40499877929688,221.40499877929688,1187.0
202606241601,221.32000732421875,221.36000061035156,221.36000061035156,221.2899932861328,3562.0
202606241602,221.31309509277344,221.36000061035156,221.36000061035156,221.27499389648438,1969.0
202606241603,221.35499572753906,221.33999633789062,221.42999267578125,221.3300018310547,2250.0
202606241604,221.27000427246094,221.27999877929688,221.27999877929688,221.27000427246094,1456.0
202606241605,221.3300018310547,221.3300018310547,221.3300018310547,221.3300018310547,731.0
202606241606,221.39999389648438,221.42999267578125,221.4499969482422,221.375,2841.0
202606241607,221.47999572753906,221.5225067138672,221.5225067138672,221.47999572753906,1914.0
202606241608,221.61000061035156,221.6199951171875,221.6199951171875,221.5,7600.0
202606241609,221.55999755859375,221.52999877929688,221.55999755859375,221.5,4704.0
202606241610,221.55499267578125,221.6750030517578,221.6750030517578,221.55499267578125,2104.0
202606241611,221.6699981689453,221.76499938964844,221.76499938964844,221.6699981689453,1883.0
202606241612,221.74630737304688,221.889892578125,221.889892578125,221.74630737304688,2377.0
202606241613,221.88999938964844,221.82000732421875,221.88999938964844,221.80999755859375,1948.0
202606241614,221.74000549316406,221.80499267578125,221.80499267578125,221.72999572753906,2509.0
202606241615,221.80499267578125,221.9199981689453,222.04989624023438,221.80499267578125,2371.0
202606241616,221.8699951171875,221.75,221.8699951171875,221.75,3364.0
202606241617,221.8249969482422,221.91990661621094,221.91990661621094,221.8249969482422,1152.0
202606241618,221.72999572753906,221.6199951171875,221.82000732421875,221.6199951171875,5147.0
202606241619,221.5500030517578,221.72500610351562,221.72500610351562,221.5500030517578,1420.0
202606241620,221.72500610351562,221.6750030517578,221.73500061035156,221.64999389648438,1998.0
202606241621,221.72999572753906,221.73500061035156,221.7899932861328,221.72999572753906,1328.0
202606241622,221.75,221.75,221.76499938964844,221.72999572753906,2525.0
202606241623,221.69000244140625,221.6999969482422,221.80209350585938,221.58999633789062,4060.0
202606241624,221.6199951171875,221.5800018310547,221.6999969482422,221.5500030517578,2531.0
202606241625,221.6970977783203,221.5800018310547,221.6970977783203,221.5800018310547,3255.0
202606241626,221.6300048828125,221.58999633789062,221.6300048828125,221.55999755859375,2226.0
202606241628,221.59500122070312,221.57150268554688,221.7100067138672,221.57150268554688,1798.0
202606241629,221.57000732421875,221.5749969482422,221.5749969482422,221.57000732421875,2799.0
202606241631,221.69000244140625,221.63999938964844,221.69000244140625,221.625,1272.0
202606241632,221.63999938964844,221.6300048828125,221.63999938964844,221.61000061035156,1882.0
202606241633,221.5,221.39999389648438,221.5,221.39999389648438,2977.0
202606241634,221.47000122070312,221.4199981689453,221.4700927734375,221.4199981689453,2073.0
202606241635,221.47500610351562,221.4499969482422,221.47500610351562,221.4499969482422,11197.0
202606241636,221.50999450683594,221.2100067138672,221.50999450683594,221.2100067138672,6172.0
202606241637,221.2100067138672,221.22999572753906,221.33999633789062,221.2100067138672,2298.0
202606241638,221.22999572753906,221.25,221.25,221.22999572753906,1453.0
202606241639,221.10000610351562,220.7209930419922,221.19000244140625,220.7209930419922,5250.0
202606241640,220.91000366210938,220.8699951171875,220.91000366210938,220.8699951171875,2564.0
202606241641,220.91000366210938,220.85000610351562,220.91000366210938,220.85000610351562,2733.0
202606241642,220.84500122070312,220.83999633789062,220.84500122070312,220.8350067138672,2949.0
202606241643,220.72999572753906,220.72000122070312,220.78500366210938,220.72000122070312,1433.0
202606241644,220.77499389648438,220.86000061035156,220.89999389648438,220.7100067138672,2866.0
202606241645,220.8300018310547,220.7301025390625,220.8300018310547,220.7301025390625,1462.0
202606241646,220.72999572753906,220.69500732421875,220.72999572753906,220.63999938964844,4931.0
202606241647,220.77999877929688,220.9250030517578,220.9250030517578,220.75999450683594,3415.0
202606241648,220.96499633789062,220.99000549316406,221.0,220.96499633789062,4825.0
202606241649,221.0050048828125,220.93429565429688,221.0050048828125,220.93429565429688,953.0
202606241650,220.9949951171875,221.0500030517578,221.0500030517578,220.9949951171875,2604.0
202606241651,221.13499450683594,221.05999755859375,221.18670654296875,221.05999755859375,2318.0
202606241652,221.02000427246094,221.02000427246094,221.02000427246094,221.02000427246094,806.0
202606241653,220.9600067138672,220.9949951171875,220.9949951171875,220.8800048828125,2661.0
202606241654,221.0050048828125,220.9949951171875,221.0050048828125,220.83999633789062,2453.0
202606241655,220.8300018310547,220.8524932861328,220.90499877929688,220.7899932861328,2672.0
202606241656,220.80999755859375,220.86000061035156,220.86000061035156,220.80999755859375,1144.0
202606241657,220.6800994873047,220.84500122070312,220.9499969482422,220.6800994873047,3363.0
202606241658,221.02000427246094,220.99000549316406,221.10000610351562,220.99000549316406,650.0
202606241659,220.99000549316406,220.9600067138672,220.99000549316406,220.9600067138672,1181.0
202606241700,220.99000549316406,220.89999389648438,221.0,220.89999389648438,2862.0
202606241701,221.0050048828125,221.02999877929688,221.11000061035156,221.0050048828125,2042.0
202606241702,221.02999877929688,220.88499450683594,221.02999877929688,220.8800048828125,2258.0
202606241703,220.9550018310547,220.82679748535156,220.9550018310547,220.82679748535156,2240.0
202606241704,220.98500061035156,220.9250030517578,220.98500061035156,220.9250030517578,2865.0
202606241705,220.92999267578125,220.92999267578125,220.92999267578125,220.92999267578125,1224.0
202606241706,220.92999267578125,220.92999267578125,220.99000549316406,220.8300018310547,4097.0
202606241707,221.0299072265625,220.8300018310547,221.0299072265625,220.8300018310547,1237.0
202606241708,220.9199981689453,220.86000061035156,220.9199981689453,220.86000061035156,1880.0
202606241709,220.92999267578125,220.90499877929688,220.94000244140625,220.90499877929688,2240.0
202606241710,220.91000366210938,220.80999755859375,220.91000366210938,220.80999755859375,1000.0
202606241711,220.99000549316406,220.9149932861328,220.99000549316406,220.9149932861328,2044.0
202606241712,220.88999938964844,220.94000244140625,220.94000244140625,220.8800048828125,1938.0
202606241713,220.85009765625,220.90499877929688,220.90499877929688,220.85000610351562,1664.0
202606241714,220.91000366210938,220.8000030517578,220.91000366210938,220.8000030517578,1770.0
202606241715,220.8625030517578,220.9199981689453,220.9199981689453,220.8625030517578,1276.0
202606241716,220.80999755859375,220.82000732421875,220.82000732421875,220.77000427246094,16253.0
202606241717,220.53280639648438,220.63499450683594,220.63499450683594,220.53280639648438,2536.0
202606241718,220.6999969482422,220.6999969482422,220.6999969482422,220.6999969482422,751.0
202606241719,220.6999969482422,220.7050018310547,220.7050018310547,220.69000244140625,1845.0
202606241720,220.61000061035156,220.49000549316406,220.61000061035156,220.49000549316406,2202.0
202606241721,220.46499633789062,220.52999877929688,220.5500030517578,220.4600067138672,2930.0
202606241722,220.5800018310547,220.46499633789062,220.6199951171875,220.46499633789062,6926.0
202606241723,220.4250030517578,220.49000549316406,220.49000549316406,220.4250030517578,1513.0
202606241724,220.4250030517578,220.5050048828125,220.5050048828125,220.3800048828125,5639.0
202606241725,220.4199981689453,220.58999633789062,220.58999633789062,220.35000610351562,2220.0
202606241726,220.3800048828125,220.3800048828125,220.3800048828125,220.3800048828125,961.0
202606241727,220.3249969482422,220.3249969482422,220.410400390625,220.3125,1660.0
202606241728,220.3300018310547,220.19000244140625,220.3350067138672,220.16000366210938,4381.0
202606241729,220.14999389648438,220.14999389648438,220.14999389648438,220.14999389648438,1028.0
202606241730,220.0800018310547,220.14999389648438,220.14999389648438,220.0800018310547,2421.0
202606241731,220.08999633789062,220.2198944091797,220.2198944091797,220.0800018310547,1954.0
202606241732,220.14500427246094,220.125,220.14500427246094,220.125,1726.0
202606241733,220.02999877929688,220.15499877929688,220.22000122070312,220.02999877929688,4514.0
202606241734,220.14999389648438,220.14999389648438,220.14999389648438,220.14999389648438,1428.0
202606241735,220.21240234375,220.17999267578125,220.27000427246094,220.08999633789062,2750.0
202606241736,220.08999633789062,220.2689971923828,220.2689971923828,220.0800018310547,2264.0
202606241737,220.16000366210938,219.97999572753906,220.16000366210938,219.97999572753906,6796.0
202606241738,220.0399932861328,220.0399932861328,220.0399932861328,220.0399932861328,1601.0
202606241739,220.0399932861328,220.1199951171875,220.1199951171875,220.0399932861328,3698.0
202606241740,220.13999938964844,220.07000732421875,220.13999938964844,220.07000732421875,2210.0
202606241741,220.07000732421875,220.0800018310547,220.0800018310547,220.07000732421875,668.0
202606241742,220.10000610351562,220.10000610351562,220.10000610351562,220.10000610351562,1321.0
202606241743,220.02000427246094,220.00900268554688,220.05999755859375,220.00900268554688,1312.0
202606241744,220.02000427246094,220.02999877929688,220.02999877929688,220.02000427246094,1922.0
202606241745,220.0399932861328,219.97999572753906,220.06500244140625,219.97000122070312,2064.0
202606241746,219.97999572753906,219.94000244140625,220.06500244140625,219.91000366210938,3180.0
202606241747,219.97000122070312,220.06500244140625,220.06500244140625,219.91000366210938,4165.0
202606241749,220.06500244140625,220.22000122070312,220.22000122070312,220.06500244140625,2398.0
202606241750,220.13499450683594,220.13999938964844,220.13999938964844,220.1199951171875,2208.0
202606241751,220.24000549316406,220.24000549316406,220.2949981689453,220.22500610351562,5489.0
202606241752,220.27000427246094,220.1699981689453,220.27000427246094,220.1699981689453,5251.0
202606241753,220.25,220.3800048828125,220.3800048828125,220.22999572753906,9692.0
202606241754,220.4600067138672,220.4199981689453,220.46499633789062,220.4199981689453,2261.0
202606241755,220.4199981689453,220.47999572753906,220.5449981689453,220.4149932861328,4701.0
202606241756,220.5,220.46499633789062,220.5,220.44000244140625,2828.0
202606241757,220.42999267578125,220.35000610351562,220.61990356445312,220.28500366210938,4351.0
202606241758,220.27999877929688,220.3800048828125,220.3800048828125,220.27999877929688,1381.0
202606241759,220.375,220.3800048828125,220.3800048828125,220.375,1792.0
202606241800,220.52999877929688,220.42999267578125,220.5399932861328,220.42999267578125,2580.0
202606241801,220.5500030517578,220.76499938964844,220.76499938964844,220.5500030517578,1762.0
202606241802,220.66000366210938,220.8498992919922,220.8498992919922,220.6300048828125,3841.0
202606241803,220.72999572753906,220.71499633789062,220.72999572753906,220.6199951171875,2963.0
202606241804,220.6300048828125,220.6300048828125,220.6300048828125,220.6300048828125,189.0
202606241805,220.7100067138672,220.69000244140625,220.7100067138672,220.55999755859375,2952.0
202606241806,220.69000244140625,220.68499755859375,220.8000030517578,220.67999267578125,1971.0
202606241807,220.68499755859375,220.68499755859375,220.68499755859375,220.68499755859375,923.0
202606241808,220.68499755859375,220.6300048828125,220.68499755859375,220.6300048828125,1171.0
202606241809,220.61000061035156,220.68499755859375,220.68499755859375,220.61000061035156,1284.0
202606241810,220.7050018310547,220.7050018310547,220.7050018310547,220.7050018310547,1134.0
202606241811,220.8000030517578,220.80999755859375,220.82000732421875,220.69000244140625,2986.0
202606241812,220.7050018310547,220.7050018310547,220.7050018310547,220.7050018310547,863.0
202606241813,220.61000061035156,220.72500610351562,220.72500610351562,220.61000061035156,1827.0
202606241814,220.72000122070312,220.55999755859375,220.72000122070312,220.55999755859375,3519.0
202606241815,220.55999755859375,220.5500030517578,220.55999755859375,220.52000427246094,2683.0
202606241816,220.6199951171875,220.5800018310547,220.6300048828125,220.52000427246094,16140.0
202606241817,220.66000366210938,220.69000244140625,220.69000244140625,220.58999633789062,2975.0
202606241818,220.66000366210938,220.77499389648438,220.77499389648438,220.65249633789062,4550.0
202606241819,220.80999755859375,220.82000732421875,220.82000732421875,220.80999755859375,1658.0
202606241820,220.8300018310547,220.81500244140625,220.94900512695312,220.81500244140625,2204.0
202606241821,220.85499572753906,220.94000244140625,220.9499969482422,220.85000610351562,2517.0
202606241822,220.7899932861328,220.72500610351562,220.7899932861328,220.7100067138672,2973.0
202606241823,220.72500610351562,220.75,220.75,220.72500610351562,1799.0
202606241824,220.8300018310547,220.84500122070312,220.8800048828125,220.8300018310547,1722.0
202606241825,220.9290008544922,220.94000244140625,220.9499969482422,220.88999938964844,2731.0
202606241826,220.9600067138672,220.92999267578125,220.9600067138672,220.92999267578125,2149.0
202606241827,221.0,220.99000549316406,221.0644073486328,220.99000549316406,3135.0
202606241828,220.97500610351562,221.04849243164062,221.04849243164062,220.97500610351562,1909.0
202606241829,220.97500610351562,221.0050048828125,221.05999755859375,220.94000244140625,3148.0
202606241830,221.10000610351562,221.35000610351562,221.35000610351562,221.08999633789062,8478.0
202606241831,221.3000030517578,221.24000549316406,221.3000030517578,221.1699981689453,5435.0
202606241832,221.36000061035156,221.47000122070312,221.5,221.36000061035156,3876.0
202606241833,221.50999450683594,221.35079956054688,221.50999450683594,221.35079956054688,2783.0
202606241834,221.42999267578125,221.47999572753906,221.4949951171875,221.42999267578125,2449.0
202606241835,221.4949951171875,221.5050048828125,221.5489044189453,221.4949951171875,2409.0
202606241836,221.4499969482422,221.49000549316406,221.5050048828125,221.40499877929688,4881.0
202606241837,221.58999633789062,221.57000732421875,221.7097930908203,221.42010498046875,3364.0
202606241838,221.43280029296875,221.5749969482422,221.7100067138672,221.43280029296875,1918.0
202606241839,221.5850067138672,221.6634979248047,221.6699981689453,221.5850067138672,1318.0
202606241840,221.69000244140625,221.63999938964844,221.69000244140625,221.63999938964844,2921.0
202606241841,221.63999938964844,221.63999938964844,221.6999969482422,221.63999938964844,2606.0
202606241842,221.72999572753906,221.77499389648438,221.86000061035156,221.6699981689453,14586.0
202606241843,221.78500366210938,221.64999389648438,221.85000610351562,221.64999389648438,3056.0
202606241844,221.7100067138672,221.72999572753906,221.72999572753906,221.625,4217.0
202606241845,221.72999572753906,221.72999572753906,221.72999572753906,221.71499633789062,2482.0
202606241846,221.72999572753906,221.8000030517578,221.8000030517578,221.63999938964844,3081.0
202606241847,221.72999572753906,221.76300048828125,221.77999877929688,221.72500610351562,1943.0
202606241848,221.6999969482422,221.6649932861328,221.6999969482422,221.63999938964844,2370.0
202606241849,221.6649932861328,221.60000610351562,221.6649932861328,221.55999755859375,3776.0
202606241850,221.74000549316406,221.77999877929688,221.80999755859375,221.6999969482422,3404.0
202606241851,221.6999969482422,221.72999572753906,221.72999572753906,221.6999969482422,1279.0
202606241852,221.77000427246094,221.88999938964844,221.88999938964844,221.75999450683594,5718.0
202606241853,221.9199981689453,221.85499572753906,221.9199981689453,221.85499572753906,1029.0
202606241854,221.86000061035156,222.0,222.0,221.8350067138672,58174.0
202606241855,221.91000366210938,221.8699951171875,221.93499755859375,221.7899932861328,15206.0
202606241856,221.8699951171875,221.875,221.9696044921875,221.8699951171875,2604.0
202606241857,221.86500549316406,221.74000549316406,221.86500549316406,221.74000549316406,5245.0
202606241858,221.83999633789062,221.84500122070312,221.84500122070312,221.7126007080078,2056.0
202606241859,221.83999633789062,221.8450927734375,221.8450927734375,221.72000122070312,2326.0
202606241900,221.90499877929688,222.0050048828125,222.1300048828125,221.84500122070312,122547.0
202606241901,221.92999267578125,221.9250030517578,221.99000549316406,221.8000030517578,8549.0
202606241902,221.9199981689453,222.02980041503906,222.1699981689453,221.84500122070312,54871.0
202606241903,222.11500549316406,222.11500549316406,222.11500549316406,222.11500549316406,2716.0
202606241904,222.1199951171875,221.97000122070312,222.1199951171875,221.9600067138672,2592.0
202606241905,222.0800018310547,222.11000061035156,222.11749267578125,222.0800018310547,3748.0
202606241906,222.05999755859375,222.05999755859375,222.05999755859375,222.05999755859375,612.0
202606241907,222.0,221.97000122070312,222.01499938964844,221.9499969482422,4854.0
202606241908,222.0050048828125,222.05999755859375,222.10499572753906,221.94189453125,5901.0
202606241909,222.05999755859375,222.05499267578125,222.05999755859375,221.97000122070312,2488.0
202606241910,222.05499267578125,221.98500061035156,222.07000732421875,221.98500061035156,4298.0
202606241911,222.05999755859375,222.15499877929688,222.16000366210938,222.0225067138672,7393.0
202606241912,222.14999389648438,222.13999938964844,222.1999969482422,222.13499450683594,3855.0
202606241913,222.24000549316406,222.27999877929688,222.39999389648438,222.24000549316406,4521.0
202606241914,222.30999755859375,222.10499572753906,222.3699951171875,222.10499572753906,7432.0
202606241915,222.19000244140625,222.00999450683594,222.19000244140625,221.9600067138672,5088.0
202606241916,222.13999938964844,222.0500030517578,222.16000366210938,222.0500030517578,2598.0
202606241917,222.0500030517578,221.99000549316406,222.1999969482422,221.99000549316406,7426.0
202606241918,221.94000244140625,221.97500610351562,221.97999572753906,221.94000244140625,3197.0
202606241919,221.97500610351562,221.89999389648438,221.97500610351562,221.8800048828125,6915.0
202606241920,221.9199981689453,221.7899932861328,221.9199981689453,221.7100067138672,6931.0
202606241921,221.8699951171875,221.74000549316406,221.97650146484375,221.74000549316406,5110.0
202606241922,221.7550048828125,221.5800018310547,221.7550048828125,221.5800018310547,5229.0
202606241923,221.47000122070312,221.4250030517578,221.52999877929688,221.36500549316406,3269.0
202606241924,221.44000244140625,221.61000061035156,221.63999938964844,221.41000366210938,7139.0
202606241925,221.61000061035156,221.49000549316406,221.7100067138672,221.49000549316406,8441.0
202606241926,221.4824981689453,221.60000610351562,221.6999969482422,221.4600067138672,8073.0
202606241927,221.56500244140625,221.6374969482422,221.7100067138672,221.56500244140625,2747.0
202606241928,221.57000732421875,221.64999389648438,221.64999389648438,221.52000427246094,5212.0
202606241929,221.60000610351562,221.60000610351562,221.65719604492188,221.51499938964844,6236.0
202606241930,221.61500549316406,221.0449981689453,221.61500549316406,221.0449981689453,69114.0
202606241931,221.02000427246094,221.1199951171875,221.1999969482422,220.9001007080078,9166.0
202606241932,221.06500244140625,221.09500122070312,221.1699981689453,221.00999450683594,6033.0
202606241933,221.09500122070312,221.00999450683594,221.1999969482422,221.00999450683594,6872.0
202606241934,220.94000244140625,220.9199981689453,221.0,220.72000122070312,5431.0
202606241935,221.05999755859375,220.66000366210938,221.11000061035156,220.63999938964844,6847.0
202606241936,220.66000366210938,220.65499877929688,220.75999450683594,220.56190490722656,3492.0
202606241937,220.65499877929688,220.57000732421875,220.67999267578125,220.47999572753906,7489.0
202606241938,220.5,220.42999267578125,220.57000732421875,220.4199981689453,4905.0
202606241939,220.4199981689453,220.47999572753906,220.52000427246094,220.36000061035156,5290.0
202606241940,220.47500610351562,220.86500549316406,220.9499969482422,220.47500610351562,15134.0
202606241941,220.97999572753906,221.05999755859375,221.14999389648438,220.8406982421875,9773.0
202606241942,220.97000122070312,221.0800018310547,221.19000244140625,220.97000122070312,13171.0
202606241943,221.1300048828125,221.0399932861328,221.14999389648438,221.0399932861328,5318.0
202606241944,221.0399932861328,221.00999450683594,221.14990234375,220.92999267578125,4825.0
202606241945,221.00999450683594,221.61000061035156,221.61000061035156,221.00999450683594,12272.0
202606241946,221.64500427246094,221.46499633789062,221.64999389648438,221.4600067138672,5738.0
202606241947,221.43499755859375,221.63999938964844,221.63999938964844,221.27999877929688,18881.0
202606241948,221.63999938964844,221.7100067138672,221.8000030517578,221.6300048828125,9061.0
202606241949,221.75999450683594,221.94500732421875,221.99000549316406,221.68499755859375,13239.0
202606241950,221.88999938964844,221.7100067138672,222.05999755859375,221.55999755859375,47129.0
202606241951,221.72000122070312,221.72000122070312,221.80999755859375,221.6999969482422,14218.0
202606241952,221.82000732421875,222.05999755859375,222.05999755859375,221.72500610351562,19983.0
202606241953,222.02000427246094,221.8800048828125,222.08999633789062,221.7899932861328,34701.0
202606241954,221.8800048828125,221.75,222.0,221.64999389648438,28640.0
202606241955,221.72000122070312,221.47000122070312,221.72500610351562,221.27999877929688,28340.0
202606241956,221.48500061035156,221.27999877929688,221.48500061035156,221.2100067138672,29489.0
202606241957,221.32000732421875,221.1300048828125,221.32000732421875,221.0800018310547,31623.0
202606241958,221.1300048828125,221.07000732421875,221.31500244140625,220.94000244140625,65941.0
202606241959,221.1300048828125,221.4600067138672,221.52000427246094,221.1300048828125,99386.0
202606242000,221.41,221.41,221.41,221.41,479.0
202606242001,221.45,221.45,221.45,221.45,529951.0
202606242002,221.45,221.45,221.45,221.45,0.0
202606242003,220.0,221.45,221.9856,220.0,0.0
202606242005,221.45,221.45,221.45,221.45,0.0
202606242006,218.0,220.31,220.31,218.0,0.0
202606242010,221.45,221.5,221.5,221.45,0.0
202606242011,221.9,221.37,221.9,221.37,0.0
202606242012,221.45,221.45,221.45,221.45,0.0
202606242014,221.45,221.45,221.45,221.45,0.0
202606242015,221.45,221.45,221.45,221.45,0.0
202606242018,219.5247,219.5247,219.5247,219.5247,0.0
202606242020,221.45,221.45,221.45,221.45,0.0
202606242025,221.5,221.5,221.5,221.5,0.0
202606242029,220.24,220.2,221.52,220.2,0.0
202606242032,220.9,220.9,220.9,220.9,0.0
202606242033,220.9,220.9,220.9,220.9,0.0
202606242034,220.9,220.9,220.92,220.9,0.0
202606242036,220.94,220.91,220.94,220.91,0.0
202606242040,220.91,220.91,220.91,220.91,0.0
202606242041,221.45,221.45,221.45,221.45,0.0
202606242045,220.32,220.32,220.32,220.32,0.0
202606242046,220.33,220.33,220.33,220.33,0.0
202606242047,220.33,220.33,220.33,220.33,0.0
202606242048,220.33,220.32,220.33,220.32,0.0
202606242049,220.33,220.33,220.33,220.33,0.0
202606242050,220.33,220.33,220.33,220.33,0.0
202606242054,220.33,220.33,220.33,220.33,0.0
202606242055,220.33,220.33,220.33,220.33,0.0
202606242056,221.31,221.31,221.31,221.31,0.0
202606242101,219.7058,219.7058,219.7058,219.7058,0.0
202606242103,220.88,220.88,220.88,220.88,0.0
202606242104,220.45,220.34,220.45,220.34,0.0
202606242105,220.34,220.34,220.34,220.34,0.0
202606242107,221.0,219.703,221.0,219.703,0.0
202606242110,220.95,220.95,220.95,220.95,0.0
202606242111,221.45,221.45,221.45,221.45,0.0
202606242112,221.45,221.45,221.45,221.45,0.0
202606242118,220.6,220.6,220.6,220.6,0.0
202606242119,219.51,220.0,220.0,219.51,0.0
202606242122,221.45,221.45,221.45,221.45,0.0
202606242124,221.45,221.45,221.45,221.45,0.0
202606242128,221.1978,220.35,221.1978,220.35,0.0
202606242131,220.35,221.353,221.353,220.35,0.0
202606242133,221.1978,221.1978,221.1978,221.1978,0.0
202606242138,221.0,221.0,221.0,221.0,0.0
202606242158,213.54,220.9,220.9,213.54,0.0
202606242203,220.0,220.86,220.86,220.0,0.0
202606242206,220.88,220.5,220.88,220.5,0.0
