datetime,open,close,high,low,volume
20240625,458.0,455.65,460.31,453.79,34765.0
20240626,452.75,450.64,456.18,450.25,38889.0
20240627,450.0,442.03,450.03,442.0,57701.0
20240628,444.85,441.1,448.3,438.72,66915.0
20240701,441.16,437.6,442.47,435.55,51959.0
20240702,435.35,444.65,444.76,434.0,30033.0
20240703,446.46,447.03,449.29,444.27,27818.0
20240705,444.6,449.5,449.95,444.27,36397.0
20240708,449.28,446.99,450.61,445.0,28866.0
20240709,446.88,444.06,447.58,442.79,24196.0
20240710,444.83,433.1,444.83,429.05,78220.0
20240711,434.4,436.42,439.22,430.11,59561.0
20240712,435.6,439.21,442.23,435.6,32492.0
20240715,441.4,444.5,445.11,438.74,25990.0
20240716,447.99,443.4,448.0,439.7,36198.0
20240717,441.76,451.17,451.52,441.76,39827.0
20240718,449.0,448.72,455.43,447.48,44355.0
20240719,446.01,443.2,451.24,443.2,32985.0
20240722,443.12,447.8,448.85,443.12,28962.0
20240723,448.05,436.38,448.74,432.0,33961.0
20240724,436.05,432.9,436.05,428.86,61831.0
20240725,432.57,430.4,437.71,429.56,33518.0
20240726,433.0,438.18,440.79,432.11,29976.0
20240729,439.02,440.71,442.92,435.42,38511.0
20240730,442.96,445.0,448.73,442.96,34304.0
20240731,449.77,465.5,474.0,449.77,70671.0
20240801,465.25,462.29,467.5,459.19,39465.0
20240802,459.49,462.02,466.75,458.61,64268.0
20240805,445.49,443.01,461.3,439.59,77877.0
20240806,444.17,447.86,455.45,442.01,45357.0
20240807,453.81,449.49,456.92,449.04,33077.0
20240808,449.84,456.58,456.58,449.76,25518.0
20240809,455.58,456.0,458.8,453.46,25845.0
20240812,457.76,455.69,458.46,453.89,27360.0
20240813,458.01,459.36,459.64,454.89,30868.0
20240814,460.0,460.16,462.0,456.07,29791.0
20240815,464.62,468.71,469.0,464.0,37345.0
20240816,468.0,468.88,470.26,466.04,29999.0
20240819,469.0,466.98,470.15,465.52,28711.0
20240820,467.4,469.12,469.67,465.51,30708.0
20240821,468.54,468.99,469.09,464.52,32066.0
20240822,468.99,468.82,470.91,466.7,25146.0
20240823,470.3,466.6,470.34,461.9,30438.0
20240826,468.0,468.61,470.53,467.0,23914.0
20240827,468.64,475.99,475.99,467.2,28035.0
20240828,475.22,471.8,476.41,468.86,21769.0
20240829,473.18,479.99,481.92,473.18,30110.0
20240830,482.49,481.02,485.74,479.65,48917.0
20240903,480.75,481.95,486.69,480.01,33461.0
20240904,481.0,483.14,486.17,481.0,37174.0
20240905,483.16,477.59,484.16,473.11,35724.0
20240906,475.8,476.07,480.44,474.71,35316.0
20240909,477.51,487.93,489.21,477.2,36130.0
20240910,487.04,486.7,488.33,482.33,33111.0
20240911,486.0,488.05,489.11,477.84,42436.0
20240912,489.08,493.65,493.66,483.0,37487.0
20240913,492.49,493.36,496.85,491.45,39259.0
20240916,494.0,498.32,498.83,493.39,26258.0
20240917,498.5,500.99,501.74,497.85,37823.0
20240918,501.61,497.0,501.8,494.04,38071.0
20240919,499.28,493.8,501.13,487.32,63263.0
20240920,492.7,491.81,493.7,487.74,60794.0
20240923,493.3,492.95,497.69,491.3,31786.0
20240924,496.0,487.9,496.0,484.42,64199.0
20240925,486.76,490.02,490.02,483.5,51711.0
20240926,491.0,491.27,493.63,489.0,54323.0
20240927,491.03,493.03,496.0,490.39,36897.0
20240930,493.49,494.62,495.0,490.11,37053.0
20241001,493.99,496.38,498.03,493.11,32109.0
20241002,494.0,495.38,495.91,489.68,25676.0
20241003,494.27,495.22,497.09,493.0,22622.0
20241004,496.49,497.0,499.05,492.47,27825.0
20241007,496.51,491.35,498.53,490.75,30738.0
20241008,492.6,496.0,497.53,491.53,24694.0
20241009,497.01,499.66,500.75,495.59,27697.0
20241010,498.12,498.02,500.73,495.84,23370.0
20241011,498.02,502.0,502.92,496.46,33010.0
20241014,504.59,506.66,508.79,502.05,24689.0
20241015,508.01,510.0,510.0,504.0,36715.0
20241016,507.5,514.07,515.41,506.0,41547.0
20241017,514.08,513.5,517.05,511.52,32194.0
20241018,512.99,516.3,518.0,511.0,38905.0
20241021,517.87,518.71,518.82,513.94,32652.0
20241022,512.76,513.02,514.55,510.5,24768.0
20241023,512.66,513.65,514.72,511.9,30465.0
20241024,512.8,510.01,513.34,509.46,30117.0
20241025,511.0,506.9,514.73,505.62,26200.0
20241028,508.14,508.52,510.86,506.14,33012.0
20241029,507.75,511.95,512.0,505.7,31496.0
20241030,511.0,515.5,516.45,507.0,49456.0
20241031,516.17,500.1,527.9,499.0,89897.0
20241101,502.96,508.0,510.55,498.53,47735.0
20241104,508.41,505.34,510.0,503.03,33349.0
20241105,505.58,506.5,508.15,503.61,30598.0
20241106,508.0,520.02,523.0,508.0,52885.0
20241107,521.26,518.9,524.03,516.59,35017.0
20241108,520.34,524.5,528.84,519.53,33704.0
20241111,528.0,529.85,534.03,527.0,31489.0
20241112,529.1,529.43,530.9,527.3,38322.0
20241113,531.0,521.62,537.88,516.41,42482.0
20241114,521.52,520.41,522.36,517.65,33666.0
20241115,519.88,521.89,523.39,518.0,38554.0
20241118,523.99,521.63,523.99,517.0,29985.0
20241119,518.78,519.46,522.65,516.75,28877.0
20241120,521.53,512.54,522.5,511.0,36027.0
20241121,513.23,514.84,520.12,511.58,45614.0
20241122,516.18,521.56,521.71,516.18,41904.0
20241125,522.25,524.01,528.25,519.51,66870.0
20241126,527.9,528.48,530.65,525.06,35863.0
20241127,529.05,532.38,533.62,526.58,33552.0
20241129,533.01,532.94,535.77,530.02,27756.0
20241202,533.61,530.55,534.82,526.23,35718.0
20241203,532.01,525.71,534.99,525.0,37504.0
20241204,526.01,521.14,529.85,518.17,44204.0
20241205,520.58,524.77,527.47,520.58,43367.0
20241206,525.65,528.57,531.0,522.5,31615.0
20241209,529.39,523.0,531.59,521.87,43132.0
20241210,524.0,529.06,530.31,520.22,30967.0
20241211,529.75,534.45,535.89,527.27,29659.0
20241212,534.36,532.5,536.9,531.97,26132.0
20241213,534.86,529.26,534.86,528.91,24372.0
20241216,529.9,531.02,535.0,528.99,51181.0
20241217,530.0,534.0,535.5,524.87,64841.0
20241218,532.41,520.33,537.13,519.71,48043.0
20241219,532.93,523.26,532.93,522.2,40406.0
20241220,521.99,528.06,532.08,519.42,115367.0
20241223,525.0,528.96,529.4,521.13,37041.0
20241224,529.27,535.5,535.74,527.83,15878.0
20241226,534.63,536.15,537.7,532.92,17130.0
20241227,533.61,531.51,537.56,530.8,24496.0
20241230,527.0,525.0,528.57,521.33,23148.0
20241231,525.72,526.57,529.19,525.56,26719.0
20250102,529.16,522.4,530.56,517.66,40380.0
20250103,526.2,521.99,526.2,517.68,24333.0
20250106,521.69,512.25,521.69,511.01,42208.0
20250107,512.8,511.5,516.33,511.07,34160.0
20250108,512.75,516.4,517.45,511.53,33390.0
20250110,512.8,504.67,513.76,503.36,42628.0
20250113,503.49,504.91,506.15,499.92,35751.0
20250114,505.92,509.02,509.39,504.21,31434.0
20250115,511.02,522.35,523.77,511.02,47993.0
20250116,523.0,523.14,527.12,520.72,43100.0
20250117,524.01,524.56,528.13,521.01,38451.0
20250121,525.23,528.06,529.98,525.23,35508.0
20250122,526.95,527.18,530.3,525.67,29643.0
20250123,529.04,534.2,534.35,527.39,35404.0
20250124,532.99,533.49,536.06,532.15,34688.0
20250127,534.79,547.64,547.99,531.65,44754.0
20250128,546.17,547.39,551.56,542.66,42947.0
20250129,547.0,552.0,552.99,546.5,41463.0
20250130,553.93,567.66,576.94,550.52,100542.0
20250131,568.0,555.43,568.0,554.64,76575.0
20250203,549.99,563.95,565.0,542.0,51408.0
20250204,564.98,557.15,572.88,557.15,43550.0
20250205,560.24,566.62,566.87,559.8,40979.0
20250206,567.5,566.99,569.75,564.54,30020.0
20250207,567.99,562.76,570.05,561.78,33671.0
20250210,564.41,565.49,567.27,561.0,33539.0
20250211,564.99,565.32,566.43,559.22,25353.0
20250212,562.06,564.5,564.75,559.44,27247.0
20250213,564.13,566.5,567.39,561.47,23853.0
20250214,566.22,564.35,569.24,563.0,31847.0
20250218,565.0,568.01,568.63,561.51,32850.0
20250219,567.49,567.97,570.7,566.64,35668.0
20250220,568.5,563.0,568.5,559.04,26952.0
20250221,564.8,557.51,564.8,556.58,38992.0
20250224,558.43,559.0,561.46,556.79,28917.0
20250225,562.44,564.03,566.05,552.69,54170.0
20250226,562.59,561.27,566.68,559.6,29271.0
20250227,562.0,564.82,574.7,562.0,39354.0
20250228,566.0,576.3,576.43,564.0,52413.0
20250303,578.0,574.92,582.23,570.0,51638.0
20250304,574.39,559.0,574.39,552.01,50612.0
20250305,557.04,558.3,560.99,551.32,45554.0
20250306,553.32,549.82,555.68,546.67,48551.0
20250307,549.0,546.77,550.5,536.28,47654.0
20250310,541.41,530.5,548.56,530.5,60645.0
20250311,536.43,527.5,538.05,522.25,66194.0
20250312,525.8,524.65,532.71,519.26,44729.0
20250313,525.6,519.83,528.53,517.71,35525.0
20250314,523.52,527.64,528.41,520.95,33064.0
20250317,524.86,531.99,533.48,521.48,33775.0
20250318,531.99,530.0,533.82,525.51,33185.0
20250319,530.23,536.99,537.62,529.58,40236.0
20250320,534.5,536.38,540.49,532.55,38783.0
20250321,538.24,535.69,538.24,530.75,99281.0
20250324,540.0,537.86,545.46,537.86,44054.0
20250325,543.74,545.0,547.18,542.0,30602.0
20250326,545.16,549.07,551.03,545.11,38185.0
20250327,549.07,557.57,561.83,547.8,42129.0
20250328,556.21,540.0,558.59,538.21,39862.0
20250331,535.46,546.99,551.43,531.02,62464.0
20250401,548.12,548.51,551.16,544.0,35223.0
20250402,546.87,538.02,549.53,538.02,40933.0
20250403,532.99,530.6,539.99,524.0,53844.0
20250404,525.97,489.77,525.97,482.19,91673.0
20250407,462.85,485.52,502.2,460.0,98571.0
20250408,496.92,477.98,505.57,471.66,52398.0
20250409,470.0,515.43,518.51,466.45,72137.0
20250410,510.74,499.34,510.74,484.13,63012.0
20250411,500.0,510.69,515.91,495.91,49615.0
20250414,514.08,512.38,523.42,508.5,42203.0
20250415,513.35,515.0,521.29,513.35,27406.0
20250416,518.2,513.43,521.72,509.86,35212.0
20250417,513.68,518.0,523.98,509.13,53815.0
20250421,516.01,509.32,517.65,503.54,42322.0
20250422,513.78,535.49,536.0,512.75,34778.0
20250423,537.74,530.01,543.94,527.62,47406.0
20250424,530.85,533.82,536.04,525.27,32466.0
20250425,536.0,533.48,536.92,529.87,30066.0
20250428,533.5,534.49,537.76,530.5,25800.0
20250429,535.01,539.5,548.3,533.41,27836.0
20250430,540.0,547.0,549.07,529.55,58194.0
20250501,552.94,546.4,558.0,539.72,38717.0
20250502,549.15,559.35,562.38,549.0,38011.0
20250505,557.16,561.12,564.55,555.85,29670.0
20250506,556.75,562.08,577.0,555.92,34799.0
20250507,558.99,566.33,567.23,556.88,36314.0
20250508,569.45,567.12,573.87,567.0,27343.0
20250509,567.43,568.64,569.96,564.6,22206.0
20250512,576.0,578.08,580.79,566.43,43616.0
20250513,576.0,576.59,582.86,575.8,36148.0
20250514,576.42,573.28,578.64,572.28,31891.0
20250515,570.11,582.77,583.04,570.11,27712.0
20250516,583.58,580.47,584.29,578.72,32501.0
20250519,577.98,586.41,588.45,577.98,25153.0
20250520,586.5,581.11,586.5,576.84,24791.0
20250521,576.46,569.56,579.0,567.1,36727.0
20250522,568.99,570.14,573.16,566.93,24125.0
20250523,567.12,563.58,567.55,561.0,28036.0
20250527,569.52,574.55,574.56,566.49,29119.0
20250528,576.02,575.69,578.84,572.94,20837.0
20250529,576.0,577.78,578.58,572.94,16752.0
20250530,575.0,585.49,585.8,575.0,75306.0
20250602,584.0,581.22,585.6,574.77,29658.0
20250603,580.0,582.44,588.0,573.44,30805.0
20250604,582.5,584.13,586.85,582.14,22126.0
20250605,586.01,585.44,587.38,580.15,19609.0
20250606,589.22,591.12,591.16,586.04,19378.0
20250609,591.08,584.0,591.08,580.0,23710.0
20250610,584.0,589.44,589.87,583.16,20840.0
20250611,589.8,590.74,594.71,587.6,33318.0
20250612,589.43,588.0,590.67,584.56,23474.0
20250613,580.0,561.9,580.0,552.51,88782.0
20250616,564.0,568.74,575.0,562.03,44098.0
20250617,565.0,567.19,571.29,564.0,33429.0
20250618,570.88,540.2,571.08,534.16,98627.0
20250620,540.0,534.0,544.12,527.33,138349.0
20250623,530.5,542.6,543.13,527.57,58196.0
20250624,546.82,556.88,564.12,546.82,65046.0
20250625,558.0,549.7,559.0,548.62,43329.0
20250626,552.0,546.33,552.0,542.07,53571.0
20250627,547.61,550.38,556.7,545.51,54165.0
20250630,554.41,560.1,562.63,551.89,62763.0
20250701,560.6,564.61,566.31,557.04,38858.0
20250702,566.91,561.5,566.91,557.39,32951.0
20250703,562.36,569.3,569.67,560.73,21746.0
20250707,567.42,565.1,570.75,560.35,41196.0
20250708,565.12,562.44,566.62,560.42,42207.0
20250709,561.56,564.88,565.42,559.25,36810.0
20250710,563.3,563.53,566.06,561.01,37343.0
20250711,561.0,550.1,561.12,545.85,45693.0
20250714,550.08,553.02,559.07,547.79,32351.0
20250715,553.15,550.5,557.91,548.65,37745.0
20250716,551.5,555.0,555.52,549.5,29356.0
20250717,553.84,553.88,557.38,550.51,38194.0
20250718,555.26,553.19,556.35,550.88,34090.0
20250721,552.5,554.65,558.08,552.04,33010.0
20250722,554.65,558.5,560.21,554.65,28877.0
20250723,561.02,561.41,562.49,554.5,28136.0
20250724,562.0,563.5,567.84,561.89,27118.0
20250725,564.36,568.0,569.96,563.85,19973.0
20250728,568.97,564.2,571.65,564.2,26565.0
20250729,571.0,555.0,573.0,555.0,33200.0
20250730,559.75,560.7,565.61,555.21,38189.0
20250731,562.22,565.65,579.44,558.4,60434.0
20250801,563.0,560.44,564.87,556.1,44530.0
20250804,564.29,569.81,570.0,562.49,43203.0
20250805,569.81,566.04,571.83,562.12,37347.0
20250806,566.04,569.94,570.36,563.97,31917.0
20250807,572.39,561.26,573.9,553.85,41310.0
20250808,563.75,574.32,576.16,562.69,41307.0
20250811,574.9,574.35,576.59,569.44,27572.0
20250812,573.36,570.0,578.32,569.89,29167.0
20250813,574.38,577.9,580.27,574.0,30603.0
20250814,576.0,584.13,584.4,575.5,35744.0
20250815,585.0,581.7,589.56,581.11,35402.0
20250818,582.02,584.0,585.49,580.69,25126.0
20250819,583.85,585.51,590.57,583.85,31827.0
20250820,585.91,592.68,593.88,585.91,34537.0
20250821,589.04,591.92,592.21,583.93,26990.0
20250822,595.3,599.5,601.77,593.08,31942.0
20250825,597.82,593.21,599.05,592.86,27862.0
20250826,593.08,591.61,596.0,586.29,78733.0
20250827,590.99,592.11,594.62,589.82,19382.0
20250828,592.36,590.39,593.53,589.0,24570.0
20250829,595.27,595.29,596.83,590.0,31111.0
20250902,597.13,590.94,597.13,586.0,30386.0
20250903,590.0,593.28,594.0,587.5,24947.0
20250904,592.95,596.0,596.0,589.29,22665.0
20250905,595.03,584.1,598.58,579.02,32780.0
20250908,584.85,586.6,589.8,580.7,26591.0
20250909,583.54,582.51,591.18,582.51,30274.0
20250910,582.13,579.0,582.13,571.0,33885.0
20250911,580.88,588.14,589.97,580.01,29634.0
20250912,586.77,580.6,589.21,580.0,30943.0
20250915,580.7,582.96,586.5,580.7,25246.0
20250916,587.0,587.0,588.6,576.83,33947.0
20250917,586.42,598.5,598.89,584.35,44064.0
20250918,600.9,589.02,601.62,585.88,36316.0
20250919,588.11,582.46,588.87,581.51,102678.0
20250922,582.8,583.1,587.35,580.14,47771.0
20250923,584.49,569.09,586.86,568.25,46167.0
20250924,571.0,568.25,571.66,564.95,43395.0
20250925,567.87,567.0,572.39,564.57,35635.0
20250926,568.22,565.3,569.67,564.06,30449.0
20250929,566.0,568.14,569.32,562.51,29250.0
20250930,568.14,568.81,570.63,563.65,33076.0
20251001,566.49,576.06,576.06,564.57,38173.0
20251002,574.39,577.33,579.84,570.77,33697.0
20251003,577.87,580.45,583.22,576.43,32165.0
20251006,577.89,577.94,581.14,569.26,34031.0
20251007,576.77,579.84,586.08,576.77,28259.0
20251008,581.32,577.0,583.07,576.08,28154.0
20251009,577.0,565.0,579.48,562.51,37390.0
20251010,566.5,550.0,569.43,550.0,43167.0
20251013,560.1,558.0,565.0,553.01,38945.0
20251014,556.0,568.3,569.81,556.0,34233.0
20251015,569.0,563.99,569.0,559.4,28062.0
20251016,563.01,549.6,564.65,547.39,45607.0
20251017,546.0,562.5,562.8,545.0,38545.0
20251020,560.49,569.82,569.83,553.79,26734.0
20251021,566.5,572.5,575.98,560.76,28410.0
20251022,572.03,571.36,576.44,568.58,23382.0
20251023,574.62,573.77,577.03,571.67,27085.0
20251024,575.0,573.67,580.82,573.08,26516.0
20251027,575.0,572.36,578.0,566.48,31503.0
20251028,571.45,568.0,573.99,563.09,37660.0
20251029,562.5,556.49,566.81,551.23,47904.0
20251030,555.3,550.97,562.92,545.0,59616.0
20251031,550.8,551.99,554.43,543.53,51566.0
20251103,551.75,543.5,553.27,540.36,53786.0
20251104,542.43,552.5,554.03,541.28,44187.0
20251105,552.01,553.31,556.33,549.36,39190.0
20251106,554.19,555.93,557.44,546.69,47504.0
20251107,553.52,551.97,558.67,550.67,45083.0
20251110,552.77,552.51,554.7,548.58,35575.0
20251111,551.02,557.0,558.53,548.01,30749.0
20251112,557.01,563.5,565.91,550.5,30509.0
20251113,561.96,557.8,563.6,554.86,35249.0
20251114,554.3,547.5,557.5,544.05,46276.0
20251117,546.5,537.0,549.32,536.21,46273.0
20251118,535.0,528.0,536.0,524.7,64180.0
20251119,528.27,531.99,534.26,524.98,48812.0
20251120,533.44,529.8,538.46,527.18,59194.0
20251121,531.0,544.0,544.41,530.58,69042.0
20251124,543.06,539.97,544.72,535.11,107477.0
20251125,539.97,547.0,550.4,538.64,51789.0
20251126,547.0,545.3,548.99,544.17,34516.0
20251128,546.6,550.1,551.4,545.42,22854.0
20251201,547.53,545.48,549.78,543.39,36004.0
20251202,545.98,546.5,554.75,541.04,54824.0
20251203,548.39,554.34,555.8,546.02,46692.0
20251204,554.0,542.6,559.0,539.56,46753.0
20251205,542.24,545.55,550.44,541.25,34325.0
20251208,547.35,540.8,549.01,537.39,38676.0
20251209,541.37,538.6,542.21,535.91,34831.0
20251210,539.1,538.86,544.95,537.5,52030.0
20251211,539.5,564.75,565.13,538.85,61195.0
20251212,565.0,571.91,573.71,563.36,61196.0
20251215,574.26,568.0,575.31,566.0,47032.0
20251216,568.45,565.88,571.0,562.48,44439.0
20251217,564.97,567.0,571.76,562.62,56812.0
20251218,565.98,566.21,569.13,563.04,39949.0
20251219,565.25,572.5,572.94,564.46,105895.0
20251222,572.27,579.0,579.45,570.1,42419.0
20251223,577.14,577.0,581.72,575.0,26779.0
20251224,576.8,578.93,582.29,576.8,18303.0
20251226,578.67,579.6,581.21,578.67,16324.0
20251229,579.01,575.0,581.99,575.0,20206.0
20251230,578.38,577.25,578.38,573.63,22645.0
20251231,576.56,570.9,577.98,570.62,26874.0
20260102,571.69,563.12,573.02,559.49,43269.0
20260105,561.98,570.0,576.26,557.28,43363.0
20260106,568.0,580.0,581.37,567.78,54674.0
20260107,580.0,578.34,585.28,577.62,70215.0
20260108,577.75,576.84,589.67,573.5,58907.0
20260109,582.1,575.83,582.1,575.0,37419.0
20260112,569.78,564.0,570.8,555.89,60883.0
20260113,565.63,545.01,568.8,533.7,162225.0
20260114,545.31,545.0,548.59,538.14,71045.0
20260115,547.87,542.5,550.73,538.99,72888.0
20260116,543.0,539.64,544.88,538.68,59823.0
20260120,530.06,532.83,536.54,528.51,70617.0
20260121,531.98,529.2,537.4,524.77,83447.0
20260122,529.86,532.5,533.19,523.81,97209.0
20260123,535.0,524.0,535.0,520.16,96345.0
20260126,527.0,527.75,530.39,522.65,95503.0
20260127,529.0,520.51,530.17,519.55,72372.0
20260128,520.0,521.2,523.84,518.27,102162.0
20260129,521.32,539.76,544.24,520.1,98677.0
20260130,537.72,538.0,543.76,535.23,73760.0
20260202,537.9,556.0,557.48,531.99,86839.0
20260203,554.5,550.0,560.11,549.03,110764.0
20260204,550.88,552.1,556.6,541.01,77417.0
20260205,551.63,546.27,561.92,545.01,73012.0
20260206,552.94,548.6,556.79,539.8,67864.0
20260209,546.25,535.93,549.56,534.2,79426.0
20260210,536.08,540.55,547.0,533.73,42375.0
20260211,540.16,537.46,541.78,533.11,73929.0
20260212,540.5,527.46,543.0,527.14,68133.0
20260213,527.0,519.0,533.99,516.02,77104.0
20260217,519.6,522.0,528.7,515.0,60405.0
20260218,524.06,527.76,530.87,519.39,71946.0
20260219,527.11,520.85,528.01,516.05,55294.0
20260220,521.65,525.8,527.61,518.59,54896.0
20260223,523.23,499.2,523.23,490.0,119729.0
20260224,500.51,498.07,500.51,491.26,97665.0
20260225,499.98,510.0,510.54,498.16,79706.0
20260226,508.3,512.22,519.9,507.75,93233.0
20260227,512.31,516.0,518.76,506.75,94633.0
20260302,512.0,519.99,526.16,507.34,63655.0
20260303,512.98,524.32,526.8,512.98,70563.0
20260304,522.8,522.92,526.16,520.28,54572.0
20260305,523.02,524.75,525.32,512.75,69912.0
20260306,523.94,520.25,524.66,512.2,52817.0
20260309,514.65,515.0,520.89,509.11,67989.0
20260310,519.14,514.72,519.33,511.0,47428.0
20260311,515.17,501.0,517.58,501.0,53627.0
20260312,502.63,501.0,505.62,496.29,48693.0
20260313,497.23,497.6,501.86,495.4,52597.0
20260316,500.0,507.61,509.24,497.12,57572.0
20260317,506.03,506.67,516.96,506.03,52452.0
20260318,509.02,491.5,511.22,487.92,58571.0
20260319,490.14,491.14,497.08,487.0,56843.0
20260320,491.14,500.0,503.26,489.95,98782.0
20260323,491.31,500.37,508.76,491.31,54693.0
20260324,500.52,502.26,504.46,493.23,40322.0
20260325,501.79,500.99,506.26,494.56,47502.0
20260326,500.0,502.82,504.8,498.69,67018.0
20260327,500.02,482.87,504.21,480.5,74458.0
20260330,483.99,494.2,495.54,483.78,55807.0
20260331,497.53,500.0,501.41,490.58,80823.0
20260401,502.0,492.5,504.5,485.65,69100.0
20260402,489.0,493.75,499.88,486.5,58664.0
20260406,493.6,501.0,501.91,491.17,41118.0
20260407,500.57,506.1,508.88,495.67,61390.0
20260408,509.17,510.0,511.82,505.75,75132.0
20260409,506.0,503.57,508.34,497.76,58661.0
20260410,504.41,499.96,504.9,495.67,51573.0
20260413,496.21,510.0,510.0,495.0,60285.0
20260414,509.68,513.75,513.98,506.69,47791.0
20260415,513.95,520.61,522.44,512.51,51470.0
20260416,520.0,520.0,524.45,517.01,55840.0
20260417,519.05,521.3,527.47,518.74,69005.0
20260420,519.86,518.2,524.48,514.54,44104.0
20260421,517.89,513.5,523.11,510.05,62908.0
20260422,513.3,509.94,513.89,505.72,40514.0
20260423,508.02,502.31,509.65,498.37,50976.0
20260424,502.0,503.56,505.61,495.63,45176.0
20260427,504.2,507.0,509.05,500.76,46823.0
20260428,508.0,520.0,523.42,507.24,59043.0
20260429,518.11,529.87,534.21,517.55,105702.0
20260430,530.25,504.68,536.0,498.0,106205.0
20260501,506.0,495.45,509.0,492.15,84053.0
20260504,497.5,505.0,507.29,493.2,87261.0
20260505,506.0,497.57,506.97,493.26,79604.0
20260506,497.56,491.75,502.97,489.73,87011.0
20260507,493.35,500.12,503.7,492.0,96166.0
20260508,502.38,497.99,503.88,491.72,74997.0
20260511,495.76,498.39,501.66,492.01,74689.0
20260512,498.36,500.95,506.31,497.82,61284.0
20260513,499.84,490.95,500.81,490.32,61551.0
20260514,492.0,490.5,494.5,488.01,48632.0
20260515,490.5,493.0,502.28,489.58,52962.0
20260518,491.52,505.4,506.23,490.95,54137.0
20260519,505.02,500.0,512.9,498.5,51122.0
20260520,500.1,496.5,500.1,490.8,68656.0
20260521,497.2,499.94,501.38,490.07,45880.0
20260522,499.7,498.02,504.26,497.32,36617.0
20260526,498.02,493.34,500.28,492.06,34687.0
20260527,493.6,495.18,499.35,492.25,50656.0
20260528,496.4,493.4,496.4,486.35,71607.0
20260529,492.76,494.1,500.11,492.3,102406.0
20260601,494.48,495.0,497.13,488.65,78567.0
20260602,495.5,479.81,495.82,477.68,87608.0
20260603,479.85,472.99,481.96,464.52,100297.0
20260604,474.54,481.99,488.55,472.97,70510.0
20260605,482.0,489.2,494.0,480.5,68435.0
20260608,488.92,485.67,492.4,483.7,59837.0
20260609,487.48,494.01,495.42,482.0,60646.0
20260610,495.22,488.5,498.8,486.5,56507.0
20260611,490.14,486.88,491.47,484.39,62595.0
20260612,486.5,489.98,492.37,484.54,74897.0
20260615,493.7,490.06,493.7,486.66,72033.0
20260616,491.0,501.49,501.5,489.5,71154.0
20260617,501.35,494.84,504.64,492.0,54279.0
20260618,494.96,490.92,495.99,488.91,106886.0
202606220806,489.63,490.43,490.43,489.63,3.0
202606220807,489.32,489.32,489.32,489.32,1.0
202606220808,489.32,489.32,489.32,489.32,0.0
202606220809,489.32,489.32,489.32,489.32,0.0
202606220810,489.32,489.32,489.32,489.32,0.0
202606220811,489.32,489.32,489.32,489.32,0.0
202606220812,489.32,489.32,489.32,489.32,0.0
202606220813,489.32,489.32,489.32,489.32,0.0
202606220814,489.32,489.32,489.32,489.32,0.0
202606220815,489.32,489.32,489.32,489.32,0.0
202606220816,489.32,489.32,489.32,489.32,0.0
202606220817,489.32,489.32,489.32,489.32,0.0
202606220818,489.32,489.32,489.32,489.32,0.0
202606220819,489.32,489.32,489.32,489.32,0.0
202606220820,489.32,489.32,489.32,489.32,0.0
202606220821,489.32,489.32,489.32,489.32,0.0
202606220822,489.32,489.32,489.32,489.32,0.0
202606220823,489.32,489.32,489.32,489.32,0.0
202606220824,489.32,489.32,489.32,489.32,0.0
202606220825,489.32,489.32,489.32,489.32,0.0
202606220826,489.32,489.32,489.32,489.32,0.0
202606220827,489.32,489.32,489.32,489.32,0.0
202606220828,489.32,489.32,489.32,489.32,0.0
202606220829,489.32,489.32,489.32,489.32,0.0
202606220830,489.32,489.32,489.32,489.32,0.0
202606220831,489.32,489.32,489.32,489.32,0.0
202606220832,489.32,489.32,489.32,489.32,0.0
202606220833,489.32,489.32,489.32,489.32,0.0
202606220834,489.32,489.32,489.32,489.32,0.0
202606220835,489.32,489.32,489.32,489.32,0.0
202606220836,489.32,489.32,489.32,489.32,0.0
202606220837,489.32,489.32,489.32,489.32,0.0
202606220838,489.32,489.32,489.32,489.32,0.0
202606220839,489.32,489.32,489.32,489.32,0.0
202606220840,489.32,489.32,489.32,489.32,0.0
202606220841,489.32,489.32,489.32,489.32,0.0
202606220842,489.32,489.32,489.32,489.32,0.0
202606220843,489.32,489.32,489.32,489.32,0.0
202606220844,489.32,489.32,489.32,489.32,0.0
202606220845,489.32,489.32,489.32,489.32,0.0
202606220846,489.32,489.32,489.32,489.32,0.0
202606220847,489.32,489.32,489.32,489.32,0.0
202606220848,489.32,489.32,489.32,489.32,0.0
202606220849,489.32,489.32,489.32,489.32,0.0
202606220850,489.32,489.32,489.32,489.32,0.0
202606220851,489.32,489.32,489.32,489.32,0.0
202606220852,489.32,489.32,489.32,489.32,0.0
202606220853,489.32,489.32,489.32,489.32,0.0
202606220854,489.32,489.32,489.32,489.32,0.0
202606220855,489.32,489.32,489.32,489.32,0.0
202606220856,489.32,489.32,489.32,489.32,0.0
202606220857,489.32,489.32,489.32,489.32,0.0
202606220858,489.32,489.32,489.32,489.32,0.0
202606220859,489.32,489.32,489.32,489.32,0.0
202606220900,489.32,489.32,489.32,489.32,0.0
202606220901,489.32,489.32,489.32,489.32,0.0
202606220902,489.32,489.32,489.32,489.32,0.0
202606220903,489.32,489.32,489.32,489.32,0.0
202606220904,489.32,489.32,489.32,489.32,0.0
202606220905,489.32,489.32,489.32,489.32,0.0
202606220906,489.32,489.32,489.32,489.32,0.0
202606220907,489.32,489.32,489.32,489.32,0.0
202606220908,489.32,489.32,489.32,489.32,0.0
202606220909,489.32,489.32,489.32,489.32,0.0
202606220910,489.32,489.32,489.32,489.32,0.0
202606220911,489.32,489.32,489.32,489.32,0.0
202606220912,489.32,489.32,489.32,489.32,0.0
202606220913,489.32,489.32,489.32,489.32,0.0
202606220914,489.32,489.32,489.32,489.32,0.0
202606220915,489.32,489.32,489.32,489.32,0.0
202606220916,489.32,489.32,489.32,489.32,0.0
202606220917,489.32,489.32,489.32,489.32,0.0
202606220918,489.32,489.32,489.32,489.32,0.0
202606220919,489.32,489.32,489.32,489.32,0.0
202606220920,489.32,489.32,489.32,489.32,0.0
202606220921,489.32,489.32,489.32,489.32,0.0
202606220922,489.32,489.32,489.32,489.32,0.0
202606220923,489.32,489.32,489.32,489.32,0.0
202606220924,489.32,489.32,489.32,489.32,0.0
202606220925,489.32,489.32,489.32,489.32,0.0
202606220926,489.32,489.32,489.32,489.32,0.0
202606220927,489.32,489.32,489.32,489.32,0.0
202606220928,489.32,489.32,489.32,489.32,0.0
202606220929,489.32,489.32,489.32,489.32,0.0
202606220930,489.32,489.32,489.32,489.32,0.0
202606220931,489.32,489.32,489.32,489.32,0.0
202606220932,489.32,489.32,489.32,489.32,0.0
202606220933,489.32,489.32,489.32,489.32,0.0
202606220934,489.32,489.32,489.32,489.32,0.0
202606220935,489.32,489.32,489.32,489.32,0.0
202606220936,489.32,489.32,489.32,489.32,0.0
202606220937,489.32,489.32,489.32,489.32,0.0
202606220938,489.32,489.32,489.32,489.32,0.0
202606220939,489.32,489.32,489.32,489.32,0.0
202606220940,489.32,489.32,489.32,489.32,0.0
202606220941,489.32,489.32,489.32,489.32,0.0
202606220942,489.32,489.32,489.32,489.32,0.0
202606220943,489.32,489.32,489.32,489.32,0.0
202606220944,489.32,489.32,489.32,489.32,0.0
202606220945,489.32,489.32,489.32,489.32,0.0
202606220946,489.32,489.32,489.32,489.32,0.0
202606220947,489.32,489.32,489.32,489.32,0.0
202606220948,489.32,489.32,489.32,489.32,0.0
202606220949,489.32,489.32,489.32,489.32,0.0
202606220950,489.32,489.32,489.32,489.32,0.0
202606220951,489.32,489.32,489.32,489.32,0.0
202606220952,489.32,489.32,489.32,489.32,0.0
202606220953,489.32,489.32,489.32,489.32,0.0
202606220954,489.32,489.32,489.32,489.32,0.0
202606220955,489.32,489.32,489.32,489.32,0.0
202606220956,489.32,489.32,489.32,489.32,0.0
202606220957,489.32,489.32,489.32,489.32,0.0
202606220958,489.32,489.32,489.32,489.32,0.0
202606220959,489.32,489.32,489.32,489.32,0.0
202606221000,489.32,489.32,489.32,489.32,0.0
202606221001,489.32,489.32,489.32,489.32,0.0
202606221002,489.32,489.32,489.32,489.32,0.0
202606221003,489.32,489.32,489.32,489.32,0.0
202606221004,489.32,489.32,489.32,489.32,0.0
202606221005,489.32,489.32,489.32,489.32,0.0
202606221006,489.32,489.32,489.32,489.32,0.0
202606221007,489.32,489.32,489.32,489.32,0.0
202606221008,489.32,489.32,489.32,489.32,0.0
202606221009,489.52,489.52,489.52,489.52,1.0
202606221010,489.52,489.52,489.52,489.52,0.0
202606221011,489.52,489.52,489.52,489.52,0.0
202606221012,489.52,489.52,489.52,489.52,0.0
202606221013,489.52,489.52,489.52,489.52,0.0
202606221014,489.52,489.52,489.52,489.52,0.0
202606221015,489.52,489.52,489.52,489.52,0.0
202606221016,489.52,489.52,489.52,489.52,0.0
202606221017,489.52,489.52,489.52,489.52,0.0
202606221018,489.52,489.52,489.52,489.52,0.0
202606221019,489.52,489.52,489.52,489.52,0.0
202606221020,489.52,489.52,489.52,489.52,0.0
202606221021,489.52,489.52,489.52,489.52,0.0
202606221022,489.52,489.52,489.52,489.52,0.0
202606221023,489.52,489.52,489.52,489.52,0.0
202606221024,489.52,489.52,489.52,489.52,0.0
202606221025,489.52,489.52,489.52,489.52,0.0
202606221026,489.52,489.52,489.52,489.52,0.0
202606221027,489.52,489.52,489.52,489.52,0.0
202606221028,489.52,489.52,489.52,489.52,0.0
202606221029,489.52,489.52,489.52,489.52,0.0
202606221030,489.52,489.52,489.52,489.52,0.0
202606221031,489.52,489.52,489.52,489.52,0.0
202606221032,489.52,489.52,489.52,489.52,0.0
202606221033,489.52,489.52,489.52,489.52,0.0
202606221034,489.52,489.52,489.52,489.52,0.0
202606221035,489.52,489.52,489.52,489.52,0.0
202606221036,489.52,489.52,489.52,489.52,0.0
202606221037,489.52,489.52,489.52,489.52,0.0
202606221038,489.52,489.52,489.52,489.52,0.0
202606221039,489.52,489.52,489.52,489.52,0.0
202606221040,489.52,489.52,489.52,489.52,0.0
202606221041,489.52,489.52,489.52,489.52,0.0
202606221042,489.52,489.52,489.52,489.52,0.0
202606221043,489.52,489.52,489.52,489.52,0.0
202606221044,489.52,489.52,489.52,489.52,0.0
202606221045,489.52,489.52,489.52,489.52,0.0
202606221046,489.52,489.52,489.52,489.52,0.0
202606221047,489.52,489.52,489.52,489.52,0.0
202606221048,489.52,489.52,489.52,489.52,0.0
202606221049,489.52,489.52,489.52,489.52,0.0
202606221050,489.52,489.52,489.52,489.52,0.0
202606221051,489.52,489.52,489.52,489.52,0.0
202606221052,489.52,489.52,489.52,489.52,0.0
202606221053,489.52,489.52,489.52,489.52,0.0
202606221054,489.52,489.52,489.52,489.52,0.0
202606221055,489.52,489.52,489.52,489.52,0.0
202606221056,489.52,489.52,489.52,489.52,0.0
202606221057,489.52,489.52,489.52,489.52,0.0
202606221058,489.52,489.52,489.52,489.52,0.0
202606221059,489.52,489.52,489.52,489.52,0.0
202606221100,489.52,489.52,489.52,489.52,0.0
202606221101,489.52,489.52,489.52,489.52,0.0
202606221102,489.52,489.52,489.52,489.52,0.0
202606221103,489.52,489.52,489.52,489.52,0.0
202606221104,489.52,489.52,489.52,489.52,0.0
202606221105,489.52,489.52,489.52,489.52,0.0
202606221106,489.52,489.52,489.52,489.52,0.0
202606221107,489.52,489.52,489.52,489.52,0.0
202606221108,489.52,489.52,489.52,489.52,0.0
202606221109,489.52,489.52,489.52,489.52,0.0
202606221110,489.52,489.52,489.52,489.52,0.0
202606221111,489.52,489.52,489.52,489.52,0.0
202606221112,489.52,489.52,489.52,489.52,0.0
202606221113,489.52,489.52,489.52,489.52,0.0
202606221114,489.52,489.52,489.52,489.52,0.0
202606221115,489.52,489.52,489.52,489.52,0.0
202606221116,489.52,489.52,489.52,489.52,0.0
202606221117,489.52,489.52,489.52,489.52,0.0
202606221118,489.52,489.52,489.52,489.52,0.0
202606221119,489.52,489.52,489.52,489.52,0.0
202606221120,489.52,489.52,489.52,489.52,0.0
202606221121,489.52,489.52,489.52,489.52,0.0
202606221122,489.52,489.52,489.52,489.52,0.0
202606221123,489.52,489.52,489.52,489.52,0.0
202606221124,489.52,489.52,489.52,489.52,0.0
202606221125,489.52,489.52,489.52,489.52,0.0
202606221126,489.52,489.52,489.52,489.52,0.0
202606221127,489.52,489.52,489.52,489.52,0.0
202606221128,489.52,489.52,489.52,489.52,0.0
202606221129,489.52,489.52,489.52,489.52,0.0
202606221130,489.52,489.52,489.52,489.52,0.0
202606221131,489.52,489.52,489.52,489.52,0.0
202606221132,492.0,492.0,492.0,492.0,1.0
202606221133,492.0,492.0,492.0,492.0,0.0
202606221134,491.0,492.0,492.0,491.0,2.0
202606221135,492.0,492.0,492.0,492.0,0.0
202606221136,492.0,492.0,492.0,492.0,0.0
202606221137,492.0,492.0,492.0,492.0,0.0
202606221138,492.0,492.0,492.0,492.0,0.0
202606221139,492.0,492.0,492.0,492.0,0.0
202606221140,492.0,492.0,492.0,492.0,0.0
202606221141,492.0,492.0,492.0,492.0,0.0
202606221142,492.0,492.0,492.0,492.0,0.0
202606221143,492.0,492.0,492.0,492.0,0.0
202606221144,492.0,492.0,492.0,492.0,0.0
202606221145,492.0,492.0,492.0,492.0,0.0
202606221146,492.0,492.0,492.0,492.0,0.0
202606221147,492.0,492.0,492.0,492.0,0.0
202606221148,492.0,492.0,492.0,492.0,0.0
202606221149,492.0,492.0,492.0,492.0,0.0
202606221150,492.0,492.0,492.0,492.0,0.0
202606221151,492.0,492.0,492.0,492.0,0.0
202606221152,492.0,492.0,492.0,492.0,0.0
202606221153,492.0,492.0,492.0,492.0,0.0
202606221154,492.0,492.0,492.0,492.0,0.0
202606221155,492.0,492.0,492.0,492.0,0.0
202606221156,492.0,492.0,492.0,492.0,0.0
202606221157,492.0,492.0,492.0,492.0,0.0
202606221158,492.0,492.0,492.0,492.0,0.0
202606221159,492.0,492.0,492.0,492.0,0.0
202606221200,492.0,492.0,492.0,492.0,0.0
202606221201,492.0,492.0,492.0,492.0,0.0
202606221202,492.0,492.0,492.0,492.0,0.0
202606221203,492.0,492.0,492.0,492.0,0.0
202606221204,492.0,492.0,492.0,492.0,0.0
202606221205,492.0,492.0,492.0,492.0,0.0
202606221206,492.0,492.0,492.0,492.0,0.0
202606221207,492.0,492.0,492.0,492.0,0.0
202606221208,492.0,492.0,492.0,492.0,0.0
202606221209,492.0,492.0,492.0,492.0,0.0
202606221210,492.0,492.0,492.0,492.0,0.0
202606221211,492.0,492.0,492.0,492.0,0.0
202606221212,492.0,492.0,492.0,492.0,0.0
202606221213,492.0,492.0,492.0,492.0,0.0
202606221214,492.0,492.0,492.0,492.0,0.0
202606221215,492.0,492.0,492.0,492.0,0.0
202606221216,492.0,492.0,492.0,492.0,0.0
202606221217,492.0,492.0,492.0,492.0,0.0
202606221218,492.0,492.0,492.0,492.0,0.0
202606221219,492.0,492.0,492.0,492.0,0.0
202606221220,492.0,492.0,492.0,492.0,0.0
202606221221,492.0,492.0,492.0,492.0,0.0
202606221222,492.0,492.0,492.0,492.0,0.0
202606221223,492.0,492.0,492.0,492.0,0.0
202606221224,492.0,492.0,492.0,492.0,0.0
202606221225,492.0,492.0,492.0,492.0,0.0
202606221226,492.0,492.0,492.0,492.0,0.0
202606221227,492.0,492.0,492.0,492.0,0.0
202606221228,492.0,492.0,492.0,492.0,0.0
202606221229,492.0,492.0,492.0,492.0,0.0
202606221230,490.73,490.73,490.74,490.73,1.0
202606221231,490.73,490.73,490.73,490.73,0.0
202606221232,490.73,490.73,490.74,490.73,1.0
202606221233,490.73,490.73,490.73,490.73,0.0
202606221234,490.73,490.73,490.73,490.73,0.0
202606221235,490.73,490.73,490.73,490.73,0.0
202606221236,490.73,490.73,490.73,490.73,0.0
202606221237,490.73,490.73,490.73,490.73,0.0
202606221238,490.73,490.73,490.73,490.73,0.0
202606221239,490.73,490.73,490.73,490.73,0.0
202606221240,490.73,490.73,490.73,490.73,0.0
202606221241,490.73,490.73,490.73,490.73,0.0
202606221242,490.73,490.73,490.73,490.73,0.0
202606221243,490.73,490.73,490.73,490.73,0.0
202606221244,490.01,490.01,490.01,490.01,1.0
202606221245,490.03,490.03,490.03,490.03,1.0
202606221246,490.03,490.03,490.03,490.03,0.0
202606221247,490.0,490.0,490.01,490.0,2.0
202606221248,490.0,490.0,490.0,490.0,0.0
202606221249,490.0,490.0,490.0,490.0,0.0
202606221250,490.0,490.0,490.0,490.0,0.0
202606221251,490.0,490.0,490.0,490.0,0.0
202606221252,490.0,490.0,490.0,490.0,0.0
202606221253,490.0,490.0,490.0,490.0,0.0
202606221254,490.0,490.0,490.0,490.0,0.0
202606221255,490.0,490.0,490.0,490.0,0.0
202606221256,490.0,490.0,490.0,490.0,0.0
202606221257,490.0,490.0,490.0,490.0,0.0
202606221258,490.0,490.0,490.0,490.0,0.0
202606221259,490.0,490.0,490.0,490.0,0.0
202606221300,490.0,490.0,490.0,490.0,0.0
202606221301,490.0,490.0,490.0,490.0,0.0
202606221302,490.0,490.0,490.0,490.0,0.0
202606221303,490.0,490.0,490.0,490.0,0.0
202606221304,490.0,490.0,490.0,490.0,0.0
202606221305,490.0,490.0,490.0,490.0,0.0
202606221306,490.0,490.0,490.0,490.0,0.0
202606221307,490.0,490.0,490.0,490.0,0.0
202606221308,490.0,490.0,490.0,490.0,0.0
202606221309,490.0,490.0,490.0,490.0,0.0
202606221310,490.0,490.0,490.0,490.0,0.0
202606221311,490.0,490.0,490.0,490.0,0.0
202606221312,490.0,490.0,490.0,490.0,0.0
202606221313,490.0,490.0,490.0,490.0,0.0
202606221314,490.0,490.0,490.0,490.0,0.0
202606221315,490.0,490.0,490.0,490.0,0.0
202606221316,490.0,490.0,490.0,490.0,0.0
202606221317,490.0,490.0,490.0,490.0,0.0
202606221318,490.0,490.0,490.0,490.0,0.0
202606221319,490.74,490.74,490.74,490.74,1.0
202606221320,491.98,490.44,491.98,490.44,3.0
202606221321,490.44,490.44,490.44,490.44,0.0
202606221322,490.44,490.44,490.44,490.44,0.0
202606221323,490.44,490.44,490.44,490.44,0.0
202606221324,490.44,490.44,490.44,490.44,0.0
202606221325,490.44,490.44,490.44,490.44,0.0
202606221326,490.44,490.44,490.44,490.44,0.0
202606221327,490.44,490.44,490.44,490.44,0.0
202606221328,489.89,489.83,489.89,489.83,3.0
202606221329,489.1,489.0,489.1,489.0,12.0
202606221330,488.16,489.63,490.0,488.0,1866.0
202606221331,489.36,490.86,490.86,488.79,176.0
202606221332,490.36,490.66,490.66,490.04,83.0
202606221333,490.76,488.55,490.76,488.55,59.0
202606221334,488.55,488.68,489.04,488.42,96.0
202606221335,488.93,488.72,488.96,488.17,145.0
202606221336,489.0,489.47,490.49,489.0,129.0
202606221337,489.58,490.6,490.8,489.33,31.0
202606221338,490.71,490.35,490.89,490.05,182.0
202606221339,490.35,491.33,491.35,490.0,259.0
202606221340,491.33,491.99,492.0,491.23,186.0
202606221341,491.76,491.77,492.26,491.62,71.0
202606221342,492.24,492.81,492.99,491.97,104.0
202606221343,492.89,494.19,494.19,492.71,62.0
202606221344,494.02,493.82,494.37,493.79,130.0
202606221345,494.05,494.64,495.0,493.74,175.0
202606221346,494.84,494.83,495.66,494.81,200.0
202606221347,494.95,494.18,494.95,494.18,104.0
202606221348,494.57,494.74,495.24,494.51,130.0
202606221349,494.74,495.2,495.47,494.66,143.0
202606221350,494.73,494.38,495.22,494.37,56.0
202606221351,494.16,494.14,494.57,493.77,62.0
202606221352,494.14,493.38,494.48,493.16,79.0
202606221353,493.37,493.54,493.65,493.34,60.0
202606221354,493.86,494.48,494.7,493.61,55.0
202606221355,494.47,494.0,494.47,493.36,49.0
202606221356,493.65,493.89,493.99,493.35,37.0
202606221357,493.68,492.94,494.15,492.78,244.0
202606221358,493.22,493.14,493.67,492.93,308.0
202606221359,492.94,493.16,493.66,492.76,212.0
202606221400,493.09,492.85,493.49,491.98,515.0
202606221401,492.97,493.31,493.32,492.66,196.0
202606221402,493.03,492.13,493.03,492.13,56.0
202606221403,492.54,492.75,492.75,492.3,43.0
202606221404,492.59,491.85,492.67,491.72,76.0
202606221405,492.03,491.89,492.32,491.75,78.0
202606221406,491.89,492.08,492.33,491.88,54.0
202606221407,491.9,492.23,492.24,491.8,47.0
202606221408,492.26,491.93,492.26,491.76,58.0
202606221409,491.72,492.05,492.05,491.51,49.0
202606221410,492.0,491.83,492.0,491.73,42.0
202606221411,491.98,492.68,492.69,491.81,81.0
202606221412,492.64,492.32,492.99,492.32,112.0
202606221413,492.45,492.64,492.81,492.4,33.0
202606221414,492.53,492.29,492.53,492.16,40.0
202606221415,492.18,492.22,492.48,492.17,34.0
202606221416,492.4,492.81,492.99,492.4,17.0
202606221417,492.92,492.79,493.01,492.7,43.0
202606221418,492.86,492.51,492.88,492.5,39.0
202606221419,492.8,492.08,492.8,491.93,237.0
202606221420,491.91,491.57,492.01,491.37,109.0
202606221421,491.57,491.77,491.78,491.44,28.0
202606221422,491.62,490.82,491.63,490.82,56.0
202606221423,491.3,491.53,491.53,491.1,45.0
202606221424,491.5,491.5,491.78,491.41,95.0
202606221425,491.42,491.26,491.54,491.21,30.0
202606221426,491.26,490.96,491.41,490.84,209.0
202606221427,490.85,490.82,490.96,490.67,87.0
202606221428,490.82,490.22,490.91,490.13,137.0
202606221429,490.13,489.93,490.35,489.89,64.0
202606221430,490.04,490.08,490.21,489.85,88.0
202606221431,489.96,489.91,490.08,489.9,280.0
202606221432,489.91,490.34,490.34,489.91,163.0
202606221433,490.25,490.44,490.44,489.99,160.0
202606221434,490.35,489.57,490.44,489.56,119.0
202606221435,489.67,489.9,489.95,489.36,109.0
202606221436,489.77,489.42,489.77,489.38,114.0
202606221437,489.37,489.5,489.56,489.34,24.0
202606221438,489.4,489.16,489.61,489.16,47.0
202606221439,489.35,489.56,489.67,489.35,71.0
202606221440,489.68,489.41,489.68,489.34,31.0
202606221441,489.71,490.02,490.03,489.61,28.0
202606221442,490.07,489.89,490.11,489.74,45.0
202606221443,489.89,490.0,490.15,489.89,24.0
202606221444,490.02,489.66,490.02,489.51,193.0
202606221445,489.63,489.64,489.64,489.5,15.0
202606221446,489.64,489.54,489.64,489.39,32.0
202606221447,489.63,489.54,489.65,489.46,75.0
202606221448,489.55,489.08,489.55,489.0,76.0
202606221449,489.08,488.92,489.22,488.92,103.0
202606221450,489.0,488.86,489.03,488.86,26.0
202606221451,488.81,488.32,488.88,488.32,64.0
202606221452,488.32,488.23,488.32,488.08,63.0
202606221453,488.19,488.12,488.37,488.0,55.0
202606221454,488.2,488.67,488.75,488.2,179.0
202606221455,488.76,488.34,488.84,488.33,87.0
202606221456,488.34,487.97,488.51,487.85,85.0
202606221457,487.97,488.36,488.4,487.88,205.0
202606221458,488.29,488.66,488.76,488.17,175.0
202606221459,488.81,488.7,488.84,488.51,23.0
202606221500,488.72,488.87,488.89,488.27,105.0
202606221501,488.83,488.82,488.89,488.71,36.0
202606221502,488.81,488.81,488.89,488.63,131.0
202606221503,488.79,488.77,488.98,488.76,65.0
202606221504,488.9,488.71,488.9,488.52,21.0
202606221505,488.57,488.22,488.73,488.21,124.0
202606221506,488.42,487.65,488.53,487.61,144.0
202606221507,487.61,487.01,487.61,487.01,71.0
202606221508,487.2,486.84,487.2,486.6,125.0
202606221509,486.8,486.59,486.91,486.59,38.0
202606221510,486.59,486.35,486.85,486.35,143.0
202606221511,486.42,487.14,487.14,486.41,78.0
202606221512,487.11,486.72,487.36,486.71,91.0
202606221513,486.71,486.63,487.0,486.62,32.0
202606221514,486.88,486.73,486.93,486.73,26.0
202606221515,486.74,486.6,486.74,486.54,27.0
202606221516,486.76,486.84,486.93,486.61,92.0
202606221517,486.99,486.42,486.99,486.3,65.0
202606221518,486.42,486.23,486.51,486.1,374.0
202606221519,486.24,486.81,486.88,486.12,126.0
202606221520,486.81,486.93,487.07,486.8,40.0
202606221521,486.97,486.71,487.03,486.57,47.0
202606221522,486.71,486.9,487.26,486.71,61.0
202606221523,487.04,487.27,487.29,486.86,19.0
202606221524,487.31,486.66,487.34,486.66,84.0
202606221525,486.77,486.54,486.77,486.5,27.0
202606221526,486.54,486.35,486.74,486.35,17.0
202606221527,486.52,486.43,486.73,486.36,9.0
202606221528,486.52,486.57,486.73,486.41,21.0
202606221529,486.57,486.8,486.94,486.42,120.0
202606221530,486.74,486.74,486.75,486.54,71.0
202606221531,486.62,486.82,486.82,486.55,85.0
202606221532,486.77,486.87,486.95,486.71,51.0
202606221533,486.87,487.04,487.11,486.85,140.0
202606221534,487.04,486.98,487.08,486.79,38.0
202606221535,486.99,487.17,487.2,486.89,44.0
202606221536,487.03,487.9,487.9,487.02,93.0
202606221537,487.87,487.73,487.91,487.61,48.0
202606221538,487.84,488.19,488.2,487.84,25.0
202606221539,488.16,488.42,488.44,488.15,29.0
202606221540,488.37,488.41,488.41,488.17,18.0
202606221541,488.49,488.37,488.53,488.17,35.0
202606221542,488.55,488.48,488.55,488.31,31.0
202606221543,488.29,488.45,488.54,488.25,218.0
202606221544,488.55,488.23,488.62,488.22,83.0
202606221545,488.23,488.4,488.4,488.1,19.0
202606221546,488.24,488.32,488.52,488.24,39.0
202606221547,488.51,488.39,488.56,488.21,19.0
202606221548,488.39,488.75,488.77,488.27,42.0
202606221549,488.75,488.42,488.84,488.4,78.0
202606221550,488.5,488.51,488.6,488.42,24.0
202606221551,488.51,488.31,488.57,488.21,14.0
202606221552,488.15,488.4,488.4,488.11,11.0
202606221553,488.28,488.67,488.78,488.17,43.0
202606221554,488.78,488.72,488.84,488.61,106.0
202606221555,488.72,488.46,488.72,488.22,68.0
202606221556,488.43,488.56,488.57,488.17,16.0
202606221557,488.39,488.4,488.4,488.39,18.0
202606221558,488.51,488.57,488.68,488.5,27.0
202606221559,488.47,488.5,488.6,488.29,37.0
202606221600,488.66,488.32,488.66,488.32,33.0
202606221601,488.28,488.25,488.54,488.2,67.0
202606221602,488.22,487.95,488.34,487.93,80.0
202606221603,488.09,488.2,488.2,487.88,30.0
202606221604,488.2,487.97,488.2,487.8,28.0
202606221605,488.0,487.87,488.0,487.72,86.0
202606221606,487.72,487.67,487.79,487.53,28.0
202606221607,487.54,487.48,487.67,487.35,29.0
202606221608,487.48,487.48,487.64,487.19,101.0
202606221609,487.48,487.37,487.59,487.21,64.0
202606221610,487.37,487.31,487.42,486.97,114.0
202606221611,487.32,487.36,487.44,487.23,65.0
202606221612,487.5,487.14,487.51,487.01,177.0
202606221613,487.04,487.24,487.38,486.97,111.0
202606221614,487.24,487.62,487.62,487.11,94.0
202606221615,487.57,487.41,487.57,487.01,105.0
202606221616,487.31,486.58,487.45,486.58,191.0
202606221617,486.67,486.84,486.94,486.59,50.0
202606221618,486.75,486.63,486.75,486.57,27.0
202606221619,486.57,486.44,486.63,486.4,48.0
202606221620,486.54,486.39,486.72,486.39,73.0
202606221621,486.39,485.86,486.54,485.85,142.0
202606221622,485.95,485.63,486.13,485.63,85.0
202606221623,485.67,485.5,485.74,485.5,38.0
202606221624,485.59,485.41,485.59,485.25,162.0
202606221625,485.43,484.98,485.44,484.86,161.0
202606221626,484.97,484.71,485.05,484.63,48.0
202606221627,484.72,485.01,485.11,484.72,160.0
202606221628,485.06,485.08,485.08,484.91,143.0
202606221629,485.15,485.52,485.52,485.12,75.0
202606221630,485.48,485.55,485.63,485.38,132.0
202606221631,485.61,485.85,485.91,485.61,169.0
202606221632,485.85,485.97,486.01,485.85,27.0
202606221633,485.93,486.05,486.07,485.88,27.0
202606221634,485.95,485.73,485.98,485.45,364.0
202606221635,485.73,485.57,485.8,485.56,80.0
202606221636,485.57,485.64,485.85,485.57,110.0
202606221637,485.66,485.42,485.76,485.33,114.0
202606221638,485.42,485.48,485.56,485.42,29.0
202606221639,485.48,485.68,485.78,485.42,56.0
202606221640,485.68,485.77,485.86,485.59,37.0
202606221641,485.71,485.66,485.73,485.55,79.0
202606221642,485.7,485.78,485.78,485.5,66.0
202606221643,485.79,485.62,485.79,485.56,30.0
202606221644,485.62,485.95,485.95,485.6,81.0
202606221645,485.95,486.05,486.07,485.86,57.0
202606221646,486.15,486.04,486.18,485.98,145.0
202606221647,486.11,486.68,486.72,486.1,197.0
202606221648,486.57,486.18,486.57,486.07,101.0
202606221649,486.18,485.97,486.19,485.83,100.0
202606221650,486.1,485.81,486.1,485.78,158.0
202606221651,485.7,485.89,485.96,485.53,92.0
202606221652,485.87,485.61,486.14,485.61,71.0
202606221653,485.63,485.6,485.7,485.6,9.0
202606221654,485.51,485.61,485.8,485.51,110.0
202606221655,485.63,485.92,485.97,485.53,246.0
202606221656,485.86,485.83,485.88,485.68,54.0
202606221657,485.74,486.03,486.06,485.74,19.0
202606221658,486.06,486.24,486.4,486.01,92.0
202606221659,486.35,486.01,486.52,486.01,41.0
202606221700,486.1,485.77,486.11,485.65,103.0
202606221701,485.71,485.88,485.88,485.59,130.0
202606221702,485.89,485.59,485.89,485.58,125.0
202606221703,485.56,485.79,485.84,485.54,91.0
202606221704,485.87,485.66,486.01,485.66,103.0
202606221705,485.78,485.75,485.88,485.52,61.0
202606221706,485.76,485.69,485.88,485.65,28.0
202606221707,485.69,485.61,485.77,485.61,59.0
202606221708,485.62,485.72,485.78,485.61,170.0
202606221709,485.72,485.94,486.08,485.68,85.0
202606221710,486.0,485.89,486.0,485.89,26.0
202606221711,486.07,486.08,486.15,485.89,74.0
202606221712,486.06,486.14,486.18,485.96,46.0
202606221713,486.02,486.06,486.14,485.76,164.0
202606221714,485.96,485.89,485.97,485.84,37.0
202606221715,485.86,485.78,486.05,485.76,57.0
202606221716,485.79,485.94,485.99,485.76,68.0
202606221717,486.03,486.01,486.17,486.01,60.0
202606221718,486.04,485.98,486.07,485.92,43.0
202606221719,485.98,485.98,485.98,485.91,27.0
202606221720,485.97,485.97,486.1,485.92,45.0
202606221721,485.97,485.86,486.06,485.79,42.0
202606221722,485.79,485.74,485.86,485.7,69.0
202606221723,485.74,485.75,485.83,485.67,23.0
202606221724,485.81,486.16,486.16,485.8,146.0
202606221725,486.09,485.81,486.1,485.81,76.0
202606221726,485.94,485.9,486.18,485.87,129.0
202606221727,485.9,485.86,486.02,485.85,49.0
202606221728,485.94,485.9,486.02,485.73,216.0
202606221729,485.9,485.87,486.0,485.74,89.0
202606221730,485.87,485.75,485.99,485.75,129.0
202606221731,485.82,485.62,485.87,485.6,229.0
202606221732,485.62,485.76,485.76,485.42,95.0
202606221733,485.76,485.74,485.89,485.71,31.0
202606221734,485.74,485.81,485.81,485.64,43.0
202606221735,485.81,485.76,485.83,485.72,57.0
202606221736,485.8,485.81,485.92,485.79,40.0
202606221737,485.81,486.13,486.13,485.72,69.0
202606221738,486.13,486.11,486.17,486.01,20.0
202606221739,486.11,486.09,486.11,486.01,59.0
202606221740,486.1,486.14,486.17,486.03,41.0
202606221741,486.25,486.36,486.38,486.21,36.0
202606221742,486.36,486.36,486.36,486.28,15.0
202606221743,486.36,486.61,486.61,486.26,98.0
202606221744,486.62,486.77,486.81,486.58,35.0
202606221745,486.81,486.98,487.02,486.8,164.0
202606221746,486.87,486.98,487.22,486.87,98.0
202606221747,487.07,487.06,487.08,486.91,19.0
202606221748,486.93,487.26,487.37,486.92,67.0
202606221749,487.32,486.89,487.32,486.89,118.0
202606221750,486.84,486.67,486.93,486.66,28.0
202606221751,486.67,486.77,486.77,486.67,21.0
202606221752,486.74,486.91,487.11,486.69,91.0
202606221753,486.91,487.06,487.1,486.91,86.0
202606221754,487.24,486.71,487.24,486.71,84.0
202606221755,486.86,486.63,486.86,486.49,32.0
202606221756,486.63,486.53,486.63,486.25,251.0
202606221757,486.47,486.54,486.57,486.41,76.0
202606221758,486.54,486.48,486.65,486.41,29.0
202606221759,486.41,485.7,486.42,485.69,187.0
202606221800,485.7,485.58,485.7,485.41,34.0
202606221801,485.58,485.38,485.71,485.37,81.0
202606221802,485.41,485.55,485.59,485.4,74.0
202606221803,485.49,485.2,485.49,485.19,123.0
202606221804,485.3,485.38,485.42,485.18,33.0
202606221805,485.3,485.38,485.38,485.27,19.0
202606221806,485.44,485.37,485.46,485.37,16.0
202606221807,485.37,485.38,485.46,485.37,42.0
202606221808,485.38,485.49,485.56,485.37,54.0
202606221809,485.44,485.67,485.68,485.44,59.0
202606221810,485.75,485.77,485.87,485.74,24.0
202606221811,485.87,486.0,486.0,485.78,34.0
202606221812,485.98,485.98,486.04,485.93,50.0
202606221813,485.98,485.92,486.04,485.88,92.0
202606221814,485.92,485.92,486.05,485.92,117.0
202606221815,485.91,485.91,486.07,485.88,77.0
202606221816,485.91,485.74,485.91,485.74,61.0
202606221817,485.76,485.88,485.88,485.7,59.0
202606221818,485.93,485.95,486.07,485.88,65.0
202606221819,486.07,486.03,486.29,486.03,44.0
202606221820,486.16,486.35,486.4,486.03,103.0
202606221821,486.35,486.43,486.47,486.35,35.0
202606221822,486.36,486.27,486.43,486.26,80.0
202606221823,486.38,486.25,486.39,486.19,101.0
202606221824,486.25,486.19,486.37,486.13,90.0
202606221825,486.19,486.12,486.19,486.0,44.0
202606221826,486.13,486.01,486.2,486.01,62.0
202606221827,486.01,486.02,486.15,485.88,150.0
202606221828,486.02,484.89,486.02,484.72,353.0
202606221829,484.8,484.39,484.89,484.14,779.0
202606221830,484.28,483.55,484.44,483.39,1612.0
202606221831,483.62,484.88,484.92,483.55,584.0
202606221832,485.04,484.5,485.14,484.5,105.0
202606221833,484.55,484.65,484.77,484.54,27.0
202606221834,484.64,484.52,484.71,484.5,25.0
202606221835,484.62,484.84,484.92,484.6,423.0
202606221836,484.84,485.09,485.24,484.84,41.0
202606221837,485.1,484.82,485.1,484.82,19.0
202606221838,484.94,484.84,484.94,484.75,42.0
202606221839,484.8,484.87,484.9,484.63,125.0
202606221840,484.82,484.65,484.83,484.54,200.0
202606221841,484.66,484.67,484.75,484.64,18.0
202606221842,484.67,484.74,484.81,484.57,72.0
202606221843,484.65,484.87,484.94,484.6,95.0
202606221844,484.89,484.89,484.99,484.77,289.0
202606221845,484.89,484.67,484.89,484.59,77.0
202606221846,484.57,484.5,484.62,484.4,46.0
202606221847,484.38,484.16,484.55,484.13,113.0
202606221848,484.16,484.27,484.39,484.12,72.0
202606221849,484.27,484.27,484.4,484.12,16.0
202606221850,484.27,484.21,484.43,484.09,24.0
202606221851,484.2,483.98,484.29,483.69,197.0
202606221852,483.98,483.68,483.98,483.66,30.0
202606221853,483.68,483.71,483.81,483.54,249.0
202606221854,483.71,483.6,483.84,483.5,230.0
202606221855,483.54,483.74,483.82,483.49,122.0
202606221856,483.79,483.74,483.98,483.64,95.0
202606221857,483.65,483.63,483.74,483.42,57.0
202606221858,483.48,483.28,483.51,483.23,97.0
202606221859,483.36,483.36,483.54,483.32,207.0
202606221900,483.37,483.35,483.44,483.24,77.0
202606221901,483.37,483.64,483.7,483.37,82.0
202606221902,483.64,483.3,483.65,483.3,194.0
202606221903,483.38,483.24,483.58,483.19,200.0
202606221904,483.25,483.27,483.41,483.14,77.0
202606221905,483.34,483.51,483.51,483.2,151.0
202606221906,483.48,483.72,483.73,483.41,226.0
202606221907,483.73,483.66,483.76,483.53,72.0
202606221908,483.62,483.79,483.8,483.58,43.0
202606221909,483.73,483.66,483.74,483.54,45.0
202606221910,483.66,483.56,483.74,483.53,123.0
202606221911,483.56,483.43,483.56,483.21,126.0
202606221912,483.43,483.42,483.48,483.34,103.0
202606221913,483.42,483.65,483.65,483.37,179.0
202606221914,483.65,483.62,483.7,483.46,51.0
202606221915,483.63,483.78,483.8,483.56,162.0
202606221916,483.78,483.76,483.84,483.65,178.0
202606221917,483.7,483.75,483.81,483.64,58.0
202606221918,483.67,483.71,483.81,483.67,78.0
202606221919,483.71,484.22,484.22,483.71,348.0
202606221920,484.23,483.96,484.42,483.94,312.0
202606221921,483.89,484.2,484.2,483.86,40.0
202606221922,484.08,484.1,484.22,484.0,71.0
202606221923,484.1,484.45,484.45,484.04,52.0
202606221924,484.3,483.96,484.46,483.91,104.0
202606221925,484.0,484.03,484.17,483.91,141.0
202606221926,484.03,484.13,484.13,483.86,114.0
202606221927,484.28,484.11,484.28,484.01,46.0
202606221928,484.11,484.06,484.15,483.89,52.0
202606221929,484.06,484.35,484.36,483.96,136.0
202606221930,484.3,484.26,484.3,484.16,74.0
202606221931,484.26,484.44,484.44,484.21,121.0
202606221932,484.41,484.6,484.61,484.41,75.0
202606221933,484.56,484.34,484.67,484.34,144.0
202606221934,484.34,484.23,484.38,484.02,97.0
202606221935,484.23,484.12,484.23,483.97,73.0
202606221936,484.12,484.08,484.3,484.03,181.0
202606221937,484.18,484.12,484.21,484.05,100.0
202606221938,484.06,484.14,484.14,484.01,71.0
202606221939,484.04,484.21,484.28,484.02,91.0
202606221940,484.24,484.15,484.51,484.11,271.0
202606221941,484.08,484.11,484.28,484.05,91.0
202606221942,484.11,484.34,484.36,484.04,242.0
202606221943,484.32,484.42,484.45,484.27,86.0
202606221944,484.42,484.35,484.46,484.28,110.0
202606221945,484.35,483.91,484.35,483.89,153.0
202606221946,483.91,484.29,484.4,483.87,110.0
202606221947,484.29,484.64,484.81,484.19,150.0
202606221948,484.62,484.36,484.66,484.3,315.0
202606221949,484.38,484.37,484.46,484.12,266.0
202606221950,484.27,484.34,484.45,484.04,286.0
202606221951,484.22,484.49,484.5,483.94,235.0
202606221952,484.44,484.45,484.53,484.34,450.0
202606221953,484.53,484.8,484.86,484.52,214.0
202606221954,484.8,485.51,485.63,484.8,218.0
202606221955,485.56,484.97,485.63,484.92,353.0
202606221956,484.9,484.6,485.02,484.56,318.0
202606221957,484.63,484.25,484.75,484.15,640.0
202606221958,484.33,484.32,484.52,483.87,994.0
202606221959,484.42,484.12,484.44,483.73,2345.0
202606222000,484.11,484.09,484.3,484.09,26529.0
202606222001,484.09,484.09,484.09,484.09,0.0
202606222002,484.09,484.09,484.09,484.09,0.0
202606222003,484.09,484.09,484.09,484.09,0.0
202606222004,484.09,484.09,484.09,484.09,0.0
202606222005,484.09,484.09,484.09,484.09,556.0
202606222006,484.09,484.09,484.09,484.09,0.0
202606222007,484.09,484.09,484.09,484.09,0.0
202606222008,484.09,484.09,484.09,484.09,0.0
202606222009,484.09,484.09,484.09,484.09,0.0
202606222010,484.09,484.09,484.09,484.09,0.0
202606222011,484.09,484.09,484.09,484.09,0.0
202606222012,484.09,484.09,484.09,484.09,0.0
202606222013,484.09,484.09,484.09,484.09,0.0
202606222014,484.09,484.09,484.09,484.09,0.0
202606222015,484.09,484.09,484.09,484.09,0.0
202606222016,484.09,484.09,484.09,484.09,0.0
202606222017,484.09,484.09,484.09,484.09,0.0
202606222018,484.09,484.09,484.09,484.09,0.0
202606222019,484.09,484.09,484.09,484.09,0.0
202606222020,484.09,484.09,484.09,484.09,0.0
202606222021,484.09,484.09,484.09,484.09,0.0
202606222022,484.09,484.09,484.09,484.09,0.0
202606222023,484.09,484.09,484.09,484.09,0.0
202606222024,484.09,484.09,484.09,484.09,0.0
202606222025,484.09,484.09,484.09,484.09,0.0
202606222026,484.1,484.1,484.1,484.1,1.0
202606222027,484.1,484.1,484.1,484.1,0.0
202606222028,484.1,484.1,484.1,484.1,0.0
202606222029,484.1,484.1,484.1,484.1,0.0
202606222030,484.1,484.1,484.1,484.1,0.0
202606222031,484.1,484.1,484.1,484.1,0.0
202606222032,484.1,484.1,484.1,484.1,0.0
202606222033,484.1,484.1,484.1,484.1,0.0
202606222034,484.09,484.09,484.09,484.09,2.0
202606222035,484.09,484.09,484.09,484.09,0.0
202606222036,484.09,484.09,484.09,484.09,0.0
202606222037,484.09,484.09,484.09,484.09,0.0
202606222038,484.09,484.09,484.09,484.09,0.0
202606222039,484.09,484.09,484.09,484.09,0.0
202606222040,484.09,484.09,484.09,484.09,0.0
202606222041,484.09,484.09,484.09,484.09,0.0
202606222042,484.09,484.09,484.09,484.09,0.0
202606222043,484.09,484.09,484.09,484.09,0.0
202606222044,484.09,484.09,484.09,484.09,0.0
202606222045,484.09,484.09,484.09,484.09,0.0
202606222046,484.09,484.09,484.09,484.09,0.0
202606222047,484.09,484.09,484.09,484.09,0.0
202606222048,484.09,484.09,484.09,484.09,0.0
202606222049,484.09,484.09,484.09,484.09,0.0
202606222050,484.09,484.09,484.09,484.09,0.0
202606222051,484.09,484.09,484.09,484.09,0.0
202606222052,484.09,484.09,484.09,484.09,0.0
202606222053,484.09,484.09,484.09,484.09,0.0
202606222054,484.09,484.09,484.09,484.09,0.0
202606222055,484.09,484.09,484.09,484.09,0.0
202606222056,484.09,484.09,484.09,484.09,0.0
202606222057,484.09,484.09,484.09,484.09,0.0
202606222058,484.09,484.09,484.09,484.09,0.0
202606222059,484.09,484.09,484.09,484.09,0.0
202606222100,484.09,484.09,484.09,484.09,0.0
202606222101,484.09,484.09,484.09,484.09,0.0
202606222102,484.09,484.09,484.09,484.09,0.0
202606222103,484.09,484.09,484.09,484.09,0.0
202606222104,484.09,484.09,484.09,484.09,0.0
202606222105,484.09,484.09,484.09,484.09,0.0
202606222106,484.09,484.09,484.09,484.09,0.0
202606222107,484.09,484.09,484.09,484.09,0.0
202606222108,484.09,484.09,484.09,484.09,0.0
202606222109,484.09,484.09,484.09,484.09,0.0
202606222110,484.09,484.09,484.09,484.09,0.0
202606222111,484.09,484.09,484.09,484.09,0.0
202606222112,484.09,484.09,484.09,484.09,0.0
202606222113,484.09,484.09,484.09,484.09,0.0
202606222114,484.09,484.09,484.09,484.09,0.0
202606222115,484.09,484.09,484.09,484.09,0.0
202606222116,484.09,484.09,484.09,484.09,0.0
202606222117,484.09,484.09,484.09,484.09,0.0
202606222118,484.09,484.09,484.09,484.09,0.0
202606222119,484.09,484.09,484.09,484.09,0.0
202606222120,484.09,484.09,484.09,484.09,0.0
202606222121,484.09,484.09,484.09,484.09,0.0
202606222122,484.09,484.09,484.09,484.09,0.0
202606222123,484.09,484.09,484.09,484.09,0.0
202606222124,484.09,484.09,484.09,484.09,0.0
202606222125,484.09,484.09,484.09,484.09,0.0
202606222126,484.09,484.09,484.09,484.09,0.0
202606222127,484.09,484.09,484.09,484.09,0.0
202606222128,484.09,484.09,484.09,484.09,0.0
202606222129,484.09,484.09,484.09,484.09,0.0
202606222130,484.09,484.09,484.09,484.09,0.0
202606222131,484.09,484.09,484.09,484.09,0.0
202606222132,484.09,484.09,484.09,484.09,0.0
202606222133,484.09,484.09,484.09,484.09,0.0
202606222134,484.09,484.09,484.09,484.09,0.0
202606222135,484.09,484.09,484.09,484.09,0.0
202606222136,484.09,484.09,484.09,484.09,0.0
202606222137,484.09,484.09,484.09,484.09,0.0
202606222138,484.09,484.09,484.09,484.09,0.0
202606222139,484.09,484.09,484.09,484.09,0.0
202606222140,484.09,484.09,484.09,484.09,0.0
202606222141,484.09,484.09,484.09,484.09,0.0
202606222142,484.09,484.4,484.4,484.09,2.0
202606222143,484.4,484.4,484.4,484.4,0.0
202606222144,484.4,484.4,484.4,484.4,0.0
202606222145,484.4,484.4,484.4,484.4,0.0
202606222146,484.4,484.4,484.4,484.4,0.0
202606222147,484.4,484.4,484.4,484.4,0.0
202606222148,484.4,484.4,484.4,484.4,0.0
202606222149,484.4,484.4,484.4,484.4,0.0
202606222150,484.4,484.4,484.4,484.4,0.0
202606222151,484.4,484.4,484.4,484.4,0.0
202606222152,484.4,484.4,484.4,484.4,0.0
202606222153,484.4,484.4,484.4,484.4,0.0
202606222154,484.4,484.4,484.4,484.4,0.0
202606222155,484.4,484.4,484.4,484.4,0.0
202606222156,484.4,484.4,484.4,484.4,0.0
202606222157,484.4,484.4,484.4,484.4,0.0
202606222158,484.4,484.4,484.4,484.4,0.0
202606222159,484.4,484.4,484.4,484.4,0.0
202606222200,484.4,484.4,484.4,484.4,0.0
202606222201,484.4,484.4,484.4,484.4,0.0
202606222202,484.4,484.4,484.4,484.4,0.0
202606222203,484.4,484.4,484.4,484.4,0.0
202606222204,484.4,484.4,484.4,484.4,0.0
202606222205,484.4,484.4,484.4,484.4,0.0
202606222206,484.4,484.4,484.4,484.4,0.0
202606222207,484.4,484.4,484.4,484.4,0.0
202606222208,484.4,484.4,484.4,484.4,0.0
202606222209,484.4,484.4,484.4,484.4,0.0
202606222210,484.4,484.4,484.4,484.4,0.0
202606222211,484.4,484.4,484.4,484.4,0.0
202606222212,484.4,484.4,484.4,484.4,0.0
202606222213,484.4,484.4,484.4,484.4,0.0
202606222214,484.4,484.4,484.4,484.4,0.0
202606222215,484.4,484.4,484.4,484.4,0.0
202606222216,484.4,484.4,484.4,484.4,0.0
202606222217,484.4,484.4,484.4,484.4,0.0
202606222218,484.4,484.4,484.4,484.4,0.0
202606222219,484.4,484.4,484.4,484.4,0.0
202606222220,484.4,484.4,484.4,484.4,0.0
202606222221,484.4,484.4,484.4,484.4,0.0
202606222222,484.4,484.4,484.4,484.4,0.0
202606222223,484.4,484.4,484.4,484.4,0.0
202606222224,484.4,484.4,484.4,484.4,0.0
202606222225,484.4,484.4,484.4,484.4,0.0
202606222226,484.4,484.4,484.4,484.4,0.0
202606222227,484.4,484.4,484.4,484.4,0.0
202606222228,484.6,484.6,484.6,484.6,7.0
202606222229,484.6,484.6,484.6,484.6,0.0
202606222230,484.6,484.6,484.6,484.6,0.0
202606222231,484.6,484.6,484.6,484.6,0.0
202606222232,485.0,485.0,485.0,485.0,5.0
202606222233,485.0,485.0,485.0,485.0,0.0
202606222234,485.0,485.0,485.0,485.0,0.0
202606222235,485.0,485.0,485.0,485.0,0.0
202606222236,485.0,485.0,485.0,485.0,0.0
202606222237,485.0,485.0,485.0,485.0,0.0
202606222238,485.0,485.0,485.0,485.0,0.0
202606222239,485.0,485.0,485.0,485.0,0.0
202606222240,485.0,485.0,485.0,485.0,0.0
202606222241,484.62,484.6,484.62,484.6,2.0
202606222242,484.6,484.6,484.6,484.6,0.0
202606222243,484.6,484.6,484.6,484.6,0.0
202606222244,484.6,484.6,484.6,484.6,0.0
202606222245,484.6,484.6,484.6,484.6,0.0
202606222246,484.6,484.6,484.6,484.6,0.0
202606222247,484.6,484.6,484.6,484.6,0.0
202606222248,484.6,484.6,484.6,484.6,0.0
202606222249,484.6,484.6,484.6,484.6,0.0
202606222250,484.6,484.6,484.6,484.6,0.0
202606222251,484.6,484.6,484.6,484.6,0.0
202606222252,484.6,484.6,484.6,484.6,0.0
202606222253,484.6,484.6,484.6,484.6,0.0
202606222254,484.6,484.6,484.6,484.6,0.0
202606222255,484.6,484.6,484.6,484.6,3.0
202606222256,484.6,484.6,484.6,484.6,0.0
202606222257,484.6,484.6,484.6,484.6,0.0
202606222258,484.6,484.6,484.6,484.6,0.0
202606222259,484.6,484.6,484.6,484.6,0.0
202606222300,484.6,484.6,484.6,484.6,0.0
202606222301,484.6,484.6,484.6,484.6,0.0
202606222302,484.6,484.6,484.6,484.6,0.0
202606222303,484.6,484.6,484.6,484.6,0.0
202606222304,484.6,484.6,484.6,484.6,0.0
202606222305,484.6,484.6,484.6,484.6,0.0
202606222306,484.6,484.6,484.6,484.6,0.0
202606222307,484.6,484.6,484.6,484.6,0.0
202606222308,484.6,484.6,484.6,484.6,0.0
202606222309,484.6,484.6,484.6,484.6,0.0
202606222310,484.6,484.6,484.6,484.6,0.0
202606222311,484.6,484.6,484.6,484.6,0.0
202606222312,484.6,484.6,484.6,484.6,0.0
202606222313,484.6,484.6,484.6,484.6,0.0
202606222314,484.6,484.6,484.6,484.6,0.0
202606222315,484.6,484.6,484.6,484.6,0.0
202606222316,484.6,484.6,484.6,484.6,0.0
202606222317,484.6,484.6,484.6,484.6,0.0
202606222318,484.6,484.6,484.6,484.6,0.0
202606222319,484.6,484.6,484.6,484.6,0.0
202606222320,484.6,484.6,484.6,484.6,0.0
202606222321,484.06,484.9,484.9,484.01,6.0
202606222322,484.9,484.9,484.9,484.9,0.0
202606222323,484.9,484.9,484.9,484.9,0.0
202606222324,484.9,484.9,484.9,484.9,0.0
202606222325,484.9,484.9,484.9,484.9,0.0
202606222326,484.9,484.9,484.9,484.9,0.0
202606222327,484.9,484.9,484.9,484.9,0.0
202606222328,484.9,484.9,484.9,484.9,0.0
202606222329,484.9,484.9,484.9,484.9,0.0
202606222330,484.9,484.9,484.9,484.9,0.0
202606222331,484.9,484.9,484.9,484.9,0.0
202606222332,484.9,484.9,484.9,484.9,0.0
202606222333,484.9,484.9,484.9,484.9,0.0
202606222334,484.9,484.9,484.9,484.9,0.0
202606222335,484.9,484.9,484.9,484.9,0.0
202606222336,484.9,484.9,484.9,484.9,0.0
202606222337,484.9,484.9,484.9,484.9,0.0
202606222338,484.9,484.9,484.9,484.9,0.0
202606222339,484.9,484.9,484.9,484.9,0.0
202606222340,484.9,484.9,484.9,484.9,0.0
202606222341,484.9,484.9,484.9,484.9,0.0
202606222342,484.9,484.9,484.9,484.9,0.0
202606222343,484.9,484.9,484.9,484.9,0.0
202606222344,484.9,484.9,484.9,484.9,0.0
202606222345,484.9,484.9,484.9,484.9,0.0
202606222346,484.9,484.9,484.9,484.9,0.0
202606222347,484.9,484.9,484.9,484.9,0.0
202606222348,484.9,484.9,484.9,484.9,0.0
202606222349,484.9,484.9,484.9,484.9,0.0
202606222350,484.9,484.9,484.9,484.9,0.0
202606222351,484.9,484.9,484.9,484.9,0.0
202606222352,484.9,484.9,484.9,484.9,0.0
202606222353,484.9,484.9,484.9,484.9,0.0
202606222354,484.9,484.9,484.9,484.9,0.0
202606222355,484.9,484.9,484.9,484.9,0.0
202606222356,484.9,484.9,484.9,484.9,0.0
202606222357,484.9,484.9,484.9,484.9,0.0
202606222358,484.9,484.9,484.9,484.9,0.0
202606222359,484.9,484.9,484.9,484.9,0.0
202606230800,484.57,484.6,484.6,484.57,3.0
202606230801,484.6,484.57,484.6,484.57,2.0
202606230802,484.57,484.57,484.57,484.57,0.0
202606230803,484.57,484.57,484.57,484.57,0.0
202606230804,484.57,484.57,484.57,484.57,0.0
202606230805,484.57,484.57,484.57,484.57,0.0
202606230806,485.0,485.0,485.0,485.0,1.0
202606230807,485.0,485.0,485.0,485.0,0.0
202606230808,485.0,485.0,485.0,485.0,0.0
202606230809,485.0,485.0,485.0,485.0,0.0
202606230810,485.0,485.0,485.0,485.0,0.0
202606230811,484.3,485.19,485.19,484.3,11.0
202606230812,485.19,485.19,485.19,485.19,0.0
202606230813,485.19,485.19,485.19,485.19,0.0
202606230814,485.19,485.19,485.19,485.19,0.0
202606230815,485.19,485.19,485.19,485.19,0.0
202606230816,485.19,485.19,485.19,485.19,0.0
202606230817,485.19,485.19,485.19,485.19,0.0
202606230818,485.19,485.19,485.19,485.19,0.0
202606230819,485.19,485.19,485.19,485.19,0.0
202606230820,485.19,485.19,485.19,485.19,0.0
202606230821,485.19,485.19,485.19,485.19,0.0
202606230822,485.19,485.19,485.19,485.19,0.0
202606230823,485.19,485.19,485.19,485.19,0.0
202606230824,485.19,485.19,485.19,485.19,0.0
202606230825,485.19,485.19,485.19,485.19,0.0
202606230826,485.19,485.19,485.19,485.19,0.0
202606230827,485.19,485.19,485.19,485.19,0.0
202606230828,485.19,485.19,485.19,485.19,0.0
202606230829,485.19,485.19,485.19,485.19,0.0
202606230830,485.19,485.19,485.19,485.19,0.0
202606230831,485.19,485.19,485.19,485.19,0.0
202606230832,485.19,485.19,485.19,485.19,0.0
202606230833,485.19,485.19,485.19,485.19,0.0
202606230834,485.1,485.1,485.1,485.1,1.0
202606230835,485.1,485.1,485.1,485.1,0.0
202606230836,485.1,485.1,485.1,485.1,0.0
202606230837,485.1,485.1,485.1,485.1,0.0
202606230838,485.1,485.1,485.1,485.1,0.0
202606230839,485.1,485.1,485.1,485.1,0.0
202606230840,485.1,485.1,485.1,485.1,0.0
202606230841,485.1,485.1,485.1,485.1,0.0
202606230842,485.1,485.1,485.1,485.1,0.0
202606230843,485.1,485.1,485.1,485.1,0.0
202606230844,485.1,485.1,485.1,485.1,0.0
202606230845,485.1,485.1,485.1,485.1,0.0
202606230846,485.1,485.1,485.1,485.1,0.0
202606230847,485.1,485.1,485.1,485.1,0.0
202606230848,485.1,485.1,485.1,485.1,0.0
202606230849,485.1,485.1,485.1,485.1,0.0
202606230850,485.1,485.1,485.1,485.1,0.0
202606230851,485.1,485.1,485.1,485.1,0.0
202606230852,485.1,485.1,485.1,485.1,0.0
202606230853,485.1,485.1,485.1,485.1,0.0
202606230854,485.1,485.1,485.1,485.1,0.0
202606230855,485.1,485.1,485.1,485.1,0.0
202606230856,485.1,485.1,485.1,485.1,0.0
202606230857,485.1,485.1,485.1,485.1,0.0
202606230858,485.1,485.1,485.1,485.1,0.0
202606230859,485.1,485.1,485.1,485.1,0.0
202606230900,485.1,485.1,485.1,485.1,0.0
202606230901,485.1,485.1,485.1,485.1,0.0
202606230902,485.1,485.1,485.1,485.1,0.0
202606230903,485.1,485.1,485.1,485.1,0.0
202606230904,485.1,485.1,485.1,485.1,0.0
202606230905,485.1,485.1,485.1,485.1,0.0
202606230906,485.1,485.1,485.1,485.1,0.0
202606230907,485.1,485.1,485.1,485.1,0.0
202606230908,485.1,485.1,485.1,485.1,0.0
202606230909,485.1,485.1,485.1,485.1,0.0
202606230910,485.1,485.1,485.1,485.1,0.0
202606230911,485.1,485.1,485.1,485.1,0.0
202606230912,485.1,485.1,485.1,485.1,0.0
202606230913,485.1,485.1,485.1,485.1,0.0
202606230914,485.1,485.1,485.1,485.1,0.0
202606230915,485.1,485.1,485.1,485.1,0.0
202606230916,485.1,485.1,485.1,485.1,0.0
202606230917,485.1,485.1,485.1,485.1,0.0
202606230918,485.1,485.1,485.1,485.1,0.0
202606230919,485.1,485.1,485.1,485.1,0.0
202606230920,485.1,485.1,485.1,485.1,0.0
202606230921,485.1,485.1,485.1,485.1,0.0
202606230922,485.1,485.1,485.1,485.1,0.0
202606230923,485.1,485.1,485.1,485.1,0.0
202606230924,485.1,485.1,485.1,485.1,0.0
202606230925,485.1,485.1,485.1,485.1,0.0
202606230926,485.1,485.1,485.1,485.1,0.0
202606230927,485.1,485.1,485.1,485.1,0.0
202606230928,485.1,485.1,485.1,485.1,0.0
202606230929,485.1,485.1,485.1,485.1,0.0
202606230930,485.1,485.1,485.1,485.1,0.0
202606230931,485.1,485.1,485.1,485.1,0.0
202606230932,485.1,485.1,485.1,485.1,0.0
202606230933,485.1,485.1,485.1,485.1,0.0
202606230934,485.1,485.1,485.1,485.1,0.0
202606230935,485.1,485.1,485.1,485.1,0.0
202606230936,485.1,485.1,485.1,485.1,0.0
202606230937,485.1,485.1,485.1,485.1,0.0
202606230938,485.1,485.1,485.1,485.1,0.0
202606230939,485.1,485.1,485.1,485.1,0.0
202606230940,485.1,485.1,485.1,485.1,0.0
202606230941,485.1,485.1,485.1,485.1,0.0
202606230942,485.1,485.1,485.1,485.1,0.0
202606230943,485.1,485.1,485.1,485.1,0.0
202606230944,485.1,485.1,485.1,485.1,0.0
202606230945,485.1,485.1,485.1,485.1,0.0
202606230946,485.1,485.1,485.1,485.1,0.0
202606230947,487.43,487.43,487.43,487.43,1.0
202606230948,487.43,487.43,487.43,487.43,0.0
202606230949,487.43,487.43,487.43,487.43,0.0
202606230950,487.43,487.43,487.43,487.43,0.0
202606230951,487.43,487.43,487.43,487.43,0.0
202606230952,487.43,487.43,487.43,487.43,0.0
202606230953,487.43,487.43,487.43,487.43,0.0
202606230954,487.43,487.43,487.43,487.43,0.0
202606230955,487.43,487.43,487.43,487.43,0.0
202606230956,487.43,487.43,487.43,487.43,0.0
202606230957,487.43,487.43,487.43,487.43,0.0
202606230958,487.43,487.43,487.43,487.43,0.0
202606230959,487.43,487.43,487.43,487.43,0.0
202606231000,487.43,487.43,487.43,487.43,0.0
202606231001,487.43,487.43,487.43,487.43,0.0
202606231002,487.43,487.43,487.43,487.43,0.0
202606231003,487.43,487.43,487.43,487.43,0.0
202606231004,487.43,487.43,487.43,487.43,0.0
202606231005,487.43,487.43,487.43,487.43,0.0
202606231006,487.43,487.43,487.43,487.43,0.0
202606231007,487.43,487.43,487.43,487.43,0.0
202606231008,487.43,487.43,487.43,487.43,0.0
202606231009,487.43,487.43,487.43,487.43,0.0
202606231010,487.43,487.43,487.43,487.43,0.0
202606231011,487.43,487.43,487.43,487.43,0.0
202606231012,487.43,487.43,487.43,487.43,0.0
202606231013,487.43,487.43,487.43,487.43,0.0
202606231014,487.43,487.43,487.43,487.43,0.0
202606231015,487.43,487.43,487.43,487.43,0.0
202606231016,487.43,487.43,487.43,487.43,0.0
202606231017,487.43,487.43,487.43,487.43,0.0
202606231018,487.43,487.43,487.43,487.43,0.0
202606231019,487.43,487.43,487.43,487.43,0.0
202606231020,487.43,487.43,487.43,487.43,0.0
202606231021,487.43,487.43,487.43,487.43,0.0
202606231022,487.43,487.43,487.43,487.43,0.0
202606231023,487.43,487.43,487.43,487.43,0.0
202606231024,487.43,487.43,487.43,487.43,0.0
202606231025,487.43,487.43,487.43,487.43,0.0
202606231026,487.43,487.43,487.43,487.43,0.0
202606231027,487.43,487.43,487.43,487.43,0.0
202606231028,487.43,487.43,487.43,487.43,0.0
202606231029,487.43,487.43,487.43,487.43,0.0
202606231030,487.43,487.43,487.43,487.43,0.0
202606231031,487.43,487.43,487.43,487.43,0.0
202606231032,487.43,487.43,487.43,487.43,0.0
202606231033,487.43,487.43,487.43,487.43,0.0
202606231034,487.43,487.43,487.43,487.43,0.0
202606231035,487.43,487.43,487.43,487.43,0.0
202606231036,487.43,487.43,487.43,487.43,0.0
202606231037,487.43,487.43,487.43,487.43,0.0
202606231038,487.43,487.43,487.43,487.43,0.0
202606231039,487.43,487.43,487.43,487.43,0.0
202606231040,487.43,487.43,487.43,487.43,0.0
202606231041,487.43,487.43,487.43,487.43,0.0
202606231042,487.43,487.43,487.43,487.43,0.0
202606231043,487.43,487.43,487.43,487.43,0.0
202606231044,487.43,487.43,487.43,487.43,0.0
202606231045,487.43,487.43,487.43,487.43,0.0
202606231046,487.43,487.43,487.43,487.43,0.0
202606231047,487.43,487.43,487.43,487.43,0.0
202606231048,487.43,487.43,487.43,487.43,0.0
202606231049,487.43,487.43,487.43,487.43,0.0
202606231050,488.0,488.0,488.0,488.0,2.0
202606231051,488.0,488.0,488.0,488.0,0.0
202606231052,488.0,488.0,488.0,488.0,0.0
202606231053,486.5,486.5,486.5,486.5,2.0
202606231054,486.5,486.5,486.5,486.5,0.0
202606231055,486.5,486.5,486.5,486.5,0.0
202606231056,486.5,486.5,486.5,486.5,0.0
202606231057,486.5,486.5,486.5,486.5,0.0
202606231058,486.5,486.5,486.5,486.5,0.0
202606231059,486.5,486.5,486.5,486.5,0.0
202606231100,486.5,486.5,486.5,486.5,0.0
202606231101,486.5,486.5,486.5,486.5,0.0
202606231102,486.5,486.5,486.5,486.5,0.0
202606231103,486.5,486.5,486.5,486.5,0.0
202606231104,486.5,486.5,486.5,486.5,0.0
202606231105,486.48,486.48,486.48,486.48,1.0
202606231106,486.48,486.48,486.48,486.48,0.0
202606231107,486.48,486.48,486.48,486.48,0.0
202606231108,486.48,486.48,486.48,486.48,0.0
202606231109,486.48,486.48,486.48,486.48,0.0
202606231110,486.48,486.48,486.48,486.48,0.0
202606231111,486.48,486.48,486.48,486.48,0.0
202606231112,486.48,486.48,486.48,486.48,0.0
202606231113,486.48,486.48,486.48,486.48,0.0
202606231114,486.48,486.48,486.48,486.48,0.0
202606231115,486.48,486.48,486.48,486.48,0.0
202606231116,486.48,486.48,486.48,486.48,0.0
202606231117,486.48,486.48,486.48,486.48,0.0
202606231118,486.48,486.48,486.48,486.48,0.0
202606231119,486.48,486.48,486.48,486.48,0.0
202606231120,486.48,486.48,486.48,486.48,0.0
202606231121,486.48,486.48,486.48,486.48,0.0
202606231122,486.48,486.48,486.48,486.48,0.0
202606231123,486.48,486.48,486.48,486.48,0.0
202606231124,486.48,486.48,486.48,486.48,0.0
202606231125,486.48,486.48,486.48,486.48,0.0
202606231126,486.48,486.48,486.48,486.48,0.0
202606231127,486.48,486.48,486.48,486.48,0.0
202606231128,486.48,486.48,486.48,486.48,0.0
202606231129,486.48,486.48,486.48,486.48,0.0
202606231130,486.48,486.48,486.48,486.48,0.0
202606231131,484.95,485.63,485.63,484.95,3.0
202606231132,485.63,485.63,485.63,485.63,0.0
202606231133,485.63,485.63,485.63,485.63,0.0
202606231134,485.63,485.63,485.63,485.63,0.0
202606231135,485.63,485.63,485.63,485.63,0.0
202606231136,485.63,485.63,485.63,485.63,0.0
202606231137,485.63,485.63,485.63,485.63,0.0
202606231138,485.63,485.63,485.63,485.63,0.0
202606231139,485.63,485.63,485.63,485.63,0.0
202606231140,485.63,485.63,485.63,485.63,0.0
202606231141,485.63,485.63,485.63,485.63,0.0
202606231142,485.63,485.63,485.63,485.63,0.0
202606231143,485.63,485.63,485.63,485.63,0.0
202606231144,485.63,485.63,485.63,485.63,0.0
202606231145,485.63,485.63,485.63,485.63,0.0
202606231146,485.63,485.63,485.63,485.63,0.0
202606231147,485.63,485.63,485.63,485.63,0.0
202606231148,485.63,485.63,485.63,485.63,0.0
202606231149,485.63,485.63,485.63,485.63,0.0
202606231150,485.63,485.63,485.63,485.63,0.0
202606231151,485.63,485.63,485.63,485.63,0.0
202606231152,485.63,485.63,485.63,485.63,0.0
202606231153,485.63,485.63,485.63,485.63,0.0
202606231154,485.63,485.63,485.63,485.63,0.0
202606231155,485.63,485.63,485.63,485.63,0.0
202606231156,485.63,485.63,485.63,485.63,0.0
202606231157,485.63,485.63,485.63,485.63,0.0
202606231158,485.63,485.63,485.63,485.63,0.0
202606231159,485.63,485.63,485.63,485.63,0.0
202606231200,485.63,485.63,485.63,485.63,0.0
202606231201,485.63,485.63,485.63,485.63,0.0
202606231202,485.63,485.63,485.63,485.63,0.0
202606231203,485.27,485.27,485.27,485.27,1.0
202606231204,485.27,485.27,485.27,485.27,0.0
202606231205,485.27,485.27,485.27,485.27,0.0
202606231206,485.27,485.27,485.27,485.27,0.0
202606231207,485.27,485.27,485.27,485.27,0.0
202606231208,485.27,485.27,485.27,485.27,0.0
202606231209,485.27,485.27,485.27,485.27,0.0
202606231210,485.27,485.27,485.27,485.27,0.0
202606231211,485.27,485.27,485.27,485.27,0.0
202606231212,485.27,485.27,485.27,485.27,0.0
202606231213,485.27,485.27,485.27,485.27,0.0
202606231214,485.27,485.27,485.27,485.27,0.0
202606231215,485.27,485.27,485.27,485.27,0.0
202606231216,485.27,485.27,485.27,485.27,0.0
202606231217,485.27,485.27,485.27,485.27,0.0
202606231218,485.27,485.27,485.27,485.27,0.0
202606231219,485.27,485.27,485.27,485.27,0.0
202606231220,485.27,485.27,485.27,485.27,0.0
202606231221,485.27,485.27,485.27,485.27,0.0
202606231222,485.27,485.27,485.27,485.27,0.0
202606231223,485.27,485.27,485.27,485.27,0.0
202606231224,485.27,485.27,485.27,485.27,0.0
202606231225,485.27,485.27,485.27,485.27,0.0
202606231226,487.0,487.0,487.0,487.0,2.0
202606231227,487.0,487.0,487.0,487.0,0.0
202606231228,487.0,487.0,487.0,487.0,0.0
202606231229,487.0,487.0,487.0,487.0,0.0
202606231230,487.0,487.0,487.0,487.0,0.0
202606231231,487.0,487.0,487.0,487.0,0.0
202606231232,487.0,487.0,487.0,487.0,0.0
202606231233,487.0,487.0,487.0,487.0,0.0
202606231234,487.0,487.0,487.0,487.0,0.0
202606231235,487.0,487.0,487.0,487.0,0.0
202606231236,487.0,487.0,487.0,487.0,0.0
202606231237,487.0,487.0,487.0,487.0,0.0
202606231238,487.0,487.0,487.0,487.0,0.0
202606231239,487.0,487.0,487.0,487.0,0.0
202606231240,487.0,487.0,487.0,487.0,0.0
202606231241,487.0,487.0,487.0,487.0,0.0
202606231242,487.0,487.0,487.0,487.0,0.0
202606231243,487.0,487.0,487.0,487.0,0.0
202606231244,486.98,486.98,486.98,486.98,1.0
202606231245,486.98,486.98,486.98,486.98,0.0
202606231246,486.98,486.98,486.98,486.98,0.0
202606231247,486.98,486.98,486.98,486.98,0.0
202606231248,486.98,486.98,486.98,486.98,0.0
202606231249,486.98,486.98,486.98,486.98,0.0
202606231250,486.98,486.98,486.98,486.98,0.0
202606231251,486.98,486.98,486.98,486.98,0.0
202606231252,486.98,486.98,486.98,486.98,0.0
202606231253,486.98,486.98,486.98,486.98,0.0
202606231254,486.98,486.98,486.98,486.98,0.0
202606231255,486.98,486.98,486.98,486.98,0.0
202606231256,486.98,486.98,486.98,486.98,0.0
202606231257,486.98,486.98,486.98,486.98,0.0
202606231258,486.98,486.98,486.98,486.98,0.0
202606231259,486.98,486.98,486.98,486.98,0.0
202606231300,486.98,486.98,486.98,486.98,0.0
202606231301,486.98,486.98,486.98,486.98,0.0
202606231302,486.98,486.98,486.98,486.98,0.0
202606231303,486.98,486.98,486.98,486.98,0.0
202606231304,486.98,486.98,486.98,486.98,0.0
202606231305,486.98,486.98,486.98,486.98,0.0
202606231306,486.98,486.98,486.98,486.98,0.0
202606231307,486.98,486.98,486.98,486.98,0.0
202606231308,486.93,486.93,486.94,486.93,1.0
202606231309,486.93,486.93,486.93,486.93,0.0
202606231310,486.93,486.93,486.93,486.93,0.0
202606231311,486.93,486.93,486.93,486.93,0.0
202606231312,486.93,486.93,486.93,486.93,0.0
202606231313,486.93,486.93,486.93,486.93,0.0
202606231314,486.93,486.93,486.93,486.93,0.0
202606231315,486.93,486.93,486.93,486.93,0.0
202606231316,486.93,486.93,486.93,486.93,0.0
202606231317,486.93,486.93,486.93,486.93,0.0
202606231318,486.93,486.93,486.93,486.93,0.0
202606231319,486.93,486.93,486.93,486.93,0.0
202606231320,486.93,486.93,486.93,486.93,0.0
202606231321,486.93,486.93,486.93,486.93,0.0
202606231322,486.93,486.93,486.93,486.93,0.0
202606231323,486.93,486.93,486.93,486.93,0.0
202606231324,486.93,486.93,486.93,486.93,0.0
202606231325,486.93,486.93,486.93,486.93,0.0
202606231326,486.93,486.93,486.93,486.93,0.0
202606231327,486.94,486.98,486.98,486.94,6.0
202606231328,486.98,486.98,486.98,486.98,0.0
202606231329,489.73,489.73,489.73,489.73,1.0
202606231330,488.83,488.91,490.88,488.0,1413.0
202606231331,488.49,489.21,490.2,488.3,277.0
202606231332,489.1,491.13,491.56,489.1,117.0
202606231333,490.93,490.81,491.43,490.7,55.0
202606231334,490.77,488.93,490.77,488.2,238.0
202606231335,489.12,489.61,489.66,488.6,373.0
202606231336,489.62,489.77,489.98,489.48,194.0
202606231337,489.78,489.33,489.78,488.43,204.0
202606231338,489.12,489.15,489.15,488.35,132.0
202606231339,489.21,488.55,489.21,487.81,232.0
202606231340,488.41,487.55,488.83,487.34,473.0
202606231341,487.55,488.56,488.6,487.55,97.0
202606231342,488.77,490.2,490.42,488.77,76.0
202606231343,490.02,490.25,490.25,489.42,60.0
202606231344,490.14,488.93,490.22,488.76,85.0
202606231345,488.64,489.15,489.6,488.25,193.0
202606231346,489.06,488.84,489.64,488.84,128.0
202606231347,488.74,488.75,489.1,488.38,58.0
202606231348,488.74,489.69,489.69,488.73,171.0
202606231349,489.43,488.97,489.54,488.33,198.0
202606231350,488.94,488.66,489.28,488.66,61.0
202606231351,488.66,487.84,488.84,487.73,73.0
202606231352,487.94,486.31,487.95,486.3,378.0
202606231353,486.31,486.31,486.61,485.83,154.0
202606231354,486.31,486.56,486.56,485.71,79.0
202606231355,486.5,486.73,486.96,486.5,58.0
202606231356,486.29,486.68,486.84,485.94,76.0
202606231357,486.54,486.25,486.84,486.13,90.0
202606231358,486.4,485.26,486.42,485.15,89.0
202606231359,485.44,484.84,485.58,484.74,429.0
202606231400,484.83,484.84,485.05,484.55,555.0
202606231401,484.84,484.6,485.11,484.48,283.0
202606231402,484.59,484.95,485.11,484.42,111.0
202606231403,484.95,485.49,485.74,484.85,1019.0
202606231404,485.25,484.97,485.32,484.76,64.0
202606231405,485.04,485.58,485.91,484.76,512.0
202606231406,485.49,485.88,486.0,485.35,241.0
202606231407,485.98,486.0,486.16,485.79,170.0
202606231408,485.79,485.51,485.81,485.01,149.0
202606231409,485.31,485.62,485.67,485.2,55.0
202606231410,485.5,485.13,485.58,484.79,305.0
202606231411,485.29,485.55,485.55,484.75,211.0
202606231412,485.69,485.81,486.04,485.56,58.0
202606231413,485.68,485.07,485.68,484.8,63.0
202606231414,485.19,485.01,485.29,484.9,68.0
202606231415,484.96,485.35,485.37,484.81,80.0
202606231416,485.49,485.64,486.08,485.35,378.0
202606231417,486.04,486.3,486.49,485.86,145.0
202606231418,486.11,486.15,486.29,486.01,39.0
202606231419,486.02,486.31,486.47,486.01,88.0
202606231420,486.36,485.93,486.91,485.89,98.0
202606231421,486.09,486.13,486.47,485.84,104.0
202606231422,486.12,486.5,486.56,486.06,47.0
202606231423,486.61,486.74,486.78,486.41,78.0
202606231424,486.5,487.15,487.16,486.33,100.0
202606231425,486.97,486.84,487.07,486.62,175.0
202606231426,486.91,487.04,487.3,486.79,78.0
202606231427,487.05,486.89,487.26,486.82,147.0
202606231428,486.76,487.0,487.2,486.7,80.0
202606231429,486.9,486.77,487.11,486.68,82.0
202606231430,486.69,486.17,486.81,486.16,88.0
202606231431,486.36,486.87,486.87,486.08,107.0
202606231432,487.03,487.35,487.52,486.87,107.0
202606231433,487.47,487.57,487.75,487.24,69.0
202606231434,487.39,486.93,487.39,486.93,72.0
202606231435,486.94,486.66,486.94,486.57,42.0
202606231436,486.51,486.22,486.58,485.92,78.0
202606231437,486.45,486.15,486.54,486.15,46.0
202606231438,486.15,486.35,486.43,486.15,47.0
202606231439,486.35,486.59,486.6,486.27,128.0
202606231440,486.57,486.0,486.77,485.72,402.0
202606231441,486.06,486.25,486.43,486.02,47.0
202606231442,486.43,486.45,486.6,486.37,80.0
202606231443,486.61,487.1,487.1,486.61,199.0
202606231444,487.21,487.22,487.65,487.21,51.0
202606231445,487.31,487.06,487.32,486.98,47.0
202606231446,487.05,487.39,487.5,487.05,42.0
202606231447,487.44,487.65,487.65,487.21,7.0
202606231448,487.66,487.67,487.67,487.47,76.0
202606231449,487.84,487.7,488.0,487.57,30.0
202606231450,487.71,487.49,487.71,487.34,55.0
202606231451,487.39,487.71,487.71,487.36,48.0
202606231452,487.86,488.06,488.16,487.83,46.0
202606231453,488.21,488.85,488.85,488.21,75.0
202606231454,488.85,488.84,488.86,488.67,42.0
202606231455,488.81,488.52,488.84,488.49,104.0
202606231456,488.64,488.18,488.64,488.06,101.0
202606231457,488.19,488.33,488.4,488.06,115.0
202606231458,488.21,488.34,488.39,488.2,128.0
202606231459,488.34,488.45,488.48,488.1,79.0
202606231500,488.45,488.44,488.51,488.05,96.0
202606231501,488.57,488.34,488.65,488.27,46.0
202606231502,488.3,488.33,488.48,488.16,48.0
202606231503,488.16,487.76,488.23,487.76,29.0
202606231504,488.08,488.09,488.21,487.83,44.0
202606231505,488.09,488.11,488.11,487.53,77.0
202606231506,488.15,488.25,488.25,487.9,77.0
202606231507,488.06,487.89,488.14,487.57,81.0
202606231508,487.74,487.77,487.91,487.64,59.0
202606231509,487.76,487.78,487.86,487.62,64.0
202606231510,487.65,487.35,487.68,487.34,45.0
202606231511,487.5,487.5,487.7,487.5,41.0
202606231512,487.75,488.22,488.32,487.68,86.0
202606231513,488.32,488.25,488.4,488.07,256.0
202606231514,488.25,487.95,488.27,487.87,81.0
202606231515,487.95,487.42,487.95,487.42,43.0
202606231516,487.43,487.31,487.64,487.3,54.0
202606231517,487.75,487.78,487.93,487.75,41.0
202606231518,487.67,487.62,487.67,487.55,6.0
202606231519,487.57,487.29,487.57,487.29,16.0
202606231520,487.24,487.11,487.24,486.94,31.0
202606231521,487.11,486.91,487.11,486.91,7.0
202606231522,486.78,486.94,487.1,486.71,50.0
202606231523,486.95,487.0,487.02,486.82,14.0
202606231524,486.95,486.56,486.96,486.56,53.0
202606231525,486.63,486.39,486.63,486.2,197.0
202606231526,486.38,486.33,486.41,486.28,30.0
202606231527,486.33,486.6,486.67,486.25,104.0
202606231528,486.6,486.52,486.6,486.43,116.0
202606231529,486.52,486.79,486.85,486.51,102.0
202606231530,486.79,486.78,486.98,486.62,99.0
202606231531,486.75,486.75,486.8,486.68,59.0
202606231532,486.67,486.83,486.98,486.49,155.0
202606231533,486.82,486.99,487.11,486.73,82.0
202606231534,487.01,486.94,487.26,486.88,92.0
202606231535,486.98,486.96,487.23,486.84,55.0
202606231536,486.94,486.95,486.99,486.81,44.0
202606231537,486.91,486.69,486.95,486.54,43.0
202606231538,486.69,486.91,486.96,486.65,84.0
202606231539,486.88,487.04,487.06,486.87,29.0
202606231540,487.02,486.97,487.13,486.9,49.0
202606231541,487.07,487.06,487.22,486.96,60.0
202606231542,487.01,487.04,487.18,487.01,69.0
202606231543,487.01,487.35,487.35,487.01,28.0
202606231544,487.28,487.36,487.42,487.28,57.0
202606231545,487.41,487.51,487.51,487.32,33.0
202606231546,487.61,487.76,487.87,487.47,87.0
202606231547,487.69,487.72,487.77,487.6,17.0
202606231548,487.72,488.05,488.05,487.71,41.0
202606231549,487.86,488.13,488.2,487.86,70.0
202606231550,488.02,488.22,488.3,487.89,41.0
202606231551,488.09,488.08,488.19,488.04,60.0
202606231552,488.03,488.07,488.07,487.97,25.0
202606231553,488.07,487.8,488.07,487.72,62.0
202606231554,487.74,487.54,487.74,487.48,59.0
202606231555,487.54,487.31,487.55,487.3,89.0
202606231556,487.31,487.25,487.32,487.13,90.0
202606231557,487.25,487.21,487.3,486.95,166.0
202606231558,487.18,487.26,487.26,487.12,95.0
202606231559,487.25,487.14,487.26,487.13,34.0
202606231600,487.14,487.15,487.15,487.03,68.0
202606231601,487.06,487.04,487.1,487.02,67.0
202606231602,487.1,487.24,487.25,487.09,56.0
202606231603,487.24,487.1,487.24,486.93,104.0
202606231604,487.1,486.79,487.1,486.69,150.0
202606231605,486.79,486.91,487.05,486.64,91.0
202606231606,487.09,487.03,487.2,486.98,77.0
202606231607,487.03,487.22,487.22,486.92,200.0
202606231608,487.21,486.94,487.21,486.74,164.0
202606231609,487.01,486.95,487.07,486.88,41.0
202606231610,486.96,486.57,486.96,486.55,164.0
202606231611,486.77,486.78,486.85,486.77,54.0
202606231612,486.78,486.62,486.79,486.62,66.0
202606231613,486.71,486.61,486.82,486.61,53.0
202606231614,486.68,487.24,487.32,486.64,96.0
202606231615,487.31,487.31,487.32,487.15,129.0
202606231616,487.33,487.18,487.33,487.05,139.0
202606231617,487.18,487.28,487.35,487.09,38.0
202606231618,487.26,487.46,487.46,487.15,45.0
202606231619,487.27,487.38,487.55,487.25,136.0
202606231620,487.4,487.8,487.87,487.39,46.0
202606231621,487.8,487.71,487.8,487.5,52.0
202606231622,487.7,487.7,487.72,487.6,35.0
202606231623,487.7,487.42,487.7,487.38,41.0
202606231624,487.42,487.36,487.45,487.2,56.0
202606231625,487.3,487.32,487.4,487.25,100.0
202606231626,487.39,487.38,487.4,487.18,116.0
202606231627,487.38,487.29,487.38,487.27,31.0
202606231628,487.21,487.28,487.36,487.21,16.0
202606231629,487.29,487.37,487.47,487.27,81.0
202606231630,487.38,487.31,487.38,487.22,36.0
202606231631,487.31,487.76,487.97,487.31,93.0
202606231632,487.69,487.49,487.81,487.49,205.0
202606231633,487.61,487.65,487.72,487.5,53.0
202606231634,487.65,487.71,487.8,487.59,49.0
202606231635,487.71,487.71,487.85,487.58,113.0
202606231636,487.63,487.68,487.74,487.51,123.0
202606231637,487.69,487.72,487.88,487.69,131.0
202606231638,487.7,487.8,487.9,487.68,70.0
202606231639,487.69,487.59,487.8,487.55,124.0
202606231640,487.67,487.64,487.84,487.61,64.0
202606231641,487.64,487.54,487.64,487.45,88.0
202606231642,487.54,487.4,487.54,487.36,64.0
202606231643,487.4,487.42,487.42,487.4,25.0
202606231644,487.5,487.3,487.5,487.28,100.0
202606231645,487.41,487.72,487.78,487.35,135.0
202606231646,487.69,487.55,487.74,487.45,82.0
202606231647,487.54,487.13,487.55,487.13,69.0
202606231648,487.11,487.17,487.21,487.03,61.0
202606231649,487.17,487.13,487.2,487.06,85.0
202606231650,487.14,487.13,487.17,487.06,57.0
202606231651,487.19,487.23,487.23,487.11,101.0
202606231652,487.2,487.16,487.36,487.07,351.0
202606231653,487.16,487.35,487.38,487.15,116.0
202606231654,487.35,487.38,487.46,487.25,103.0
202606231655,487.45,487.54,487.61,487.21,119.0
202606231656,487.54,487.6,487.62,487.46,71.0
202606231657,487.55,487.41,487.62,487.27,66.0
202606231658,487.31,488.43,488.43,487.23,206.0
202606231659,488.39,488.64,488.65,488.25,76.0
202606231700,488.63,488.63,488.65,488.35,101.0
202606231701,488.72,488.47,488.73,488.34,98.0
202606231702,488.4,488.57,488.74,488.32,144.0
202606231703,488.57,488.68,488.76,488.57,31.0
202606231704,488.68,488.41,488.68,488.37,40.0
202606231705,488.42,488.35,488.5,488.32,78.0
202606231706,488.35,488.59,488.72,488.35,58.0
202606231707,488.59,488.32,488.59,488.32,48.0
202606231708,488.32,488.34,488.45,488.19,46.0
202606231709,488.34,488.22,488.34,488.11,66.0
202606231710,488.24,488.14,488.3,488.08,38.0
202606231711,488.13,488.12,488.2,488.12,48.0
202606231712,488.07,488.04,488.12,488.0,83.0
202606231713,488.04,487.72,488.06,487.72,73.0
202606231714,487.81,488.26,488.26,487.78,82.0
202606231715,488.12,488.21,488.21,488.11,35.0
202606231716,488.24,488.15,488.28,488.15,43.0
202606231717,488.15,488.1,488.18,488.02,76.0
202606231718,488.17,488.1,488.17,487.9,123.0
202606231719,488.09,487.83,488.11,487.81,104.0
202606231720,487.85,488.12,488.15,487.83,221.0
202606231721,488.17,488.1,488.28,488.0,208.0
202606231722,488.1,488.25,488.41,488.1,117.0
202606231723,488.25,488.21,488.27,488.16,69.0
202606231724,488.21,488.21,488.33,488.15,75.0
202606231725,488.3,488.06,488.3,487.99,47.0
202606231726,488.06,487.98,488.06,487.98,37.0
202606231727,487.96,487.98,487.98,487.66,260.0
202606231728,487.9,488.03,488.16,487.9,35.0
202606231729,488.03,488.02,488.03,488.02,41.0
202606231730,487.92,488.32,488.38,487.92,44.0
202606231731,488.32,488.19,488.34,488.14,47.0
202606231732,488.12,488.12,488.2,487.86,88.0
202606231733,488.12,488.3,488.32,488.06,51.0
202606231734,488.3,488.36,488.45,488.18,93.0
202606231735,488.36,487.98,488.36,487.93,112.0
202606231736,487.93,488.03,488.06,487.93,76.0
202606231737,487.96,488.06,488.06,487.84,31.0
202606231738,487.93,488.14,488.14,487.93,39.0
202606231739,488.14,488.14,488.25,488.06,51.0
202606231740,488.22,488.1,488.23,487.99,106.0
202606231741,488.1,487.93,488.13,487.93,46.0
202606231742,488.05,487.77,488.05,487.77,15.0
202606231743,487.9,488.11,488.11,487.89,51.0
202606231744,488.1,488.06,488.19,487.98,243.0
202606231745,488.06,488.18,488.29,487.94,89.0
202606231746,488.2,488.07,488.32,487.97,152.0
202606231747,488.06,488.12,488.12,487.79,144.0
202606231748,488.12,488.09,488.19,488.02,84.0
202606231749,488.16,488.23,488.25,488.05,114.0
202606231750,488.21,488.16,488.23,488.1,33.0
202606231751,488.16,488.38,488.39,488.16,88.0
202606231752,488.37,488.28,488.37,488.22,33.0
202606231753,488.28,488.15,488.31,488.04,88.0
202606231754,488.15,488.1,488.18,488.03,56.0
202606231755,488.01,487.98,488.01,487.87,71.0
202606231756,487.99,487.88,488.0,487.87,23.0
202606231757,487.83,487.62,487.83,487.59,60.0
202606231758,487.67,487.88,487.91,487.56,76.0
202606231759,487.83,488.0,488.06,487.83,169.0
202606231800,488.01,488.08,488.12,487.98,148.0
202606231801,488.14,488.07,488.16,487.98,121.0
202606231802,488.06,488.1,488.17,487.98,80.0
202606231803,488.06,488.09,488.09,487.91,161.0
202606231804,488.03,488.13,488.14,487.87,91.0
202606231805,488.13,488.06,488.13,488.04,36.0
202606231806,488.06,488.07,488.19,488.02,109.0
202606231807,488.05,488.18,488.35,487.99,264.0
202606231808,488.19,488.29,488.29,488.13,41.0
202606231809,488.22,488.29,488.29,487.99,81.0
202606231810,488.32,488.39,488.39,488.25,75.0
202606231811,488.35,488.49,488.68,488.35,119.0
202606231812,488.57,488.53,488.57,488.44,80.0
202606231813,488.53,488.57,488.57,488.44,56.0
202606231814,488.57,488.47,488.57,488.46,80.0
202606231815,488.46,488.44,488.47,488.32,164.0
202606231816,488.43,488.47,488.57,488.34,95.0
202606231817,488.49,488.44,488.49,488.27,73.0
202606231818,488.25,488.56,488.59,488.25,62.0
202606231819,488.57,488.53,488.62,488.44,55.0
202606231820,488.52,488.41,488.52,488.33,45.0
202606231821,488.35,488.4,488.54,488.35,44.0
202606231822,488.4,488.16,488.41,488.12,81.0
202606231823,488.22,488.25,488.26,488.16,46.0
202606231824,488.21,488.36,488.38,488.2,94.0
202606231825,488.29,488.26,488.36,488.24,79.0
202606231826,488.26,488.11,488.3,488.02,69.0
202606231827,488.11,487.99,488.11,487.94,73.0
202606231828,487.97,487.86,488.03,487.83,227.0
202606231829,487.88,487.86,487.94,487.78,99.0
202606231830,487.87,487.82,487.91,487.77,80.0
202606231831,487.77,487.86,487.89,487.75,93.0
202606231832,487.79,487.82,488.03,487.78,133.0
202606231833,487.75,487.88,487.93,487.75,100.0
202606231834,487.88,488.17,488.25,487.7,244.0
202606231835,488.07,487.95,488.17,487.84,422.0
202606231836,487.9,487.81,487.92,487.8,186.0
202606231837,487.81,487.85,487.92,487.74,148.0
202606231838,487.87,487.81,487.87,487.58,220.0
202606231839,487.73,487.81,488.01,487.73,94.0
202606231840,487.81,488.14,488.15,487.76,208.0
202606231841,488.14,488.06,488.14,487.96,209.0
202606231842,488.06,487.94,488.23,487.91,76.0
202606231843,487.87,487.46,488.0,487.45,577.0
202606231844,487.47,487.53,487.77,487.36,143.0
202606231845,487.57,487.32,487.57,487.27,177.0
202606231846,487.34,487.59,487.62,487.2,285.0
202606231847,487.59,487.75,487.76,487.49,113.0
202606231848,487.7,487.55,487.7,487.5,47.0
202606231849,487.66,487.72,487.78,487.56,47.0
202606231850,487.71,487.69,487.82,487.65,69.0
202606231851,487.7,487.33,487.7,487.33,254.0
202606231852,487.34,487.39,487.45,487.32,68.0
202606231853,487.38,487.43,487.52,487.38,94.0
202606231854,487.5,487.47,487.75,487.46,66.0
202606231855,487.56,487.63,487.67,487.55,60.0
202606231856,487.71,487.87,487.93,487.66,102.0
202606231857,487.82,487.85,488.05,487.68,365.0
202606231858,487.88,487.85,487.97,487.79,59.0
202606231859,487.85,488.06,488.23,487.84,67.0
202606231900,488.06,487.74,488.07,487.73,107.0
202606231901,487.74,487.6,487.78,487.53,92.0
202606231902,487.66,487.62,487.74,487.61,78.0
202606231903,487.62,487.75,488.0,487.61,227.0
202606231904,487.76,487.71,487.86,487.62,101.0
202606231905,487.85,487.91,487.96,487.72,112.0
202606231906,487.91,488.01,488.16,487.86,135.0
202606231907,488.01,488.35,488.37,488.01,51.0
202606231908,488.38,488.48,488.61,488.38,373.0
202606231909,488.38,488.58,488.58,488.37,47.0
202606231910,488.52,488.43,488.52,488.37,91.0
202606231911,488.42,488.58,488.65,488.37,145.0
202606231912,488.65,488.5,488.77,488.42,80.0
202606231913,488.5,488.26,488.63,488.18,211.0
202606231914,488.2,488.11,488.27,488.09,67.0
202606231915,488.11,488.19,488.23,488.0,132.0
202606231916,488.19,488.34,488.35,488.06,469.0
202606231917,488.34,488.41,488.54,488.33,88.0
202606231918,488.41,488.14,488.41,487.92,141.0
202606231919,488.12,488.22,488.3,488.05,55.0
202606231920,488.27,488.17,488.43,488.16,146.0
202606231921,488.15,488.26,488.32,488.14,123.0
202606231922,488.32,488.43,488.44,488.3,139.0
202606231923,488.41,488.4,488.48,488.29,120.0
202606231924,488.35,488.66,488.67,488.31,177.0
202606231925,488.65,488.72,489.02,488.6,305.0
202606231926,488.79,488.46,488.79,488.3,125.0
202606231927,488.42,488.61,488.62,488.37,104.0
202606231928,488.61,488.41,489.07,488.4,432.0
202606231929,488.56,489.1,489.24,488.56,668.0
202606231930,488.99,488.73,489.11,488.66,209.0
202606231931,488.66,488.65,488.78,488.56,120.0
202606231932,488.57,488.38,488.59,488.34,77.0
202606231933,488.39,488.15,488.46,488.13,152.0
202606231934,488.15,488.59,488.69,488.13,340.0
202606231935,488.64,488.87,488.98,488.64,243.0
202606231936,488.85,488.82,488.86,488.71,111.0
202606231937,488.77,489.03,489.03,488.74,166.0
202606231938,488.95,488.75,489.04,488.75,203.0
202606231939,488.75,488.5,488.81,488.5,121.0
202606231940,488.49,488.44,488.55,488.32,351.0
202606231941,488.43,488.52,488.59,488.32,131.0
202606231942,488.58,488.67,488.89,488.57,320.0
202606231943,488.7,488.28,488.8,488.23,320.0
202606231944,488.23,488.57,488.62,488.17,145.0
202606231945,488.56,488.99,489.01,488.47,138.0
202606231946,488.98,488.8,489.02,488.75,99.0
202606231947,488.82,488.94,489.04,488.74,93.0
202606231948,489.03,488.69,489.03,488.61,226.0
202606231949,488.63,488.78,488.85,488.48,83.0
202606231950,488.83,488.48,488.83,488.48,221.0
202606231951,488.63,488.6,488.82,488.3,260.0
202606231952,488.68,488.77,489.08,488.67,250.0
202606231953,488.68,488.86,489.15,488.66,340.0
202606231954,488.95,488.52,488.96,488.37,248.0
202606231955,489.21,488.46,489.21,488.26,383.0
202606231956,488.54,488.61,488.61,488.27,552.0
202606231957,488.65,488.94,489.0,488.59,741.0
202606231958,489.02,488.75,489.67,488.75,1970.0
202606231959,488.75,488.1,488.97,488.1,2257.0
202606232000,488.22,488.07,488.22,488.07,17624.0
202606232001,488.07,488.07,488.07,488.07,0.0
202606232002,488.07,488.07,488.07,488.07,0.0
202606232003,488.07,488.07,488.07,488.07,0.0
202606232004,488.5,488.5,488.5,488.5,3.0
202606232005,488.5,488.5,488.5,488.5,0.0
202606232006,488.5,488.5,488.5,488.5,0.0
202606232007,488.5,488.5,488.5,488.5,0.0
202606232008,488.5,488.5,488.5,488.5,0.0
202606232009,488.5,488.5,488.5,488.5,0.0
202606232010,488.5,488.5,488.5,488.5,0.0
202606232011,488.5,488.5,488.5,488.5,0.0
202606232012,488.5,488.5,488.5,488.5,0.0
202606232013,488.5,488.5,488.5,488.5,0.0
202606232014,488.5,488.5,488.5,488.5,0.0
202606232015,488.5,488.5,488.5,488.5,0.0
202606232016,488.5,488.5,488.5,488.5,0.0
202606232017,488.5,488.5,488.5,488.5,0.0
202606232018,488.5,488.5,488.5,488.5,0.0
202606232019,488.5,488.5,488.5,488.5,0.0
202606232020,488.5,488.5,488.5,488.5,0.0
202606232021,488.5,488.5,488.5,488.5,0.0
202606232022,488.5,488.5,488.5,488.5,0.0
202606232023,488.5,488.5,488.5,488.5,0.0
202606232024,488.5,488.5,488.5,488.5,0.0
202606232025,488.5,488.5,488.5,488.5,0.0
202606232026,488.5,488.5,488.5,488.5,0.0
202606232027,488.5,488.5,488.5,488.5,0.0
202606232028,488.5,488.5,488.5,488.5,0.0
202606232029,488.5,488.5,488.5,488.5,0.0
202606232030,488.5,488.5,488.5,488.5,0.0
202606232031,488.5,488.5,488.5,488.5,0.0
202606232032,488.5,488.5,488.5,488.5,0.0
202606232033,488.5,488.5,488.5,488.5,0.0
202606232034,488.5,488.5,488.5,488.5,0.0
202606232035,488.5,488.5,488.5,488.5,0.0
202606232036,488.5,488.5,488.5,488.5,0.0
202606232037,488.07,488.07,488.07,488.07,3.0
202606232038,488.07,488.07,488.07,488.07,0.0
202606232039,488.07,488.07,488.07,488.07,0.0
202606232040,488.07,488.07,488.07,488.07,0.0
202606232041,488.07,488.07,488.07,488.07,0.0
202606232042,488.07,488.07,488.07,488.07,0.0
202606232043,488.07,488.07,488.07,488.07,0.0
202606232044,488.07,488.07,488.07,488.07,0.0
202606232045,488.07,488.07,488.07,488.07,0.0
202606232046,488.07,488.07,488.07,488.07,0.0
202606232047,488.07,488.07,488.07,488.07,0.0
202606232048,488.07,488.07,488.07,488.07,0.0
202606232049,488.07,488.07,488.07,488.07,0.0
202606232050,488.07,488.07,488.07,488.07,0.0
202606232051,488.07,488.07,488.07,488.07,0.0
202606232052,488.07,488.07,488.07,488.07,0.0
202606232053,488.07,488.07,488.07,488.07,0.0
202606232054,488.07,488.07,488.07,488.07,0.0
202606232055,488.07,488.07,488.07,488.07,0.0
202606232056,488.07,488.07,488.07,488.07,0.0
202606232057,488.07,488.07,488.07,488.07,0.0
202606232058,488.07,488.07,488.07,488.07,0.0
202606232059,488.07,488.07,488.07,488.07,0.0
202606232100,488.07,488.07,488.07,488.07,0.0
202606232101,488.07,488.07,488.07,488.07,0.0
202606232102,488.07,488.07,488.07,488.07,0.0
202606232103,488.07,488.07,488.07,488.07,0.0
202606232104,488.07,488.07,488.07,488.07,0.0
202606232105,488.07,488.07,488.07,488.07,0.0
202606232106,488.07,488.07,488.07,488.07,0.0
202606232107,488.07,488.07,488.07,488.07,0.0
202606232108,488.07,488.07,488.07,488.07,0.0
202606232109,488.07,488.07,488.07,488.07,0.0
202606232110,488.07,488.07,488.07,488.07,0.0
202606232111,488.07,488.07,488.07,488.07,0.0
202606232112,488.07,488.07,488.07,488.07,0.0
202606232113,488.07,488.07,488.07,488.07,0.0
202606232114,488.07,488.07,488.07,488.07,0.0
202606232115,488.07,488.07,488.07,488.07,0.0
202606232116,488.07,488.07,488.07,488.07,0.0
202606232117,488.07,488.07,488.07,488.07,0.0
202606232118,488.07,488.07,488.07,488.07,0.0
202606232119,488.07,488.07,488.07,488.07,0.0
202606232120,488.07,488.07,488.07,488.07,0.0
202606232121,488.07,488.07,488.07,488.07,0.0
202606232122,488.07,488.07,488.07,488.07,0.0
202606232123,488.07,488.07,488.07,488.07,0.0
202606232124,488.07,488.07,488.07,488.07,0.0
202606232125,488.07,488.07,488.07,488.07,0.0
202606232126,488.07,488.07,488.07,488.07,0.0
202606232127,488.07,488.07,488.07,488.07,0.0
202606232128,488.07,488.07,488.07,488.07,0.0
202606232129,488.07,488.07,488.07,488.07,0.0
202606232130,488.07,488.07,488.07,488.07,0.0
202606232131,488.07,488.07,488.07,488.07,0.0
202606232132,488.07,488.07,488.07,488.07,0.0
202606232133,488.07,488.07,488.07,488.07,0.0
202606232134,488.07,488.07,488.07,488.07,0.0
202606232135,488.07,488.07,488.07,488.07,0.0
202606232136,488.07,488.07,488.07,488.07,0.0
202606232137,488.07,488.07,488.07,488.07,0.0
202606232138,488.07,488.07,488.07,488.07,0.0
202606232139,488.07,488.07,488.07,488.07,0.0
202606232140,486.52,486.52,486.52,486.52,2.0
202606232141,486.52,486.52,486.52,486.52,0.0
202606232142,486.52,486.52,486.52,486.52,0.0
202606232143,486.52,486.52,486.52,486.52,0.0
202606232144,486.52,486.52,486.52,486.52,0.0
202606232145,486.52,486.52,486.52,486.52,0.0
202606232146,486.52,486.52,486.52,486.52,0.0
202606232147,486.52,486.52,486.52,486.52,0.0
202606232148,486.52,486.52,486.52,486.52,0.0
202606232149,486.52,486.52,486.52,486.52,0.0
202606232150,486.52,486.52,486.52,486.52,0.0
202606232151,486.52,486.52,486.52,486.52,0.0
202606232152,486.52,486.52,486.52,486.52,0.0
202606232153,486.52,486.52,486.52,486.52,0.0
202606232154,486.52,486.52,486.52,486.52,0.0
202606232155,486.52,486.52,486.52,486.52,0.0
202606232156,486.52,486.52,486.52,486.52,0.0
202606232157,486.52,486.52,486.52,486.52,0.0
202606232158,486.52,486.52,486.52,486.52,0.0
202606232159,486.52,486.52,486.52,486.52,0.0
202606232200,486.52,486.52,486.52,486.52,0.0
202606232201,486.52,486.52,486.52,486.52,0.0
202606232202,486.52,486.52,486.52,486.52,0.0
202606232203,486.52,486.52,486.52,486.52,0.0
202606232204,486.52,486.52,486.52,486.52,0.0
202606232205,486.52,486.52,486.52,486.52,0.0
202606232206,486.52,486.52,486.52,486.52,0.0
202606232207,486.52,486.52,486.52,486.52,0.0
202606232208,486.52,486.52,486.52,486.52,0.0
202606232209,486.52,486.52,486.52,486.52,0.0
202606232210,486.52,486.52,486.52,486.52,0.0
202606232211,488.52,488.83,488.83,488.52,7.0
202606232212,488.52,488.52,488.52,488.52,2.0
202606232213,488.52,488.52,488.52,488.52,0.0
202606232214,488.52,488.52,488.52,488.52,0.0
202606232215,488.52,488.52,488.52,488.52,0.0
202606232216,488.52,488.52,488.52,488.52,0.0
202606232217,488.52,488.52,488.52,488.52,0.0
202606232218,488.52,488.52,488.52,488.52,0.0
202606232219,488.52,488.52,488.52,488.52,0.0
202606232220,488.52,488.52,488.52,488.52,0.0
202606232221,488.52,488.52,488.52,488.52,0.0
202606232222,488.52,488.52,488.52,488.52,0.0
202606232223,488.52,488.52,488.52,488.52,0.0
202606232224,488.69,488.69,488.69,488.69,4.0
202606232225,488.69,488.72,488.72,488.59,18.0
202606232226,488.72,488.72,488.72,488.72,0.0
202606232227,488.72,488.72,488.72,488.72,0.0
202606232228,488.72,488.72,488.72,488.72,0.0
202606232229,488.72,488.72,488.72,488.72,0.0
202606232230,488.72,488.72,488.72,488.72,0.0
202606232231,488.72,488.72,488.72,488.72,0.0
202606232232,488.72,488.72,488.72,488.72,0.0
202606232233,488.72,488.72,488.72,488.72,0.0
202606232234,488.72,488.72,488.72,488.72,0.0
202606232235,488.72,488.72,488.72,488.72,0.0
202606232236,488.72,488.72,488.72,488.72,0.0
202606232237,488.72,488.72,488.72,488.72,0.0
202606232238,488.72,488.72,488.72,488.72,0.0
202606232239,488.72,488.72,488.72,488.72,0.0
202606232240,488.72,488.72,488.72,488.72,0.0
202606232241,488.72,488.72,488.72,488.72,0.0
202606232242,488.72,488.72,488.72,488.72,0.0
202606232243,488.72,488.72,488.72,488.72,0.0
202606232244,488.72,488.72,488.72,488.72,0.0
202606232245,488.72,488.72,488.72,488.72,0.0
202606232246,488.72,488.72,488.72,488.72,0.0
202606232247,488.72,488.72,488.72,488.72,0.0
202606232248,488.72,488.72,488.72,488.72,0.0
202606232249,488.72,488.72,488.72,488.72,0.0
202606232250,488.72,488.72,488.72,488.72,0.0
202606232251,488.72,488.72,488.72,488.72,0.0
202606232252,488.72,488.72,488.72,488.72,0.0
202606232253,488.72,488.72,488.72,488.72,0.0
202606232254,488.72,488.72,488.72,488.72,0.0
202606232255,488.72,488.72,488.72,488.72,0.0
202606232256,488.72,488.72,488.72,488.72,0.0
202606232257,488.72,488.72,488.72,488.72,0.0
202606232258,488.72,488.72,488.72,488.72,0.0
202606232259,488.72,488.72,488.72,488.72,0.0
202606232300,488.72,488.72,488.72,488.72,0.0
202606232301,488.72,488.72,488.72,488.72,0.0
202606232302,488.72,488.72,488.72,488.72,0.0
202606232303,488.72,488.72,488.72,488.72,0.0
202606232304,488.72,488.72,488.72,488.72,0.0
202606232305,488.72,488.72,488.72,488.72,0.0
202606232306,488.72,488.72,488.72,488.72,0.0
202606232307,488.72,488.72,488.72,488.72,0.0
202606232308,488.72,488.72,488.72,488.72,0.0
202606232309,488.72,488.72,488.72,488.72,0.0
202606232310,488.72,488.72,488.72,488.72,0.0
202606232311,488.72,488.72,488.72,488.72,0.0
202606232312,488.72,488.72,488.72,488.72,0.0
202606232313,488.72,488.72,488.72,488.72,0.0
202606232314,488.72,488.72,488.72,488.72,0.0
202606232315,488.72,488.72,488.72,488.72,0.0
202606232316,488.72,488.72,488.72,488.72,0.0
202606232317,488.72,488.72,488.72,488.72,0.0
202606232318,488.72,488.72,488.72,488.72,0.0
202606232319,488.72,488.72,488.72,488.72,0.0
202606232320,488.72,488.72,488.72,488.72,0.0
202606232321,488.72,488.72,488.72,488.72,0.0
202606232322,488.72,488.72,488.72,488.72,0.0
202606232323,488.72,488.72,488.72,488.72,0.0
202606232324,488.72,488.72,488.72,488.72,0.0
202606232325,488.72,488.72,488.72,488.72,0.0
202606232326,488.72,488.72,488.72,488.72,0.0
202606232327,488.72,488.72,488.72,488.72,0.0
202606232328,488.72,488.72,488.72,488.72,0.0
202606232329,488.72,488.72,488.72,488.72,0.0
202606232330,488.72,488.72,488.72,488.72,0.0
202606232331,488.72,488.72,488.72,488.72,0.0
202606232332,488.72,488.72,488.72,488.72,0.0
202606232333,488.72,488.72,488.72,488.72,0.0
202606232334,488.72,488.72,488.72,488.72,0.0
202606232335,488.72,488.72,488.72,488.72,0.0
202606232336,488.72,488.72,488.72,488.72,0.0
202606232337,488.72,488.72,488.72,488.72,0.0
202606232338,488.72,488.72,488.72,488.72,0.0
202606232339,488.72,488.72,488.72,488.72,0.0
202606232340,488.72,488.72,488.72,488.72,0.0
202606232341,488.72,488.72,488.72,488.72,0.0
202606232342,488.72,488.72,488.72,488.72,0.0
202606232343,488.72,488.72,488.72,488.72,0.0
202606232344,488.72,488.72,488.72,488.72,0.0
202606232345,488.72,488.72,488.72,488.72,0.0
202606232346,488.72,488.72,488.72,488.72,0.0
202606232347,488.72,488.72,488.72,488.72,0.0
202606232348,488.72,488.72,488.72,488.72,0.0
202606232349,488.72,488.72,488.72,488.72,0.0
202606232350,488.72,488.72,488.72,488.72,0.0
202606232351,488.72,488.72,488.72,488.72,0.0
202606232352,488.72,488.72,488.72,488.72,0.0
202606232353,488.72,488.72,488.72,488.72,0.0
202606232354,488.72,488.72,488.72,488.72,0.0
202606232355,488.72,488.72,488.72,488.72,0.0
202606232356,488.72,488.72,488.72,488.72,0.0
202606232357,488.72,488.72,488.72,488.72,0.0
202606232358,488.72,488.72,488.72,488.72,0.0
202606232359,488.72,488.72,488.72,488.72,0.0
202606240800,488.36,488.1,490.8825,486.075,0.0
202606240801,487.05,488.34,488.34,486.58,0.0
202606240804,487.5,488.12,488.12,486.1335,0.0
202606240805,487.56,487.88,488.13,487.02,0.0
202606240809,487.93,487.93,487.93,487.93,0.0
202606240810,487.5,487.5,487.5,487.5,0.0
202606240811,487.89,487.89,487.89,487.89,0.0
202606240816,488.9167,487.46,488.9167,487.46,0.0
202606240817,487.62,488.0,488.0,487.62,0.0
202606240819,488.0,488.0,488.0,488.0,0.0
202606240822,487.46,487.46,487.46,487.46,0.0
202606240824,488.0789,488.0789,488.0789,488.0789,0.0
202606240838,488.9167,488.9167,488.9167,488.9167,0.0
202606240842,487.81,487.81,487.81,487.81,0.0
202606240850,487.53,487.81,487.81,487.53,0.0
202606240904,486.1332,486.1332,486.1332,486.1332,0.0
202606240908,486.62,486.62,486.62,486.62,0.0
202606240909,487.07,486.62,487.07,486.62,0.0
202606240916,487.55,487.7,487.7,487.55,0.0
202606240917,487.37,487.37,487.37,487.37,0.0
202606240928,488.9265,488.9265,488.9265,488.9265,0.0
202606240933,487.27,486.1335,487.27,486.1335,0.0
202606240946,486.62,486.6,486.62,486.6,0.0
202606240948,488.9265,488.9265,488.9265,488.9265,0.0
202606240952,487.24,486.3,487.31,486.3,0.0
202606240956,487.39,487.39,487.39,487.39,0.0
202606240959,487.53,487.53,487.53,487.53,0.0
202606241001,486.0612,486.0612,486.0612,486.0612,0.0
202606241004,486.0612,486.0612,486.0612,486.0612,0.0
202606241005,486.4,486.4,486.4,486.4,0.0
202606241006,486.06,488.9265,488.9265,486.06,0.0
202606241013,486.1335,486.13,486.1335,486.13,0.0
202606241017,487.35,487.39,487.39,487.35,0.0
202606241018,486.5,486.5,486.5,486.5,0.0
202606241019,488.9265,488.9265,488.9265,488.9265,0.0
202606241020,486.5,486.5,486.5,486.5,0.0
202606241026,487.45,487.45,487.45,487.45,0.0
202606241043,487.39,487.39,487.39,487.39,0.0
202606241046,488.9988,488.9988,488.9988,488.9988,0.0
202606241047,488.9988,488.9988,488.9988,488.9988,0.0
202606241057,487.39,487.39,487.39,487.39,0.0
202606241100,487.88,487.9,488.15,487.53,0.0
202606241102,487.3433,487.3433,487.3433,487.3433,0.0
202606241105,487.9,488.77,488.77,487.62,0.0
202606241112,488.8598,488.8598,488.8598,488.8598,0.0
202606241119,488.8598,488.8598,488.8598,488.8598,0.0
202606241126,487.25,487.25,487.25,487.25,0.0
202606241129,487.39,487.39,487.39,487.39,0.0
202606241133,487.39,487.39,487.39,487.39,0.0
202606241134,488.8879,488.8879,488.8879,488.8879,0.0
202606241146,486.9969,486.9969,486.9969,486.9969,0.0
202606241147,487.66,487.66,487.66,487.66,0.0
202606241149,487.6837,487.71,487.71,487.6837,0.0
202606241150,488.77,488.77,488.77,488.77,0.0
202606241152,487.88,487.88,487.88,487.88,0.0
202606241153,487.88,487.88,487.88,487.88,0.0
202606241154,488.9278,488.9278,488.9278,488.9278,0.0
202606241159,488.9662,488.9662,488.9662,488.9662,0.0
202606241204,488.22,488.22,488.22,488.22,0.0
202606241211,488.0167,488.0167,488.0167,488.0167,0.0
202606241215,487.7557,488.9071,488.9071,487.7557,0.0
202606241217,488.9662,488.9662,488.9662,488.9662,0.0
202606241220,488.9662,488.9662,488.9662,488.9662,0.0
202606241222,488.9988,488.9988,488.9988,488.9988,0.0
202606241228,488.0,488.0,488.0,488.0,0.0
202606241229,488.71,488.5,488.71,488.5,0.0
202606241230,488.5,488.9662,488.9662,488.5,0.0
202606241242,488.02,489.0,489.0,488.02,0.0
202606241250,488.07,487.71,488.07,487.71,0.0
202606241254,488.99,488.02,488.99,488.02,0.0
202606241256,488.0,488.0,488.0,488.0,0.0
202606241259,488.9662,488.9662,488.9662,488.9662,0.0
202606241302,488.9475,488.9475,488.9475,488.9475,0.0
202606241305,488.85,488.8879,488.8879,488.85,0.0
202606241309,488.8879,488.8879,488.8879,488.8879,0.0
202606241311,488.8556,488.8556,488.8556,488.8556,0.0
202606241312,486.9525,488.9475,488.9475,486.9525,0.0
202606241330,488.0799865722656,489.6099853515625,489.7898864746094,488.0799865722656,49974.0
202606241331,489.1300048828125,488.10009765625,489.489990234375,488.10009765625,9505.0
202606241332,488.5350036621094,486.2900085449219,488.8800048828125,486.2900085449219,11313.0
202606241333,486.510009765625,486.99969482421875,487.510009765625,486.4200134277344,5093.0
202606241334,486.2200012207031,487.239990234375,487.3550109863281,486.2200012207031,1731.0
202606241335,487.010009765625,487.9649963378906,488.4125061035156,486.8949890136719,9654.0
202606241336,488.30499267578125,488.25,489.2900085449219,488.1900939941406,5006.0
202606241337,488.5799865722656,489.5,489.7900085449219,488.3200988769531,4127.0
202606241338,489.92999267578125,490.0899963378906,490.25,489.8500061035156,4624.0
202606241339,489.55999755859375,490.05999755859375,490.6300048828125,489.55999755859375,8552.0
202606241340,490.1449890136719,488.42999267578125,490.8999938964844,488.42999267578125,17240.0
202606241341,488.44000244140625,488.8974914550781,488.9800109863281,488.44000244140625,3278.0
202606241342,489.1600036621094,490.0400085449219,490.19000244140625,488.9100036621094,7928.0
202606241343,490.1549987792969,490.67498779296875,491.0,490.1549987792969,7104.0
202606241344,491.0,490.57000732421875,491.260009765625,490.30999755859375,4639.0
202606241345,490.1600036621094,489.510009765625,490.5599060058594,489.510009765625,4476.0
202606241346,489.5199890136719,488.9725036621094,489.6700134277344,488.8999938964844,1368.0
202606241347,489.1099853515625,489.1600036621094,489.4599914550781,488.5199890136719,2266.0
202606241348,489.1199951171875,488.95001220703125,489.4700012207031,488.8299865722656,4512.0
202606241349,488.7799987792969,488.4800109863281,488.7799987792969,487.8800048828125,13561.0
202606241350,488.4750061035156,488.3399963378906,488.5350036621094,487.9700012207031,5397.0
202606241351,488.3399963378906,489.2799987792969,489.2900085449219,488.1846923828125,8642.0
202606241352,489.29998779296875,490.0249938964844,490.2250061035156,489.29998779296875,5645.0
202606241353,489.8599853515625,489.9599914550781,490.3229064941406,489.8599853515625,5382.0
202606241354,489.94000244140625,490.0,490.0,489.05499267578125,12318.0
202606241355,490.0,489.6700134277344,490.3699951171875,489.6499938964844,3377.0
202606241356,489.7900085449219,489.8500061035156,490.139892578125,489.7900085449219,1374.0
202606241357,489.7300109863281,489.75,489.75,489.42999267578125,2376.0
202606241358,489.7200012207031,489.614990234375,489.7950134277344,489.1099853515625,5430.0
202606241359,489.6099853515625,489.6000061035156,490.0,489.489990234375,9198.0
202606241400,489.2401123046875,489.4100036621094,489.6199951171875,488.8949890136719,5644.0
202606241401,489.75,489.8399963378906,490.29998779296875,489.4700012207031,7721.0
202606241402,489.92498779296875,489.6300048828125,489.92498779296875,489.44000244140625,3011.0
202606241403,489.6099853515625,489.32501220703125,489.7699890136719,489.2099914550781,4066.0
202606241404,489.32501220703125,489.625,489.67498779296875,489.32501220703125,5814.0
202606241405,489.2701110839844,488.9599914550781,489.9898986816406,488.67999267578125,4626.0
202606241406,489.04998779296875,489.1000061035156,489.3699951171875,488.739990234375,3235.0
202606241407,489.0950012207031,488.9599914550781,489.0950012207031,488.5574951171875,4960.0
202606241408,489.3699951171875,489.1025085449219,489.3699951171875,488.5249938964844,13975.0
202606241409,489.114990234375,489.44000244140625,489.6099853515625,489.04010009765625,10389.0
202606241410,489.19000244140625,489.57000732421875,489.7699890136719,489.19000244140625,9662.0
202606241411,489.3599853515625,489.29998779296875,489.6300048828125,489.2749938964844,5667.0
202606241412,489.29998779296875,489.5050048828125,489.69000244140625,489.1199951171875,6774.0
202606241413,489.5050048828125,489.67498779296875,489.8992919921875,489.3700866699219,3615.0
202606241414,489.3699951171875,489.260009765625,489.677490234375,489.0799865722656,3064.0
202606241415,489.0899963378906,489.8500061035156,489.8900146484375,489.07000732421875,5014.0
202606241416,489.8599853515625,490.1300048828125,490.1499938964844,489.80999755859375,10514.0
202606241417,490.0899963378906,491.0,491.0,490.0899963378906,3734.0
202606241418,491.0799865722656,491.0150146484375,491.2026062011719,490.9200134277344,2788.0
202606241419,491.17999267578125,491.36749267578125,491.5599060058594,491.17999267578125,1575.0
202606241420,491.55999755859375,491.7449951171875,491.8599853515625,491.55999755859375,2485.0
202606241421,491.9100036621094,492.0400085449219,492.1499938964844,491.79998779296875,14567.0
202606241422,492.0400085449219,492.3299865722656,492.4115905761719,492.0249938964844,1986.0
202606241423,492.5,492.489990234375,492.6499938964844,492.30499267578125,2910.0
202606241424,492.7349853515625,492.625,493.0,492.625,1753.0
202606241425,492.69000244140625,492.3900146484375,492.69000244140625,492.3900146484375,1784.0
202606241426,492.7300109863281,492.4800109863281,492.8399963378906,492.17010498046875,2959.0
202606241427,492.7200012207031,492.6499938964844,493.0,492.6499938964844,3364.0
202606241428,492.80999755859375,492.260009765625,492.80999755859375,492.0,6389.0
202606241429,492.32000732421875,492.42999267578125,492.5299987792969,492.32000732421875,2037.0
202606241430,492.2099914550781,492.2850036621094,492.3349914550781,492.1600036621094,2871.0
202606241431,492.2900085449219,492.3949890136719,492.6000061035156,492.20001220703125,4711.0
202606241432,492.3900146484375,492.45001220703125,492.6400146484375,492.3900146484375,3359.0
202606241433,492.6700134277344,492.2250061035156,492.739990234375,492.2250061035156,3589.0
202606241434,492.0,491.739990234375,492.20001220703125,491.7300109863281,4073.0
202606241435,491.5299987792969,491.67999267578125,491.67999267578125,491.3999938964844,2482.0
202606241436,491.57501220703125,490.95001220703125,491.57501220703125,490.95001220703125,4954.0
202606241437,491.0400085449219,490.9599914550781,491.1700134277344,490.9599914550781,1138.0
202606241438,490.7699890136719,491.07501220703125,491.25,490.69500732421875,5128.0
202606241439,491.3299865722656,491.125,491.3299865722656,491.1000061035156,5232.0
202606241440,491.2192077636719,490.9700012207031,491.2192077636719,490.8699951171875,4050.0
202606241441,490.9800109863281,491.05499267578125,491.239990234375,490.8800048828125,5225.0
202606241442,491.2099914550781,491.635009765625,491.70001220703125,491.2099914550781,4655.0
202606241443,491.8800048828125,492.0299987792969,492.0299987792969,491.6099853515625,4141.0
202606241444,492.010009765625,492.7699890136719,492.7699890136719,492.010009765625,5595.0
202606241445,492.6549987792969,493.82000732421875,493.82000732421875,492.6000061035156,13063.0
202606241446,493.9700012207031,493.4549865722656,494.0,493.1549987792969,9141.0
202606241447,493.45001220703125,493.4949951171875,493.7699890136719,493.2200012207031,3057.0
202606241448,493.5824890136719,493.67999267578125,494.010009765625,493.5325012207031,8498.0
202606241449,493.6700134277344,493.364990234375,493.6700134277344,493.19500732421875,7295.0
202606241450,493.55999755859375,493.8599853515625,494.1000061035156,493.55999755859375,4545.0
202606241451,493.9849853515625,493.8999938964844,494.0,493.6000061035156,6888.0
202606241452,493.9999084472656,493.7200012207031,494.0,493.6199951171875,2542.0
202606241453,493.7149963378906,493.7349853515625,493.79998779296875,493.5425109863281,3513.0
202606241454,493.8599853515625,494.3699951171875,494.5,493.7900085449219,12703.0
202606241455,494.5,494.1449890136719,494.5,494.1449890136719,4596.0
202606241456,494.30999755859375,494.5450134277344,494.6000061035156,494.30999755859375,9296.0
202606241457,494.44000244140625,495.05999755859375,495.07000732421875,494.44000244140625,7938.0
202606241458,495.05999755859375,494.8299865722656,495.07501220703125,494.8299865722656,4810.0
202606241459,494.8999938964844,494.67999267578125,494.8999938964844,494.5799865722656,6367.0
202606241500,494.6600036621094,495.010009765625,495.0199890136719,494.6600036621094,5850.0
202606241501,495.010009765625,495.5400085449219,495.70001220703125,495.010009765625,8239.0
202606241502,495.6300048828125,495.32000732421875,495.7799072265625,495.1600036621094,6403.0
202606241503,495.3999938964844,495.3299865722656,495.6099853515625,495.30999755859375,6869.0
202606241504,495.61749267578125,495.7850036621094,496.0,495.61749267578125,6497.0
202606241505,495.7950134277344,495.9800109863281,496.1300048828125,495.5350036621094,7436.0
202606241506,495.875,496.17498779296875,496.30999755859375,495.70001220703125,5421.0
202606241507,496.1099853515625,496.2250061035156,496.5799865722656,496.1099853515625,5279.0
202606241508,496.1400146484375,495.8399963378906,496.1400146484375,495.8399963378906,3128.0
202606241509,495.8399963378906,496.0,496.0899963378906,495.7799987792969,4267.0
202606241510,495.92999267578125,495.7850036621094,495.92999267578125,495.5199890136719,2647.0
202606241511,495.7200012207031,495.8299865722656,496.0299987792969,495.7200012207031,7007.0
202606241512,495.8299865722656,495.9700012207031,496.1400146484375,495.8299865722656,3050.0
202606241513,496.2099914550781,496.3800048828125,496.3800048828125,496.2099914550781,3876.0
202606241514,496.4700012207031,496.2799987792969,496.5,496.2200012207031,8817.0
202606241515,496.489990234375,497.0400085449219,497.2349853515625,496.3699951171875,13950.0
202606241516,497.0450134277344,497.1199951171875,497.2250061035156,497.0450134277344,2484.0
202606241517,497.2799987792969,497.135009765625,497.2799987792969,496.9599914550781,4196.0
202606241518,497.260009765625,497.32000732421875,497.55999755859375,497.17999267578125,3039.0
202606241519,497.44000244140625,497.7149963378906,497.7149963378906,497.44000244140625,4401.0
202606241520,497.6449890136719,497.760009765625,497.7749938964844,497.45001220703125,5403.0
202606241521,497.739990234375,498.1099853515625,498.1099853515625,497.6759948730469,11163.0
202606241522,498.1099853515625,498.29998779296875,498.3800048828125,498.010009765625,5915.0
202606241523,498.2950134277344,498.25,498.44000244140625,498.0400085449219,5006.0
202606241524,498.4194030761719,498.2099914550781,498.4194030761719,498.0400085449219,2136.0
202606241525,498.0299987792969,497.75,498.0299987792969,497.75,5196.0
202606241526,497.75,497.489990234375,497.7550048828125,497.489990234375,2936.0
202606241527,497.45001220703125,497.6199951171875,497.86248779296875,497.3399963378906,4834.0
202606241528,497.625,497.4800109863281,497.6449890136719,497.42999267578125,2076.0
202606241529,497.4849853515625,497.3800048828125,497.6000061035156,497.3800048828125,1983.0
202606241530,497.340087890625,497.3900146484375,497.42999267578125,497.010009765625,7063.0
202606241531,497.34796142578125,497.1499938964844,497.3900146484375,497.0299987792969,2635.0
202606241532,497.0299987792969,497.3599853515625,497.510009765625,497.0299987792969,4933.0
202606241533,497.3699951171875,497.1650085449219,497.3699951171875,497.1650085449219,1653.0
202606241534,497.0299987792969,496.5450134277344,497.0299987792969,496.3100891113281,1882.0
202606241535,496.6700134277344,496.2300109863281,496.7300109863281,496.2300109863281,1933.0
202606241536,496.3500061035156,496.5799865722656,496.5799865722656,496.3450012207031,2075.0
202606241537,496.57000732421875,496.79998779296875,496.79998779296875,496.3500061035156,3923.0
202606241538,496.80999755859375,496.6099853515625,496.92999267578125,496.6099853515625,1932.0
202606241539,496.6000061035156,496.6698913574219,496.69000244140625,496.5199890136719,1309.0
202606241540,496.5299987792969,496.635009765625,496.6499938964844,496.3699951171875,2535.0
202606241541,496.6000061035156,496.3900146484375,496.6000061035156,496.3900146484375,1624.0
202606241542,496.5849914550781,496.3299865722656,496.5899963378906,496.3299865722656,2204.0
202606241543,496.1600036621094,496.0600891113281,496.31988525390625,496.0299987792969,1673.0
202606241544,496.1499938964844,495.785400390625,496.1600036621094,495.785400390625,4634.0
202606241545,495.8349914550781,495.79998779296875,495.8349914550781,495.7650146484375,1382.0
202606241546,495.7756042480469,495.79998779296875,495.9700012207031,495.7756042480469,3316.0
202606241547,495.7799987792969,495.5899963378906,495.8900146484375,495.4200134277344,6974.0
202606241548,495.6099853515625,495.7799987792969,495.8851013183594,495.6000061035156,5515.0
202606241549,495.8999938964844,495.6549987792969,495.8999938964844,495.6499938964844,1028.0
202606241550,495.6549987792969,495.70001220703125,495.760009765625,495.6549987792969,1936.0
202606241551,495.6199951171875,495.4599914550781,495.6600036621094,495.3299865722656,4868.0
202606241552,495.3999938964844,495.2900085449219,495.3999938964844,495.2900085449219,988.0
202606241553,495.1400146484375,495.239990234375,495.760009765625,495.1000061035156,8867.0
202606241554,495.0799865722656,494.8399963378906,495.0899963378906,494.8399963378906,2989.0
202606241555,494.8699951171875,494.57000732421875,494.8699951171875,494.5299987792969,1847.0
202606241556,494.5899963378906,494.2601013183594,494.7049865722656,494.2601013183594,2613.0
202606241557,494.42498779296875,494.7099914550781,494.8299865722656,494.4150085449219,3416.0
202606241558,494.8299865722656,494.9700012207031,495.0299987792969,494.5870056152344,5499.0
202606241559,494.9849853515625,495.0849914550781,495.1400146484375,494.82501220703125,5062.0
202606241600,494.9100036621094,494.7550048828125,494.9100036621094,494.6700134277344,2078.0
202606241601,494.57000732421875,494.635009765625,494.7049865722656,494.45001220703125,3670.0
202606241602,494.635009765625,494.7650146484375,494.7650146484375,494.6286926269531,2491.0
202606241603,494.7650146484375,494.44000244140625,494.7650146484375,494.42999267578125,1970.0
202606241604,494.5050048828125,494.53228759765625,494.6521911621094,494.4700012207031,2421.0
202606241605,494.5899963378906,494.6050109863281,494.6099853515625,494.4599914550781,1485.0
202606241606,494.8399963378906,494.82501220703125,494.92999267578125,494.6903991699219,1323.0
202606241607,494.69000244140625,494.6099853515625,494.7850036621094,494.6099853515625,1949.0
202606241608,494.6000061035156,494.5036926269531,494.75,494.5036926269531,1877.0
202606241609,494.68499755859375,494.68499755859375,494.68499755859375,494.68499755859375,816.0
202606241610,494.6549987792969,494.3550109863281,494.8099060058594,494.3550109863281,3042.0
202606241611,494.5199890136719,494.94000244140625,494.94000244140625,494.5199890136719,2537.0
202606241612,494.75,494.7650146484375,494.7650146484375,494.67999267578125,2699.0
202606241613,494.6499938964844,494.6499938964844,494.6499938964844,494.6499938964844,186.0
202606241614,494.6400146484375,494.6700134277344,494.6700134277344,494.5950012207031,2393.0
202606241615,494.70001220703125,494.5299987792969,494.70001220703125,494.5299987792969,934.0
202606241616,494.5199890136719,494.6300048828125,494.6499938964844,494.4100036621094,3780.0
202606241617,494.489990234375,494.5199890136719,494.7799987792969,494.489990234375,2240.0
202606241618,494.5299987792969,494.4700012207031,494.5474853515625,494.4100036621094,1300.0
202606241619,494.42999267578125,494.4049987792969,494.44500732421875,494.2124938964844,3110.0
202606241620,494.4200134277344,494.3299865722656,494.4200134277344,494.2875061035156,1516.0
202606241621,494.3299865722656,494.20001220703125,494.3299865722656,494.1881103515625,2249.0
202606241622,494.1600036621094,494.17999267578125,494.17999267578125,494.0400085449219,2011.0
202606241623,494.1650085449219,493.6700134277344,494.1650085449219,493.6199951171875,3659.0
202606241624,493.54998779296875,493.4849853515625,493.69000244140625,493.4800109863281,3333.0
202606241625,493.4849853515625,493.5,493.5899963378906,493.4849853515625,3538.0
202606241626,493.5050048828125,493.41009521484375,493.6400146484375,493.41009521484375,1863.0
202606241627,493.4100036621094,493.32000732421875,493.4100036621094,493.2950134277344,2289.0
202606241628,493.32000732421875,493.614990234375,493.7099914550781,493.32000732421875,6504.0
202606241629,493.5867919921875,493.864990234375,493.94000244140625,493.5867919921875,4760.0
202606241630,493.864990234375,493.760009765625,494.04998779296875,493.7300109863281,6050.0
202606241631,493.8699951171875,493.760009765625,493.875,493.760009765625,1204.0
202606241632,493.760009765625,493.94000244140625,493.9425048828125,493.75,6588.0
202606241633,493.93499755859375,493.7200012207031,493.93499755859375,493.6700134277344,3558.0
202606241634,493.7200012207031,493.9599914550781,493.9599914550781,493.7200012207031,2521.0
202606241635,493.9200134277344,493.8399963378906,493.9248046875,493.80999755859375,2388.0
202606241636,493.8450012207031,493.885009765625,493.9700012207031,493.7749938964844,26583.0
202606241637,493.95001220703125,493.80999755859375,494.0400085449219,493.7099914550781,9200.0
202606241638,493.7699890136719,493.92999267578125,493.94000244140625,493.7099914550781,5617.0
202606241639,494.0400085449219,493.864990234375,494.04998779296875,493.7200012207031,4884.0
202606241640,493.7799987792969,493.75,493.7799987792969,493.5849914550781,2367.0
202606241641,493.7674865722656,493.739990234375,493.8500061035156,493.54998779296875,3012.0
202606241642,493.69000244140625,493.57000732421875,493.69000244140625,493.5199890136719,4781.0
202606241643,493.5740051269531,493.3800048828125,493.5740051269531,493.37310791015625,3199.0
202606241644,493.4049987792969,493.4849853515625,493.510009765625,493.30499267578125,4260.0
202606241645,493.4849853515625,493.54998779296875,493.57000732421875,493.4100036621094,3942.0
202606241646,493.56500244140625,493.3800048828125,493.56500244140625,493.2049865722656,8202.0
202606241647,493.4371032714844,493.30999755859375,493.4371032714844,493.2900085449219,3261.0
202606241648,493.3500061035156,493.5799865722656,493.5799865722656,493.3500061035156,2734.0
202606241649,493.6300048828125,493.42999267578125,493.639892578125,493.42999267578125,1033.0
202606241650,493.5199890136719,493.760009765625,493.760009765625,493.4100036621094,4057.0
202606241651,493.79998779296875,493.75,493.8299865722656,493.7099914550781,2981.0
202606241652,493.7099914550781,493.79998779296875,493.8887023925781,493.7099914550781,2706.0
202606241653,493.79998779296875,493.7799987792969,493.79998779296875,493.5199890136719,6325.0
202606241654,493.80999755859375,493.82000732421875,493.9200134277344,493.7001037597656,1692.0
202606241655,493.7300109863281,493.6400146484375,493.82000732421875,493.5,2209.0
202606241656,493.510009765625,493.5299987792969,493.6400146484375,493.510009765625,4120.0
202606241657,493.5400085449219,493.5299987792969,493.6400146484375,493.5299987792969,8825.0
202606241658,493.5799865722656,493.6099853515625,493.7049865722656,493.47650146484375,3396.0
202606241659,493.70001220703125,493.7149963378906,493.7250061035156,493.6925048828125,3557.0
202606241700,493.6099853515625,493.7099914550781,493.7799987792969,493.6000061035156,3641.0
202606241701,493.7900085449219,493.70001220703125,493.80999755859375,493.70001220703125,2412.0
202606241702,493.6199951171875,493.5899963378906,493.6499938964844,493.5799865722656,2104.0
202606241703,493.55999755859375,493.5799865722656,493.5799865722656,493.3949890136719,3503.0
202606241704,493.5849914550781,493.5849914550781,493.5849914550781,493.5849914550781,623.0
202606241705,493.5849914550781,493.5849914550781,493.5849914550781,493.5849914550781,237.0
202606241706,493.57501220703125,493.8500061035156,493.8500061035156,493.57501220703125,4322.0
202606241707,493.7900085449219,493.7300109863281,493.92999267578125,493.70001220703125,7137.0
202606241708,493.7900085449219,493.8999938964844,493.8999938964844,493.7300109863281,4549.0
202606241709,493.9049987792969,494.0199890136719,494.1000061035156,493.7799987792969,24359.0
202606241710,494.01251220703125,494.0849914550781,494.25,494.01251220703125,8879.0
202606241711,494.2099914550781,494.0799865722656,494.2998962402344,494.0799865722656,5527.0
202606241712,494.06500244140625,494.05999755859375,494.1737976074219,494.05999755859375,1573.0
202606241713,493.989990234375,493.9200134277344,494.05999755859375,493.8399963378906,2998.0
202606241714,493.9200134277344,494.1600036621094,494.2298889160156,493.9200134277344,3677.0
202606241715,494.1600036621094,493.92999267578125,494.1600036621094,493.92999267578125,2731.0
202606241716,493.94500732421875,493.8599853515625,493.95001220703125,493.82000732421875,4278.0
202606241717,493.7900085449219,493.95001220703125,493.9800109863281,493.75,6809.0
202606241718,494.0299987792969,493.9949951171875,494.0299987792969,493.9949951171875,1020.0
202606241719,493.8999938964844,493.69000244140625,493.8999938964844,493.67999267578125,3092.0
202606241720,493.6499938964844,493.5199890136719,493.6499938964844,493.510009765625,2601.0
202606241721,493.6400146484375,493.635009765625,493.67498779296875,493.5,1512.0
202606241722,493.760009765625,493.9100036621094,493.9100036621094,493.6300048828125,3291.0
202606241723,493.8699951171875,493.92498779296875,494.0,493.7799987792969,5541.0
202606241724,493.8599853515625,493.7200012207031,493.8949890136719,493.7200012207031,1619.0
202606241725,493.7900085449219,493.82000732421875,493.82000732421875,493.6300048828125,5448.0
202606241726,493.82000732421875,493.5899963378906,493.9100036621094,493.5899963378906,3426.0
202606241727,493.6449890136719,493.4949951171875,493.6449890136719,493.3599853515625,2085.0
202606241728,493.4800109863281,493.3500061035156,493.4800109863281,493.32000732421875,2836.0
202606241729,493.260009765625,493.25,493.2749938964844,493.1600036621094,3897.0
202606241730,493.17498779296875,493.3703308105469,493.4599914550781,493.17498779296875,11705.0
202606241731,493.40966796875,493.3299865722656,493.5199890136719,493.17999267578125,3752.0
202606241732,493.2099914550781,493.2850036621094,493.29998779296875,493.2099914550781,2317.0
202606241733,493.17999267578125,493.760009765625,493.9100036621094,493.17999267578125,9494.0
202606241734,493.8900146484375,493.6665954589844,493.9100036621094,493.614990234375,3733.0
202606241735,493.7099914550781,493.510009765625,493.7099914550781,493.2701110839844,2784.0
202606241736,493.4599914550781,493.44500732421875,493.4599914550781,493.3500061035156,1200.0
202606241737,493.42999267578125,493.4200134277344,493.42999267578125,493.2900085449219,1329.0
202606241738,493.5299987792969,493.44000244140625,493.5299987792969,493.3399963378906,4631.0
202606241739,493.44000244140625,493.2608947753906,493.5,493.2608947753906,4258.0
202606241740,493.364990234375,493.375,493.57000732421875,493.364990234375,4182.0
202606241741,493.2799987792969,493.4649963378906,493.4649963378906,493.22021484375,1723.0
202606241742,493.3800048828125,493.6600036621094,493.67999267578125,493.3800048828125,3936.0
202606241743,493.5950012207031,493.8550109863281,493.8599853515625,493.5762939453125,2504.0
202606241744,493.8349914550781,493.82501220703125,493.8999938964844,493.82501220703125,1301.0
202606241745,493.739990234375,493.7061462402344,493.8900146484375,493.6000061035156,3843.0
202606241746,493.68499755859375,493.79998779296875,493.79998779296875,493.510009765625,3083.0
202606241747,493.7900085449219,493.69000244140625,493.8599853515625,493.67999267578125,3632.0
202606241748,493.760009765625,493.69500732421875,493.8500061035156,493.6499938964844,1409.0
202606241749,493.760009765625,493.4800109863281,493.7898864746094,493.4549865722656,3852.0
202606241750,493.4700012207031,493.739990234375,493.739990234375,493.4700012207031,3478.0
202606241751,493.82000732421875,493.94000244140625,493.94000244140625,493.7900085449219,2825.0
202606241752,493.9599914550781,493.9100036621094,493.9999084472656,493.82000732421875,4991.0
202606241753,493.9100036621094,494.05999755859375,494.05999755859375,493.82000732421875,3773.0
202606241754,494.1000061035156,494.1400146484375,494.2099914550781,494.0350036621094,11863.0
202606241755,494.0799865722656,494.0950012207031,494.1000061035156,494.0199890136719,3189.0
202606241756,494.0950012207031,494.05999755859375,494.1700134277344,493.8599853515625,5881.0
202606241757,494.07000732421875,494.5150146484375,494.6400146484375,494.05999755859375,6491.0
202606241758,494.6099853515625,494.6300048828125,494.6400146484375,494.44500732421875,3392.0
202606241759,494.6400146484375,494.6000061035156,494.7799987792969,494.6000061035156,3098.0
202606241800,494.6050109863281,494.7449951171875,494.79998779296875,494.4700012207031,2232.0
202606241801,494.82000732421875,495.1099853515625,495.1600036621094,494.67999267578125,4258.0
202606241802,495.1650085449219,495.1400146484375,495.1650085449219,494.8900146484375,4067.0
202606241803,495.0600891113281,495.17999267578125,495.17999267578125,494.9700012207031,3490.0
202606241804,495.19000244140625,495.1000061035156,495.2799987792969,495.1000061035156,3923.0
202606241805,495.0799865722656,495.1099853515625,495.2499084472656,495.0799865722656,2349.0
202606241806,495.1099853515625,495.8699951171875,495.8699951171875,495.1050109863281,9264.0
202606241807,495.7699890136719,495.510009765625,495.7749938964844,495.510009765625,5300.0
202606241808,495.55999755859375,495.5299987792969,495.57000732421875,495.4700012207031,2745.0
202606241809,495.4849853515625,495.69000244140625,495.7099914550781,495.4800109863281,1605.0
202606241810,495.70001220703125,495.6700134277344,495.70001220703125,495.4825134277344,2010.0
202606241811,495.6700134277344,495.7799987792969,495.7799987792969,495.6700134277344,2688.0
202606241812,495.739990234375,495.54998779296875,495.739990234375,495.4512023925781,3628.0
202606241813,495.54998779296875,495.5400085449219,495.5899963378906,495.4599914550781,3555.0
202606241814,495.45001220703125,495.54998779296875,495.54998779296875,495.4150085449219,2380.0
202606241815,495.44000244140625,495.2349853515625,495.5199890136719,495.2099914550781,2492.0
202606241816,495.1499938964844,495.1199951171875,495.25,495.0799865722656,5983.0
202606241817,495.0849914550781,495.19000244140625,495.19000244140625,495.0849914550781,2933.0
202606241818,495.2099914550781,495.30999755859375,495.3699951171875,495.0101013183594,4625.0
202606241819,495.3699951171875,495.31500244140625,495.3900146484375,495.30999755859375,2062.0
202606241820,495.2799987792969,495.57000732421875,495.57000732421875,495.239990234375,2397.0
202606241821,495.57000732421875,495.5299987792969,495.6600036621094,495.4302062988281,6727.0
202606241822,495.5249938964844,495.3900146484375,495.5249938964844,495.3500061035156,2012.0
202606241823,495.385009765625,495.29998779296875,495.4200134277344,495.1000061035156,6958.0
202606241824,495.2749938964844,495.4200134277344,495.42999267578125,495.2699890136719,1995.0
202606241825,495.385009765625,495.5799865722656,495.58990478515625,495.2900085449219,6285.0
202606241826,495.4949951171875,495.50750732421875,495.6000061035156,495.32000732421875,17851.0
202606241827,495.5899963378906,495.6050109863281,495.6600036621094,495.45001220703125,6930.0
202606241828,495.6050109863281,495.5249938964844,495.6499938964844,495.4700012207031,2768.0
202606241829,495.4599914550781,495.6499938964844,495.6499938964844,495.4599914550781,3290.0
202606241830,495.6499938964844,495.9599914550781,495.9800109863281,495.6499938964844,6232.0
202606241831,495.9599914550781,496.07501220703125,496.1524963378906,495.94500732421875,3512.0
202606241832,496.1700134277344,496.1199951171875,496.4100036621094,496.1199951171875,4070.0
202606241833,496.1700134277344,496.54998779296875,496.5899963378906,496.10321044921875,5524.0
202606241834,496.5899963378906,496.6000061035156,496.8299865722656,496.4949951171875,16628.0
202606241835,496.7099914550781,496.6600036621094,496.80999755859375,496.54998779296875,7429.0
202606241836,496.7149963378906,496.56500244140625,496.7200012207031,496.56500244140625,2542.0
202606241837,496.5400085449219,496.4075012207031,496.6199951171875,496.3599853515625,3953.0
202606241838,496.5050048828125,496.5899963378906,496.67999267578125,496.5050048828125,2225.0
202606241839,496.6700134277344,496.54998779296875,496.6700134277344,496.43170166015625,3217.0
202606241840,496.54998779296875,496.489990234375,496.6199951171875,496.4849853515625,2682.0
202606241841,496.5799865722656,496.69000244140625,496.739990234375,496.5350036621094,5818.0
202606241842,496.6300048828125,496.55999755859375,496.6700134277344,496.5,3936.0
202606241843,496.5,496.3399963378906,496.6099853515625,496.32000732421875,4344.0
202606241844,496.29998779296875,496.4599914550781,496.4599914550781,496.2799987792969,3404.0
202606241845,496.4100036621094,496.30499267578125,496.4700012207031,496.2699890136719,3418.0
202606241846,496.3450012207031,496.3800048828125,496.3800048828125,496.260009765625,4311.0
202606241847,496.3800048828125,496.3599853515625,496.42999267578125,496.29998779296875,2766.0
202606241848,496.29998779296875,496.3299865722656,496.3299865722656,496.1199951171875,6431.0
202606241849,496.3399963378906,496.25,496.3699951171875,496.19000244140625,6158.0
202606241850,496.29998779296875,495.93499755859375,496.32501220703125,495.93499755859375,3650.0
202606241851,495.9549865722656,496.25,496.25,495.9549865722656,4363.0
202606241852,496.30999755859375,496.37750244140625,496.4599914550781,496.2900085449219,2638.0
202606241853,496.32000732421875,496.44500732421875,496.489990234375,496.239990234375,5356.0
202606241854,496.44500732421875,496.8800048828125,496.94000244140625,496.32501220703125,9340.0
202606241855,496.8699951171875,497.05999755859375,497.06500244140625,496.7799987792969,15096.0
202606241856,496.9949951171875,496.8599853515625,497.05999755859375,496.7699890136719,3497.0
202606241857,496.82501220703125,496.7300109863281,496.8800048828125,496.7300109863281,4603.0
202606241858,496.69500732421875,496.8299865722656,496.8599853515625,496.69500732421875,4340.0
202606241859,496.75,496.7699890136719,496.80999755859375,496.6459045410156,2729.0
202606241900,496.7699890136719,496.92999267578125,496.92999267578125,496.6650085449219,9547.0
202606241901,496.92999267578125,496.8900146484375,496.95001220703125,496.7699890136719,5327.0
202606241902,496.8900146484375,497.0799865722656,497.20001220703125,496.8900146484375,4761.0
202606241903,497.0799865722656,497.0299987792969,497.0799865722656,496.8800048828125,5128.0
202606241904,497.0299987792969,496.8699951171875,497.0799865722656,496.8599853515625,2311.0
202606241905,496.79998779296875,496.8800048828125,496.94000244140625,496.7749938964844,2188.0
202606241906,496.82501220703125,497.0299987792969,497.07000732421875,496.7799987792969,6685.0
202606241907,497.07000732421875,497.07000732421875,497.1199951171875,496.82000732421875,5465.0
202606241908,496.989990234375,497.0,497.04998779296875,496.8699951171875,3489.0
202606241909,497.010009765625,497.0799865722656,497.1600036621094,496.8500061035156,6483.0
202606241910,497.1499938964844,497.0400085449219,497.1499938964844,496.80999755859375,4331.0
202606241911,496.92999267578125,496.94000244140625,497.1300048828125,496.9100036621094,4066.0
202606241912,497.010009765625,497.04998779296875,497.1600036621094,496.9800109863281,2978.0
202606241913,497.04998779296875,497.1199951171875,497.2099914550781,496.95001220703125,5253.0
202606241914,497.1050109863281,496.9200134277344,497.1700134277344,496.8399963378906,4715.0
202606241915,496.8900146484375,496.6000061035156,496.8900146484375,496.5950012207031,3749.0
202606241916,496.6000061035156,496.5899963378906,496.7200012207031,496.510009765625,3460.0
202606241917,496.5849914550781,496.6400146484375,496.6499938964844,496.5,4149.0
202606241918,496.5874938964844,496.54998779296875,496.6700134277344,496.5299987792969,7774.0
202606241919,496.5299987792969,496.6499938964844,496.7300109863281,496.42999267578125,9293.0
202606241920,496.6449890136719,496.5150146484375,496.6449890136719,496.3999938964844,5463.0
202606241921,496.6099853515625,496.375,496.6499938964844,496.375,7118.0
202606241922,496.42999267578125,496.18499755859375,496.42999267578125,496.1199951171875,4537.0
202606241923,496.18499755859375,495.9800109863281,496.20001220703125,495.9800109863281,4340.0
202606241924,496.05999755859375,496.010009765625,496.1400146484375,495.8500061035156,5680.0
202606241925,495.9750061035156,495.989990234375,496.260009765625,495.9750061035156,7853.0
202606241926,496.135009765625,495.9849853515625,496.135009765625,495.9150085449219,3778.0
202606241927,495.94500732421875,495.92498779296875,495.94500732421875,495.7900085449219,4464.0
202606241928,495.8699951171875,495.75,495.92498779296875,495.75,6031.0
202606241929,495.7099914550781,495.6099853515625,495.7099914550781,495.29998779296875,8308.0
202606241930,495.6099853515625,495.3299865722656,495.6499938964844,495.0299987792969,10728.0
202606241931,495.2550048828125,495.2250061035156,495.4750061035156,495.1449890136719,7899.0
202606241932,495.19000244140625,494.9549865722656,495.3299865722656,494.92999267578125,4146.0
202606241933,494.8844909667969,495.1000061035156,495.2170104980469,494.7099914550781,7672.0
202606241934,495.0299987792969,494.7550048828125,495.0299987792969,494.4100036621094,7552.0
202606241935,494.739990234375,494.6199951171875,494.8599853515625,494.489990234375,4879.0
202606241936,494.5299987792969,494.427490234375,494.67999267578125,494.30499267578125,6086.0
202606241937,494.3851013183594,494.635009765625,494.760009765625,494.2799987792969,10659.0
202606241938,494.69000244140625,494.5824890136719,494.69000244140625,494.30999755859375,24411.0
202606241939,494.6300048828125,494.739990234375,494.7699890136719,494.5,11858.0
202606241940,494.6700134277344,494.6400146484375,494.69000244140625,494.5199890136719,6618.0
202606241941,494.5299987792969,494.3599853515625,494.55999755859375,494.114990234375,11728.0
202606241942,494.364990234375,494.70001220703125,494.80999755859375,494.364990234375,4939.0
202606241943,494.6700134277344,494.6600036621094,494.75,494.4700012207031,5451.0
202606241944,494.6575012207031,494.8599853515625,494.8599853515625,494.4700012207031,8263.0
202606241945,494.7099914550781,494.9200134277344,495.04998779296875,494.635009765625,28241.0
202606241946,494.9700012207031,494.6499938964844,494.9700012207031,494.6099853515625,7429.0
202606241947,494.510009765625,495.2300109863281,495.2300109863281,494.4100036621094,7869.0
202606241948,495.3299865722656,495.2200012207031,495.57000732421875,495.1549987792969,5994.0
202606241949,495.2699890136719,495.4599914550781,495.5299987792969,495.2449951171875,5056.0
202606241950,495.3599853515625,495.3599853515625,495.6199951171875,495.2099914550781,11404.0
202606241951,495.29998779296875,495.4100036621094,495.45001220703125,495.15008544921875,11465.0
202606241952,495.3399963378906,495.42999267578125,495.42999267578125,495.260009765625,10564.0
202606241953,495.2900085449219,495.3299865722656,495.44000244140625,495.1199951171875,10473.0
202606241954,495.239990234375,495.12750244140625,495.3550109863281,495.1000061035156,12415.0
202606241955,495.0799865722656,494.3900146484375,495.1400146484375,493.75,42925.0
202606241956,494.4599914550781,494.4049987792969,494.6700134277344,494.2349853515625,24726.0
202606241957,494.4024963378906,494.2900085449219,494.5705871582031,494.1099853515625,32682.0
202606241958,494.2699890136719,493.94000244140625,494.3900146484375,493.94000244140625,60355.0
202606241959,493.8999938964844,494.6199951171875,494.67999267578125,493.80999755859375,90172.0
202606242000,494.72,494.41,495.46,490.2125,907458.0
202606242001,494.41,494.41,494.41,494.41,0.0
202606242002,494.41,494.46,494.46,494.41,0.0
202606242004,494.41,494.41,494.41,494.41,0.0
202606242005,495.48,495.48,495.48,495.48,0.0
202606242008,498.399,498.399,498.399,498.399,0.0
202606242010,494.41,494.41,494.41,494.41,0.0
202606242012,494.561,494.51,494.561,494.51,0.0
202606242013,494.52,495.0,495.0,494.46,0.0
202606242014,494.41,494.48,494.48,494.41,0.0
202606242015,494.41,494.41,494.41,494.41,0.0
202606242016,494.6,494.6,494.6,494.6,0.0
202606242018,494.5,494.561,494.561,494.5,0.0
202606242019,495.48,495.48,495.48,495.48,0.0
202606242020,494.48,494.46,494.48,494.41,0.0
202606242022,494.5,494.5,494.5,494.5,0.0
202606242023,495.46,494.46,495.48,494.46,0.0
202606242025,494.51,494.51,494.51,494.51,0.0
202606242026,494.557,496.25,496.25,494.557,0.0
202606242029,494.51,494.5,494.51,494.5,0.0
202606242031,494.561,494.561,494.561,494.561,0.0
202606242032,496.74,495.33,499.0,495.33,0.0
202606242035,495.66,495.66,495.66,495.66,0.0
202606242036,495.28,498.8865,498.8865,495.2,0.0
202606242037,495.26,495.0,495.26,495.0,0.0
202606242038,495.0,495.0,495.0,495.0,0.0
202606242040,495.0502,495.0502,495.0502,495.0502,0.0
202606242041,494.41,495.0806,495.0806,494.41,0.0
202606242042,495.0,498.8865,498.8865,495.0,0.0
202606242044,490.0,490.0,490.0,490.0,0.0
202606242045,494.52,494.41,497.83,494.41,0.0
202606242046,493.02,492.28,494.1,463.6033,0.0
202606242047,490.56,490.58,490.58,490.56,0.0
202606242048,490.58,490.58,490.58,490.58,0.0
202606242049,491.0,491.0,491.0,491.0,0.0
202606242050,491.02,491.06,491.06,491.02,0.0
202606242051,498.775,498.775,498.775,498.775,0.0
202606242052,494.41,494.41,494.41,494.41,0.0
202606242053,494.0,490.56,494.0,490.56,0.0
202606242054,476.003,476.003,476.003,476.003,0.0
202606242055,495.0,495.0,495.0,495.0,0.0
202606242056,494.29,494.0,494.29,494.0,0.0
202606242057,494.0,494.0,494.0,494.0,0.0
202606242058,496.96,496.96,496.96,496.96,0.0
202606242059,490.56,490.56,490.56,490.56,0.0
202606242100,463.6033,463.6033,463.6033,463.6033,0.0
202606242102,498.0,498.0,498.0,498.0,0.0
202606242103,497.78,497.78,497.78,497.78,0.0
202606242104,490.56,490.56,490.56,490.56,0.0
202606242105,490.56,493.8312,493.8312,490.56,0.0
202606242109,490.344,490.344,490.344,490.344,0.0
202606242110,493.49,493.49,493.49,493.49,0.0
202606242111,491.0,489.2,491.0,489.2,0.0
202606242112,495.7565,495.7565,495.7565,495.7565,0.0
202606242115,491.02,491.02,491.02,491.02,0.0
202606242117,493.01,493.01,493.01,493.01,0.0
202606242119,493.1,493.61,493.61,491.0,0.0
202606242120,497.78,497.78,497.78,497.78,0.0
202606242121,491.0,491.0,491.0,491.0,0.0
202606242122,494.39,494.39,494.39,494.39,0.0
202606242125,491.7,494.39,494.39,491.7,0.0
202606242126,492.0,493.42,494.0,492.0,0.0
202606242127,489.8665,489.8665,489.8665,489.8665,0.0
202606242140,491.1,491.1,491.1,491.1,0.0
202606242142,491.16,491.16,491.16,491.16,0.0
202606242145,491.16,491.16,491.16,491.16,0.0
202606242150,497.8287,491.15,497.8287,491.15,0.0
202606242151,495.0,491.15,495.0,491.15,0.0
202606242203,492.13,493.05,493.05,492.13,0.0
202606242204,492.13,498.0,498.0,492.13,0.0
202606242205,491.3212,492.15,492.15,491.3212,0.0
202606242206,492.2,492.15,492.2,492.15,0.0
202606242208,492.15,491.45,492.15,491.36,0.0
202606242213,497.8287,491.4005,497.8287,491.21,0.0
202606242221,491.15,491.3278,491.3278,491.15,0.0
202606242226,491.42,491.3,491.42,491.3,0.0
202606242227,491.3,497.8287,497.8287,491.3,0.0
202606242228,491.21,491.4,491.4,491.21,0.0
202606242229,491.4,491.21,491.4,491.21,0.0
202606242230,491.4292,498.0,498.0,491.4292,0.0
