datetime,open,close,high,low,volume
202606230800,484.57,484.6,484.6,484.57,3.0
202606230801,484.6,484.57,484.6,484.57,2.0
202606230802,484.57,484.57,484.57,484.57,0.0
202606230803,484.57,484.57,484.57,484.57,0.0
202606230804,484.57,484.57,484.57,484.57,0.0
202606230805,484.57,484.57,484.57,484.57,0.0
202606230806,485.0,485.0,485.0,485.0,1.0
202606230807,485.0,485.0,485.0,485.0,0.0
202606230808,485.0,485.0,485.0,485.0,0.0
202606230809,485.0,485.0,485.0,485.0,0.0
202606230810,485.0,485.0,485.0,485.0,0.0
202606230811,484.3,485.19,485.19,484.3,11.0
202606230812,485.19,485.19,485.19,485.19,0.0
202606230813,485.19,485.19,485.19,485.19,0.0
202606230814,485.19,485.19,485.19,485.19,0.0
202606230815,485.19,485.19,485.19,485.19,0.0
202606230816,485.19,485.19,485.19,485.19,0.0
202606230817,485.19,485.19,485.19,485.19,0.0
202606230818,485.19,485.19,485.19,485.19,0.0
202606230819,485.19,485.19,485.19,485.19,0.0
202606230820,485.19,485.19,485.19,485.19,0.0
202606230821,485.19,485.19,485.19,485.19,0.0
202606230822,485.19,485.19,485.19,485.19,0.0
202606230823,485.19,485.19,485.19,485.19,0.0
202606230824,485.19,485.19,485.19,485.19,0.0
202606230825,485.19,485.19,485.19,485.19,0.0
202606230826,485.19,485.19,485.19,485.19,0.0
202606230827,485.19,485.19,485.19,485.19,0.0
202606230828,485.19,485.19,485.19,485.19,0.0
202606230829,485.19,485.19,485.19,485.19,0.0
202606230830,485.19,485.19,485.19,485.19,0.0
202606230831,485.19,485.19,485.19,485.19,0.0
202606230832,485.19,485.19,485.19,485.19,0.0
202606230833,485.19,485.19,485.19,485.19,0.0
202606230834,485.1,485.1,485.1,485.1,1.0
202606230835,485.1,485.1,485.1,485.1,0.0
202606230836,485.1,485.1,485.1,485.1,0.0
202606230837,485.1,485.1,485.1,485.1,0.0
202606230838,485.1,485.1,485.1,485.1,0.0
202606230839,485.1,485.1,485.1,485.1,0.0
202606230840,485.1,485.1,485.1,485.1,0.0
202606230841,485.1,485.1,485.1,485.1,0.0
202606230842,485.1,485.1,485.1,485.1,0.0
202606230843,485.1,485.1,485.1,485.1,0.0
202606230844,485.1,485.1,485.1,485.1,0.0
202606230845,485.1,485.1,485.1,485.1,0.0
202606230846,485.1,485.1,485.1,485.1,0.0
202606230847,485.1,485.1,485.1,485.1,0.0
202606230848,485.1,485.1,485.1,485.1,0.0
202606230849,485.1,485.1,485.1,485.1,0.0
202606230850,485.1,485.1,485.1,485.1,0.0
202606230851,485.1,485.1,485.1,485.1,0.0
202606230852,485.1,485.1,485.1,485.1,0.0
202606230853,485.1,485.1,485.1,485.1,0.0
202606230854,485.1,485.1,485.1,485.1,0.0
202606230855,485.1,485.1,485.1,485.1,0.0
202606230856,485.1,485.1,485.1,485.1,0.0
202606230857,485.1,485.1,485.1,485.1,0.0
202606230858,485.1,485.1,485.1,485.1,0.0
202606230859,485.1,485.1,485.1,485.1,0.0
202606230900,485.1,485.1,485.1,485.1,0.0
202606230901,485.1,485.1,485.1,485.1,0.0
202606230902,485.1,485.1,485.1,485.1,0.0
202606230903,485.1,485.1,485.1,485.1,0.0
202606230904,485.1,485.1,485.1,485.1,0.0
202606230905,485.1,485.1,485.1,485.1,0.0
202606230906,485.1,485.1,485.1,485.1,0.0
202606230907,485.1,485.1,485.1,485.1,0.0
202606230908,485.1,485.1,485.1,485.1,0.0
202606230909,485.1,485.1,485.1,485.1,0.0
202606230910,485.1,485.1,485.1,485.1,0.0
202606230911,485.1,485.1,485.1,485.1,0.0
202606230912,485.1,485.1,485.1,485.1,0.0
202606230913,485.1,485.1,485.1,485.1,0.0
202606230914,485.1,485.1,485.1,485.1,0.0
202606230915,485.1,485.1,485.1,485.1,0.0
202606230916,485.1,485.1,485.1,485.1,0.0
202606230917,485.1,485.1,485.1,485.1,0.0
202606230918,485.1,485.1,485.1,485.1,0.0
202606230919,485.1,485.1,485.1,485.1,0.0
202606230920,485.1,485.1,485.1,485.1,0.0
202606230921,485.1,485.1,485.1,485.1,0.0
202606230922,485.1,485.1,485.1,485.1,0.0
202606230923,485.1,485.1,485.1,485.1,0.0
202606230924,485.1,485.1,485.1,485.1,0.0
202606230925,485.1,485.1,485.1,485.1,0.0
202606230926,485.1,485.1,485.1,485.1,0.0
202606230927,485.1,485.1,485.1,485.1,0.0
202606230928,485.1,485.1,485.1,485.1,0.0
202606230929,485.1,485.1,485.1,485.1,0.0
202606230930,485.1,485.1,485.1,485.1,0.0
202606230931,485.1,485.1,485.1,485.1,0.0
202606230932,485.1,485.1,485.1,485.1,0.0
202606230933,485.1,485.1,485.1,485.1,0.0
202606230934,485.1,485.1,485.1,485.1,0.0
202606230935,485.1,485.1,485.1,485.1,0.0
202606230936,485.1,485.1,485.1,485.1,0.0
202606230937,485.1,485.1,485.1,485.1,0.0
202606230938,485.1,485.1,485.1,485.1,0.0
202606230939,485.1,485.1,485.1,485.1,0.0
202606230940,485.1,485.1,485.1,485.1,0.0
202606230941,485.1,485.1,485.1,485.1,0.0
202606230942,485.1,485.1,485.1,485.1,0.0
202606230943,485.1,485.1,485.1,485.1,0.0
202606230944,485.1,485.1,485.1,485.1,0.0
202606230945,485.1,485.1,485.1,485.1,0.0
202606230946,485.1,485.1,485.1,485.1,0.0
202606230947,487.43,487.43,487.43,487.43,1.0
202606230948,487.43,487.43,487.43,487.43,0.0
202606230949,487.43,487.43,487.43,487.43,0.0
202606230950,487.43,487.43,487.43,487.43,0.0
202606230951,487.43,487.43,487.43,487.43,0.0
202606230952,487.43,487.43,487.43,487.43,0.0
202606230953,487.43,487.43,487.43,487.43,0.0
202606230954,487.43,487.43,487.43,487.43,0.0
202606230955,487.43,487.43,487.43,487.43,0.0
202606230956,487.43,487.43,487.43,487.43,0.0
202606230957,487.43,487.43,487.43,487.43,0.0
202606230958,487.43,487.43,487.43,487.43,0.0
202606230959,487.43,487.43,487.43,487.43,0.0
202606231000,487.43,487.43,487.43,487.43,0.0
202606231001,487.43,487.43,487.43,487.43,0.0
202606231002,487.43,487.43,487.43,487.43,0.0
202606231003,487.43,487.43,487.43,487.43,0.0
202606231004,487.43,487.43,487.43,487.43,0.0
202606231005,487.43,487.43,487.43,487.43,0.0
202606231006,487.43,487.43,487.43,487.43,0.0
202606231007,487.43,487.43,487.43,487.43,0.0
202606231008,487.43,487.43,487.43,487.43,0.0
202606231009,487.43,487.43,487.43,487.43,0.0
202606231010,487.43,487.43,487.43,487.43,0.0
202606231011,487.43,487.43,487.43,487.43,0.0
202606231012,487.43,487.43,487.43,487.43,0.0
202606231013,487.43,487.43,487.43,487.43,0.0
202606231014,487.43,487.43,487.43,487.43,0.0
202606231015,487.43,487.43,487.43,487.43,0.0
202606231016,487.43,487.43,487.43,487.43,0.0
202606231017,487.43,487.43,487.43,487.43,0.0
202606231018,487.43,487.43,487.43,487.43,0.0
202606231019,487.43,487.43,487.43,487.43,0.0
202606231020,487.43,487.43,487.43,487.43,0.0
202606231021,487.43,487.43,487.43,487.43,0.0
202606231022,487.43,487.43,487.43,487.43,0.0
202606231023,487.43,487.43,487.43,487.43,0.0
202606231024,487.43,487.43,487.43,487.43,0.0
202606231025,487.43,487.43,487.43,487.43,0.0
202606231026,487.43,487.43,487.43,487.43,0.0
202606231027,487.43,487.43,487.43,487.43,0.0
202606231028,487.43,487.43,487.43,487.43,0.0
202606231029,487.43,487.43,487.43,487.43,0.0
202606231030,487.43,487.43,487.43,487.43,0.0
202606231031,487.43,487.43,487.43,487.43,0.0
202606231032,487.43,487.43,487.43,487.43,0.0
202606231033,487.43,487.43,487.43,487.43,0.0
202606231034,487.43,487.43,487.43,487.43,0.0
202606231035,487.43,487.43,487.43,487.43,0.0
202606231036,487.43,487.43,487.43,487.43,0.0
202606231037,487.43,487.43,487.43,487.43,0.0
202606231038,487.43,487.43,487.43,487.43,0.0
202606231039,487.43,487.43,487.43,487.43,0.0
202606231040,487.43,487.43,487.43,487.43,0.0
202606231041,487.43,487.43,487.43,487.43,0.0
202606231042,487.43,487.43,487.43,487.43,0.0
202606231043,487.43,487.43,487.43,487.43,0.0
202606231044,487.43,487.43,487.43,487.43,0.0
202606231045,487.43,487.43,487.43,487.43,0.0
202606231046,487.43,487.43,487.43,487.43,0.0
202606231047,487.43,487.43,487.43,487.43,0.0
202606231048,487.43,487.43,487.43,487.43,0.0
202606231049,487.43,487.43,487.43,487.43,0.0
202606231050,488.0,488.0,488.0,488.0,2.0
202606231051,488.0,488.0,488.0,488.0,0.0
202606231052,488.0,488.0,488.0,488.0,0.0
202606231053,486.5,486.5,486.5,486.5,2.0
202606231054,486.5,486.5,486.5,486.5,0.0
202606231055,486.5,486.5,486.5,486.5,0.0
202606231056,486.5,486.5,486.5,486.5,0.0
202606231057,486.5,486.5,486.5,486.5,0.0
202606231058,486.5,486.5,486.5,486.5,0.0
202606231059,486.5,486.5,486.5,486.5,0.0
202606231100,486.5,486.5,486.5,486.5,0.0
202606231101,486.5,486.5,486.5,486.5,0.0
202606231102,486.5,486.5,486.5,486.5,0.0
202606231103,486.5,486.5,486.5,486.5,0.0
202606231104,486.5,486.5,486.5,486.5,0.0
202606231105,486.48,486.48,486.48,486.48,1.0
202606231106,486.48,486.48,486.48,486.48,0.0
202606231107,486.48,486.48,486.48,486.48,0.0
202606231108,486.48,486.48,486.48,486.48,0.0
202606231109,486.48,486.48,486.48,486.48,0.0
202606231110,486.48,486.48,486.48,486.48,0.0
202606231111,486.48,486.48,486.48,486.48,0.0
202606231112,486.48,486.48,486.48,486.48,0.0
202606231113,486.48,486.48,486.48,486.48,0.0
202606231114,486.48,486.48,486.48,486.48,0.0
202606231115,486.48,486.48,486.48,486.48,0.0
202606231116,486.48,486.48,486.48,486.48,0.0
202606231117,486.48,486.48,486.48,486.48,0.0
202606231118,486.48,486.48,486.48,486.48,0.0
202606231119,486.48,486.48,486.48,486.48,0.0
202606231120,486.48,486.48,486.48,486.48,0.0
202606231121,486.48,486.48,486.48,486.48,0.0
202606231122,486.48,486.48,486.48,486.48,0.0
202606231123,486.48,486.48,486.48,486.48,0.0
202606231124,486.48,486.48,486.48,486.48,0.0
202606231125,486.48,486.48,486.48,486.48,0.0
202606231126,486.48,486.48,486.48,486.48,0.0
202606231127,486.48,486.48,486.48,486.48,0.0
202606231128,486.48,486.48,486.48,486.48,0.0
202606231129,486.48,486.48,486.48,486.48,0.0
202606231130,486.48,486.48,486.48,486.48,0.0
202606231131,484.95,485.63,485.63,484.95,3.0
202606231132,485.63,485.63,485.63,485.63,0.0
202606231133,485.63,485.63,485.63,485.63,0.0
202606231134,485.63,485.63,485.63,485.63,0.0
202606231135,485.63,485.63,485.63,485.63,0.0
202606231136,485.63,485.63,485.63,485.63,0.0
202606231137,485.63,485.63,485.63,485.63,0.0
202606231138,485.63,485.63,485.63,485.63,0.0
202606231139,485.63,485.63,485.63,485.63,0.0
202606231140,485.63,485.63,485.63,485.63,0.0
202606231141,485.63,485.63,485.63,485.63,0.0
202606231142,485.63,485.63,485.63,485.63,0.0
202606231143,485.63,485.63,485.63,485.63,0.0
202606231144,485.63,485.63,485.63,485.63,0.0
202606231145,485.63,485.63,485.63,485.63,0.0
202606231146,485.63,485.63,485.63,485.63,0.0
202606231147,485.63,485.63,485.63,485.63,0.0
202606231148,485.63,485.63,485.63,485.63,0.0
202606231149,485.63,485.63,485.63,485.63,0.0
202606231150,485.63,485.63,485.63,485.63,0.0
202606231151,485.63,485.63,485.63,485.63,0.0
202606231152,485.63,485.63,485.63,485.63,0.0
202606231153,485.63,485.63,485.63,485.63,0.0
202606231154,485.63,485.63,485.63,485.63,0.0
202606231155,485.63,485.63,485.63,485.63,0.0
202606231156,485.63,485.63,485.63,485.63,0.0
202606231157,485.63,485.63,485.63,485.63,0.0
202606231158,485.63,485.63,485.63,485.63,0.0
202606231159,485.63,485.63,485.63,485.63,0.0
202606231200,485.63,485.63,485.63,485.63,0.0
202606231201,485.63,485.63,485.63,485.63,0.0
202606231202,485.63,485.63,485.63,485.63,0.0
202606231203,485.27,485.27,485.27,485.27,1.0
202606231204,485.27,485.27,485.27,485.27,0.0
202606231205,485.27,485.27,485.27,485.27,0.0
202606231206,485.27,485.27,485.27,485.27,0.0
202606231207,485.27,485.27,485.27,485.27,0.0
202606231208,485.27,485.27,485.27,485.27,0.0
202606231209,485.27,485.27,485.27,485.27,0.0
202606231210,485.27,485.27,485.27,485.27,0.0
202606231211,485.27,485.27,485.27,485.27,0.0
202606231212,485.27,485.27,485.27,485.27,0.0
202606231213,485.27,485.27,485.27,485.27,0.0
202606231214,485.27,485.27,485.27,485.27,0.0
202606231215,485.27,485.27,485.27,485.27,0.0
202606231216,485.27,485.27,485.27,485.27,0.0
202606231217,485.27,485.27,485.27,485.27,0.0
202606231218,485.27,485.27,485.27,485.27,0.0
202606231219,485.27,485.27,485.27,485.27,0.0
202606231220,485.27,485.27,485.27,485.27,0.0
202606231221,485.27,485.27,485.27,485.27,0.0
202606231222,485.27,485.27,485.27,485.27,0.0
202606231223,485.27,485.27,485.27,485.27,0.0
202606231224,485.27,485.27,485.27,485.27,0.0
202606231225,485.27,485.27,485.27,485.27,0.0
202606231226,487.0,487.0,487.0,487.0,2.0
202606231227,487.0,487.0,487.0,487.0,0.0
202606231228,487.0,487.0,487.0,487.0,0.0
202606231229,487.0,487.0,487.0,487.0,0.0
202606231230,487.0,487.0,487.0,487.0,0.0
202606231231,487.0,487.0,487.0,487.0,0.0
202606231232,487.0,487.0,487.0,487.0,0.0
202606231233,487.0,487.0,487.0,487.0,0.0
202606231234,487.0,487.0,487.0,487.0,0.0
202606231235,487.0,487.0,487.0,487.0,0.0
202606231236,487.0,487.0,487.0,487.0,0.0
202606231237,487.0,487.0,487.0,487.0,0.0
202606231238,487.0,487.0,487.0,487.0,0.0
202606231239,487.0,487.0,487.0,487.0,0.0
202606231240,487.0,487.0,487.0,487.0,0.0
202606231241,487.0,487.0,487.0,487.0,0.0
202606231242,487.0,487.0,487.0,487.0,0.0
202606231243,487.0,487.0,487.0,487.0,0.0
202606231244,486.98,486.98,486.98,486.98,1.0
202606231245,486.98,486.98,486.98,486.98,0.0
202606231246,486.98,486.98,486.98,486.98,0.0
202606231247,486.98,486.98,486.98,486.98,0.0
202606231248,486.98,486.98,486.98,486.98,0.0
202606231249,486.98,486.98,486.98,486.98,0.0
202606231250,486.98,486.98,486.98,486.98,0.0
202606231251,486.98,486.98,486.98,486.98,0.0
202606231252,486.98,486.98,486.98,486.98,0.0
202606231253,486.98,486.98,486.98,486.98,0.0
202606231254,486.98,486.98,486.98,486.98,0.0
202606231255,486.98,486.98,486.98,486.98,0.0
202606231256,486.98,486.98,486.98,486.98,0.0
202606231257,486.98,486.98,486.98,486.98,0.0
202606231258,486.98,486.98,486.98,486.98,0.0
202606231259,486.98,486.98,486.98,486.98,0.0
202606231300,486.98,486.98,486.98,486.98,0.0
202606231301,486.98,486.98,486.98,486.98,0.0
202606231302,486.98,486.98,486.98,486.98,0.0
202606231303,486.98,486.98,486.98,486.98,0.0
202606231304,486.98,486.98,486.98,486.98,0.0
202606231305,486.98,486.98,486.98,486.98,0.0
202606231306,486.98,486.98,486.98,486.98,0.0
202606231307,486.98,486.98,486.98,486.98,0.0
202606231308,486.93,486.93,486.94,486.93,1.0
202606231309,486.93,486.93,486.93,486.93,0.0
202606231310,486.93,486.93,486.93,486.93,0.0
202606231311,486.93,486.93,486.93,486.93,0.0
202606231312,486.93,486.93,486.93,486.93,0.0
202606231313,486.93,486.93,486.93,486.93,0.0
202606231314,486.93,486.93,486.93,486.93,0.0
202606231315,486.93,486.93,486.93,486.93,0.0
202606231316,486.93,486.93,486.93,486.93,0.0
202606231317,486.93,486.93,486.93,486.93,0.0
202606231318,486.93,486.93,486.93,486.93,0.0
202606231319,486.93,486.93,486.93,486.93,0.0
202606231320,486.93,486.93,486.93,486.93,0.0
202606231321,486.93,486.93,486.93,486.93,0.0
202606231322,486.93,486.93,486.93,486.93,0.0
202606231323,486.93,486.93,486.93,486.93,0.0
202606231324,486.93,486.93,486.93,486.93,0.0
202606231325,486.93,486.93,486.93,486.93,0.0
202606231326,486.93,486.93,486.93,486.93,0.0
202606231327,486.94,486.98,486.98,486.94,6.0
202606231328,486.98,486.98,486.98,486.98,0.0
202606231329,489.73,489.73,489.73,489.73,1.0
202606231330,488.83,488.91,490.88,488.0,1413.0
202606231331,488.49,489.21,490.2,488.3,277.0
202606231332,489.1,491.13,491.56,489.1,117.0
202606231333,490.93,490.81,491.43,490.7,55.0
202606231334,490.77,488.93,490.77,488.2,238.0
202606231335,489.12,489.61,489.66,488.6,373.0
202606231336,489.62,489.77,489.98,489.48,194.0
202606231337,489.78,489.33,489.78,488.43,204.0
202606231338,489.12,489.15,489.15,488.35,132.0
202606231339,489.21,488.55,489.21,487.81,232.0
202606231340,488.41,487.55,488.83,487.34,473.0
202606231341,487.55,488.56,488.6,487.55,97.0
202606231342,488.77,490.2,490.42,488.77,76.0
202606231343,490.02,490.25,490.25,489.42,60.0
202606231344,490.14,488.93,490.22,488.76,85.0
202606231345,488.64,489.15,489.6,488.25,193.0
202606231346,489.06,488.84,489.64,488.84,128.0
202606231347,488.74,488.75,489.1,488.38,58.0
202606231348,488.74,489.69,489.69,488.73,171.0
202606231349,489.43,488.97,489.54,488.33,198.0
202606231350,488.94,488.66,489.28,488.66,61.0
202606231351,488.66,487.84,488.84,487.73,73.0
202606231352,487.94,486.31,487.95,486.3,378.0
202606231353,486.31,486.31,486.61,485.83,154.0
202606231354,486.31,486.56,486.56,485.71,79.0
202606231355,486.5,486.73,486.96,486.5,58.0
202606231356,486.29,486.68,486.84,485.94,76.0
202606231357,486.54,486.25,486.84,486.13,90.0
202606231358,486.4,485.26,486.42,485.15,89.0
202606231359,485.44,484.84,485.58,484.74,429.0
202606231400,484.83,484.84,485.05,484.55,555.0
202606231401,484.84,484.6,485.11,484.48,283.0
202606231402,484.59,484.95,485.11,484.42,111.0
202606231403,484.95,485.49,485.74,484.85,1019.0
202606231404,485.25,484.97,485.32,484.76,64.0
202606231405,485.04,485.58,485.91,484.76,512.0
202606231406,485.49,485.88,486.0,485.35,241.0
202606231407,485.98,486.0,486.16,485.79,170.0
202606231408,485.79,485.51,485.81,485.01,149.0
202606231409,485.31,485.62,485.67,485.2,55.0
202606231410,485.5,485.13,485.58,484.79,305.0
202606231411,485.29,485.55,485.55,484.75,211.0
202606231412,485.69,485.81,486.04,485.56,58.0
202606231413,485.68,485.07,485.68,484.8,63.0
202606231414,485.19,485.01,485.29,484.9,68.0
202606231415,484.96,485.35,485.37,484.81,80.0
202606231416,485.49,485.64,486.08,485.35,378.0
202606231417,486.04,486.3,486.49,485.86,145.0
202606231418,486.11,486.15,486.29,486.01,39.0
202606231419,486.02,486.31,486.47,486.01,88.0
202606231420,486.36,485.93,486.91,485.89,98.0
202606231421,486.09,486.13,486.47,485.84,104.0
202606231422,486.12,486.5,486.56,486.06,47.0
202606231423,486.61,486.74,486.78,486.41,78.0
202606231424,486.5,487.15,487.16,486.33,100.0
202606231425,486.97,486.84,487.07,486.62,175.0
202606231426,486.91,487.04,487.3,486.79,78.0
202606231427,487.05,486.89,487.26,486.82,147.0
202606231428,486.76,487.0,487.2,486.7,80.0
202606231429,486.9,486.77,487.11,486.68,82.0
202606231430,486.69,486.17,486.81,486.16,88.0
202606231431,486.36,486.87,486.87,486.08,107.0
202606231432,487.03,487.35,487.52,486.87,107.0
202606231433,487.47,487.57,487.75,487.24,69.0
202606231434,487.39,486.93,487.39,486.93,72.0
202606231435,486.94,486.66,486.94,486.57,42.0
202606231436,486.51,486.22,486.58,485.92,78.0
202606231437,486.45,486.15,486.54,486.15,46.0
202606231438,486.15,486.35,486.43,486.15,47.0
202606231439,486.35,486.59,486.6,486.27,128.0
202606231440,486.57,486.0,486.77,485.72,402.0
202606231441,486.06,486.25,486.43,486.02,47.0
202606231442,486.43,486.45,486.6,486.37,80.0
202606231443,486.61,487.1,487.1,486.61,199.0
202606231444,487.21,487.22,487.65,487.21,51.0
202606231445,487.31,487.06,487.32,486.98,47.0
202606231446,487.05,487.39,487.5,487.05,42.0
202606231447,487.44,487.65,487.65,487.21,7.0
202606231448,487.66,487.67,487.67,487.47,76.0
202606231449,487.84,487.7,488.0,487.57,30.0
202606231450,487.71,487.49,487.71,487.34,55.0
202606231451,487.39,487.71,487.71,487.36,48.0
202606231452,487.86,488.06,488.16,487.83,46.0
202606231453,488.21,488.85,488.85,488.21,75.0
202606231454,488.85,488.84,488.86,488.67,42.0
202606231455,488.81,488.52,488.84,488.49,104.0
202606231456,488.64,488.18,488.64,488.06,101.0
202606231457,488.19,488.33,488.4,488.06,115.0
202606231458,488.21,488.34,488.39,488.2,128.0
202606231459,488.34,488.45,488.48,488.1,79.0
202606231500,488.45,488.44,488.51,488.05,96.0
202606231501,488.57,488.34,488.65,488.27,46.0
202606231502,488.3,488.33,488.48,488.16,48.0
202606231503,488.16,487.76,488.23,487.76,29.0
202606231504,488.08,488.09,488.21,487.83,44.0
202606231505,488.09,488.11,488.11,487.53,77.0
202606231506,488.15,488.25,488.25,487.9,77.0
202606231507,488.06,487.89,488.14,487.57,81.0
202606231508,487.74,487.77,487.91,487.64,59.0
202606231509,487.76,487.78,487.86,487.62,64.0
202606231510,487.65,487.35,487.68,487.34,45.0
202606231511,487.5,487.5,487.7,487.5,41.0
202606231512,487.75,488.22,488.32,487.68,86.0
202606231513,488.32,488.25,488.4,488.07,256.0
202606231514,488.25,487.95,488.27,487.87,81.0
202606231515,487.95,487.42,487.95,487.42,43.0
202606231516,487.43,487.31,487.64,487.3,54.0
202606231517,487.75,487.78,487.93,487.75,41.0
202606231518,487.67,487.62,487.67,487.55,6.0
202606231519,487.57,487.29,487.57,487.29,16.0
202606231520,487.24,487.11,487.24,486.94,31.0
202606231521,487.11,486.91,487.11,486.91,7.0
202606231522,486.78,486.94,487.1,486.71,50.0
202606231523,486.95,487.0,487.02,486.82,14.0
202606231524,486.95,486.56,486.96,486.56,53.0
202606231525,486.63,486.39,486.63,486.2,197.0
202606231526,486.38,486.33,486.41,486.28,30.0
202606231527,486.33,486.6,486.67,486.25,104.0
202606231528,486.6,486.52,486.6,486.43,116.0
202606231529,486.52,486.79,486.85,486.51,102.0
202606231530,486.79,486.78,486.98,486.62,99.0
202606231531,486.75,486.75,486.8,486.68,59.0
202606231532,486.67,486.83,486.98,486.49,155.0
202606231533,486.82,486.99,487.11,486.73,82.0
202606231534,487.01,486.94,487.26,486.88,92.0
202606231535,486.98,486.96,487.23,486.84,55.0
202606231536,486.94,486.95,486.99,486.81,44.0
202606231537,486.91,486.69,486.95,486.54,43.0
202606231538,486.69,486.91,486.96,486.65,84.0
202606231539,486.88,487.04,487.06,486.87,29.0
202606231540,487.02,486.97,487.13,486.9,49.0
202606231541,487.07,487.06,487.22,486.96,60.0
202606231542,487.01,487.04,487.18,487.01,69.0
202606231543,487.01,487.35,487.35,487.01,28.0
202606231544,487.28,487.36,487.42,487.28,57.0
202606231545,487.41,487.51,487.51,487.32,33.0
202606231546,487.61,487.76,487.87,487.47,87.0
202606231547,487.69,487.72,487.77,487.6,17.0
202606231548,487.72,488.05,488.05,487.71,41.0
202606231549,487.86,488.13,488.2,487.86,70.0
202606231550,488.02,488.22,488.3,487.89,41.0
202606231551,488.09,488.08,488.19,488.04,60.0
202606231552,488.03,488.07,488.07,487.97,25.0
202606231553,488.07,487.8,488.07,487.72,62.0
202606231554,487.74,487.54,487.74,487.48,59.0
202606231555,487.54,487.31,487.55,487.3,89.0
202606231556,487.31,487.25,487.32,487.13,90.0
202606231557,487.25,487.21,487.3,486.95,166.0
202606231558,487.18,487.26,487.26,487.12,95.0
202606231559,487.25,487.14,487.26,487.13,34.0
202606231600,487.14,487.15,487.15,487.03,68.0
202606231601,487.06,487.04,487.1,487.02,67.0
202606231602,487.1,487.24,487.25,487.09,56.0
202606231603,487.24,487.1,487.24,486.93,104.0
202606231604,487.1,486.79,487.1,486.69,150.0
202606231605,486.79,486.91,487.05,486.64,91.0
202606231606,487.09,487.03,487.2,486.98,77.0
202606231607,487.03,487.22,487.22,486.92,200.0
202606231608,487.21,486.94,487.21,486.74,164.0
202606231609,487.01,486.95,487.07,486.88,41.0
202606231610,486.96,486.57,486.96,486.55,164.0
202606231611,486.77,486.78,486.85,486.77,54.0
202606231612,486.78,486.62,486.79,486.62,66.0
202606231613,486.71,486.61,486.82,486.61,53.0
202606231614,486.68,487.24,487.32,486.64,96.0
202606231615,487.31,487.31,487.32,487.15,129.0
202606231616,487.33,487.18,487.33,487.05,139.0
202606231617,487.18,487.28,487.35,487.09,38.0
202606231618,487.26,487.46,487.46,487.15,45.0
202606231619,487.27,487.38,487.55,487.25,136.0
202606231620,487.4,487.8,487.87,487.39,46.0
202606231621,487.8,487.71,487.8,487.5,52.0
202606231622,487.7,487.7,487.72,487.6,35.0
202606231623,487.7,487.42,487.7,487.38,41.0
202606231624,487.42,487.36,487.45,487.2,56.0
202606231625,487.3,487.32,487.4,487.25,100.0
202606231626,487.39,487.38,487.4,487.18,116.0
202606231627,487.38,487.29,487.38,487.27,31.0
202606231628,487.21,487.28,487.36,487.21,16.0
202606231629,487.29,487.37,487.47,487.27,81.0
202606231630,487.38,487.31,487.38,487.22,36.0
202606231631,487.31,487.76,487.97,487.31,93.0
202606231632,487.69,487.49,487.81,487.49,205.0
202606231633,487.61,487.65,487.72,487.5,53.0
202606231634,487.65,487.71,487.8,487.59,49.0
202606231635,487.71,487.71,487.85,487.58,113.0
202606231636,487.63,487.68,487.74,487.51,123.0
202606231637,487.69,487.72,487.88,487.69,131.0
202606231638,487.7,487.8,487.9,487.68,70.0
202606231639,487.69,487.59,487.8,487.55,124.0
202606231640,487.67,487.64,487.84,487.61,64.0
202606231641,487.64,487.54,487.64,487.45,88.0
202606231642,487.54,487.4,487.54,487.36,64.0
202606231643,487.4,487.42,487.42,487.4,25.0
202606231644,487.5,487.3,487.5,487.28,100.0
202606231645,487.41,487.72,487.78,487.35,135.0
202606231646,487.69,487.55,487.74,487.45,82.0
202606231647,487.54,487.13,487.55,487.13,69.0
202606231648,487.11,487.17,487.21,487.03,61.0
202606231649,487.17,487.13,487.2,487.06,85.0
202606231650,487.14,487.13,487.17,487.06,57.0
202606231651,487.19,487.23,487.23,487.11,101.0
202606231652,487.2,487.16,487.36,487.07,351.0
202606231653,487.16,487.35,487.38,487.15,116.0
202606231654,487.35,487.38,487.46,487.25,103.0
202606231655,487.45,487.54,487.61,487.21,119.0
202606231656,487.54,487.6,487.62,487.46,71.0
202606231657,487.55,487.41,487.62,487.27,66.0
202606231658,487.31,488.43,488.43,487.23,206.0
202606231659,488.39,488.64,488.65,488.25,76.0
202606231700,488.63,488.63,488.65,488.35,101.0
202606231701,488.72,488.47,488.73,488.34,98.0
202606231702,488.4,488.57,488.74,488.32,144.0
202606231703,488.57,488.68,488.76,488.57,31.0
202606231704,488.68,488.41,488.68,488.37,40.0
202606231705,488.42,488.35,488.5,488.32,78.0
202606231706,488.35,488.59,488.72,488.35,58.0
202606231707,488.59,488.32,488.59,488.32,48.0
202606231708,488.32,488.34,488.45,488.19,46.0
202606231709,488.34,488.22,488.34,488.11,66.0
202606231710,488.24,488.14,488.3,488.08,38.0
202606231711,488.13,488.12,488.2,488.12,48.0
202606231712,488.07,488.04,488.12,488.0,83.0
202606231713,488.04,487.72,488.06,487.72,73.0
202606231714,487.81,488.26,488.26,487.78,82.0
202606231715,488.12,488.21,488.21,488.11,35.0
202606231716,488.24,488.15,488.28,488.15,43.0
202606231717,488.15,488.1,488.18,488.02,76.0
202606231718,488.17,488.1,488.17,487.9,123.0
202606231719,488.09,487.83,488.11,487.81,104.0
202606231720,487.85,488.12,488.15,487.83,221.0
202606231721,488.17,488.1,488.28,488.0,208.0
202606231722,488.1,488.25,488.41,488.1,117.0
202606231723,488.25,488.21,488.27,488.16,69.0
202606231724,488.21,488.21,488.33,488.15,75.0
202606231725,488.3,488.06,488.3,487.99,47.0
202606231726,488.06,487.98,488.06,487.98,37.0
202606231727,487.96,487.98,487.98,487.66,260.0
202606231728,487.9,488.03,488.16,487.9,35.0
202606231729,488.03,488.02,488.03,488.02,41.0
202606231730,487.92,488.32,488.38,487.92,44.0
202606231731,488.32,488.19,488.34,488.14,47.0
202606231732,488.12,488.12,488.2,487.86,88.0
202606231733,488.12,488.3,488.32,488.06,51.0
202606231734,488.3,488.36,488.45,488.18,93.0
202606231735,488.36,487.98,488.36,487.93,112.0
202606231736,487.93,488.03,488.06,487.93,76.0
202606231737,487.96,488.06,488.06,487.84,31.0
202606231738,487.93,488.14,488.14,487.93,39.0
202606231739,488.14,488.14,488.25,488.06,51.0
202606231740,488.22,488.1,488.23,487.99,106.0
202606231741,488.1,487.93,488.13,487.93,46.0
202606231742,488.05,487.77,488.05,487.77,15.0
202606231743,487.9,488.11,488.11,487.89,51.0
202606231744,488.1,488.06,488.19,487.98,243.0
202606231745,488.06,488.18,488.29,487.94,89.0
202606231746,488.2,488.07,488.32,487.97,152.0
202606231747,488.06,488.12,488.12,487.79,144.0
202606231748,488.12,488.09,488.19,488.02,84.0
202606231749,488.16,488.23,488.25,488.05,114.0
202606231750,488.21,488.16,488.23,488.1,33.0
202606231751,488.16,488.38,488.39,488.16,88.0
202606231752,488.37,488.28,488.37,488.22,33.0
202606231753,488.28,488.15,488.31,488.04,88.0
202606231754,488.15,488.1,488.18,488.03,56.0
202606231755,488.01,487.98,488.01,487.87,71.0
202606231756,487.99,487.88,488.0,487.87,23.0
202606231757,487.83,487.62,487.83,487.59,60.0
202606231758,487.67,487.88,487.91,487.56,76.0
202606231759,487.83,488.0,488.06,487.83,169.0
202606231800,488.01,488.08,488.12,487.98,148.0
202606231801,488.14,488.07,488.16,487.98,121.0
202606231802,488.06,488.1,488.17,487.98,80.0
202606231803,488.06,488.09,488.09,487.91,161.0
202606231804,488.03,488.13,488.14,487.87,91.0
202606231805,488.13,488.06,488.13,488.04,36.0
202606231806,488.06,488.07,488.19,488.02,109.0
202606231807,488.05,488.18,488.35,487.99,264.0
202606231808,488.19,488.29,488.29,488.13,41.0
202606231809,488.22,488.29,488.29,487.99,81.0
202606231810,488.32,488.39,488.39,488.25,75.0
202606231811,488.35,488.49,488.68,488.35,119.0
202606231812,488.57,488.53,488.57,488.44,80.0
202606231813,488.53,488.57,488.57,488.44,56.0
202606231814,488.57,488.47,488.57,488.46,80.0
202606231815,488.46,488.44,488.47,488.32,164.0
202606231816,488.43,488.47,488.57,488.34,95.0
202606231817,488.49,488.44,488.49,488.27,73.0
202606231818,488.25,488.56,488.59,488.25,62.0
202606231819,488.57,488.53,488.62,488.44,55.0
202606231820,488.52,488.41,488.52,488.33,45.0
202606231821,488.35,488.4,488.54,488.35,44.0
202606231822,488.4,488.16,488.41,488.12,81.0
202606231823,488.22,488.25,488.26,488.16,46.0
202606231824,488.21,488.36,488.38,488.2,94.0
202606231825,488.29,488.26,488.36,488.24,79.0
202606231826,488.26,488.11,488.3,488.02,69.0
202606231827,488.11,487.99,488.11,487.94,73.0
202606231828,487.97,487.86,488.03,487.83,227.0
202606231829,487.88,487.86,487.94,487.78,99.0
202606231830,487.87,487.82,487.91,487.77,80.0
202606231831,487.77,487.86,487.89,487.75,93.0
202606231832,487.79,487.82,488.03,487.78,133.0
202606231833,487.75,487.88,487.93,487.75,100.0
202606231834,487.88,488.17,488.25,487.7,244.0
202606231835,488.07,487.95,488.17,487.84,422.0
202606231836,487.9,487.81,487.92,487.8,186.0
202606231837,487.81,487.85,487.92,487.74,148.0
202606231838,487.87,487.81,487.87,487.58,220.0
202606231839,487.73,487.81,488.01,487.73,94.0
202606231840,487.81,488.14,488.15,487.76,208.0
202606231841,488.14,488.06,488.14,487.96,209.0
202606231842,488.06,487.94,488.23,487.91,76.0
202606231843,487.87,487.46,488.0,487.45,577.0
202606231844,487.47,487.53,487.77,487.36,143.0
202606231845,487.57,487.32,487.57,487.27,177.0
202606231846,487.34,487.59,487.62,487.2,285.0
202606231847,487.59,487.75,487.76,487.49,113.0
202606231848,487.7,487.55,487.7,487.5,47.0
202606231849,487.66,487.72,487.78,487.56,47.0
202606231850,487.71,487.69,487.82,487.65,69.0
202606231851,487.7,487.33,487.7,487.33,254.0
202606231852,487.34,487.39,487.45,487.32,68.0
202606231853,487.38,487.43,487.52,487.38,94.0
202606231854,487.5,487.47,487.75,487.46,66.0
202606231855,487.56,487.63,487.67,487.55,60.0
202606231856,487.71,487.87,487.93,487.66,102.0
202606231857,487.82,487.85,488.05,487.68,365.0
202606231858,487.88,487.85,487.97,487.79,59.0
202606231859,487.85,488.06,488.23,487.84,67.0
202606231900,488.06,487.74,488.07,487.73,107.0
202606231901,487.74,487.6,487.78,487.53,92.0
202606231902,487.66,487.62,487.74,487.61,78.0
202606231903,487.62,487.75,488.0,487.61,227.0
202606231904,487.76,487.71,487.86,487.62,101.0
202606231905,487.85,487.91,487.96,487.72,112.0
202606231906,487.91,488.01,488.16,487.86,135.0
202606231907,488.01,488.35,488.37,488.01,51.0
202606231908,488.38,488.48,488.61,488.38,373.0
202606231909,488.38,488.58,488.58,488.37,47.0
202606231910,488.52,488.43,488.52,488.37,91.0
202606231911,488.42,488.58,488.65,488.37,145.0
202606231912,488.65,488.5,488.77,488.42,80.0
202606231913,488.5,488.26,488.63,488.18,211.0
202606231914,488.2,488.11,488.27,488.09,67.0
202606231915,488.11,488.19,488.23,488.0,132.0
202606231916,488.19,488.34,488.35,488.06,469.0
202606231917,488.34,488.41,488.54,488.33,88.0
202606231918,488.41,488.14,488.41,487.92,141.0
202606231919,488.12,488.22,488.3,488.05,55.0
202606231920,488.27,488.17,488.43,488.16,146.0
202606231921,488.15,488.26,488.32,488.14,123.0
202606231922,488.32,488.43,488.44,488.3,139.0
202606231923,488.41,488.4,488.48,488.29,120.0
202606231924,488.35,488.66,488.67,488.31,177.0
202606231925,488.65,488.72,489.02,488.6,305.0
202606231926,488.79,488.46,488.79,488.3,125.0
202606231927,488.42,488.61,488.62,488.37,104.0
202606231928,488.61,488.41,489.07,488.4,432.0
202606231929,488.56,489.1,489.24,488.56,668.0
202606231930,488.99,488.73,489.11,488.66,209.0
202606231931,488.66,488.65,488.78,488.56,120.0
202606231932,488.57,488.38,488.59,488.34,77.0
202606231933,488.39,488.15,488.46,488.13,152.0
202606231934,488.15,488.59,488.69,488.13,340.0
202606231935,488.64,488.87,488.98,488.64,243.0
202606231936,488.85,488.82,488.86,488.71,111.0
202606231937,488.77,489.03,489.03,488.74,166.0
202606231938,488.95,488.75,489.04,488.75,203.0
202606231939,488.75,488.5,488.81,488.5,121.0
202606231940,488.49,488.44,488.55,488.32,351.0
202606231941,488.43,488.52,488.59,488.32,131.0
202606231942,488.58,488.67,488.89,488.57,320.0
202606231943,488.7,488.28,488.8,488.23,320.0
202606231944,488.23,488.57,488.62,488.17,145.0
202606231945,488.56,488.99,489.01,488.47,138.0
202606231946,488.98,488.8,489.02,488.75,99.0
202606231947,488.82,488.94,489.04,488.74,93.0
202606231948,489.03,488.69,489.03,488.61,226.0
202606231949,488.63,488.78,488.85,488.48,83.0
202606231950,488.83,488.48,488.83,488.48,221.0
202606231951,488.63,488.6,488.82,488.3,260.0
202606231952,488.68,488.77,489.08,488.67,250.0
202606231953,488.68,488.86,489.15,488.66,340.0
202606231954,488.95,488.52,488.96,488.37,248.0
202606231955,489.21,488.46,489.21,488.26,383.0
202606231956,488.54,488.61,488.61,488.27,552.0
202606231957,488.65,488.94,489.0,488.59,741.0
202606231958,489.02,488.75,489.67,488.75,1970.0
202606231959,488.75,488.1,488.97,488.1,2257.0
202606232000,488.22,488.07,488.22,488.07,17624.0
202606232001,488.07,488.07,488.07,488.07,0.0
202606232002,488.07,488.07,488.07,488.07,0.0
202606232003,488.07,488.07,488.07,488.07,0.0
202606232004,488.5,488.5,488.5,488.5,3.0
202606232005,488.5,488.5,488.5,488.5,0.0
202606232006,488.5,488.5,488.5,488.5,0.0
202606232007,488.5,488.5,488.5,488.5,0.0
202606232008,488.5,488.5,488.5,488.5,0.0
202606232009,488.5,488.5,488.5,488.5,0.0
202606232010,488.5,488.5,488.5,488.5,0.0
202606232011,488.5,488.5,488.5,488.5,0.0
202606232012,488.5,488.5,488.5,488.5,0.0
202606232013,488.5,488.5,488.5,488.5,0.0
202606232014,488.5,488.5,488.5,488.5,0.0
202606232015,488.5,488.5,488.5,488.5,0.0
202606232016,488.5,488.5,488.5,488.5,0.0
202606232017,488.5,488.5,488.5,488.5,0.0
202606232018,488.5,488.5,488.5,488.5,0.0
202606232019,488.5,488.5,488.5,488.5,0.0
202606232020,488.5,488.5,488.5,488.5,0.0
202606232021,488.5,488.5,488.5,488.5,0.0
202606232022,488.5,488.5,488.5,488.5,0.0
202606232023,488.5,488.5,488.5,488.5,0.0
202606232024,488.5,488.5,488.5,488.5,0.0
202606232025,488.5,488.5,488.5,488.5,0.0
202606232026,488.5,488.5,488.5,488.5,0.0
202606232027,488.5,488.5,488.5,488.5,0.0
202606232028,488.5,488.5,488.5,488.5,0.0
202606232029,488.5,488.5,488.5,488.5,0.0
202606232030,488.5,488.5,488.5,488.5,0.0
202606232031,488.5,488.5,488.5,488.5,0.0
202606232032,488.5,488.5,488.5,488.5,0.0
202606232033,488.5,488.5,488.5,488.5,0.0
202606232034,488.5,488.5,488.5,488.5,0.0
202606232035,488.5,488.5,488.5,488.5,0.0
202606232036,488.5,488.5,488.5,488.5,0.0
202606232037,488.07,488.07,488.07,488.07,3.0
202606232038,488.07,488.07,488.07,488.07,0.0
202606232039,488.07,488.07,488.07,488.07,0.0
202606232040,488.07,488.07,488.07,488.07,0.0
202606232041,488.07,488.07,488.07,488.07,0.0
202606232042,488.07,488.07,488.07,488.07,0.0
202606232043,488.07,488.07,488.07,488.07,0.0
202606232044,488.07,488.07,488.07,488.07,0.0
202606232045,488.07,488.07,488.07,488.07,0.0
202606232046,488.07,488.07,488.07,488.07,0.0
202606232047,488.07,488.07,488.07,488.07,0.0
202606232048,488.07,488.07,488.07,488.07,0.0
202606232049,488.07,488.07,488.07,488.07,0.0
202606232050,488.07,488.07,488.07,488.07,0.0
202606232051,488.07,488.07,488.07,488.07,0.0
202606232052,488.07,488.07,488.07,488.07,0.0
202606232053,488.07,488.07,488.07,488.07,0.0
202606232054,488.07,488.07,488.07,488.07,0.0
202606232055,488.07,488.07,488.07,488.07,0.0
202606232056,488.07,488.07,488.07,488.07,0.0
202606232057,488.07,488.07,488.07,488.07,0.0
202606232058,488.07,488.07,488.07,488.07,0.0
202606232059,488.07,488.07,488.07,488.07,0.0
202606232100,488.07,488.07,488.07,488.07,0.0
202606232101,488.07,488.07,488.07,488.07,0.0
202606232102,488.07,488.07,488.07,488.07,0.0
202606232103,488.07,488.07,488.07,488.07,0.0
202606232104,488.07,488.07,488.07,488.07,0.0
202606232105,488.07,488.07,488.07,488.07,0.0
202606232106,488.07,488.07,488.07,488.07,0.0
202606232107,488.07,488.07,488.07,488.07,0.0
202606232108,488.07,488.07,488.07,488.07,0.0
202606232109,488.07,488.07,488.07,488.07,0.0
202606232110,488.07,488.07,488.07,488.07,0.0
202606232111,488.07,488.07,488.07,488.07,0.0
202606232112,488.07,488.07,488.07,488.07,0.0
202606232113,488.07,488.07,488.07,488.07,0.0
202606232114,488.07,488.07,488.07,488.07,0.0
202606232115,488.07,488.07,488.07,488.07,0.0
202606232116,488.07,488.07,488.07,488.07,0.0
202606232117,488.07,488.07,488.07,488.07,0.0
202606232118,488.07,488.07,488.07,488.07,0.0
202606232119,488.07,488.07,488.07,488.07,0.0
202606232120,488.07,488.07,488.07,488.07,0.0
202606232121,488.07,488.07,488.07,488.07,0.0
202606232122,488.07,488.07,488.07,488.07,0.0
202606232123,488.07,488.07,488.07,488.07,0.0
202606232124,488.07,488.07,488.07,488.07,0.0
202606232125,488.07,488.07,488.07,488.07,0.0
202606232126,488.07,488.07,488.07,488.07,0.0
202606232127,488.07,488.07,488.07,488.07,0.0
202606232128,488.07,488.07,488.07,488.07,0.0
202606232129,488.07,488.07,488.07,488.07,0.0
202606232130,488.07,488.07,488.07,488.07,0.0
202606232131,488.07,488.07,488.07,488.07,0.0
202606232132,488.07,488.07,488.07,488.07,0.0
202606232133,488.07,488.07,488.07,488.07,0.0
202606232134,488.07,488.07,488.07,488.07,0.0
202606232135,488.07,488.07,488.07,488.07,0.0
202606232136,488.07,488.07,488.07,488.07,0.0
202606232137,488.07,488.07,488.07,488.07,0.0
202606232138,488.07,488.07,488.07,488.07,0.0
202606232139,488.07,488.07,488.07,488.07,0.0
202606232140,486.52,486.52,486.52,486.52,2.0
202606232141,486.52,486.52,486.52,486.52,0.0
202606232142,486.52,486.52,486.52,486.52,0.0
202606232143,486.52,486.52,486.52,486.52,0.0
202606232144,486.52,486.52,486.52,486.52,0.0
202606232145,486.52,486.52,486.52,486.52,0.0
202606232146,486.52,486.52,486.52,486.52,0.0
202606232147,486.52,486.52,486.52,486.52,0.0
202606232148,486.52,486.52,486.52,486.52,0.0
202606232149,486.52,486.52,486.52,486.52,0.0
202606232150,486.52,486.52,486.52,486.52,0.0
202606232151,486.52,486.52,486.52,486.52,0.0
202606232152,486.52,486.52,486.52,486.52,0.0
202606232153,486.52,486.52,486.52,486.52,0.0
202606232154,486.52,486.52,486.52,486.52,0.0
202606232155,486.52,486.52,486.52,486.52,0.0
202606232156,486.52,486.52,486.52,486.52,0.0
202606232157,486.52,486.52,486.52,486.52,0.0
202606232158,486.52,486.52,486.52,486.52,0.0
202606232159,486.52,486.52,486.52,486.52,0.0
202606232200,486.52,486.52,486.52,486.52,0.0
202606232201,486.52,486.52,486.52,486.52,0.0
202606232202,486.52,486.52,486.52,486.52,0.0
202606232203,486.52,486.52,486.52,486.52,0.0
202606232204,486.52,486.52,486.52,486.52,0.0
202606232205,486.52,486.52,486.52,486.52,0.0
202606232206,486.52,486.52,486.52,486.52,0.0
202606232207,486.52,486.52,486.52,486.52,0.0
202606232208,486.52,486.52,486.52,486.52,0.0
202606232209,486.52,486.52,486.52,486.52,0.0
202606232210,486.52,486.52,486.52,486.52,0.0
202606232211,488.52,488.83,488.83,488.52,7.0
202606232212,488.52,488.52,488.52,488.52,2.0
202606232213,488.52,488.52,488.52,488.52,0.0
202606232214,488.52,488.52,488.52,488.52,0.0
202606232215,488.52,488.52,488.52,488.52,0.0
202606232216,488.52,488.52,488.52,488.52,0.0
202606232217,488.52,488.52,488.52,488.52,0.0
202606232218,488.52,488.52,488.52,488.52,0.0
202606232219,488.52,488.52,488.52,488.52,0.0
202606232220,488.52,488.52,488.52,488.52,0.0
202606232221,488.52,488.52,488.52,488.52,0.0
202606232222,488.52,488.52,488.52,488.52,0.0
202606232223,488.52,488.52,488.52,488.52,0.0
202606232224,488.69,488.69,488.69,488.69,4.0
202606232225,488.69,488.72,488.72,488.59,18.0
202606232226,488.72,488.72,488.72,488.72,0.0
202606232227,488.72,488.72,488.72,488.72,0.0
202606232228,488.72,488.72,488.72,488.72,0.0
202606232229,488.72,488.72,488.72,488.72,0.0
202606232230,488.72,488.72,488.72,488.72,0.0
202606232231,488.72,488.72,488.72,488.72,0.0
202606232232,488.72,488.72,488.72,488.72,0.0
202606232233,488.72,488.72,488.72,488.72,0.0
202606232234,488.72,488.72,488.72,488.72,0.0
202606232235,488.72,488.72,488.72,488.72,0.0
202606232236,488.72,488.72,488.72,488.72,0.0
202606232237,488.72,488.72,488.72,488.72,0.0
202606232238,488.72,488.72,488.72,488.72,0.0
202606232239,488.72,488.72,488.72,488.72,0.0
202606232240,488.72,488.72,488.72,488.72,0.0
202606232241,488.72,488.72,488.72,488.72,0.0
202606232242,488.72,488.72,488.72,488.72,0.0
202606232243,488.72,488.72,488.72,488.72,0.0
202606232244,488.72,488.72,488.72,488.72,0.0
202606232245,488.72,488.72,488.72,488.72,0.0
202606232246,488.72,488.72,488.72,488.72,0.0
202606232247,488.72,488.72,488.72,488.72,0.0
202606232248,488.72,488.72,488.72,488.72,0.0
202606232249,488.72,488.72,488.72,488.72,0.0
202606232250,488.72,488.72,488.72,488.72,0.0
202606232251,488.72,488.72,488.72,488.72,0.0
202606232252,488.72,488.72,488.72,488.72,0.0
202606232253,488.72,488.72,488.72,488.72,0.0
202606232254,488.72,488.72,488.72,488.72,0.0
202606232255,488.72,488.72,488.72,488.72,0.0
202606232256,488.72,488.72,488.72,488.72,0.0
202606232257,488.72,488.72,488.72,488.72,0.0
202606232258,488.72,488.72,488.72,488.72,0.0
202606232259,488.72,488.72,488.72,488.72,0.0
202606232300,488.72,488.72,488.72,488.72,0.0
202606232301,488.72,488.72,488.72,488.72,0.0
202606232302,488.72,488.72,488.72,488.72,0.0
202606232303,488.72,488.72,488.72,488.72,0.0
202606232304,488.72,488.72,488.72,488.72,0.0
202606232305,488.72,488.72,488.72,488.72,0.0
202606232306,488.72,488.72,488.72,488.72,0.0
202606232307,488.72,488.72,488.72,488.72,0.0
202606232308,488.72,488.72,488.72,488.72,0.0
202606232309,488.72,488.72,488.72,488.72,0.0
202606232310,488.72,488.72,488.72,488.72,0.0
202606232311,488.72,488.72,488.72,488.72,0.0
202606232312,488.72,488.72,488.72,488.72,0.0
202606232313,488.72,488.72,488.72,488.72,0.0
202606232314,488.72,488.72,488.72,488.72,0.0
202606232315,488.72,488.72,488.72,488.72,0.0
202606232316,488.72,488.72,488.72,488.72,0.0
202606232317,488.72,488.72,488.72,488.72,0.0
202606232318,488.72,488.72,488.72,488.72,0.0
202606232319,488.72,488.72,488.72,488.72,0.0
202606232320,488.72,488.72,488.72,488.72,0.0
202606232321,488.72,488.72,488.72,488.72,0.0
202606232322,488.72,488.72,488.72,488.72,0.0
202606232323,488.72,488.72,488.72,488.72,0.0
202606232324,488.72,488.72,488.72,488.72,0.0
202606232325,488.72,488.72,488.72,488.72,0.0
202606232326,488.72,488.72,488.72,488.72,0.0
202606232327,488.72,488.72,488.72,488.72,0.0
202606232328,488.72,488.72,488.72,488.72,0.0
202606232329,488.72,488.72,488.72,488.72,0.0
202606232330,488.72,488.72,488.72,488.72,0.0
202606232331,488.72,488.72,488.72,488.72,0.0
202606232332,488.72,488.72,488.72,488.72,0.0
202606232333,488.72,488.72,488.72,488.72,0.0
202606232334,488.72,488.72,488.72,488.72,0.0
202606232335,488.72,488.72,488.72,488.72,0.0
202606232336,488.72,488.72,488.72,488.72,0.0
202606232337,488.72,488.72,488.72,488.72,0.0
202606232338,488.72,488.72,488.72,488.72,0.0
202606232339,488.72,488.72,488.72,488.72,0.0
202606232340,488.72,488.72,488.72,488.72,0.0
202606232341,488.72,488.72,488.72,488.72,0.0
202606232342,488.72,488.72,488.72,488.72,0.0
202606232343,488.72,488.72,488.72,488.72,0.0
202606232344,488.72,488.72,488.72,488.72,0.0
202606232345,488.72,488.72,488.72,488.72,0.0
202606232346,488.72,488.72,488.72,488.72,0.0
202606232347,488.72,488.72,488.72,488.72,0.0
202606232348,488.72,488.72,488.72,488.72,0.0
202606232349,488.72,488.72,488.72,488.72,0.0
202606232350,488.72,488.72,488.72,488.72,0.0
202606232351,488.72,488.72,488.72,488.72,0.0
202606232352,488.72,488.72,488.72,488.72,0.0
202606232353,488.72,488.72,488.72,488.72,0.0
202606232354,488.72,488.72,488.72,488.72,0.0
202606232355,488.72,488.72,488.72,488.72,0.0
202606232356,488.72,488.72,488.72,488.72,0.0
202606232357,488.72,488.72,488.72,488.72,0.0
202606232358,488.72,488.72,488.72,488.72,0.0
202606232359,488.72,488.72,488.72,488.72,0.0
202606240800,488.36,488.1,490.8825,486.075,0.0
202606240801,487.05,488.34,488.34,486.58,0.0
202606240804,487.5,488.12,488.12,486.1335,0.0
202606240805,487.56,487.88,488.13,487.02,0.0
202606240809,487.93,487.93,487.93,487.93,0.0
202606240810,487.5,487.5,487.5,487.5,0.0
202606240811,487.89,487.89,487.89,487.89,0.0
202606240816,488.9167,487.46,488.9167,487.46,0.0
202606240817,487.62,488.0,488.0,487.62,0.0
202606240819,488.0,488.0,488.0,488.0,0.0
202606240822,487.46,487.46,487.46,487.46,0.0
202606240824,488.0789,488.0789,488.0789,488.0789,0.0
202606240838,488.9167,488.9167,488.9167,488.9167,0.0
202606240842,487.81,487.81,487.81,487.81,0.0
202606240850,487.53,487.81,487.81,487.53,0.0
202606240904,486.1332,486.1332,486.1332,486.1332,0.0
202606240908,486.62,486.62,486.62,486.62,0.0
202606240909,487.07,486.62,487.07,486.62,0.0
202606240916,487.55,487.7,487.7,487.55,0.0
202606240917,487.37,487.37,487.37,487.37,0.0
202606240928,488.9265,488.9265,488.9265,488.9265,0.0
202606240933,487.27,486.1335,487.27,486.1335,0.0
202606240946,486.62,486.6,486.62,486.6,0.0
202606240948,488.9265,488.9265,488.9265,488.9265,0.0
202606240952,487.24,486.3,487.31,486.3,0.0
202606240956,487.39,487.39,487.39,487.39,0.0
202606240959,487.53,487.53,487.53,487.53,0.0
202606241001,486.0612,486.0612,486.0612,486.0612,0.0
202606241004,486.0612,486.0612,486.0612,486.0612,0.0
202606241005,486.4,486.4,486.4,486.4,0.0
202606241006,486.06,488.9265,488.9265,486.06,0.0
202606241013,486.1335,486.13,486.1335,486.13,0.0
202606241017,487.35,487.39,487.39,487.35,0.0
202606241018,486.5,486.5,486.5,486.5,0.0
202606241019,488.9265,488.9265,488.9265,488.9265,0.0
202606241020,486.5,486.5,486.5,486.5,0.0
202606241026,487.45,487.45,487.45,487.45,0.0
202606241043,487.39,487.39,487.39,487.39,0.0
202606241046,488.9988,488.9988,488.9988,488.9988,0.0
202606241047,488.9988,488.9988,488.9988,488.9988,0.0
202606241057,487.39,487.39,487.39,487.39,0.0
202606241100,487.88,487.9,488.15,487.53,0.0
202606241102,487.3433,487.3433,487.3433,487.3433,0.0
202606241105,487.9,488.77,488.77,487.62,0.0
202606241112,488.8598,488.8598,488.8598,488.8598,0.0
202606241119,488.8598,488.8598,488.8598,488.8598,0.0
202606241126,487.25,487.25,487.25,487.25,0.0
202606241129,487.39,487.39,487.39,487.39,0.0
202606241133,487.39,487.39,487.39,487.39,0.0
202606241134,488.8879,488.8879,488.8879,488.8879,0.0
202606241146,486.9969,486.9969,486.9969,486.9969,0.0
202606241147,487.66,487.66,487.66,487.66,0.0
202606241149,487.6837,487.71,487.71,487.6837,0.0
202606241150,488.77,488.77,488.77,488.77,0.0
202606241152,487.88,487.88,487.88,487.88,0.0
202606241153,487.88,487.88,487.88,487.88,0.0
202606241154,488.9278,488.9278,488.9278,488.9278,0.0
202606241159,488.9662,488.9662,488.9662,488.9662,0.0
202606241204,488.22,488.22,488.22,488.22,0.0
202606241211,488.0167,488.0167,488.0167,488.0167,0.0
202606241215,487.7557,488.9071,488.9071,487.7557,0.0
202606241217,488.9662,488.9662,488.9662,488.9662,0.0
202606241220,488.9662,488.9662,488.9662,488.9662,0.0
202606241222,488.9988,488.9988,488.9988,488.9988,0.0
202606241228,488.0,488.0,488.0,488.0,0.0
202606241229,488.71,488.5,488.71,488.5,0.0
202606241230,488.5,488.9662,488.9662,488.5,0.0
202606241242,488.02,489.0,489.0,488.02,0.0
202606241250,488.07,487.71,488.07,487.71,0.0
202606241254,488.99,488.02,488.99,488.02,0.0
202606241256,488.0,488.0,488.0,488.0,0.0
202606241259,488.9662,488.9662,488.9662,488.9662,0.0
202606241302,488.9475,488.9475,488.9475,488.9475,0.0
202606241305,488.85,488.8879,488.8879,488.85,0.0
202606241309,488.8879,488.8879,488.8879,488.8879,0.0
202606241311,488.8556,488.8556,488.8556,488.8556,0.0
202606241312,486.9525,488.9475,488.9475,486.9525,0.0
202606241330,488.0799865722656,489.6099853515625,489.7898864746094,488.0799865722656,49974.0
202606241331,489.1300048828125,488.10009765625,489.489990234375,488.10009765625,9505.0
202606241332,488.5350036621094,486.2900085449219,488.8800048828125,486.2900085449219,11313.0
202606241333,486.510009765625,486.99969482421875,487.510009765625,486.4200134277344,5093.0
202606241334,486.2200012207031,487.239990234375,487.3550109863281,486.2200012207031,1731.0
202606241335,487.010009765625,487.9649963378906,488.4125061035156,486.8949890136719,9654.0
202606241336,488.30499267578125,488.25,489.2900085449219,488.1900939941406,5006.0
202606241337,488.5799865722656,489.5,489.7900085449219,488.3200988769531,4127.0
202606241338,489.92999267578125,490.0899963378906,490.25,489.8500061035156,4624.0
202606241339,489.55999755859375,490.05999755859375,490.6300048828125,489.55999755859375,8552.0
202606241340,490.1449890136719,488.42999267578125,490.8999938964844,488.42999267578125,17240.0
202606241341,488.44000244140625,488.8974914550781,488.9800109863281,488.44000244140625,3278.0
202606241342,489.1600036621094,490.0400085449219,490.19000244140625,488.9100036621094,7928.0
202606241343,490.1549987792969,490.67498779296875,491.0,490.1549987792969,7104.0
202606241344,491.0,490.57000732421875,491.260009765625,490.30999755859375,4639.0
202606241345,490.1600036621094,489.510009765625,490.5599060058594,489.510009765625,4476.0
202606241346,489.5199890136719,488.9725036621094,489.6700134277344,488.8999938964844,1368.0
202606241347,489.1099853515625,489.1600036621094,489.4599914550781,488.5199890136719,2266.0
202606241348,489.1199951171875,488.95001220703125,489.4700012207031,488.8299865722656,4512.0
202606241349,488.7799987792969,488.4800109863281,488.7799987792969,487.8800048828125,13561.0
202606241350,488.4750061035156,488.3399963378906,488.5350036621094,487.9700012207031,5397.0
202606241351,488.3399963378906,489.2799987792969,489.2900085449219,488.1846923828125,8642.0
202606241352,489.29998779296875,490.0249938964844,490.2250061035156,489.29998779296875,5645.0
202606241353,489.8599853515625,489.9599914550781,490.3229064941406,489.8599853515625,5382.0
202606241354,489.94000244140625,490.0,490.0,489.05499267578125,12318.0
202606241355,490.0,489.6700134277344,490.3699951171875,489.6499938964844,3377.0
202606241356,489.7900085449219,489.8500061035156,490.139892578125,489.7900085449219,1374.0
202606241357,489.7300109863281,489.75,489.75,489.42999267578125,2376.0
202606241358,489.7200012207031,489.614990234375,489.7950134277344,489.1099853515625,5430.0
202606241359,489.6099853515625,489.6000061035156,490.0,489.489990234375,9198.0
202606241400,489.2401123046875,489.4100036621094,489.6199951171875,488.8949890136719,5644.0
202606241401,489.75,489.8399963378906,490.29998779296875,489.4700012207031,7721.0
202606241402,489.92498779296875,489.6300048828125,489.92498779296875,489.44000244140625,3011.0
202606241403,489.6099853515625,489.32501220703125,489.7699890136719,489.2099914550781,4066.0
202606241404,489.32501220703125,489.625,489.67498779296875,489.32501220703125,5814.0
202606241405,489.2701110839844,488.9599914550781,489.9898986816406,488.67999267578125,4626.0
202606241406,489.04998779296875,489.1000061035156,489.3699951171875,488.739990234375,3235.0
202606241407,489.0950012207031,488.9599914550781,489.0950012207031,488.5574951171875,4960.0
202606241408,489.3699951171875,489.1025085449219,489.3699951171875,488.5249938964844,13975.0
202606241409,489.114990234375,489.44000244140625,489.6099853515625,489.04010009765625,10389.0
202606241410,489.19000244140625,489.57000732421875,489.7699890136719,489.19000244140625,9662.0
202606241411,489.3599853515625,489.29998779296875,489.6300048828125,489.2749938964844,5667.0
202606241412,489.29998779296875,489.5050048828125,489.69000244140625,489.1199951171875,6774.0
202606241413,489.5050048828125,489.67498779296875,489.8992919921875,489.3700866699219,3615.0
202606241414,489.3699951171875,489.260009765625,489.677490234375,489.0799865722656,3064.0
202606241415,489.0899963378906,489.8500061035156,489.8900146484375,489.07000732421875,5014.0
202606241416,489.8599853515625,490.1300048828125,490.1499938964844,489.80999755859375,10514.0
202606241417,490.0899963378906,491.0,491.0,490.0899963378906,3734.0
202606241418,491.0799865722656,491.0150146484375,491.2026062011719,490.9200134277344,2788.0
202606241419,491.17999267578125,491.36749267578125,491.5599060058594,491.17999267578125,1575.0
202606241420,491.55999755859375,491.7449951171875,491.8599853515625,491.55999755859375,2485.0
202606241421,491.9100036621094,492.0400085449219,492.1499938964844,491.79998779296875,14567.0
202606241422,492.0400085449219,492.3299865722656,492.4115905761719,492.0249938964844,1986.0
202606241423,492.5,492.489990234375,492.6499938964844,492.30499267578125,2910.0
202606241424,492.7349853515625,492.625,493.0,492.625,1753.0
202606241425,492.69000244140625,492.3900146484375,492.69000244140625,492.3900146484375,1784.0
202606241426,492.7300109863281,492.4800109863281,492.8399963378906,492.17010498046875,2959.0
202606241427,492.7200012207031,492.6499938964844,493.0,492.6499938964844,3364.0
202606241428,492.80999755859375,492.260009765625,492.80999755859375,492.0,6389.0
202606241429,492.32000732421875,492.42999267578125,492.5299987792969,492.32000732421875,2037.0
202606241430,492.2099914550781,492.2850036621094,492.3349914550781,492.1600036621094,2871.0
202606241431,492.2900085449219,492.3949890136719,492.6000061035156,492.20001220703125,4711.0
202606241432,492.3900146484375,492.45001220703125,492.6400146484375,492.3900146484375,3359.0
202606241433,492.6700134277344,492.2250061035156,492.739990234375,492.2250061035156,3589.0
202606241434,492.0,491.739990234375,492.20001220703125,491.7300109863281,4073.0
202606241435,491.5299987792969,491.67999267578125,491.67999267578125,491.3999938964844,2482.0
202606241436,491.57501220703125,490.95001220703125,491.57501220703125,490.95001220703125,4954.0
202606241437,491.0400085449219,490.9599914550781,491.1700134277344,490.9599914550781,1138.0
202606241438,490.7699890136719,491.07501220703125,491.25,490.69500732421875,5128.0
202606241439,491.3299865722656,491.125,491.3299865722656,491.1000061035156,5232.0
202606241440,491.2192077636719,490.9700012207031,491.2192077636719,490.8699951171875,4050.0
202606241441,490.9800109863281,491.05499267578125,491.239990234375,490.8800048828125,5225.0
202606241442,491.2099914550781,491.635009765625,491.70001220703125,491.2099914550781,4655.0
202606241443,491.8800048828125,492.0299987792969,492.0299987792969,491.6099853515625,4141.0
202606241444,492.010009765625,492.7699890136719,492.7699890136719,492.010009765625,5595.0
202606241445,492.6549987792969,493.82000732421875,493.82000732421875,492.6000061035156,13063.0
202606241446,493.9700012207031,493.4549865722656,494.0,493.1549987792969,9141.0
202606241447,493.45001220703125,493.4949951171875,493.7699890136719,493.2200012207031,3057.0
202606241448,493.5824890136719,493.67999267578125,494.010009765625,493.5325012207031,8498.0
202606241449,493.6700134277344,493.364990234375,493.6700134277344,493.19500732421875,7295.0
202606241450,493.55999755859375,493.8599853515625,494.1000061035156,493.55999755859375,4545.0
202606241451,493.9849853515625,493.8999938964844,494.0,493.6000061035156,6888.0
202606241452,493.9999084472656,493.7200012207031,494.0,493.6199951171875,2542.0
202606241453,493.7149963378906,493.7349853515625,493.79998779296875,493.5425109863281,3513.0
202606241454,493.8599853515625,494.3699951171875,494.5,493.7900085449219,12703.0
202606241455,494.5,494.1449890136719,494.5,494.1449890136719,4596.0
202606241456,494.30999755859375,494.5450134277344,494.6000061035156,494.30999755859375,9296.0
202606241457,494.44000244140625,495.05999755859375,495.07000732421875,494.44000244140625,7938.0
202606241458,495.05999755859375,494.8299865722656,495.07501220703125,494.8299865722656,4810.0
202606241459,494.8999938964844,494.67999267578125,494.8999938964844,494.5799865722656,6367.0
202606241500,494.6600036621094,495.010009765625,495.0199890136719,494.6600036621094,5850.0
202606241501,495.010009765625,495.5400085449219,495.70001220703125,495.010009765625,8239.0
202606241502,495.6300048828125,495.32000732421875,495.7799072265625,495.1600036621094,6403.0
202606241503,495.3999938964844,495.3299865722656,495.6099853515625,495.30999755859375,6869.0
202606241504,495.61749267578125,495.7850036621094,496.0,495.61749267578125,6497.0
202606241505,495.7950134277344,495.9800109863281,496.1300048828125,495.5350036621094,7436.0
202606241506,495.875,496.17498779296875,496.30999755859375,495.70001220703125,5421.0
202606241507,496.1099853515625,496.2250061035156,496.5799865722656,496.1099853515625,5279.0
202606241508,496.1400146484375,495.8399963378906,496.1400146484375,495.8399963378906,3128.0
202606241509,495.8399963378906,496.0,496.0899963378906,495.7799987792969,4267.0
202606241510,495.92999267578125,495.7850036621094,495.92999267578125,495.5199890136719,2647.0
202606241511,495.7200012207031,495.8299865722656,496.0299987792969,495.7200012207031,7007.0
202606241512,495.8299865722656,495.9700012207031,496.1400146484375,495.8299865722656,3050.0
202606241513,496.2099914550781,496.3800048828125,496.3800048828125,496.2099914550781,3876.0
202606241514,496.4700012207031,496.2799987792969,496.5,496.2200012207031,8817.0
202606241515,496.489990234375,497.0400085449219,497.2349853515625,496.3699951171875,13950.0
202606241516,497.0450134277344,497.1199951171875,497.2250061035156,497.0450134277344,2484.0
202606241517,497.2799987792969,497.135009765625,497.2799987792969,496.9599914550781,4196.0
202606241518,497.260009765625,497.32000732421875,497.55999755859375,497.17999267578125,3039.0
202606241519,497.44000244140625,497.7149963378906,497.7149963378906,497.44000244140625,4401.0
202606241520,497.6449890136719,497.760009765625,497.7749938964844,497.45001220703125,5403.0
202606241521,497.739990234375,498.1099853515625,498.1099853515625,497.6759948730469,11163.0
202606241522,498.1099853515625,498.29998779296875,498.3800048828125,498.010009765625,5915.0
202606241523,498.2950134277344,498.25,498.44000244140625,498.0400085449219,5006.0
202606241524,498.4194030761719,498.2099914550781,498.4194030761719,498.0400085449219,2136.0
202606241525,498.0299987792969,497.75,498.0299987792969,497.75,5196.0
202606241526,497.75,497.489990234375,497.7550048828125,497.489990234375,2936.0
202606241527,497.45001220703125,497.6199951171875,497.86248779296875,497.3399963378906,4834.0
202606241528,497.625,497.4800109863281,497.6449890136719,497.42999267578125,2076.0
202606241529,497.4849853515625,497.3800048828125,497.6000061035156,497.3800048828125,1983.0
202606241530,497.340087890625,497.3900146484375,497.42999267578125,497.010009765625,7063.0
202606241531,497.34796142578125,497.1499938964844,497.3900146484375,497.0299987792969,2635.0
202606241532,497.0299987792969,497.3599853515625,497.510009765625,497.0299987792969,4933.0
202606241533,497.3699951171875,497.1650085449219,497.3699951171875,497.1650085449219,1653.0
202606241534,497.0299987792969,496.5450134277344,497.0299987792969,496.3100891113281,1882.0
202606241535,496.6700134277344,496.2300109863281,496.7300109863281,496.2300109863281,1933.0
202606241536,496.3500061035156,496.5799865722656,496.5799865722656,496.3450012207031,2075.0
202606241537,496.57000732421875,496.79998779296875,496.79998779296875,496.3500061035156,3923.0
202606241538,496.80999755859375,496.6099853515625,496.92999267578125,496.6099853515625,1932.0
202606241539,496.6000061035156,496.6698913574219,496.69000244140625,496.5199890136719,1309.0
202606241540,496.5299987792969,496.635009765625,496.6499938964844,496.3699951171875,2535.0
202606241541,496.6000061035156,496.3900146484375,496.6000061035156,496.3900146484375,1624.0
202606241542,496.5849914550781,496.3299865722656,496.5899963378906,496.3299865722656,2204.0
202606241543,496.1600036621094,496.0600891113281,496.31988525390625,496.0299987792969,1673.0
202606241544,496.1499938964844,495.785400390625,496.1600036621094,495.785400390625,4634.0
202606241545,495.8349914550781,495.79998779296875,495.8349914550781,495.7650146484375,1382.0
202606241546,495.7756042480469,495.79998779296875,495.9700012207031,495.7756042480469,3316.0
202606241547,495.7799987792969,495.5899963378906,495.8900146484375,495.4200134277344,6974.0
202606241548,495.6099853515625,495.7799987792969,495.8851013183594,495.6000061035156,5515.0
202606241549,495.8999938964844,495.6549987792969,495.8999938964844,495.6499938964844,1028.0
202606241550,495.6549987792969,495.70001220703125,495.760009765625,495.6549987792969,1936.0
202606241551,495.6199951171875,495.4599914550781,495.6600036621094,495.3299865722656,4868.0
202606241552,495.3999938964844,495.2900085449219,495.3999938964844,495.2900085449219,988.0
202606241553,495.1400146484375,495.239990234375,495.760009765625,495.1000061035156,8867.0
202606241554,495.0799865722656,494.8399963378906,495.0899963378906,494.8399963378906,2989.0
202606241555,494.8699951171875,494.57000732421875,494.8699951171875,494.5299987792969,1847.0
202606241556,494.5899963378906,494.2601013183594,494.7049865722656,494.2601013183594,2613.0
202606241557,494.42498779296875,494.7099914550781,494.8299865722656,494.4150085449219,3416.0
202606241558,494.8299865722656,494.9700012207031,495.0299987792969,494.5870056152344,5499.0
202606241559,494.9849853515625,495.0849914550781,495.1400146484375,494.82501220703125,5062.0
202606241600,494.9100036621094,494.7550048828125,494.9100036621094,494.6700134277344,2078.0
202606241601,494.57000732421875,494.635009765625,494.7049865722656,494.45001220703125,3670.0
202606241602,494.635009765625,494.7650146484375,494.7650146484375,494.6286926269531,2491.0
202606241603,494.7650146484375,494.44000244140625,494.7650146484375,494.42999267578125,1970.0
202606241604,494.5050048828125,494.53228759765625,494.6521911621094,494.4700012207031,2421.0
202606241605,494.5899963378906,494.6050109863281,494.6099853515625,494.4599914550781,1485.0
202606241606,494.8399963378906,494.82501220703125,494.92999267578125,494.6903991699219,1323.0
202606241607,494.69000244140625,494.6099853515625,494.7850036621094,494.6099853515625,1949.0
202606241608,494.6000061035156,494.5036926269531,494.75,494.5036926269531,1877.0
202606241609,494.68499755859375,494.68499755859375,494.68499755859375,494.68499755859375,816.0
202606241610,494.6549987792969,494.3550109863281,494.8099060058594,494.3550109863281,3042.0
202606241611,494.5199890136719,494.94000244140625,494.94000244140625,494.5199890136719,2537.0
202606241612,494.75,494.7650146484375,494.7650146484375,494.67999267578125,2699.0
202606241613,494.6499938964844,494.6499938964844,494.6499938964844,494.6499938964844,186.0
202606241614,494.6400146484375,494.6700134277344,494.6700134277344,494.5950012207031,2393.0
202606241615,494.70001220703125,494.5299987792969,494.70001220703125,494.5299987792969,934.0
202606241616,494.5199890136719,494.6300048828125,494.6499938964844,494.4100036621094,3780.0
202606241617,494.489990234375,494.5199890136719,494.7799987792969,494.489990234375,2240.0
202606241618,494.5299987792969,494.4700012207031,494.5474853515625,494.4100036621094,1300.0
202606241619,494.42999267578125,494.4049987792969,494.44500732421875,494.2124938964844,3110.0
202606241620,494.4200134277344,494.3299865722656,494.4200134277344,494.2875061035156,1516.0
202606241621,494.3299865722656,494.20001220703125,494.3299865722656,494.1881103515625,2249.0
202606241622,494.1600036621094,494.17999267578125,494.17999267578125,494.0400085449219,2011.0
202606241623,494.1650085449219,493.6700134277344,494.1650085449219,493.6199951171875,3659.0
202606241624,493.54998779296875,493.4849853515625,493.69000244140625,493.4800109863281,3333.0
202606241625,493.4849853515625,493.5,493.5899963378906,493.4849853515625,3538.0
202606241626,493.5050048828125,493.41009521484375,493.6400146484375,493.41009521484375,1863.0
202606241627,493.4100036621094,493.32000732421875,493.4100036621094,493.2950134277344,2289.0
202606241628,493.32000732421875,493.614990234375,493.7099914550781,493.32000732421875,6504.0
202606241629,493.5867919921875,493.864990234375,493.94000244140625,493.5867919921875,4760.0
202606241630,493.864990234375,493.760009765625,494.04998779296875,493.7300109863281,6050.0
202606241631,493.8699951171875,493.760009765625,493.875,493.760009765625,1204.0
202606241632,493.760009765625,493.94000244140625,493.9425048828125,493.75,6588.0
202606241633,493.93499755859375,493.7200012207031,493.93499755859375,493.6700134277344,3558.0
202606241634,493.7200012207031,493.9599914550781,493.9599914550781,493.7200012207031,2521.0
202606241635,493.9200134277344,493.8399963378906,493.9248046875,493.80999755859375,2388.0
202606241636,493.8450012207031,493.885009765625,493.9700012207031,493.7749938964844,26583.0
202606241637,493.95001220703125,493.80999755859375,494.0400085449219,493.7099914550781,9200.0
202606241638,493.7699890136719,493.92999267578125,493.94000244140625,493.7099914550781,5617.0
202606241639,494.0400085449219,493.864990234375,494.04998779296875,493.7200012207031,4884.0
202606241640,493.7799987792969,493.75,493.7799987792969,493.5849914550781,2367.0
202606241641,493.7674865722656,493.739990234375,493.8500061035156,493.54998779296875,3012.0
202606241642,493.69000244140625,493.57000732421875,493.69000244140625,493.5199890136719,4781.0
202606241643,493.5740051269531,493.3800048828125,493.5740051269531,493.37310791015625,3199.0
202606241644,493.4049987792969,493.4849853515625,493.510009765625,493.30499267578125,4260.0
202606241645,493.4849853515625,493.54998779296875,493.57000732421875,493.4100036621094,3942.0
202606241646,493.56500244140625,493.3800048828125,493.56500244140625,493.2049865722656,8202.0
202606241647,493.4371032714844,493.30999755859375,493.4371032714844,493.2900085449219,3261.0
202606241648,493.3500061035156,493.5799865722656,493.5799865722656,493.3500061035156,2734.0
202606241649,493.6300048828125,493.42999267578125,493.639892578125,493.42999267578125,1033.0
202606241650,493.5199890136719,493.760009765625,493.760009765625,493.4100036621094,4057.0
202606241651,493.79998779296875,493.75,493.8299865722656,493.7099914550781,2981.0
202606241652,493.7099914550781,493.79998779296875,493.8887023925781,493.7099914550781,2706.0
202606241653,493.79998779296875,493.7799987792969,493.79998779296875,493.5199890136719,6325.0
202606241654,493.80999755859375,493.82000732421875,493.9200134277344,493.7001037597656,1692.0
202606241655,493.7300109863281,493.6400146484375,493.82000732421875,493.5,2209.0
202606241656,493.510009765625,493.5299987792969,493.6400146484375,493.510009765625,4120.0
202606241657,493.5400085449219,493.5299987792969,493.6400146484375,493.5299987792969,8825.0
202606241658,493.5799865722656,493.6099853515625,493.7049865722656,493.47650146484375,3396.0
202606241659,493.70001220703125,493.7149963378906,493.7250061035156,493.6925048828125,3557.0
202606241700,493.6099853515625,493.7099914550781,493.7799987792969,493.6000061035156,3641.0
202606241701,493.7900085449219,493.70001220703125,493.80999755859375,493.70001220703125,2412.0
202606241702,493.6199951171875,493.5899963378906,493.6499938964844,493.5799865722656,2104.0
202606241703,493.55999755859375,493.5799865722656,493.5799865722656,493.3949890136719,3503.0
202606241704,493.5849914550781,493.5849914550781,493.5849914550781,493.5849914550781,623.0
202606241705,493.5849914550781,493.5849914550781,493.5849914550781,493.5849914550781,237.0
202606241706,493.57501220703125,493.8500061035156,493.8500061035156,493.57501220703125,4322.0
202606241707,493.7900085449219,493.7300109863281,493.92999267578125,493.70001220703125,7137.0
202606241708,493.7900085449219,493.8999938964844,493.8999938964844,493.7300109863281,4549.0
202606241709,493.9049987792969,494.0199890136719,494.1000061035156,493.7799987792969,24359.0
202606241710,494.01251220703125,494.0849914550781,494.25,494.01251220703125,8879.0
202606241711,494.2099914550781,494.0799865722656,494.2998962402344,494.0799865722656,5527.0
202606241712,494.06500244140625,494.05999755859375,494.1737976074219,494.05999755859375,1573.0
202606241713,493.989990234375,493.9200134277344,494.05999755859375,493.8399963378906,2998.0
202606241714,493.9200134277344,494.1600036621094,494.2298889160156,493.9200134277344,3677.0
202606241715,494.1600036621094,493.92999267578125,494.1600036621094,493.92999267578125,2731.0
202606241716,493.94500732421875,493.8599853515625,493.95001220703125,493.82000732421875,4278.0
202606241717,493.7900085449219,493.95001220703125,493.9800109863281,493.75,6809.0
202606241718,494.0299987792969,493.9949951171875,494.0299987792969,493.9949951171875,1020.0
202606241719,493.8999938964844,493.69000244140625,493.8999938964844,493.67999267578125,3092.0
202606241720,493.6499938964844,493.5199890136719,493.6499938964844,493.510009765625,2601.0
202606241721,493.6400146484375,493.635009765625,493.67498779296875,493.5,1512.0
202606241722,493.760009765625,493.9100036621094,493.9100036621094,493.6300048828125,3291.0
202606241723,493.8699951171875,493.92498779296875,494.0,493.7799987792969,5541.0
202606241724,493.8599853515625,493.7200012207031,493.8949890136719,493.7200012207031,1619.0
202606241725,493.7900085449219,493.82000732421875,493.82000732421875,493.6300048828125,5448.0
202606241726,493.82000732421875,493.5899963378906,493.9100036621094,493.5899963378906,3426.0
202606241727,493.6449890136719,493.4949951171875,493.6449890136719,493.3599853515625,2085.0
202606241728,493.4800109863281,493.3500061035156,493.4800109863281,493.32000732421875,2836.0
202606241729,493.260009765625,493.25,493.2749938964844,493.1600036621094,3897.0
202606241730,493.17498779296875,493.3703308105469,493.4599914550781,493.17498779296875,11705.0
202606241731,493.40966796875,493.3299865722656,493.5199890136719,493.17999267578125,3752.0
202606241732,493.2099914550781,493.2850036621094,493.29998779296875,493.2099914550781,2317.0
202606241733,493.17999267578125,493.760009765625,493.9100036621094,493.17999267578125,9494.0
202606241734,493.8900146484375,493.6665954589844,493.9100036621094,493.614990234375,3733.0
202606241735,493.7099914550781,493.510009765625,493.7099914550781,493.2701110839844,2784.0
202606241736,493.4599914550781,493.44500732421875,493.4599914550781,493.3500061035156,1200.0
202606241737,493.42999267578125,493.4200134277344,493.42999267578125,493.2900085449219,1329.0
202606241738,493.5299987792969,493.44000244140625,493.5299987792969,493.3399963378906,4631.0
202606241739,493.44000244140625,493.2608947753906,493.5,493.2608947753906,4258.0
202606241740,493.364990234375,493.375,493.57000732421875,493.364990234375,4182.0
202606241741,493.2799987792969,493.4649963378906,493.4649963378906,493.22021484375,1723.0
202606241742,493.3800048828125,493.6600036621094,493.67999267578125,493.3800048828125,3936.0
202606241743,493.5950012207031,493.8550109863281,493.8599853515625,493.5762939453125,2504.0
202606241744,493.8349914550781,493.82501220703125,493.8999938964844,493.82501220703125,1301.0
202606241745,493.739990234375,493.7061462402344,493.8900146484375,493.6000061035156,3843.0
202606241746,493.68499755859375,493.79998779296875,493.79998779296875,493.510009765625,3083.0
202606241747,493.7900085449219,493.69000244140625,493.8599853515625,493.67999267578125,3632.0
202606241748,493.760009765625,493.69500732421875,493.8500061035156,493.6499938964844,1409.0
202606241749,493.760009765625,493.4800109863281,493.7898864746094,493.4549865722656,3852.0
202606241750,493.4700012207031,493.739990234375,493.739990234375,493.4700012207031,3478.0
202606241751,493.82000732421875,493.94000244140625,493.94000244140625,493.7900085449219,2825.0
202606241752,493.9599914550781,493.9100036621094,493.9999084472656,493.82000732421875,4991.0
202606241753,493.9100036621094,494.05999755859375,494.05999755859375,493.82000732421875,3773.0
202606241754,494.1000061035156,494.1400146484375,494.2099914550781,494.0350036621094,11863.0
202606241755,494.0799865722656,494.0950012207031,494.1000061035156,494.0199890136719,3189.0
202606241756,494.0950012207031,494.05999755859375,494.1700134277344,493.8599853515625,5881.0
202606241757,494.07000732421875,494.5150146484375,494.6400146484375,494.05999755859375,6491.0
202606241758,494.6099853515625,494.6300048828125,494.6400146484375,494.44500732421875,3392.0
202606241759,494.6400146484375,494.6000061035156,494.7799987792969,494.6000061035156,3098.0
202606241800,494.6050109863281,494.7449951171875,494.79998779296875,494.4700012207031,2232.0
202606241801,494.82000732421875,495.1099853515625,495.1600036621094,494.67999267578125,4258.0
202606241802,495.1650085449219,495.1400146484375,495.1650085449219,494.8900146484375,4067.0
202606241803,495.0600891113281,495.17999267578125,495.17999267578125,494.9700012207031,3490.0
202606241804,495.19000244140625,495.1000061035156,495.2799987792969,495.1000061035156,3923.0
202606241805,495.0799865722656,495.1099853515625,495.2499084472656,495.0799865722656,2349.0
202606241806,495.1099853515625,495.8699951171875,495.8699951171875,495.1050109863281,9264.0
202606241807,495.7699890136719,495.510009765625,495.7749938964844,495.510009765625,5300.0
202606241808,495.55999755859375,495.5299987792969,495.57000732421875,495.4700012207031,2745.0
202606241809,495.4849853515625,495.69000244140625,495.7099914550781,495.4800109863281,1605.0
202606241810,495.70001220703125,495.6700134277344,495.70001220703125,495.4825134277344,2010.0
202606241811,495.6700134277344,495.7799987792969,495.7799987792969,495.6700134277344,2688.0
202606241812,495.739990234375,495.54998779296875,495.739990234375,495.4512023925781,3628.0
202606241813,495.54998779296875,495.5400085449219,495.5899963378906,495.4599914550781,3555.0
202606241814,495.45001220703125,495.54998779296875,495.54998779296875,495.4150085449219,2380.0
202606241815,495.44000244140625,495.2349853515625,495.5199890136719,495.2099914550781,2492.0
202606241816,495.1499938964844,495.1199951171875,495.25,495.0799865722656,5983.0
202606241817,495.0849914550781,495.19000244140625,495.19000244140625,495.0849914550781,2933.0
202606241818,495.2099914550781,495.30999755859375,495.3699951171875,495.0101013183594,4625.0
202606241819,495.3699951171875,495.31500244140625,495.3900146484375,495.30999755859375,2062.0
202606241820,495.2799987792969,495.57000732421875,495.57000732421875,495.239990234375,2397.0
202606241821,495.57000732421875,495.5299987792969,495.6600036621094,495.4302062988281,6727.0
202606241822,495.5249938964844,495.3900146484375,495.5249938964844,495.3500061035156,2012.0
202606241823,495.385009765625,495.29998779296875,495.4200134277344,495.1000061035156,6958.0
202606241824,495.2749938964844,495.4200134277344,495.42999267578125,495.2699890136719,1995.0
202606241825,495.385009765625,495.5799865722656,495.58990478515625,495.2900085449219,6285.0
202606241826,495.4949951171875,495.50750732421875,495.6000061035156,495.32000732421875,17851.0
202606241827,495.5899963378906,495.6050109863281,495.6600036621094,495.45001220703125,6930.0
202606241828,495.6050109863281,495.5249938964844,495.6499938964844,495.4700012207031,2768.0
202606241829,495.4599914550781,495.6499938964844,495.6499938964844,495.4599914550781,3290.0
202606241830,495.6499938964844,495.9599914550781,495.9800109863281,495.6499938964844,6232.0
202606241831,495.9599914550781,496.07501220703125,496.1524963378906,495.94500732421875,3512.0
202606241832,496.1700134277344,496.1199951171875,496.4100036621094,496.1199951171875,4070.0
202606241833,496.1700134277344,496.54998779296875,496.5899963378906,496.10321044921875,5524.0
202606241834,496.5899963378906,496.6000061035156,496.8299865722656,496.4949951171875,16628.0
202606241835,496.7099914550781,496.6600036621094,496.80999755859375,496.54998779296875,7429.0
202606241836,496.7149963378906,496.56500244140625,496.7200012207031,496.56500244140625,2542.0
202606241837,496.5400085449219,496.4075012207031,496.6199951171875,496.3599853515625,3953.0
202606241838,496.5050048828125,496.5899963378906,496.67999267578125,496.5050048828125,2225.0
202606241839,496.6700134277344,496.54998779296875,496.6700134277344,496.43170166015625,3217.0
202606241840,496.54998779296875,496.489990234375,496.6199951171875,496.4849853515625,2682.0
202606241841,496.5799865722656,496.69000244140625,496.739990234375,496.5350036621094,5818.0
202606241842,496.6300048828125,496.55999755859375,496.6700134277344,496.5,3936.0
202606241843,496.5,496.3399963378906,496.6099853515625,496.32000732421875,4344.0
202606241844,496.29998779296875,496.4599914550781,496.4599914550781,496.2799987792969,3404.0
202606241845,496.4100036621094,496.30499267578125,496.4700012207031,496.2699890136719,3418.0
202606241846,496.3450012207031,496.3800048828125,496.3800048828125,496.260009765625,4311.0
202606241847,496.3800048828125,496.3599853515625,496.42999267578125,496.29998779296875,2766.0
202606241848,496.29998779296875,496.3299865722656,496.3299865722656,496.1199951171875,6431.0
202606241849,496.3399963378906,496.25,496.3699951171875,496.19000244140625,6158.0
202606241850,496.29998779296875,495.93499755859375,496.32501220703125,495.93499755859375,3650.0
202606241851,495.9549865722656,496.25,496.25,495.9549865722656,4363.0
202606241852,496.30999755859375,496.37750244140625,496.4599914550781,496.2900085449219,2638.0
202606241853,496.32000732421875,496.44500732421875,496.489990234375,496.239990234375,5356.0
202606241854,496.44500732421875,496.8800048828125,496.94000244140625,496.32501220703125,9340.0
202606241855,496.8699951171875,497.05999755859375,497.06500244140625,496.7799987792969,15096.0
202606241856,496.9949951171875,496.8599853515625,497.05999755859375,496.7699890136719,3497.0
202606241857,496.82501220703125,496.7300109863281,496.8800048828125,496.7300109863281,4603.0
202606241858,496.69500732421875,496.8299865722656,496.8599853515625,496.69500732421875,4340.0
202606241859,496.75,496.7699890136719,496.80999755859375,496.6459045410156,2729.0
202606241900,496.7699890136719,496.92999267578125,496.92999267578125,496.6650085449219,9547.0
202606241901,496.92999267578125,496.8900146484375,496.95001220703125,496.7699890136719,5327.0
202606241902,496.8900146484375,497.0799865722656,497.20001220703125,496.8900146484375,4761.0
202606241903,497.0799865722656,497.0299987792969,497.0799865722656,496.8800048828125,5128.0
202606241904,497.0299987792969,496.8699951171875,497.0799865722656,496.8599853515625,2311.0
202606241905,496.79998779296875,496.8800048828125,496.94000244140625,496.7749938964844,2188.0
202606241906,496.82501220703125,497.0299987792969,497.07000732421875,496.7799987792969,6685.0
202606241907,497.07000732421875,497.07000732421875,497.1199951171875,496.82000732421875,5465.0
202606241908,496.989990234375,497.0,497.04998779296875,496.8699951171875,3489.0
202606241909,497.010009765625,497.0799865722656,497.1600036621094,496.8500061035156,6483.0
202606241910,497.1499938964844,497.0400085449219,497.1499938964844,496.80999755859375,4331.0
202606241911,496.92999267578125,496.94000244140625,497.1300048828125,496.9100036621094,4066.0
202606241912,497.010009765625,497.04998779296875,497.1600036621094,496.9800109863281,2978.0
202606241913,497.04998779296875,497.1199951171875,497.2099914550781,496.95001220703125,5253.0
202606241914,497.1050109863281,496.9200134277344,497.1700134277344,496.8399963378906,4715.0
202606241915,496.8900146484375,496.6000061035156,496.8900146484375,496.5950012207031,3749.0
202606241916,496.6000061035156,496.5899963378906,496.7200012207031,496.510009765625,3460.0
202606241917,496.5849914550781,496.6400146484375,496.6499938964844,496.5,4149.0
202606241918,496.5874938964844,496.54998779296875,496.6700134277344,496.5299987792969,7774.0
202606241919,496.5299987792969,496.6499938964844,496.7300109863281,496.42999267578125,9293.0
202606241920,496.6449890136719,496.5150146484375,496.6449890136719,496.3999938964844,5463.0
202606241921,496.6099853515625,496.375,496.6499938964844,496.375,7118.0
202606241922,496.42999267578125,496.18499755859375,496.42999267578125,496.1199951171875,4537.0
202606241923,496.18499755859375,495.9800109863281,496.20001220703125,495.9800109863281,4340.0
202606241924,496.05999755859375,496.010009765625,496.1400146484375,495.8500061035156,5680.0
202606241925,495.9750061035156,495.989990234375,496.260009765625,495.9750061035156,7853.0
202606241926,496.135009765625,495.9849853515625,496.135009765625,495.9150085449219,3778.0
202606241927,495.94500732421875,495.92498779296875,495.94500732421875,495.7900085449219,4464.0
202606241928,495.8699951171875,495.75,495.92498779296875,495.75,6031.0
202606241929,495.7099914550781,495.6099853515625,495.7099914550781,495.29998779296875,8308.0
202606241930,495.6099853515625,495.3299865722656,495.6499938964844,495.0299987792969,10728.0
202606241931,495.2550048828125,495.2250061035156,495.4750061035156,495.1449890136719,7899.0
202606241932,495.19000244140625,494.9549865722656,495.3299865722656,494.92999267578125,4146.0
202606241933,494.8844909667969,495.1000061035156,495.2170104980469,494.7099914550781,7672.0
202606241934,495.0299987792969,494.7550048828125,495.0299987792969,494.4100036621094,7552.0
202606241935,494.739990234375,494.6199951171875,494.8599853515625,494.489990234375,4879.0
202606241936,494.5299987792969,494.427490234375,494.67999267578125,494.30499267578125,6086.0
202606241937,494.3851013183594,494.635009765625,494.760009765625,494.2799987792969,10659.0
202606241938,494.69000244140625,494.5824890136719,494.69000244140625,494.30999755859375,24411.0
202606241939,494.6300048828125,494.739990234375,494.7699890136719,494.5,11858.0
202606241940,494.6700134277344,494.6400146484375,494.69000244140625,494.5199890136719,6618.0
202606241941,494.5299987792969,494.3599853515625,494.55999755859375,494.114990234375,11728.0
202606241942,494.364990234375,494.70001220703125,494.80999755859375,494.364990234375,4939.0
202606241943,494.6700134277344,494.6600036621094,494.75,494.4700012207031,5451.0
202606241944,494.6575012207031,494.8599853515625,494.8599853515625,494.4700012207031,8263.0
202606241945,494.7099914550781,494.9200134277344,495.04998779296875,494.635009765625,28241.0
202606241946,494.9700012207031,494.6499938964844,494.9700012207031,494.6099853515625,7429.0
202606241947,494.510009765625,495.2300109863281,495.2300109863281,494.4100036621094,7869.0
202606241948,495.3299865722656,495.2200012207031,495.57000732421875,495.1549987792969,5994.0
202606241949,495.2699890136719,495.4599914550781,495.5299987792969,495.2449951171875,5056.0
202606241950,495.3599853515625,495.3599853515625,495.6199951171875,495.2099914550781,11404.0
202606241951,495.29998779296875,495.4100036621094,495.45001220703125,495.15008544921875,11465.0
202606241952,495.3399963378906,495.42999267578125,495.42999267578125,495.260009765625,10564.0
202606241953,495.2900085449219,495.3299865722656,495.44000244140625,495.1199951171875,10473.0
202606241954,495.239990234375,495.12750244140625,495.3550109863281,495.1000061035156,12415.0
202606241955,495.0799865722656,494.3900146484375,495.1400146484375,493.75,42925.0
202606241956,494.4599914550781,494.4049987792969,494.6700134277344,494.2349853515625,24726.0
202606241957,494.4024963378906,494.2900085449219,494.5705871582031,494.1099853515625,32682.0
202606241958,494.2699890136719,493.94000244140625,494.3900146484375,493.94000244140625,60355.0
202606241959,493.8999938964844,494.6199951171875,494.67999267578125,493.80999755859375,90172.0
202606242000,494.72,494.41,495.46,490.2125,907458.0
202606242001,494.41,494.41,494.41,494.41,0.0
202606242002,494.41,494.46,494.46,494.41,0.0
202606242004,494.41,494.41,494.41,494.41,0.0
202606242005,495.48,495.48,495.48,495.48,0.0
202606242008,498.399,498.399,498.399,498.399,0.0
202606242010,494.41,494.41,494.41,494.41,0.0
202606242012,494.561,494.51,494.561,494.51,0.0
202606242013,494.52,495.0,495.0,494.46,0.0
202606242014,494.41,494.48,494.48,494.41,0.0
202606242015,494.41,494.41,494.41,494.41,0.0
202606242016,494.6,494.6,494.6,494.6,0.0
202606242018,494.5,494.561,494.561,494.5,0.0
202606242019,495.48,495.48,495.48,495.48,0.0
202606242020,494.48,494.46,494.48,494.41,0.0
202606242022,494.5,494.5,494.5,494.5,0.0
202606242023,495.46,494.46,495.48,494.46,0.0
202606242025,494.51,494.51,494.51,494.51,0.0
202606242026,494.557,496.25,496.25,494.557,0.0
202606242029,494.51,494.5,494.51,494.5,0.0
202606242031,494.561,494.561,494.561,494.561,0.0
202606242032,496.74,495.33,499.0,495.33,0.0
202606242035,495.66,495.66,495.66,495.66,0.0
202606242036,495.28,498.8865,498.8865,495.2,0.0
202606242037,495.26,495.0,495.26,495.0,0.0
202606242038,495.0,495.0,495.0,495.0,0.0
202606242040,495.0502,495.0502,495.0502,495.0502,0.0
202606242041,494.41,495.0806,495.0806,494.41,0.0
202606242042,495.0,498.8865,498.8865,495.0,0.0
202606242044,490.0,490.0,490.0,490.0,0.0
202606242045,494.52,494.41,497.83,494.41,0.0
202606242046,493.02,492.28,494.1,463.6033,0.0
202606242047,490.56,490.58,490.58,490.56,0.0
202606242048,490.58,490.58,490.58,490.58,0.0
202606242049,491.0,491.0,491.0,491.0,0.0
202606242050,491.02,491.06,491.06,491.02,0.0
202606242051,498.775,498.775,498.775,498.775,0.0
202606242052,494.41,494.41,494.41,494.41,0.0
202606242053,494.0,490.56,494.0,490.56,0.0
202606242054,476.003,476.003,476.003,476.003,0.0
202606242055,495.0,495.0,495.0,495.0,0.0
202606242056,494.29,494.0,494.29,494.0,0.0
202606242057,494.0,494.0,494.0,494.0,0.0
202606242058,496.96,496.96,496.96,496.96,0.0
202606242059,490.56,490.56,490.56,490.56,0.0
202606242100,463.6033,463.6033,463.6033,463.6033,0.0
202606242102,498.0,498.0,498.0,498.0,0.0
202606242103,497.78,497.78,497.78,497.78,0.0
202606242104,490.56,490.56,490.56,490.56,0.0
202606242105,490.56,493.8312,493.8312,490.56,0.0
202606242109,490.344,490.344,490.344,490.344,0.0
202606242110,493.49,493.49,493.49,493.49,0.0
202606242111,491.0,489.2,491.0,489.2,0.0
202606242112,495.7565,495.7565,495.7565,495.7565,0.0
202606242115,491.02,491.02,491.02,491.02,0.0
202606242117,493.01,493.01,493.01,493.01,0.0
202606242119,493.1,493.61,493.61,491.0,0.0
202606242120,497.78,497.78,497.78,497.78,0.0
202606242121,491.0,491.0,491.0,491.0,0.0
202606242122,494.39,494.39,494.39,494.39,0.0
202606242125,491.7,494.39,494.39,491.7,0.0
202606242126,492.0,493.42,494.0,492.0,0.0
202606242127,489.8665,489.8665,489.8665,489.8665,0.0
202606242140,491.1,491.1,491.1,491.1,0.0
202606242142,491.16,491.16,491.16,491.16,0.0
202606242145,491.16,491.16,491.16,491.16,0.0
202606242150,497.8287,491.15,497.8287,491.15,0.0
202606242151,495.0,491.15,495.0,491.15,0.0
202606242203,492.13,493.05,493.05,492.13,0.0
202606242204,492.13,498.0,498.0,492.13,0.0
202606242205,491.3212,492.15,492.15,491.3212,0.0
202606242206,492.2,492.15,492.2,492.15,0.0
202606242208,492.15,491.45,492.15,491.36,0.0
202606242213,497.8287,491.4005,497.8287,491.21,0.0
202606242221,491.15,491.3278,491.3278,491.15,0.0
202606242226,491.42,491.3,491.42,491.3,0.0
202606242227,491.3,497.8287,497.8287,491.3,0.0
202606242228,491.21,491.4,491.4,491.21,0.0
202606242229,491.4,491.21,491.4,491.21,0.0
202606242230,491.4292,498.0,498.0,491.4292,0.0
202606250800,495.67,493.0,496.4988,490.2512,0.0
202606250801,492.24,492.21,494.97,492.2,0.0
202606250803,494.1,494.2,494.2,494.0,0.0
202606250804,494.09,494.04,494.09,494.04,0.0
202606250805,492.2,492.46,493.99,491.46,0.0
202606250806,492.6,494.09,494.09,492.42,0.0
202606250809,492.15,494.0,494.0,492.15,0.0
202606250827,492.72,492.54,492.72,492.54,0.0
202606250906,495.0,495.0,495.0,493.42,0.0
202606250954,493.42,493.15,493.64,493.15,0.0
202606250955,493.23,491.515,493.23,491.515,0.0
202606251018,493.61,493.61,493.63,493.61,0.0
202606251057,492.62,492.54,492.62,492.42,0.0
202606251100,494.41,493.09,494.41,493.09,0.0
202606251110,493.6,493.5,494.0,493.5,0.0
202606251114,493.05,493.02,493.05,493.02,0.0
202606251121,492.885,491.5247,492.885,491.5247,0.0
202606251123,492.8312,493.4,493.4,492.8312,0.0
202606251131,492.81,492.84,493.02,492.76,0.0
202606251154,492.854,493.37,493.37,492.854,0.0
202606251211,493.37,493.5,493.5,493.37,0.0
202606251212,493.5,492.92,493.5,492.92,0.0
202606251213,493.5,493.7,493.7,493.5,0.0
202606251216,495.8655,493.5,495.8655,493.5,0.0
202606251228,494.42,493.4475,494.42,493.4475,0.0
202606251237,492.75,493.5,493.5,492.75,0.0
202606251252,492.75,493.18,493.18,492.75,0.0
202606251253,492.75,491.46,492.75,491.46,0.0
202606251258,492.5,492.5375,492.5375,492.5,0.0
202606251308,491.4,492.9895,492.9895,491.4,0.0
202606251330,496.0,497.32000732421875,497.6600036621094,494.10198974609375,63297.0
202606251331,497.7099914550781,495.6000061035156,497.7099914550781,495.1600036621094,4055.0
202606251332,495.2799987792969,495.2900085449219,495.2950134277344,494.5,3416.0
202606251333,495.31500244140625,494.8599853515625,495.31500244140625,494.3900146484375,1834.0
202606251334,494.760009765625,494.3399963378906,494.7900085449219,493.0,4572.0
202606251335,494.55999755859375,494.42010498046875,495.42999267578125,494.3949890136719,3510.0
202606251336,495.44000244140625,495.7749938964844,495.7900085449219,495.1600036621094,5107.0
202606251337,495.3699951171875,495.9700012207031,496.1300048828125,494.8008117675781,2731.0
202606251338,495.0899963378906,494.8550109863281,495.0899963378906,494.45001220703125,1242.0
202606251339,494.8500061035156,494.385009765625,494.8500061035156,494.0350036621094,10346.0
202606251340,494.989990234375,494.1449890136719,495.6400146484375,493.69000244140625,27641.0
202606251341,494.3999938964844,495.8599853515625,495.8599853515625,494.1449890136719,4711.0
202606251342,495.614990234375,495.9200134277344,496.20001220703125,495.52801513671875,6178.0
202606251343,495.9150085449219,495.625,496.1600036621094,495.44000244140625,2848.0
202606251344,495.625,496.3500061035156,496.3500061035156,495.625,4355.0
202606251345,496.44000244140625,496.1600036621094,496.70001220703125,495.7749938964844,3794.0
202606251346,495.80999755859375,497.04998779296875,497.04998779296875,495.80999755859375,5862.0
202606251347,497.0400085449219,496.6400146484375,497.0400085449219,496.3800048828125,9989.0
202606251348,496.6099853515625,496.9599914550781,497.0,496.1000061035156,10039.0
202606251349,497.2300109863281,497.1000061035156,497.2349853515625,496.8500061035156,2373.0
202606251350,497.1000061035156,496.95001220703125,497.3009948730469,496.45001220703125,3519.0
202606251351,496.8395080566406,496.3699951171875,497.4700012207031,495.7799987792969,13050.0
202606251352,496.2322998046875,496.5199890136719,496.94000244140625,496.114990234375,11036.0
202606251353,496.6300048828125,496.92999267578125,497.05999755859375,496.6300048828125,9947.0
202606251354,497.45001220703125,497.5069885253906,497.55999755859375,496.9100036621094,3424.0
202606251355,497.0350036621094,497.07501220703125,497.6299133300781,497.0,2956.0
202606251356,496.9700012207031,496.5299987792969,497.2699890136719,496.2699890136719,3059.0
202606251357,496.8999938964844,496.7550048828125,496.8999938964844,496.5299987792969,1775.0
202606251358,496.6099853515625,496.4200134277344,496.7099914550781,496.3399963378906,2368.0
202606251359,496.8299865722656,497.54998779296875,497.69000244140625,496.5849914550781,6250.0
202606251400,497.3900146484375,497.1050109863281,497.7900085449219,496.8500061035156,4422.0
202606251401,497.07501220703125,497.635009765625,497.8900146484375,497.07501220703125,4829.0
202606251402,497.80499267578125,499.1700134277344,499.17999267578125,497.80499267578125,13165.0
202606251403,499.3500061035156,499.44000244140625,499.44000244140625,498.9750061035156,3556.0
202606251404,499.44000244140625,500.19500732421875,500.19500732421875,499.42498779296875,7305.0
202606251405,500.2099914550781,500.3450012207031,500.9599914550781,500.0299987792969,3177.0
202606251406,500.6099853515625,501.1474914550781,501.1549987792969,500.3210144042969,6330.0
202606251407,501.55499267578125,500.5199890136719,501.55499267578125,500.2101135253906,23379.0
202606251408,500.42498779296875,500.510009765625,500.57000732421875,500.0,4605.0
202606251409,500.6099853515625,499.9100036621094,500.6099853515625,499.55999755859375,6407.0
202606251410,499.92999267578125,499.56500244140625,500.0150146484375,498.8900146484375,14295.0
202606251411,499.5,499.4549865722656,499.75,499.1549987792969,5579.0
202606251412,499.4849853515625,500.760009765625,500.8999938964844,499.4849853515625,5525.0
202606251413,500.864990234375,501.2049865722656,501.4100036621094,500.7200012207031,4118.0
202606251414,501.44000244140625,502.0,502.0,501.0799865722656,7335.0
202606251415,502.07000732421875,502.2699890136719,502.4999084472656,501.94000244140625,3774.0
202606251416,502.3299865722656,502.5,502.7699890136719,502.24530029296875,7510.0
202606251417,502.385009765625,502.864990234375,503.04998779296875,502.29998779296875,27183.0
202606251418,503.139892578125,503.55999755859375,503.739990234375,502.7799987792969,14571.0
202606251419,503.55999755859375,504.29998779296875,504.510009765625,503.55999755859375,8100.0
202606251420,504.29998779296875,504.6199951171875,504.79998779296875,504.2799987792969,7315.0
202606251421,504.6199951171875,503.7799987792969,504.7200012207031,503.69500732421875,9167.0
202606251422,503.7349853515625,503.8500061035156,504.0249938964844,503.7349853515625,2320.0
202606251423,503.82000732421875,503.8949890136719,504.0,503.5199890136719,11833.0
202606251424,503.9574890136719,504.0,504.5899963378906,503.9574890136719,6708.0
202606251425,504.29998779296875,502.9700012207031,504.29998779296875,502.75,9849.0
202606251426,503.1650085449219,503.32000732421875,503.54998779296875,503.1449890136719,3586.0
202606251427,503.2149963378906,503.4599914550781,503.5199890136719,503.1413879394531,10242.0
202606251428,503.45989990234375,503.79998779296875,503.79998779296875,503.2300109863281,4496.0
202606251429,503.8900146484375,503.489990234375,504.0,503.2300109863281,4099.0
202606251430,503.3974914550781,501.7799987792969,503.3974914550781,501.7799987792969,4754.0
202606251431,501.90899658203125,502.1600036621094,502.79998779296875,501.90899658203125,5259.0
202606251432,502.3299865722656,502.1099853515625,502.4100036621094,501.99810791015625,3257.0
202606251433,501.9849853515625,501.3399963378906,501.9849853515625,501.03009033203125,4141.0
202606251434,501.2699890136719,501.4700012207031,501.4700012207031,501.1099853515625,2922.0
202606251435,501.0799865722656,500.7300109863281,501.0799865722656,500.7200012207031,3339.0
202606251436,500.80999755859375,500.07000732421875,500.80999755859375,500.0299987792969,3252.0
202606251437,500.4100036621094,500.4599914550781,500.67999267578125,500.29998779296875,4463.0
202606251438,500.760009765625,501.0199890136719,501.17999267578125,500.6499938964844,5317.0
202606251439,501.0199890136719,500.625,501.0199890136719,500.3699951171875,2925.0
202606251440,500.625,500.5799865722656,500.625,500.30499267578125,3065.0
202606251441,500.69000244140625,500.489990234375,500.7200012207031,500.0899963378906,3282.0
202606251442,500.4450988769531,500.9700012207031,500.989990234375,500.4450988769531,3999.0
202606251443,500.92999267578125,501.0799865722656,501.0899963378906,500.54998779296875,9535.0
202606251444,501.2200012207031,501.4399108886719,501.4399108886719,500.92999267578125,2791.0
202606251445,501.32501220703125,501.6099853515625,501.6099853515625,501.30499267578125,3608.0
202606251446,501.739990234375,501.4849853515625,501.739990234375,501.2300109863281,3421.0
202606251447,501.239990234375,501.5450134277344,501.7799987792969,501.125,5888.0
202606251448,501.340087890625,501.67999267578125,501.7799987792969,501.2300109863281,4566.0
202606251449,501.489990234375,501.17999267578125,501.5,501.17999267578125,1589.0
202606251450,501.45001220703125,501.54998779296875,501.54998779296875,501.2799987792969,3214.0
202606251451,501.3999938964844,501.7200012207031,501.760009765625,501.3949890136719,4371.0
202606251452,501.7900085449219,501.5950012207031,501.8450012207031,501.57000732421875,1969.0
202606251453,501.5799865722656,501.1600036621094,501.75,501.1600036621094,5178.0
202606251454,501.1600036621094,501.0350036621094,501.4100036621094,501.0199890136719,8358.0
202606251455,501.0350036621094,500.8949890136719,501.1700134277344,500.7900085449219,7545.0
202606251456,500.8699951171875,500.70001220703125,500.989990234375,500.70001220703125,1463.0
202606251457,500.697509765625,500.20001220703125,500.7900085449219,500.20001220703125,3802.0
202606251458,500.2699890136719,500.42999267578125,500.54998779296875,500.1600036621094,6374.0
202606251459,500.4649963378906,499.6700134277344,500.4649963378906,499.49749755859375,11425.0
202606251500,499.6650085449219,499.7099914550781,499.8900146484375,499.4800109863281,8734.0
202606251501,499.739990234375,499.8399963378906,499.8900146484375,499.3349914550781,16614.0
202606251502,499.6499938964844,499.2449951171875,499.6600036621094,499.0274963378906,4297.0
202606251503,499.4599914550781,499.1199951171875,499.489990234375,498.93499755859375,10964.0
202606251504,498.9100036621094,499.0400085449219,499.07000732421875,498.7149963378906,3639.0
202606251505,498.9150085449219,499.25,499.3500061035156,498.9150085449219,6346.0
202606251506,499.29998779296875,498.93060302734375,499.29998779296875,498.760009765625,4537.0
202606251507,499.0299987792969,498.7149963378906,499.0299987792969,498.29010009765625,9727.0
202606251508,498.6600036621094,498.3699951171875,498.6600036621094,498.239990234375,2677.0
202606251509,498.6499938964844,498.2349853515625,498.6600036621094,498.2349853515625,4376.0
202606251510,498.2200012207031,498.125,498.260009765625,498.0,2368.0
202606251511,498.125,498.1575012207031,498.30999755859375,497.864990234375,9831.0
202606251512,497.9100036621094,497.4949951171875,498.25,497.31500244140625,23231.0
202606251513,497.5400085449219,498.239990234375,498.239990234375,497.30999755859375,5432.0
202606251514,498.3900146484375,498.42999267578125,498.70001220703125,498.29998779296875,4544.0
202606251515,498.2650146484375,498.4649963378906,498.4649963378906,497.989990234375,4046.0
202606251516,498.4649963378906,497.9700012207031,498.6099853515625,497.92999267578125,14432.0
202606251517,497.92999267578125,498.1300048828125,498.1300048828125,497.6449890136719,5627.0
202606251518,498.1300048828125,497.8949890136719,498.1300048828125,497.8800048828125,3780.0
202606251519,497.9599914550781,497.909912109375,497.9649963378906,497.760009765625,3049.0
202606251520,497.9100036621094,498.0299987792969,498.0899963378906,497.8450012207031,5045.0
202606251521,497.9700012207031,498.6499938964844,498.69000244140625,497.92999267578125,7143.0
202606251522,498.6400146484375,498.7200012207031,498.80999755859375,498.56500244140625,3760.0
202606251523,498.6300048828125,498.6700134277344,498.7300109863281,498.5799865722656,2978.0
202606251524,498.55999755859375,498.8699951171875,499.04998779296875,498.5400085449219,4642.0
202606251525,498.864990234375,499.4700012207031,499.5799865722656,498.864990234375,3425.0
202606251526,499.5799865722656,499.5299987792969,499.6000061035156,499.4700012207031,2361.0
202606251527,499.4800109863281,499.57000732421875,499.7349853515625,499.3900146484375,6079.0
202606251528,499.55499267578125,499.9599914550781,499.9599914550781,499.42999267578125,1235.0
202606251529,499.7650146484375,499.3900146484375,499.7650146484375,499.25,6610.0
202606251530,499.3900146484375,499.1400146484375,499.3900146484375,499.1400146484375,1527.0
202606251531,499.2017822265625,499.04998779296875,499.260009765625,499.04998779296875,6195.0
202606251532,499.114990234375,499.375,499.45001220703125,499.114990234375,4721.0
202606251533,499.2701110839844,499.18499755859375,499.375,499.0940856933594,3109.0
202606251534,499.18499755859375,499.0150146484375,499.2799987792969,499.0,3435.0
202606251535,499.010009765625,499.5150146484375,499.5799865722656,498.80499267578125,6501.0
202606251536,499.5150146484375,499.6099853515625,499.92999267578125,499.44500732421875,3154.0
202606251537,499.5299987792969,499.739990234375,499.75,499.5299987792969,1145.0
202606251538,499.7900085449219,499.5050048828125,499.7900085449219,499.489990234375,2662.0
202606251539,499.5,499.2900085449219,499.6400146484375,499.2900085449219,1799.0
202606251540,499.2300109863281,499.239990234375,499.45001220703125,499.12188720703125,1596.0
202606251541,499.32000732421875,499.5400085449219,499.5400085449219,499.110107421875,3497.0
202606251542,499.6700134277344,499.739990234375,499.79998779296875,499.5400085449219,1967.0
202606251543,499.6499938964844,499.79998779296875,499.92999267578125,499.6499938964844,1779.0
202606251544,499.8599853515625,499.625,499.8799133300781,499.5799865722656,2018.0
202606251545,499.6300048828125,499.8550109863281,499.8699951171875,499.6300048828125,4612.0
202606251546,499.989990234375,499.68499755859375,500.0,499.68499755859375,3873.0
202606251547,499.6625061035156,499.510009765625,499.7799987792969,499.510009765625,2553.0
202606251548,499.489990234375,499.4100036621094,499.6299133300781,499.4100036621094,2042.0
202606251549,499.44000244140625,499.5899963378906,499.5899963378906,499.4100036621094,1043.0
202606251550,499.57000732421875,499.20001220703125,499.57000732421875,499.20001220703125,1635.0
202606251551,499.1650085449219,499.1600036621094,499.2200012207031,499.0,7937.0
202606251552,499.1199951171875,499.5,499.510009765625,499.06500244140625,5075.0
202606251553,499.4100036621094,499.4599914550781,499.4599914550781,499.31500244140625,2078.0
202606251554,499.4750061035156,499.4849853515625,499.67999267578125,499.4750061035156,9389.0
202606251555,499.5199890136719,499.7300109863281,499.7799987792969,499.45001220703125,2594.0
202606251556,499.7699890136719,499.93499755859375,500.0400085449219,499.70001220703125,3746.0
202606251557,499.92999267578125,499.6600036621094,499.92999267578125,499.385009765625,3173.0
202606251558,499.7149963378906,499.80999755859375,499.8699951171875,499.5,2386.0
202606251559,499.5685119628906,499.54998779296875,499.7699890136719,499.1650085449219,5483.0
202606251600,499.7099914550781,498.8800048828125,499.7099914550781,498.8500061035156,3844.0
202606251601,498.9150085449219,498.6700134277344,499.0599060058594,498.6700134277344,3341.0
202606251602,498.635009765625,498.2200012207031,498.635009765625,498.20001220703125,3921.0
202606251603,498.4200134277344,498.0950012207031,498.4700012207031,498.0950012207031,5222.0
202606251604,498.1449890136719,497.8599853515625,498.1449890136719,497.8599853515625,7238.0
202606251605,497.92999267578125,497.67999267578125,497.94500732421875,497.6650085449219,3264.0
202606251606,497.7799987792969,497.79998779296875,497.9700012207031,497.6499938964844,6850.0
202606251607,497.7900085449219,497.9078063964844,497.9750061035156,497.7900085449219,3998.0
202606251608,497.80999755859375,497.3949890136719,498.0,497.3949890136719,3351.0
202606251609,497.4375,497.1869201660156,497.4375,497.0187072753906,4786.0
202606251610,497.3900146484375,497.19000244140625,497.5899963378906,497.17999267578125,2443.0
202606251611,497.2650146484375,496.8999938964844,497.3500061035156,496.760009765625,10392.0
202606251612,496.8800048828125,496.8500061035156,496.9599914550781,496.6600036621094,5816.0
202606251613,496.8599853515625,496.54998779296875,497.0400085449219,496.54998779296875,2208.0
202606251614,496.7699890136719,496.8399963378906,496.8399963378906,496.44000244140625,4375.0
202606251615,496.75,496.1600036621094,496.75,496.1600036621094,8751.0
202606251616,496.2699890136719,496.0400085449219,496.32000732421875,495.8399963378906,4374.0
202606251617,496.0400085449219,495.864990234375,496.1400146484375,495.6575927734375,4071.0
202606251618,495.7799987792969,495.5299987792969,495.8949890136719,495.5,4217.0
202606251619,495.5299987792969,496.07501220703125,496.1600036621094,495.5299987792969,5464.0
202606251620,496.0400085449219,496.1000061035156,496.1971130371094,495.8900146484375,5459.0
202606251621,496.20001220703125,496.70001220703125,496.70001220703125,496.19000244140625,7080.0
202606251622,496.70001220703125,496.8599853515625,496.8599853515625,496.57000732421875,2410.0
202606251623,496.7200012207031,496.6400146484375,496.79998779296875,496.5150146484375,3786.0
202606251624,496.6400146484375,496.6199951171875,496.75,496.4700012207031,5750.0
202606251625,496.6300048828125,496.4549865722656,496.739990234375,496.4549865722656,4653.0
202606251626,496.45001220703125,496.43499755859375,496.45001220703125,496.2650146484375,2832.0
202606251627,496.3299865722656,496.5050048828125,496.5050048828125,496.05999755859375,3516.0
202606251628,496.5199890136719,496.2699890136719,496.5199890136719,496.1650085449219,2625.0
202606251629,496.19000244140625,496.0199890136719,496.19000244140625,495.875,2154.0
202606251630,495.8949890136719,496.010009765625,496.010009765625,495.5899963378906,4713.0
202606251631,496.07000732421875,495.9750061035156,496.1499938964844,495.9200134277344,2223.0
202606251632,496.0150146484375,496.04998779296875,496.20001220703125,495.8900146484375,2589.0
202606251633,496.1099853515625,496.17999267578125,496.3699951171875,496.10870361328125,3224.0
202606251634,496.1600036621094,496.20001220703125,496.31500244140625,495.8399963378906,7987.0
202606251635,495.9599914550781,495.99749755859375,495.99749755859375,495.6700134277344,3587.0
202606251636,495.93499755859375,495.9200134277344,495.93499755859375,495.9200134277344,1233.0
202606251637,495.9200134277344,495.70001220703125,495.9700012207031,495.70001220703125,4530.0
202606251638,495.8999938964844,495.6000061035156,495.8999938964844,495.47259521484375,2989.0
202606251639,495.7200012207031,495.5150146484375,495.8450012207031,495.5050048828125,5519.0
202606251640,495.510009765625,495.6300048828125,495.63641357421875,495.510009765625,3303.0
202606251641,495.6050109863281,495.6300048828125,495.6400146484375,495.364990234375,3719.0
202606251642,495.5450134277344,495.5849914550781,495.6400146484375,495.2799987792969,3096.0
202606251643,495.5849914550781,495.5299987792969,495.7300109863281,495.5299987792969,1900.0
202606251644,495.5299987792969,495.6000061035156,495.6300048828125,495.489990234375,1525.0
202606251645,495.6000061035156,495.739990234375,495.8099060058594,495.53009033203125,3666.0
202606251646,495.6700134277344,495.4375,495.7200012207031,495.385009765625,3320.0
202606251647,495.5400085449219,495.5199890136719,495.57000732421875,495.37249755859375,3522.0
202606251648,495.43499755859375,495.3800048828125,495.44000244140625,495.3299865722656,2726.0
202606251649,495.3800048828125,495.3450012207031,495.510009765625,495.3450012207031,3665.0
202606251650,495.3450012207031,495.3699951171875,495.3699951171875,495.1549987792969,4214.0
202606251651,495.3599853515625,495.3399963378906,495.45001220703125,495.30999755859375,2676.0
202606251652,495.3399963378906,495.1199951171875,495.3999938964844,495.1199951171875,3002.0
202606251653,495.25,495.3450012207031,495.5199890136719,495.239990234375,9236.0
202606251654,495.239990234375,495.239990234375,495.32000732421875,495.1600036621094,2180.0
202606251655,495.32000732421875,495.81500244140625,495.8399963378906,495.3175048828125,2872.0
202606251656,495.8349914550781,495.82501220703125,495.8349914550781,495.69000244140625,2757.0
202606251657,495.79998779296875,495.56500244140625,495.8500061035156,495.56500244140625,2798.0
202606251658,495.489990234375,495.4949951171875,495.57000732421875,495.3949890136719,3116.0
202606251659,495.4949951171875,495.489990234375,495.5,495.4150085449219,1800.0
202606251700,495.44000244140625,495.4849853515625,495.54998779296875,495.44000244140625,1740.0
202606251701,495.489990234375,495.6000061035156,495.69000244140625,495.489990234375,2501.0
202606251702,495.5899963378906,495.3800048828125,495.5899963378906,495.3599853515625,3448.0
202606251703,495.3800048828125,495.2049865722656,495.3800048828125,495.114990234375,1962.0
202606251704,495.1199951171875,494.4750061035156,495.1499938964844,494.3999938964844,6945.0
202606251705,494.6300048828125,494.4100036621094,494.6600036621094,494.4100036621094,4193.0
202606251706,494.3800048828125,494.17498779296875,494.4399108886719,493.9825134277344,2241.0
202606251707,494.1600036621094,494.0050048828125,494.1600036621094,493.739990234375,4650.0
202606251708,494.0,494.1499938964844,494.1499938964844,493.7300109863281,4558.0
202606251709,494.07000732421875,493.93499755859375,494.1700134277344,493.9049987792969,4037.0
202606251710,493.9150085449219,494.1099853515625,494.1199951171875,493.9100036621094,3858.0
202606251711,494.1050109863281,493.6549987792969,494.1050109863281,493.5899963378906,4504.0
202606251712,493.7799987792969,493.2099914550781,493.7900085449219,493.010009765625,6453.0
202606251713,493.2550048828125,493.135009765625,493.4150085449219,493.04998779296875,7855.0
202606251714,493.135009765625,493.7650146484375,493.7699890136719,493.0050048828125,7358.0
202606251715,493.57501220703125,493.7749938964844,493.8699951171875,493.57501220703125,3394.0
202606251716,493.82769775390625,493.75,493.9599914550781,493.6700134277344,5439.0
202606251717,493.8500061035156,493.7300109863281,493.9549865722656,493.5849914550781,5394.0
202606251718,493.57000732421875,493.8999938964844,493.8999938964844,493.3699951171875,3201.0
202606251719,493.8599853515625,493.7749938964844,493.8599853515625,493.7300109863281,1456.0
202606251720,493.7620544433594,493.7200012207031,493.79998779296875,493.55999755859375,3435.0
202606251721,493.7449951171875,493.57000732421875,493.7950134277344,493.57000732421875,1712.0
202606251722,493.5849914550781,493.5150146484375,493.6400146484375,493.2799987792969,4754.0
202606251723,493.5150146484375,493.55999755859375,493.55999755859375,493.3299865722656,3107.0
202606251724,493.385009765625,492.8500061035156,493.385009765625,492.8500061035156,7235.0
202606251725,492.79998779296875,492.875,493.1600036621094,492.6600036621094,5846.0
202606251726,492.8599853515625,492.8349914550781,492.8699951171875,492.5249938964844,3637.0
202606251727,492.8949890136719,492.7300109863281,492.9200134277344,492.6600036621094,2010.0
202606251728,492.7699890136719,492.614990234375,492.7749938964844,492.614990234375,3395.0
202606251729,492.7099914550781,492.6400146484375,492.760009765625,492.6400146484375,2069.0
202606251730,492.6400146484375,492.3399963378906,492.7650146484375,492.3399963378906,3610.0
202606251731,492.3299865722656,492.44500732421875,492.6000061035156,492.17999267578125,3597.0
202606251732,492.45001220703125,492.1700134277344,492.5899963378906,492.1700134277344,2756.0
202606251733,492.125,492.57000732421875,492.5799865722656,492.07000732421875,6709.0
202606251734,492.4800109863281,492.6549987792969,492.6549987792969,492.42498779296875,3615.0
202606251735,492.6549987792969,492.7749938964844,492.79998779296875,492.6549987792969,2680.0
202606251736,492.8999938964844,492.8699951171875,492.9200134277344,492.7925109863281,4179.0
202606251737,492.80499267578125,492.79998779296875,492.8900146484375,492.7300109863281,3602.0
202606251738,492.8900146484375,492.7749938964844,492.8900146484375,492.70001220703125,3092.0
202606251739,492.8500061035156,493.2049865722656,493.55999755859375,492.8500061035156,5825.0
202606251740,493.2049865722656,493.2300109863281,493.2799072265625,493.1283874511719,2563.0
202606251741,493.2325134277344,493.3163146972656,493.385009765625,493.1549987792969,4728.0
202606251742,493.3900146484375,493.20001220703125,493.3900146484375,493.20001220703125,4313.0
202606251743,493.17999267578125,493.2749938964844,493.375,493.1000061035156,4524.0
202606251744,493.19000244140625,493.2099914550781,493.2699890136719,493.1000061035156,3333.0
202606251745,493.2950134277344,493.3949890136719,493.5,493.2699890136719,4104.0
202606251746,493.3500061035156,493.45001220703125,493.510009765625,493.25,2910.0
202606251747,493.45001220703125,493.7200012207031,493.8500061035156,493.2950134277344,9725.0
202606251748,493.6499938964844,493.739990234375,493.82989501953125,493.6499938964844,1112.0
202606251749,493.70001220703125,493.57000732421875,493.75,493.57000732421875,3340.0
202606251750,493.57000732421875,493.5350036621094,493.6000061035156,493.3999938964844,1955.0
202606251751,493.5400085449219,493.385009765625,493.6099853515625,493.385009765625,2389.0
202606251752,493.385009765625,493.2950134277344,493.385009765625,493.2250061035156,3903.0
202606251753,493.3299865722656,493.3149108886719,493.4200134277344,493.30999755859375,2672.0
202606251754,493.3699951171875,493.4100036621094,493.489990234375,493.30999755859375,3068.0
202606251755,493.4100036621094,493.5849914550781,493.70001220703125,493.2250061035156,4824.0
202606251756,493.6875,493.6400146484375,493.69500732421875,493.6400146484375,1576.0
202606251757,493.635009765625,493.75,493.8349914550781,493.6300048828125,5705.0
202606251758,493.8299865722656,493.8598937988281,493.9150085449219,493.6700134277344,3347.0
202606251759,493.7250061035156,493.8800048828125,494.09991455078125,493.7250061035156,8142.0
202606251800,493.875,493.7699890136719,494.07000732421875,493.53009033203125,4736.0
202606251801,493.760009765625,493.69000244140625,493.9100036621094,493.67999267578125,2064.0
202606251802,493.7699890136719,493.5299987792969,493.8349914550781,493.44000244140625,4188.0
202606251803,493.5350036621094,493.2250061035156,493.7200012207031,493.1400146484375,6068.0
202606251804,493.2250061035156,493.4800109863281,493.5,493.2250061035156,3992.0
202606251805,493.489990234375,493.57000732421875,493.6098937988281,493.42498779296875,2910.0
202606251806,493.6099853515625,493.8349914550781,493.9200134277344,493.5950012207031,4476.0
202606251807,493.8349914550781,493.82000732421875,493.9100036621094,493.7149963378906,4977.0
202606251808,493.82000732421875,493.6700134277344,493.8349914550781,493.6700134277344,3463.0
202606251809,493.60699462890625,493.739990234375,493.739990234375,493.5003967285156,4955.0
202606251810,493.7300109863281,493.54998779296875,493.8399963378906,493.54998779296875,4877.0
202606251811,493.54998779296875,494.0299987792969,494.0299987792969,493.54998779296875,4380.0
202606251812,494.0400085449219,494.0150146484375,494.1099853515625,493.8999938964844,3588.0
202606251813,494.0799865722656,493.7699890136719,494.0799865722656,493.7699890136719,1886.0
202606251814,493.760009765625,493.8599853515625,493.8699951171875,493.70001220703125,2675.0
202606251815,493.7900085449219,493.9800109863281,494.0199890136719,493.7900085449219,2857.0
202606251816,493.9949951171875,494.260009765625,494.260009765625,493.92010498046875,4252.0
202606251817,494.2699890136719,494.32000732421875,494.55999755859375,494.239990234375,3527.0
202606251818,494.54998779296875,494.7900085449219,494.7900085449219,494.44500732421875,3951.0
202606251819,494.59100341796875,495.2099914550781,495.5799865722656,494.59100341796875,4855.0
202606251820,495.2099914550781,495.3599853515625,495.3699951171875,494.92010498046875,2505.0
202606251821,495.32000732421875,495.30499267578125,495.45001220703125,495.17999267578125,1698.0
202606251822,495.3800048828125,495.3999938964844,495.69000244140625,495.1864929199219,6564.0
202606251823,495.3999938964844,495.6400146484375,495.6449890136719,495.3999938964844,3255.0
202606251824,495.7799987792969,495.260009765625,495.7799987792969,495.1650085449219,3076.0
202606251825,495.6000061035156,495.8800048828125,495.9100036621094,495.4599914550781,3477.0
202606251826,495.885009765625,495.6449890136719,495.8900146484375,495.55999755859375,3873.0
202606251827,495.6449890136719,495.6300048828125,495.8299865722656,495.4601135253906,4299.0
202606251828,495.6899108886719,495.6600036621094,495.6899108886719,495.5799865722656,1845.0
202606251829,495.5799865722656,495.760009765625,495.760009765625,495.5799865722656,3125.0
202606251830,495.70001220703125,495.635009765625,495.8299865722656,495.635009765625,4790.0
202606251831,495.67498779296875,495.67999267578125,495.7699890136719,495.57501220703125,4087.0
202606251832,495.5799865722656,495.6075134277344,495.7200012207031,495.57501220703125,3113.0
202606251833,495.6199951171875,495.25,495.70098876953125,495.0400085449219,4079.0
202606251834,495.0,494.95001220703125,495.1499938964844,494.92498779296875,1668.0
202606251835,495.05999755859375,495.05999755859375,495.1600036621094,494.7701110839844,1787.0
202606251836,495.1499938964844,494.9549865722656,495.1700134277344,494.927490234375,3138.0
202606251837,494.9200134277344,495.2200012207031,495.2300109863281,494.7541198730469,2791.0
202606251838,495.25,494.989990234375,495.2799987792969,494.989990234375,4155.0
202606251839,494.94500732421875,494.8999938964844,495.1252136230469,494.7699890136719,1116.0
202606251840,494.8900146484375,494.625,494.8900146484375,494.6099853515625,2273.0
202606251841,494.7200012207031,494.5,494.7799987792969,494.5,3101.0
202606251842,494.4200134277344,493.9100036621094,494.4200134277344,493.7200012207031,4579.0
202606251843,493.7950134277344,493.21099853515625,493.9599914550781,493.21099853515625,2062.0
202606251844,493.239990234375,493.3450012207031,493.510009765625,493.2200927734375,5199.0
202606251845,493.239990234375,493.6050109863281,493.6050109863281,493.239990234375,4447.0
202606251846,493.6075134277344,493.9849853515625,494.0400085449219,493.5400085449219,8647.0
202606251847,493.9049987792969,493.864990234375,493.9049987792969,493.760009765625,1657.0
202606251848,493.864990234375,493.6050109863281,493.864990234375,493.5,4330.0
202606251849,493.6099853515625,493.5299987792969,493.6099853515625,493.510009765625,3488.0
202606251850,493.5350036621094,493.5299987792969,493.5799865722656,493.44000244140625,2751.0
202606251851,493.6099853515625,493.625,493.76251220703125,493.54998779296875,4348.0
202606251852,493.69000244140625,493.67999267578125,493.80999755859375,493.6600036621094,4901.0
202606251853,493.67999267578125,493.239990234375,493.8500061035156,493.239990234375,4528.0
202606251854,493.3800048828125,493.2275085449219,493.44000244140625,493.1700134277344,2681.0
202606251855,493.17999267578125,493.2349853515625,493.32000732421875,493.07000732421875,6148.0
202606251856,493.1600036621094,493.2900085449219,493.375,493.1199951171875,7968.0
202606251857,493.3800048828125,493.489990234375,493.5299987792969,493.25,8139.0
202606251858,493.4849853515625,493.5299987792969,493.67999267578125,493.4849853515625,3930.0
202606251859,493.5299987792969,493.44000244140625,493.5400085449219,493.3999938964844,3064.0
202606251900,493.44500732421875,493.3900146484375,493.57000732421875,493.260009765625,4349.0
202606251901,493.385009765625,493.55499267578125,493.67999267578125,493.385009765625,4579.0
202606251902,493.55499267578125,493.7099914550781,493.7099914550781,493.5,4376.0
202606251903,493.6700134277344,493.9200134277344,493.9200134277344,493.614990234375,7406.0
202606251904,493.9200134277344,494.0050048828125,494.0199890136719,493.69500732421875,4503.0
202606251905,494.0350036621094,494.32000732421875,494.3999938964844,494.0350036621094,5585.0
202606251906,494.32000732421875,494.3500061035156,494.39990234375,494.2200012207031,3979.0
202606251907,494.3500061035156,494.45001220703125,494.4549865722656,494.2650146484375,6043.0
202606251908,494.45001220703125,494.32000732421875,494.4800109863281,494.32000732421875,5741.0
202606251909,494.20001220703125,494.375,494.4200134277344,494.19000244140625,4822.0
202606251910,494.42999267578125,494.4649963378906,494.5799865722656,494.3299865722656,5410.0
202606251911,494.54998779296875,494.3999938964844,494.6499938964844,494.3800048828125,8930.0
202606251912,494.3999938964844,494.2500915527344,494.3999938964844,494.05999755859375,5285.0
202606251913,494.2099914550781,494.2200012207031,494.260009765625,494.20001220703125,4088.0
202606251914,494.2200012207031,494.0350036621094,494.2699890136719,493.989990234375,5311.0
202606251915,493.92999267578125,494.3599853515625,494.5,493.92999267578125,8471.0
202606251916,494.2200012207031,494.19000244140625,494.45001220703125,494.1199951171875,6518.0
202606251917,494.44000244140625,494.3500061035156,494.53961181640625,494.3349914550781,7713.0
202606251918,494.3450012207031,494.55999755859375,494.55999755859375,494.29998779296875,5205.0
202606251919,494.510009765625,494.3949890136719,494.57000732421875,494.3500061035156,8123.0
202606251920,494.489990234375,494.4100036621094,494.489990234375,494.3299865722656,4861.0
202606251921,494.4599914550781,494.2099914550781,494.4800109863281,494.2099914550781,5201.0
202606251922,494.1300048828125,494.1300048828125,494.2900085449219,494.0799865722656,6319.0
202606251923,494.07000732421875,493.8399963378906,494.1000061035156,493.7799987792969,4392.0
202606251924,493.8450012207031,493.8399963378906,493.9800109863281,493.75,8726.0
202606251925,493.8399963378906,493.7449951171875,493.8399963378906,493.6099853515625,5426.0
202606251926,493.7449951171875,493.56500244140625,493.7774963378906,493.510009765625,4760.0
202606251927,493.4801025390625,493.4599914550781,493.57989501953125,493.45001220703125,4176.0
202606251928,493.45001220703125,493.8450012207031,493.8450012207031,493.3699951171875,8296.0
202606251929,493.8699951171875,493.5299987792969,494.05999755859375,493.5299987792969,6656.0
202606251930,493.5400085449219,493.1400146484375,493.54998779296875,493.1000061035156,5568.0
202606251931,493.17999267578125,493.17498779296875,493.32000732421875,493.0757141113281,8709.0
202606251932,493.17999267578125,493.29998779296875,493.29998779296875,493.1499938964844,11169.0
202606251933,493.302490234375,492.94500732421875,493.302490234375,492.8999938964844,8965.0
202606251934,492.8800048828125,492.54998779296875,492.8800048828125,492.54998779296875,6958.0
202606251935,492.5899963378906,492.5199890136719,492.70001220703125,492.5199890136719,8287.0
202606251936,492.4599914550781,492.3450012207031,492.5672912597656,492.2950134277344,10404.0
202606251937,492.3949890136719,492.0849914550781,492.3949890136719,492.07000732421875,9169.0
202606251938,492.0899963378906,492.0849914550781,492.19000244140625,492.0299987792969,9606.0
202606251939,492.1499938964844,492.32000732421875,492.45001220703125,492.135009765625,9525.0
202606251940,492.3299865722656,492.1499938964844,492.4049987792969,492.0400085449219,5638.0
202606251941,492.0400085449219,492.20001220703125,492.25,491.95001220703125,10166.0
202606251942,492.1700134277344,492.05999755859375,492.2200012207031,492.0350036621094,5383.0
202606251943,492.05999755859375,491.9411926269531,492.07000732421875,491.94000244140625,6848.0
202606251944,491.94000244140625,491.6449890136719,492.07000732421875,491.6300048828125,6564.0
202606251945,491.67999267578125,491.19500732421875,491.67999267578125,491.11248779296875,9377.0
202606251946,491.2699890136719,491.70001220703125,491.760009765625,491.1099853515625,14061.0
202606251947,491.7049865722656,491.760009765625,491.760009765625,491.53009033203125,8760.0
202606251948,491.6700134277344,491.25,491.6700134277344,491.1600036621094,9403.0
202606251949,491.3399963378906,490.8800048828125,491.44000244140625,490.8299865722656,10882.0
202606251950,491.0299987792969,490.5,491.1700134277344,490.5,16326.0
202606251951,490.5299987792969,490.8349914550781,491.0799865722656,490.5,16741.0
202606251952,490.8399963378906,490.8299865722656,490.94000244140625,490.75,9723.0
202606251953,490.8399963378906,491.1000061035156,491.4299011230469,490.7799987792969,17552.0
202606251954,491.1700134277344,490.92999267578125,491.30999755859375,490.9100036621094,12166.0
202606251955,490.8900146484375,490.2099914550781,490.9100036621094,490.17498779296875,27850.0
202606251956,490.260009765625,490.0224914550781,490.5,489.8900146484375,28376.0
202606251957,489.9700012207031,489.3699951171875,489.9700012207031,489.2900085449219,33237.0
202606251958,489.3599853515625,488.94000244140625,489.70001220703125,488.9100036621094,65618.0
202606251959,488.9599914550781,489.0400085449219,489.32000732421875,488.7699890136719,151214.0
202606252000,488.92,488.92,497.9645,488.92,768086.0
202606252001,488.92,488.92,497.9645,488.92,0.0
202606252002,488.2555,488.92,488.92,488.2555,0.0
202606252003,488.92,490.01,490.01,488.92,0.0
202606252004,488.92,488.92,497.9645,488.0012,0.0
202606252010,488.92,488.92,490.1986,488.92,0.0
202606252012,490.2,489.0,490.2,489.0,0.0
202606252015,488.92,489.2305,490.1986,488.92,0.0
202606252018,492.5,489.27,492.5,489.27,0.0
202606252022,497.9895,488.0,497.9895,488.0,0.0
202606252029,491.97,489.2305,491.97,489.2305,0.0
202606252033,491.54,492.39,492.43,491.51,0.0
202606252034,492.43,492.46,492.46,492.43,0.0
202606252035,492.49,492.48,492.49,491.67,0.0
202606252038,492.45,491.6,492.45,491.6,0.0
202606252039,496.01,492.39,496.01,491.6,0.0
202606252040,492.37,491.66,492.44,491.44,0.0
202606252041,491.44,491.45,491.45,491.41,0.0
202606252042,491.45,490.04,491.46,489.0,0.0
202606252047,491.4485,491.1,491.4485,491.1,0.0
202606252055,491.3611,491.3815,491.3815,491.3611,0.0
202606252057,490.87,489.56,490.87,489.56,0.0
202606252105,491.41,491.44,491.44,491.41,0.0
202606252110,491.44,491.46,491.46,491.44,0.0
202606252115,491.35,491.5,491.5,491.35,0.0
202606252117,491.43,491.44,491.44,491.43,0.0
202606252119,491.4375,491.43,491.4375,491.43,0.0
202606252139,488.92,489.16,489.16,488.92,0.0
202606252150,489.16,491.44,491.44,489.16,0.0
202606252152,491.44,489.11,491.44,489.11,0.0
202606252156,490.76,490.88,490.88,490.06,0.0
202606252209,490.26,491.5,491.5,490.26,0.0
202606252200,491.13,491.35,491.35,489.11,0.0
