datetime,open,close,high,low,volume
20240625,139.59,139.35,139.87,137.56,56627
20240626,139.78,138.0,140.75,138.0,60038.0
20240627,138.27,140.47,141.42,137.82,51899.0
20240628,140.85,141.19,142.82,139.26,167363.0
20240701,141.47,143.09,144.06,141.07,51741.0
20240702,142.99,143.11,144.22,142.35,46837.0
20240703,143.18,144.38,144.65,143.1,28681.0
20240705,144.68,144.62,145.79,144.02,35819.0
20240708,144.6,145.41,145.45,143.43,44988.0
20240709,145.36,141.01,145.7,138.0,112893.0
20240710,140.05,142.07,142.38,139.73,48255.0
20240711,141.5,142.76,143.48,141.47,39906.0
20240712,142.34,144.99,145.13,141.26,56827.0
20240715,145.1,143.09,146.59,141.92,57422.0
20240716,143.0,142.49,143.63,142.05,45104.0
20240717,141.32,139.6,141.79,138.68,56925.0
20240718,139.72,138.15,140.06,137.2,39251.0
20240719,137.65,138.45,140.44,136.69,43157.0
20240722,139.76,140.37,140.68,139.12,37882.0
20240723,140.45,142.51,143.25,140.26,39693.0
20240724,142.03,139.61,142.66,138.4,55056.0
20240725,139.0,137.82,141.07,137.7,56014.0
20240726,139.69,139.01,139.96,138.38,40841.0
20240729,139.47,138.56,140.01,137.82,30520.0
20240730,138.74,135.01,139.57,132.9,47057.0
20240731,136.73,139.99,141.55,136.3,55917.0
20240801,139.81,137.2,141.26,135.77,43420.0
20240802,135.45,133.18,135.45,131.8,63886.0
20240805,125.97,129.58,130.5,125.15,78215.0
20240806,128.73,126.6,131.06,126.6,63117.0
20240807,128.5,124.85,130.3,124.85,58934.0
20240808,125.9,129.0,130.0,125.67,45181.0
20240809,129.63,132.2,132.37,128.34,41360.0
20240812,132.3,132.5,132.71,131.21,35125.0
20240813,132.66,134.33,134.54,132.16,32648.0
20240814,134.34,135.0,136.0,134.01,30818.0
20240815,135.97,137.0,137.66,135.72,33850.0
20240816,136.13,137.5,137.82,136.08,31406.0
20240819,137.3,137.91,137.98,136.45,20614.0
20240820,138.0,138.78,139.85,137.13,26982.0
20240821,139.26,140.2,140.3,138.55,27686.0
20240822,140.3,138.5,141.08,137.65,34927.0
20240823,138.95,139.33,139.79,137.26,33402.0
20240826,139.4,138.14,139.4,138.12,21216.0
20240827,138.63,138.5,139.56,137.74,29213.0
20240828,138.53,136.65,138.95,136.09,21738.0
20240829,137.0,139.97,141.16,137.0,35147.0
20240830,140.08,141.25,141.72,140.02,52249.0
20240903,140.99,139.25,142.2,138.83,49420.0
20240904,138.5,140.01,141.11,137.95,43633.0
20240905,140.98,142.55,143.28,140.3,64374.0
20240906,142.4,141.5,143.94,139.4,83835.0
20240909,142.7,152.31,153.75,136.5,157867.0
20240910,152.66,155.6,160.52,150.54,303482.0
20240911,155.79,156.44,159.44,154.7,96007.0
20240912,157.63,171.97,173.76,157.43,122985.0
20240913,172.0,161.1,174.85,161.0,209561.0
20240916,161.49,170.92,173.99,161.2,223143.0
20240917,170.88,167.31,172.34,166.77,93909.0
20240918,167.5,165.0,168.06,163.73,84269.0
20240919,166.47,167.42,168.22,164.51,78246.0
20240920,167.57,167.97,168.83,166.6,92095.0
20240923,168.27,165.4,168.9,164.26,52309.0
20240924,166.01,165.9,166.5,163.92,44793.0
20240925,165.25,166.48,168.75,165.21,51980.0
20240926,168.1,168.0,168.7,166.48,52450.0
20240927,168.24,168.41,169.11,166.51,67702.0
20240930,169.94,170.0,170.66,166.45,82019.0
20241001,170.01,166.3,170.51,165.97,57177.0
20241002,167.0,168.29,169.18,166.88,46692.0
20241003,167.29,166.55,167.86,166.24,28688.0
20241004,167.48,170.78,170.95,166.92,46100.0
20241007,171.22,170.14,172.33,169.55,46881.0
20241008,171.08,174.8,174.8,169.5,59512.0
20241009,174.69,178.5,178.61,173.81,60269.0
20241010,180.0,175.74,180.6,174.18,50420.0
20241011,175.47,175.51,177.0,174.4,42269.0
20241014,176.79,176.5,177.25,175.5,30194.0
20241015,176.49,174.09,178.22,173.75,42183.0
20241016,174.31,174.64,174.92,171.64,42841.0
20241017,176.5,175.82,177.75,175.14,41368.0
20241018,177.1,174.75,177.73,174.58,38242.0
20241021,175.05,175.05,175.88,173.16,30459.0
20241022,175.82,174.59,176.31,174.28,30163.0
20241023,174.68,173.4,176.07,173.01,30756.0
20241024,174.29,174.75,174.99,172.61,23782.0
20241025,174.38,173.44,176.29,173.0,23988.0
20241028,174.0,172.44,174.61,172.13,24725.0
20241029,172.26,173.9,174.59,172.05,23846.0
20241030,174.5,173.5,176.16,172.45,40388.0
20241031,173.9,168.57,173.9,167.39,66986.0
20241101,168.21,170.02,172.27,168.2,37161.0
20241104,171.0,169.5,171.5,168.73,34172.0
20241105,170.2,172.8,172.8,169.85,34051.0
20241106,175.0,181.3,182.1,175.0,78906.0
20241107,182.14,186.5,186.96,180.54,57164.0
20241108,187.0,189.78,190.16,185.4,63636.0
20241111,191.0,188.8,192.22,187.84,43604.0
20241112,188.63,189.1,190.61,187.2,39423.0
20241113,189.5,189.0,191.77,188.53,40209.0
20241114,189.99,186.9,189.99,186.0,57677.0
20241115,185.5,184.0,186.01,182.33,66337.0
20241118,183.54,185.82,186.18,182.88,34698.0
20241119,185.22,190.0,190.0,183.9,38741.0
20241120,189.63,191.0,191.25,187.82,34097.0
20241121,190.44,192.43,196.04,190.44,71593.0
20241122,193.15,192.38,194.67,191.06,44639.0
20241125,194.45,188.06,194.81,187.77,94760.0
20241126,188.0,190.29,192.4,187.9,43307.0
20241127,190.23,182.72,191.24,182.22,59541.0
20241129,184.0,184.5,185.93,183.1,28456.0
20241202,185.09,181.45,185.88,181.0,59136.0
20241203,182.5,184.43,184.48,179.11,66578.0
20241204,186.09,188.25,189.79,185.8,58740.0
20241205,189.79,186.34,189.79,185.85,43856.0
20241206,186.24,193.35,193.45,186.24,75415.0
20241209,195.15,175.56,198.31,171.42,143385.0
20241210,175.75,177.7,180.0,171.05,197242.0
20241211,177.75,178.35,181.38,174.83,91353.0
20241212,178.6,175.77,178.83,174.81,58048.0
20241213,175.85,173.0,176.62,171.64,56688.0
20241216,172.99,170.9,174.27,170.7,59226.0
20241217,170.31,169.5,172.99,169.25,64150.0
20241218,169.96,165.6,171.23,165.0,65166.0
20241219,165.6,168.2,171.0,165.6,57064.0
20241220,167.15,170.0,171.26,165.0,93045.0
20241223,170.84,168.92,170.84,167.16,35762.0
20241224,169.2,171.4,171.77,169.03,17390.0
20241226,171.0,171.32,172.55,170.4,21855.0
20241227,171.06,169.0,171.5,167.2,29877.0
20241230,168.37,166.31,168.71,164.55,29996.0
20241231,167.24,166.53,167.86,165.84,30015.0
20250102,167.9,166.25,168.69,164.9,31545.0
20250103,166.71,166.45,167.2,165.27,33607.0
20250106,167.08,165.76,168.31,165.19,40552.0
20250107,165.83,162.11,166.3,161.32,53348.0
20250108,162.63,162.6,163.98,161.0,58786.0
20250110,162.61,154.3,162.99,153.92,94004.0
20250113,153.9,156.1,156.39,152.03,61232.0
20250114,156.24,156.5,157.25,154.35,51656.0
20250115,156.25,159.5,160.28,154.65,63587.0
20250116,160.05,159.77,161.5,158.41,71493.0
20250117,160.67,161.19,163.16,160.45,82193.0
20250121,162.51,180.44,180.47,162.26,229658.0
20250122,187.88,181.68,193.37,180.57,366128.0
20250123,181.83,186.47,186.9,179.75,130870.0
20250124,187.11,183.6,189.1,181.87,92476.0
20250127,177.02,162.01,180.04,152.66,325782.0
20250128,163.6,163.33,165.83,156.75,158975.0
20250129,165.28,163.0,166.29,160.01,73012.0
20250130,164.66,170.25,171.49,162.5,110029.0
20250131,171.05,168.05,173.0,168.04,64430.0
20250203,165.9,170.75,170.75,162.62,59297.0
20250204,168.85,167.06,170.4,166.35,48376.0
20250205,167.16,171.61,171.89,166.35,57606.0
20250206,172.98,172.3,175.65,171.57,52871.0
20250207,173.37,174.1,177.39,172.22,65997.0
20250210,175.39,179.0,179.99,174.5,57610.0
20250211,178.73,177.29,179.12,176.45,38203.0
20250212,177.84,172.62,178.29,170.71,54355.0
20250213,171.68,173.17,174.45,171.25,44651.0
20250214,174.81,174.02,175.23,172.81,49908.0
20250218,175.7,179.8,182.24,174.6,75033.0
20250219,179.7,180.7,181.87,175.7,63121.0
20250220,180.67,175.95,180.78,174.43,64372.0
20250221,176.1,168.1,177.32,167.5,67872.0
20250224,170.74,169.6,174.8,164.66,79583.0
20250225,168.18,169.63,170.6,164.44,54095.0
20250226,169.62,172.32,174.32,169.12,51733.0
20250227,173.1,165.13,174.97,164.5,52068.0
20250228,164.89,165.75,166.15,160.81,94753.0
20250303,167.4,162.36,168.8,161.13,50735.0
20250304,162.01,158.99,162.5,153.52,96182.0
20250305,159.64,160.51,162.49,157.05,51693.0
20250306,158.0,152.19,160.97,149.75,89921.0
20250307,152.0,155.4,156.48,148.5,85487.0
20250310,154.0,143.9,157.75,137.51,161719.0
20250311,144.99,144.41,149.1,137.7,200597.0
20250312,144.65,151.52,152.23,144.35,118172.0
20250313,149.3,148.01,150.96,145.48,105512.0
20250314,149.0,149.19,150.88,147.88,68394.0
20250317,148.4,154.5,155.75,148.2,67906.0
20250318,154.69,149.65,154.69,148.63,59509.0
20250319,149.97,153.45,154.07,149.43,49018.0
20250320,153.95,152.72,154.49,150.52,52356.0
20250321,151.72,152.49,153.84,150.09,130208.0
20250324,154.61,154.85,156.68,154.03,48512.0
20250325,154.4,153.73,156.1,153.05,63017.0
20250326,153.85,147.0,153.85,146.56,96335.0
20250327,147.67,145.6,148.75,144.92,64540.0
20250328,145.01,139.94,146.17,139.11,94099.0
20250331,139.0,138.8,140.6,136.76,108016.0
20250401,140.39,142.5,143.25,138.76,69569.0
20250402,141.24,139.0,147.89,139.0,84536.0
20250403,139.2,137.64,142.47,136.63,101182.0
20250404,136.01,127.3,136.69,126.95,112569.0
20250407,121.0,129.17,134.11,118.23,142304.0
20250408,130.61,122.03,133.24,121.69,87887.0
20250409,125.85,139.8,140.59,121.0,134911.0
20250410,138.55,131.36,140.82,129.25,91838.0
20250411,133.7,132.22,134.99,128.84,73433.0
20250414,135.27,133.8,136.8,132.87,59466.0
20250415,135.27,131.1,136.49,131.1,60474.0
20250416,130.77,130.03,133.11,127.85,58949.0
20250417,131.4,129.55,131.6,128.44,61015.0
20250421,127.6,123.04,128.3,121.23,84019.0
20250422,124.11,130.15,130.86,123.39,78302.0
20250423,129.0,132.0,135.87,128.3,69392.0
20250424,130.87,138.75,138.99,129.69,51561.0
20250425,138.28,138.75,139.0,136.6,39267.0
20250428,137.76,140.14,140.67,137.22,43454.0
20250429,140.9,140.23,141.26,139.0,34669.0
20250430,140.2,145.65,146.5,135.56,63749.0
20250501,145.27,144.44,148.64,144.3,83735.0
20250502,146.53,150.65,153.06,145.43,81857.0
20250505,150.21,149.0,150.82,148.5,35724.0
20250506,148.02,149.45,149.5,145.72,35418.0
20250507,148.32,149.95,150.0,147.24,40489.0
20250508,151.6,150.35,152.05,148.61,40477.0
20250509,150.69,150.1,151.8,149.79,32721.0
20250512,155.5,157.21,158.5,154.2,55390.0
20250513,156.72,162.8,163.22,156.5,84571.0
20250514,162.9,162.45,163.82,161.05,52648.0
20250515,161.5,159.5,162.0,158.91,68439.0
20250516,159.34,158.03,161.0,157.85,60240.0
20250519,157.42,159.75,161.97,157.0,57938.0
20250520,159.6,159.89,160.36,157.53,54488.0
20250521,159.4,157.2,160.9,156.45,42932.0
20250522,157.79,157.23,159.19,156.26,52122.0
20250523,157.0,155.95,157.62,152.5,44735.0
20250527,159.14,162.2,162.4,158.27,48566.0
20250528,162.02,167.0,167.0,161.28,56489.0
20250529,167.19,162.4,168.38,161.49,50420.0
20250530,162.9,165.49,165.8,161.41,126182.0
20250602,165.49,166.11,167.0,162.6,44671.0
20250603,166.19,169.16,169.34,165.31,48431.0
20250604,168.7,167.93,170.48,167.45,44498.0
20250605,168.84,170.15,172.26,167.0,52140.0
20250606,171.94,174.04,174.79,171.69,45484.0
20250609,175.0,177.5,178.72,173.79,65290.0
20250610,177.15,177.79,178.53,174.28,70679.0
20250611,177.45,189.75,191.39,169.76,125625.0
20250612,190.45,199.37,202.49,188.88,418483.0
20250613,196.78,214.97,216.6,196.08,405793.0
20250616,216.11,209.52,218.0,209.51,162348.0
20250617,209.08,207.7,215.88,207.0,122952.0
20250618,208.8,210.7,214.72,208.8,101898.0
20250620,210.88,204.93,213.8,204.64,154335.0
20250623,205.58,209.76,209.76,202.54,69485
20250624,210.7,215.19,216.37,208.41,127126.0
20250625,215.81,211.0,216.93,210.23,85496.0
20250626,211.0,212.82,214.42,210.35,78888.0
20250627,213.54,210.1,214.65,209.8,107640.0
20250630,214.05,218.2,228.22,213.8,205244.0
20250701,219.5,219.02,223.17,216.3,108501.0
20250702,220.56,231.5,231.95,216.72,165119.0
20250703,231.5,237.46,237.99,230.11,126460.0
20250707,237.2,232.26,237.92,229.5,113360.0
20250708,233.01,234.98,241.44,232.6,144398.0
20250709,234.99,235.9,236.78,232.0,79223.0
20250710,237.7,235.2,240.34,233.5,82803.0
20250711,234.61,230.1,234.8,229.87,59415.0
20250714,228.01,229.13,231.14,225.12,73723.0
20250715,230.95,234.9,235.6,229.2,76409.0
20250716,234.5,241.18,242.0,233.19,89951.0
20250717,241.66,249.61,251.6,241.0,124996.0
20250718,249.71,245.32,250.75,245.0,69952.0
20250721,247.0,238.64,247.63,235.12,50451.0
20250722,239.15,238.37,245.5,235.35,75042.0
20250723,239.3,243.28,243.42,238.15,51743.0
20250724,242.9,242.9,244.08,240.56,57576.0
20250725,242.4,245.24,245.47,241.43,44489.0
20250728,246.97,247.66,247.99,243.42,49261.0
20250729,248.9,249.76,253.07,246.59,59215.0
20250730,250.35,255.9,257.0,245.6,51081.0
20250731,256.65,252.4,260.87,251.01,111570.0
20250801,250.01,244.0,254.41,242.0,85707.0
20250804,245.96,255.28,257.25,244.26,56123.0
20250805,255.26,255.88,258.49,251.37,76935.0
20250806,258.1,256.7,258.1,251.72,62034.0
20250807,257.86,251.01,259.5,246.52,81947.0
20250808,251.13,250.3,251.55,247.86,54772.0
20250811,249.6,252.7,254.69,245.56,60141.0
20250812,252.51,253.76,257.87,251.08,63952.0
20250813,253.46,244.76,257.67,242.63,87397.0
20250814,244.07,244.16,248.92,242.11,71030.0
20250815,245.8,247.15,250.63,242.92,73537.0
20250818,247.63,249.0,249.16,243.62,40771.0
20250819,248.0,233.2,249.8,232.23,107781.0
20250820,233.45,235.25,235.88,228.25,69433.0
20250821,236.4,232.75,236.55,232.43,43417.0
20250822,233.88,237.0,238.5,231.46,55966.0
20250825,237.0,235.41,239.03,235.0,40427.0
20250826,235.71,234.98,236.91,232.71,94768.0
20250827,234.24,233.87,236.53,232.68,37045.0
20250828,235.44,239.76,241.95,234.74,58878.0
20250829,239.6,226.24,239.6,223.11,110246.0
20250902,224.95,225.8,226.7,218.79,68865.0
20250903,225.32,223.3,226.9,221.5,58832.0
20250904,223.99,223.75,224.91,219.56,70286.0
20250905,224.0,233.03,234.62,224.0,103354.0
20250908,235.02,240.65,242.42,234.3,125578.0
20250909,240.75,310.0,310.0,225.01,294960.0
20250910,312.24,333.0,345.72,308.5,957885.0
20250911,334.52,307.85,335.43,304.6,515107.0
20250912,308.6,291.55,308.76,291.23,368952.0
20250915,294.51,302.95,307.8,292.05,275044.0
20250916,309.7,309.75,320.31,302.27,382949.0
20250917,309.88,302.02,310.69,295.03,203972.0
20250918,303.56,297.75,305.83,292.0,167769.0
20250919,298.68,309.8,313.77,296.62,275092.0
20250922,311.25,326.85,329.5,303.0,316013.0
20250923,326.74,314.61,328.28,310.05,257497.0
20250924,315.01,307.4,316.36,300.03,249556.0
20250925,305.0,292.6,309.24,288.55,280712.0
20250926,294.75,283.22,295.0,283.0,183629.0
20250929,285.36,281.65,287.45,279.61,170596.0
20250930,281.83,280.0,284.0,275.9,165391.0
20251001,276.5,289.0,289.99,276.0,163468.0
20251002,289.95,289.99,294.97,286.05,94478.0
20251003,289.83,285.5,294.64,284.0,95997.0
20251006,285.79,291.2,296.68,285.79,93841.0
20251007,291.85,282.44,294.0,271.0,220441.0
20251008,282.9,289.65,291.53,281.79,138012.0
20251009,289.19,297.32,300.97,286.5,197350.0
20251010,297.97,289.81,307.72,285.5,198227.0
20251013,299.0,309.09,310.7,293.7,153597.0
20251014,301.0,300.68,308.1,291.98,107503.0
20251015,302.9,304.0,311.01,298.92,87729.0
20251016,305.34,305.55,322.54,303.07,238532.0
20251017,304.0,291.9,307.61,287.5,257767.0
20251020,293.16,277.99,293.95,275.31,229694.0
20251021,278.0,273.95,280.3,272.26,125995.0
20251022,275.17,271.61,277.2,269.25,106333.0
20251023,274.0,283.89,284.5,271.7,109567.0
20251024,281.68,283.35,287.19,281.68,89744.0
20251027,287.98,281.31,288.21,279.85,98773.0
20251028,281.1,281.4,286.28,280.2,80909.0
20251029,281.81,272.99,283.21,271.35,119438.0
20251030,273.9,261.39,274.68,256.28,184795.0
20251031,262.16,262.34,265.81,256.7,103818.0
20251103,262.7,256.25,266.91,255.23,121514.0
20251104,252.95,245.05,258.5,245.0,150077.0
20251105,245.11,248.0,252.4,243.78,89367.0
20251106,248.0,243.6,251.42,239.29,149361.0
20251107,243.29,240.75,243.9,232.35,160291.0
20251110,244.9,240.64,247.24,237.07,132298.0
20251111,239.49,236.0,240.25,228.89,154116.0
20251112,237.68,225.73,240.2,225.61,191787.0
20251113,227.1,216.71,227.8,215.22,240764.0
20251114,216.0,223.62,227.05,210.77,301479.0
20251117,225.0,217.94,226.9,215.56,126803.0
20251118,217.25,218.57,223.7,214.5,175896.0
20251119,219.72,232.45,233.24,217.31,177218.0
20251120,234.6,207.3,234.9,206.55,223295.0
20251121,209.66,198.99,211.5,193.55,357269.0
20251124,200.0,199.16,203.82,194.3,235003.0
20251125,197.93,196.86,199.41,185.63,231258.0
20251126,197.3,200.6,211.51,196.0,218833.0
20251128,202.5,201.43,203.84,197.61,116019.0
20251201,200.78,201.09,203.5,196.7,108753.0
20251202,199.98,201.75,209.7,199.34,162692.0
20251203,202.35,208.1,208.4,199.5,150757.0
20251204,208.7,217.2,217.2,206.45,186641.0
20251205,219.23,218.7,220.61,213.62,195368.0
20251208,220.5,222.01,224.75,216.91,193013.0
20251209,221.44,223.31,224.36,218.52,139331.0
20251210,224.56,197.27,231.17,196.69,401636.0
20251211,196.4,197.0,201.99,186.23,871830.0
20251212,198.49,188.13,199.2,185.99,469897.0
20251215,188.92,182.6,190.84,181.4,370093.0
20251216,182.86,187.88,189.8,181.65,264335.0
20251217,189.4,178.4,191.43,176.56,417407.0
20251218,180.0,189.68,191.22,178.01,301873.0
20251219,190.55,193.3,195.12,186.54,603302.0
20251222,196.2,198.45,198.8,191.49,221891.0
20251223,197.9,194.78,198.38,192.19,156107.0
20251224,194.88,197.25,198.28,194.36,79715.0
20251226,197.46,196.9,200.37,196.11,96917.0
20251229,195.65,194.13,198.51,192.64,114518.0
20251230,195.3,196.3,198.38,194.56,100757.0
20251231,196.28,193.52,197.53,193.2,85254.0
20260102,197.0,195.98,198.6,194.21,96434.0
20260105,196.02,192.91,201.69,192.33,184922.0
20260106,193.31,193.41,194.88,190.7,111304.0
20260107,193.23,192.52,195.67,192.0,90093.0
20260108,192.49,189.58,192.76,186.15,141537.0
20260109,189.48,197.74,200.18,188.78,225222.0
20260112,195.5,203.8,206.6,194.69,210955.0
20260113,204.3,202.1,207.8,200.2,118851.0
20260114,201.87,193.19,202.43,190.81,181114.0
20260115,193.6,190.47,196.3,189.39,128152.0
20260116,191.0,190.85,192.09,186.53,130777.0
20260120,185.45,179.79,188.25,179.36,218700.0
20260121,180.38,175.4,182.95,170.69,291035.0
20260122,177.56,178.76,180.71,176.19,168626.0
20260123,179.93,176.64,181.35,172.0,188654.0
20260126,176.9,182.82,185.31,175.3,173165.0
20260127,183.89,176.93,185.94,173.68,220284.0
20260128,176.9,171.75,181.68,171.31,274517.0
20260129,173.01,167.83,174.22,161.52,304477.0
20260130,166.45,164.03,168.9,162.88,193044.0
20260202,156.73,159.49,175.76,154.75,404814.0
20260203,162.0,153.45,162.0,151.9,308714.0
20260204,153.77,147.5,155.16,144.43,322393.0
20260205,147.46,132.73,150.5,132.4,330140.0
20260206,135.85,143.4,143.4,133.92,247747.0
20260209,144.4,157.4,159.75,142.23,426007.0
20260210,158.65,159.6,165.39,156.59,328581.0
20260211,160.37,156.7,164.25,154.0,204876.0
20260212,158.45,155.76,159.07,152.5,197939.0
20260213,155.28,160.4,162.3,154.6,151104.0
20260217,158.69,153.45,160.14,152.88,156583.0
20260218,155.03,156.15,157.3,151.37,123688.0
20260219,158.1,157.23,160.09,155.26,117923.0
20260220,157.32,147.62,157.86,147.39,248109.0
20260223,146.5,140.0,147.3,138.58,253712.0
20260224,141.4,145.75,146.76,138.73,171266.0
20260225,146.3,147.38,153.28,145.65,227547.0
20260226,148.4,147.2,152.5,145.15,159623.0
20260227,148.5,144.69,148.99,142.1,270354.0
20260302,140.48,148.31,150.17,139.88,183148.0
20260303,144.76,148.61,150.93,143.05,157227.0
20260304,149.25,153.66,153.69,146.64,148720.0
20260305,152.39,156.6,157.94,150.12,197338.0
20260306,157.28,152.56,159.1,151.62,316774.0
20260309,150.7,150.8,153.5,146.43,263122.0
20260310,154.21,162.4,164.51,148.45,436079.0
20260311,165.99,160.15,171.76,160.15,699049.0
20260312,161.7,158.08,167.83,157.88,320448.0
20260313,158.0,154.31,161.1,154.15,217258.0
20260316,156.9,155.65,158.74,154.51,185410.0
20260317,155.02,154.61,158.92,153.5,202505.0
20260318,156.27,152.3,156.72,152.0,157909.0
20260319,152.16,155.89,156.92,148.89,187124.0
20260320,155.6,150.3,155.99,147.95,298502.0
20260323,145.99,154.5,155.78,145.0,165349.0
20260324,154.0,148.26,156.28,146.8,197915.0
20260325,148.44,145.68,149.84,144.6,172814.0
20260326,145.03,143.03,146.47,142.52,138492.0
20260327,143.6,138.74,144.29,138.3,138613.0
20260330,140.56,138.15,141.45,136.95,145880.0
20260331,140.22,147.82,147.88,139.1,183500.0
20260401,148.5,145.55,151.5,144.67,154221.0
20260402,143.39,146.19,146.59,140.3,109478.0
20260406,146.5,145.18,148.55,143.85,96790.0
20260407,144.66,147.65,147.98,139.94,135540.0
20260408,149.5,143.93,151.46,142.9,199876.0
20260409,143.18,138.0,144.09,136.0,249697.0
20260410,138.2,138.33,140.17,134.57,217365.0
20260413,136.57,158.74,159.49,136.3,410961.0
20260414,158.73,163.8,169.4,156.04,495168.0
20260415,163.7,171.69,172.56,160.5,350899.0
20260416,174.0,179.2,180.27,171.63,399849.0
20260417,179.01,174.6,185.0,173.36,376426.0
20260420,173.31,178.26,178.45,172.29,187979.0
20260421,178.45,183.95,185.34,176.01,329546.0
20260422,184.9,184.1,189.18,182.8,275800.0
20260423,183.13,178.23,183.92,174.08,314985.0
20260424,179.2,172.6,181.0,169.0,259344.0
20260427,172.36,173.0,173.78,167.9,171186.0
20260428,167.95,165.8,171.62,158.98,275905.0
20260429,165.0,165.11,166.89,160.65,167355.0
20260430,163.46,162.85,165.18,160.33,170834.0
20260501,163.38,171.58,174.3,162.83,191746.0
20260504,174.16,180.95,183.5,171.86,235523.0
20260505,183.09,186.25,186.55,179.0,170793.0
20260506,184.77,191.7,194.7,182.67,200187.0
20260507,195.6,189.4,200.69,187.53,211731.0
20260508,191.2,195.46,198.0,190.06,146032.0
20260511,194.26,193.5,195.69,190.45,114069.0
20260512,191.4,186.22,194.99,180.87,146462.0
20260513,187.7,190.8,191.57,185.06,111884.0
20260514,189.73,196.54,200.71,185.45,156691.0
20260515,191.67,191.35,196.43,188.9,109759.0
20260518,190.5,186.72,193.13,183.27,138091.0
20260519,185.55,181.19,188.73,180.88,113616.0
20260520,181.9,186.29,188.22,178.8,103166.0
20260521,188.7,190.93,192.82,187.2,85865.0
20260522,191.0,190.88,197.0,189.17,77275.0
20260526,193.0,192.39,195.2,190.56,94765.0
20260527,191.78,191.96,193.55,187.91,82742.0
20260528,191.47,210.8,211.94,188.31,175534.0
20260529,211.4,226.18,227.34,203.19,283666.0
20260601,231.0,241.65,250.25,224.6,318769.0
20260602,242.64,239.5,249.0,235.25,201193.0
20260603,239.77,219.88,246.94,217.0,167496.0
20260604,225.02,234.2,238.95,221.43,141404.0
20260605,230.05,210.1,237.9,209.05,204567.0
20260608,213.12,211.3,219.61,209.33,120741.0
20260609,213.7,206.2,220.5,197.79,181718.0
20260610,201.0,180.89,212.8,177.5,336994.0
20260611,180.6,184.29,189.09,175.28,480720.0
20260612,182.88,183.94,185.9,179.0,189915.0
20260615,188.7,191.85,195.32,186.21,140865.0
20260616,192.75,186.7,195.32,185.07,116898.0
20260617,187.75,185.35,190.19,182.58,114292.0
20260618,185.75,183.65,187.99,177.7,207848.0
202606220800,183.0,182.6,183.0,180.86,101.0
202606220801,181.5,181.5,181.5,181.5,1.0
202606220802,181.5,181.5,181.5,181.5,0.0
202606220803,182.21,182.21,182.21,182.21,1.0
202606220804,181.45,181.31,182.03,181.31,4.0
202606220805,181.3,182.0,182.0,181.0,35.0
202606220806,182.18,182.37,182.81,181.1,144.0
202606220807,182.6,182.35,182.82,181.74,18.0
202606220808,182.6,182.69,182.69,182.6,2.0
202606220809,182.19,181.73,182.19,181.73,2.0
202606220810,181.73,181.73,181.73,181.73,0.0
202606220811,181.73,181.73,181.73,181.73,0.0
202606220812,181.73,181.73,181.73,181.73,0.0
202606220813,181.73,181.73,181.73,181.73,0.0
202606220814,182.05,182.05,182.05,182.05,2.0
202606220815,182.52,182.67,182.67,182.52,8.0
202606220816,182.67,182.85,182.85,182.67,14.0
202606220817,182.85,182.85,182.85,182.85,0.0
202606220818,182.5,182.5,182.5,182.5,5.0
202606220819,182.5,182.5,182.5,182.5,0.0
202606220820,182.5,182.5,182.5,182.5,0.0
202606220821,182.5,182.5,182.5,182.5,0.0
202606220822,182.5,182.5,182.5,182.5,0.0
202606220823,182.42,182.42,182.42,182.42,1.0
202606220824,182.19,182.6,182.6,182.19,5.0
202606220825,182.61,182.61,182.61,182.61,1.0
202606220826,182.5,182.22,182.5,182.22,7.0
202606220827,182.22,182.22,182.22,182.22,0.0
202606220828,182.6,182.6,182.6,182.6,6.0
202606220829,182.6,182.6,182.6,182.6,3.0
202606220830,182.39,182.39,182.39,182.39,1.0
202606220831,182.22,182.22,182.23,182.22,1.0
202606220832,182.5,182.5,182.5,182.5,1.0
202606220833,182.5,182.5,182.5,182.5,0.0
202606220834,182.5,182.5,182.5,182.5,0.0
202606220835,182.5,182.5,182.5,182.5,0.0
202606220836,182.5,182.5,182.5,182.5,0.0
202606220837,182.5,182.5,182.5,182.5,0.0
202606220838,182.34,182.42,182.42,182.33,2.0
202606220839,182.42,182.42,182.42,182.42,0.0
202606220840,182.75,182.75,182.75,182.75,1.0
202606220841,182.75,182.75,182.75,182.75,0.0
202606220842,182.75,182.75,182.75,182.75,0.0
202606220843,182.75,182.75,182.75,182.75,0.0
202606220844,182.75,182.75,182.75,182.75,0.0
202606220845,182.75,182.75,182.75,182.75,0.0
202606220846,182.51,182.1,182.51,182.1,2.0
202606220847,182.4,182.4,182.4,182.4,1.0
202606220848,182.4,182.4,182.4,182.4,0.0
202606220849,182.4,182.4,182.4,182.4,0.0
202606220850,182.32,182.32,182.32,182.32,1.0
202606220851,182.32,182.32,182.32,182.32,0.0
202606220852,182.32,182.32,182.32,182.32,0.0
202606220853,182.32,182.32,182.32,182.32,0.0
202606220854,182.32,182.32,182.32,182.32,0.0
202606220855,182.32,182.32,182.32,182.32,0.0
202606220856,182.32,182.32,182.32,182.32,0.0
202606220857,182.32,182.32,182.32,182.32,0.0
202606220858,182.3,182.3,182.3,182.3,1.0
202606220859,182.3,182.3,182.3,182.3,0.0
202606220900,182.3,182.29,182.3,182.29,3.0
202606220901,182.29,182.29,182.29,182.29,0.0
202606220902,182.39,182.39,182.39,182.39,1.0
202606220903,182.39,182.39,182.39,182.39,0.0
202606220904,182.46,182.39,182.47,182.39,12.0
202606220905,182.39,182.39,182.39,182.39,0.0
202606220906,182.39,182.39,182.39,182.39,0.0
202606220907,182.39,182.39,182.39,182.39,0.0
202606220908,182.12,182.06,182.26,182.06,14.0
202606220909,182.06,182.06,182.06,182.06,0.0
202606220910,182.06,182.06,182.06,182.06,0.0
202606220911,182.06,182.06,182.06,182.06,0.0
202606220912,182.06,182.06,182.06,182.06,0.0
202606220913,182.06,182.06,182.06,182.06,0.0
202606220914,182.06,182.06,182.06,182.06,0.0
202606220915,182.06,182.06,182.06,182.06,0.0
202606220916,182.18,182.18,182.18,182.18,3.0
202606220917,182.18,182.18,182.18,182.18,0.0
202606220918,182.21,182.11,182.22,182.11,4.0
202606220919,182.11,182.11,182.11,182.11,0.0
202606220920,182.11,182.11,182.11,182.11,0.0
202606220921,182.11,182.09,182.11,182.09,2.0
202606220922,182.09,182.09,182.09,182.09,0.0
202606220923,182.09,182.09,182.09,182.09,0.0
202606220924,182.09,182.09,182.09,182.09,0.0
202606220925,182.09,182.09,182.09,182.09,0.0
202606220926,182.2,182.2,182.2,182.2,6.0
202606220927,182.2,182.2,182.2,182.2,0.0
202606220928,182.2,182.2,182.2,182.2,0.0
202606220929,182.15,182.15,182.15,182.15,5.0
202606220930,182.15,182.15,182.15,182.15,0.0
202606220931,182.15,182.15,182.15,182.15,0.0
202606220932,182.15,182.15,182.15,182.15,0.0
202606220933,182.06,182.06,182.06,182.06,2.0
202606220934,182.06,182.06,182.06,182.06,0.0
202606220935,182.06,182.06,182.06,182.06,0.0
202606220936,182.06,182.06,182.06,182.06,0.0
202606220937,182.06,182.06,182.06,182.06,0.0
202606220938,182.06,182.06,182.06,182.06,0.0
202606220939,182.06,182.06,182.06,182.06,0.0
202606220940,181.93,181.93,181.93,181.93,1.0
202606220941,181.93,181.93,181.93,181.93,0.0
202606220942,181.86,181.84,181.86,181.84,2.0
202606220943,182.13,181.75,182.13,181.75,4.0
202606220944,181.75,181.75,181.75,181.75,0.0
202606220945,181.75,181.75,181.75,181.75,0.0
202606220946,181.75,181.75,181.75,181.75,0.0
202606220947,181.75,181.75,181.75,181.75,0.0
202606220948,181.8,181.8,181.8,181.8,1.0
202606220949,181.8,181.8,181.8,181.8,0.0
202606220950,181.8,181.8,181.8,181.8,0.0
202606220951,181.8,181.8,181.8,181.8,0.0
202606220952,181.8,181.8,181.8,181.8,0.0
202606220953,181.8,181.8,181.8,181.8,0.0
202606220954,181.75,181.75,181.75,181.75,99.0
202606220955,181.75,181.75,181.75,181.75,0.0
202606220956,181.6,181.6,181.6,181.6,2.0
202606220957,181.6,181.6,181.6,181.6,0.0
202606220958,181.6,181.6,181.6,181.6,0.0
202606220959,181.5,181.5,181.5,181.5,5.0
202606221000,181.54,181.54,181.54,181.54,1.0
202606221001,181.54,181.54,181.54,181.54,0.0
202606221002,181.54,181.54,181.54,181.54,0.0
202606221003,181.54,181.54,181.54,181.54,0.0
202606221004,181.54,181.54,181.54,181.54,0.0
202606221005,181.54,181.54,181.54,181.54,0.0
202606221006,181.54,181.54,181.54,181.54,0.0
202606221007,181.54,181.54,181.54,181.54,0.0
202606221008,181.54,181.54,181.54,181.54,0.0
202606221009,181.54,181.54,181.54,181.54,0.0
202606221010,181.54,181.54,181.54,181.54,0.0
202606221011,181.9,181.9,181.9,181.9,1.0
202606221012,182.31,182.3,182.31,182.3,3.0
202606221013,182.3,182.3,182.3,182.3,0.0
202606221014,182.3,182.3,182.3,182.3,0.0
202606221015,182.3,182.3,182.3,182.3,0.0
202606221016,182.3,182.3,182.3,182.3,0.0
202606221017,182.3,182.3,182.3,182.3,0.0
202606221018,182.12,181.85,182.13,181.85,2.0
202606221019,181.85,181.85,181.85,181.85,0.0
202606221020,181.85,181.85,181.85,181.85,0.0
202606221021,181.61,181.61,181.61,181.61,1.0
202606221022,181.61,181.61,181.61,181.61,2.0
202606221023,181.6,181.6,181.6,181.6,1.0
202606221024,181.6,181.6,181.6,181.6,0.0
202606221025,181.6,181.6,181.6,181.6,0.0
202606221026,181.6,181.6,181.6,181.6,0.0
202606221027,181.6,181.6,181.6,181.6,0.0
202606221028,181.6,181.6,181.6,181.6,1.0
202606221029,181.6,181.6,181.6,181.6,0.0
202606221030,181.65,181.5,181.65,181.5,5.0
202606221031,181.5,181.5,181.5,181.5,0.0
202606221032,181.5,181.5,181.5,181.5,0.0
202606221033,181.74,181.74,181.75,181.74,8.0
202606221034,181.74,181.74,181.74,181.74,0.0
202606221035,181.74,181.74,181.74,181.74,0.0
202606221036,181.74,181.74,181.74,181.74,0.0
202606221037,181.74,181.74,181.74,181.74,0.0
202606221038,181.74,181.74,181.74,181.74,0.0
202606221039,181.74,181.74,181.74,181.74,0.0
202606221040,181.56,181.56,181.56,181.56,1.0
202606221041,181.56,181.56,181.56,181.56,0.0
202606221042,181.56,181.56,181.56,181.56,0.0
202606221043,181.56,181.56,181.56,181.56,0.0
202606221044,181.79,181.79,181.79,181.79,10.0
202606221045,181.79,181.79,181.79,181.79,1.0
202606221046,181.72,181.66,181.72,181.66,2.0
202606221047,181.67,181.67,181.67,181.67,1.0
202606221048,181.67,181.67,181.67,181.67,0.0
202606221049,181.67,181.67,181.67,181.67,0.0
202606221050,181.76,181.76,181.76,181.76,1.0
202606221051,181.76,181.76,181.76,181.76,0.0
202606221052,181.76,181.76,181.76,181.76,0.0
202606221053,181.76,181.76,181.76,181.76,0.0
202606221054,181.76,181.76,181.76,181.76,0.0
202606221055,181.68,181.68,181.68,181.68,1.0
202606221056,181.68,181.68,181.68,181.68,0.0
202606221057,181.68,181.68,181.68,181.68,0.0
202606221058,181.68,181.68,181.68,181.68,0.0
202606221059,181.74,181.8,181.8,181.74,4.0
202606221100,181.8,181.9,181.9,181.66,32.0
202606221101,181.7,181.7,181.71,181.7,9.0
202606221102,181.9,181.9,181.9,181.9,2.0
202606221103,181.82,181.87,181.87,181.82,3.0
202606221104,181.87,181.87,181.87,181.87,0.0
202606221105,182.11,182.11,182.11,182.1,6.0
202606221106,182.19,182.19,182.19,182.19,1.0
202606221107,182.08,182.08,182.08,182.08,1.0
202606221108,182.27,182.2,182.27,182.2,7.0
202606221109,182.2,182.2,182.2,182.2,0.0
202606221110,182.1,182.0,182.2,182.0,12.0
202606221111,182.0,182.0,182.0,182.0,3.0
202606221112,181.99,182.0,182.0,181.99,9.0
202606221113,182.03,181.98,182.03,181.98,6.0
202606221114,182.17,182.19,182.19,181.98,7.0
202606221115,181.75,181.75,181.75,181.75,1.0
202606221116,181.99,181.99,182.0,181.99,2.0
202606221117,182.0,181.85,182.0,181.85,11.0
202606221118,182.0,182.09,182.09,182.0,7.0
202606221119,182.5,182.0,182.5,182.0,21.0
202606221120,182.28,182.25,182.43,182.0,69.0
202606221121,182.25,182.25,182.25,182.25,0.0
202606221122,182.25,182.25,182.25,182.25,0.0
202606221123,182.25,182.25,182.25,182.25,0.0
202606221124,182.2,182.14,182.2,182.14,3.0
202606221125,182.14,182.14,182.14,182.14,0.0
202606221126,182.2,182.2,182.2,182.2,5.0
202606221127,182.16,182.1,182.2,182.1,8.0
202606221128,182.1,182.1,182.1,182.1,0.0
202606221129,182.0,182.07,182.07,182.0,14.0
202606221130,182.0,182.0,182.0,182.0,3.0
202606221131,182.0,182.15,182.15,182.0,10.0
202606221132,182.02,182.16,182.17,182.01,13.0
202606221133,182.16,182.16,182.16,182.16,0.0
202606221134,182.16,182.16,182.16,182.16,0.0
202606221135,182.16,182.16,182.16,182.16,0.0
202606221136,182.16,182.16,182.16,182.16,0.0
202606221137,182.04,182.04,182.04,182.04,3.0
202606221138,182.26,182.26,182.26,182.26,1.0
202606221139,182.24,182.24,182.24,182.24,1.0
202606221140,182.22,182.15,182.3,182.15,10.0
202606221141,182.15,182.15,182.15,182.15,0.0
202606221142,182.06,182.07,182.08,182.06,2.0
202606221143,182.02,182.01,182.02,182.01,2.0
202606221144,181.99,181.99,182.0,181.99,1.0
202606221145,182.0,182.18,182.18,182.0,2.0
202606221146,182.18,182.18,182.18,182.18,0.0
202606221147,182.03,182.18,182.18,182.02,5.0
202606221148,182.1,182.2,182.2,182.1,6.0
202606221149,182.2,182.2,182.2,182.19,24.0
202606221150,182.2,182.2,182.2,182.2,0.0
202606221151,182.3,182.3,182.3,182.3,11.0
202606221152,182.15,182.15,182.15,182.15,2.0
202606221153,182.15,182.15,182.15,182.15,0.0
202606221154,182.15,182.15,182.15,182.15,0.0
202606221155,182.02,182.25,182.25,182.02,7.0
202606221156,182.25,182.25,182.25,182.25,0.0
202606221157,182.25,182.25,182.25,182.25,0.0
202606221158,182.25,182.25,182.25,182.25,0.0
202606221159,182.15,182.15,182.15,182.15,1.0
202606221200,182.23,182.2,182.23,182.2,2.0
202606221201,182.2,182.06,182.2,182.06,5.0
202606221202,182.06,182.06,182.06,182.06,0.0
202606221203,182.23,182.25,182.25,182.23,4.0
202606221204,182.23,182.27,182.31,182.23,5.0
202606221205,182.29,182.3,182.3,182.29,2.0
202606221206,182.3,182.3,182.3,182.3,0.0
202606221207,182.3,182.3,182.3,182.3,2.0
202606221208,182.3,182.27,182.3,182.27,9.0
202606221209,182.4,182.4,182.4,182.4,1.0
202606221210,182.31,182.31,182.31,182.31,2.0
202606221211,182.37,182.37,182.37,182.37,1.0
202606221212,182.35,182.35,182.36,182.35,3.0
202606221213,182.35,182.35,182.35,182.35,0.0
202606221214,182.24,182.24,182.24,182.24,17.0
202606221215,182.21,182.3,182.3,182.21,5.0
202606221216,182.23,182.23,182.23,182.23,2.0
202606221217,182.23,182.24,182.24,182.23,3.0
202606221218,182.3,182.3,182.3,182.23,3.0
202606221219,182.25,182.25,182.25,182.25,1.0
202606221220,182.25,182.25,182.25,182.25,0.0
202606221221,182.25,182.25,182.25,182.25,0.0
202606221222,182.38,182.38,182.38,182.38,2.0
202606221223,182.38,182.41,182.41,182.38,2.0
202606221224,182.34,182.34,182.34,182.34,4.0
202606221225,182.34,182.34,182.34,182.34,0.0
202606221226,182.34,182.34,182.34,182.34,0.0
202606221227,182.41,182.41,182.41,182.41,1.0
202606221228,182.41,182.41,182.41,182.41,0.0
202606221229,182.33,182.33,182.33,182.33,1.0
202606221230,182.3,182.3,182.3,182.3,2.0
202606221231,182.25,182.25,182.25,182.25,1.0
202606221232,182.31,182.31,182.31,182.31,1.0
202606221233,182.3,182.3,182.31,182.3,3.0
202606221234,182.31,182.42,182.42,182.3,16.0
202606221235,182.42,182.43,182.43,182.42,3.0
202606221236,182.42,182.42,182.42,182.42,10.0
202606221237,182.35,182.46,182.47,182.3,32.0
202606221238,182.46,182.46,182.46,182.46,0.0
202606221239,182.3,182.3,182.3,182.3,5.0
202606221240,182.3,182.3,182.3,182.3,0.0
202606221241,182.28,182.24,182.28,182.24,4.0
202606221242,182.23,182.2,182.23,182.2,45.0
202606221243,182.2,182.2,182.2,182.2,0.0
202606221244,182.32,182.32,182.32,182.31,1.0
202606221245,182.32,182.32,182.32,182.32,0.0
202606221246,182.07,182.0,182.07,181.95,28.0
202606221247,181.93,181.93,181.93,181.93,1.0
202606221248,181.88,181.9,181.9,181.88,2.0
202606221249,181.9,181.9,181.9,181.9,5.0
202606221250,182.06,182.06,182.06,182.06,7.0
202606221251,182.0,181.9,182.0,181.9,8.0
202606221252,181.92,181.9,181.92,181.9,18.0
202606221253,181.9,181.9,181.9,181.9,1.0
202606221254,181.9,181.9,181.9,181.9,0.0
202606221255,181.9,181.96,181.96,181.9,3.0
202606221256,181.95,181.9,181.95,181.9,2.0
202606221257,181.9,181.83,181.9,181.83,16.0
202606221258,181.83,181.83,181.83,181.83,0.0
202606221259,182.06,182.06,182.06,182.06,3.0
202606221300,181.95,182.25,182.25,181.95,16.0
202606221301,182.2,182.2,182.2,182.2,1.0
202606221302,182.17,182.15,182.27,182.15,44.0
202606221303,182.02,182.25,182.25,182.02,7.0
202606221304,182.2,182.19,182.2,182.19,10.0
202606221305,182.19,182.19,182.19,182.19,0.0
202606221306,182.19,181.9,182.19,181.9,11.0
202606221307,181.9,181.9,181.9,181.9,0.0
202606221308,181.9,181.9,181.9,181.9,2.0
202606221309,182.0,181.9,182.0,181.9,4.0
202606221310,181.95,181.86,181.95,181.86,5.0
202606221311,182.0,181.87,182.0,181.86,14.0
202606221312,182.05,182.05,182.05,182.05,1.0
202606221313,182.05,182.05,182.05,182.05,0.0
202606221314,182.1,182.24,182.24,182.1,5.0
202606221315,182.14,182.14,182.14,182.14,1.0
202606221316,182.24,182.15,182.24,182.15,8.0
202606221317,182.0,182.1,182.1,182.0,4.0
202606221318,182.1,182.1,182.1,182.1,0.0
202606221319,182.0,181.9,182.0,181.9,25.0
202606221320,181.9,181.9,181.9,181.9,0.0
202606221321,181.97,181.99,182.0,181.78,37.0
202606221322,181.96,181.95,181.96,181.9,4.0
202606221323,182.09,182.09,182.09,182.09,2.0
202606221324,182.01,182.11,182.2,182.01,145.0
202606221325,182.23,182.23,182.36,182.23,12.0
202606221326,182.46,182.4,182.5,182.23,37.0
202606221327,182.49,182.8,182.8,182.24,27.0
202606221328,182.87,182.5,182.87,182.41,9.0
202606221329,182.53,182.1,182.6,182.1,19.0
202606221330,182.31,182.69,182.69,181.67,86.0
202606221331,182.69,182.69,182.69,182.16,39.0
202606221332,182.46,182.91,183.0,182.46,41.0
202606221333,182.95,180.4,183.0,180.01,3372.0
202606221334,180.48,181.11,181.27,179.7,1176.0
202606221335,181.15,181.89,182.28,181.0,812.0
202606221336,181.85,181.46,181.98,181.27,411.0
202606221337,181.46,181.42,181.77,181.21,522.0
202606221338,181.41,181.69,181.95,181.41,335.0
202606221339,181.63,182.5,182.56,181.63,314.0
202606221340,182.5,183.03,183.04,182.44,442.0
202606221341,182.93,182.62,183.43,182.62,364.0
202606221342,182.75,182.39,182.87,182.35,240.0
202606221343,182.24,182.63,182.63,182.0,246.0
202606221344,182.63,182.56,182.91,182.41,208.0
202606221345,182.58,183.18,183.44,182.32,660.0
202606221346,183.25,183.08,183.44,182.94,352.0
202606221347,183.09,182.89,183.09,182.39,283.0
202606221348,182.77,182.32,182.85,182.24,243.0
202606221349,182.32,182.41,182.54,182.03,448.0
202606221350,182.33,182.75,183.05,182.29,392.0
202606221351,182.72,182.6,182.8,182.37,365.0
202606221352,182.62,182.54,182.65,182.38,169.0
202606221353,182.55,182.32,182.58,182.26,120.0
202606221354,182.26,182.52,182.91,182.22,297.0
202606221355,182.63,183.11,183.15,182.6,198.0
202606221356,183.11,183.11,183.24,182.88,206.0
202606221357,183.11,183.35,183.37,183.06,314.0
202606221358,183.34,183.34,183.75,183.17,446.0
202606221359,183.53,183.33,183.72,183.09,400.0
202606221400,183.33,184.14,184.29,183.26,564.0
202606221401,184.14,184.32,184.58,184.13,473.0
202606221402,184.29,183.51,184.31,183.45,401.0
202606221403,183.5,183.08,183.73,183.01,350.0
202606221404,183.14,183.07,183.15,182.92,283.0
202606221405,183.07,183.57,183.62,182.74,420.0
202606221406,183.66,183.48,183.81,183.32,155.0
202606221407,183.46,183.68,183.7,183.43,156.0
202606221408,183.74,183.47,183.82,183.3,126.0
202606221409,183.45,183.27,183.48,183.06,107.0
202606221410,183.3,183.48,183.77,183.3,122.0
202606221411,183.42,183.4,183.66,183.32,299.0
202606221412,183.36,183.04,183.58,183.04,167.0
202606221413,183.07,182.83,183.14,182.7,228.0
202606221414,182.77,181.97,182.8,181.93,602.0
202606221415,181.97,181.81,182.08,181.56,316.0
202606221416,181.84,181.41,181.9,181.3,262.0
202606221417,181.36,181.09,181.48,181.01,349.0
202606221418,181.09,181.4,181.47,181.05,281.0
202606221419,181.4,180.86,181.43,180.84,220.0
202606221420,180.89,181.0,181.13,180.68,795.0
202606221421,181.04,181.17,181.28,180.93,793.0
202606221422,181.17,181.16,181.5,181.15,300.0
202606221423,181.1,181.37,181.4,181.01,122.0
202606221424,181.35,181.07,181.4,181.0,337.0
202606221425,181.02,180.73,181.21,180.67,313.0
202606221426,180.73,180.66,180.74,180.5,262.0
202606221427,180.68,180.21,180.68,180.19,388.0
202606221428,180.21,180.38,180.52,180.21,326.0
202606221429,180.32,180.34,180.38,180.21,261.0
202606221430,180.34,179.96,180.38,179.91,635.0
202606221431,180.0,179.96,180.43,179.9,294.0
202606221432,179.96,180.04,180.17,179.89,328.0
202606221433,180.04,180.27,180.28,180.03,206.0
202606221434,180.21,180.45,180.46,180.1,231.0
202606221435,180.45,180.59,180.7,180.17,189.0
202606221436,180.6,180.5,180.75,180.48,337.0
202606221437,180.46,180.46,180.55,180.27,205.0
202606221438,180.49,180.31,180.58,180.17,213.0
202606221439,180.27,180.16,180.35,180.1,274.0
202606221440,180.13,180.28,180.49,180.08,466.0
202606221441,180.3,180.29,180.3,180.1,254.0
202606221442,180.26,180.06,180.29,180.06,203.0
202606221443,180.04,179.87,180.11,179.55,722.0
202606221444,179.85,179.72,179.95,179.62,133.0
202606221445,179.78,180.08,180.25,179.62,335.0
202606221446,180.05,180.57,180.63,179.95,284.0
202606221447,180.57,180.53,180.69,180.2,220.0
202606221448,180.47,180.53,180.79,180.46,123.0
202606221449,180.52,180.36,180.52,180.21,134.0
202606221450,180.35,180.3,180.57,180.29,177.0
202606221451,180.29,180.09,180.33,180.08,172.0
202606221452,180.11,179.91,180.2,179.85,204.0
202606221453,179.91,179.99,180.04,179.86,124.0
202606221454,179.93,179.53,179.99,179.38,456.0
202606221455,179.52,179.53,179.69,179.25,169.0
202606221456,179.54,179.32,179.66,179.16,446.0
202606221457,179.32,179.78,179.81,179.31,336.0
202606221458,179.82,179.91,180.14,179.75,531.0
202606221459,179.99,179.93,180.05,179.91,167.0
202606221500,179.92,179.94,180.14,179.89,163.0
202606221501,180.0,179.8,180.05,179.71,364.0
202606221502,179.81,179.84,179.95,179.76,114.0
202606221503,179.85,179.56,179.89,179.56,93.0
202606221504,179.57,179.35,179.61,179.34,250.0
202606221505,179.35,179.14,179.4,178.98,493.0
202606221506,179.11,178.75,179.11,178.74,379.0
202606221507,178.82,179.15,179.15,178.82,172.0
202606221508,179.17,179.24,179.4,179.1,194.0
202606221509,179.2,178.79,179.21,178.69,335.0
202606221510,178.82,178.6,178.91,178.6,368.0
202606221511,178.59,178.78,178.91,178.52,284.0
202606221512,178.81,178.9,178.96,178.71,218.0
202606221513,178.87,178.84,178.99,178.74,235.0
202606221514,178.84,178.64,178.87,178.6,249.0
202606221515,178.61,178.57,178.68,178.5,207.0
202606221516,178.52,178.61,178.72,178.48,331.0
202606221517,178.59,178.33,178.59,178.29,191.0
202606221518,178.27,178.21,178.46,178.2,561.0
202606221519,178.25,178.1,178.28,177.85,1326.0
202606221520,178.1,178.04,178.13,177.92,212.0
202606221521,178.03,178.12,178.25,177.97,310.0
202606221522,178.21,178.15,178.5,178.15,249.0
202606221523,178.15,178.52,178.55,178.12,680.0
202606221524,178.57,178.66,178.66,178.49,818.0
202606221525,178.66,178.64,178.7,178.32,498.0
202606221526,178.64,178.6,178.75,178.46,322.0
202606221527,178.56,178.63,178.74,178.5,330.0
202606221528,178.61,178.52,178.62,178.46,218.0
202606221529,178.52,178.4,178.54,178.32,159.0
202606221530,178.37,178.13,178.49,178.13,142.0
202606221531,178.17,178.48,178.49,178.14,158.0
202606221532,178.48,178.34,178.52,178.34,168.0
202606221533,178.34,178.43,178.65,178.34,442.0
202606221534,178.43,178.09,178.44,178.09,150.0
202606221535,178.04,178.04,178.2,177.91,387.0
202606221536,178.06,178.11,178.19,177.97,166.0
202606221537,178.1,177.74,178.13,177.56,513.0
202606221538,177.79,177.5,177.88,177.43,224.0
202606221539,177.54,177.68,177.69,177.37,390.0
202606221540,177.7,177.87,177.88,177.7,70.0
202606221541,177.84,178.03,178.09,177.83,188.0
202606221542,177.98,177.95,178.2,177.89,165.0
202606221543,177.95,177.78,178.05,177.78,129.0
202606221544,177.82,177.74,177.88,177.7,85.0
202606221545,177.74,178.19,178.19,177.64,198.0
202606221546,178.19,178.13,178.31,178.09,101.0
202606221547,178.14,178.1,178.18,178.03,127.0
202606221548,178.05,178.06,178.2,178.05,51.0
202606221549,178.03,177.58,178.03,177.58,153.0
202606221550,177.61,177.62,177.75,177.59,145.0
202606221551,177.59,177.5,177.65,177.46,115.0
202606221552,177.5,177.28,177.57,177.21,314.0
202606221553,177.33,177.32,177.48,177.27,87.0
202606221554,177.28,177.18,177.42,177.16,164.0
202606221555,177.17,177.21,177.44,177.15,236.0
202606221556,177.21,177.2,177.37,177.17,93.0
202606221557,177.26,177.17,177.44,177.11,195.0
202606221558,177.2,177.15,177.32,177.06,165.0
202606221559,177.15,177.02,177.15,176.91,418.0
202606221600,177.06,176.75,177.12,176.74,200.0
202606221601,176.79,176.62,176.83,176.42,245.0
202606221602,176.67,176.46,176.72,176.28,131.0
202606221603,176.45,176.23,176.45,176.23,110.0
202606221604,176.23,176.14,176.28,176.11,321.0
202606221605,176.14,176.25,176.39,176.13,289.0
202606221606,176.28,176.41,176.49,176.18,281.0
202606221607,176.4,176.4,176.56,176.26,610.0
202606221608,176.44,176.34,176.46,176.34,179.0
202606221609,176.34,176.5,176.56,176.34,240.0
202606221610,176.49,176.45,176.55,176.4,160.0
202606221611,176.42,176.51,176.72,176.33,232.0
202606221612,176.5,176.54,176.57,176.06,307.0
202606221613,176.55,176.45,176.69,176.42,142.0
202606221614,176.45,176.41,176.52,176.36,205.0
202606221615,176.38,176.08,176.4,176.08,183.0
202606221616,176.08,175.96,176.23,175.95,507.0
202606221617,175.96,175.96,176.06,175.91,249.0
202606221618,175.97,175.92,175.98,175.8,196.0
202606221619,175.9,175.98,175.99,175.82,155.0
202606221620,175.99,176.16,176.24,175.96,278.0
202606221621,176.18,176.19,176.29,176.08,174.0
202606221622,176.14,175.72,176.17,175.62,507.0
202606221623,175.72,175.5,175.8,175.41,283.0
202606221624,175.52,175.38,175.55,175.31,211.0
202606221625,175.33,175.2,175.37,175.05,349.0
202606221626,175.26,175.01,175.37,174.88,1178.0
202606221627,175.04,175.05,175.13,174.91,493.0
202606221628,175.04,175.03,175.09,174.97,294.0
202606221629,175.06,174.83,175.06,174.75,455.0
202606221630,174.83,174.99,175.14,174.76,794.0
202606221631,174.98,174.96,175.06,174.9,219.0
202606221632,174.94,174.68,174.95,174.61,345.0
202606221633,174.67,174.68,174.79,174.63,177.0
202606221634,174.68,174.74,174.78,174.51,324.0
202606221635,174.72,174.67,174.85,174.61,332.0
202606221636,174.63,174.94,175.0,174.57,353.0
202606221637,174.96,174.88,174.96,174.76,155.0
202606221638,174.87,174.76,174.93,174.75,135.0
202606221639,174.79,174.89,174.92,174.73,189.0
202606221640,174.92,174.76,174.95,174.76,191.0
202606221641,174.8,174.89,175.02,174.76,403.0
202606221642,174.89,175.04,175.06,174.84,525.0
202606221643,175.03,175.13,175.13,174.88,576.0
202606221644,175.16,174.9,175.19,174.9,519.0
202606221645,174.94,175.16,175.28,174.91,466.0
202606221646,175.12,175.69,175.7,175.1,125.0
202606221647,175.67,175.79,175.85,175.59,275.0
202606221648,175.8,175.68,175.9,175.67,231.0
202606221649,175.72,175.51,175.72,175.37,131.0
202606221650,175.49,175.55,175.66,175.43,147.0
202606221651,175.51,175.68,175.78,175.46,315.0
202606221652,175.74,175.77,175.81,175.67,179.0
202606221653,175.78,175.69,175.86,175.69,155.0
202606221654,175.67,175.72,175.75,175.67,80.0
202606221655,175.72,175.67,175.8,175.62,205.0
202606221656,175.67,175.67,175.68,175.49,133.0
202606221657,175.68,175.59,175.74,175.56,44.0
202606221658,175.59,175.5,175.79,175.35,335.0
202606221659,175.5,175.28,175.52,175.19,142.0
202606221700,175.32,175.13,175.33,175.03,309.0
202606221701,175.15,175.12,175.21,174.95,204.0
202606221702,175.14,175.15,175.18,175.01,177.0
202606221703,175.13,175.19,175.3,175.13,91.0
202606221704,175.22,175.21,175.28,175.17,160.0
202606221705,175.17,175.03,175.17,175.0,156.0
202606221706,175.03,174.8,175.03,174.7,411.0
202606221707,174.79,174.76,174.8,174.65,192.0
202606221708,174.78,174.68,174.99,174.68,362.0
202606221709,174.67,174.68,174.81,174.6,349.0
202606221710,174.7,174.79,174.81,174.68,181.0
202606221711,174.78,174.77,174.88,174.7,349.0
202606221712,174.77,175.06,175.06,174.61,256.0
202606221713,175.04,175.06,175.21,175.03,336.0
202606221714,175.01,174.76,175.04,174.7,307.0
202606221715,174.82,175.05,175.16,174.81,360.0
202606221716,175.1,175.05,175.12,174.93,93.0
202606221717,175.08,175.0,175.1,174.93,178.0
202606221718,175.02,175.01,175.07,175.0,684.0
202606221719,174.98,174.9,175.04,174.82,222.0
202606221720,174.89,174.91,175.03,174.89,311.0
202606221721,174.88,174.93,175.05,174.78,369.0
202606221722,174.93,174.97,175.05,174.85,132.0
202606221723,174.98,175.05,175.25,174.98,288.0
202606221724,175.01,174.92,175.03,174.88,129.0
202606221725,174.93,174.83,174.96,174.78,274.0
202606221726,174.83,174.93,174.98,174.78,189.0
202606221727,174.94,175.0,175.09,174.92,133.0
202606221728,175.05,175.06,175.15,175.0,84.0
202606221729,175.03,174.99,175.04,174.97,157.0
202606221730,175.0,174.94,175.0,174.83,179.0
202606221731,174.95,174.89,175.01,174.82,117.0
202606221732,174.87,174.96,174.97,174.8,81.0
202606221733,174.92,174.93,175.03,174.86,146.0
202606221734,174.95,174.96,175.01,174.83,120.0
202606221735,174.94,174.99,175.0,174.89,124.0
202606221736,174.99,174.78,174.99,174.69,237.0
202606221737,174.76,174.88,174.93,174.76,133.0
202606221738,174.88,174.99,175.06,174.86,116.0
202606221739,174.99,175.05,175.08,174.92,115.0
202606221740,175.05,174.93,175.11,174.87,184.0
202606221741,174.95,175.02,175.07,174.9,68.0
202606221742,174.99,175.06,175.09,174.99,108.0
202606221743,175.05,175.05,175.08,175.03,81.0
202606221744,175.06,175.19,175.19,175.04,95.0
202606221745,175.21,175.24,175.27,175.16,208.0
202606221746,175.25,175.29,175.29,175.17,73.0
202606221747,175.31,175.42,175.42,175.29,172.0
202606221748,175.42,175.36,175.44,175.3,572.0
202606221749,175.33,175.49,175.5,175.32,168.0
202606221750,175.48,175.62,175.68,175.48,206.0
202606221751,175.65,175.52,175.65,175.4,137.0
202606221752,175.55,175.35,175.7,175.34,553.0
202606221753,175.36,175.38,175.45,175.36,167.0
202606221754,175.42,175.45,175.59,175.38,132.0
202606221755,175.47,175.52,175.52,175.32,120.0
202606221756,175.55,175.79,175.8,175.53,236.0
202606221757,175.78,175.88,175.97,175.77,228.0
202606221758,175.88,175.89,175.93,175.82,187.0
202606221759,175.86,175.85,175.97,175.76,283.0
202606221800,175.85,176.13,176.29,175.85,207.0
202606221801,176.14,176.08,176.28,176.02,331.0
202606221802,176.08,176.1,176.2,175.94,205.0
202606221803,176.13,176.02,176.24,176.0,185.0
202606221804,176.01,175.89,176.1,175.81,433.0
202606221805,175.84,175.94,176.05,175.83,263.0
202606221806,175.94,176.0,176.04,175.9,227.0
202606221807,175.96,176.02,176.04,175.94,148.0
202606221808,176.03,176.19,176.22,176.0,197.0
202606221809,176.2,176.25,176.29,176.17,175.0
202606221810,176.24,176.35,176.4,176.21,272.0
202606221811,176.33,176.16,176.36,176.14,192.0
202606221812,176.16,176.31,176.34,176.08,106.0
202606221813,176.31,176.31,176.35,176.28,194.0
202606221814,176.33,176.23,176.38,176.19,90.0
202606221815,176.23,176.27,176.35,176.22,170.0
202606221816,176.28,176.4,176.45,176.22,130.0
202606221817,176.41,176.37,176.55,176.36,107.0
202606221818,176.42,176.5,176.52,176.37,108.0
202606221819,176.5,176.6,176.66,176.48,158.0
202606221820,176.61,176.87,176.91,176.59,360.0
202606221821,176.87,176.95,176.98,176.85,126.0
202606221822,176.95,176.92,176.99,176.8,266.0
202606221823,176.9,177.03,177.05,176.85,185.0
202606221824,177.01,176.97,177.1,176.96,178.0
202606221825,176.96,177.16,177.16,176.96,118.0
202606221826,177.12,176.98,177.16,176.86,311.0
202606221827,176.96,177.05,177.09,176.89,272.0
202606221828,177.06,177.05,177.1,177.0,227.0
202606221829,177.02,177.1,177.16,177.0,152.0
202606221830,177.1,177.21,177.23,177.07,167.0
202606221831,177.22,177.31,177.39,177.15,104.0
202606221832,177.28,176.85,177.3,176.72,325.0
202606221833,176.85,176.6,176.88,176.53,636.0
202606221834,176.6,176.44,176.6,176.13,224.0
202606221835,176.44,176.51,176.6,176.43,163.0
202606221836,176.52,176.33,176.54,176.23,194.0
202606221837,176.38,176.29,176.43,176.23,298.0
202606221838,176.33,176.22,176.4,176.19,218.0
202606221839,176.19,176.13,176.27,176.09,150.0
202606221840,176.13,176.25,176.27,176.13,195.0
202606221841,176.24,175.95,176.24,175.93,281.0
202606221842,175.97,176.09,176.16,175.97,128.0
202606221843,176.07,175.92,176.13,175.9,126.0
202606221844,175.92,175.89,175.97,175.79,251.0
202606221845,175.87,175.92,175.93,175.84,200.0
202606221846,175.92,175.88,175.95,175.83,139.0
202606221847,175.88,175.96,175.99,175.85,140.0
202606221848,175.93,175.95,175.95,175.87,115.0
202606221849,175.93,175.97,176.0,175.9,139.0
202606221850,175.96,175.85,175.99,175.84,178.0
202606221851,175.8,175.69,175.82,175.66,172.0
202606221852,175.68,175.39,175.68,175.33,246.0
202606221853,175.41,175.39,175.45,175.3,193.0
202606221854,175.34,175.38,175.49,175.23,255.0
202606221855,175.38,175.12,175.38,175.1,301.0
202606221856,175.11,175.17,175.26,175.05,600.0
202606221857,175.15,175.09,175.33,175.08,308.0
202606221858,175.09,175.06,175.14,174.92,397.0
202606221859,175.05,175.0,175.1,174.96,246.0
202606221900,174.99,174.94,175.06,174.76,250.0
202606221901,174.94,175.04,175.11,174.93,134.0
202606221902,175.06,175.23,175.23,175.03,98.0
202606221903,175.24,175.31,175.42,175.24,346.0
202606221904,175.28,175.42,175.45,175.27,641.0
202606221905,175.39,175.3,175.4,175.24,167.0
202606221906,175.3,175.26,175.3,175.14,224.0
202606221907,175.25,175.08,175.3,175.06,144.0
202606221908,175.05,175.08,175.1,174.98,189.0
202606221909,175.08,174.97,175.12,174.94,517.0
202606221910,174.97,174.84,175.01,174.82,328.0
202606221911,174.84,175.25,175.26,174.73,468.0
202606221912,175.25,175.29,175.38,175.24,169.0
202606221913,175.25,175.15,175.34,175.14,112.0
202606221914,175.12,175.32,175.37,175.07,200.0
202606221915,175.3,175.33,175.42,175.28,103.0
202606221916,175.34,175.43,175.47,175.33,150.0
202606221917,175.39,175.37,175.43,175.29,128.0
202606221918,175.37,175.39,175.42,175.34,123.0
202606221919,175.37,175.34,175.4,175.3,127.0
202606221920,175.32,175.32,175.42,175.22,193.0
202606221921,175.34,175.31,175.39,175.16,153.0
202606221922,175.29,175.32,175.32,175.24,118.0
202606221923,175.33,175.35,175.38,175.27,114.0
202606221924,175.38,175.33,175.38,175.25,164.0
202606221925,175.34,175.14,175.42,175.14,273.0
202606221926,175.14,175.13,175.27,175.03,139.0
202606221927,175.14,175.05,175.18,175.02,177.0
202606221928,175.08,175.09,175.11,174.94,249.0
202606221929,175.11,174.94,175.17,174.94,314.0
202606221930,174.96,175.0,175.04,174.84,176.0
202606221931,174.98,174.93,175.07,174.92,131.0
202606221932,174.94,175.17,175.31,174.9,383.0
202606221933,175.16,175.18,175.39,175.15,634.0
202606221934,175.15,175.19,175.26,175.15,328.0
202606221935,175.2,174.9,175.33,174.9,425.0
202606221936,174.9,175.07,175.07,174.87,281.0
202606221937,175.05,175.22,175.29,174.96,261.0
202606221938,175.2,175.15,175.25,175.09,462.0
202606221939,175.14,175.1,175.16,175.03,134.0
202606221940,175.09,174.98,175.11,174.93,363.0
202606221941,175.02,175.15,175.22,175.01,336.0
202606221942,175.13,174.96,175.23,174.85,493.0
202606221943,174.96,174.88,175.0,174.87,284.0
202606221944,174.88,174.79,174.88,174.76,343.0
202606221945,174.8,174.56,174.9,174.52,421.0
202606221946,174.54,174.8,174.81,174.4,817.0
202606221947,174.79,174.85,174.98,174.79,393.0
202606221948,174.82,174.72,174.85,174.63,350.0
202606221949,174.73,174.97,175.05,174.69,396.0
202606221950,174.94,175.55,175.66,174.92,574.0
202606221951,175.55,175.81,175.9,175.44,674.0
202606221952,175.81,175.87,176.12,175.76,1120.0
202606221953,175.86,175.87,175.87,175.59,488.0
202606221954,175.87,175.75,175.89,175.57,625.0
202606221955,175.7,176.06,176.21,175.66,896.0
202606221956,176.03,175.64,176.03,175.62,879.0
202606221957,175.65,175.39,175.85,175.29,1383.0
202606221958,175.37,175.22,175.77,175.19,2417.0
202606221959,175.24,175.36,175.47,175.09,3671.0
202606222000,175.36,175.36,175.36,175.36,0.0
202606222001,175.69,175.21,175.69,175.21,8.0
202606222002,175.46,174.8,175.46,174.8,32508.0
202606222003,175.11,174.75,175.11,174.51,93.0
202606222004,174.81,174.5,174.81,174.5,43.0
202606222005,174.63,174.55,174.63,174.5,20.0
202606222006,174.5,174.55,174.71,174.45,12.0
202606222007,174.54,174.55,174.55,174.54,5.0
202606222008,174.55,174.55,174.55,174.55,0.0
202606222009,174.55,174.74,174.74,174.55,7.0
202606222010,174.79,174.65,175.0,174.64,6.0
202606222011,175.04,174.9,175.05,174.9,13.0
202606222012,175.07,174.8,175.07,174.8,157.0
202606222013,174.99,174.77,174.99,174.77,2.0
202606222014,174.92,174.92,174.92,174.91,1.0
202606222015,174.95,174.84,174.95,174.84,3.0
202606222016,174.82,174.82,174.82,174.82,1.0
202606222017,174.89,174.89,174.89,174.89,3.0
202606222018,174.82,174.9,174.9,174.82,4.0
202606222019,174.9,174.9,174.9,174.9,0.0
202606222020,174.9,174.9,174.9,174.9,0.0
202606222021,174.82,174.82,174.82,174.82,10.0
202606222022,174.77,174.77,174.77,174.77,1.0
202606222023,174.81,174.81,174.81,174.81,1.0
202606222024,174.75,174.97,175.07,174.75,21.0
202606222025,174.88,174.96,174.96,174.75,7.0
202606222026,174.88,174.75,174.88,174.74,4.0
202606222027,174.84,174.83,174.84,174.83,15.0
202606222028,174.83,174.83,174.83,174.83,0.0
202606222029,174.72,174.86,174.86,174.72,13.0
202606222030,174.8,174.7,174.8,174.7,5.0
202606222031,174.7,174.7,174.7,174.7,0.0
202606222032,174.87,174.95,174.95,174.87,6.0
202606222033,174.96,174.96,174.96,174.95,1.0
202606222034,174.98,174.86,174.99,174.66,7.0
202606222035,174.86,174.86,174.86,174.86,3.0
202606222036,174.86,174.86,174.86,174.86,0.0
202606222037,174.79,174.8,174.85,174.78,6.0
202606222038,174.8,174.8,174.8,174.8,0.0
202606222039,174.85,174.85,174.85,174.85,1.0
202606222040,174.77,174.77,174.78,174.77,1.0
202606222041,174.84,174.84,174.84,174.84,1.0
202606222042,174.93,174.93,174.93,174.93,1.0
202606222043,174.78,174.78,174.78,174.78,1.0
202606222044,174.86,174.81,174.86,174.8,7.0
202606222045,174.81,174.81,174.81,174.81,0.0
202606222046,174.95,174.95,174.95,174.94,5.0
202606222047,174.91,174.91,174.91,174.91,1.0
202606222048,174.95,174.97,174.97,174.95,2.0
202606222049,174.97,174.97,174.97,174.97,0.0
202606222050,174.98,174.98,174.98,174.97,1.0
202606222051,174.98,174.98,174.98,174.98,0.0
202606222052,174.9,174.98,175.0,174.9,33.0
202606222053,174.97,175.01,175.01,174.97,9.0
202606222054,175.2,175.19,175.2,175.19,3.0
202606222055,175.18,175.18,175.19,175.18,2.0
202606222056,175.18,175.18,175.18,175.18,0.0
202606222057,175.0,175.0,175.0,175.0,1.0
202606222058,175.04,175.07,175.08,175.04,6.0
202606222059,175.15,175.06,175.15,175.06,12.0
202606222100,175.1,175.1,175.1,175.1,2.0
202606222101,175.19,175.19,175.19,175.19,1.0
202606222102,175.19,175.19,175.19,175.19,0.0
202606222103,175.06,175.06,175.06,175.06,2.0
202606222104,175.06,174.85,175.07,174.85,105.0
202606222105,174.85,174.85,174.85,174.85,0.0
202606222106,174.85,174.85,174.85,174.85,0.0
202606222107,174.82,175.19,175.19,174.82,48.0
202606222108,174.82,174.82,174.83,174.82,1.0
202606222109,174.86,174.82,174.87,174.82,2.0
202606222110,174.82,174.82,174.82,174.82,0.0
202606222111,175.0,174.91,175.0,174.91,10.0
202606222112,175.01,175.01,175.01,175.0,1.0
202606222113,175.01,175.01,175.01,175.01,0.0
202606222114,175.1,175.1,175.1,175.09,2.0
202606222115,175.01,175.01,175.02,175.01,1.0
202606222116,175.1,175.12,175.13,175.1,2.0
202606222117,175.0,175.15,175.15,175.0,13.0
202606222118,175.14,175.14,175.15,175.14,2.0
202606222119,175.0,175.0,175.0,175.0,3.0
202606222120,175.0,175.0,175.0,175.0,1.0
202606222121,175.16,175.16,175.16,175.15,3.0
202606222122,175.16,175.16,175.16,175.16,0.0
202606222123,175.16,175.16,175.16,175.16,0.0
202606222124,175.08,175.05,175.08,175.05,4.0
202606222125,175.05,175.05,175.05,175.05,12.0
202606222126,175.05,175.05,175.05,175.05,0.0
202606222127,174.94,174.94,174.94,174.93,4.0
202606222128,175.09,175.09,175.09,175.08,1.0
202606222129,175.09,175.09,175.09,175.09,0.0
202606222130,175.08,175.08,175.09,175.08,2.0
202606222131,175.07,175.13,175.13,175.07,11.0
202606222132,175.0,175.0,175.0,175.0,1.0
202606222133,175.0,175.0,175.0,175.0,0.0
202606222134,175.0,175.0,175.0,175.0,0.0
202606222135,175.07,175.07,175.07,175.07,1.0
202606222136,175.07,175.07,175.07,175.07,0.0
202606222137,175.07,175.07,175.07,175.07,0.0
202606222138,175.07,175.07,175.07,175.07,0.0
202606222139,175.0,175.0,175.0,175.0,1.0
202606222140,175.0,175.0,175.0,175.0,0.0
202606222141,175.04,175.04,175.04,175.03,1.0
202606222142,175.04,175.04,175.04,175.04,0.0
202606222143,175.04,175.04,175.04,175.04,0.0
202606222144,175.15,175.15,175.15,175.15,1.0
202606222145,175.2,175.2,175.2,175.2,7.0
202606222146,175.21,175.21,175.21,175.21,1.0
202606222147,175.21,175.21,175.21,175.21,0.0
202606222148,175.12,175.12,175.12,175.12,5.0
202606222149,175.12,175.12,175.12,175.12,0.0
202606222150,175.12,175.12,175.12,175.12,0.0
202606222151,175.25,175.25,175.25,175.25,1.0
202606222152,175.32,175.32,175.33,175.3,9.0
202606222153,175.32,175.32,175.32,175.32,0.0
202606222154,175.34,175.34,175.34,175.34,5.0
202606222155,175.34,175.34,175.34,175.34,0.0
202606222156,175.43,175.43,175.44,175.43,1.0
202606222157,175.43,175.43,175.43,175.43,0.0
202606222158,175.44,175.44,175.44,175.44,1.0
202606222159,175.45,175.34,175.45,175.34,7.0
202606222200,175.33,175.33,175.33,175.32,1.0
202606222201,175.33,175.33,175.33,175.33,0.0
202606222202,175.55,175.55,175.55,175.55,1.0
202606222203,175.5,175.5,175.5,175.5,1.0
202606222204,175.56,175.67,175.67,175.56,2.0
202606222205,175.58,175.66,175.67,175.58,2.0
202606222206,175.69,175.69,175.69,175.68,1.0
202606222207,175.68,175.65,175.68,175.65,13.0
202606222208,175.5,175.53,175.58,175.5,7.0
202606222209,175.53,175.53,175.53,175.53,0.0
202606222210,175.53,175.53,175.53,175.53,0.0
202606222211,175.53,175.53,175.53,175.53,0.0
202606222212,175.53,175.53,175.53,175.53,0.0
202606222213,175.53,175.53,175.53,175.53,0.0
202606222214,175.56,175.56,175.57,175.56,2.0
202606222215,175.56,175.56,175.56,175.56,0.0
202606222216,175.56,175.56,175.56,175.56,0.0
202606222217,175.35,175.33,175.35,175.33,3.0
202606222218,175.33,175.33,175.33,175.33,0.0
202606222219,175.33,175.33,175.33,175.33,0.0
202606222220,175.41,175.5,175.5,175.41,17.0
202606222221,175.5,175.5,175.5,175.5,0.0
202606222222,175.5,175.5,175.5,175.5,0.0
202606222223,175.5,175.5,175.5,175.5,0.0
202606222224,175.5,175.5,175.5,175.5,0.0
202606222225,175.5,175.5,175.5,175.5,0.0
202606222226,175.63,175.63,175.63,175.61,11.0
202606222227,175.64,175.64,175.64,175.64,3.0
202606222228,175.65,175.65,175.65,175.65,1.0
202606222229,175.65,175.65,175.65,175.65,0.0
202606222230,175.54,175.54,175.54,175.54,1.0
202606222231,175.54,175.54,175.54,175.54,0.0
202606222232,175.5,175.5,175.5,175.5,3.0
202606222233,175.5,175.4,175.5,175.4,11.0
202606222234,175.4,175.4,175.4,175.4,0.0
202606222235,175.4,175.4,175.4,175.4,3.0
202606222236,175.41,175.41,175.41,175.41,2.0
202606222237,175.43,175.44,175.44,175.43,7.0
202606222238,175.44,175.44,175.44,175.44,0.0
202606222239,175.45,175.45,175.45,175.45,2.0
202606222240,175.45,175.45,175.45,175.45,0.0
202606222241,175.55,175.49,175.55,175.49,9.0
202606222242,175.49,175.49,175.49,175.49,0.0
202606222243,175.41,175.41,175.42,175.41,9.0
202606222244,175.42,175.21,175.42,175.21,8.0
202606222245,175.6,175.6,175.6,175.6,1.0
202606222246,175.51,175.6,175.6,175.51,7.0
202606222247,175.21,175.21,175.21,175.21,2.0
202606222248,175.21,175.21,175.21,175.21,0.0
202606222249,175.21,175.21,175.21,175.21,0.0
202606222250,175.35,175.35,175.35,175.35,1.0
202606222251,175.35,175.35,175.35,175.35,0.0
202606222252,175.35,175.35,175.35,175.35,0.0
202606222253,175.35,175.35,175.35,175.35,0.0
202606222254,175.35,175.35,175.35,175.35,0.0
202606222255,175.35,175.35,175.35,175.35,0.0
202606222256,175.35,175.35,175.35,175.35,0.0
202606222257,175.35,175.35,175.35,175.35,0.0
202606222258,175.35,175.35,175.35,175.35,0.0
202606222259,175.35,175.35,175.35,175.35,0.0
202606222300,175.4,175.4,175.4,175.4,1.0
202606222301,175.4,175.4,175.4,175.4,0.0
202606222302,175.3,175.47,175.47,175.3,11.0
202606222303,175.47,175.47,175.47,175.47,0.0
202606222304,175.47,175.47,175.47,175.47,0.0
202606222305,175.47,175.47,175.47,175.47,0.0
202606222306,175.47,175.47,175.47,175.47,0.0
202606222307,175.47,175.47,175.47,175.47,0.0
202606222308,175.33,175.35,175.35,175.33,4.0
202606222309,175.37,175.37,175.37,175.37,2.0
202606222310,175.37,175.37,175.37,175.36,10.0
202606222311,175.35,175.35,175.36,175.35,1.0
202606222312,175.36,175.36,175.37,175.36,4.0
202606222313,175.37,175.37,175.38,175.37,3.0
202606222314,175.36,175.35,175.36,175.35,8.0
202606222315,175.35,175.35,175.35,175.35,0.0
202606222316,175.35,175.35,175.35,175.35,0.0
202606222317,175.35,175.35,175.35,175.35,0.0
202606222318,175.35,175.35,175.35,175.35,0.0
202606222319,175.35,175.35,175.35,175.35,0.0
202606222320,175.24,175.21,175.3,175.21,3.0
202606222321,175.08,175.08,175.08,175.08,54.0
202606222322,175.3,175.3,175.3,175.3,7.0
202606222323,175.3,175.3,175.3,175.3,0.0
202606222324,175.3,175.3,175.3,175.3,0.0
202606222325,175.3,175.3,175.3,175.3,0.0
202606222326,175.3,175.3,175.3,175.3,8.0
202606222327,175.3,175.3,175.3,175.3,0.0
202606222328,175.47,175.47,175.47,175.46,7.0
202606222329,175.47,175.47,175.47,175.47,0.0
202606222330,175.45,175.45,175.46,175.45,1.0
202606222331,175.42,175.42,175.42,175.42,4.0
202606222332,175.42,175.42,175.42,175.42,0.0
202606222333,175.42,175.42,175.42,175.42,0.0
202606222334,175.5,175.45,175.5,175.44,4.0
202606222335,175.45,175.45,175.45,175.45,0.0
202606222336,175.45,175.45,175.45,175.45,0.0
202606222337,175.45,175.45,175.45,175.45,0.0
202606222338,175.39,175.35,175.39,175.35,3.0
202606222339,175.35,175.39,175.39,175.35,6.0
202606222340,175.39,175.39,175.39,175.39,0.0
202606222341,175.41,175.41,175.41,175.41,1.0
202606222342,175.41,175.41,175.41,175.41,0.0
202606222343,175.41,175.41,175.41,175.41,0.0
202606222344,175.35,175.3,175.35,175.3,2.0
202606222345,175.35,175.35,175.35,175.34,11.0
202606222346,175.37,175.37,175.37,175.37,2.0
202606222347,175.37,175.37,175.37,175.37,0.0
202606222348,175.33,175.11,175.37,175.11,18.0
202606222349,175.17,175.17,175.17,175.16,2.0
202606222350,175.17,175.17,175.17,175.17,0.0
202606222351,175.34,175.34,175.34,175.34,6.0
202606222352,175.34,175.34,175.34,175.34,0.0
202606222353,175.23,175.23,175.23,175.22,1.0
202606222354,175.23,175.23,175.23,175.23,0.0
202606222355,175.13,175.23,175.23,175.12,12.0
202606222356,175.36,175.36,175.36,175.35,2.0
202606222357,175.3,175.3,175.3,175.3,3.0
202606222358,175.28,175.36,175.36,175.28,3.0
202606222359,175.36,175.39,175.42,175.36,10.0
202606230800,170.0,170.42,171.83,169.78,96.0
202606230801,170.42,170.09,171.94,169.36,143.0
202606230802,170.39,170.48,170.48,170.39,2.0
202606230803,170.37,170.58,170.58,170.2,13.0
202606230804,170.07,170.2,170.2,170.07,12.0
202606230805,170.06,170.0,170.06,170.0,12.0
202606230806,169.99,171.47,171.96,169.99,33.0
202606230807,171.69,170.75,171.71,170.4,65.0
202606230808,170.4,170.2,171.0,169.7,39.0
202606230809,170.04,170.12,171.0,169.3,141.0
202606230810,169.8,170.16,171.0,169.45,41.0
202606230811,170.4,170.67,171.0,170.04,84.0
202606230812,170.54,170.32,170.78,169.72,16.0
202606230813,170.6,170.68,170.68,170.56,5.0
202606230814,170.66,170.72,170.72,170.5,4.0
202606230815,170.79,170.92,170.92,170.7,7.0
202606230816,170.78,170.35,170.79,170.35,15.0
202606230817,170.56,170.89,170.89,170.56,8.0
202606230818,170.94,171.14,171.2,170.94,31.0
202606230819,171.46,171.31,171.46,171.31,3.0
202606230820,171.12,171.11,171.12,171.11,10.0
202606230821,171.73,171.31,171.73,171.31,107.0
202606230822,171.12,170.98,171.12,170.98,3.0
202606230823,170.98,170.98,170.98,170.98,0.0
202606230824,171.17,170.71,171.17,170.71,5.0
202606230825,170.66,170.66,170.66,170.66,1.0
202606230826,170.5,170.5,170.5,170.5,3.0
202606230827,170.0,170.0,170.35,170.0,17.0
202606230828,170.0,170.22,170.22,170.0,7.0
202606230829,170.09,170.41,170.41,170.09,2.0
202606230830,170.41,170.41,170.41,170.41,0.0
202606230831,170.23,170.23,170.23,170.23,1.0
202606230832,170.59,170.59,170.59,170.59,2.0
202606230833,170.44,170.44,170.44,170.44,1.0
202606230834,170.6,170.6,170.6,170.6,19.0
202606230835,170.6,170.6,170.6,170.6,0.0
202606230836,170.87,170.67,170.87,170.67,2.0
202606230837,170.43,170.43,170.43,170.43,1.0
202606230838,170.52,170.0,170.52,170.0,112.0
202606230839,170.37,169.99,170.37,169.99,70.0
202606230840,169.99,169.99,169.99,169.99,0.0
202606230841,171.12,171.33,171.34,170.79,5.0
202606230842,170.99,171.27,171.27,170.99,16.0
202606230843,171.0,171.0,171.0,171.0,1.0
202606230844,171.0,171.0,171.0,171.0,0.0
202606230845,170.77,170.77,170.77,170.77,1.0
202606230846,170.25,170.25,170.32,170.23,89.0
202606230847,170.25,170.25,170.25,170.0,7.0
202606230848,170.01,170.01,170.01,170.01,1.0
202606230849,170.06,170.05,170.06,170.05,5.0
202606230850,169.85,169.53,170.1,169.28,38.0
202606230851,169.32,169.3,169.52,169.3,12.0
202606230852,169.73,169.5,169.73,169.5,2.0
202606230853,169.5,169.5,169.5,169.5,0.0
202606230854,169.59,169.55,169.75,169.5,14.0
202606230855,169.5,169.65,169.75,169.5,8.0
202606230856,169.67,169.5,169.74,169.5,19.0
202606230857,169.75,169.75,169.75,169.75,3.0
202606230858,169.5,169.41,169.5,169.4,5.0
202606230859,169.52,169.64,169.64,169.52,2.0
202606230900,169.5,169.5,169.55,169.48,18.0
202606230901,169.67,169.6,169.75,169.5,33.0
202606230902,169.74,169.75,169.75,169.74,3.0
202606230903,169.7,169.73,169.75,169.7,4.0
202606230904,169.6,169.6,169.6,169.6,1.0
202606230905,169.6,169.6,169.6,169.6,0.0
202606230906,169.75,169.75,169.75,169.75,9.0
202606230907,169.75,169.6,169.75,169.6,15.0
202606230908,169.56,169.51,169.6,169.51,4.0
202606230909,169.66,169.75,169.75,169.66,2.0
202606230910,169.75,169.75,169.75,169.75,0.0
202606230911,169.75,169.75,169.75,169.75,0.0
202606230912,169.57,169.75,169.75,169.57,15.0
202606230913,169.75,169.75,169.75,169.75,39.0
202606230914,169.75,169.75,169.75,169.6,15.0
202606230915,169.6,169.52,169.6,169.52,4.0
202606230916,169.51,169.73,169.74,169.51,6.0
202606230917,169.73,169.73,169.73,169.73,0.0
202606230918,169.65,169.65,169.65,169.65,10.0
202606230919,169.47,169.68,169.75,169.47,6.0
202606230920,169.73,169.75,169.75,169.73,59.0
202606230921,169.75,169.75,169.75,169.75,29.0
202606230922,169.75,169.75,169.75,169.75,0.0
202606230923,169.7,169.51,169.75,169.51,25.0
202606230924,169.75,169.75,169.75,169.75,6.0
202606230925,169.75,169.75,169.75,169.75,3.0
202606230926,169.75,169.75,169.75,169.75,1.0
202606230927,169.75,169.75,169.75,169.74,6.0
202606230928,169.75,169.7,169.75,169.7,7.0
202606230929,169.75,169.75,169.75,169.75,10.0
202606230930,169.75,169.75,169.75,169.75,0.0
202606230931,169.35,169.35,169.36,169.35,3.0
202606230932,169.35,169.35,169.35,169.35,0.0
202606230933,169.3,169.0,169.6,169.0,20.0
202606230934,169.0,169.0,169.0,169.0,0.0
202606230935,169.0,169.0,169.0,169.0,0.0
202606230936,168.88,168.88,168.88,168.87,28.0
202606230937,168.86,169.03,169.2,168.86,52.0
202606230938,168.73,168.64,168.8,168.6,17.0
202606230939,168.61,168.41,168.61,168.41,12.0
202606230940,168.44,168.21,168.5,168.18,22.0
202606230941,168.11,168.16,168.4,168.11,10.0
202606230942,168.3,168.23,168.3,168.23,6.0
202606230943,168.33,168.33,168.33,168.33,1.0
202606230944,168.32,168.26,168.32,168.26,3.0
202606230945,168.45,168.45,168.45,168.45,1.0
202606230946,168.15,168.15,168.15,168.15,1.0
202606230947,168.15,168.15,168.15,168.15,0.0
202606230948,168.48,168.8,168.8,168.48,15.0
202606230949,168.8,168.8,168.8,168.8,0.0
202606230950,169.0,169.0,169.0,169.0,1.0
202606230951,168.81,168.81,168.81,168.81,1.0
202606230952,168.9,168.9,168.9,168.9,1.0
202606230953,168.9,168.9,168.9,168.9,0.0
202606230954,168.9,169.0,169.0,168.9,10.0
202606230955,169.15,169.15,169.16,169.15,2.0
202606230956,168.84,169.23,169.23,168.84,5.0
202606230957,169.0,169.23,169.23,169.0,2.0
202606230958,169.0,168.98,169.0,168.98,2.0
202606230959,169.0,169.23,169.23,169.0,2.0
202606231000,169.23,169.0,169.23,169.0,8.0
202606231001,169.23,169.12,169.23,169.12,13.0
202606231002,169.23,169.0,169.49,169.0,7.0
202606231003,169.0,169.0,169.0,169.0,0.0
202606231004,169.5,169.23,169.52,169.23,11.0
202606231005,169.32,169.32,169.32,169.32,2.0
202606231006,169.69,169.65,169.69,169.65,2.0
202606231007,169.33,169.33,169.33,169.33,1.0
202606231008,169.34,169.6,169.6,169.33,3.0
202606231009,169.6,169.6,169.6,169.6,0.0
202606231010,169.5,169.6,169.6,169.11,18.0
202606231011,169.65,169.6,169.65,169.52,6.0
202606231012,169.6,169.6,169.6,169.52,13.0
202606231013,169.58,169.58,169.58,169.58,1.0
202606231014,169.7,169.7,169.7,169.62,5.0
202606231015,169.75,169.75,169.75,169.75,1.0
202606231016,169.62,169.75,169.75,169.61,4.0
202606231017,169.75,169.75,169.75,169.61,10.0
202606231018,169.75,169.75,169.75,169.5,3.0
202606231019,169.75,169.78,169.78,169.75,3.0
202606231020,169.78,169.5,169.78,169.5,19.0
202606231021,169.61,169.11,169.61,169.0,75.0
202606231022,169.3,169.31,169.31,169.3,2.0
202606231023,169.31,169.31,169.31,169.31,2.0
202606231024,169.16,169.0,169.16,169.0,7.0
202606231025,168.75,168.75,168.75,168.75,1.0
202606231026,168.75,168.75,168.75,168.75,0.0
202606231027,168.75,168.61,168.75,168.61,3.0
202606231028,168.61,168.61,168.61,168.61,0.0
202606231029,168.71,168.61,168.71,168.6,7.0
202606231030,168.55,168.55,168.55,168.55,2.0
202606231031,168.24,168.24,168.24,168.24,7.0
202606231032,168.24,168.24,168.24,168.24,0.0
202606231033,168.24,168.24,168.24,168.24,0.0
202606231034,168.24,168.24,168.24,168.24,0.0
202606231035,168.24,168.24,168.24,168.24,0.0
202606231036,168.65,168.7,168.7,168.65,2.0
202606231037,168.7,168.7,168.7,168.7,0.0
202606231038,168.7,168.7,168.7,168.7,0.0
202606231039,168.66,168.58,168.66,168.57,13.0
202606231040,168.59,168.59,168.6,168.59,1.0
202606231041,168.79,168.79,168.79,168.79,1.0
202606231042,168.74,168.76,168.89,168.74,10.0
202606231043,168.76,168.76,168.76,168.76,0.0
202606231044,168.95,168.95,168.95,168.94,1.0
202606231045,169.2,169.13,169.3,169.01,20.0
202606231046,169.3,169.47,169.7,169.05,21.0
202606231047,169.52,169.5,169.9,169.5,16.0
202606231048,169.66,169.66,169.66,169.66,48.0
202606231049,169.69,169.6,169.8,169.6,8.0
202606231050,169.91,169.45,169.91,169.45,4.0
202606231051,169.45,169.45,169.45,169.45,0.0
202606231052,169.8,169.96,169.96,169.55,32.0
202606231053,169.89,169.57,169.89,169.57,2.0
202606231054,169.57,169.57,169.57,169.57,0.0
202606231055,170.14,169.75,170.15,169.75,13.0
202606231056,170.15,170.16,170.16,170.15,4.0
202606231057,170.22,170.1,170.22,170.1,3.0
202606231058,170.05,170.34,170.34,170.05,3.0
202606231059,170.27,169.95,170.29,169.95,4.0
202606231100,170.46,170.5,170.77,170.1,43.0
202606231101,170.29,170.5,170.5,170.29,2.0
202606231102,170.3,170.69,170.69,170.25,7.0
202606231103,170.28,170.75,170.75,170.24,9.0
202606231104,170.24,169.75,170.48,169.75,54.0
202606231105,169.83,170.3,170.3,169.75,65.0
202606231106,170.26,170.5,170.5,170.25,8.0
202606231107,170.53,171.1,171.1,170.53,61.0
202606231108,171.02,171.38,171.6,171.01,86.0
202606231109,171.63,170.5,171.68,170.5,53.0
202606231110,171.22,171.41,171.5,170.75,59.0
202606231111,171.44,171.0,171.6,171.0,16.0
202606231112,171.2,171.01,171.2,171.01,5.0
202606231113,171.1,171.08,171.1,171.0,8.0
202606231114,171.25,171.08,171.25,171.08,11.0
202606231115,171.08,171.08,171.08,171.08,1.0
202606231116,171.06,171.06,171.06,171.05,3.0
202606231117,171.01,171.2,171.2,171.01,2.0
202606231118,171.2,171.2,171.2,171.2,0.0
202606231119,171.22,171.2,171.23,171.2,2.0
202606231120,171.23,170.81,171.24,170.73,35.0
202606231121,170.72,170.75,171.04,170.66,7.0
202606231122,171.18,171.18,171.18,171.17,2.0
202606231123,171.18,170.66,171.19,170.66,2.0
202606231124,171.2,170.66,171.2,170.66,8.0
202606231125,170.66,170.66,170.66,170.66,0.0
202606231126,170.7,171.33,171.33,170.7,2.0
202606231127,171.0,170.7,171.0,170.7,5.0
202606231128,171.08,170.9,171.08,170.83,9.0
202606231129,170.97,171.1,171.1,170.88,20.0
202606231130,171.1,171.1,171.1,171.1,0.0
202606231131,171.1,171.03,171.1,171.02,5.0
202606231132,171.25,171.43,171.43,171.17,41.0
202606231133,171.35,171.01,171.36,171.0,26.0
202606231134,171.01,171.01,171.31,171.01,33.0
202606231135,171.18,171.01,171.3,171.01,7.0
202606231136,171.25,171.25,171.25,171.25,3.0
202606231137,171.2,171.1,171.25,171.01,5.0
202606231138,171.02,171.05,171.05,171.02,5.0
202606231139,171.04,171.2,171.35,171.04,11.0
202606231140,171.28,171.3,171.3,171.08,9.0
202606231141,171.31,171.26,171.31,171.01,26.0
202606231142,171.2,171.01,171.25,171.01,5.0
202606231143,171.23,171.01,171.33,171.01,8.0
202606231144,171.3,171.01,171.53,171.01,32.0
202606231145,171.01,171.01,171.01,171.01,2.0
202606231146,171.1,170.95,171.1,170.9,19.0
202606231147,171.05,170.71,171.05,170.7,25.0
202606231148,171.0,170.5,171.0,170.5,10.0
202606231149,170.5,170.5,170.5,170.5,0.0
202606231150,170.56,170.56,170.56,170.56,1.0
202606231151,170.61,170.65,170.65,170.6,11.0
202606231152,170.69,170.9,170.9,170.69,13.0
202606231153,170.9,170.9,170.9,170.9,0.0
202606231154,171.0,171.2,171.2,171.0,2.0
202606231155,171.0,171.0,171.0,171.0,5.0
202606231156,171.38,171.38,171.39,171.38,1.0
202606231157,171.32,171.32,171.32,171.32,1.0
202606231158,171.32,171.5,171.5,171.32,2.0
202606231159,171.34,171.34,171.34,171.34,2.0
202606231200,171.35,171.33,171.35,171.32,13.0
202606231201,171.4,171.4,171.7,171.4,7.0
202606231202,171.4,171.49,171.5,171.28,6.0
202606231203,171.5,171.63,171.63,171.5,5.0
202606231204,171.6,171.68,171.77,171.6,41.0
202606231205,171.67,171.4,171.7,171.4,43.0
202606231206,171.11,171.11,171.23,171.11,23.0
202606231207,171.39,171.31,171.39,171.31,6.0
202606231208,171.23,172.0,172.0,171.02,223.0
202606231209,171.89,171.87,171.9,171.7,9.0
202606231210,171.77,171.97,171.97,171.66,7.0
202606231211,171.61,171.41,171.61,171.41,3.0
202606231212,171.35,171.33,171.35,171.33,2.0
202606231213,171.2,171.19,171.2,171.19,4.0
202606231214,171.5,171.5,171.5,171.5,2.0
202606231215,171.65,171.51,171.65,171.51,2.0
202606231216,171.44,171.44,171.45,171.41,6.0
202606231217,171.37,171.5,171.5,171.37,9.0
202606231218,171.21,171.17,171.22,171.02,12.0
202606231219,171.26,171.4,171.4,171.26,7.0
202606231220,171.05,170.73,171.05,170.73,38.0
202606231221,170.67,170.57,170.85,170.57,31.0
202606231222,170.93,170.93,170.93,170.93,1.0
202606231223,170.75,170.5,170.75,170.5,37.0
202606231224,170.54,170.54,170.54,170.53,1.0
202606231225,170.5,170.58,170.79,170.5,17.0
202606231226,170.55,170.55,170.55,170.55,8.0
202606231227,170.69,170.57,170.69,170.56,3.0
202606231228,170.8,170.89,170.91,170.7,16.0
202606231229,170.91,170.71,170.91,170.68,7.0
202606231230,170.68,170.95,170.95,170.68,4.0
202606231231,170.84,170.84,170.84,170.84,1.0
202606231232,170.7,170.8,170.8,170.55,21.0
202606231233,170.8,170.8,170.8,170.8,0.0
202606231234,170.55,170.26,170.55,170.26,5.0
202606231235,170.26,170.26,170.26,170.26,1.0
202606231236,170.36,170.24,170.36,170.24,2.0
202606231237,170.25,170.15,170.4,170.11,19.0
202606231238,170.11,170.0,170.26,170.0,5.0
202606231239,170.28,170.18,170.28,170.18,2.0
202606231240,170.37,170.27,170.37,170.27,2.0
202606231241,170.16,170.39,170.68,170.0,14.0
202606231242,170.5,170.25,170.5,170.25,6.0
202606231243,170.25,170.0,170.42,170.0,14.0
202606231244,170.49,170.0,170.49,170.0,9.0
202606231245,170.52,170.37,170.53,170.32,20.0
202606231246,170.4,170.17,170.47,170.17,7.0
202606231247,170.0,170.0,170.28,170.0,7.0
202606231248,170.0,170.3,170.32,170.0,13.0
202606231249,170.35,170.35,170.35,170.35,1.0
202606231250,170.3,170.46,170.5,170.1,9.0
202606231251,170.6,170.4,170.6,170.4,15.0
202606231252,170.7,170.4,170.99,170.4,14.0
202606231253,170.74,166.08,170.75,165.32,1231.0
202606231254,166.53,165.43,166.83,164.0,905.0
202606231255,166.74,168.62,168.68,166.06,684.0
202606231256,168.71,168.8,169.56,168.03,285.0
202606231257,168.87,168.26,168.88,167.58,132.0
202606231258,168.5,168.23,169.0,168.01,98.0
202606231259,168.07,168.58,168.58,168.04,38.0
202606231300,168.31,169.02,169.2,168.31,55.0
202606231301,169.01,168.66,169.01,168.66,22.0
202606231302,168.5,168.39,168.5,168.08,69.0
202606231303,168.25,168.0,168.57,168.0,94.0
202606231304,168.01,168.23,168.73,168.0,24.0
202606231305,168.68,168.16,168.68,167.7,111.0
202606231306,168.0,167.9,168.1,167.7,47.0
202606231307,167.96,167.88,167.98,167.88,28.0
202606231308,167.93,168.06,168.27,167.89,39.0
202606231309,168.41,168.22,168.51,168.02,36.0
202606231310,168.11,168.02,168.2,168.0,16.0
202606231311,168.29,168.0,168.29,168.0,9.0
202606231312,167.9,168.17,168.17,167.84,22.0
202606231313,168.3,168.83,168.88,168.3,45.0
202606231314,168.99,169.0,169.2,168.9,29.0
202606231315,168.4,168.3,168.4,168.1,7.0
202606231316,168.14,168.4,168.48,168.14,14.0
202606231317,168.78,168.5,168.82,168.5,10.0
202606231318,168.5,168.33,168.5,168.33,2.0
202606231319,168.56,168.49,168.59,168.15,42.0
202606231320,168.61,168.75,168.81,168.5,56.0
202606231321,168.72,168.81,169.36,168.63,51.0
202606231322,168.74,169.4,169.49,168.74,65.0
202606231323,169.01,169.28,169.5,169.01,44.0
202606231324,169.48,169.45,169.75,169.02,80.0
202606231325,169.53,168.87,169.73,168.87,30.0
202606231326,168.89,168.98,169.0,168.6,11.0
202606231327,169.19,168.25,169.19,168.11,55.0
202606231328,168.0,167.6,168.0,167.5,39.0
202606231329,167.51,169.99,170.0,167.5,140.0
202606231330,170.23,170.42,171.1,169.94,313.0
202606231331,170.42,169.8,170.42,169.44,231.0
202606231332,169.8,171.02,171.7,169.8,376.0
202606231333,171.01,171.11,172.42,170.45,6574.0
202606231334,171.11,170.8,171.29,170.41,1065.0
202606231335,170.81,171.7,171.9,170.62,743.0
202606231336,171.7,171.53,171.84,170.91,754.0
202606231337,171.47,171.58,171.8,171.15,657.0
202606231338,171.58,172.08,172.36,171.2,733.0
202606231339,172.21,172.27,172.55,172.02,621.0
202606231340,172.22,172.15,172.27,171.66,412.0
202606231341,172.15,172.26,172.42,171.7,741.0
202606231342,172.15,173.26,173.32,172.15,619.0
202606231343,173.23,172.61,173.26,172.51,524.0
202606231344,172.68,172.94,173.0,172.6,260.0
202606231345,172.96,172.57,173.47,172.4,518.0
202606231346,172.57,172.29,172.77,172.29,591.0
202606231347,172.21,172.4,172.63,172.0,462.0
202606231348,172.4,173.13,173.28,172.21,503.0
202606231349,173.07,172.48,173.23,172.3,566.0
202606231350,172.48,172.77,172.78,172.42,246.0
202606231351,172.81,172.3,172.9,172.3,419.0
202606231352,172.27,172.69,172.74,172.27,280.0
202606231353,172.74,172.38,172.74,172.24,264.0
202606231354,172.4,172.54,172.66,172.1,408.0
202606231355,172.51,172.57,173.01,172.49,613.0
202606231356,172.53,172.54,172.75,172.42,421.0
202606231357,172.59,173.13,173.25,172.59,326.0
202606231358,173.11,173.54,173.66,173.06,323.0
202606231359,173.58,173.35,173.61,173.27,264.0
202606231400,173.43,173.04,173.65,172.86,262.0
202606231401,173.12,173.81,173.95,173.12,282.0
202606231402,173.8,174.09,174.14,173.68,1097.0
202606231403,174.12,173.74,174.33,173.67,586.0
202606231404,173.95,173.93,174.18,173.68,330.0
202606231405,173.98,173.78,174.2,173.77,481.0
202606231406,173.84,173.77,174.11,173.26,379.0
202606231407,173.84,173.0,173.94,173.0,266.0
202606231408,173.08,172.7,173.15,172.65,255.0
202606231409,172.8,173.04,173.28,172.71,261.0
202606231410,173.12,172.88,173.4,172.8,379.0
202606231411,172.87,173.21,173.22,172.56,498.0
202606231412,173.19,173.44,173.47,173.13,629.0
202606231413,173.39,173.0,173.61,172.91,485.0
202606231414,173.06,173.33,173.38,172.74,381.0
202606231415,173.28,172.78,173.28,172.75,524.0
202606231416,172.82,172.98,173.11,172.7,354.0
202606231417,172.95,173.37,173.39,172.95,433.0
202606231418,173.36,173.26,173.47,173.12,326.0
202606231419,173.22,172.9,173.29,172.68,190.0
202606231420,172.81,173.01,173.28,172.81,437.0
202606231421,173.01,172.9,173.14,172.71,287.0
202606231422,172.9,172.86,173.18,172.74,346.0
202606231423,172.87,172.74,173.08,172.73,203.0
202606231424,172.78,172.59,172.83,172.5,407.0
202606231425,172.58,172.47,172.79,172.41,340.0
202606231426,172.46,172.57,172.58,172.28,266.0
202606231427,172.55,172.64,172.92,172.52,293.0
202606231428,172.66,172.89,172.89,172.36,402.0
202606231429,172.87,172.63,172.93,172.51,567.0
202606231430,172.72,172.4,172.78,172.37,307.0
202606231431,172.38,172.03,172.46,172.02,660.0
202606231432,172.02,172.15,172.23,171.8,679.0
202606231433,172.11,172.58,172.84,172.1,356.0
202606231434,172.57,172.64,172.68,172.43,251.0
202606231435,172.64,172.68,172.71,172.49,279.0
202606231436,172.72,172.91,173.06,172.72,232.0
202606231437,172.97,172.69,173.0,172.56,148.0
202606231438,172.69,172.42,172.72,172.25,346.0
202606231439,172.42,172.4,172.63,172.32,232.0
202606231440,172.37,172.27,172.52,172.03,241.0
202606231441,172.27,171.95,172.27,171.94,115.0
202606231442,171.9,172.01,172.04,171.68,783.0
202606231443,172.01,172.12,172.13,171.78,298.0
202606231444,172.14,171.86,172.15,171.8,552.0
202606231445,171.93,171.81,172.06,171.8,139.0
202606231446,171.78,171.89,172.01,171.77,246.0
202606231447,171.83,171.7,171.88,171.65,186.0
202606231448,171.7,171.75,171.85,171.64,382.0
202606231449,171.73,171.87,171.89,171.69,125.0
202606231450,171.9,172.02,172.02,171.71,368.0
202606231451,171.97,171.91,172.32,171.71,695.0
202606231452,171.95,171.83,172.01,171.72,258.0
202606231453,171.85,171.18,171.85,171.07,797.0
202606231454,171.27,171.3,171.38,171.1,305.0
202606231455,171.32,171.3,171.5,171.2,250.0
202606231456,171.35,171.43,171.44,171.21,290.0
202606231457,171.43,171.48,171.77,171.35,313.0
202606231458,171.52,170.85,171.52,170.72,850.0
202606231459,170.81,171.0,171.06,170.81,339.0
202606231500,170.99,171.16,171.19,170.72,403.0
202606231501,171.18,171.08,171.43,170.91,481.0
202606231502,171.07,170.77,171.16,170.65,549.0
202606231503,170.72,170.61,170.8,170.5,574.0
202606231504,170.59,170.41,170.76,170.38,353.0
202606231505,170.41,170.17,170.5,170.11,229.0
202606231506,170.13,170.3,170.3,170.05,325.0
202606231507,170.24,170.24,170.26,169.88,1125.0
202606231508,170.14,170.16,170.29,169.95,359.0
202606231509,170.12,170.16,170.22,170.01,226.0
202606231510,170.13,170.05,170.27,169.9,333.0
202606231511,170.1,170.2,170.27,170.06,257.0
202606231512,170.28,170.7,170.7,170.23,299.0
202606231513,170.72,170.35,170.79,170.32,281.0
202606231514,170.44,170.56,170.6,170.33,146.0
202606231515,170.57,170.44,170.66,170.24,364.0
202606231516,170.48,170.52,170.58,170.33,388.0
202606231517,170.52,170.5,170.71,170.45,358.0
202606231518,170.54,169.85,170.54,169.77,244.0
202606231519,169.85,169.63,169.94,169.58,372.0
202606231520,169.69,169.94,169.95,169.65,262.0
202606231521,169.9,169.95,170.04,169.88,311.0
202606231522,169.94,169.83,169.97,169.72,177.0
202606231523,169.78,169.92,169.94,169.71,182.0
202606231524,169.87,169.8,169.94,169.72,298.0
202606231525,169.82,169.54,169.82,169.38,576.0
202606231526,169.5,169.56,169.59,169.37,759.0
202606231527,169.56,169.34,169.59,169.34,280.0
202606231528,169.45,169.32,169.46,169.18,436.0
202606231529,169.32,169.28,169.38,169.1,721.0
202606231530,169.29,169.36,169.42,169.28,259.0
202606231531,169.32,169.5,169.54,169.3,327.0
202606231532,169.49,169.42,169.5,169.34,195.0
202606231533,169.41,169.56,169.66,169.41,637.0
202606231534,169.57,169.5,169.73,169.4,499.0
202606231535,169.48,169.54,169.72,169.44,432.0
202606231536,169.49,169.37,169.59,169.37,197.0
202606231537,169.39,169.34,169.46,169.22,569.0
202606231538,169.28,169.05,169.35,168.94,751.0
202606231539,169.06,169.16,169.26,169.06,242.0
202606231540,169.13,169.14,169.25,169.0,165.0
202606231541,169.15,169.3,169.38,169.1,328.0
202606231542,169.25,169.23,169.31,169.05,197.0
202606231543,169.26,169.25,169.35,169.17,138.0
202606231544,169.27,169.36,169.41,169.19,534.0
202606231545,169.37,169.37,169.4,169.25,426.0
202606231546,169.33,169.34,169.4,169.26,147.0
202606231547,169.3,169.27,169.31,169.15,144.0
202606231548,169.23,169.36,169.36,169.22,385.0
202606231549,169.33,169.05,169.35,169.02,245.0
202606231550,169.05,169.0,169.05,168.86,238.0
202606231551,169.0,169.1,169.2,168.94,670.0
202606231552,169.07,169.11,169.2,169.02,187.0
202606231553,169.14,169.22,169.38,169.11,321.0
202606231554,169.18,169.26,169.34,169.1,221.0
202606231555,169.26,169.31,169.31,169.1,283.0
202606231556,169.32,169.34,169.49,169.06,628.0
202606231557,169.38,169.56,169.6,169.26,556.0
202606231558,169.56,169.49,169.66,169.42,313.0
202606231559,169.43,169.48,169.59,169.36,253.0
202606231600,169.48,169.66,169.66,169.31,236.0
202606231601,169.68,169.76,169.9,169.63,153.0
202606231602,169.76,169.99,170.24,169.68,482.0
202606231603,169.95,170.1,170.23,169.94,222.0
202606231604,170.23,170.13,170.23,170.0,162.0
202606231605,170.17,169.67,170.3,169.58,306.0
202606231606,169.67,169.8,169.84,169.56,153.0
202606231607,169.8,169.69,169.81,169.52,210.0
202606231608,169.71,169.44,169.75,169.4,578.0
202606231609,169.45,169.1,169.49,168.98,420.0
202606231610,169.1,169.31,169.33,169.1,270.0
202606231611,169.3,169.36,169.36,169.18,234.0
202606231612,169.36,169.26,169.43,169.26,226.0
202606231613,169.26,168.74,169.35,168.71,319.0
202606231614,168.75,168.8,168.92,168.7,729.0
202606231615,168.84,168.64,168.91,168.59,522.0
202606231616,168.62,168.54,168.75,168.47,525.0
202606231617,168.54,168.45,168.54,168.39,380.0
202606231618,168.45,168.5,168.6,168.42,415.0
202606231619,168.47,168.41,168.55,168.32,344.0
202606231620,168.39,168.28,168.43,168.2,645.0
202606231621,168.26,168.56,168.56,168.26,276.0
202606231622,168.52,168.68,168.78,168.48,193.0
202606231623,168.73,168.74,168.81,168.66,300.0
202606231624,168.76,168.67,168.76,168.61,167.0
202606231625,168.67,168.67,168.8,168.63,118.0
202606231626,168.67,168.61,168.7,168.56,240.0
202606231627,168.6,168.57,168.63,168.5,160.0
202606231628,168.56,168.53,168.6,168.45,341.0
202606231629,168.54,168.48,168.61,168.48,148.0
202606231630,168.47,168.33,168.5,168.16,394.0
202606231631,168.31,168.47,168.52,168.27,149.0
202606231632,168.47,168.4,168.57,168.35,353.0
202606231633,168.4,168.45,168.5,168.25,544.0
202606231634,168.46,168.31,168.51,168.31,249.0
202606231635,168.33,168.21,168.39,168.21,199.0
202606231636,168.22,168.45,168.53,168.21,249.0
202606231637,168.41,168.44,168.51,168.37,136.0
202606231638,168.48,168.34,168.51,168.34,104.0
202606231639,168.37,168.45,168.46,168.31,150.0
202606231640,168.45,168.62,168.77,168.45,157.0
202606231641,168.64,168.68,168.7,168.58,148.0
202606231642,168.65,168.8,168.84,168.59,647.0
202606231643,168.8,168.79,168.86,168.74,110.0
202606231644,168.76,168.67,168.79,168.64,148.0
202606231645,168.7,168.61,168.74,168.53,188.0
202606231646,168.62,168.54,168.64,168.52,102.0
202606231647,168.53,168.49,168.53,168.33,280.0
202606231648,168.5,168.32,168.53,168.3,87.0
202606231649,168.36,168.43,168.44,168.19,396.0
202606231650,168.4,168.27,168.43,168.19,170.0
202606231651,168.29,168.07,168.3,167.9,693.0
202606231652,168.05,168.05,168.1,168.02,386.0
202606231653,168.09,168.11,168.14,168.0,238.0
202606231654,168.11,168.2,168.2,168.09,229.0
202606231655,168.21,168.31,168.35,168.21,154.0
202606231656,168.35,168.4,168.66,168.35,231.0
202606231657,168.4,168.53,168.53,168.37,294.0
202606231658,168.54,168.5,168.58,168.46,111.0
202606231659,168.49,168.49,168.53,168.43,155.0
202606231700,168.55,168.57,168.81,168.42,627.0
202606231701,168.52,168.31,168.57,168.25,213.0
202606231702,168.38,168.37,168.4,168.09,314.0
202606231703,168.36,168.29,168.36,168.25,142.0
202606231704,168.29,168.33,168.34,168.23,265.0
202606231705,168.33,168.36,168.41,168.3,154.0
202606231706,168.37,168.36,168.39,168.3,231.0
202606231707,168.36,168.27,168.38,168.22,182.0
202606231708,168.24,168.29,168.36,168.18,121.0
202606231709,168.23,168.25,168.3,168.16,162.0
202606231710,168.25,168.22,168.34,168.19,291.0
202606231711,168.26,168.47,168.53,168.22,253.0
202606231712,168.53,168.46,168.57,168.43,189.0
202606231713,168.47,168.48,168.54,168.44,92.0
202606231714,168.44,168.27,168.49,168.24,239.0
202606231715,168.27,168.39,168.4,168.23,166.0
202606231716,168.4,168.33,168.41,168.3,116.0
202606231717,168.31,168.23,168.31,168.18,267.0
202606231718,168.22,168.33,168.37,168.21,205.0
202606231719,168.28,167.91,168.3,167.91,407.0
202606231720,167.92,167.93,168.01,167.8,327.0
202606231721,167.93,168.13,168.17,167.9,322.0
202606231722,168.16,167.93,168.38,167.9,693.0
202606231723,167.93,167.97,168.08,167.93,177.0
202606231724,168.02,167.91,168.03,167.81,364.0
202606231725,167.94,167.89,168.02,167.81,280.0
202606231726,167.86,167.81,168.0,167.77,294.0
202606231727,167.81,167.89,167.98,167.79,313.0
202606231728,167.9,167.89,168.01,167.86,277.0
202606231729,167.9,167.93,168.0,167.86,224.0
202606231730,167.94,167.99,168.03,167.88,218.0
202606231731,168.02,167.94,168.02,167.87,140.0
202606231732,167.93,167.99,168.0,167.9,119.0
202606231733,168.01,167.97,168.02,167.9,258.0
202606231734,167.98,168.01,168.01,167.88,509.0
202606231735,168.01,168.2,168.24,168.01,276.0
202606231736,168.2,168.16,168.24,168.13,107.0
202606231737,168.18,168.04,168.2,167.98,318.0
202606231738,168.03,167.95,168.03,167.89,463.0
202606231739,167.98,167.91,168.13,167.86,608.0
202606231740,167.89,167.75,167.97,167.67,830.0
202606231741,167.76,167.74,167.89,167.68,208.0
202606231742,167.76,167.66,167.79,167.63,161.0
202606231743,167.63,167.74,167.75,167.59,427.0
202606231744,167.68,167.57,167.7,167.54,337.0
202606231745,167.55,167.61,167.67,167.49,635.0
202606231746,167.61,167.53,167.69,167.52,258.0
202606231747,167.5,167.35,167.53,167.29,784.0
202606231748,167.34,167.3,167.52,167.21,802.0
202606231749,167.31,167.24,167.4,167.21,588.0
202606231750,167.25,167.05,167.25,167.02,663.0
202606231751,167.05,166.65,167.06,166.56,1023.0
202606231752,166.71,166.47,166.71,166.34,681.0
202606231753,166.47,166.2,166.5,166.15,633.0
202606231754,166.2,165.94,166.31,165.84,1038.0
202606231755,165.94,166.28,166.33,165.83,454.0
202606231756,166.3,166.41,166.43,166.22,343.0
202606231757,166.38,166.28,166.47,166.24,253.0
202606231758,166.27,165.95,166.33,165.91,386.0
202606231759,165.9,165.87,166.06,165.86,387.0
202606231800,165.9,166.18,166.2,165.86,326.0
202606231801,166.21,166.37,166.43,166.14,396.0
202606231802,166.38,166.44,166.54,166.31,534.0
202606231803,166.4,166.46,166.61,166.3,790.0
202606231804,166.43,166.37,166.43,166.3,353.0
202606231805,166.31,166.38,166.42,166.3,234.0
202606231806,166.38,166.32,166.44,166.3,316.0
202606231807,166.33,166.13,166.39,166.0,380.0
202606231808,166.13,166.23,166.23,165.92,715.0
202606231809,166.22,166.12,166.25,166.02,228.0
202606231810,166.12,166.06,166.18,165.91,515.0
202606231811,166.07,166.15,166.22,166.03,535.0
202606231812,166.15,166.06,166.15,166.01,276.0
202606231813,166.06,166.07,166.15,166.02,234.0
202606231814,166.08,166.01,166.1,165.99,506.0
202606231815,165.98,166.04,166.11,165.96,218.0
202606231816,166.05,165.92,166.08,165.82,606.0
202606231817,165.9,165.93,166.05,165.88,314.0
202606231818,165.93,165.93,166.01,165.92,208.0
202606231819,165.96,165.92,165.98,165.88,203.0
202606231820,165.92,165.78,165.99,165.7,365.0
202606231821,165.78,165.8,165.89,165.74,526.0
202606231822,165.8,165.88,165.93,165.75,298.0
202606231823,165.86,165.94,166.05,165.86,412.0
202606231824,165.96,165.88,166.03,165.8,436.0
202606231825,165.88,165.8,165.9,165.77,355.0
202606231826,165.82,165.8,165.83,165.71,143.0
202606231827,165.8,165.72,165.82,165.72,173.0
202606231828,165.73,165.58,165.75,165.54,536.0
202606231829,165.57,165.59,165.65,165.57,365.0
202606231830,165.59,165.48,165.62,165.45,311.0
202606231831,165.48,165.46,165.54,165.32,595.0
202606231832,165.46,165.45,165.56,165.43,258.0
202606231833,165.46,165.33,165.48,165.32,443.0
202606231834,165.32,165.75,165.76,165.28,841.0
202606231835,165.72,165.52,165.85,165.25,475.0
202606231836,165.59,165.61,165.73,165.43,465.0
202606231837,165.59,165.46,165.61,165.43,333.0
202606231838,165.47,165.36,165.49,165.34,186.0
202606231839,165.37,165.41,165.45,165.29,222.0
202606231840,165.43,165.37,165.48,165.28,363.0
202606231841,165.34,165.35,165.5,165.34,257.0
202606231842,165.34,165.28,165.44,165.25,272.0
202606231843,165.29,165.18,165.39,165.15,316.0
202606231844,165.17,165.27,165.37,165.14,407.0
202606231845,165.31,165.16,165.37,165.15,360.0
202606231846,165.19,165.23,165.41,165.15,223.0
202606231847,165.24,165.19,165.28,165.16,297.0
202606231848,165.2,165.29,165.33,165.16,405.0
202606231849,165.29,165.3,165.32,165.22,198.0
202606231850,165.28,165.73,165.79,165.28,680.0
202606231851,165.73,165.53,165.79,165.48,393.0
202606231852,165.56,165.43,165.63,165.42,178.0
202606231853,165.45,165.3,165.48,165.29,251.0
202606231854,165.27,165.49,165.52,165.19,316.0
202606231855,165.47,165.2,165.49,165.15,321.0
202606231856,165.22,165.22,165.28,165.18,286.0
202606231857,165.24,165.48,165.5,165.23,243.0
202606231858,165.48,165.72,165.74,165.42,175.0
202606231859,165.72,165.79,165.79,165.62,277.0
202606231900,165.75,165.64,165.75,165.55,284.0
202606231901,165.64,165.89,165.9,165.62,298.0
202606231902,165.87,165.84,165.9,165.63,583.0
202606231903,165.83,165.94,165.94,165.8,273.0
202606231904,165.9,165.92,165.96,165.81,617.0
202606231905,165.96,166.35,166.51,165.96,764.0
202606231906,166.37,166.1,166.43,166.09,849.0
202606231907,166.13,166.06,166.25,166.0,293.0
202606231908,166.11,165.93,166.11,165.61,644.0
202606231909,165.9,166.13,166.15,165.86,285.0
202606231910,166.12,166.2,166.41,166.03,365.0
202606231911,166.23,166.35,166.35,166.16,238.0
202606231912,166.32,166.39,166.51,166.23,468.0
202606231913,166.4,166.13,166.41,166.09,403.0
202606231914,166.16,166.09,166.2,166.09,247.0
202606231915,166.12,166.06,166.18,166.0,336.0
202606231916,166.06,166.05,166.18,165.96,398.0
202606231917,166.05,165.83,166.06,165.8,305.0
202606231918,165.81,165.7,165.83,165.64,563.0
202606231919,165.67,165.77,165.83,165.65,327.0
202606231920,165.78,165.73,165.87,165.7,206.0
202606231921,165.72,165.96,165.96,165.67,213.0
202606231922,165.96,165.88,166.03,165.87,272.0
202606231923,165.9,166.4,166.41,165.89,650.0
202606231924,166.43,166.07,166.43,166.06,263.0
202606231925,166.09,166.08,166.14,165.86,385.0
202606231926,166.09,166.03,166.22,166.02,323.0
202606231927,166.0,166.02,166.08,165.98,244.0
202606231928,166.05,166.12,166.21,165.88,402.0
202606231929,166.09,166.12,166.24,166.01,699.0
202606231930,166.14,165.76,166.17,165.71,699.0
202606231931,165.74,165.51,165.74,165.5,681.0
202606231932,165.51,165.7,165.76,165.36,701.0
202606231933,165.72,165.77,165.84,165.67,343.0
202606231934,165.77,165.83,165.93,165.75,540.0
202606231935,165.82,165.97,166.03,165.75,507.0
202606231936,165.99,165.87,166.04,165.85,552.0
202606231937,165.88,166.01,166.04,165.85,461.0
202606231938,166.04,165.9,166.08,165.9,455.0
202606231939,165.9,165.94,166.01,165.87,545.0
202606231940,165.95,166.07,166.1,165.86,617.0
202606231941,166.03,166.21,166.27,165.94,444.0
202606231942,166.19,166.12,166.3,165.98,609.0
202606231943,166.13,166.34,166.42,165.87,503.0
202606231944,166.36,165.84,166.57,165.74,1195.0
202606231945,165.87,165.66,165.92,165.62,931.0
202606231946,165.66,165.63,165.78,165.55,760.0
202606231947,165.65,165.51,165.7,165.36,1070.0
202606231948,165.51,165.48,165.59,165.43,679.0
202606231949,165.5,165.8,166.03,165.49,776.0
202606231950,165.73,165.53,166.02,165.39,1148.0
202606231951,165.55,165.24,165.63,165.0,1614.0
202606231952,165.24,165.15,165.32,165.0,1251.0
202606231953,165.15,165.33,165.45,165.15,905.0
202606231954,165.33,165.08,165.38,164.85,1917.0
202606231955,165.07,165.08,165.17,164.92,1788.0
202606231956,165.1,165.07,165.57,164.88,1837.0
202606231957,165.09,165.1,165.47,164.61,3630.0
202606231958,165.09,165.44,165.55,164.93,3100.0
202606231959,165.46,165.23,165.68,164.99,6081.0
202606232000,165.24,165.2,165.25,165.2,94.0
202606232001,165.2,165.2,165.2,165.2,1.0
202606232002,165.24,165.26,165.26,165.24,26.0
202606232003,165.15,165.15,165.15,165.15,2.0
202606232004,165.2,165.16,165.2,165.15,41745.0
202606232005,165.25,165.3,165.3,165.25,26.0
202606232006,165.3,165.3,165.3,165.3,1.0
202606232007,165.38,165.38,165.38,165.38,18.0
202606232008,165.34,165.48,165.49,165.34,3.0
202606232009,165.38,165.5,165.5,165.38,16.0
202606232010,165.4,165.3,165.48,165.3,27.0
202606232011,165.47,165.5,165.5,165.46,5.0
202606232012,165.5,165.15,165.5,165.15,41.0
202606232013,165.47,165.45,165.48,165.45,6.0
202606232014,165.5,165.5,165.5,165.5,15.0
202606232015,165.3,165.21,165.3,165.21,4.0
202606232016,165.21,165.21,165.21,165.21,0.0
202606232017,165.29,165.28,165.29,165.2,7.0
202606232018,165.15,165.28,165.29,165.15,19.0
202606232019,165.15,165.3,165.3,165.15,103.0
202606232020,165.2,165.2,165.2,165.2,1.0
202606232021,165.3,165.3,165.3,165.3,1.0
202606232022,165.3,165.3,165.31,165.29,12.0
202606232023,165.37,165.37,165.37,165.37,4.0
202606232024,165.38,165.05,165.38,165.05,38.0
202606232025,165.2,165.5,165.5,165.2,14.0
202606232026,165.16,165.46,165.46,165.16,1638.0
202606232027,165.37,165.37,165.37,165.37,1.0
202606232028,165.37,165.37,165.37,165.37,0.0
202606232029,165.5,165.5,165.5,165.5,1.0
202606232030,165.3,165.25,165.3,165.25,8.0
202606232031,165.49,165.75,165.75,165.45,48.0
202606232032,165.5,165.5,165.5,165.5,2.0
202606232033,165.5,165.5,165.5,165.5,0.0
202606232034,165.5,165.5,165.5,165.5,0.0
202606232035,165.69,165.7,165.7,165.69,29.0
202606232036,165.7,165.7,165.7,165.7,0.0
202606232037,165.7,165.7,165.7,165.7,0.0
202606232038,165.51,165.51,165.51,165.51,1.0
202606232039,165.5,165.5,165.51,165.5,1.0
202606232040,165.5,165.56,165.57,165.5,5.0
202606232041,165.56,165.56,165.56,165.56,0.0
202606232042,165.56,165.56,165.56,165.56,0.0
202606232043,165.5,165.5,165.6,165.5,7.0
202606232044,165.6,165.6,165.6,165.59,13.0
202606232045,165.65,165.6,165.65,165.6,11.0
202606232046,165.6,165.6,165.6,165.6,0.0
202606232047,165.6,165.6,165.6,165.6,0.0
202606232048,165.5,165.5,165.5,165.5,1.0
202606232049,165.5,165.5,165.5,165.5,0.0
202606232050,165.26,165.49,165.5,165.26,16.0
202606232051,165.49,165.65,165.65,165.49,7.0
202606232052,165.65,165.65,165.65,165.65,4.0
202606232053,165.52,165.56,165.56,165.52,2.0
202606232054,165.56,165.56,165.56,165.56,0.0
202606232055,165.56,165.56,165.56,165.56,0.0
202606232056,165.56,165.56,165.56,165.56,0.0
202606232057,165.6,165.6,165.6,165.6,4.0
202606232058,165.62,165.65,165.65,165.6,13.0
202606232059,165.65,165.65,165.65,165.65,0.0
202606232100,165.65,165.65,165.65,165.65,0.0
202606232101,165.65,165.65,165.65,165.65,0.0
202606232102,165.55,165.55,165.55,165.55,3.0
202606232103,165.55,165.59,165.59,165.55,3.0
202606232104,165.59,165.59,165.59,165.59,0.0
202606232105,165.59,165.59,165.59,165.59,0.0
202606232106,165.59,165.59,165.59,165.59,0.0
202606232107,165.51,165.5,165.51,165.5,2.0
202606232108,165.5,165.49,165.5,165.3,38.0
202606232109,165.66,165.59,165.66,165.49,8.0
202606232110,165.59,165.59,165.59,165.59,1.0
202606232111,165.59,165.59,165.59,165.59,0.0
202606232112,165.55,165.55,165.55,165.55,1.0
202606232113,165.55,165.55,165.55,165.55,0.0
202606232114,165.6,165.6,165.6,165.6,1.0
202606232115,165.6,165.6,165.6,165.6,0.0
202606232116,165.5,165.5,165.5,165.5,1.0
202606232117,165.5,165.5,165.5,165.5,0.0
202606232118,165.36,165.32,165.36,165.32,3.0
202606232119,165.47,165.45,165.47,165.42,23.0
202606232120,165.28,165.3,165.3,165.27,4.0
202606232121,165.4,165.4,165.4,165.3,9.0
202606232122,165.4,165.4,165.4,165.4,0.0
202606232123,165.5,165.5,165.5,165.5,5.0
202606232124,165.5,165.5,165.5,165.5,0.0
202606232125,165.5,165.5,165.5,165.5,0.0
202606232126,165.5,165.5,165.5,165.5,4.0
202606232127,165.5,165.5,165.5,165.5,0.0
202606232128,165.51,165.58,165.58,165.51,4.0
202606232129,165.58,165.58,165.58,165.58,0.0
202606232130,165.58,165.58,165.58,165.58,0.0
202606232131,165.54,165.54,165.54,165.54,1.0
202606232132,165.54,165.54,165.54,165.54,0.0
202606232133,165.6,165.6,165.6,165.6,8.0
202606232134,165.63,165.63,165.64,165.63,1.0
202606232135,165.66,165.66,165.66,165.66,6.0
202606232136,165.66,165.66,165.66,165.66,0.0
202606232137,165.61,165.61,165.61,165.6,2.0
202606232138,165.61,165.61,165.61,165.61,0.0
202606232139,165.61,165.61,165.61,165.61,0.0
202606232140,165.6,165.66,165.66,165.6,17.0
202606232141,165.7,165.79,165.79,165.7,15.0
202606232142,165.79,165.79,165.79,165.79,0.0
202606232143,165.8,165.67,165.8,165.67,5.0
202606232144,165.75,165.75,165.75,165.75,2.0
202606232145,165.78,165.78,165.79,165.78,2.0
202606232146,165.78,165.78,165.79,165.78,1.0
202606232147,165.69,165.81,165.81,165.68,19.0
202606232148,165.82,165.81,165.82,165.8,5.0
202606232149,165.81,165.81,165.81,165.81,0.0
202606232150,165.8,165.84,165.84,165.8,3.0
202606232151,165.84,165.8,165.84,165.8,19.0
202606232152,165.8,165.8,165.8,165.8,2.0
202606232153,165.8,165.8,165.8,165.8,0.0
202606232154,165.8,165.8,165.8,165.8,0.0
202606232155,165.8,165.8,165.8,165.8,0.0
202606232156,165.8,165.8,165.8,165.8,0.0
202606232157,165.83,165.83,165.83,165.82,3.0
202606232158,165.78,165.78,165.78,165.78,4.0
202606232159,165.84,165.84,165.84,165.84,10.0
202606232200,165.84,165.84,165.84,165.84,0.0
202606232201,165.84,165.84,165.84,165.84,0.0
202606232202,165.84,165.7,165.84,165.7,14.0
202606232203,165.7,165.7,165.7,165.7,0.0
202606232204,165.8,165.8,165.8,165.8,5.0
202606232205,165.7,165.68,165.7,165.67,15.0
202606232206,165.81,165.81,165.81,165.8,1.0
202606232207,165.84,165.84,165.84,165.84,10.0
202606232208,165.84,165.84,165.84,165.84,0.0
202606232209,165.76,165.76,165.76,165.76,1.0
202606232210,165.79,165.71,165.8,165.7,4.0
202606232211,165.75,165.75,165.75,165.75,1.0
202606232212,165.75,165.78,165.78,165.75,6.0
202606232213,165.84,165.82,165.84,165.81,7.0
202606232214,165.83,165.83,165.83,165.83,5.0
202606232215,165.83,165.83,165.83,165.83,0.0
202606232216,165.85,165.9,165.9,165.85,5.0
202606232217,165.87,165.87,165.87,165.87,1.0
202606232218,165.85,165.94,165.94,165.85,59.0
202606232219,165.84,165.9,165.9,165.84,8.0
202606232220,165.92,165.92,165.92,165.92,6.0
202606232221,165.66,165.66,165.66,165.66,1.0
202606232222,165.66,165.75,165.75,165.66,104.0
202606232223,165.75,165.75,165.75,165.75,0.0
202606232224,165.66,165.66,165.66,165.66,1.0
202606232225,165.71,165.71,165.72,165.71,1.0
202606232226,165.7,165.7,165.7,165.7,15.0
202606232227,165.7,165.7,165.7,165.7,0.0
202606232228,165.6,165.6,165.6,165.6,10.0
202606232229,165.57,165.57,165.57,165.57,8.0
202606232230,165.57,165.57,165.57,165.57,0.0
202606232231,165.57,165.57,165.57,165.57,0.0
202606232232,165.57,165.57,165.57,165.57,0.0
202606232233,165.66,165.66,165.66,165.66,1.0
202606232234,165.7,165.7,165.7,165.7,10.0
202606232235,165.47,165.38,165.47,165.38,12.0
202606232236,165.42,165.34,165.42,165.33,4.0
202606232237,165.4,165.4,165.4,165.4,10.0
202606232238,165.43,165.38,165.43,165.38,8.0
202606232239,165.4,165.3,165.4,165.3,8.0
202606232240,165.45,165.5,165.5,165.45,10.0
202606232241,165.68,165.51,165.69,165.5,4.0
202606232242,165.51,165.51,165.51,165.51,0.0
202606232243,165.58,165.59,165.59,165.5,19.0
202606232244,165.6,165.67,165.67,165.5,3.0
202606232245,165.35,165.67,165.67,165.34,3.0
202606232246,165.67,165.67,165.67,165.67,0.0
202606232247,165.67,165.67,165.67,165.67,0.0
202606232248,165.67,165.67,165.67,165.67,0.0
202606232249,165.65,165.65,165.65,165.65,3.0
202606232250,165.62,165.62,165.62,165.62,2.0
202606232251,165.68,165.8,165.8,165.68,8.0
202606232252,165.8,165.8,165.8,165.8,0.0
202606232253,165.85,165.85,165.85,165.85,18.0
202606232254,165.85,165.85,165.85,165.85,0.0
202606232255,165.67,165.5,165.75,165.5,8.0
202606232256,165.8,165.8,165.8,165.8,1.0
202606232257,165.8,165.8,165.8,165.8,0.0
202606232258,165.8,165.8,165.8,165.8,0.0
202606232259,165.5,165.5,165.5,165.5,1.0
202606232300,165.5,165.5,165.5,165.5,0.0
202606232301,165.5,165.5,165.5,165.5,0.0
202606232302,165.5,165.5,165.5,165.5,0.0
202606232303,165.5,165.5,165.5,165.5,0.0
202606232304,165.48,165.8,165.8,165.48,22.0
202606232305,165.55,165.54,165.56,165.53,2.0
202606232306,165.65,165.48,165.65,165.48,2.0
202606232307,165.46,165.4,165.46,165.4,4.0
202606232308,165.4,165.3,165.4,165.3,19.0
202606232309,165.3,165.3,165.3,165.3,0.0
202606232310,165.5,165.5,165.5,165.5,2.0
202606232311,165.5,165.5,165.5,165.5,0.0
202606232312,165.54,165.76,165.76,165.54,3.0
202606232313,165.76,165.76,165.76,165.76,0.0
202606232314,165.76,165.76,165.76,165.76,0.0
202606232315,165.63,165.66,165.75,165.62,3.0
202606232316,165.71,165.4,165.71,165.4,101.0
202606232317,165.4,165.4,165.4,165.4,0.0
202606232318,165.4,165.4,165.4,165.4,0.0
202606232319,165.8,165.8,165.8,165.8,1.0
202606232320,165.72,165.72,165.73,165.72,1.0
202606232321,165.72,165.72,165.72,165.72,0.0
202606232322,165.72,165.72,165.72,165.72,0.0
202606232323,165.53,165.4,165.53,165.4,16.0
202606232324,165.25,165.25,165.25,165.25,1.0
202606232325,165.25,165.25,165.25,165.25,0.0
202606232326,165.25,165.25,165.25,165.25,0.0
202606232327,165.25,165.25,165.25,165.25,0.0
202606232328,165.67,165.67,165.67,165.67,1.0
202606232329,165.67,165.67,165.67,165.67,0.0
202606232330,165.25,165.02,165.42,165.0,128.0
202606232331,165.02,165.02,165.02,165.02,0.0
202606232332,165.25,165.2,165.25,165.2,2.0
202606232333,165.25,165.1,165.44,165.1,15.0
202606232334,165.24,165.18,165.24,165.18,2.0
202606232335,165.08,165.08,165.08,165.08,1.0
202606232336,165.08,165.08,165.08,165.08,0.0
202606232337,165.09,165.06,165.09,165.06,5.0
202606232338,165.08,164.95,165.08,164.95,17.0
202606232339,164.96,164.94,164.96,164.94,2.0
202606232340,164.9,164.9,164.9,164.9,1.0
202606232341,164.95,164.95,164.95,164.91,11.0
202606232342,164.95,164.95,164.96,164.95,8.0
202606232343,164.95,165.01,165.01,164.95,32.0
202606232344,165.01,165.01,165.01,165.01,0.0
202606232345,165.19,165.32,165.32,165.19,3.0
202606232346,165.28,165.25,165.28,165.25,4.0
202606232347,165.25,165.25,165.25,165.25,0.0
202606232348,165.25,165.25,165.25,165.25,0.0
202606232349,165.25,165.29,165.29,165.24,3.0
202606232350,165.29,165.29,165.29,165.29,1.0
202606232351,165.23,165.23,165.23,165.22,2.0
202606232352,165.29,165.29,165.29,165.28,3.0
202606232353,165.27,165.24,165.27,165.24,24.0
202606232354,165.29,165.29,165.29,165.29,1.0
202606232355,165.27,165.28,165.28,165.27,8.0
202606232356,165.29,165.5,165.5,165.29,3.0
202606232357,165.58,165.6,165.62,165.58,6.0
202606232358,165.69,165.62,165.69,165.61,5.0
202606232359,165.69,165.6,165.69,165.6,70.0
202606240800,166.0,166.18,167.0,165.16,0.0
202606240801,166.18,165.79,167.0,165.4,0.0
202606240802,165.93,165.9,166.0,165.9,0.0
202606240803,165.9,166.1,166.32,165.7,0.0
202606240804,166.14,166.91,167.06,165.6,0.0
202606240805,166.51,165.62,166.97,165.27,0.0
202606240806,165.45,165.918,166.2,165.28,0.0
202606240807,165.82,165.94,165.94,165.638,0.0
202606240808,165.81,165.77,165.83,165.65,0.0
202606240809,165.79,165.69,166.97,165.4,0.0
202606240810,165.9071,165.91,165.91,165.3,0.0
202606240811,165.68,165.59,165.8655,165.5,0.0
202606240812,165.52,165.64,165.64,165.3,0.0
202606240813,165.33,165.36,165.6865,165.33,0.0
202606240814,165.52,165.65,165.65,165.52,0.0
202606240815,165.6,165.9077,165.9077,165.3523,0.0
202606240816,165.73,165.63,165.73,165.5,0.0
202606240817,165.5,165.61,165.94,165.5,0.0
202606240818,165.45,165.63,165.63,165.45,0.0
202606240819,165.47,165.36,165.84,165.36,0.0
202606240820,165.5,165.3986,165.5,165.3986,0.0
202606240821,165.48,165.7,165.7,165.33,0.0
202606240822,165.5,165.46,165.5,165.39,0.0
202606240823,165.7,165.48,165.7,165.44,0.0
202606240824,165.48,165.48,165.64,165.4,0.0
202606240825,165.45,165.4,165.5,165.34,0.0
202606240826,165.39,165.544,165.544,165.37,0.0
202606240827,165.49,165.53,165.6,165.46,0.0
202606240828,165.61,165.59,165.61,165.59,0.0
202606240829,165.57,165.62,165.7781,165.57,0.0
202606240830,165.64,165.63,165.75,165.61,0.0
202606240831,165.63,165.66,165.66,165.5243,0.0
202606240832,165.66,165.7,165.88,165.66,0.0
202606240833,165.6,165.71,165.8,165.6,0.0
202606240834,165.71,165.9315,165.9315,165.71,0.0
202606240835,165.8,165.7,165.94,165.7,0.0
202606240836,165.94,165.6,165.94,165.6,0.0
202606240837,165.6,165.6,165.7,165.55,0.0
202606240838,165.6,165.61,166.0,165.53,0.0
202606240839,165.67,165.67,165.7,165.67,0.0
202606240840,165.82,165.9997,165.9997,165.7,0.0
202606240841,165.7,165.7,165.7,165.7,0.0
202606240842,165.83,165.59,165.84,165.59,0.0
202606240843,165.65,165.54,166.0,165.52,0.0
202606240845,165.59,165.5,165.59,165.5,0.0
202606240846,165.5,165.45,165.58,165.45,0.0
202606240847,165.5664,165.6,165.74,165.41,0.0
202606240848,165.41,165.32,165.672,165.32,0.0
202606240849,165.43,165.43,165.4683,165.3199,0.0
202606240850,165.45,165.4617,165.47,165.37,0.0
202606240851,165.45,165.43,165.6262,165.39,0.0
202606240852,165.45,165.48,165.48,165.43,0.0
202606240853,165.51,165.43,165.52,165.41,0.0
202606240854,165.43,165.46,165.47,165.32,0.0
202606240855,165.46,165.387,165.75,165.387,0.0
202606240856,165.52,165.35,165.52,165.35,0.0
202606240857,165.52,165.55,165.55,165.38,0.0
202606240858,165.49,165.71,165.84,165.49,0.0
202606240859,165.62,165.62,165.6954,165.62,0.0
202606240900,165.71,165.5,165.71,165.5,0.0
202606240901,165.51,165.63,166.0,165.51,0.0
202606240902,165.4204,165.59,166.0,165.32,0.0
202606240903,165.69,165.55,165.69,165.34,0.0
202606240904,165.57,165.5,165.83,165.4324,0.0
202606240905,165.5,165.49,165.5,165.49,0.0
202606240906,165.49,165.5,165.52,165.49,0.0
202606240907,165.5,165.5,165.5,165.5,0.0
202606240909,165.5,165.75,165.75,165.5,0.0
202606240910,166.0,165.75,166.0,165.75,0.0
202606240911,165.75,165.75,166.0,165.59,0.0
202606240912,165.75,165.75,165.8,165.75,0.0
202606240913,165.75,165.5231,165.75,165.5231,0.0
202606240914,165.75,165.75,165.75,165.75,0.0
202606240915,165.75,165.8,165.88,165.75,0.0
202606240916,165.8,165.335,165.86,165.335,0.0
202606240917,165.74,165.55,165.75,165.32,0.0
202606240919,165.55,165.6,166.0,165.38,0.0
202606240920,165.6,165.6,165.61,165.6,0.0
202606240921,165.55,165.52,165.6,165.52,0.0
202606240922,165.5,165.6,165.6313,165.5,0.0
202606240923,165.6,165.6,165.61,165.6,0.0
202606240924,165.6862,165.65,165.6862,165.6,0.0
202606240925,165.6,165.6,165.6,165.6,0.0
202606240926,165.58,165.5,165.63,165.5,0.0
202606240927,165.58,165.51,165.58,165.5,0.0
202606240928,165.51,165.58,165.58,165.51,0.0
202606240929,165.58,165.58,165.58,165.5,0.0
202606240930,165.58,165.59,165.59,165.58,0.0
202606240931,165.59,165.39,165.59,165.39,0.0
202606240932,165.42,165.31,165.42,165.31,0.0
202606240933,165.5,165.5,165.5,165.3175,0.0
202606240934,165.38,165.38,165.38,165.38,0.0
202606240935,165.4,165.4,165.4,165.4,0.0
202606240936,165.51,165.38,165.58,165.31,0.0
202606240937,165.39,165.61,165.61,165.32,0.0
202606240938,165.47,165.5,165.5,165.44,0.0
202606240939,165.5,165.44,165.5,165.44,0.0
202606240940,165.32,165.3,165.38,165.25,0.0
202606240941,165.3,165.4,165.4,165.21,0.0
202606240942,165.3019,165.3,165.3019,165.3,0.0
202606240943,165.4,165.4,165.9827,165.31,0.0
202606240944,165.4,165.5797,165.5797,165.4,0.0
202606240945,165.39,165.3,165.7213,165.2,0.0
202606240946,165.39,165.39,165.56,165.2,0.0
202606240947,165.57,165.57,165.57,165.57,0.0
202606240948,165.39,165.27,165.56,165.27,0.0
202606240949,165.47,165.3,165.47,165.21,0.0
202606240950,165.4,165.41,165.42,165.4,0.0
202606240951,165.3,165.4,165.4437,165.3,0.0
202606240952,165.7655,165.47,165.7655,165.4,0.0
202606240953,165.45,165.45,165.45,165.45,0.0
202606240954,165.61,165.27,165.61,165.27,0.0
202606240955,165.42,165.58,165.6,165.42,0.0
202606240956,165.58,165.56,165.58,165.56,0.0
202606240957,165.5,165.51,165.5802,165.5,0.0
202606240958,165.56,165.42,165.6,165.42,0.0
202606240959,165.2203,165.46,165.54,165.2203,0.0
202606241000,165.58,165.42,165.58,165.3,0.0
202606241001,165.42,165.5705,165.5705,165.39,0.0
202606241002,165.53,165.28,165.53,165.28,0.0
202606241003,165.4,165.4,165.4,165.4,0.0
202606241004,165.4,165.4,165.4,165.4,0.0
202606241005,165.4,165.4,165.4,165.4,0.0
202606241006,165.4,165.34,165.42,165.34,0.0
202606241007,165.4,165.35,165.4632,165.35,0.0
202606241008,165.4165,165.4,165.4165,165.35,0.0
202606241009,165.36,165.5,165.5,165.36,0.0
202606241010,165.5,165.49,165.54,165.28,0.0
202606241011,165.48,165.3,165.49,165.3,0.0
202606241012,165.33,165.47,165.47,165.33,0.0
202606241013,165.45,165.44,165.5,165.44,0.0
202606241014,165.46,165.57,165.57,165.2951,0.0
202606241015,165.44,165.35,165.44,165.2803,0.0
202606241016,165.39,165.45,165.45,165.39,0.0
202606241017,165.41,165.445,165.445,165.41,0.0
202606241018,165.43,165.54,165.57,165.43,0.0
202606241019,165.48,165.48,165.57,165.4,0.0
202606241020,165.5,165.5,165.5,165.4,0.0
202606241021,165.4,165.32,165.45,165.32,0.0
202606241022,165.5,165.5,165.5,165.5,0.0
202606241023,165.4955,165.4,165.4955,165.4,0.0
202606241024,165.35,165.32,165.35,165.32,0.0
202606241025,165.35,165.39,165.39,165.33,0.0
202606241026,165.41,165.35,165.4897,165.33,0.0
202606241027,165.41,165.32,165.41,165.32,0.0
202606241028,165.32,165.41,165.4512,165.32,0.0
202606241029,165.41,165.47,165.5,165.41,0.0
202606241030,165.41,165.44,165.44,165.41,0.0
202606241031,165.32,165.48,165.5,165.32,0.0
202606241032,165.49,165.5,165.5,165.43,0.0
202606241033,165.49,165.5,165.5,165.39,0.0
202606241034,165.45,165.69,165.69,165.4,0.0
202606241035,165.67,165.67,165.67,165.4077,0.0
202606241036,165.67,165.63,165.67,165.63,0.0
202606241037,165.63,165.36,165.63,165.36,0.0
202606241038,165.64,165.64,165.64,165.4,0.0
202606241039,165.64,165.46,165.64,165.46,0.0
202606241040,165.53,165.5967,165.5967,165.53,0.0
202606241041,165.53,165.5628,165.63,165.53,0.0
202606241042,165.59,165.61,165.61,165.59,0.0
202606241043,165.61,165.84,165.86,165.548,0.0
202606241044,165.63,165.62,165.63,165.62,0.0
202606241045,165.62,165.86,165.87,165.62,0.0
202606241046,165.94,165.84,165.94,165.84,0.0
202606241047,165.84,165.612,165.84,165.612,0.0
202606241048,165.84,165.94,165.94,165.5,0.0
202606241049,165.7,165.94,165.94,165.49,0.0
202606241050,165.5,165.58,165.58,165.5,0.0
202606241051,165.8,165.51,165.8,165.51,0.0
202606241052,165.5,165.6,165.71,165.5,0.0
202606241053,165.71,165.71,165.71,165.71,0.0
202606241054,165.5005,165.5005,165.5005,165.5005,0.0
202606241055,165.91,165.61,165.91,165.5,0.0
202606241056,165.85,165.85,165.85,165.85,0.0
202606241057,165.6,165.89,165.89,165.51,0.0
202606241058,165.8,165.82,165.82,165.51,0.0
202606241059,165.4962,165.82,165.82,165.4962,0.0
202606241100,165.7,165.813,165.95,165.5,0.0
202606241101,165.81,165.91,165.91,165.5,0.0
202606241102,165.8,165.61,165.84,165.61,0.0
202606241103,165.8,165.8025,165.9,165.66,0.0
202606241104,165.87,165.6283,165.87,165.56,0.0
202606241105,165.56,165.57,165.6352,165.46,0.0
202606241106,165.6,165.5,165.65,165.36,0.0
202606241107,165.3629,165.65,165.65,165.33,0.0
202606241108,165.35,165.65,165.65,165.26,0.0
202606241109,165.4,165.17,165.4,165.17,0.0
202606241110,165.4,165.3,165.4,165.25,0.0
202606241111,165.25,165.45,165.45,165.25,0.0
202606241112,165.3,165.3,165.32,165.27,0.0
202606241113,165.3228,165.2,165.45,165.1924,0.0
202606241114,165.5285,165.25,165.5285,165.17,0.0
202606241115,165.2,165.08,165.25,165.08,0.0
202606241116,165.1241,165.25,165.3,165.08,0.0
202606241117,165.09,165.05,165.32,165.02,0.0
202606241118,165.3,165.08,165.3,165.03,0.0
202606241119,165.02,164.9,165.25,164.89,0.0
202606241120,164.92,164.863,165.09,164.863,0.0
202606241121,165.0175,164.9634,165.0175,164.87,0.0
202606241122,164.93,164.81,164.974,164.61,0.0
202606241123,164.83,164.6,165.0,164.6,0.0
202606241124,164.93,164.95,164.9925,164.78,0.0
202606241125,164.99,164.88,164.99,164.88,0.0
202606241126,164.98,164.85,165.0,164.81,0.0
202606241127,164.95,164.88,164.95,164.8048,0.0
202606241128,164.89,164.9,164.9,164.84,0.0
202606241129,164.86,164.9,164.9,164.83,0.0
202606241130,164.9,165.0,165.0,164.8,0.0
202606241131,165.0421,165.0,165.09,164.8072,0.0
202606241132,165.09,165.1871,165.21,164.83,0.0
202606241133,165.0846,165.2395,165.25,164.83,0.0
202606241134,165.1892,165.1892,165.1892,165.01,0.0
202606241135,165.14,165.1,165.25,165.01,0.0
202606241136,165.15,165.1,165.25,165.1,0.0
202606241137,165.15,165.5429,165.5429,165.0438,0.0
202606241138,165.45,165.49,165.65,165.4,0.0
202606241139,165.5,165.5719,165.6,165.26,0.0
202606241140,165.5668,165.27,165.5668,165.26,0.0
202606241141,165.42,165.2,165.44,165.05,0.0
202606241142,165.29,165.1,165.38,165.03,0.0
202606241143,165.24,165.1,165.24,165.04,0.0
202606241144,165.11,165.38,165.38,165.1,0.0
202606241145,165.347,165.2,165.39,165.17,0.0
202606241146,165.38,165.27,165.39,165.1,0.0
202606241147,165.1284,165.3,165.39,165.1284,0.0
202606241148,165.39,165.17,165.39,165.0393,0.0
202606241149,165.39,165.5943,165.6,165.02,0.0
202606241150,165.8,165.49,165.8,165.47,0.0
202606241151,165.56,165.37,165.76,165.15,0.0
202606241152,165.8,165.508,165.8,165.38,0.0
202606241153,165.4,165.5,165.52,165.35,0.0
202606241154,165.5,165.4204,165.7024,165.25,0.0
202606241155,165.42,165.35,165.52,165.26,0.0
202606241156,165.2,165.7403,165.7403,165.2,0.0
202606241157,165.4,165.2,165.4,165.2,0.0
202606241158,165.4,165.36,165.4,165.15,0.0
202606241159,165.3583,165.3514,165.4,165.1825,0.0
202606241200,165.3568,165.36,165.4,165.15,0.0
202606241201,165.25,165.2,165.4,164.96,0.0
202606241202,165.26,165.0,165.26,164.85,0.0
202606241203,165.09,165.1,165.39,165.01,0.0
202606241204,165.0,165.0797,165.3126,165.0,0.0
202606241205,165.0833,165.12,165.4,164.99,0.0
202606241206,165.12,165.14,165.23,165.11,0.0
202606241207,165.18,165.16,165.4,165.0,0.0
202606241208,165.09,165.0413,165.3337,164.9735,0.0
202606241209,165.19,165.26,165.26,165.19,0.0
202606241210,165.24,165.25,165.3,165.18,0.0
202606241211,165.32,165.38,165.4,165.2695,0.0
202606241212,165.38,165.38,165.42,165.31,0.0
202606241213,165.4,165.2,165.5,165.2,0.0
202606241214,165.448,165.4389,165.5,165.03,0.0
202606241215,165.3,165.2,165.3904,165.03,0.0
202606241216,165.2,165.5,165.5,165.2,0.0
202606241217,165.1629,165.25,165.5,165.1,0.0
202606241218,165.25,165.25,165.5,165.1,0.0
202606241219,165.21,165.28,165.4539,165.1,0.0
202606241220,165.28,165.35,165.5,165.28,0.0
202606241221,165.28,165.43,165.5,165.15,0.0
202606241222,165.4817,165.29,165.4817,165.1683,0.0
202606241223,165.33,165.22,165.346,165.13,0.0
202606241224,165.31,165.29,165.4705,165.28,0.0
202606241225,165.28,165.28,165.4,165.15,0.0
202606241226,165.22,165.3907,165.4,165.15,0.0
202606241227,165.39,165.25,165.39,165.174,0.0
202606241228,165.2,165.3,165.37,165.17,0.0
202606241229,165.35,165.35,165.35,165.16,0.0
202606241230,165.3,165.25,165.39,165.23,0.0
202606241231,165.25,165.15,165.3,165.15,0.0
202606241232,165.15,165.0,165.15,164.9,0.0
202606241233,164.98,164.98,165.3,164.89,0.0
202606241234,165.28,164.92,165.28,164.92,0.0
202606241235,164.9,164.8,165.16,164.78,0.0
202606241236,164.88,164.73,164.94,164.7,0.0
202606241237,164.7456,164.63,165.0799,164.6,0.0
202606241238,164.66,164.65,164.8,164.51,0.0
202606241239,164.95,164.4,164.95,164.4,0.0
202606241240,164.4941,164.85,164.85,164.41,0.0
202606241241,164.7909,164.81,164.85,164.5,0.0
202606241242,164.85,164.515,164.85,164.5,0.0
202606241243,164.58,164.54,164.78,164.5,0.0
202606241244,164.65,164.78,164.879,164.49,0.0
202606241245,164.52,164.55,164.78,164.47,0.0
202606241246,164.73,164.53,164.73,164.45,0.0
202606241247,164.4823,164.4255,164.73,164.4255,0.0
202606241248,164.73,164.58,164.73,164.51,0.0
202606241249,164.6808,164.5,164.6808,164.38,0.0
202606241250,164.4,164.41,164.6898,164.28,0.0
202606241251,164.31,164.4,164.73,164.3,0.0
202606241252,164.4,164.4,164.73,164.28,0.0
202606241253,164.37,164.29,164.484,164.2,0.0
202606241254,164.3,164.31,164.4,164.15,0.0
202606241255,164.15,164.25,164.3,164.15,0.0
202606241256,164.19,164.36,164.36,164.15,0.0
202606241257,164.3,164.5532,164.5532,164.2476,0.0
202606241258,164.5,164.45,164.5,164.31,0.0
202606241259,164.4714,164.31,164.5,164.31,0.0
202606241300,164.38,164.31,164.73,164.3,0.0
202606241301,164.35,164.53,164.6199,164.21,0.0
202606241302,164.7187,164.5,164.73,164.29,0.0
202606241303,164.5,164.43,164.5,164.21,0.0
202606241304,164.45,164.24,164.5,164.17,0.0
202606241305,164.24,164.5,164.5,164.2,0.0
202606241306,164.27,164.32,164.5,164.1998,0.0
202606241307,164.23,164.21,164.5,164.21,0.0
202606241308,164.24,164.25,164.4,164.19,0.0
202606241309,164.3,164.2922,164.3,164.15,0.0
202606241310,164.28,164.73,164.73,164.02,0.0
202606241311,164.1,164.1,164.5687,164.0,0.0
202606241312,164.01,164.0,164.6,164.0,0.0
202606241313,164.4893,164.26,164.4893,164.04,0.0
202606241314,164.37,164.02,164.37,164.02,0.0
202606241330,162.47500610351562,161.91000366210938,162.72000122070312,161.6999969482422,295214.0
202606241331,161.92999267578125,162.72999572753906,162.72999572753906,161.64999389648438,17295.0
202606241332,162.80999755859375,164.0800018310547,164.0800018310547,162.5399932861328,398519.0
202606241333,164.2100067138672,164.02999877929688,165.02149963378906,164.0,161997.0
202606241334,164.0399932861328,164.2949981689453,164.58999633789062,163.88999938964844,295237.0
202606241335,164.3000030517578,164.6999969482422,164.80999755859375,164.17999267578125,87383.0
202606241336,164.71499633789062,164.6199951171875,165.0,164.41009521484375,77470.0
202606241337,164.6199951171875,165.3000030517578,165.38999938964844,164.4199981689453,144314.0
202606241338,165.2899932861328,165.47500610351562,165.66990661621094,165.08999633789062,153790.0
202606241339,165.52999877929688,164.97000122070312,165.75,164.9499969482422,111632.0
202606241340,165.0,164.4600067138672,165.1699981689453,164.44000244140625,75396.0
202606241341,164.47999572753906,163.47000122070312,164.55999755859375,163.3800048828125,111789.0
202606241342,163.5,163.77000427246094,164.3249969482422,163.4600067138672,88555.0
202606241343,163.77000427246094,164.3022003173828,164.49000549316406,163.54110717773438,86462.0
202606241344,164.36000061035156,164.38999938964844,164.4246063232422,163.8350067138672,78587.0
202606241345,164.38999938964844,163.3300018310547,164.52999877929688,163.13999938964844,168554.0
202606241346,163.3300018310547,163.78500366210938,163.86000061035156,163.0500030517578,75038.0
202606241347,163.81500244140625,163.67750549316406,164.0,163.5200958251953,64791.0
202606241348,163.75,162.6199951171875,163.75,162.56500244140625,118433.0
202606241349,162.58999633789062,162.64500427246094,162.85000610351562,162.25,112806.0
202606241350,162.64500427246094,162.8350067138672,162.8800048828125,162.41000366210938,89888.0
202606241351,162.83999633789062,163.18499755859375,163.27999877929688,162.79010009765625,113059.0
202606241352,163.10000610351562,163.60000610351562,163.60000610351562,162.97999572753906,41784.0
202606241353,163.52850341796875,163.64999389648438,163.64999389648438,163.22999572753906,66065.0
202606241354,163.56610107421875,163.59500122070312,163.6999969482422,163.47999572753906,37344.0
202606241355,163.5749969482422,163.0897979736328,163.5749969482422,162.91000366210938,37741.0
202606241356,163.02000427246094,162.6510009765625,163.17999267578125,162.61000061035156,53991.0
202606241357,162.67999267578125,162.31199645996094,162.75,162.22000122070312,104197.0
202606241358,162.2899932861328,162.14999389648438,162.47000122070312,162.13999938964844,82257.0
202606241359,162.13999938964844,162.27000427246094,162.38999938964844,162.13999938964844,71829.0
202606241400,162.36000061035156,161.8800048828125,162.44000244140625,161.6699981689453,138247.0
202606241401,161.91000366210938,162.125,162.3800048828125,161.8802947998047,75384.0
202606241402,162.1125030517578,162.10499572753906,162.1999969482422,161.6501007080078,74979.0
202606241403,162.1199951171875,161.78700256347656,162.125,161.66099548339844,42003.0
202606241404,161.77999877929688,161.19500732421875,161.82000732421875,161.1300048828125,153551.0
202606241405,161.19000244140625,161.38499450683594,161.5,161.05999755859375,174296.0
202606241406,161.38510131835938,160.8791961669922,161.7283935546875,160.77000427246094,249784.0
202606241407,160.85000610351562,160.75,161.27999877929688,160.5500030517578,126500.0
202606241408,160.6999969482422,160.36000061035156,160.79600524902344,160.2100067138672,169713.0
202606241409,160.35499572753906,160.94000244140625,161.00999450683594,160.27000427246094,99342.0
202606241410,160.98599243164062,161.66990661621094,161.67990112304688,160.89720153808594,102754.0
202606241411,161.55499267578125,161.35499572753906,161.75,161.23500061035156,57104.0
202606241412,161.3300018310547,161.24000549316406,161.5,161.02000427246094,72140.0
202606241413,161.27999877929688,161.01499938964844,161.27999877929688,160.8800048828125,71374.0
202606241414,161.00999450683594,161.33999633789062,161.35000610351562,160.88999938964844,39165.0
202606241415,161.2899932861328,160.5301055908203,161.47000122070312,160.5301055908203,49340.0
202606241416,160.5399932861328,160.47000122070312,160.67999267578125,160.22000122070312,106777.0
202606241417,160.4600067138672,160.3699951171875,160.72000122070312,160.22999572753906,81106.0
202606241418,160.57000732421875,160.5399932861328,160.64999389648438,160.39010620117188,29841.0
202606241419,160.5500030517578,160.38999938964844,160.6699981689453,160.35000610351562,45865.0
202606241420,160.36000061035156,160.47999572753906,160.47999572753906,159.8699951171875,279298.0
202606241421,160.39999389648438,160.72999572753906,160.77369689941406,160.22000122070312,208096.0
202606241422,160.72500610351562,160.77999877929688,160.9499969482422,160.69000244140625,91081.0
202606241423,160.75,160.9199981689453,161.24000549316406,160.6999969482422,46308.0
202606241424,160.91000366210938,160.99000549316406,161.11000061035156,160.8800048828125,80024.0
202606241425,160.94500732421875,160.63499450683594,161.05999755859375,160.625,66949.0
202606241426,160.65499877929688,160.39999389648438,160.8961944580078,160.25999450683594,72029.0
202606241427,160.32000732421875,160.72999572753906,160.74000549316406,160.25999450683594,42118.0
202606241428,160.67999267578125,160.65499877929688,160.8699951171875,160.60000610351562,70801.0
202606241429,160.64999389648438,160.7899932861328,160.9199981689453,160.58999633789062,58333.0
202606241430,160.8000030517578,160.92999267578125,160.9600067138672,160.7449951171875,86145.0
202606241431,160.9033966064453,161.35000610351562,161.66000366210938,160.69000244140625,93789.0
202606241432,161.28500366210938,160.5399932861328,161.32000732421875,160.35009765625,79956.0
202606241433,160.53500366210938,160.82000732421875,161.139892578125,160.22000122070312,59016.0
202606241434,160.8300018310547,160.8800048828125,161.00999450683594,160.75999450683594,83989.0
202606241435,160.86000061035156,160.97000122070312,160.97000122070312,160.63999938964844,81772.0
202606241436,160.97999572753906,160.55499267578125,161.0,160.47999572753906,88935.0
202606241437,160.5998992919922,160.36000061035156,160.5998992919922,160.17999267578125,53087.0
202606241438,160.32000732421875,160.36000061035156,160.39990234375,160.10000610351562,73775.0
202606241439,160.3699951171875,159.97500610351562,160.38250732421875,159.91000366210938,115605.0
202606241440,160.00999450683594,160.17840576171875,160.17840576171875,159.85000610351562,94408.0
202606241441,160.14999389648438,160.11000061035156,160.3000030517578,160.02000427246094,45592.0
202606241442,160.13499450683594,160.0800018310547,160.15989685058594,159.9600067138672,48918.0
202606241443,160.06500244140625,160.1750030517578,160.22000122070312,159.97000122070312,41057.0
202606241444,160.1750030517578,160.85670471191406,160.8800048828125,160.1750030517578,71706.0
202606241445,160.7899932861328,160.69500732421875,160.89999389648438,160.64010620117188,39707.0
202606241446,160.6999969482422,160.7550048828125,160.99000549316406,160.5399932861328,87704.0
202606241447,160.6999969482422,160.7100067138672,160.83999633789062,160.64010620117188,48275.0
202606241448,160.69500732421875,160.66000366210938,160.86000061035156,160.60499572753906,35202.0
202606241449,160.65499877929688,160.77999877929688,160.86000061035156,160.60000610351562,49323.0
202606241450,160.82000732421875,160.77000427246094,160.89999389648438,160.75,63141.0
202606241451,160.69500732421875,160.64950561523438,160.92999267578125,160.63999938964844,39266.0
202606241452,160.69000244140625,160.64999389648438,160.7362060546875,160.60009765625,32746.0
202606241453,160.66000366210938,160.33999633789062,160.66000366210938,160.3000030517578,58483.0
202606241454,160.30630493164062,160.19000244140625,160.30999755859375,160.02999877929688,119196.0
202606241455,160.22999572753906,160.19000244140625,160.3000030517578,160.10000610351562,94897.0
202606241456,160.2050018310547,160.55499267578125,160.6300048828125,160.2050018310547,55575.0
202606241457,160.50999450683594,160.5399932861328,160.64999389648438,160.36000061035156,30275.0
202606241458,160.58999633789062,160.77999877929688,160.80990600585938,160.55999755859375,72741.0
202606241459,160.75,160.7100067138672,160.80999755859375,160.57000732421875,47473.0
202606241500,160.7100067138672,160.5677947998047,160.8000030517578,160.50999450683594,42274.0
202606241501,160.52999877929688,160.6199951171875,160.8800048828125,160.47999572753906,74993.0
202606241502,160.60000610351562,160.4499969482422,160.6699981689453,160.39999389648438,77660.0
202606241503,160.4600067138672,160.4250030517578,160.52999877929688,160.3300018310547,59289.0
202606241504,160.39999389648438,160.26010131835938,160.4149932861328,160.14999389648438,39795.0
202606241505,160.27000427246094,160.41000366210938,160.5,160.22000122070312,45932.0
202606241506,160.4550018310547,160.36500549316406,160.58999633789062,160.3000030517578,57225.0
202606241507,160.3699951171875,160.22999572753906,160.4600067138672,160.1800994873047,38415.0
202606241508,160.22999572753906,160.22500610351562,160.36000061035156,160.05999755859375,52554.0
202606241509,160.25,160.22000122070312,160.25999450683594,160.05999755859375,44137.0
202606241510,160.1999969482422,160.1300048828125,160.55999755859375,160.11000061035156,59439.0
202606241511,160.14999389648438,160.02000427246094,160.4499053955078,160.02000427246094,46143.0
202606241512,160.0850067138672,159.92999267578125,160.1199951171875,159.9199981689453,61779.0
202606241513,159.9499969482422,159.80999755859375,160.02000427246094,159.72000122070312,59361.0
202606241514,159.8300018310547,159.80999755859375,159.96499633789062,159.75999450683594,56256.0
202606241515,159.80999755859375,159.6649932861328,159.85000610351562,159.47000122070312,80330.0
202606241516,159.7050018310547,159.69000244140625,159.8199005126953,159.60000610351562,78410.0
202606241517,159.69000244140625,159.83900451660156,159.89999389648438,159.57000732421875,57812.0
202606241518,159.77000427246094,159.57000732421875,159.8800048828125,159.5399932861328,53566.0
202606241519,159.57769775390625,159.80999755859375,159.94650268554688,159.4199981689453,91094.0
202606241520,159.83999633789062,160.10499572753906,160.25999450683594,159.80999755859375,69330.0
202606241521,160.10499572753906,160.01499938964844,160.14999389648438,159.97000122070312,40821.0
202606241522,160.01499938964844,160.05999755859375,160.14999389648438,159.97000122070312,37396.0
202606241523,160.08999633789062,160.26499938964844,160.32000732421875,160.0601043701172,73763.0
202606241524,160.24000549316406,159.98809814453125,160.28500366210938,159.91000366210938,66542.0
202606241525,159.9199981689453,159.6999969482422,159.96119689941406,159.67999267578125,47171.0
202606241526,159.72999572753906,159.97000122070312,160.0,159.7050018310547,64016.0
202606241527,160.0,160.1300048828125,160.3000030517578,159.94000244140625,48920.0
202606241528,160.10000610351562,159.97000122070312,160.1699981689453,159.97000122070312,56865.0
202606241529,159.94000244140625,160.33999633789062,160.35000610351562,159.94000244140625,41231.0
202606241530,160.30999755859375,160.25,160.3300018310547,160.14999389648438,54214.0
202606241531,160.1999969482422,159.9199981689453,160.1999969482422,159.88999938964844,37165.0
202606241532,159.9600067138672,159.81500244140625,159.99000549316406,159.77000427246094,26320.0
202606241533,159.80999755859375,159.74000549316406,159.85000610351562,159.67999267578125,1034119.0
202606241534,159.7550048828125,159.77000427246094,160.0500030517578,159.75,57300.0
202606241535,159.75,159.86000061035156,159.9199981689453,159.69000244140625,43829.0
202606241536,159.86000061035156,159.76499938964844,159.97000122070312,159.72000122070312,31167.0
202606241537,159.75999450683594,159.77999877929688,159.77999877929688,159.57000732421875,64796.0
202606241538,159.7899932861328,159.69000244140625,159.86000061035156,159.63009643554688,28302.0
202606241539,159.64999389648438,159.625,159.7100067138672,159.5,54640.0
202606241540,159.63999938964844,159.51499938964844,159.67999267578125,159.42999267578125,97203.0
202606241541,159.51499938964844,159.625,159.66929626464844,159.48500061035156,23884.0
202606241542,159.6199951171875,159.5500030517578,159.64999389648438,159.47000122070312,27501.0
202606241543,159.5500030517578,159.3300018310547,159.61000061035156,159.3000030517578,56994.0
202606241544,159.3437042236328,159.30999755859375,159.38999938964844,159.14999389648438,67398.0
202606241545,159.30499267578125,159.14999389648438,159.35899353027344,159.0399932861328,48839.0
202606241546,159.13999938964844,159.11000061035156,159.19000244140625,159.00999450683594,85954.0
202606241547,159.13999938964844,159.07000732421875,159.25,159.02000427246094,86687.0
202606241548,159.0800018310547,159.0399932861328,159.25,158.92999267578125,161440.0
202606241549,159.0399932861328,159.10000610351562,159.32000732421875,158.92999267578125,61625.0
202606241550,159.10000610351562,159.2100067138672,159.27859497070312,159.0399932861328,68440.0
202606241551,159.1999969482422,159.3699951171875,159.41000366210938,159.1999969482422,41154.0
202606241552,159.39999389648438,159.18499755859375,159.39999389648438,159.07000732421875,29023.0
202606241553,159.1501007080078,159.22000122070312,159.25999450683594,159.1199951171875,27339.0
202606241554,159.19000244140625,159.1750030517578,159.1999969482422,159.0500030517578,48171.0
202606241555,159.1999969482422,159.2100067138672,159.3000030517578,159.1300048828125,42420.0
202606241556,159.22999572753906,159.0800018310547,159.3000030517578,159.07009887695312,19892.0
202606241557,159.14999389648438,158.89999389648438,159.16000366210938,158.85800170898438,77416.0
202606241558,158.9199981689453,158.8000030517578,159.0,158.74220275878906,96669.0
202606241559,158.8000030517578,158.89500427246094,158.9799041748047,158.8000030517578,62002.0
202606241600,158.88999938964844,158.85499572753906,159.08529663085938,158.8000030517578,54147.0
202606241601,158.85499572753906,158.8300018310547,158.97000122070312,158.80999755859375,36069.0
202606241602,158.8300018310547,158.64999389648438,158.8300018310547,158.5500030517578,87618.0
202606241603,158.66990661621094,158.47000122070312,158.66990661621094,158.3800048828125,85500.0
202606241604,158.47000122070312,158.30999755859375,158.61000061035156,158.25390625,85248.0
202606241605,158.27000427246094,158.11000061035156,158.27000427246094,158.0,146315.0
202606241606,158.0800018310547,157.94000244140625,158.16000366210938,157.92660522460938,128108.0
202606241607,157.94000244140625,157.97000122070312,158.03500366210938,157.86000061035156,68318.0
202606241608,158.0,157.9199981689453,158.10000610351562,157.9199981689453,90551.0
202606241609,157.94000244140625,157.8800048828125,158.24000549316406,157.8350067138672,144282.0
202606241610,157.88499450683594,158.00999450683594,158.05999755859375,157.8000030517578,122524.0
202606241611,158.0449981689453,157.97500610351562,158.11990356445312,157.97000122070312,59534.0
202606241612,157.97500610351562,157.97000122070312,158.0800018310547,157.91000366210938,83792.0
202606241613,157.9600067138672,157.9250030517578,157.99000549316406,157.85000610351562,42414.0
202606241614,157.92999267578125,157.99989318847656,158.0189971923828,157.88999938964844,56775.0
202606241615,158.0,158.08999633789062,158.27999877929688,157.9949951171875,54693.0
202606241616,158.08999633789062,158.17999267578125,158.1999053955078,157.9499969482422,57209.0
202606241617,158.13999938964844,158.1699981689453,158.28500366210938,158.0850067138672,50760.0
202606241618,158.1699981689453,157.98500061035156,158.19000244140625,157.94000244140625,69991.0
202606241619,157.97000122070312,158.00999450683594,158.10989379882812,157.9499969482422,62061.0
202606241620,158.00999450683594,157.9600067138672,158.1199951171875,157.85000610351562,68746.0
202606241621,157.97999572753906,157.93499755859375,158.0050048828125,157.6199951171875,80843.0
202606241622,157.9199981689453,158.19500732421875,158.22999572753906,157.86000061035156,54643.0
202606241623,158.2100067138672,158.07000732421875,158.2100067138672,158.0399932861328,38260.0
202606241624,158.08999633789062,158.07000732421875,158.1199951171875,157.99000549316406,49425.0
202606241625,158.07000732421875,157.91009521484375,158.1199951171875,157.91009521484375,33412.0
202606241626,157.91000366210938,157.92999267578125,158.00999450683594,157.80999755859375,34315.0
202606241627,157.97999572753906,158.0,158.00999450683594,157.91000366210938,24997.0
202606241628,158.02000427246094,158.02000427246094,158.125,158.0,28903.0
202606241629,158.02499389648438,157.9199981689453,158.1300048828125,157.8800048828125,34175.0
202606241630,157.9250030517578,158.22000122070312,158.25,157.83999633789062,48841.0
202606241631,158.2301025390625,158.05499267578125,158.2301025390625,157.99000549316406,37970.0
202606241632,158.0373992919922,157.94500732421875,158.05999755859375,157.8800048828125,24345.0
202606241633,157.9600067138672,158.07000732421875,158.11000061035156,157.91000366210938,26544.0
202606241634,158.07000732421875,158.06500244140625,158.10000610351562,157.97999572753906,29500.0
202606241635,158.0749969482422,158.01499938964844,158.25999450683594,158.0,35014.0
202606241636,158.0449981689453,157.6300048828125,158.11990356445312,157.57000732421875,91972.0
202606241637,157.64999389648438,157.44000244140625,157.6999969482422,157.3699951171875,210966.0
202606241638,157.44000244140625,157.40499877929688,157.5,157.30999755859375,32972.0
202606241639,157.40499877929688,157.43499755859375,157.43499755859375,157.1199951171875,94981.0
202606241640,157.4781036376953,157.5800018310547,157.60000610351562,157.32000732421875,73626.0
202606241641,157.60000610351562,157.5399932861328,157.64999389648438,157.36000061035156,76100.0
202606241642,157.54010009765625,157.3249969482422,157.54010009765625,157.25999450683594,64486.0
202606241643,157.3513946533203,157.3300018310547,157.39999389648438,157.22999572753906,56306.0
202606241644,157.36500549316406,157.52499389648438,157.5399932861328,157.3300018310547,90100.0
202606241645,157.52999877929688,157.5850067138672,157.6199951171875,157.42999267578125,42068.0
202606241646,157.60000610351562,157.65499877929688,157.8800048828125,157.58009338378906,51026.0
202606241647,157.65499877929688,157.82000732421875,157.91000366210938,157.60000610351562,57139.0
202606241648,157.80999755859375,157.9250946044922,158.0,157.75,51828.0
202606241649,157.88999938964844,157.8800048828125,158.0,157.8612060546875,26485.0
202606241650,157.89500427246094,157.99000549316406,158.00999450683594,157.8300018310547,29174.0
202606241651,158.0,157.97000122070312,158.02999877929688,157.89999389648438,25654.0
202606241652,157.9499969482422,157.85499572753906,158.02499389648438,157.82009887695312,18356.0
202606241653,157.82000732421875,157.52000427246094,157.8699951171875,157.50999450683594,107531.0
202606241654,157.53500366210938,157.2899932861328,157.57000732421875,157.2899932861328,51355.0
202606241655,157.30999755859375,157.21009826660156,157.3300018310547,157.0,109396.0
202606241656,157.26950073242188,157.08999633789062,157.41000366210938,157.08999633789062,64091.0
202606241657,157.08999633789062,156.92990112304688,157.08999633789062,156.8300018310547,143795.0
202606241658,156.8907928466797,156.89999389648438,157.0500030517578,156.83999633789062,96631.0
202606241659,156.93499755859375,156.6199951171875,156.9398956298828,156.42999267578125,160948.0
202606241700,156.6199951171875,157.1300048828125,157.19000244140625,156.57009887695312,99735.0
202606241701,157.1999969482422,156.88510131835938,157.21499633789062,156.7100067138672,71828.0
202606241702,156.90499877929688,157.1649932861328,157.24989318847656,156.85000610351562,74570.0
202606241703,157.1649932861328,157.13999938964844,157.2100067138672,157.02999877929688,53552.0
202606241704,157.13499450683594,157.13499450683594,157.13499450683594,156.9600067138672,42122.0
202606241705,157.13499450683594,157.07000732421875,157.1699981689453,157.00999450683594,31340.0
202606241706,157.02000427246094,156.83999633789062,157.03500366210938,156.77999877929688,50952.0
202606241707,156.85000610351562,156.52999877929688,156.88999938964844,156.47999572753906,79640.0
202606241708,156.50999450683594,156.66000366210938,156.79989624023438,156.50999450683594,40599.0
202606241709,156.69000244140625,156.5500030517578,156.69000244140625,156.52000427246094,722469.0
202606241710,156.56500244140625,156.55999755859375,156.6699981689453,156.49749755859375,50695.0
202606241711,156.57000732421875,156.36000061035156,156.61000061035156,156.36000061035156,37658.0
202606241712,156.35499572753906,156.32000732421875,156.44000244140625,156.30999755859375,81403.0
202606241713,156.3300018310547,156.17999267578125,156.35000610351562,156.16000366210938,66550.0
202606241714,156.1649932861328,156.21499633789062,156.3000030517578,156.13499450683594,53251.0
202606241715,156.17999267578125,156.19000244140625,156.3291015625,156.1199951171875,79477.0
202606241716,156.19000244140625,155.9499969482422,156.1999969482422,155.88999938964844,96792.0
202606241717,155.9499969482422,156.14500427246094,156.3000030517578,155.85000610351562,118663.0
202606241718,156.1199951171875,156.01150512695312,156.14959716796875,155.9600067138672,41704.0
202606241719,156.03500366210938,155.88999938964844,156.08999633789062,155.83999633789062,107572.0
202606241720,155.88999938964844,155.6699981689453,155.90199279785156,155.6199951171875,107628.0
202606241721,155.6649932861328,155.8000030517578,155.9199981689453,155.66000366210938,48324.0
202606241722,155.85000610351562,155.94000244140625,156.18389892578125,155.84500122070312,68302.0
202606241723,155.97500610351562,155.99000549316406,156.0800018310547,155.86000061035156,49303.0
202606241724,155.9600067138672,155.92999267578125,156.08999633789062,155.92999267578125,44569.0
202606241725,155.96499633789062,155.89999389648438,156.0399932861328,155.66000366210938,61744.0
202606241726,155.99000549316406,155.97509765625,156.1199951171875,155.9199981689453,1587567.0
202606241727,156.00999450683594,156.09249877929688,156.22000122070312,156.00999450683594,46003.0
202606241728,156.05499267578125,155.69000244140625,156.05999755859375,155.6300048828125,59900.0
202606241729,155.72000122070312,155.58999633789062,155.92999267578125,155.58999633789062,101286.0
202606241730,155.58999633789062,155.83999633789062,155.88999938964844,155.55999755859375,117955.0
202606241731,155.77000427246094,155.71499633789062,156.0,155.60000610351562,57765.0
202606241732,155.69000244140625,155.8699951171875,155.93760681152344,155.6501007080078,73285.0
202606241733,155.8350067138672,155.82730102539062,155.89999389648438,155.64999389648438,59087.0
202606241734,155.8074951171875,156.0850067138672,156.1699981689453,155.8074951171875,43608.0
202606241735,156.02999877929688,156.0,156.38999938964844,155.99000549316406,76831.0
202606241736,156.05999755859375,156.0,156.11000061035156,155.64999389648438,84295.0
202606241737,155.9949951171875,155.9499969482422,156.0500030517578,155.8699951171875,43949.0
202606241738,155.9600067138672,156.19000244140625,156.22000122070312,155.89999389648438,56928.0
202606241739,156.1750030517578,156.30999755859375,156.4199981689453,156.14999389648438,80974.0
202606241740,156.30999755859375,156.07000732421875,156.3699951171875,156.07000732421875,80645.0
202606241741,156.11000061035156,156.1300048828125,156.25,156.00999450683594,93890.0
202606241742,156.14500427246094,156.17999267578125,156.2899932861328,156.10000610351562,60860.0
202606241743,156.13999938964844,155.9499969482422,156.25750732421875,155.91000366210938,84610.0
202606241744,155.97000122070312,155.7550048828125,156.00999450683594,155.7100067138672,61998.0
202606241745,155.75999450683594,155.66000366210938,155.9250030517578,155.64999389648438,87813.0
202606241746,155.6750030517578,155.93499755859375,155.97999572753906,155.6199951171875,65678.0
202606241747,155.93499755859375,156.0399932861328,156.1300048828125,155.9199981689453,39533.0
202606241748,156.05499267578125,155.97000122070312,156.16000366210938,155.94000244140625,38764.0
202606241749,156.02000427246094,155.89999389648438,156.05999755859375,155.75,159584.0
202606241750,155.8699951171875,155.98500061035156,156.0800018310547,155.61000061035156,132201.0
202606241751,156.0800018310547,156.08999633789062,156.33900451660156,155.9700927734375,57812.0
202606241752,156.1300048828125,155.72000122070312,156.1300048828125,155.64999389648438,45790.0
202606241753,155.72500610351562,155.85499572753906,155.94000244140625,155.66000366210938,42668.0
202606241754,155.88999938964844,155.92999267578125,155.9499969482422,155.71170043945312,38667.0
202606241755,155.94000244140625,156.05999755859375,156.14999389648438,155.89999389648438,42546.0
202606241756,156.0850067138672,156.10499572753906,156.1999969482422,155.97999572753906,98177.0
202606241757,156.05999755859375,155.89999389648438,156.11000061035156,155.8699951171875,36279.0
202606241758,155.88999938964844,155.82000732421875,155.89999389648438,155.67999267578125,44558.0
202606241759,155.7899932861328,155.6699981689453,155.85000610351562,155.64999389648438,35959.0
202606241800,155.69000244140625,155.75,155.85000610351562,155.58999633789062,97349.0
202606241801,155.74000549316406,156.0,156.16990661621094,155.74000549316406,68155.0
202606241802,155.94000244140625,155.91549682617188,155.99000549316406,155.77999877929688,59747.0
202606241803,155.91000366210938,156.0399932861328,156.0800018310547,155.86000061035156,63432.0
202606241804,156.0,156.10499572753906,156.11000061035156,155.9499969482422,65662.0
202606241805,156.0800018310547,156.10000610351562,156.1999969482422,156.0500030517578,38757.0
202606241806,156.10000610351562,156.3699951171875,156.49000549316406,156.10000610351562,57693.0
202606241807,156.38999938964844,156.42999267578125,156.58999633789062,156.3000030517578,78904.0
202606241808,156.47000122070312,156.5800018310547,156.8000030517578,156.4499969482422,70409.0
202606241809,156.58999633789062,156.80999755859375,156.8800048828125,156.58999633789062,99087.0
202606241810,156.77330017089844,156.72000122070312,157.0,156.69000244140625,100856.0
202606241811,156.74000549316406,156.5500030517578,156.85009765625,156.47000122070312,171003.0
202606241812,156.5500030517578,156.89500427246094,157.05999755859375,156.50999450683594,110607.0
202606241813,156.8800048828125,156.8800048828125,156.9199981689453,156.75999450683594,64415.0
202606241814,156.8800048828125,156.97000122070312,157.0,156.82000732421875,52253.0
202606241815,156.97999572753906,157.13999938964844,157.19859313964844,156.91009521484375,62272.0
202606241816,157.13450622558594,157.2050018310547,157.3300018310547,157.05999755859375,64116.0
202606241817,157.16009521484375,157.31500244140625,157.37989807128906,157.14010620117188,60224.0
202606241818,157.31500244140625,157.4499969482422,157.50729370117188,157.22999572753906,69315.0
202606241819,157.4499969482422,157.6999969482422,157.8000030517578,157.42999267578125,79464.0
202606241820,157.6699981689453,157.72000122070312,157.7855987548828,157.46499633789062,47435.0
202606241821,157.67999267578125,157.625,157.80499267578125,157.42449951171875,55731.0
202606241822,157.64500427246094,157.61500549316406,157.75999450683594,157.58999633789062,57137.0
202606241823,157.625,157.7200927734375,157.75,157.59500122070312,58513.0
202606241824,157.7550048828125,157.92999267578125,157.97000122070312,157.6501007080078,69349.0
202606241825,157.92999267578125,157.80999755859375,158.14999389648438,157.80999755859375,76010.0
202606241826,157.89990234375,157.5500030517578,157.89990234375,157.47999572753906,85232.0
202606241827,157.5511932373047,157.5500030517578,157.64999389648438,157.49000549316406,70720.0
202606241828,157.53500366210938,157.5050048828125,157.5500030517578,157.3000030517578,90636.0
202606241829,157.5500030517578,157.42999267578125,157.60000610351562,157.3800048828125,24315.0
202606241830,157.375,157.31500244140625,157.44000244140625,157.19500732421875,65569.0
202606241831,157.2899932861328,156.96499633789062,157.31500244140625,156.89500427246094,87586.0
202606241832,156.9949951171875,156.9499969482422,157.07749938964844,156.88009643554688,65601.0
202606241833,156.99960327148438,156.88999938964844,157.0699005126953,156.84500122070312,39871.0
202606241834,156.92999267578125,156.85000610351562,156.97999572753906,156.8000030517578,34163.0
202606241835,156.85000610351562,156.73440551757812,156.89999389648438,156.66000366210938,63956.0
202606241836,156.72500610351562,156.66000366210938,156.77499389648438,156.51080322265625,44661.0
202606241837,156.6300048828125,157.125,157.14500427246094,156.5800018310547,99074.0
202606241838,157.1699981689453,157.125,157.1999053955078,156.89999389648438,51048.0
202606241839,157.11000061035156,157.19500732421875,157.25,156.91000366210938,82692.0
202606241840,157.19500732421875,156.41000366210938,157.27999877929688,156.27999877929688,107909.0
202606241841,156.4199981689453,156.36500549316406,156.52000427246094,156.27999877929688,100802.0
202606241842,156.36500549316406,156.27999877929688,156.42999267578125,156.20159912109375,45166.0
202606241843,156.24000549316406,156.20799255371094,156.24000549316406,156.1199951171875,58126.0
202606241844,156.16000366210938,156.27999877929688,156.36000061035156,156.1300048828125,71691.0
202606241845,156.27999877929688,156.3800048828125,156.4199981689453,156.2100067138672,50884.0
202606241846,156.3800048828125,156.34500122070312,156.47999572753906,156.30999755859375,43001.0
202606241847,156.3800048828125,156.10000610351562,156.3800048828125,156.07000732421875,55064.0
202606241848,156.10000610351562,156.16000366210938,156.1699981689453,156.00100708007812,49623.0
202606241849,156.16000366210938,156.10499572753906,156.2093963623047,155.91000366210938,155988.0
202606241850,156.14999389648438,155.97999572753906,156.16000366210938,155.86000061035156,91042.0
202606241851,155.97999572753906,155.6999969482422,156.04989624023438,155.6999969482422,417743.0
202606241852,155.72999572753906,155.8800048828125,156.0299072265625,155.6999969482422,72542.0
202606241853,155.88999938964844,155.92999267578125,156.00999450683594,155.85000610351562,69053.0
202606241854,155.9600067138672,155.92999267578125,156.05999755859375,155.92999267578125,40705.0
202606241855,155.94500732421875,156.08999633789062,156.17999267578125,155.92999267578125,65938.0
202606241856,156.0800018310547,156.125,156.22000122070312,156.07000732421875,44537.0
202606241857,156.10000610351562,156.02499389648438,156.3800048828125,155.99249267578125,106946.0
202606241858,156.02999877929688,156.10000610351562,156.1699981689453,155.86000061035156,56252.0
202606241859,156.1300048828125,155.9600067138672,156.13999938964844,155.86000061035156,85664.0
202606241900,155.96499633789062,155.64999389648438,156.0399932861328,155.60000610351562,77450.0
202606241901,155.6199951171875,155.59010314941406,155.67999267578125,155.5449981689453,69955.0
202606241902,155.6300048828125,155.8800048828125,155.9600067138672,155.58999633789062,64081.0
202606241903,155.89999389648438,156.02999877929688,156.27000427246094,155.8800048828125,95668.0
202606241904,156.00999450683594,155.92999267578125,156.08999633789062,155.91000366210938,44116.0
202606241905,155.97000122070312,155.83999633789062,155.97000122070312,155.6999969482422,38259.0
202606241906,155.82000732421875,155.46499633789062,155.83999633789062,155.38999938964844,114662.0
202606241907,155.4499969482422,155.89999389648438,155.9499969482422,155.35000610351562,77919.0
202606241908,155.8800048828125,156.1300048828125,156.1300048828125,155.85000610351562,54911.0
202606241909,156.10000610351562,156.25999450683594,156.39999389648438,155.9499969482422,37455.0
202606241910,156.24000549316406,155.89999389648438,156.35000610351562,155.8699951171875,82360.0
202606241911,155.88999938964844,156.05999755859375,156.1699981689453,155.8800048828125,69066.0
202606241912,156.08999633789062,156.3350067138672,156.36990356445312,156.02999877929688,88002.0
202606241913,156.32000732421875,156.3800048828125,156.4290008544922,156.24000549316406,69737.0
202606241914,156.42999267578125,156.38999938964844,156.5800018310547,155.92999267578125,78002.0
202606241915,156.3800048828125,156.22000122070312,156.38999938964844,156.08999633789062,67348.0
202606241916,156.2050018310547,156.2550048828125,156.3699951171875,156.19000244140625,36169.0
202606241917,156.2550048828125,156.30499267578125,156.33999633789062,156.1999969482422,28991.0
202606241918,156.2801055908203,156.4149932861328,156.4199981689453,156.27000427246094,67952.0
202606241919,156.41000366210938,156.63999938964844,156.64999389648438,156.32000732421875,72305.0
202606241920,156.61000061035156,156.4499969482422,156.67999267578125,156.3300018310547,91765.0
202606241921,156.44000244140625,156.56500244140625,156.58999633789062,156.39999389648438,72877.0
202606241922,156.58900451660156,156.6750030517578,156.6750030517578,156.51010131835938,65625.0
202606241923,156.6750030517578,156.77000427246094,156.85000610351562,156.66000366210938,64070.0
202606241924,156.76499938964844,156.86500549316406,156.91000366210938,156.74000549316406,64360.0
202606241925,156.8699951171875,156.83999633789062,157.1300048828125,156.82000732421875,56223.0
202606241926,156.84500122070312,157.00999450683594,157.0399932861328,156.82000732421875,70493.0
202606241927,157.0,156.93499755859375,157.11000061035156,156.77499389648438,64892.0
202606241928,156.9499969482422,156.88999938964844,156.97999572753906,156.77999877929688,103254.0
202606241929,156.88999938964844,156.63999938964844,156.88999938964844,156.63999938964844,63107.0
202606241930,156.64190673828125,156.60000610351562,156.74989318847656,156.56500244140625,166792.0
202606241931,156.61500549316406,156.61000061035156,156.6199951171875,156.5218048095703,59218.0
202606241932,156.60899353027344,156.5749969482422,156.67999267578125,156.5500030517578,166686.0
202606241933,156.5800018310547,156.69000244140625,156.69000244140625,156.57000732421875,48170.0
202606241934,156.6699981689453,156.78500366210938,156.8699951171875,156.6699981689453,58461.0
202606241935,156.8000030517578,156.82000732421875,156.88999938964844,156.60000610351562,141449.0
202606241936,156.80999755859375,156.75999450683594,156.89999389648438,156.7050018310547,70493.0
202606241937,156.7899932861328,156.5500030517578,156.7899932861328,156.5399932861328,58348.0
202606241938,156.52000427246094,156.35000610351562,156.5850067138672,156.35000610351562,136588.0
202606241939,156.38999938964844,156.35000610351562,156.5449981689453,156.35000610351562,141816.0
202606241940,156.3800048828125,156.50999450683594,156.52000427246094,156.25,168208.0
202606241941,156.5050048828125,156.2899932861328,156.66000366210938,156.2899932861328,53857.0
202606241942,156.30999755859375,156.25,156.3300018310547,156.10000610351562,66135.0
202606241943,156.2469940185547,156.25999450683594,156.25999450683594,156.16000366210938,59293.0
202606241944,156.25999450683594,156.3300018310547,156.41000366210938,156.25970458984375,0.0
202606241945,156.3300018310547,156.64999389648438,156.6999969482422,156.2899932861328,67649.0
202606241946,156.64999389648438,156.55999755859375,156.66729736328125,156.5399932861328,77211.0
202606241947,156.5500030517578,156.66000366210938,156.66000366210938,156.4600067138672,120214.0
202606241948,156.64999389648438,156.75,156.88999938964844,156.64999389648438,91460.0
202606241949,156.75999450683594,157.2100067138672,157.25,156.75999450683594,121550.0
202606241950,157.1999969482422,157.25,157.52999877929688,157.0749969482422,206215.0
202606241951,157.2698974609375,157.80999755859375,157.80999755859375,157.2698974609375,120666.0
202606241952,157.77999877929688,157.6649932861328,158.1699981689453,157.22000122070312,170716.0
202606241953,157.67999267578125,157.5800018310547,158.02999877929688,157.5500030517578,154064.0
202606241954,157.60000610351562,157.50999450683594,157.8699951171875,157.5,174813.0
202606241955,157.50999450683594,157.3699951171875,157.50999450683594,157.2899932861328,241686.0
202606241956,157.35000610351562,157.44000244140625,157.5,157.27999877929688,262021.0
202606241957,157.39999389648438,157.1199951171875,157.4499969482422,157.0,263373.0
202606241958,157.14999389648438,157.14999389648438,157.14999389648438,157.14999389648438,0.0
