datetime,open,close,high,low,volume
20240625,168.15,167.1,168.96,167.09,30118.0
20240626,167.0,166.62,167.18,164.85,29876.0
20240627,166.63,166.45,167.25,165.27,29786.0
20240628,166.85,164.86,167.17,164.62,48216.0
20240701,165.0,162.68,166.06,162.58,31507.0
20240702,162.79,163.58,164.47,162.32,33426.0
20240703,163.62,162.4,164.13,161.96,20728.0
20240705,163.4,164.37,164.52,162.47,27525.0
20240708,164.54,162.39,164.71,161.92,35264.0
20240709,162.6,161.89,162.94,161.5,41591.0
20240710,162.25,163.6,164.32,160.66,52197.0
20240711,163.99,164.0,164.89,157.5,73421.0
20240712,164.01,166.38,168.03,163.69,46189.0
20240715,166.85,163.95,167.0,163.43,31623.0
20240716,164.42,164.76,165.04,162.84,29106.0
20240717,165.27,169.93,170.23,165.27,47536.0
20240718,169.61,170.1,172.67,168.38,39147.0
20240719,169.99,169.36,170.49,168.47,32835.0
20240722,169.62,167.42,169.71,167.35,31200.0
20240723,168.0,166.5,168.4,166.02,23188.0
20240724,166.11,168.0,168.67,164.95,38379.0
20240725,168.0,171.98,173.49,167.77,41151.0
20240726,171.07,172.55,173.0,170.49,32799.0
20240729,172.01,173.01,173.49,170.85,29403.0
20240730,172.39,172.0,174.52,171.55,32260.0
20240731,173.24,172.22,174.69,172.02,40158.0
20240801,172.0,175.85,175.85,172.0,40965.0
20240802,175.19,177.5,179.95,173.84,45336.0
20240805,175.0,174.04,180.91,173.16,51574.0
20240806,174.25,172.92,176.21,172.25,43609.0
20240807,172.95,171.78,174.39,171.33,33344.0
20240808,171.75,172.76,173.0,169.81,33307.0
20240809,172.27,172.39,172.78,170.39,19253.0
20240812,172.39,171.42,172.87,170.7,26813.0
20240813,171.42,172.34,172.95,170.22,27672.0
20240814,172.54,173.0,174.34,171.54,22972.0
20240815,173.8,172.99,174.3,171.83,30207.0
20240816,172.65,172.62,172.78,171.1,25926.0
20240819,172.81,173.82,173.98,172.44,21382.0
20240820,173.44,176.0,176.35,172.5,39591.0
20240821,175.94,175.5,176.82,174.62,26662.0
20240822,175.2,175.75,176.08,174.7,21755.0
20240823,175.77,175.87,176.68,173.67,32495.0
20240826,175.99,175.9,176.84,175.73,24738.0
20240827,176.24,175.25,176.88,174.52,24508.0
20240828,175.46,175.88,175.88,173.35,24989.0
20240829,174.93,172.09,174.93,171.91,29117.0
20240830,172.51,172.53,173.56,171.25,57787.0
20240903,172.7,177.38,178.0,171.88,43769.0
20240904,177.48,178.51,179.65,176.29,40107.0
20240905,178.43,179.7,179.9,177.52,37357.0
20240906,177.61,176.65,178.58,176.65,36363.0
20240909,177.97,178.0,178.79,175.85,26745.0
20240910,178.1,177.63,179.1,177.16,24108.0
20240911,178.37,175.78,178.37,174.42,25161.0
20240912,175.5,177.47,177.69,173.95,29232.0
20240913,176.97,177.22,178.0,176.36,21725.0
20240916,177.31,177.21,179.43,176.35,26082.0
20240917,176.6,177.0,178.09,176.3,40538.0
20240918,177.16,175.93,178.06,174.43,28867.0
20240919,175.64,174.99,176.22,174.15,32162.0
20240920,173.44,171.4,173.77,170.22,72525.0
20240923,171.2,171.99,173.94,170.72,33348.0
20240924,172.01,169.97,172.01,169.5,58127.0
20240925,169.3,169.2,170.77,168.76,27066.0
20240926,169.49,169.72,171.0,168.58,39689.0
20240927,169.7,169.99,171.65,169.21,50949.0
20240930,170.09,169.76,171.74,169.51,34474.0
20241001,170.24,171.13,171.94,169.77,42728.0
20241002,171.31,169.55,171.74,168.52,38739.0
20241003,169.43,168.36,169.43,167.17,35576.0
20241004,168.65,168.05,168.75,166.82,27830.0
20241007,168.5,167.25,168.54,166.45,36353.0
20241008,167.45,170.26,170.73,165.0,52603.0
20241009,170.3,172.42,173.28,169.1,52027.0
20241010,172.49,173.0,173.08,170.54,32769.0
20241011,172.7,174.26,175.18,172.42,32537.0
20241014,174.47,176.1,176.27,174.1,27811.0
20241015,175.95,175.7,177.39,175.12,32783.0
20241016,175.7,174.3,175.74,173.63,32057.0
20241017,174.05,174.4,175.47,173.69,29923.0
20241018,173.89,175.06,175.33,172.12,29515.0
20241021,174.78,174.73,177.5,174.34,41778.0
20241022,174.6,174.11,174.95,173.5,23769.0
20241023,174.11,172.24,174.11,172.06,24489.0
20241024,172.9,172.03,173.54,171.45,25422.0
20241025,172.84,171.73,174.0,171.6,22523.0
20241028,171.76,169.89,172.98,169.52,30835.0
20241029,170.26,167.56,170.46,166.97,35579.0
20241030,167.51,166.78,167.97,166.0,31034.0
20241031,166.68,165.6,167.51,165.5,37740.0
20241101,166.21,165.71,166.48,165.21,29370.0
20241104,165.82,166.6,167.0,165.18,30025.0
20241105,166.34,168.14,168.41,165.67,23505.0
20241106,168.75,164.72,168.93,163.6,49066.0
20241107,164.96,164.48,165.17,163.47,34484.0
20241108,164.7,165.11,165.82,163.64,32120.0
20241111,165.21,164.5,166.15,163.98,22881.0
20241112,164.5,164.34,165.0,163.15,32431.0
20241113,164.0,164.97,164.98,162.37,28478.0
20241114,165.0,164.5,166.89,163.83,38379.0
20241115,164.72,159.0,165.15,158.05,64357.0
20241118,158.52,158.2,159.85,157.76,38798.0
20241119,159.01,157.25,159.01,155.85,45900.0
20241120,157.06,158.85,159.44,156.2,30768.0
20241121,158.8,160.46,160.85,157.95,32387.0
20241122,160.81,161.72,162.2,159.89,36970.0
20241125,162.01,162.04,163.59,162.0,56838.0
20241126,163.23,162.16,163.68,161.9,33021.0
20241127,162.9,162.6,165.13,161.68,25563.0
20241129,162.69,163.49,163.59,160.95,18956.0
20241202,163.25,163.05,163.65,161.76,36554.0
20241203,163.01,161.72,163.18,161.42,29879.0
20241204,161.8,160.18,162.2,159.41,46909.0
20241205,160.35,160.49,161.01,158.83,35156.0
20241206,159.85,157.8,160.8,157.54,54867.0
20241209,157.95,159.47,161.5,157.14,61350.0
20241210,159.6,159.7,160.42,157.35,37985.0
20241211,159.08,156.92,160.52,156.26,50850.0
20241212,157.54,157.81,159.6,156.92,41471.0
20241213,158.24,158.0,159.57,157.06,26557.0
20241216,158.29,155.9,158.82,155.78,45537.0
20241217,156.21,156.0,158.5,155.24,47345.0
20241218,156.14,154.2,156.2,154.01,54895.0
20241219,154.15,151.21,155.45,150.99,57211.0
20241220,151.01,152.8,153.62,150.5,133608.0
20241223,153.0,151.1,153.0,149.7,40506.0
20241224,151.42,152.52,152.9,150.41,24632.0
20241226,152.29,152.6,153.18,152.05,24920.0
20241227,152.01,153.19,153.47,151.19,30800.0
20241230,153.26,152.0,153.32,151.09,33383.0
20241231,151.75,152.06,153.15,150.94,29755.0
20250102,153.0,150.66,153.66,149.89,33145.0
20250103,150.44,149.61,150.96,149.56,37784.0
20250106,149.92,146.88,150.5,146.1,69715.0
20250107,147.04,145.73,147.97,145.34,57013.0
20250108,145.79,146.06,146.74,144.56,46115.0
20250110,147.1,142.63,147.35,141.51,72938.0
20250113,142.97,144.7,145.14,142.14,55666.0
20250114,144.7,145.1,145.5,143.56,44336.0
20250115,145.48,144.79,146.99,144.17,46366.0
20250116,145.01,146.3,146.79,143.69,35731.0
20250117,146.72,148.51,148.62,146.29,54281.0
20250121,149.5,148.52,149.78,147.65,49999.0
20250122,148.43,148.15,149.45,147.79,37242.0
20250123,148.41,149.0,149.0,146.61,31981.0
20250124,148.95,149.3,149.5,148.13,33260.0
20250127,149.14,154.01,155.47,149.14,63835.0
20250128,154.62,150.4,154.62,150.0,41867.0
20250129,150.71,151.0,152.0,150.23,29347.0
20250130,151.0,151.3,153.08,150.63,27660.0
20250131,151.82,150.39,152.16,150.27,32953.0
20250203,150.21,150.01,151.4,148.83,47110.0
20250204,150.22,144.2,150.5,143.0,94856.0
20250205,143.76,145.83,145.83,142.7,63885.0
20250206,145.79,145.73,147.06,143.96,38412.0
20250207,145.47,144.7,145.79,143.9,37328.0
20250210,144.77,144.35,145.41,143.01,56308.0
20250211,144.51,145.6,145.78,143.4,42187.0
20250212,145.99,144.22,146.0,143.03,46606.0
20250213,144.4,144.73,144.94,143.6,47972.0
20250214,145.1,143.5,146.17,143.33,37135.0
20250218,144.31,144.4,144.4,141.6,50054.0
20250219,144.19,145.81,146.05,144.0,39116.0
20250220,146.08,149.13,149.25,144.93,48249.0
20250221,149.11,152.7,154.55,148.9,74479.0
20250224,153.28,154.47,156.32,152.12,48397.0
20250225,154.29,155.31,158.46,154.0,53787.0
20250226,156.03,151.0,156.07,151.0,59233.0
20250227,151.59,152.2,152.69,149.93,44540.0
20250228,152.17,153.16,155.1,151.99,58431.0
20250303,152.75,155.5,156.15,150.5,52325.0
20250304,155.56,154.75,160.15,153.86,67529.0
20250305,154.69,154.5,155.34,152.56,34586.0
20250306,153.57,154.8,154.97,152.53,53855.0
20250307,153.51,154.59,157.59,152.3,53584.0
20250310,154.6,155.38,160.08,139.66,71078.0
20250311,155.41,152.37,156.05,151.8,45992.0
20250312,152.31,147.85,152.31,146.51,51777.0
20250313,148.37,148.34,150.48,148.0,32119.0
20250314,148.36,148.0,149.16,147.0,36058.0
20250317,148.6,151.3,151.67,147.7,34497.0
20250318,151.06,149.1,151.3,148.75,42245.0
20250319,149.25,148.11,149.56,146.79,41885.0
20250320,148.24,146.81,148.5,146.64,32064.0
20250321,147.13,145.45,147.7,144.75,87533.0
20250324,145.49,146.2,146.8,144.74,36582.0
20250325,146.66,145.9,146.8,144.83,34272.0
20250326,145.99,149.25,149.47,145.68,40868.0
20250327,148.77,149.35,150.41,148.64,34997.0
20250328,149.68,148.8,151.38,147.11,58380.0
20250331,148.5,149.81,152.59,148.25,65752.0
20250401,149.86,150.0,150.8,148.58,41661.0
20250402,149.97,148.1,150.5,147.46,37908.0
20250403,148.5,150.62,154.05,148.24,51288.0
20250404,151.27,146.49,154.92,146.01,86896.0
20250407,144.11,143.5,146.2,140.67,87861.0
20250408,144.0,139.8,145.4,139.15,58553.0
20250409,139.38,145.76,146.88,137.14,94793.0
20250410,145.51,144.45,147.14,142.92,75351.0
20250411,145.4,144.05,145.62,142.12,56690.0
20250414,145.3,146.75,147.18,143.5,34449.0
20250415,146.82,142.81,147.24,142.62,34548.0
20250416,143.11,139.95,144.4,139.76,52032.0
20250417,140.38,142.86,143.94,139.7,43475.0
20250421,142.85,142.26,143.49,140.57,49444.0
20250422,142.45,143.65,144.28,141.95,46320.0
20250423,143.92,142.1,144.2,140.85,48668.0
20250424,142.0,135.2,142.7,134.53,105400.0
20250425,135.87,133.74,136.24,131.8,74734.0
20250428,134.01,134.14,135.41,133.1,53318.0
20250429,134.12,134.25,134.6,131.52,47453.0
20250430,134.54,134.6,136.18,133.09,54391.0
20250501,135.01,133.88,135.58,133.1,45451.0
20250502,133.55,133.88,134.96,133.14,48427.0
20250505,134.02,132.35,134.33,131.7,58580.0
20250506,132.23,131.41,132.35,130.16,46649.0
20250507,131.18,131.8,132.67,130.27,43286.0
20250508,132.22,131.5,132.98,131.26,42245.0
20250509,131.81,130.5,131.81,130.18,32880.0
20250512,130.5,131.65,132.33,129.85,60708.0
20250513,132.1,130.5,132.44,129.75,60827.0
20250514,130.9,128.37,130.98,127.87,72735.0
20250515,128.98,131.75,131.79,128.81,62641.0
20250516,132.02,131.86,133.0,130.65,57816.0
20250519,132.1,131.78,132.69,131.11,64682.0
20250520,131.97,132.15,132.43,131.35,51685.0
20250521,132.04,130.44,132.22,130.01,64577.0
20250522,130.53,130.0,130.7,128.82,48797.0
20250523,130.58,129.36,131.1,127.75,56991.0
20250527,130.14,131.42,131.46,129.12,73962.0
20250528,131.51,131.1,132.19,130.2,43805.0
20250529,130.76,131.9,132.07,130.25,44745.0
20250530,132.09,131.5,132.72,131.29,76219.0
20250602,131.54,130.79,132.01,129.07,47014.0
20250603,130.78,131.97,132.21,129.81,49079.0
20250604,132.18,131.99,132.74,131.09,47345.0
20250605,132.39,131.49,132.39,130.21,69397.0
20250606,130.39,130.06,130.8,129.34,52135.0
20250609,130.17,129.97,130.65,129.18,58929.0
20250610,130.37,131.81,132.12,129.46,63451.0
20250611,132.29,129.9,132.29,129.79,63892.0
20250612,130.08,132.25,132.35,129.5,67135.0
20250613,131.51,130.93,133.06,130.59,65314.0
20250616,131.1,131.12,132.09,130.22,66091.0
20250617,131.2,129.35,131.69,129.13,64038.0
20250618,129.66,129.25,129.8,128.59,62404.0
20250620,129.26,128.98,130.42,128.9,176591.0
20250623,129.21,129.2,129.5,127.82,84522.0
20250624,129.61,131.05,131.21,129.05,56220.0
20250625,131.06,128.2,131.5,127.63,76803.0
20250626,128.42,128.6,129.16,127.6,87747.0
20250627,128.76,131.1,131.36,128.11,146443.0
20250630,131.0,132.39,132.4,130.2,72167.0
20250701,132.18,135.26,136.39,132.0,83871.0
20250702,135.73,136.5,137.0,134.88,62578.0
20250703,136.69,136.14,137.03,135.23,33214.0
20250707,135.6,134.3,136.1,133.67,55772.0
20250708,134.47,135.49,135.68,133.17,49769.0
20250709,135.31,134.25,135.55,132.96,51097.0
20250710,134.67,135.9,136.68,133.63,55379.0
20250711,136.13,135.37,136.13,133.81,54901.0
20250714,134.93,135.32,135.88,133.86,50731.0
20250715,135.41,133.95,135.62,133.75,58944.0
20250716,134.04,135.8,135.88,133.7,71649.0
20250717,135.54,145.25,145.96,135.0,175383.0
20250718,144.99,143.24,146.8,142.94,87110.0
20250721,143.02,141.88,143.59,140.45,57075.0
20250722,141.9,146.1,146.4,141.1,53512.0
20250723,145.92,145.62,147.04,144.61,40980.0
20250724,145.32,144.7,146.47,143.98,59525.0
20250725,144.61,143.59,144.9,142.7,44688.0
20250728,143.91,141.6,143.91,141.46,60980.0
20250729,141.66,143.89,143.99,141.12,40406.0
20250730,143.73,141.8,144.4,141.39,56780.0
20250731,141.61,138.45,141.9,137.5,80294.0
20250801,138.06,139.45,139.81,137.82,54237.0
20250804,139.51,140.19,140.4,138.75,48748.0
20250805,139.57,139.26,140.35,139.26,39214.0
20250806,139.39,140.67,141.58,139.25,41814.0
20250807,140.9,143.69,144.31,140.48,54053.0
20250808,143.92,145.22,145.7,143.77,36709.0
20250811,145.31,144.94,145.94,143.74,40252.0
20250812,144.98,146.4,147.96,144.0,51397.0
20250813,147.03,149.08,149.54,146.61,43040.0
20250814,149.02,149.17,149.5,148.05,46476.0
20250815,148.76,150.84,151.1,148.47,68456.0
20250818,150.22,149.4,150.84,148.92,61476.0
20250819,149.24,152.41,152.53,149.17,44375.0
20250820,152.32,150.5,154.61,148.69,62320.0
20250821,150.28,149.02,150.8,148.5,52450.0
20250822,149.46,149.9,151.18,149.09,35136.0
20250825,149.62,148.3,150.25,147.58,36661.0
20250826,148.35,146.99,148.35,145.81,76408.0
20250827,147.05,148.07,148.57,146.31,45310.0
20250828,148.07,147.03,148.32,146.23,42716.0
20250829,147.21,149.0,149.22,146.56,46643.0
20250902,148.92,150.06,157.8,148.0,125985.0
20250903,150.56,148.9,151.15,147.11,80380.0
20250904,148.9,147.0,149.47,146.45,44774.0
20250905,145.99,146.4,147.88,145.1,50925.0
20250908,146.57,141.79,146.57,140.34,79357.0
20250909,141.85,142.33,143.63,141.0,40386.0
20250910,143.07,142.85,143.25,141.42,38087.0
20250911,142.73,143.76,144.8,142.5,40951.0
20250912,143.69,143.53,144.25,142.9,27324.0
20250915,144.76,140.85,144.76,140.53,42802.0
20250916,140.87,140.1,141.31,139.91,61613.0
20250917,140.13,141.59,142.05,140.01,42864.0
20250918,141.41,140.98,141.63,140.39,30685.0
20250919,140.93,142.0,142.08,140.46,85301.0
20250922,141.79,141.12,141.82,139.93,38429.0
20250923,141.26,142.4,142.4,139.96,44443.0
20250924,142.0,142.16,142.34,141.01,44078.0
20250925,142.03,140.04,143.42,139.86,41704.0
20250926,140.05,140.3,140.99,139.85,39093.0
20250929,140.62,140.19,140.84,139.12,63786.0
20250930,140.07,140.64,141.03,139.83,53474.0
20251001,140.46,143.0,143.37,140.15,40236.0
20251002,142.92,142.29,143.25,141.37,28911.0
20251003,142.22,142.26,143.36,141.86,30088.0
20251006,141.95,139.99,142.09,138.88,46413.0
20251007,139.94,140.99,141.84,139.5,43237.0
20251008,140.9,139.0,141.03,138.69,54150.0
20251009,138.93,144.63,144.98,137.0,89318.0
20251010,144.75,150.0,150.82,144.7,123746.0
20251013,148.54,148.51,150.3,147.3,50520.0
20251014,149.3,151.3,151.62,147.79,58198.0
20251015,151.17,151.2,152.39,149.17,41781.0
20251016,150.77,152.54,154.38,150.77,59938.0
20251017,152.84,153.86,154.37,151.73,41586.0
20251020,153.74,153.49,154.58,152.71,31936.0
20251021,153.58,152.76,155.19,152.75,35372.0
20251022,152.75,153.26,155.18,152.71,46026.0
20251023,153.34,151.4,153.66,151.03,35442.0
20251024,151.41,151.53,152.5,151.26,22534.0
20251027,150.87,151.49,152.94,150.33,31818.0
20251028,152.89,150.3,153.22,149.55,36886.0
20251029,149.81,145.97,149.81,143.67,50806.0
20251030,146.24,146.2,148.09,145.58,31781.0
20251031,146.29,146.49,147.0,145.3,39336.0
20251103,146.35,143.73,146.35,143.0,44532.0
20251104,143.85,143.7,144.93,142.06,46030.0
20251105,143.27,142.75,143.38,141.58,49657.0
20251106,142.78,142.01,143.21,141.3,41053.0
20251107,141.51,142.94,144.05,141.45,39860.0
20251110,142.43,142.42,143.02,141.26,41315.0
20251111,142.62,144.42,145.76,142.58,41427.0
20251112,144.97,144.03,145.5,144.03,39728.0
20251113,144.68,145.4,146.39,143.65,41201.0
20251114,145.62,145.81,146.84,143.93,34974.0
20251117,145.8,148.0,148.11,145.22,50440.0
20251118,147.83,148.6,149.83,147.27,56597.0
20251119,148.61,146.34,148.8,145.32,45719.0
20251120,146.38,146.0,147.11,144.9,42858.0
20251121,146.29,146.5,148.94,145.98,50073.0
20251124,146.45,145.5,146.45,144.76,65095.0
20251125,145.3,146.11,147.12,145.3,30318.0
20251126,146.02,148.15,148.47,145.7,28530.0
20251128,148.07,148.72,148.9,147.0,16457.0
20251201,148.96,149.26,149.82,148.51,44331.0
20251202,149.26,148.5,149.85,146.53,49317.0
20251203,148.91,148.22,150.7,147.91,32800.0
20251204,148.81,147.35,148.84,146.13,38353.0
20251205,145.6,145.02,145.9,144.51,35623.0
20251208,144.96,146.0,146.56,144.2,36355.0
20251209,145.93,144.56,147.56,143.91,54266.0
20251210,146.5,149.79,149.98,144.92,108984.0
20251211,150.31,149.9,150.89,148.13,52261.0
20251212,149.43,150.3,151.0,148.74,49567.0
20251215,151.01,151.31,151.7,150.28,44691.0
20251216,151.19,150.04,152.35,149.82,51682.0
20251217,150.0,150.3,151.24,149.14,44537.0
20251218,150.0,149.01,150.37,149.01,40314.0
20251219,149.31,148.0,149.9,147.8,110745.0
20251222,148.28,147.24,148.98,146.41,51527.0
20251223,147.17,143.9,147.5,143.56,53619.0
20251224,143.96,143.73,144.0,142.95,18240.0
20251226,143.35,143.68,143.94,143.09,29051.0
20251229,144.0,144.33,145.05,143.6,37610.0
20251230,144.15,144.44,145.27,143.69,26891.0
20251231,144.18,143.58,144.19,143.16,28102.0
20260102,143.76,142.29,144.11,142.1,44943.0
20260105,142.2,140.01,142.2,139.4,60808.0
20260106,140.17,139.1,140.61,138.56,60742.0
20260107,139.32,137.1,139.83,136.95,57799.0
20260108,137.1,139.43,139.49,136.01,56829.0
20260109,139.51,140.04,140.79,138.7,43992.0
20260112,140.02,141.02,141.55,138.56,80807.0
20260113,141.09,143.1,143.65,140.78,65845.0
20260114,143.48,145.92,146.3,143.06,55126.0
20260115,145.5,146.65,147.02,145.03,37030.0
20260116,146.25,146.03,147.86,145.51,56613.0
20260120,146.09,147.49,147.66,144.32,61319.0
20260121,147.08,146.47,148.01,144.94,45583.0
20260122,146.28,145.0,147.13,144.17,44965.0
20260123,144.2,144.01,144.84,143.06,39304.0
20260126,144.53,145.6,145.92,144.14,42255.0
20260127,145.42,148.26,148.88,144.98,50273.0
20260128,148.04,148.5,150.04,147.75,32579.0
20260129,148.52,148.4,150.86,148.0,53304.0
20260130,148.47,153.25,153.89,148.14,74914.0
20260202,153.67,154.13,156.62,152.95,99561.0
20260203,153.68,162.85,163.44,152.76,128017.0
20260204,162.8,166.15,167.94,161.97,86885.0
20260205,165.77,168.09,168.7,165.25,72547.0
20260206,167.72,170.21,170.75,166.45,77961.0
20260209,170.0,166.47,170.33,164.94,70213.0
20260210,166.2,167.13,167.41,163.74,49109.0
20260211,166.7,168.46,170.27,166.02,43657.0
20260212,169.36,167.23,171.48,167.0,62680.0
20260213,167.17,165.94,167.88,164.99,60169.0
20260217,166.0,161.95,167.54,160.81,53049.0
20260218,162.43,164.08,164.53,160.63,46309.0
20260219,163.97,163.95,165.05,163.13,30473.0
20260220,164.47,165.0,165.2,163.02,29792.0
20260223,164.69,168.83,168.95,164.11,41890.0
20260224,167.94,169.77,169.8,167.5,41233.0
20260225,169.0,169.5,169.53,166.0,48342.0
20260226,168.99,167.4,170.06,167.16,33010.0
20260227,167.75,169.74,170.28,166.88,61969.0
20260302,169.4,169.1,169.74,167.0,34387.0
20260303,167.3,165.25,167.98,163.67,39025.0
20260304,164.24,163.7,166.19,163.37,41372.0
20260305,163.0,160.56,163.92,160.16,45663.0
20260306,159.12,158.52,159.53,156.08,37772.0
20260309,156.96,161.29,162.43,156.96,39823.0
20260310,160.99,160.78,162.86,159.59,32523.0
20260311,160.84,159.35,161.17,157.89,27871.0
20260312,159.5,158.79,161.54,158.69,40242.0
20260313,159.36,159.0,161.51,158.05,31442.0
20260316,160.4,157.81,161.58,157.54,29160.0
20260317,158.06,156.69,159.11,156.29,36989.0
20260318,156.68,154.0,157.5,153.29,33861.0
20260319,153.79,152.94,154.68,152.66,34912.0
20260320,152.56,151.15,153.41,149.34,117584.0
20260323,150.0,151.5,152.97,149.94,41160.0
20260324,150.61,151.46,152.58,150.11,35791.0
20260325,151.13,151.62,151.91,149.03,31474.0
20260326,151.69,151.0,153.15,150.67,36864.0
20260327,150.75,153.04,154.54,150.47,42487.0
20260330,152.51,156.9,158.39,152.51,61014.0
20260331,157.55,155.3,158.29,154.17,53024.0
20260401,155.37,154.65,156.25,153.26,33793.0
20260402,154.45,156.85,157.06,154.21,38454.0
20260406,156.91,156.5,157.2,155.4,20531.0
20260407,156.45,154.76,156.7,152.57,30603.0
20260408,155.2,154.73,155.2,151.27,50319.0
20260409,154.53,157.51,158.01,152.74,28537.0
20260410,157.93,157.23,157.93,156.32,29368.0
20260413,157.01,156.08,157.03,154.95,39713.0
20260414,155.99,155.72,156.63,153.83,37416.0
20260415,155.71,154.85,156.66,153.34,46749.0
20260416,155.0,159.13,159.79,152.99,70851.0
20260417,158.88,157.42,160.03,156.14,49661.0
20260420,157.68,157.14,159.3,155.84,33422.0
20260421,157.0,154.92,157.15,153.73,32405.0
20260422,155.05,153.76,157.22,153.26,36682.0
20260423,153.85,154.64,156.61,153.2,36841.0
20260424,155.09,155.44,156.28,154.66,31507.0
20260427,155.02,154.54,156.65,154.0,23688.0
20260428,154.75,155.67,158.11,154.75,31370.0
20260429,155.72,155.13,156.49,153.48,24996.0
20260430,154.5,158.6,159.0,154.24,47127.0
20260501,158.32,157.15,160.0,156.43,30571.0
20260504,157.09,154.45,158.26,153.66,29485.0
20260505,155.16,154.69,156.31,152.54,41639.0
20260506,154.98,155.85,156.93,154.1,37502.0
20260507,156.02,156.4,157.35,154.88,28442.0
20260508,156.66,154.63,157.3,154.38,30432.0
20260511,154.59,149.6,154.73,149.06,53312.0
20260512,150.1,151.51,152.72,148.35,37704.0
20260513,151.03,149.3,153.24,148.96,36314.0
20260514,149.0,148.86,149.99,148.15,31898.0
20260515,149.88,149.24,150.5,148.19,40420.0
20260518,149.18,149.06,150.12,147.48,52560.0
20260519,149.25,150.28,152.57,148.97,54348.0
20260520,150.02,149.4,150.65,148.39,48417.0
20260521,149.18,149.15,149.99,146.38,35789.0
20260522,149.17,150.3,150.84,148.54,51858.0
20260526,150.54,145.82,150.62,145.5,54218.0
20260527,145.82,148.22,148.92,145.5,38459.0
20260528,149.14,145.9,149.14,145.62,46054.0
20260529,145.86,144.34,146.77,143.54,70197.0
20260601,144.0,141.58,144.39,141.32,53943.0
20260602,142.0,142.3,142.89,140.81,50876.0
20260603,142.18,144.2,144.27,141.55,41582.0
20260604,143.6,142.51,145.7,141.2,55139.0
20260605,141.6,142.77,144.34,140.76,89365.0
20260608,141.63,140.75,143.78,139.26,57119.0
20260609,140.4,143.06,144.3,140.4,58760.0
20260610,143.54,144.41,145.45,143.0,75436.0
20260611,143.92,143.71,145.4,143.3,50863.0
20260612,144.52,143.84,144.61,142.41,38720.0
20260615,143.71,146.1,146.77,142.79,55444.0
20260616,146.27,145.55,147.64,145.03,48817.0
20260617,145.66,141.52,145.87,140.85,68237.0
20260618,141.79,142.0,142.73,141.04,138565.0
202606220805,142.0,142.12,142.12,142.0,10.0
202606220806,142.12,142.12,142.12,142.12,1.0
202606220807,142.12,142.12,142.12,142.12,0.0
202606220808,142.12,142.12,142.12,142.12,0.0
202606220809,142.12,142.12,142.12,142.12,0.0
202606220810,142.12,142.12,142.12,142.12,0.0
202606220811,142.12,142.12,142.12,142.12,0.0
202606220812,142.12,142.12,142.12,142.12,0.0
202606220813,142.12,142.12,142.12,142.12,0.0
202606220814,142.12,142.12,142.12,142.12,0.0
202606220815,142.12,142.12,142.12,142.12,0.0
202606220816,142.12,142.12,142.12,142.12,0.0
202606220817,142.12,142.12,142.12,142.12,0.0
202606220818,142.12,142.12,142.12,142.12,0.0
202606220819,142.12,142.12,142.12,142.12,0.0
202606220820,142.12,142.12,142.12,142.12,0.0
202606220821,142.12,142.12,142.12,142.12,0.0
202606220822,142.12,142.12,142.12,142.12,0.0
202606220823,142.12,142.12,142.12,142.12,0.0
202606220824,142.12,142.12,142.12,142.12,0.0
202606220825,142.12,142.12,142.12,142.12,0.0
202606220826,142.12,142.12,142.12,142.12,0.0
202606220827,142.12,142.12,142.12,142.12,0.0
202606220828,142.12,142.12,142.12,142.12,0.0
202606220829,142.12,142.12,142.12,142.12,0.0
202606220830,142.12,142.12,142.12,142.12,0.0
202606220831,142.12,142.12,142.12,142.12,0.0
202606220832,142.12,142.12,142.12,142.12,0.0
202606220833,142.12,142.12,142.12,142.12,0.0
202606220834,142.12,142.12,142.12,142.12,0.0
202606220835,142.12,142.12,142.12,142.12,0.0
202606220836,142.12,142.12,142.12,142.12,0.0
202606220837,142.12,142.12,142.12,142.12,0.0
202606220838,142.12,142.12,142.12,142.12,0.0
202606220839,142.12,142.12,142.12,142.12,0.0
202606220840,142.12,142.12,142.12,142.12,0.0
202606220841,142.12,142.12,142.12,142.12,0.0
202606220842,142.12,142.12,142.12,142.12,0.0
202606220843,142.12,142.12,142.12,142.12,0.0
202606220844,142.12,142.12,142.12,142.12,0.0
202606220845,142.12,142.12,142.12,142.12,0.0
202606220846,142.12,142.12,142.12,142.12,0.0
202606220847,142.12,142.12,142.12,142.12,0.0
202606220848,142.12,142.12,142.12,142.12,0.0
202606220849,142.12,142.12,142.12,142.12,0.0
202606220850,142.12,142.12,142.12,142.12,0.0
202606220851,142.12,142.12,142.12,142.12,0.0
202606220852,142.12,142.12,142.12,142.12,0.0
202606220853,142.12,142.12,142.12,142.12,0.0
202606220854,142.12,142.12,142.12,142.12,0.0
202606220855,142.12,142.12,142.12,142.12,0.0
202606220856,142.12,142.12,142.12,142.12,0.0
202606220857,142.12,142.12,142.12,142.12,0.0
202606220858,142.12,142.12,142.12,142.12,0.0
202606220859,142.12,142.12,142.12,142.12,0.0
202606220900,142.12,142.12,142.12,142.12,0.0
202606220901,142.12,142.12,142.12,142.12,0.0
202606220902,142.12,142.12,142.12,142.12,0.0
202606220903,142.12,142.12,142.12,142.12,0.0
202606220904,142.12,142.12,142.12,142.12,0.0
202606220905,142.12,142.12,142.12,142.12,0.0
202606220906,142.12,142.12,142.12,142.12,0.0
202606220907,142.12,142.12,142.12,142.12,0.0
202606220908,142.12,142.12,142.12,142.12,0.0
202606220909,142.12,142.12,142.12,142.12,0.0
202606220910,142.12,142.12,142.12,142.12,0.0
202606220911,142.12,142.12,142.12,142.12,0.0
202606220912,142.12,142.12,142.12,142.12,0.0
202606220913,142.12,142.12,142.12,142.12,0.0
202606220914,142.12,142.12,142.12,142.12,0.0
202606220915,142.12,142.12,142.12,142.12,0.0
202606220916,142.12,142.12,142.12,142.12,0.0
202606220917,142.12,142.12,142.12,142.12,0.0
202606220918,142.12,142.12,142.12,142.12,0.0
202606220919,142.12,142.12,142.12,142.12,0.0
202606220920,142.12,142.12,142.12,142.12,0.0
202606220921,142.12,142.12,142.12,142.12,0.0
202606220922,142.12,142.12,142.12,142.12,0.0
202606220923,142.12,142.12,142.12,142.12,0.0
202606220924,142.12,142.12,142.12,142.12,0.0
202606220925,142.12,142.12,142.12,142.12,0.0
202606220926,142.12,142.12,142.12,142.12,0.0
202606220927,142.12,142.12,142.12,142.12,0.0
202606220928,142.12,142.12,142.12,142.12,0.0
202606220929,142.12,142.12,142.12,142.12,0.0
202606220930,142.12,142.12,142.12,142.12,0.0
202606220931,142.12,142.12,142.12,142.12,0.0
202606220932,142.12,142.12,142.12,142.12,0.0
202606220933,142.12,142.12,142.12,142.12,0.0
202606220934,142.12,142.12,142.12,142.12,0.0
202606220935,142.12,142.12,142.12,142.12,0.0
202606220936,142.12,142.12,142.12,142.12,0.0
202606220937,142.12,142.12,142.12,142.12,0.0
202606220938,142.12,142.12,142.12,142.12,0.0
202606220939,142.12,142.12,142.12,142.12,0.0
202606220940,142.12,142.12,142.12,142.12,0.0
202606220941,142.12,142.12,142.12,142.12,0.0
202606220942,142.12,142.12,142.12,142.12,0.0
202606220943,142.12,142.12,142.12,142.12,0.0
202606220944,142.12,142.12,142.12,142.12,0.0
202606220945,142.12,142.12,142.12,142.12,0.0
202606220946,142.12,142.12,142.12,142.12,0.0
202606220947,142.12,142.12,142.12,142.12,0.0
202606220948,142.12,142.12,142.12,142.12,0.0
202606220949,142.12,142.12,142.12,142.12,0.0
202606220950,142.12,142.12,142.12,142.12,0.0
202606220951,142.12,142.12,142.12,142.12,0.0
202606220952,142.12,142.12,142.12,142.12,0.0
202606220953,142.12,142.12,142.12,142.12,0.0
202606220954,142.12,142.12,142.12,142.12,0.0
202606220955,142.12,142.12,142.12,142.12,0.0
202606220956,142.12,142.12,142.12,142.12,0.0
202606220957,142.12,142.12,142.12,142.12,0.0
202606220958,142.12,142.12,142.12,142.12,0.0
202606220959,142.12,142.12,142.12,142.12,0.0
202606221000,142.12,142.12,142.12,142.12,0.0
202606221001,142.12,142.12,142.12,142.12,0.0
202606221002,142.12,142.12,142.12,142.12,0.0
202606221003,142.12,142.12,142.12,142.12,0.0
202606221004,142.12,142.12,142.12,142.12,0.0
202606221005,142.12,142.12,142.12,142.12,0.0
202606221006,142.12,142.12,142.12,142.12,0.0
202606221007,142.12,142.12,142.12,142.12,0.0
202606221008,142.12,142.12,142.12,142.12,0.0
202606221009,142.12,142.12,142.12,142.12,0.0
202606221010,142.12,142.12,142.12,142.12,0.0
202606221011,142.12,142.12,142.12,142.12,0.0
202606221012,142.12,142.12,142.12,142.12,0.0
202606221013,142.12,142.12,142.12,142.12,0.0
202606221014,142.12,142.12,142.12,142.12,0.0
202606221015,142.0,142.0,142.0,142.0,4.0
202606221016,142.0,142.0,142.0,142.0,0.0
202606221017,142.0,142.0,142.0,142.0,0.0
202606221018,142.0,142.0,142.0,142.0,0.0
202606221019,142.0,142.0,142.0,142.0,0.0
202606221020,142.0,142.0,142.0,142.0,0.0
202606221021,142.0,142.0,142.0,142.0,0.0
202606221022,142.0,142.0,142.0,142.0,0.0
202606221023,142.0,142.0,142.0,142.0,0.0
202606221024,142.0,142.0,142.0,142.0,0.0
202606221025,142.0,142.0,142.0,142.0,0.0
202606221026,142.0,142.0,142.0,142.0,0.0
202606221027,142.0,142.0,142.0,142.0,0.0
202606221028,142.0,142.0,142.0,142.0,5.0
202606221029,142.0,142.0,142.0,142.0,0.0
202606221030,142.0,142.0,142.0,142.0,0.0
202606221031,142.0,142.0,142.0,142.0,0.0
202606221032,142.0,142.0,142.0,142.0,0.0
202606221033,142.0,142.0,142.0,142.0,0.0
202606221034,142.0,142.0,142.0,142.0,0.0
202606221035,142.0,142.0,142.0,142.0,0.0
202606221036,142.0,142.0,142.0,142.0,0.0
202606221037,142.0,142.0,142.0,142.0,0.0
202606221038,142.0,142.0,142.0,142.0,0.0
202606221039,142.0,142.0,142.0,142.0,0.0
202606221040,142.0,142.0,142.0,142.0,0.0
202606221041,142.0,142.0,142.0,142.0,0.0
202606221042,142.0,142.0,142.0,142.0,0.0
202606221043,142.0,142.0,142.0,142.0,0.0
202606221044,142.0,142.0,142.0,142.0,0.0
202606221045,142.0,142.0,142.0,142.0,0.0
202606221046,142.0,142.0,142.0,142.0,0.0
202606221047,142.0,142.0,142.0,142.0,0.0
202606221048,142.0,142.0,142.0,142.0,0.0
202606221049,142.0,142.0,142.0,142.0,0.0
202606221050,142.0,142.0,142.0,142.0,0.0
202606221051,142.0,142.0,142.0,142.0,0.0
202606221052,142.0,142.0,142.0,142.0,0.0
202606221053,142.0,142.0,142.0,142.0,0.0
202606221054,142.0,142.0,142.0,142.0,0.0
202606221055,142.0,142.0,142.0,142.0,0.0
202606221056,142.0,142.0,142.0,142.0,0.0
202606221057,142.0,142.0,142.0,142.0,0.0
202606221058,142.0,142.0,142.0,142.0,0.0
202606221059,142.0,142.0,142.0,142.0,0.0
202606221100,141.79,141.74,141.79,141.74,2.0
202606221101,141.74,141.74,141.74,141.74,0.0
202606221102,141.74,141.74,141.74,141.74,0.0
202606221103,141.74,141.74,141.74,141.74,0.0
202606221104,141.74,141.74,141.74,141.74,0.0
202606221105,141.74,141.74,141.74,141.74,0.0
202606221106,141.74,141.74,141.74,141.74,0.0
202606221107,141.74,141.74,141.74,141.74,0.0
202606221108,141.8,141.8,141.8,141.8,1.0
202606221109,141.8,141.8,141.8,141.8,0.0
202606221110,141.8,141.8,141.8,141.8,0.0
202606221111,141.8,141.8,141.8,141.8,0.0
202606221112,141.8,141.8,141.8,141.8,0.0
202606221113,141.8,141.8,141.8,141.8,0.0
202606221114,141.64,141.64,141.64,141.64,6.0
202606221115,141.64,141.64,141.64,141.64,0.0
202606221116,141.64,141.64,141.64,141.64,0.0
202606221117,141.64,141.64,141.64,141.64,0.0
202606221118,141.64,141.64,141.64,141.64,0.0
202606221119,141.64,141.64,141.64,141.64,0.0
202606221120,141.64,141.64,141.64,141.64,0.0
202606221121,141.64,141.64,141.64,141.64,0.0
202606221122,141.64,141.64,141.64,141.64,0.0
202606221123,141.64,141.64,141.64,141.64,0.0
202606221124,141.64,141.64,141.64,141.64,0.0
202606221125,141.64,141.64,141.64,141.64,0.0
202606221126,141.64,141.64,141.64,141.64,0.0
202606221127,141.64,141.64,141.64,141.64,0.0
202606221128,141.64,141.64,141.64,141.64,0.0
202606221129,141.64,141.64,141.64,141.64,0.0
202606221130,141.64,141.64,141.64,141.64,0.0
202606221131,141.64,141.64,141.64,141.64,0.0
202606221132,141.64,141.64,141.64,141.64,0.0
202606221133,141.64,141.64,141.64,141.64,0.0
202606221134,141.64,141.64,141.64,141.64,0.0
202606221135,141.64,141.64,141.64,141.64,0.0
202606221136,141.64,141.64,141.64,141.64,0.0
202606221137,141.64,141.64,141.64,141.64,0.0
202606221138,141.64,141.64,141.64,141.64,0.0
202606221139,141.64,141.64,141.64,141.64,0.0
202606221140,141.64,141.64,141.64,141.64,0.0
202606221141,141.64,141.64,141.64,141.64,0.0
202606221142,141.64,141.64,141.64,141.64,0.0
202606221143,141.64,141.64,141.64,141.64,0.0
202606221144,141.64,141.64,141.64,141.64,0.0
202606221145,141.64,141.64,141.64,141.64,0.0
202606221146,141.64,141.64,141.64,141.64,0.0
202606221147,141.64,141.64,141.64,141.64,0.0
202606221148,141.64,141.64,141.64,141.64,0.0
202606221149,141.64,141.64,141.64,141.64,0.0
202606221150,141.64,141.64,141.64,141.64,0.0
202606221151,141.64,141.64,141.64,141.64,0.0
202606221152,141.64,141.64,141.64,141.64,0.0
202606221153,141.64,141.64,141.64,141.64,0.0
202606221154,141.64,141.64,141.64,141.64,0.0
202606221155,141.64,141.64,141.64,141.64,0.0
202606221156,141.64,141.64,141.64,141.64,0.0
202606221157,141.64,141.64,141.64,141.64,0.0
202606221158,141.64,141.64,141.64,141.64,0.0
202606221159,141.64,141.64,141.64,141.64,0.0
202606221200,141.64,141.64,141.64,141.64,0.0
202606221201,141.64,141.64,141.64,141.64,0.0
202606221202,141.64,141.64,141.64,141.64,0.0
202606221203,141.64,141.64,141.64,141.64,0.0
202606221204,141.64,141.64,141.64,141.64,0.0
202606221205,141.64,141.64,141.64,141.64,0.0
202606221206,141.64,141.64,141.64,141.64,0.0
202606221207,141.64,141.64,141.64,141.64,0.0
202606221208,141.64,141.64,141.64,141.64,0.0
202606221209,141.64,141.64,141.64,141.64,0.0
202606221210,141.64,141.64,141.64,141.64,0.0
202606221211,141.64,141.64,141.64,141.64,0.0
202606221212,141.64,141.64,141.64,141.64,0.0
202606221213,141.64,141.64,141.64,141.64,0.0
202606221214,141.64,141.64,141.64,141.64,0.0
202606221215,141.64,141.64,141.64,141.64,0.0
202606221216,141.64,141.64,141.64,141.64,0.0
202606221217,141.64,141.64,141.64,141.64,0.0
202606221218,141.64,141.64,141.64,141.64,0.0
202606221219,141.64,141.64,141.64,141.64,0.0
202606221220,141.64,141.64,141.64,141.64,0.0
202606221221,141.64,141.64,141.64,141.64,0.0
202606221222,141.64,141.64,141.64,141.64,0.0
202606221223,141.64,141.64,141.64,141.64,0.0
202606221224,141.64,141.64,141.64,141.64,0.0
202606221225,141.64,141.64,141.64,141.64,0.0
202606221226,141.64,141.64,141.64,141.64,0.0
202606221227,141.64,141.64,141.64,141.64,0.0
202606221228,141.64,141.64,141.64,141.64,0.0
202606221229,141.64,141.64,141.64,141.64,0.0
202606221230,141.64,141.64,141.64,141.64,0.0
202606221231,141.64,141.64,141.64,141.64,0.0
202606221232,141.64,141.64,141.64,141.64,0.0
202606221233,141.64,141.64,141.64,141.64,0.0
202606221234,141.64,141.64,141.64,141.64,0.0
202606221235,141.64,141.64,141.64,141.64,0.0
202606221236,141.64,141.64,141.64,141.64,0.0
202606221237,141.64,141.64,141.64,141.64,0.0
202606221238,141.64,141.64,141.64,141.64,0.0
202606221239,141.64,141.64,141.64,141.64,0.0
202606221240,141.64,141.64,141.64,141.64,0.0
202606221241,141.64,141.64,141.64,141.64,0.0
202606221242,141.64,141.64,141.64,141.64,0.0
202606221243,141.64,141.64,141.64,141.64,0.0
202606221244,141.64,141.64,141.64,141.64,0.0
202606221245,141.64,141.64,141.64,141.64,0.0
202606221246,141.64,141.64,141.64,141.64,0.0
202606221247,141.64,141.64,141.64,141.64,0.0
202606221248,141.64,141.64,141.64,141.64,0.0
202606221249,141.64,141.64,141.64,141.64,0.0
202606221250,141.64,141.64,141.64,141.64,0.0
202606221251,141.78,141.78,141.79,141.78,2.0
202606221252,141.8,141.8,141.8,141.8,2.0
202606221253,141.8,141.8,141.8,141.8,0.0
202606221254,141.8,141.8,141.8,141.8,0.0
202606221255,141.8,141.8,141.8,141.8,0.0
202606221256,141.83,141.83,141.83,141.83,1.0
202606221257,141.82,141.8,141.82,141.8,2.0
202606221258,141.8,141.8,141.8,141.8,0.0
202606221259,141.8,141.8,141.8,141.8,0.0
202606221300,141.8,141.8,141.8,141.8,0.0
202606221301,141.68,141.67,141.68,141.67,5.0
202606221302,141.68,141.68,141.68,141.68,1.0
202606221303,141.67,141.67,141.67,141.67,1.0
202606221304,141.67,141.67,141.67,141.67,0.0
202606221305,141.67,141.67,141.67,141.67,0.0
202606221306,141.67,141.67,141.67,141.67,0.0
202606221307,141.91,141.91,141.91,141.91,1.0
202606221308,141.91,141.91,141.91,141.91,0.0
202606221309,141.91,141.91,141.91,141.91,0.0
202606221310,141.91,141.91,141.91,141.91,0.0
202606221311,141.91,141.91,141.91,141.91,0.0
202606221312,141.91,141.91,141.91,141.91,0.0
202606221313,141.91,141.91,141.91,141.91,0.0
202606221314,141.91,141.91,141.91,141.91,0.0
202606221315,141.91,141.91,141.91,141.91,0.0
202606221316,141.91,141.91,141.91,141.91,0.0
202606221317,141.91,141.91,141.91,141.91,0.0
202606221318,141.91,141.91,141.91,141.91,0.0
202606221319,141.91,141.91,141.91,141.91,0.0
202606221320,141.91,141.91,141.91,141.91,0.0
202606221321,141.91,141.91,141.91,141.91,0.0
202606221322,141.91,141.91,141.91,141.91,0.0
202606221323,141.91,141.91,141.91,141.91,0.0
202606221324,141.91,141.91,141.91,141.91,0.0
202606221325,141.91,141.91,141.91,141.91,0.0
202606221326,141.91,141.91,141.91,141.91,0.0
202606221327,141.74,141.74,141.74,141.74,3.0
202606221328,141.63,141.4,141.63,141.4,4.0
202606221329,141.4,141.4,141.4,141.4,0.0
202606221330,141.6,141.78,141.81,141.25,1686.0
202606221331,141.77,141.98,142.1,141.63,104.0
202606221332,142.03,142.23,142.31,141.96,86.0
202606221333,142.15,142.19,142.49,142.1,80.0
202606221334,142.23,141.96,142.31,141.91,91.0
202606221335,141.93,142.07,142.1,141.87,55.0
202606221336,142.07,142.21,142.26,142.07,23.0
202606221337,142.24,142.3,142.39,142.22,117.0
202606221338,142.3,142.26,142.3,142.14,65.0
202606221339,142.26,142.22,142.43,142.18,176.0
202606221340,142.21,141.9,142.37,141.84,179.0
202606221341,141.9,141.91,141.99,141.76,65.0
202606221342,141.96,141.92,142.0,141.79,86.0
202606221343,141.94,141.84,142.05,141.81,46.0
202606221344,141.84,141.89,141.99,141.81,42.0
202606221345,141.92,142.04,142.12,141.83,164.0
202606221346,142.08,142.09,142.1,141.95,149.0
202606221347,142.07,141.9,142.1,141.89,118.0
202606221348,141.9,142.07,142.09,141.9,24.0
202606221349,142.11,142.19,142.25,142.05,70.0
202606221350,142.21,141.97,142.21,141.92,208.0
202606221351,141.92,141.94,141.95,141.83,40.0
202606221352,141.9,141.92,141.92,141.8,27.0
202606221353,141.86,141.96,141.96,141.71,64.0
202606221354,141.96,141.87,141.96,141.81,31.0
202606221355,141.82,141.47,141.82,141.43,67.0
202606221356,141.51,141.54,141.55,141.38,51.0
202606221357,141.54,141.43,141.56,141.32,70.0
202606221358,141.48,141.52,141.53,141.37,21.0
202606221359,141.49,141.74,141.79,141.49,186.0
202606221400,141.73,141.86,141.96,141.7,105.0
202606221401,141.9,141.87,141.9,141.78,103.0
202606221402,141.87,141.88,141.92,141.78,56.0
202606221403,141.89,141.94,141.98,141.85,111.0
202606221404,141.93,142.03,142.04,141.91,53.0
202606221405,142.03,141.79,142.03,141.78,84.0
202606221406,141.85,141.93,142.05,141.85,45.0
202606221407,141.94,141.86,141.94,141.84,39.0
202606221408,141.84,141.78,141.85,141.75,35.0
202606221409,141.79,141.72,141.84,141.69,61.0
202606221410,141.72,141.59,141.72,141.56,64.0
202606221411,141.58,141.6,141.64,141.48,45.0
202606221412,141.62,141.65,141.74,141.62,53.0
202606221413,141.67,141.85,141.85,141.64,42.0
202606221414,141.81,141.95,142.05,141.81,82.0
202606221415,141.96,142.13,142.19,141.96,55.0
202606221416,142.13,142.27,142.32,142.12,31.0
202606221417,142.36,142.26,142.36,142.23,126.0
202606221418,142.27,142.36,142.36,142.2,163.0
202606221419,142.35,142.23,142.43,142.18,162.0
202606221420,142.25,142.28,142.29,142.22,61.0
202606221421,142.28,142.44,142.44,142.25,61.0
202606221422,142.43,142.42,142.44,142.38,52.0
202606221423,142.41,142.38,142.45,142.31,54.0
202606221424,142.39,142.31,142.4,142.31,199.0
202606221425,142.32,142.32,142.39,142.3,64.0
202606221426,142.32,142.34,142.35,142.27,155.0
202606221427,142.36,142.48,142.48,142.35,40.0
202606221428,142.45,142.31,142.46,142.29,108.0
202606221429,142.31,142.24,142.31,142.2,57.0
202606221430,142.24,142.39,142.39,142.24,114.0
202606221431,142.4,142.35,142.4,142.31,88.0
202606221432,142.34,142.33,142.36,142.3,67.0
202606221433,142.35,142.17,142.36,142.17,87.0
202606221434,142.14,142.0,142.17,141.98,166.0
202606221435,142.02,141.84,142.03,141.84,109.0
202606221436,141.84,141.74,141.85,141.73,83.0
202606221437,141.75,141.81,141.87,141.69,81.0
202606221438,141.87,141.94,141.94,141.87,24.0
202606221439,141.94,142.11,142.14,141.91,37.0
202606221440,142.11,141.98,142.12,141.95,55.0
202606221441,142.0,142.08,142.09,142.0,37.0
202606221442,142.13,142.14,142.15,142.09,41.0
202606221443,142.15,142.14,142.2,142.13,58.0
202606221444,142.14,142.06,142.2,142.06,72.0
202606221445,142.09,142.06,142.14,142.01,38.0
202606221446,142.08,141.88,142.08,141.86,33.0
202606221447,141.92,142.02,142.08,141.89,103.0
202606221448,142.01,141.95,142.03,141.93,84.0
202606221449,141.98,142.0,142.05,141.98,47.0
202606221450,142.01,141.99,142.02,141.91,62.0
202606221451,141.99,142.01,142.02,141.9,43.0
202606221452,142.0,141.98,142.0,141.91,24.0
202606221453,141.97,142.05,142.07,141.97,118.0
202606221454,142.04,142.15,142.21,142.04,132.0
202606221455,142.15,142.04,142.16,142.04,104.0
202606221456,142.03,142.01,142.06,141.99,82.0
202606221457,142.01,141.9,142.02,141.88,138.0
202606221458,141.91,141.83,141.93,141.81,127.0
202606221459,141.84,141.78,141.86,141.76,103.0
202606221500,141.78,141.79,141.8,141.59,299.0
202606221501,141.79,141.78,141.87,141.71,182.0
202606221502,141.75,141.74,141.79,141.74,231.0
202606221503,141.73,141.71,141.77,141.7,73.0
202606221504,141.69,141.65,141.72,141.65,65.0
202606221505,141.61,141.59,141.64,141.58,192.0
202606221506,141.6,141.71,141.73,141.59,135.0
202606221507,141.71,141.62,141.71,141.6,54.0
202606221508,141.62,141.53,141.62,141.53,48.0
202606221509,141.53,141.56,141.59,141.48,140.0
202606221510,141.56,141.57,141.59,141.5,75.0
202606221511,141.56,141.57,141.58,141.53,98.0
202606221512,141.54,141.72,141.77,141.53,223.0
202606221513,141.73,141.81,141.81,141.72,61.0
202606221514,141.8,141.75,141.87,141.75,142.0
202606221515,141.73,141.69,141.73,141.63,82.0
202606221516,141.72,141.78,141.79,141.72,65.0
202606221517,141.78,141.81,141.84,141.74,115.0
202606221518,141.82,141.91,141.92,141.81,221.0
202606221519,141.94,141.88,141.95,141.85,50.0
202606221520,141.88,141.85,141.92,141.84,54.0
202606221521,141.84,141.97,141.98,141.83,74.0
202606221522,141.95,141.94,141.95,141.87,78.0
202606221523,141.95,142.01,142.01,141.93,59.0
202606221524,142.02,142.11,142.11,142.01,98.0
202606221525,142.11,142.01,142.14,141.98,51.0
202606221526,142.02,141.93,142.02,141.91,25.0
202606221527,141.93,141.95,141.96,141.82,68.0
202606221528,141.93,141.94,142.0,141.89,142.0
202606221529,141.94,142.03,142.03,141.94,50.0
202606221530,142.0,141.93,142.0,141.92,66.0
202606221531,141.94,141.88,141.95,141.88,80.0
202606221532,141.87,141.84,141.9,141.84,46.0
202606221533,141.84,141.9,141.93,141.81,58.0
202606221534,141.88,142.0,142.05,141.88,81.0
202606221535,142.03,141.93,142.05,141.86,97.0
202606221536,141.93,141.81,141.95,141.78,94.0
202606221537,141.8,141.86,141.92,141.78,82.0
202606221538,141.86,141.84,141.9,141.84,18.0
202606221539,141.86,141.9,141.92,141.86,166.0
202606221540,141.89,141.94,141.94,141.84,41.0
202606221541,141.91,141.91,141.98,141.87,103.0
202606221542,141.91,142.08,142.08,141.88,283.0
202606221543,142.08,142.11,142.19,142.08,154.0
202606221544,142.11,141.93,142.13,141.9,62.0
202606221545,141.93,141.84,141.93,141.81,155.0
202606221546,141.83,141.88,141.89,141.81,32.0
202606221547,141.89,141.72,141.91,141.65,82.0
202606221548,141.73,141.88,141.9,141.73,181.0
202606221549,141.87,141.85,141.9,141.83,68.0
202606221550,141.85,141.99,142.0,141.85,115.0
202606221551,141.99,141.95,142.0,141.93,138.0
202606221552,141.97,141.97,142.0,141.94,141.0
202606221553,141.97,141.94,141.97,141.92,43.0
202606221554,141.96,141.97,142.01,141.91,108.0
202606221555,141.98,141.97,141.98,141.92,28.0
202606221556,141.97,141.88,141.97,141.86,19.0
202606221557,141.81,141.81,141.82,141.78,27.0
202606221558,141.81,141.83,141.83,141.74,65.0
202606221559,141.82,141.82,141.85,141.79,40.0
202606221600,141.83,141.75,141.84,141.74,17.0
202606221601,141.76,141.84,141.84,141.76,26.0
202606221602,141.84,141.81,141.84,141.78,18.0
202606221603,141.84,141.88,141.89,141.8,27.0
202606221604,141.86,141.79,141.87,141.79,36.0
202606221605,141.81,141.88,141.9,141.78,47.0
202606221606,141.88,141.84,141.89,141.84,49.0
202606221607,141.86,141.85,141.91,141.82,75.0
202606221608,141.87,141.95,141.95,141.85,112.0
202606221609,141.95,141.96,141.96,141.9,148.0
202606221610,141.95,141.84,141.95,141.78,58.0
202606221611,141.82,141.83,141.87,141.82,44.0
202606221612,141.81,141.84,141.84,141.78,40.0
202606221613,141.81,141.76,141.81,141.75,31.0
202606221614,141.78,141.84,141.84,141.78,21.0
202606221615,141.85,141.88,141.89,141.84,42.0
202606221616,141.84,141.85,141.86,141.82,27.0
202606221617,141.87,141.94,141.94,141.83,92.0
202606221618,141.94,141.94,142.01,141.93,270.0
202606221619,141.94,141.88,141.96,141.88,25.0
202606221620,141.88,141.8,141.88,141.77,26.0
202606221621,141.75,141.78,141.78,141.72,48.0
202606221622,141.8,141.87,141.91,141.8,35.0
202606221623,141.87,141.89,141.9,141.83,22.0
202606221624,141.89,141.81,141.9,141.81,35.0
202606221625,141.81,141.77,141.81,141.77,39.0
202606221626,141.77,141.68,141.77,141.68,12.0
202606221627,141.7,141.76,141.76,141.68,24.0
202606221628,141.8,141.81,141.81,141.79,18.0
202606221629,141.8,141.75,141.81,141.75,20.0
202606221630,141.74,141.71,141.75,141.69,18.0
202606221631,141.73,141.73,141.74,141.7,15.0
202606221632,141.73,141.74,141.77,141.73,27.0
202606221633,141.76,141.78,141.8,141.76,19.0
202606221634,141.79,141.83,141.84,141.77,24.0
202606221635,141.79,141.8,141.84,141.79,18.0
202606221636,141.81,141.89,141.89,141.8,23.0
202606221637,141.88,141.86,141.9,141.86,84.0
202606221638,141.9,141.8,141.9,141.77,20.0
202606221639,141.75,141.73,141.78,141.72,69.0
202606221640,141.73,141.78,141.79,141.7,51.0
202606221641,141.79,141.71,141.79,141.71,66.0
202606221642,141.72,141.72,141.74,141.72,10.0
202606221643,141.74,141.59,141.75,141.58,40.0
202606221644,141.61,141.64,141.66,141.59,26.0
202606221645,141.62,141.67,141.68,141.6,33.0
202606221646,141.7,141.71,141.74,141.67,36.0
202606221647,141.68,141.63,141.71,141.63,38.0
202606221648,141.63,141.56,141.64,141.55,32.0
202606221649,141.58,141.53,141.6,141.52,107.0
202606221650,141.54,141.59,141.6,141.54,32.0
202606221651,141.61,141.58,141.61,141.57,9.0
202606221652,141.55,141.52,141.56,141.49,43.0
202606221653,141.53,141.49,141.54,141.47,15.0
202606221654,141.52,141.51,141.53,141.51,17.0
202606221655,141.52,141.55,141.55,141.5,82.0
202606221656,141.56,141.56,141.58,141.54,25.0
202606221657,141.58,141.61,141.61,141.56,79.0
202606221658,141.62,141.61,141.68,141.61,36.0
202606221659,141.6,141.61,141.65,141.58,46.0
202606221700,141.6,141.56,141.64,141.56,27.0
202606221701,141.57,141.62,141.64,141.57,33.0
202606221702,141.6,141.67,141.67,141.6,34.0
202606221703,141.68,141.69,141.7,141.65,31.0
202606221704,141.68,141.69,141.7,141.67,13.0
202606221705,141.71,141.71,141.72,141.64,31.0
202606221706,141.72,141.71,141.72,141.7,23.0
202606221707,141.71,141.69,141.73,141.66,55.0
202606221708,141.67,141.83,141.83,141.65,94.0
202606221709,141.81,141.83,141.83,141.79,28.0
202606221710,141.8,141.74,141.81,141.71,37.0
202606221711,141.76,141.8,141.82,141.74,50.0
202606221712,141.78,141.92,141.92,141.71,124.0
202606221713,141.92,141.95,141.96,141.89,193.0
202606221714,141.9,141.89,141.95,141.86,110.0
202606221715,141.91,141.91,141.92,141.89,27.0
202606221716,141.9,141.94,141.94,141.84,151.0
202606221717,141.94,141.87,141.94,141.87,99.0
202606221718,141.85,141.77,141.86,141.73,46.0
202606221719,141.77,141.68,141.77,141.68,32.0
202606221720,141.67,141.66,141.7,141.64,75.0
202606221721,141.66,141.65,141.67,141.64,31.0
202606221722,141.65,141.62,141.67,141.62,29.0
202606221723,141.63,141.59,141.63,141.56,43.0
202606221724,141.59,141.57,141.6,141.54,60.0
202606221725,141.58,141.53,141.6,141.53,115.0
202606221726,141.56,141.47,141.57,141.47,198.0
202606221727,141.48,141.41,141.51,141.4,89.0
202606221728,141.39,141.39,141.43,141.37,48.0
202606221729,141.4,141.43,141.43,141.37,98.0
202606221730,141.44,141.39,141.45,141.39,52.0
202606221731,141.41,141.4,141.43,141.37,116.0
202606221732,141.41,141.41,141.47,141.38,72.0
202606221733,141.41,141.42,141.43,141.39,39.0
202606221734,141.41,141.47,141.47,141.41,72.0
202606221735,141.45,141.38,141.48,141.38,70.0
202606221736,141.38,141.37,141.42,141.37,49.0
202606221737,141.39,141.39,141.41,141.37,65.0
202606221738,141.39,141.48,141.51,141.39,64.0
202606221739,141.49,141.46,141.5,141.44,30.0
202606221740,141.44,141.42,141.44,141.39,19.0
202606221741,141.42,141.38,141.42,141.35,45.0
202606221742,141.39,141.35,141.4,141.35,52.0
202606221743,141.36,141.36,141.37,141.33,28.0
202606221744,141.37,141.34,141.38,141.31,21.0
202606221745,141.34,141.3,141.35,141.3,54.0
202606221746,141.3,141.32,141.32,141.29,38.0
202606221747,141.32,141.31,141.33,141.31,16.0
202606221748,141.3,141.31,141.31,141.29,39.0
202606221749,141.3,141.33,141.35,141.3,61.0
202606221750,141.34,141.28,141.4,141.27,60.0
202606221751,141.29,141.3,141.3,141.29,27.0
202606221752,141.3,141.28,141.3,141.26,38.0
202606221753,141.29,141.28,141.31,141.28,65.0
202606221754,141.27,141.24,141.27,141.24,64.0
202606221755,141.24,141.11,141.24,141.11,68.0
202606221756,141.1,141.12,141.16,141.09,44.0
202606221757,141.12,141.06,141.12,141.05,43.0
202606221758,141.04,141.06,141.07,141.03,27.0
202606221759,141.07,141.05,141.07,140.98,91.0
202606221800,141.02,140.96,141.02,140.91,34.0
202606221801,140.94,140.98,140.98,140.91,44.0
202606221802,140.98,140.91,140.98,140.9,81.0
202606221803,140.92,140.97,140.97,140.9,60.0
202606221804,140.97,140.95,140.98,140.95,48.0
202606221805,140.95,140.88,140.96,140.84,211.0
202606221806,140.88,140.95,141.0,140.88,77.0
202606221807,140.98,140.96,140.98,140.93,36.0
202606221808,140.95,140.95,140.99,140.95,32.0
202606221809,140.95,140.96,140.98,140.95,28.0
202606221810,140.97,141.1,141.1,140.96,64.0
202606221811,141.07,141.08,141.09,141.06,41.0
202606221812,141.09,141.13,141.14,141.05,408.0
202606221813,141.13,141.13,141.14,141.09,54.0
202606221814,141.11,141.13,141.13,141.11,19.0
202606221815,141.13,141.1,141.13,141.09,21.0
202606221816,141.09,141.07,141.09,141.06,46.0
202606221817,141.06,141.06,141.07,141.0,63.0
202606221818,141.04,141.06,141.06,141.02,20.0
202606221819,141.03,141.0,141.03,140.98,24.0
202606221820,141.0,141.08,141.08,140.99,72.0
202606221821,141.09,141.07,141.1,141.07,21.0
202606221822,141.08,141.06,141.09,141.04,53.0
202606221823,141.07,141.01,141.07,141.01,31.0
202606221824,141.01,141.01,141.04,141.0,23.0
202606221825,140.99,141.0,141.02,140.97,26.0
202606221826,141.0,141.02,141.02,140.98,38.0
202606221827,141.03,141.03,141.04,140.97,62.0
202606221828,141.04,141.05,141.07,141.03,60.0
202606221829,141.04,141.0,141.07,141.0,24.0
202606221830,140.98,141.0,141.02,140.98,60.0
202606221831,141.01,141.05,141.05,140.98,43.0
202606221832,141.04,141.0,141.07,140.99,39.0
202606221833,141.0,140.97,141.01,140.96,38.0
202606221834,140.95,140.91,140.97,140.91,57.0
202606221835,140.9,140.9,140.92,140.89,29.0
202606221836,140.9,140.82,140.91,140.82,50.0
202606221837,140.86,140.89,140.9,140.84,62.0
202606221838,140.9,140.89,140.9,140.84,29.0
202606221839,140.88,140.91,140.92,140.87,53.0
202606221840,140.88,140.83,140.88,140.81,35.0
202606221841,140.83,140.83,140.85,140.79,41.0
202606221842,140.85,140.89,140.92,140.82,60.0
202606221843,140.89,140.83,140.93,140.82,67.0
202606221844,140.82,140.86,140.87,140.82,29.0
202606221845,140.86,140.85,140.87,140.84,44.0
202606221846,140.85,140.84,140.87,140.83,87.0
202606221847,140.83,140.78,140.85,140.78,46.0
202606221848,140.78,140.78,140.82,140.76,74.0
202606221849,140.76,140.79,140.81,140.76,38.0
202606221850,140.8,140.78,140.81,140.77,24.0
202606221851,140.75,140.77,140.78,140.7,125.0
202606221852,140.77,140.74,140.79,140.73,51.0
202606221853,140.72,140.63,140.75,140.61,132.0
202606221854,140.63,140.58,140.64,140.58,92.0
202606221855,140.58,140.59,140.6,140.54,133.0
202606221856,140.57,140.62,140.62,140.57,52.0
202606221857,140.6,140.63,140.65,140.6,59.0
202606221858,140.64,140.59,140.65,140.59,46.0
202606221859,140.58,140.57,140.62,140.57,44.0
202606221900,140.58,140.55,140.6,140.53,85.0
202606221901,140.55,140.58,140.61,140.55,84.0
202606221902,140.58,140.57,140.59,140.53,58.0
202606221903,140.56,140.62,140.65,140.56,232.0
202606221904,140.59,140.63,140.64,140.55,74.0
202606221905,140.64,140.66,140.68,140.6,100.0
202606221906,140.68,140.69,140.71,140.66,63.0
202606221907,140.7,140.67,140.7,140.64,71.0
202606221908,140.68,140.73,140.75,140.67,56.0
202606221909,140.73,140.7,140.74,140.69,82.0
202606221910,140.71,140.76,140.77,140.7,113.0
202606221911,140.75,140.72,140.79,140.71,65.0
202606221912,140.72,140.76,140.76,140.71,104.0
202606221913,140.78,140.78,140.8,140.74,72.0
202606221914,140.77,140.89,140.89,140.77,49.0
202606221915,140.9,140.87,140.91,140.85,79.0
202606221916,140.87,140.88,140.9,140.85,84.0
202606221917,140.88,140.81,140.9,140.8,96.0
202606221918,140.81,140.73,140.83,140.73,79.0
202606221919,140.72,140.72,140.77,140.7,91.0
202606221920,140.73,140.69,140.73,140.65,84.0
202606221921,140.67,140.7,140.7,140.65,88.0
202606221922,140.69,140.71,140.72,140.66,47.0
202606221923,140.69,140.68,140.71,140.65,73.0
202606221924,140.67,140.64,140.68,140.64,29.0
202606221925,140.66,140.64,140.67,140.63,69.0
202606221926,140.64,140.68,140.7,140.63,110.0
202606221927,140.69,140.69,140.7,140.63,56.0
202606221928,140.68,140.61,140.7,140.61,57.0
202606221929,140.61,140.57,140.61,140.56,90.0
202606221930,140.57,140.59,140.59,140.52,106.0
202606221931,140.59,140.6,140.63,140.59,60.0
202606221932,140.6,140.48,140.6,140.48,108.0
202606221933,140.5,140.65,140.65,140.5,207.0
202606221934,140.66,140.7,140.72,140.66,92.0
202606221935,140.7,140.73,140.74,140.67,244.0
202606221936,140.74,140.73,140.75,140.69,84.0
202606221937,140.73,140.69,140.74,140.68,54.0
202606221938,140.69,140.69,140.69,140.65,73.0
202606221939,140.69,140.71,140.71,140.65,109.0
202606221940,140.71,140.67,140.73,140.67,84.0
202606221941,140.67,140.66,140.69,140.64,64.0
202606221942,140.66,140.64,140.66,140.61,141.0
202606221943,140.65,140.73,140.73,140.64,99.0
202606221944,140.71,140.71,140.72,140.68,90.0
202606221945,140.71,140.68,140.76,140.66,148.0
202606221946,140.68,140.65,140.7,140.65,78.0
202606221947,140.65,140.7,140.73,140.64,135.0
202606221948,140.7,140.73,140.74,140.67,97.0
202606221949,140.74,140.8,140.8,140.71,79.0
202606221950,140.79,140.78,140.89,140.74,286.0
202606221951,140.77,140.76,140.77,140.67,219.0
202606221952,140.77,140.7,140.77,140.65,244.0
202606221953,140.71,140.67,140.76,140.65,318.0
202606221954,140.68,140.71,140.71,140.61,362.0
202606221955,140.71,140.67,140.83,140.65,326.0
202606221956,140.67,140.63,140.71,140.61,425.0
202606221957,140.63,140.65,140.67,140.56,604.0
202606221958,140.65,140.69,140.73,140.63,1006.0
202606221959,140.7,140.66,140.75,140.63,1877.0
202606222000,140.66,140.71,140.71,140.66,26133.0
202606222001,140.71,140.71,140.71,140.71,83.0
202606222002,140.71,140.71,140.71,140.71,0.0
202606222003,140.71,140.71,140.71,140.71,0.0
202606222004,140.71,140.71,140.71,140.71,0.0
202606222005,140.71,140.71,140.71,140.71,0.0
202606222006,140.71,140.71,140.71,140.71,0.0
202606222007,141.45,141.45,141.45,141.45,1.0
202606222008,141.45,141.45,141.45,141.45,0.0
202606222009,141.45,141.45,141.45,141.45,0.0
202606222010,141.45,141.45,141.45,141.45,0.0
202606222011,141.45,141.45,141.45,141.45,0.0
202606222012,141.45,141.45,141.45,141.45,0.0
202606222013,141.45,141.45,141.45,141.45,0.0
202606222014,141.45,141.45,141.45,141.45,0.0
202606222015,141.45,141.45,141.45,141.45,0.0
202606222016,141.45,141.45,141.45,141.45,0.0
202606222017,141.45,141.45,141.45,141.45,0.0
202606222018,141.45,141.45,141.45,141.45,0.0
202606222019,141.45,141.45,141.45,141.45,0.0
202606222020,141.45,141.45,141.45,141.45,0.0
202606222021,141.45,141.45,141.45,141.45,0.0
202606222022,141.45,141.45,141.45,141.45,0.0
202606222023,141.45,141.45,141.45,141.45,0.0
202606222024,141.45,141.45,141.45,141.45,0.0
202606222025,141.45,141.45,141.45,141.45,0.0
202606222026,141.45,141.45,141.45,141.45,0.0
202606222027,141.45,141.45,141.45,141.45,0.0
202606222028,141.45,141.45,141.45,141.45,0.0
202606222029,141.45,141.45,141.45,141.45,0.0
202606222030,141.45,141.45,141.45,141.45,0.0
202606222031,141.45,141.45,141.45,141.45,0.0
202606222032,141.45,141.45,141.45,141.45,0.0
202606222033,141.45,141.45,141.45,141.45,0.0
202606222034,140.71,140.71,140.71,140.71,14.0
202606222035,140.71,140.71,140.71,140.71,0.0
202606222036,140.71,140.71,140.71,140.71,0.0
202606222037,140.71,140.71,140.71,140.71,0.0
202606222038,140.71,140.71,140.71,140.71,0.0
202606222039,140.71,140.71,140.71,140.71,0.0
202606222040,140.71,140.71,140.71,140.71,0.0
202606222041,140.71,140.71,140.71,140.71,0.0
202606222042,140.71,140.71,140.71,140.71,0.0
202606222043,140.71,140.71,140.71,140.71,0.0
202606222044,140.71,140.71,140.71,140.71,0.0
202606222045,140.71,140.71,140.71,140.71,0.0
202606222046,140.71,140.71,140.71,140.71,0.0
202606222047,140.71,140.71,140.71,140.71,0.0
202606222048,140.71,140.71,140.71,140.71,0.0
202606222049,140.71,140.71,140.71,140.71,0.0
202606222050,140.71,140.71,140.71,140.71,0.0
202606222051,140.71,140.71,140.71,140.71,0.0
202606222052,140.71,140.71,140.71,140.71,0.0
202606222053,140.71,140.71,140.71,140.71,0.0
202606222054,140.71,140.71,140.71,140.71,0.0
202606222055,140.71,140.71,140.71,140.71,0.0
202606222056,140.44,140.44,140.44,140.43,5.0
202606222057,140.44,140.44,140.44,140.44,0.0
202606222058,140.44,140.44,140.44,140.44,0.0
202606222059,140.44,140.44,140.44,140.44,0.0
202606222100,140.44,140.44,140.44,140.44,0.0
202606222101,140.44,140.44,140.44,140.44,0.0
202606222102,140.44,140.44,140.44,140.44,0.0
202606222103,140.44,140.44,140.44,140.44,0.0
202606222104,140.44,140.44,140.44,140.44,0.0
202606222105,140.44,140.44,140.44,140.44,0.0
202606222106,140.44,140.44,140.44,140.44,0.0
202606222107,140.44,140.44,140.44,140.44,0.0
202606222108,140.44,140.44,140.44,140.44,0.0
202606222109,140.44,140.44,140.44,140.44,0.0
202606222110,140.44,140.44,140.44,140.44,0.0
202606222111,140.44,140.44,140.44,140.44,0.0
202606222112,140.44,140.44,140.44,140.44,0.0
202606222113,140.44,140.44,140.44,140.44,0.0
202606222114,140.44,140.44,140.44,140.44,0.0
202606222115,140.44,140.44,140.44,140.44,0.0
202606222116,140.44,140.44,140.44,140.44,0.0
202606222117,140.44,140.44,140.44,140.44,0.0
202606222118,140.44,140.44,140.44,140.44,0.0
202606222119,140.44,140.44,140.44,140.44,0.0
202606222120,140.44,140.44,140.44,140.44,0.0
202606222121,140.44,140.44,140.44,140.44,0.0
202606222122,140.44,140.44,140.44,140.44,0.0
202606222123,140.44,140.44,140.44,140.44,0.0
202606222124,140.44,140.44,140.44,140.44,0.0
202606222125,140.44,140.44,140.44,140.44,0.0
202606222126,140.44,140.44,140.44,140.44,0.0
202606222127,140.44,140.44,140.44,140.44,0.0
202606222128,140.44,140.44,140.44,140.44,0.0
202606222129,140.44,140.44,140.44,140.44,0.0
202606222130,140.79,140.79,140.79,140.79,1.0
202606222131,140.79,140.79,140.79,140.79,0.0
202606222132,140.79,140.79,140.79,140.79,0.0
202606222133,140.79,140.79,140.79,140.79,0.0
202606222134,140.79,140.79,140.79,140.79,0.0
202606222135,140.79,140.79,140.79,140.79,0.0
202606222136,140.79,140.79,140.79,140.79,0.0
202606222137,140.79,140.79,140.79,140.79,0.0
202606222138,140.79,140.79,140.79,140.79,0.0
202606222139,140.79,140.79,140.79,140.79,0.0
202606222140,140.79,140.79,140.79,140.79,0.0
202606222141,140.79,140.79,140.79,140.79,0.0
202606222142,140.79,140.79,140.79,140.79,0.0
202606222143,140.79,140.79,140.79,140.79,0.0
202606222144,140.79,140.79,140.79,140.79,0.0
202606222145,140.79,140.79,140.79,140.79,0.0
202606222146,140.79,140.79,140.79,140.79,0.0
202606222147,140.79,140.79,140.79,140.79,0.0
202606222148,140.79,140.79,140.79,140.79,0.0
202606222149,140.79,140.79,140.79,140.79,0.0
202606222150,140.79,140.79,140.79,140.79,0.0
202606222151,140.55,140.55,140.56,140.55,1.0
202606222152,140.55,140.55,140.55,140.55,0.0
202606222153,140.55,140.55,140.55,140.55,0.0
202606222154,140.55,140.55,140.55,140.55,0.0
202606222155,140.55,140.55,140.55,140.55,0.0
202606222156,140.55,140.55,140.55,140.55,0.0
202606222157,140.55,140.55,140.55,140.55,0.0
202606222158,140.55,140.55,140.55,140.55,0.0
202606222159,140.55,140.55,140.55,140.55,0.0
202606222200,140.64,140.64,140.64,140.64,1.0
202606222201,140.64,140.64,140.64,140.64,0.0
202606222202,140.64,140.64,140.64,140.64,0.0
202606222203,140.64,140.64,140.64,140.64,0.0
202606222204,140.64,140.64,140.64,140.64,0.0
202606222205,140.64,140.64,140.64,140.64,0.0
202606222206,140.64,140.64,140.64,140.64,0.0
202606222207,140.64,140.64,140.64,140.64,0.0
202606222208,140.64,140.64,140.64,140.64,0.0
202606222209,140.64,140.64,140.64,140.64,0.0
202606222210,140.64,140.64,140.64,140.64,0.0
202606222211,140.64,140.64,140.64,140.64,0.0
202606222212,140.64,140.64,140.64,140.64,0.0
202606222213,140.64,140.64,140.64,140.64,0.0
202606222214,140.64,140.64,140.64,140.64,0.0
202606222215,140.64,140.64,140.64,140.64,0.0
202606222216,140.64,140.64,140.64,140.64,0.0
202606222217,140.64,140.64,140.64,140.64,0.0
202606222218,140.64,140.64,140.64,140.64,0.0
202606222219,140.64,140.64,140.64,140.64,0.0
202606222220,140.64,140.64,140.64,140.64,0.0
202606222221,140.64,140.64,140.64,140.64,0.0
202606222222,140.64,140.64,140.64,140.64,0.0
202606222223,140.64,140.64,140.64,140.64,0.0
202606222224,140.64,140.64,140.64,140.64,0.0
202606222225,140.64,140.64,140.64,140.64,0.0
202606222226,140.64,140.64,140.64,140.64,0.0
202606222227,140.64,140.64,140.64,140.64,0.0
202606222228,140.64,140.64,140.64,140.64,0.0
202606222229,140.64,140.64,140.64,140.64,0.0
202606222230,140.64,140.64,140.64,140.64,0.0
202606222231,140.64,140.64,140.64,140.64,0.0
202606222232,140.64,140.64,140.64,140.64,0.0
202606222233,140.64,140.64,140.64,140.64,0.0
202606222234,140.64,140.64,140.64,140.64,0.0
202606222235,140.64,140.64,140.64,140.64,0.0
202606222236,140.64,140.64,140.64,140.64,0.0
202606222237,140.64,140.64,140.64,140.64,0.0
202606222238,140.64,140.64,140.64,140.64,0.0
202606222239,140.64,140.64,140.64,140.64,0.0
202606222240,140.64,140.64,140.64,140.64,0.0
202606222241,140.64,140.64,140.64,140.64,0.0
202606222242,140.64,140.64,140.64,140.64,0.0
202606222243,140.64,140.64,140.64,140.64,0.0
202606222244,140.64,140.64,140.64,140.64,0.0
202606222245,140.64,140.64,140.64,140.64,0.0
202606222246,140.64,140.64,140.64,140.64,0.0
202606222247,140.64,140.64,140.64,140.64,0.0
202606222248,140.64,140.64,140.64,140.64,0.0
202606222249,140.64,140.64,140.64,140.64,0.0
202606222250,140.64,140.64,140.64,140.64,0.0
202606222251,140.64,140.64,140.64,140.64,0.0
202606222252,140.64,140.64,140.64,140.64,0.0
202606222253,140.64,140.64,140.64,140.64,0.0
202606222254,140.64,140.64,140.64,140.64,0.0
202606222255,140.64,140.64,140.64,140.64,0.0
202606222256,140.64,140.64,140.64,140.64,0.0
202606222257,140.64,140.64,140.64,140.64,0.0
202606222258,140.64,140.64,140.64,140.64,0.0
202606222259,140.64,140.64,140.64,140.64,0.0
202606222300,140.64,140.64,140.64,140.64,0.0
202606222301,140.64,140.64,140.64,140.64,0.0
202606222302,140.64,140.64,140.64,140.64,0.0
202606222303,140.64,140.64,140.64,140.64,0.0
202606222304,140.64,140.64,140.64,140.64,0.0
202606222305,140.64,140.64,140.64,140.64,0.0
202606222306,140.64,140.64,140.64,140.64,0.0
202606222307,140.64,140.64,140.64,140.64,0.0
202606222308,140.64,140.64,140.64,140.64,0.0
202606222309,140.64,140.64,140.64,140.64,0.0
202606222310,140.64,140.64,140.64,140.64,0.0
202606222311,140.64,140.64,140.64,140.64,0.0
202606222312,140.64,140.64,140.64,140.64,0.0
202606222313,140.64,140.64,140.64,140.64,0.0
202606222314,140.64,140.64,140.64,140.64,0.0
202606222315,140.64,140.64,140.64,140.64,0.0
202606222316,140.64,140.64,140.64,140.64,0.0
202606222317,140.64,140.64,140.64,140.64,0.0
202606222318,140.64,140.64,140.64,140.64,0.0
202606222319,140.64,140.64,140.64,140.64,0.0
202606222320,140.64,140.64,140.64,140.64,0.0
202606222321,140.64,140.64,140.64,140.64,0.0
202606222322,140.64,140.64,140.64,140.64,0.0
202606222323,140.64,140.64,140.64,140.64,0.0
202606222324,140.64,140.64,140.64,140.64,0.0
202606222325,140.64,140.64,140.64,140.64,0.0
202606222326,140.64,140.64,140.64,140.64,0.0
202606222327,140.64,140.64,140.64,140.64,0.0
202606222328,140.64,140.64,140.64,140.64,0.0
202606222329,140.64,140.64,140.64,140.64,0.0
202606222330,140.64,140.64,140.64,140.64,0.0
202606222331,140.64,140.64,140.64,140.64,0.0
202606222332,140.64,140.64,140.64,140.64,0.0
202606222333,140.64,140.64,140.64,140.64,0.0
202606222334,140.64,140.64,140.64,140.64,0.0
202606222335,140.64,140.64,140.64,140.64,0.0
202606222336,140.64,140.64,140.64,140.64,0.0
202606222337,140.64,140.64,140.64,140.64,0.0
202606222338,140.64,140.64,140.64,140.64,0.0
202606222339,140.64,140.64,140.64,140.64,0.0
202606222340,140.64,140.64,140.64,140.64,0.0
202606222341,140.64,140.64,140.64,140.64,0.0
202606222342,140.64,140.64,140.64,140.64,0.0
202606222343,140.64,140.64,140.64,140.64,0.0
202606222344,140.64,140.64,140.64,140.64,0.0
202606222345,140.64,140.64,140.64,140.64,0.0
202606222346,140.64,140.64,140.64,140.64,0.0
202606222347,140.64,140.64,140.64,140.64,0.0
202606222348,140.64,140.64,140.64,140.64,0.0
202606222349,140.64,140.64,140.64,140.64,0.0
202606222350,140.64,140.64,140.64,140.64,0.0
202606222351,140.64,140.64,140.64,140.64,0.0
202606222352,140.64,140.64,140.64,140.64,0.0
202606222353,140.64,140.64,140.64,140.64,0.0
202606222354,140.64,140.64,140.64,140.64,0.0
202606222355,140.64,140.64,140.64,140.64,0.0
202606222356,140.64,140.64,140.64,140.64,0.0
202606222357,140.64,140.64,140.64,140.64,0.0
202606222358,140.64,140.64,140.64,140.64,0.0
202606222359,140.64,140.64,140.64,140.64,0.0
202606230800,142.34,142.34,142.35,142.34,1.0
202606230801,142.34,142.34,142.34,142.34,0.0
202606230802,142.34,142.34,142.34,142.34,0.0
202606230803,142.34,142.34,142.34,142.34,0.0
202606230804,142.07,142.07,142.07,142.07,1.0
202606230805,142.07,142.07,142.07,142.07,0.0
202606230806,141.87,141.87,141.87,141.87,1.0
202606230807,141.87,141.87,141.87,141.87,0.0
202606230808,141.87,141.87,141.87,141.87,0.0
202606230809,141.87,141.87,141.87,141.87,0.0
202606230810,141.87,141.87,141.87,141.87,0.0
202606230811,141.83,141.83,141.83,141.83,1.0
202606230812,141.83,141.83,141.83,141.83,0.0
202606230813,141.83,141.83,141.83,141.83,0.0
202606230814,141.83,141.83,141.83,141.83,0.0
202606230815,141.83,141.83,141.83,141.83,0.0
202606230816,141.83,141.83,141.83,141.83,0.0
202606230817,141.83,141.83,141.83,141.83,0.0
202606230818,141.83,141.83,141.83,141.83,0.0
202606230819,142.06,142.06,142.06,142.06,1.0
202606230820,142.06,142.06,142.06,142.06,0.0
202606230821,142.06,142.06,142.06,142.06,0.0
202606230822,142.06,142.06,142.06,142.06,0.0
202606230823,142.06,142.06,142.06,142.06,0.0
202606230824,142.06,142.06,142.06,142.06,0.0
202606230825,142.06,142.06,142.06,142.06,0.0
202606230826,142.06,142.06,142.06,142.06,0.0
202606230827,142.06,142.06,142.06,142.06,0.0
202606230828,142.47,142.47,142.47,142.47,1.0
202606230829,142.47,142.47,142.47,142.47,0.0
202606230830,142.01,141.8,142.01,141.8,3.0
202606230831,141.8,141.8,141.8,141.8,0.0
202606230832,141.8,141.8,141.8,141.8,0.0
202606230833,141.8,141.8,141.8,141.8,0.0
202606230834,141.8,141.8,141.8,141.8,0.0
202606230835,141.8,141.8,141.8,141.8,0.0
202606230836,141.8,141.8,141.8,141.8,0.0
202606230837,141.8,141.8,141.8,141.8,0.0
202606230838,141.8,141.8,141.8,141.8,0.0
202606230839,141.8,141.8,141.8,141.8,0.0
202606230840,141.8,141.8,141.8,141.8,0.0
202606230841,141.8,141.8,141.8,141.8,0.0
202606230842,141.8,141.8,141.8,141.8,0.0
202606230843,141.8,141.8,141.8,141.8,0.0
202606230844,141.8,141.8,141.8,141.8,0.0
202606230845,141.8,141.8,141.8,141.8,0.0
202606230846,141.8,141.8,141.8,141.8,0.0
202606230847,141.8,141.8,141.8,141.8,0.0
202606230848,141.8,141.8,141.8,141.8,0.0
202606230849,141.8,141.8,141.8,141.8,0.0
202606230850,141.8,141.8,141.8,141.8,0.0
202606230851,141.8,141.8,141.8,141.8,0.0
202606230852,141.8,141.8,141.8,141.8,0.0
202606230853,141.8,141.8,141.8,141.8,0.0
202606230854,141.8,141.8,141.8,141.8,0.0
202606230855,141.8,141.8,141.8,141.8,0.0
202606230856,141.8,141.8,141.8,141.8,0.0
202606230857,141.8,141.8,141.8,141.8,0.0
202606230858,141.8,141.8,141.8,141.8,0.0
202606230859,141.8,141.8,141.8,141.8,0.0
202606230900,141.8,141.8,141.8,141.8,0.0
202606230901,141.8,141.8,141.8,141.8,0.0
202606230902,141.8,141.8,141.8,141.8,0.0
202606230903,141.8,141.8,141.8,141.8,0.0
202606230904,141.8,141.8,141.8,141.8,0.0
202606230905,141.8,141.8,141.8,141.8,0.0
202606230906,141.8,141.8,141.8,141.8,0.0
202606230907,141.8,141.8,141.8,141.8,0.0
202606230908,141.8,141.8,141.8,141.8,0.0
202606230909,141.8,141.8,141.8,141.8,0.0
202606230910,141.8,141.8,141.8,141.8,0.0
202606230911,141.8,141.8,141.8,141.8,0.0
202606230912,141.8,141.8,141.8,141.8,0.0
202606230913,141.8,141.8,141.8,141.8,0.0
202606230914,141.8,141.8,141.8,141.8,0.0
202606230915,141.8,141.8,141.8,141.8,0.0
202606230916,141.8,141.8,141.8,141.8,0.0
202606230917,141.8,141.8,141.8,141.8,0.0
202606230918,141.8,141.8,141.8,141.8,0.0
202606230919,141.8,141.8,141.8,141.8,0.0
202606230920,141.8,141.8,141.8,141.8,0.0
202606230921,141.8,141.8,141.8,141.8,0.0
202606230922,141.8,141.8,141.8,141.8,0.0
202606230923,141.8,141.8,141.8,141.8,0.0
202606230924,141.8,141.8,141.8,141.8,0.0
202606230925,141.8,141.8,141.8,141.8,0.0
202606230926,141.8,141.8,141.8,141.8,0.0
202606230927,141.8,141.8,141.8,141.8,0.0
202606230928,142.17,142.17,142.17,142.17,1.0
202606230929,142.17,142.17,142.17,142.17,0.0
202606230930,142.17,142.17,142.17,142.17,0.0
202606230931,142.17,142.17,142.17,142.17,0.0
202606230932,142.17,142.17,142.17,142.17,0.0
202606230933,142.17,142.17,142.17,142.17,0.0
202606230934,142.17,142.17,142.17,142.17,0.0
202606230935,142.17,142.17,142.17,142.17,0.0
202606230936,142.17,142.17,142.17,142.17,0.0
202606230937,142.17,142.17,142.17,142.17,0.0
202606230938,142.17,142.17,142.17,142.17,0.0
202606230939,142.17,142.17,142.17,142.17,0.0
202606230940,142.17,142.17,142.17,142.17,0.0
202606230941,142.17,142.17,142.17,142.17,0.0
202606230942,142.17,142.17,142.17,142.17,0.0
202606230943,142.17,142.17,142.17,142.17,0.0
202606230944,142.17,142.17,142.17,142.17,0.0
202606230945,142.37,142.37,142.37,142.37,2.0
202606230946,142.37,142.37,142.37,142.37,0.0
202606230947,142.37,142.37,142.37,142.37,0.0
202606230948,142.37,142.37,142.37,142.37,0.0
202606230949,142.37,142.37,142.37,142.37,0.0
202606230950,142.37,142.37,142.37,142.37,0.0
202606230951,142.37,142.37,142.37,142.37,0.0
202606230952,142.37,142.37,142.37,142.37,0.0
202606230953,142.37,142.37,142.37,142.37,0.0
202606230954,142.37,142.37,142.37,142.37,0.0
202606230955,142.37,142.37,142.37,142.37,0.0
202606230956,142.37,142.37,142.37,142.37,0.0
202606230957,142.37,142.37,142.37,142.37,0.0
202606230958,142.37,142.37,142.37,142.37,0.0
202606230959,142.37,142.37,142.37,142.37,0.0
202606231000,142.37,142.37,142.37,142.37,0.0
202606231001,142.37,142.37,142.37,142.37,0.0
202606231002,142.37,142.37,142.37,142.37,0.0
202606231003,142.37,142.37,142.37,142.37,0.0
202606231004,142.37,142.37,142.37,142.37,0.0
202606231005,142.37,142.37,142.37,142.37,0.0
202606231006,142.37,142.37,142.37,142.37,0.0
202606231007,142.37,142.37,142.37,142.37,0.0
202606231008,142.37,142.37,142.37,142.37,0.0
202606231009,142.37,142.37,142.37,142.37,0.0
202606231010,142.37,142.37,142.37,142.37,0.0
202606231011,142.37,142.37,142.37,142.37,0.0
202606231012,142.37,142.37,142.37,142.37,0.0
202606231013,142.37,142.37,142.37,142.37,0.0
202606231014,142.37,142.37,142.37,142.37,0.0
202606231015,142.37,142.37,142.37,142.37,0.0
202606231016,142.37,142.37,142.37,142.37,0.0
202606231017,142.37,142.37,142.37,142.37,0.0
202606231018,142.37,142.37,142.37,142.37,0.0
202606231019,142.37,142.37,142.37,142.37,0.0
202606231020,142.37,142.37,142.37,142.37,0.0
202606231021,142.37,142.37,142.37,142.37,0.0
202606231022,142.37,142.37,142.37,142.37,0.0
202606231023,142.37,142.37,142.37,142.37,0.0
202606231024,142.37,142.37,142.37,142.37,0.0
202606231025,142.37,142.37,142.37,142.37,0.0
202606231026,142.37,142.37,142.37,142.37,0.0
202606231027,142.37,142.37,142.37,142.37,0.0
202606231028,142.37,142.37,142.37,142.37,0.0
202606231029,142.37,142.37,142.37,142.37,0.0
202606231030,142.37,142.37,142.37,142.37,0.0
202606231031,142.37,142.37,142.37,142.37,0.0
202606231032,142.37,142.37,142.37,142.37,0.0
202606231033,142.37,142.37,142.37,142.37,0.0
202606231034,142.37,142.37,142.37,142.37,0.0
202606231035,142.57,142.57,142.57,142.56,3.0
202606231036,142.57,142.57,142.57,142.57,0.0
202606231037,142.57,142.57,142.57,142.57,0.0
202606231038,142.55,142.56,142.57,142.55,4.0
202606231039,142.56,142.56,142.56,142.56,0.0
202606231040,142.56,142.56,142.56,142.56,0.0
202606231041,142.56,142.56,142.56,142.56,0.0
202606231042,142.56,142.56,142.56,142.56,0.0
202606231043,142.56,142.56,142.56,142.56,0.0
202606231044,142.56,142.56,142.56,142.56,0.0
202606231045,142.56,142.56,142.56,142.56,0.0
202606231046,142.56,142.56,142.56,142.56,0.0
202606231047,142.56,142.56,142.56,142.56,0.0
202606231048,142.56,142.56,142.56,142.56,0.0
202606231049,142.56,142.56,142.56,142.56,0.0
202606231050,142.56,142.56,142.56,142.56,0.0
202606231051,142.56,142.56,142.56,142.56,0.0
202606231052,142.56,142.56,142.56,142.56,0.0
202606231053,142.56,142.56,142.56,142.56,0.0
202606231054,142.56,142.56,142.56,142.56,0.0
202606231055,142.96,142.96,142.96,142.96,1.0
202606231056,142.96,142.96,142.96,142.96,0.0
202606231057,142.96,142.96,142.96,142.96,0.0
202606231058,142.6,142.6,142.6,142.6,29.0
202606231059,142.6,142.6,142.6,142.6,0.0
202606231100,142.32,142.33,142.33,142.32,2.0
202606231101,142.5,142.5,142.5,142.5,1.0
202606231102,142.5,142.5,142.5,142.5,0.0
202606231103,142.5,142.5,142.5,142.5,0.0
202606231104,142.35,142.35,142.35,142.34,5.0
202606231105,142.35,142.35,142.35,142.35,0.0
202606231106,142.36,142.35,142.36,142.35,24.0
202606231107,142.35,142.35,142.35,142.35,0.0
202606231108,142.35,142.35,142.35,142.35,0.0
202606231109,142.36,142.36,142.36,142.36,4.0
202606231110,142.35,142.3,142.35,142.3,8.0
202606231111,142.3,142.3,142.3,142.3,0.0
202606231112,142.3,142.3,142.3,142.3,0.0
202606231113,142.3,142.3,142.3,142.3,0.0
202606231114,142.3,142.3,142.3,142.3,0.0
202606231115,142.3,142.3,142.3,142.3,5.0
202606231116,142.38,142.38,142.38,142.38,1.0
202606231117,142.34,142.34,142.34,142.34,1.0
202606231118,142.34,142.34,142.34,142.34,0.0
202606231119,142.41,142.41,142.41,142.41,11.0
202606231120,142.41,142.41,142.41,142.41,0.0
202606231121,142.41,142.41,142.41,142.41,0.0
202606231122,142.41,142.41,142.41,142.41,0.0
202606231123,142.39,142.41,142.41,142.39,3.0
202606231124,142.41,142.41,142.41,142.41,0.0
202606231125,142.32,142.41,142.41,142.32,3.0
202606231126,142.41,142.4,142.41,142.4,3.0
202606231127,142.4,142.4,142.4,142.4,0.0
202606231128,142.4,142.4,142.4,142.4,0.0
202606231129,142.4,142.4,142.4,142.4,0.0
202606231130,142.4,142.4,142.4,142.4,0.0
202606231131,142.4,142.4,142.4,142.4,0.0
202606231132,142.4,142.4,142.4,142.4,0.0
202606231133,142.4,142.4,142.4,142.4,0.0
202606231134,142.4,142.4,142.4,142.4,0.0
202606231135,142.4,142.4,142.4,142.4,0.0
202606231136,142.4,142.4,142.4,142.4,0.0
202606231137,142.4,142.4,142.4,142.4,0.0
202606231138,142.4,142.4,142.4,142.4,0.0
202606231139,142.4,142.4,142.4,142.4,0.0
202606231140,142.4,142.4,142.4,142.4,0.0
202606231141,142.4,142.4,142.4,142.4,0.0
202606231142,142.4,142.4,142.4,142.4,0.0
202606231143,142.4,142.4,142.4,142.4,0.0
202606231144,142.4,142.4,142.4,142.4,0.0
202606231145,142.4,142.4,142.4,142.4,0.0
202606231146,142.4,142.4,142.4,142.4,0.0
202606231147,142.4,142.4,142.4,142.4,0.0
202606231148,142.49,142.49,142.49,142.49,3.0
202606231149,142.49,142.49,142.49,142.49,0.0
202606231150,142.49,142.49,142.49,142.49,0.0
202606231151,142.49,142.49,142.49,142.49,0.0
202606231152,142.49,142.49,142.49,142.49,0.0
202606231153,142.49,142.49,142.49,142.49,0.0
202606231154,142.49,142.49,142.49,142.49,0.0
202606231155,142.49,142.49,142.49,142.49,0.0
202606231156,142.49,142.49,142.49,142.49,0.0
202606231157,142.49,142.49,142.49,142.49,0.0
202606231158,142.49,142.49,142.49,142.49,0.0
202606231159,142.49,142.49,142.49,142.49,0.0
202606231200,142.49,142.49,142.49,142.49,0.0
202606231201,142.49,142.49,142.49,142.49,0.0
202606231202,142.35,142.35,142.35,142.35,1.0
202606231203,142.35,142.35,142.35,142.35,0.0
202606231204,142.35,142.35,142.35,142.35,0.0
202606231205,142.46,142.46,142.47,142.46,1.0
202606231206,142.46,142.46,142.46,142.46,0.0
202606231207,142.46,142.46,142.46,142.46,0.0
202606231208,142.46,142.46,142.46,142.46,0.0
202606231209,142.46,142.46,142.46,142.46,0.0
202606231210,142.46,142.46,142.46,142.46,0.0
202606231211,142.46,142.46,142.46,142.46,0.0
202606231212,142.46,142.46,142.46,142.46,0.0
202606231213,142.46,142.46,142.46,142.46,0.0
202606231214,142.49,142.49,142.49,142.49,1.0
202606231215,142.49,142.49,142.49,142.49,0.0
202606231216,142.49,142.49,142.49,142.49,0.0
202606231217,142.62,142.65,142.65,142.62,5.0
202606231218,142.65,142.65,142.65,142.65,0.0
202606231219,142.65,142.65,142.65,142.65,0.0
202606231220,142.65,142.65,142.65,142.65,0.0
202606231221,142.65,142.65,142.65,142.65,0.0
202606231222,142.65,142.65,142.65,142.65,0.0
202606231223,142.65,142.65,142.65,142.65,0.0
202606231224,142.65,142.65,142.65,142.65,0.0
202606231225,142.65,142.65,142.65,142.65,0.0
202606231226,142.65,142.65,142.65,142.65,0.0
202606231227,142.65,142.65,142.65,142.65,0.0
202606231228,142.65,142.65,142.65,142.65,0.0
202606231229,142.61,142.61,142.61,142.61,1.0
202606231230,142.5,142.5,142.5,142.5,4.0
202606231231,142.5,142.5,142.5,142.5,0.0
202606231232,142.5,142.5,142.5,142.5,0.0
202606231233,142.5,142.5,142.5,142.5,0.0
202606231234,142.43,142.43,142.43,142.43,1.0
202606231235,142.43,142.43,142.43,142.43,0.0
202606231236,142.43,142.43,142.43,142.43,0.0
202606231237,142.43,142.43,142.43,142.43,0.0
202606231238,142.6,142.61,142.61,142.6,3.0
202606231239,142.69,142.69,142.69,142.69,1.0
202606231240,142.43,142.68,142.68,142.43,5.0
202606231241,142.8,142.8,142.8,142.8,2.0
202606231242,142.8,142.8,142.8,142.8,1.0
202606231243,142.8,142.8,142.8,142.8,0.0
202606231244,142.99,142.99,142.99,142.99,4.0
202606231245,143.12,143.0,143.12,143.0,7.0
202606231246,143.0,143.0,143.0,143.0,0.0
202606231247,143.1,143.1,143.1,143.1,1.0
202606231248,143.1,143.1,143.1,143.1,0.0
202606231249,143.17,143.17,143.17,143.16,2.0
202606231250,143.1,143.1,143.1,143.1,2.0
202606231251,143.0,143.02,143.02,143.0,7.0
202606231252,143.02,143.02,143.02,143.02,0.0
202606231253,143.02,143.02,143.02,143.02,0.0
202606231254,143.02,143.02,143.02,143.02,0.0
202606231255,143.02,143.02,143.02,143.02,0.0
202606231256,143.02,143.02,143.02,143.02,0.0
202606231257,143.02,143.02,143.02,143.02,0.0
202606231258,143.02,143.02,143.02,143.02,0.0
202606231259,143.0,143.0,143.01,143.0,2.0
202606231300,143.0,143.0,143.0,143.0,0.0
202606231301,143.09,143.1,143.1,143.09,3.0
202606231302,143.1,143.1,143.1,143.1,0.0
202606231303,143.1,143.1,143.1,143.1,0.0
202606231304,143.1,143.1,143.1,143.1,0.0
202606231305,143.16,143.16,143.16,143.16,1.0
202606231306,143.16,143.16,143.16,143.16,0.0
202606231307,143.0,143.28,143.28,143.0,81.0
202606231308,143.28,143.28,143.28,143.28,0.0
202606231309,143.25,143.25,143.25,143.25,4.0
202606231310,143.25,143.25,143.25,143.25,0.0
202606231311,143.1,143.1,143.1,143.1,1.0
202606231312,143.2,143.2,143.2,143.2,1.0
202606231313,143.2,143.2,143.2,143.2,0.0
202606231314,143.2,143.2,143.2,143.2,0.0
202606231315,143.2,143.2,143.2,143.2,0.0
202606231316,143.2,143.2,143.2,143.2,0.0
202606231317,143.31,143.31,143.31,143.31,1.0
202606231318,143.25,143.25,143.25,143.25,20.0
202606231319,143.25,143.25,143.25,143.25,0.0
202606231320,143.25,143.25,143.25,143.25,0.0
202606231321,143.25,143.25,143.25,143.25,0.0
202606231322,143.25,143.25,143.25,143.25,0.0
202606231323,143.25,143.25,143.25,143.25,0.0
202606231324,143.25,143.25,143.25,143.25,0.0
202606231325,143.32,143.53,143.53,143.32,18.0
202606231326,143.53,143.53,143.53,143.53,5.0
202606231327,143.53,143.74,143.74,143.53,17.0
202606231328,143.55,143.8,143.8,143.53,11.0
202606231329,143.76,143.5,143.76,143.5,3.0
202606231330,143.68,142.69,143.68,142.52,1524.0
202606231331,142.67,142.84,143.22,142.6,149.0
202606231332,142.8,142.65,142.92,142.65,57.0
202606231333,142.61,142.61,142.61,142.41,85.0
202606231334,142.54,142.25,142.61,142.25,70.0
202606231335,142.25,142.26,142.48,142.15,36.0
202606231336,142.29,142.2,142.46,142.15,63.0
202606231337,142.29,142.16,142.4,142.15,57.0
202606231338,142.15,142.06,142.29,141.9,111.0
202606231339,142.02,141.92,142.09,141.79,139.0
202606231340,141.96,141.96,142.1,141.86,108.0
202606231341,142.0,142.06,142.24,141.98,72.0
202606231342,142.09,142.18,142.21,141.99,29.0
202606231343,142.18,142.29,142.3,142.17,90.0
202606231344,142.31,142.22,142.31,142.18,161.0
202606231345,142.21,142.45,142.49,142.12,58.0
202606231346,142.4,142.37,142.51,142.37,79.0
202606231347,142.41,142.29,142.45,142.23,90.0
202606231348,142.29,142.52,142.54,142.29,36.0
202606231349,142.53,142.39,142.54,142.34,34.0
202606231350,142.37,142.37,142.46,142.36,43.0
202606231351,142.37,142.12,142.37,142.12,34.0
202606231352,142.16,142.12,142.16,142.04,58.0
202606231353,142.15,142.14,142.2,142.08,46.0
202606231354,142.09,142.36,142.36,142.0,43.0
202606231355,142.36,142.09,142.37,141.95,98.0
202606231356,141.94,142.19,142.22,141.94,31.0
202606231357,142.19,142.13,142.19,142.06,30.0
202606231358,142.12,141.93,142.12,141.91,26.0
202606231359,141.92,141.89,142.0,141.82,35.0
202606231400,141.88,141.81,141.91,141.78,67.0
202606231401,141.74,141.66,141.79,141.57,57.0
202606231402,141.68,141.44,141.69,141.4,43.0
202606231403,141.47,141.58,141.58,141.4,57.0
202606231404,141.55,141.62,141.65,141.48,20.0
202606231405,141.65,141.86,141.96,141.62,77.0
202606231406,141.81,141.7,141.81,141.67,23.0
202606231407,141.66,141.91,141.91,141.65,45.0
202606231408,141.86,141.83,141.87,141.76,31.0
202606231409,141.82,141.75,141.83,141.63,88.0
202606231410,141.7,141.63,141.71,141.57,52.0
202606231411,141.62,141.61,141.68,141.57,31.0
202606231412,141.64,141.65,141.67,141.58,25.0
202606231413,141.62,141.85,141.87,141.62,84.0
202606231414,141.8,141.75,141.84,141.74,100.0
202606231415,141.74,141.71,141.76,141.62,40.0
202606231416,141.72,141.65,141.75,141.61,104.0
202606231417,141.65,141.65,141.66,141.55,238.0
202606231418,141.65,141.6,141.68,141.6,40.0
202606231419,141.64,141.65,141.76,141.59,122.0
202606231420,141.71,141.53,141.75,141.53,26.0
202606231421,141.49,141.46,141.54,141.45,16.0
202606231422,141.49,141.6,141.64,141.45,49.0
202606231423,141.58,141.66,141.71,141.51,26.0
202606231424,141.66,141.75,141.75,141.61,87.0
202606231425,141.74,141.86,141.87,141.72,80.0
202606231426,141.87,141.82,141.87,141.75,80.0
202606231427,141.81,141.9,141.95,141.8,49.0
202606231428,141.84,141.84,141.95,141.82,66.0
202606231429,141.79,141.77,141.82,141.75,22.0
202606231430,141.72,141.71,141.81,141.7,24.0
202606231431,141.71,142.0,142.01,141.7,71.0
202606231432,141.99,141.97,142.05,141.9,143.0
202606231433,141.93,141.72,141.93,141.71,51.0
202606231434,141.72,141.48,141.72,141.46,113.0
202606231435,141.48,141.32,141.51,141.27,62.0
202606231436,141.26,141.18,141.31,141.16,57.0
202606231437,141.11,141.05,141.18,141.05,22.0
202606231438,141.11,141.15,141.17,141.08,24.0
202606231439,141.13,141.25,141.29,141.09,35.0
202606231440,141.26,141.41,141.43,141.25,45.0
202606231441,141.43,141.51,141.51,141.38,19.0
202606231442,141.53,141.56,141.67,141.5,64.0
202606231443,141.61,141.59,141.66,141.49,75.0
202606231444,141.56,141.64,141.66,141.53,23.0
202606231445,141.66,141.55,141.68,141.54,56.0
202606231446,141.58,141.51,141.62,141.51,69.0
202606231447,141.54,141.42,141.56,141.36,59.0
202606231448,141.43,141.46,141.51,141.32,81.0
202606231449,141.48,141.35,141.48,141.32,69.0
202606231450,141.3,141.19,141.4,141.18,63.0
202606231451,141.22,141.29,141.35,141.21,61.0
202606231452,141.3,141.34,141.35,141.25,33.0
202606231453,141.34,141.58,141.59,141.33,52.0
202606231454,141.57,141.62,141.64,141.57,101.0
202606231455,141.59,141.57,141.66,141.57,52.0
202606231456,141.52,141.62,141.62,141.48,137.0
202606231457,141.6,141.54,141.63,141.49,81.0
202606231458,141.58,141.71,141.73,141.58,48.0
202606231459,141.7,141.6,141.73,141.58,62.0
202606231500,141.57,141.5,141.57,141.47,47.0
202606231501,141.45,141.42,141.47,141.41,27.0
202606231502,141.44,141.44,141.52,141.43,73.0
202606231503,141.45,141.51,141.56,141.4,55.0
202606231504,141.49,141.6,141.6,141.47,33.0
202606231505,141.59,141.65,141.65,141.53,53.0
202606231506,141.65,141.69,141.7,141.57,149.0
202606231507,141.64,141.62,141.68,141.62,30.0
202606231508,141.59,141.61,141.63,141.55,77.0
202606231509,141.6,141.64,141.68,141.6,33.0
202606231510,141.63,141.73,141.73,141.63,68.0
202606231511,141.74,141.84,141.84,141.74,77.0
202606231512,141.84,141.87,141.93,141.84,51.0
202606231513,141.88,141.87,141.92,141.83,43.0
202606231514,141.83,141.83,141.87,141.76,55.0
202606231515,141.77,141.75,141.83,141.74,37.0
202606231516,141.74,141.76,141.82,141.7,57.0
202606231517,141.75,141.78,141.82,141.74,31.0
202606231518,141.79,141.95,141.95,141.78,33.0
202606231519,141.94,141.93,141.96,141.86,20.0
202606231520,141.93,141.84,141.93,141.8,44.0
202606231521,141.81,141.8,141.84,141.74,34.0
202606231522,141.77,141.73,141.78,141.71,34.0
202606231523,141.72,141.77,141.78,141.69,42.0
202606231524,141.8,141.83,141.85,141.8,87.0
202606231525,141.82,141.69,141.85,141.69,30.0
202606231526,141.71,141.69,141.72,141.68,9.0
202606231527,141.63,141.64,141.69,141.63,29.0
202606231528,141.66,141.67,141.71,141.65,35.0
202606231529,141.66,141.63,141.67,141.6,20.0
202606231530,141.66,141.72,141.77,141.63,37.0
202606231531,141.75,141.69,141.75,141.65,28.0
202606231532,141.67,141.61,141.7,141.6,23.0
202606231533,141.62,141.6,141.63,141.54,60.0
202606231534,141.55,141.55,141.56,141.46,68.0
202606231535,141.56,141.47,141.57,141.47,35.0
202606231536,141.43,141.41,141.43,141.37,42.0
202606231537,141.44,141.43,141.46,141.38,83.0
202606231538,141.41,141.42,141.46,141.39,46.0
202606231539,141.46,141.45,141.48,141.45,20.0
202606231540,141.46,141.48,141.48,141.45,35.0
202606231541,141.45,141.46,141.46,141.34,62.0
202606231542,141.45,141.47,141.47,141.42,35.0
202606231543,141.48,141.55,141.57,141.45,29.0
202606231544,141.55,141.49,141.58,141.49,20.0
202606231545,141.52,141.47,141.53,141.47,28.0
202606231546,141.46,141.5,141.53,141.45,48.0
202606231547,141.51,141.61,141.61,141.47,39.0
202606231548,141.62,141.71,141.71,141.58,29.0
202606231549,141.72,141.73,141.8,141.71,33.0
202606231550,141.71,141.71,141.74,141.66,52.0
202606231551,141.72,141.63,141.74,141.63,56.0
202606231552,141.63,141.59,141.68,141.59,55.0
202606231553,141.62,141.58,141.63,141.57,29.0
202606231554,141.58,141.59,141.65,141.56,70.0
202606231555,141.62,141.55,141.62,141.54,14.0
202606231556,141.55,141.45,141.56,141.44,67.0
202606231557,141.46,141.44,141.48,141.4,158.0
202606231558,141.44,141.53,141.54,141.42,48.0
202606231559,141.54,141.5,141.54,141.48,17.0
202606231600,141.5,141.45,141.51,141.41,29.0
202606231601,141.47,141.4,141.48,141.38,56.0
202606231602,141.39,141.33,141.39,141.3,98.0
202606231603,141.34,141.29,141.34,141.27,54.0
202606231604,141.3,141.26,141.31,141.23,64.0
202606231605,141.27,141.33,141.34,141.26,22.0
202606231606,141.35,141.38,141.38,141.35,65.0
202606231607,141.37,141.34,141.37,141.34,28.0
202606231608,141.35,141.23,141.35,141.21,40.0
202606231609,141.23,141.24,141.26,141.22,57.0
202606231610,141.26,141.25,141.28,141.22,60.0
202606231611,141.24,141.18,141.24,141.15,47.0
202606231612,141.14,141.11,141.18,141.08,48.0
202606231613,141.09,141.11,141.12,141.05,61.0
202606231614,141.1,141.19,141.19,141.09,43.0
202606231615,141.19,141.25,141.27,141.18,34.0
202606231616,141.24,141.2,141.26,141.13,23.0
202606231617,141.2,141.18,141.21,141.18,23.0
202606231618,141.17,141.16,141.18,141.13,30.0
202606231619,141.16,141.15,141.16,141.1,27.0
202606231620,141.15,141.19,141.21,141.14,42.0
202606231621,141.2,141.24,141.24,141.18,82.0
202606231622,141.23,141.26,141.26,141.21,32.0
202606231623,141.25,141.21,141.27,141.2,33.0
202606231624,141.21,141.08,141.21,141.08,51.0
202606231625,141.08,141.08,141.1,141.03,45.0
202606231626,141.1,141.15,141.15,141.09,38.0
202606231627,141.16,141.09,141.16,141.08,22.0
202606231628,141.1,141.12,141.14,141.09,17.0
202606231629,141.09,141.11,141.12,141.06,31.0
202606231630,141.11,141.11,141.14,141.09,16.0
202606231631,141.12,141.24,141.26,141.12,28.0
202606231632,141.21,141.16,141.23,141.15,24.0
202606231633,141.16,141.18,141.19,141.14,26.0
202606231634,141.19,141.22,141.22,141.17,34.0
202606231635,141.21,141.22,141.24,141.19,51.0
202606231636,141.21,141.23,141.25,141.2,39.0
202606231637,141.22,141.25,141.26,141.21,21.0
202606231638,141.2,141.24,141.24,141.18,38.0
202606231639,141.24,141.2,141.24,141.18,50.0
202606231640,141.2,141.26,141.27,141.2,44.0
202606231641,141.26,141.26,141.26,141.2,67.0
202606231642,141.24,141.06,141.24,141.06,57.0
202606231643,141.06,141.06,141.08,141.02,56.0
202606231644,141.05,141.05,141.06,141.02,38.0
202606231645,141.06,141.14,141.14,141.06,63.0
202606231646,141.14,141.08,141.15,141.08,39.0
202606231647,141.11,141.09,141.12,141.06,29.0
202606231648,141.09,141.08,141.11,141.08,26.0
202606231649,141.08,141.06,141.08,141.05,20.0
202606231650,141.07,141.05,141.09,141.05,36.0
202606231651,141.03,141.05,141.06,141.03,12.0
202606231652,141.08,141.1,141.12,141.07,23.0
202606231653,141.12,141.13,141.16,141.11,79.0
202606231654,141.14,141.14,141.15,141.11,32.0
202606231655,141.11,141.06,141.14,141.05,38.0
202606231656,141.06,141.06,141.09,141.04,14.0
202606231657,141.02,140.94,141.02,140.91,120.0
202606231658,140.91,140.92,140.93,140.87,31.0
202606231659,140.93,140.95,140.97,140.91,28.0
202606231700,140.94,140.9,140.94,140.88,31.0
202606231701,140.89,140.91,140.92,140.86,40.0
202606231702,140.91,140.88,140.95,140.88,61.0
202606231703,140.89,140.95,140.96,140.88,58.0
202606231704,140.95,140.92,140.97,140.91,171.0
202606231705,140.93,140.94,140.96,140.92,58.0
202606231706,140.95,141.01,141.02,140.95,123.0
202606231707,141.03,141.02,141.06,141.02,64.0
202606231708,141.01,141.03,141.07,141.01,43.0
202606231709,141.05,141.06,141.07,141.03,42.0
202606231710,141.06,141.15,141.16,141.06,202.0
202606231711,141.14,141.13,141.14,141.1,38.0
202606231712,141.09,141.07,141.11,141.07,12.0
202606231713,141.09,141.06,141.09,141.05,22.0
202606231714,141.08,141.15,141.15,141.03,54.0
202606231715,141.14,141.15,141.16,141.13,14.0
202606231716,141.14,141.12,141.14,141.09,15.0
202606231717,141.14,141.12,141.16,141.12,20.0
202606231718,141.11,141.15,141.15,141.1,22.0
202606231719,141.17,141.11,141.19,141.11,18.0
202606231720,141.13,141.13,141.14,141.11,18.0
202606231721,141.16,141.18,141.18,141.11,106.0
202606231722,141.19,141.18,141.26,141.17,183.0
202606231723,141.2,141.17,141.21,141.12,148.0
202606231724,141.16,141.29,141.29,141.15,118.0
202606231725,141.29,141.3,141.32,141.27,86.0
202606231726,141.3,141.27,141.3,141.25,43.0
202606231727,141.27,141.2,141.27,141.19,26.0
202606231728,141.2,141.16,141.2,141.07,159.0
202606231729,141.16,141.17,141.18,141.14,26.0
202606231730,141.18,141.2,141.2,141.09,66.0
202606231731,141.17,141.17,141.21,141.17,27.0
202606231732,141.16,141.13,141.16,141.12,18.0
202606231733,141.13,141.17,141.22,141.13,30.0
202606231734,141.16,141.19,141.19,141.15,17.0
202606231735,141.18,141.21,141.21,141.17,39.0
202606231736,141.23,141.22,141.24,141.19,67.0
202606231737,141.23,141.26,141.29,141.23,21.0
202606231738,141.25,141.28,141.28,141.25,22.0
202606231739,141.28,141.31,141.32,141.28,23.0
202606231740,141.32,141.37,141.39,141.3,85.0
202606231741,141.38,141.37,141.38,141.36,28.0
202606231742,141.37,141.34,141.37,141.32,30.0
202606231743,141.32,141.34,141.37,141.32,21.0
202606231744,141.33,141.39,141.39,141.33,32.0
202606231745,141.38,141.54,141.54,141.38,40.0
202606231746,141.51,141.47,141.52,141.45,44.0
202606231747,141.47,141.48,141.51,141.47,22.0
202606231748,141.5,141.5,141.53,141.49,19.0
202606231749,141.52,141.49,141.52,141.47,34.0
202606231750,141.48,141.41,141.48,141.37,97.0
202606231751,141.4,141.36,141.41,141.34,40.0
202606231752,141.36,141.43,141.44,141.35,88.0
202606231753,141.44,141.51,141.54,141.42,121.0
202606231754,141.53,141.5,141.54,141.49,81.0
202606231755,141.48,141.48,141.49,141.45,28.0
202606231756,141.49,141.52,141.53,141.48,42.0
202606231757,141.53,141.51,141.53,141.49,22.0
202606231758,141.51,141.55,141.55,141.49,94.0
202606231759,141.55,141.62,141.62,141.54,45.0
202606231800,141.6,141.55,141.6,141.54,29.0
202606231801,141.54,141.45,141.54,141.41,47.0
202606231802,141.48,141.47,141.49,141.43,30.0
202606231803,141.46,141.5,141.5,141.41,54.0
202606231804,141.5,141.55,141.55,141.47,56.0
202606231805,141.56,141.55,141.57,141.54,20.0
202606231806,141.56,141.66,141.68,141.56,24.0
202606231807,141.65,141.7,141.7,141.64,27.0
202606231808,141.71,141.74,141.74,141.68,44.0
202606231809,141.75,141.71,141.75,141.7,13.0
202606231810,141.71,141.69,141.73,141.69,30.0
202606231811,141.72,141.73,141.74,141.71,40.0
202606231812,141.74,141.73,141.75,141.71,26.0
202606231813,141.74,141.77,141.77,141.73,34.0
202606231814,141.76,141.77,141.78,141.75,26.0
202606231815,141.77,141.83,141.86,141.76,49.0
202606231816,141.84,141.86,141.87,141.83,40.0
202606231817,141.86,141.87,141.87,141.81,62.0
202606231818,141.88,141.9,141.92,141.88,23.0
202606231819,141.91,141.9,141.94,141.9,72.0
202606231820,141.9,141.93,141.94,141.9,37.0
202606231821,141.94,141.89,141.94,141.89,31.0
202606231822,141.89,141.88,141.89,141.85,44.0
202606231823,141.88,141.88,141.9,141.85,28.0
202606231824,141.88,141.88,141.91,141.87,21.0
202606231825,141.9,141.91,141.94,141.9,52.0
202606231826,141.88,141.92,141.92,141.87,51.0
202606231827,141.92,141.9,141.93,141.9,22.0
202606231828,141.9,141.91,141.91,141.85,43.0
202606231829,141.89,141.88,141.9,141.87,19.0
202606231830,141.88,141.89,141.89,141.84,62.0
202606231831,141.9,141.93,141.93,141.86,73.0
202606231832,141.92,141.91,141.94,141.91,64.0
202606231833,141.92,141.91,141.94,141.9,56.0
202606231834,141.91,141.95,141.95,141.91,42.0
202606231835,141.95,141.95,141.95,141.92,40.0
202606231836,141.96,141.98,141.99,141.95,49.0
202606231837,141.98,141.98,141.99,141.96,45.0
202606231838,141.98,141.96,141.98,141.92,174.0
202606231839,141.97,141.98,142.0,141.96,77.0
202606231840,142.0,142.01,142.02,141.96,56.0
202606231841,142.01,142.06,142.08,141.98,45.0
202606231842,142.06,142.02,142.13,142.02,58.0
202606231843,141.97,142.0,142.01,141.96,28.0
202606231844,142.01,142.06,142.08,142.01,44.0
202606231845,142.07,142.07,142.1,142.04,50.0
202606231846,142.05,142.06,142.06,141.99,43.0
202606231847,142.05,142.11,142.12,142.01,35.0
202606231848,142.11,142.09,142.11,142.05,28.0
202606231849,142.12,142.11,142.17,142.11,58.0
202606231850,142.12,142.14,142.14,142.09,38.0
202606231851,142.11,142.11,142.13,142.1,37.0
202606231852,142.12,142.13,142.14,142.09,94.0
202606231853,142.13,142.12,142.13,142.09,42.0
202606231854,142.11,142.05,142.12,142.01,51.0
202606231855,142.04,141.99,142.05,141.99,78.0
202606231856,142.01,142.04,142.04,141.98,95.0
202606231857,142.01,142.01,142.04,141.98,82.0
202606231858,142.0,141.97,142.01,141.96,32.0
202606231859,141.95,142.05,142.07,141.93,127.0
202606231900,142.06,142.02,142.06,141.98,48.0
202606231901,142.02,141.87,142.03,141.79,191.0
202606231902,141.86,141.81,141.87,141.81,25.0
202606231903,141.81,141.81,141.86,141.75,76.0
202606231904,141.78,141.89,141.89,141.78,59.0
202606231905,141.89,141.91,141.93,141.85,54.0
202606231906,141.88,141.96,141.96,141.88,54.0
202606231907,141.97,142.02,142.02,141.95,104.0
202606231908,142.02,142.0,142.07,141.99,42.0
202606231909,141.98,142.02,142.03,141.97,70.0
202606231910,142.02,142.03,142.07,142.0,51.0
202606231911,142.02,141.95,142.02,141.94,58.0
202606231912,141.94,141.88,141.95,141.87,49.0
202606231913,141.9,141.85,141.9,141.83,43.0
202606231914,141.84,141.84,141.88,141.8,116.0
202606231915,141.84,141.83,141.85,141.77,73.0
202606231916,141.82,141.81,141.82,141.77,35.0
202606231917,141.8,141.86,141.87,141.8,66.0
202606231918,141.85,141.84,141.86,141.83,46.0
202606231919,141.84,141.9,141.9,141.83,51.0
202606231920,141.9,141.95,141.96,141.88,62.0
202606231921,141.96,141.96,141.99,141.94,63.0
202606231922,141.96,142.05,142.06,141.95,90.0
202606231923,142.06,142.03,142.08,141.99,70.0
202606231924,142.04,142.02,142.04,141.93,36.0
202606231925,142.02,142.03,142.04,142.0,45.0
202606231926,142.01,142.09,142.11,142.0,87.0
202606231927,142.11,142.09,142.12,142.04,63.0
202606231928,142.07,142.07,142.12,142.05,59.0
202606231929,142.07,141.99,142.07,141.99,70.0
202606231930,142.0,141.93,142.02,141.93,95.0
202606231931,141.95,141.92,142.02,141.92,87.0
202606231932,141.92,141.89,141.92,141.85,80.0
202606231933,141.89,141.86,141.95,141.86,102.0
202606231934,141.84,141.82,141.84,141.79,68.0
202606231935,141.83,141.91,141.94,141.83,118.0
202606231936,141.93,141.86,141.93,141.79,111.0
202606231937,141.88,141.88,141.92,141.87,96.0
202606231938,141.88,141.85,141.89,141.83,107.0
202606231939,141.86,141.81,141.86,141.76,84.0
202606231940,141.81,141.89,141.91,141.8,106.0
202606231941,141.88,141.87,141.92,141.83,189.0
202606231942,141.88,141.9,142.01,141.87,67.0
202606231943,141.89,141.89,141.9,141.86,102.0
202606231944,141.88,141.86,141.9,141.84,90.0
202606231945,141.86,141.94,141.97,141.81,133.0
202606231946,141.93,141.91,141.96,141.9,114.0
202606231947,141.92,141.93,141.96,141.9,158.0
202606231948,141.92,141.97,141.98,141.92,129.0
202606231949,141.98,142.0,142.0,141.94,87.0
202606231950,142.0,142.03,142.13,141.94,234.0
202606231951,142.02,141.88,142.03,141.85,264.0
202606231952,141.89,141.94,142.01,141.85,372.0
202606231953,141.96,141.93,142.05,141.91,194.0
202606231954,141.93,142.05,142.09,141.9,333.0
202606231955,142.04,141.99,142.1,141.94,381.0
202606231956,142.0,142.11,142.12,141.97,400.0
202606231957,142.12,142.28,142.35,142.1,727.0
202606231958,142.28,142.29,142.36,142.24,850.0
202606231959,142.28,142.04,142.36,142.0,1951.0
202606232000,141.99,142.05,142.05,141.99,17596.0
202606232001,141.91,141.91,141.91,141.91,1.0
202606232002,141.91,141.91,141.91,141.91,0.0
202606232003,141.91,141.91,141.91,141.91,0.0
202606232004,141.91,141.91,141.91,141.91,0.0
202606232005,141.91,141.91,141.91,141.91,0.0
202606232006,141.91,141.91,141.91,141.91,0.0
202606232007,141.91,141.91,141.91,141.91,0.0
202606232008,141.91,141.91,141.91,141.91,0.0
202606232009,141.91,141.91,141.91,141.91,0.0
202606232010,141.91,141.91,141.91,141.91,0.0
202606232011,141.91,141.91,141.91,141.91,0.0
202606232012,141.91,141.91,141.91,141.91,0.0
202606232013,141.91,141.91,141.91,141.91,0.0
202606232014,141.91,141.91,141.91,141.91,0.0
202606232015,141.91,141.91,141.91,141.91,0.0
202606232016,141.91,141.91,141.91,141.91,0.0
202606232017,141.91,141.91,141.91,141.91,0.0
202606232018,141.91,141.91,141.91,141.91,0.0
202606232019,141.91,141.91,141.91,141.91,0.0
202606232020,141.91,141.91,141.91,141.91,0.0
202606232021,141.91,141.91,141.91,141.91,0.0
202606232022,141.91,141.91,141.91,141.91,0.0
202606232023,141.91,141.91,141.91,141.91,0.0
202606232024,141.91,141.91,141.91,141.91,0.0
202606232025,141.91,141.91,141.91,141.91,0.0
202606232026,141.91,141.91,141.91,141.91,0.0
202606232027,141.91,141.91,141.91,141.91,0.0
202606232028,141.91,141.91,141.91,141.91,0.0
202606232029,141.91,141.91,141.91,141.91,0.0
202606232030,141.91,141.91,141.91,141.91,0.0
202606232031,141.91,141.91,141.91,141.91,0.0
202606232032,141.91,141.91,141.91,141.91,0.0
202606232033,141.91,141.91,141.91,141.91,0.0
202606232034,141.91,141.91,141.91,141.91,0.0
202606232035,141.91,141.91,141.91,141.91,0.0
202606232036,141.91,141.91,141.91,141.91,0.0
202606232037,141.91,141.91,141.91,141.91,0.0
202606232038,141.91,141.91,141.91,141.91,0.0
202606232039,141.91,141.91,141.91,141.91,0.0
202606232040,141.91,141.91,141.91,141.91,0.0
202606232041,141.91,141.91,141.91,141.91,0.0
202606232042,141.91,141.91,141.91,141.91,0.0
202606232043,141.91,141.91,141.91,141.91,0.0
202606232044,141.91,141.91,141.91,141.91,0.0
202606232045,141.91,141.91,141.91,141.91,0.0
202606232046,141.91,141.91,141.91,141.91,0.0
202606232047,141.91,141.91,141.91,141.91,0.0
202606232048,141.91,141.91,141.91,141.91,0.0
202606232049,142.06,142.06,142.06,142.06,1.0
202606232050,142.06,142.06,142.06,142.06,0.0
202606232051,142.06,142.06,142.06,142.06,0.0
202606232052,142.06,142.06,142.06,142.06,0.0
202606232053,142.06,142.06,142.06,142.06,0.0
202606232054,142.06,142.06,142.06,142.06,0.0
202606232055,142.06,142.06,142.06,142.06,0.0
202606232056,142.06,142.06,142.06,142.06,0.0
202606232057,142.06,142.06,142.06,142.06,0.0
202606232058,142.06,142.06,142.06,142.06,0.0
202606232059,142.06,142.06,142.06,142.06,0.0
202606232100,142.06,142.06,142.06,142.06,0.0
202606232101,142.06,142.06,142.06,142.06,0.0
202606232102,142.06,142.06,142.06,142.06,0.0
202606232103,142.06,142.06,142.06,142.06,0.0
202606232104,142.06,142.06,142.06,142.06,0.0
202606232105,142.06,142.06,142.06,142.06,0.0
202606232106,142.06,142.06,142.06,142.06,0.0
202606232107,142.06,142.06,142.06,142.06,0.0
202606232108,142.06,142.06,142.06,142.06,0.0
202606232109,142.06,142.06,142.06,142.06,0.0
202606232110,142.06,142.06,142.06,142.06,0.0
202606232111,142.06,142.06,142.06,142.06,0.0
202606232112,142.06,142.06,142.06,142.06,0.0
202606232113,142.06,142.06,142.06,142.06,0.0
202606232114,142.06,142.06,142.06,142.06,0.0
202606232115,142.06,142.06,142.06,142.06,0.0
202606232116,142.06,142.06,142.06,142.06,0.0
202606232117,142.06,142.06,142.06,142.06,0.0
202606232118,142.06,142.06,142.06,142.06,0.0
202606232119,142.06,142.06,142.06,142.06,0.0
202606232120,142.06,142.06,142.06,142.06,0.0
202606232121,142.06,142.06,142.06,142.06,0.0
202606232122,142.06,142.06,142.06,142.06,0.0
202606232123,142.06,142.06,142.06,142.06,0.0
202606232124,142.06,142.06,142.06,142.06,0.0
202606232125,142.06,142.06,142.06,142.06,0.0
202606232126,142.06,142.06,142.06,142.06,0.0
202606232127,142.06,142.06,142.06,142.06,0.0
202606232128,142.06,142.06,142.06,142.06,0.0
202606232129,142.06,142.06,142.06,142.06,0.0
202606232130,142.06,142.06,142.06,142.06,0.0
202606232131,142.06,142.06,142.06,142.06,0.0
202606232132,142.06,142.06,142.06,142.06,0.0
202606232133,142.06,142.06,142.06,142.06,0.0
202606232134,142.06,142.06,142.06,142.06,0.0
202606232135,142.06,142.06,142.06,142.06,0.0
202606232136,142.06,142.06,142.06,142.06,0.0
202606232137,142.06,142.06,142.06,142.06,0.0
202606232138,142.06,142.06,142.06,142.06,0.0
202606232139,142.06,142.06,142.06,142.06,0.0
202606232140,142.06,142.06,142.06,142.06,0.0
202606232141,142.06,142.06,142.06,142.06,0.0
202606232142,142.06,142.06,142.06,142.06,0.0
202606232143,142.06,142.06,142.06,142.06,0.0
202606232144,142.06,142.06,142.06,142.06,0.0
202606232145,142.06,142.06,142.06,142.06,0.0
202606232146,142.06,142.06,142.06,142.06,0.0
202606232147,142.06,142.06,142.06,142.06,0.0
202606232148,142.06,142.06,142.06,142.06,0.0
202606232149,142.06,142.06,142.06,142.06,0.0
202606232150,142.06,142.06,142.06,142.06,0.0
202606232151,142.06,142.06,142.06,142.06,0.0
202606232152,142.06,142.06,142.06,142.06,0.0
202606232153,142.06,142.06,142.06,142.06,0.0
202606232154,142.06,142.06,142.06,142.06,0.0
202606232155,142.06,142.06,142.06,142.06,0.0
202606232156,142.06,142.06,142.06,142.06,0.0
202606232157,142.06,142.06,142.06,142.06,0.0
202606232158,142.06,142.06,142.06,142.06,0.0
202606232159,142.15,142.15,142.15,142.15,1.0
202606232200,142.15,142.15,142.15,142.15,0.0
202606232201,142.15,142.15,142.15,142.15,0.0
202606232202,142.15,142.15,142.15,142.15,0.0
202606232203,142.15,142.15,142.15,142.15,0.0
202606232204,142.15,142.15,142.15,142.15,0.0
202606232205,142.15,142.15,142.15,142.15,0.0
202606232206,142.15,142.15,142.15,142.15,0.0
202606232207,142.15,142.15,142.15,142.15,0.0
202606232208,142.15,142.15,142.15,142.15,0.0
202606232209,142.15,142.15,142.15,142.15,0.0
202606232210,142.15,142.15,142.15,142.15,0.0
202606232211,142.15,142.15,142.15,142.15,0.0
202606232212,142.15,142.15,142.15,142.15,0.0
202606232213,142.15,142.15,142.15,142.15,0.0
202606232214,142.15,142.15,142.15,142.15,0.0
202606232215,142.15,142.15,142.15,142.15,0.0
202606232216,142.15,142.15,142.15,142.15,0.0
202606232217,142.15,142.15,142.15,142.15,0.0
202606232218,142.15,142.15,142.15,142.15,0.0
202606232219,142.15,142.15,142.15,142.15,0.0
202606232220,142.05,142.05,142.05,142.05,15.0
202606232221,142.05,142.05,142.05,142.05,0.0
202606232222,142.05,142.05,142.05,142.05,0.0
202606232223,142.05,142.05,142.05,142.05,0.0
202606232224,142.05,142.05,142.05,142.05,0.0
202606232225,142.05,142.05,142.05,142.05,0.0
202606232226,142.05,142.05,142.05,142.05,0.0
202606232227,142.06,142.06,142.06,142.06,1.0
202606232228,142.06,142.06,142.06,142.06,0.0
202606232229,142.06,142.06,142.06,142.06,0.0
202606232230,142.06,142.06,142.06,142.06,0.0
202606232231,142.06,142.06,142.06,142.06,0.0
202606232232,142.06,142.06,142.06,142.06,0.0
202606232233,142.06,142.06,142.06,142.06,0.0
202606232234,142.06,142.06,142.06,142.06,0.0
202606232235,142.06,142.06,142.06,142.06,0.0
202606232236,142.18,142.18,142.18,142.18,1.0
202606232237,142.18,142.18,142.18,142.18,0.0
202606232238,142.18,142.18,142.18,142.18,0.0
202606232239,142.18,142.18,142.18,142.18,0.0
202606232240,142.18,142.18,142.18,142.18,0.0
202606232241,142.18,142.18,142.18,142.18,0.0
202606232242,142.18,142.18,142.18,142.18,0.0
202606232243,142.18,142.18,142.18,142.18,0.0
202606232244,142.18,142.18,142.18,142.18,0.0
202606232245,142.18,142.18,142.18,142.18,0.0
202606232246,142.18,142.18,142.18,142.18,0.0
202606232247,142.18,142.18,142.18,142.18,0.0
202606232248,142.18,142.18,142.18,142.18,0.0
202606232249,142.18,142.18,142.18,142.18,0.0
202606232250,142.18,142.18,142.18,142.18,0.0
202606232251,142.18,142.18,142.18,142.18,0.0
202606232252,142.18,142.18,142.18,142.18,0.0
202606232253,142.18,142.18,142.18,142.18,0.0
202606232254,142.18,142.18,142.18,142.18,0.0
202606232255,142.18,142.18,142.18,142.18,0.0
202606232256,142.18,142.18,142.18,142.18,0.0
202606232257,142.18,142.18,142.18,142.18,0.0
202606232258,142.18,142.18,142.18,142.18,0.0
202606232259,142.18,142.18,142.18,142.18,0.0
202606232300,142.18,142.18,142.18,142.18,0.0
202606232301,142.18,142.18,142.18,142.18,0.0
202606232302,142.18,142.18,142.18,142.18,0.0
202606232303,142.1,142.1,142.1,142.1,1.0
202606232304,142.17,142.17,142.17,142.17,1.0
202606232305,142.17,142.17,142.17,142.17,0.0
202606232306,142.17,142.17,142.17,142.17,0.0
202606232307,142.17,142.17,142.17,142.17,0.0
202606232308,142.17,142.17,142.17,142.17,0.0
202606232309,142.17,142.17,142.17,142.17,0.0
202606232310,142.17,142.17,142.17,142.17,0.0
202606232311,142.17,142.17,142.17,142.17,0.0
202606232312,142.17,142.17,142.17,142.17,0.0
202606232313,142.17,142.17,142.17,142.17,0.0
202606232314,142.17,142.17,142.17,142.17,0.0
202606232315,142.17,142.17,142.17,142.17,0.0
202606232316,142.17,142.17,142.17,142.17,0.0
202606232317,142.17,142.17,142.17,142.17,0.0
202606232318,142.17,142.17,142.17,142.17,0.0
202606232319,142.17,142.17,142.17,142.17,0.0
202606232320,142.17,142.17,142.17,142.17,0.0
202606232321,142.17,142.17,142.17,142.17,0.0
202606232322,142.17,142.17,142.17,142.17,0.0
202606232323,142.17,142.17,142.17,142.17,0.0
202606232324,142.17,142.17,142.17,142.17,0.0
202606232325,142.17,142.17,142.17,142.17,0.0
202606232326,142.17,142.17,142.17,142.17,0.0
202606232327,142.17,142.17,142.17,142.17,0.0
202606232328,142.17,142.17,142.17,142.17,0.0
202606232329,142.17,142.17,142.17,142.17,0.0
202606232330,142.17,142.17,142.17,142.17,0.0
202606232331,142.17,142.17,142.17,142.17,0.0
202606232332,142.17,142.17,142.17,142.17,0.0
202606232333,142.17,142.17,142.17,142.17,0.0
202606232334,142.17,142.17,142.17,142.17,0.0
202606232335,142.17,142.17,142.17,142.17,0.0
202606232336,142.17,142.17,142.17,142.17,0.0
202606232337,142.17,142.17,142.17,142.17,0.0
202606232338,142.17,142.17,142.17,142.17,0.0
202606232339,142.17,142.17,142.17,142.17,0.0
202606232340,142.17,142.17,142.17,142.17,0.0
202606232341,142.17,142.17,142.17,142.17,0.0
202606232342,142.17,142.17,142.17,142.17,0.0
202606232343,142.17,142.17,142.17,142.17,0.0
202606232344,142.17,142.17,142.17,142.17,0.0
202606232345,142.17,142.17,142.17,142.17,0.0
202606232346,142.17,142.17,142.17,142.17,0.0
202606232347,142.17,142.17,142.17,142.17,0.0
202606232348,142.17,142.17,142.17,142.17,0.0
202606232349,142.17,142.17,142.17,142.17,0.0
202606232350,142.17,142.17,142.17,142.17,0.0
202606232351,142.17,142.17,142.17,142.17,0.0
202606232352,142.17,142.17,142.17,142.17,0.0
202606232353,142.17,142.17,142.17,142.17,0.0
202606232354,142.17,142.17,142.17,142.17,0.0
202606232355,142.17,142.17,142.17,142.17,0.0
202606232356,142.17,142.17,142.17,142.17,0.0
202606232357,142.17,142.17,142.17,142.17,0.0
202606232358,142.17,142.17,142.17,142.17,0.0
202606232359,142.17,142.17,142.17,142.17,0.0
202606240800,141.2197,142.218,142.3888,140.8767,0.0
202606240801,141.8,141.0,142.29,141.0,0.0
202606240809,141.71,142.06,142.06,141.14,0.0
202606240814,140.9712,140.9712,140.9712,140.9712,0.0
202606240819,141.7,141.75,141.75,141.7,0.0
202606240821,141.72,141.72,141.72,141.72,0.0
202606240825,141.52,141.5,141.52,141.5,0.0
202606240826,141.82,141.82,141.82,141.82,0.0
202606240830,142.08,142.08,142.08,142.08,0.0
202606240831,141.82,141.82,141.82,141.82,0.0
202606240837,141.46,141.46,141.46,141.46,0.0
202606240845,141.46,141.46,141.46,141.46,0.0
202606240915,141.46,141.46,141.46,141.46,0.0
202606240919,141.48,141.48,141.48,141.48,0.0
202606240927,141.92,141.92,141.92,141.92,0.0
202606240933,141.84,141.84,141.84,141.84,0.0
202606240940,141.49,141.47,141.49,141.47,0.0
202606240943,141.3,141.3,141.3,141.3,0.0
202606240955,142.0,142.0,142.0,142.0,0.0
202606241000,141.65,141.65,141.65,141.65,0.0
202606241007,140.988,140.988,140.988,140.988,0.0
202606241009,142.0519,142.0519,142.0519,142.0519,0.0
202606241011,142.0,142.0,142.0,142.0,0.0
202606241012,141.87,141.58,141.87,141.58,0.0
202606241048,141.73,141.73,141.73,141.73,0.0
202606241053,141.59,141.58,141.59,141.58,0.0
202606241058,141.76,141.77,141.77,141.76,0.0
202606241100,141.54,141.79,142.0788,141.54,0.0
202606241103,141.88,141.88,141.88,141.88,0.0
202606241105,141.88,141.71,141.88,141.71,0.0
202606241107,141.5012,141.5012,141.5012,141.5012,0.0
202606241112,141.71,141.71,141.71,141.71,0.0
202606241114,141.99,142.0,142.0,141.99,0.0
202606241123,141.97,142.09,142.09,141.97,0.0
202606241124,142.12,142.12,142.12,142.12,0.0
202606241125,142.08,142.08,142.08,142.08,0.0
202606241128,142.06,142.1,142.1,142.06,0.0
202606241129,142.08,142.08,142.08,142.08,0.0
202606241131,142.06,142.06,142.06,142.06,0.0
202606241138,142.11,142.11,142.11,142.11,0.0
202606241145,142.06,142.06,142.06,142.06,0.0
202606241151,142.12,142.12,142.12,142.12,0.0
202606241157,141.5282,141.5282,141.5282,141.5282,0.0
202606241200,142.0,142.0,142.0,142.0,0.0
202606241204,142.0,142.0,142.0,142.0,0.0
202606241211,142.06,141.5,142.06,141.5,0.0
202606241214,142.04,142.04,142.04,142.04,0.0
202606241216,142.06,142.06,142.06,142.06,0.0
202606241221,142.06,142.11,142.11,142.06,0.0
202606241226,142.06,142.06,142.06,142.06,0.0
202606241228,142.0,142.0,142.0,142.0,0.0
202606241229,142.0,142.0,142.0,142.0,0.0
202606241232,142.0,142.0,142.0,142.0,0.0
202606241234,142.0,142.0,142.0,142.0,0.0
202606241235,142.1188,142.1188,142.1188,142.1188,0.0
202606241242,142.1188,142.1188,142.1188,142.1188,0.0
202606241244,142.11,141.76,142.11,141.76,0.0
202606241246,141.9,141.9,141.9,141.9,0.0
202606241247,141.9,142.12,142.12,141.9,0.0
202606241251,141.97,141.97,141.97,141.97,0.0
202606241256,141.89,141.89,141.89,141.89,0.0
202606241257,141.86,141.5097,141.86,141.5097,0.0
202606241258,141.83,141.83,141.83,141.83,0.0
202606241259,141.82,141.82,141.82,141.82,0.0
202606241301,141.81,141.81,141.81,141.81,0.0
202606241304,141.99,141.99,141.99,141.99,0.0
202606241306,142.04,142.05,142.05,142.04,0.0
202606241307,142.01,142.01,142.01,142.01,0.0
202606241308,142.1045,142.1045,142.1045,142.1045,0.0
202606241309,142.11,142.12,142.12,141.91,0.0
202606241310,141.91,141.91,141.91,141.91,0.0
202606241313,142.14,142.77,142.77,142.14,0.0
202606241314,141.99,141.99,141.99,141.99,0.0
202606241318,142.14,142.0,142.77,141.5,0.0
202606241319,142.0,142.0,142.0,142.0,0.0
202606241320,142.6088,142.6088,142.6088,142.6088,0.0
202606241322,141.55,141.55,141.55,141.55,0.0
202606241323,142.39,142.39,142.39,142.39,0.0
202606241325,142.76,142.46,142.83,142.37,0.0
202606241326,142.7051,142.7051,142.7051,142.7051,0.0
202606241329,142.05,142.07,142.09,142.05,0.0
202606241330,142.27000427246094,142.1300048828125,142.42999267578125,142.07000732421875,178697.0
202606241331,142.14199829101562,142.19000244140625,142.2449951171875,141.6699981689453,17535.0
202606241332,142.14999389648438,142.2100067138672,142.2449951171875,141.9499969482422,8732.0
202606241333,142.25999450683594,142.55499267578125,142.5850067138672,142.25999450683594,12725.0
202606241334,142.64999389648438,142.69000244140625,142.80999755859375,142.58999633789062,9614.0
202606241335,142.72999572753906,142.77999877929688,142.94000244140625,142.72999572753906,6619.0
202606241336,142.85000610351562,142.9149932861328,142.9199981689453,142.79359436035156,9152.0
202606241337,142.99000549316406,143.0449981689453,143.11000061035156,142.96490478515625,15883.0
202606241338,142.98500061035156,143.2449951171875,143.2449951171875,142.98500061035156,9267.0
202606241339,143.2449951171875,143.11000061035156,143.25,143.10499572753906,15711.0
202606241340,143.1699981689453,143.19000244140625,143.35000610351562,143.0,35446.0
202606241341,143.08799743652344,143.3300018310547,143.33599853515625,143.08799743652344,14147.0
202606241342,143.2899932861328,143.30999755859375,143.3699951171875,143.2899932861328,11532.0
202606241343,143.32000732421875,143.36000061035156,143.41000366210938,143.27000427246094,13546.0
202606241344,143.42999267578125,143.52000427246094,143.52999877929688,143.33999633789062,16015.0
202606241345,143.50999450683594,143.25999450683594,143.5500030517578,143.1999969482422,14341.0
202606241346,143.19000244140625,142.6699981689453,143.19000244140625,142.6699981689453,13103.0
202606241347,142.7050018310547,142.88999938964844,142.91000366210938,142.6300048828125,9250.0
202606241348,142.9199981689453,142.82000732421875,143.0500030517578,142.82000732421875,11926.0
202606241349,142.75,142.8800048828125,142.97000122070312,142.72000122070312,21630.0
202606241350,142.75,142.6300048828125,142.77999877929688,142.5800018310547,10487.0
202606241351,142.69000244140625,142.5500030517578,142.75999450683594,142.5399932861328,12608.0
202606241352,142.55999755859375,142.63499450683594,142.6649932861328,142.55999755859375,9570.0
202606241353,142.58999633789062,142.5399932861328,142.67999267578125,142.52000427246094,16722.0
202606241354,142.53500366210938,142.57000732421875,142.72999572753906,142.5,8752.0
202606241355,142.5749969482422,142.59500122070312,142.7899932861328,142.5749969482422,10508.0
202606241356,142.67999267578125,142.84500122070312,142.8699951171875,142.6750030517578,13528.0
202606241357,142.80999755859375,142.86500549316406,142.8699951171875,142.7324981689453,22137.0
202606241358,142.85000610351562,142.88999938964844,142.9759979248047,142.85000610351562,30078.0
202606241359,142.88999938964844,142.80999755859375,142.89999389648438,142.63499450683594,20307.0
202606241400,142.83999633789062,143.02000427246094,143.05999755859375,142.83999633789062,17398.0
202606241401,143.02000427246094,142.82000732421875,143.1300048828125,142.81500244140625,34199.0
202606241402,142.91000366210938,142.84500122070312,143.1199951171875,142.84500122070312,20335.0
202606241403,142.85499572753906,142.89999389648438,142.9600067138672,142.77999877929688,9443.0
202606241404,142.86000061035156,142.8699951171875,142.939697265625,142.85000610351562,5550.0
202606241405,142.875,142.72999572753906,142.875,142.63999938964844,14068.0
202606241406,142.7550048828125,142.56500244140625,142.7550048828125,142.47999572753906,12925.0
202606241407,142.56500244140625,142.64999389648438,142.6999969482422,142.52999877929688,11060.0
202606241408,142.6199951171875,142.4199981689453,142.6300048828125,142.4199981689453,17204.0
202606241409,142.4199981689453,142.5449981689453,142.5699005126953,142.40550231933594,9418.0
202606241410,142.4949951171875,142.61000061035156,142.61000061035156,142.39500427246094,19592.0
202606241411,142.60000610351562,142.68499755859375,142.68499755859375,142.55999755859375,7335.0
202606241412,142.6999969482422,142.92999267578125,142.92999267578125,142.6999969482422,19736.0
202606241413,142.91000366210938,142.88499450683594,142.9600067138672,142.85000610351562,16062.0
202606241414,142.85060119628906,142.73500061035156,142.85060119628906,142.7100067138672,7371.0
202606241415,142.76499938964844,142.99000549316406,142.99000549316406,142.73500061035156,6176.0
202606241416,143.00990295410156,143.25999450683594,143.27999877929688,143.00990295410156,14434.0
202606241417,143.25,143.27000427246094,143.2899932861328,143.24000549316406,15428.0
202606241418,143.22999572753906,143.1999969482422,143.22999572753906,143.0749969482422,17365.0
202606241419,143.18499755859375,143.24000549316406,143.2899932861328,143.14999389648438,10718.0
202606241420,143.2550048828125,143.22500610351562,143.3350067138672,143.22500610351562,19305.0
202606241421,143.2550048828125,143.19000244140625,143.30499267578125,143.1699981689453,21669.0
202606241422,143.1999969482422,143.18780517578125,143.22000122070312,143.11000061035156,9588.0
202606241423,143.19500732421875,143.0800018310547,143.2100067138672,143.0749969482422,8982.0
202606241424,143.11000061035156,143.10000610351562,143.1300048828125,143.07000732421875,6691.0
202606241425,143.1699981689453,143.0500030517578,143.1699981689453,143.0500030517578,9680.0
202606241426,143.0749969482422,143.02499389648438,143.0800018310547,142.98500061035156,10163.0
202606241427,143.0,143.02000427246094,143.0399932861328,142.94000244140625,14170.0
202606241428,143.05990600585938,142.91000366210938,143.05990600585938,142.88499450683594,7314.0
202606241429,142.8800048828125,142.75999450683594,142.8800048828125,142.7550048828125,7633.0
202606241430,142.77000427246094,142.83999633789062,142.83999633789062,142.75,9692.0
202606241431,142.85000610351562,142.72999572753906,142.86500549316406,142.7100067138672,12078.0
202606241432,142.8000030517578,142.81500244140625,142.85000610351562,142.77999877929688,5697.0
202606241433,142.82000732421875,142.75,142.85000610351562,142.72999572753906,16073.0
202606241434,142.73500061035156,142.4499969482422,142.75999450683594,142.4499969482422,26867.0
202606241435,142.48959350585938,142.38499450683594,142.48959350585938,142.38499450683594,13316.0
202606241436,142.41000366210938,142.47999572753906,142.5449981689453,142.41000366210938,12679.0
202606241437,142.49000549316406,142.47999572753906,142.5399932861328,142.4550018310547,13183.0
202606241438,142.5,142.4550018310547,142.50999450683594,142.42999267578125,17181.0
202606241439,142.4600067138672,142.47500610351562,142.5399932861328,142.4499969482422,8739.0
202606241440,142.47999572753906,142.57000732421875,142.5800018310547,142.47999572753906,9456.0
202606241441,142.5800018310547,142.58999633789062,142.64999389648438,142.5800018310547,11985.0
202606241442,142.59500122070312,142.5800018310547,142.60000610351562,142.55999755859375,6857.0
202606241443,142.55999755859375,142.52499389648438,142.57000732421875,142.51499938964844,11778.0
202606241444,142.51499938964844,142.4250030517578,142.51499938964844,142.4250030517578,10715.0
202606241445,142.47000122070312,142.44000244140625,142.47999572753906,142.42999267578125,8420.0
202606241446,142.4199981689453,142.3300018310547,142.4250030517578,142.28500366210938,18195.0
202606241447,142.36000061035156,142.25999450683594,142.36000061035156,142.22999572753906,7254.0
202606241448,142.2899932861328,142.36000061035156,142.38999938964844,142.2899932861328,20539.0
202606241449,142.33999633789062,142.36000061035156,142.41000366210938,142.33999633789062,12616.0
202606241450,142.3699951171875,142.49000549316406,142.49000549316406,142.35000610351562,19594.0
202606241451,142.50999450683594,142.6999969482422,142.6999969482422,142.50999450683594,17458.0
202606241452,142.7050018310547,142.77499389648438,142.77499389648438,142.7050018310547,6776.0
202606241453,142.7899932861328,142.81500244140625,142.8350067138672,142.77999877929688,6771.0
202606241454,142.83999633789062,143.02499389648438,143.02499389648438,142.80999755859375,13808.0
202606241455,143.03050231933594,143.07000732421875,143.0850067138672,143.02499389648438,12177.0
202606241456,143.07290649414062,142.93499755859375,143.07290649414062,142.93499755859375,15397.0
202606241457,142.93499755859375,142.98500061035156,143.02999877929688,142.89500427246094,13495.0
202606241458,142.97500610351562,142.88499450683594,142.97500610351562,142.8603057861328,8644.0
202606241459,142.9199981689453,142.84500122070312,142.9799041748047,142.81500244140625,12208.0
202606241500,142.8699951171875,143.0449981689453,143.05999755859375,142.83999633789062,25127.0
202606241501,143.0449981689453,143.0800018310547,143.0800018310547,143.02000427246094,9046.0
202606241502,143.07000732421875,143.0,143.0800018310547,142.97500610351562,38138.0
202606241503,143.02000427246094,142.98500061035156,143.0449981689453,142.96499633789062,8745.0
202606241504,142.97000122070312,142.88999938964844,142.99029541015625,142.88999938964844,9177.0
202606241505,142.87010192871094,142.9499969482422,142.9499969482422,142.8350067138672,8388.0
202606241506,142.94000244140625,142.9949951171875,143.00990295410156,142.94000244140625,8901.0
202606241507,143.00999450683594,143.10000610351562,143.1300048828125,143.00999450683594,18798.0
202606241508,143.0800018310547,143.07000732421875,143.10000610351562,143.02999877929688,9422.0
202606241509,143.05999755859375,143.02999877929688,143.0800018310547,142.94000244140625,23539.0
202606241510,143.02499389648438,143.22999572753906,143.22999572753906,142.99000549316406,31834.0
202606241511,143.24000549316406,143.1300048828125,143.24000549316406,143.1300048828125,12604.0
202606241512,143.13499450683594,143.1999969482422,143.22999572753906,143.13499450683594,13959.0
202606241513,143.1999969482422,143.13999938964844,143.1999969482422,143.1300048828125,10212.0
202606241514,143.14999389648438,143.08999633789062,143.16000366210938,143.0449981689453,15474.0
202606241515,143.11000061035156,143.1649932861328,143.1699981689453,143.08999633789062,11648.0
202606241516,143.1699981689453,143.19000244140625,143.1999969482422,143.16000366210938,5841.0
202606241517,143.1999969482422,143.27999877929688,143.27999877929688,143.1999969482422,8675.0
202606241518,143.27000427246094,143.2899932861328,143.33749389648438,143.25,17914.0
202606241519,143.30499267578125,143.38499450683594,143.49000549316406,143.2899932861328,40660.0
202606241520,143.36500549316406,143.49000549316406,143.52999877929688,143.33999633789062,22168.0
202606241521,143.5,143.52000427246094,143.5500030517578,143.5,4993.0
202606241522,143.53500366210938,143.5399932861328,143.5800018310547,143.50999450683594,21762.0
202606241523,143.58999633789062,143.69000244140625,143.72999572753906,143.55999755859375,13822.0
202606241524,143.6999969482422,143.69000244140625,143.74000549316406,143.69000244140625,8045.0
202606241525,143.67999267578125,143.5050048828125,143.67999267578125,143.5050048828125,13289.0
202606241526,143.5,143.48989868164062,143.5,143.42999267578125,7285.0
202606241527,143.48500061035156,143.5399932861328,143.5399932861328,143.47000122070312,4853.0
202606241528,143.5399932861328,143.4199981689453,143.5399932861328,143.4149932861328,4910.0
202606241529,143.43499755859375,143.4250030517578,143.43499755859375,143.375,16408.0
202606241530,143.44000244140625,143.5399932861328,143.54989624023438,143.40499877929688,13087.0
202606241531,143.5500030517578,143.56500244140625,143.56500244140625,143.52999877929688,12691.0
202606241532,143.5749969482422,143.6199951171875,143.64999389648438,143.5749969482422,18362.0
202606241533,143.60499572753906,143.57009887695312,143.61000061035156,143.57009887695312,5515.0
202606241534,143.55999755859375,143.50999450683594,143.55999755859375,143.50999450683594,4063.0
202606241535,143.52139282226562,143.39999389648438,143.52139282226562,143.3800048828125,9671.0
202606241536,143.39999389648438,143.38999938964844,143.40499877929688,143.3350067138672,26994.0
202606241537,143.3800048828125,143.36500549316406,143.3800048828125,143.36500549316406,3959.0
202606241538,143.3800048828125,143.3699951171875,143.3800048828125,143.3699951171875,4068.0
202606241539,143.38999938964844,143.39230346679688,143.42999267578125,143.38999938964844,8749.0
202606241540,143.38999938964844,143.2949981689453,143.38999938964844,143.2949981689453,12444.0
202606241541,143.2949981689453,143.31500244140625,143.32000732421875,143.2550048828125,14992.0
202606241542,143.3300018310547,143.36000061035156,143.38540649414062,143.3300018310547,4898.0
202606241543,143.35000610351562,143.4149932861328,143.4199981689453,143.35000610351562,6265.0
202606241544,143.43499755859375,143.41000366210938,143.52499389648438,143.41000366210938,7853.0
202606241545,143.4199981689453,143.42999267578125,143.4499969482422,143.40769958496094,5809.0
202606241546,143.4600067138672,143.47999572753906,143.47999572753906,143.43499755859375,3961.0
202606241547,143.47500610351562,143.4149932861328,143.47500610351562,143.41000366210938,5303.0
202606241548,143.39999389648438,143.43499755859375,143.4499969482422,143.38499450683594,6491.0
202606241549,143.41000366210938,143.27000427246094,143.41000366210938,143.27000427246094,6044.0
202606241550,143.3000030517578,143.33999633789062,143.33999633789062,143.3000030517578,8263.0
202606241551,143.3551025390625,143.27000427246094,143.3551025390625,143.27000427246094,5377.0
202606241552,143.27499389648438,143.2449951171875,143.27499389648438,143.17999267578125,8824.0
202606241553,143.25,143.25999450683594,143.2899932861328,143.25,5511.0
202606241554,143.25999450683594,143.18499755859375,143.25999450683594,143.1300048828125,8565.0
202606241555,143.17999267578125,143.10000610351562,143.17999267578125,143.08999633789062,6547.0
202606241556,143.11500549316406,143.11000061035156,143.1699981689453,143.08999633789062,11390.0
202606241557,143.11000061035156,143.13999938964844,143.13999938964844,143.0800018310547,8723.0
202606241558,143.16000366210938,143.1710968017578,143.17999267578125,143.14999389648438,6692.0
202606241559,143.1699981689453,143.1699981689453,143.1699981689453,143.14549255371094,6040.0
202606241600,143.19000244140625,143.17559814453125,143.19000244140625,143.14999389648438,8842.0
202606241601,143.14500427246094,143.11500549316406,143.14999389648438,143.11000061035156,13590.0
202606241602,143.1199951171875,143.15499877929688,143.1699981689453,143.11000061035156,8455.0
202606241603,143.16000366210938,143.11000061035156,143.17059326171875,143.11000061035156,6202.0
202606241604,143.11000061035156,143.1699981689453,143.1999969482422,143.11000061035156,6814.0
202606241605,143.1699981689453,143.22999572753906,143.27000427246094,143.1699981689453,9192.0
202606241606,143.22999572753906,143.25,143.2899932861328,143.22999572753906,6655.0
202606241607,143.2449951171875,143.2899932861328,143.2899932861328,143.21499633789062,4394.0
202606241608,143.30499267578125,143.30499267578125,143.30499267578125,143.26499938964844,5341.0
202606241609,143.3199005126953,143.25,143.32000732421875,143.23019409179688,3994.0
202606241610,143.27000427246094,143.27999877929688,143.35499572753906,143.27000427246094,12205.0
202606241611,143.32000732421875,143.35000610351562,143.35000610351562,143.27999877929688,7016.0
202606241612,143.35000610351562,143.32000732421875,143.35000610351562,143.3000030517578,4148.0
202606241613,143.3300018310547,143.34500122070312,143.375,143.3300018310547,25186.0
202606241614,143.3300018310547,143.35499572753906,143.35499572753906,143.2949981689453,15883.0
202606241615,143.35499572753906,143.39999389648438,143.41000366210938,143.35499572753906,4745.0
202606241616,143.39999389648438,143.3800048828125,143.41029357910156,143.36000061035156,13659.0
202606241617,143.38999938964844,143.41900634765625,143.4199981689453,143.38999938964844,3744.0
202606241618,143.41000366210938,143.39999389648438,143.43499755859375,143.39999389648438,6945.0
202606241619,143.36000061035156,143.3677978515625,143.38999938964844,143.36000061035156,5087.0
202606241620,143.36500549316406,143.3000030517578,143.36500549316406,143.2783966064453,8296.0
202606241621,143.27000427246094,143.27000427246094,143.27499389648438,143.25,6948.0
202606241622,143.27000427246094,143.21499633789062,143.27000427246094,143.21499633789062,3370.0
202606241623,143.22000122070312,143.22000122070312,143.22999572753906,143.2100067138672,4182.0
202606241624,143.22000122070312,143.1699981689453,143.22000122070312,143.1699981689453,6266.0
202606241625,143.17999267578125,143.17999267578125,143.19000244140625,143.17999267578125,3514.0
202606241626,143.1750030517578,143.17999267578125,143.1999969482422,143.1750030517578,5226.0
202606241627,143.1699981689453,143.1300048828125,143.1699981689453,143.1300048828125,5359.0
202606241628,143.14999389648438,143.09500122070312,143.14999389648438,143.0850067138672,5466.0
202606241629,143.10009765625,143.1199951171875,143.1300048828125,143.0850067138672,4629.0
202606241630,143.1300048828125,143.1999969482422,143.1999969482422,143.1300048828125,7714.0
202606241631,143.19000244140625,143.2899932861328,143.2899932861328,143.19000244140625,8134.0
202606241632,143.27999877929688,143.24000549316406,143.27999877929688,143.24000549316406,3340.0
202606241633,143.22999572753906,143.25999450683594,143.25999450683594,143.22999572753906,5228.0
202606241634,143.25999450683594,143.24009704589844,143.28500366210938,143.24009704589844,4418.0
202606241635,143.2550048828125,143.22000122070312,143.2550048828125,143.22000122070312,4388.0
202606241636,143.22000122070312,143.2899932861328,143.2899932861328,143.22000122070312,11439.0
202606241637,143.2899932861328,143.28500366210938,143.3300018310547,143.25999450683594,10992.0
202606241638,143.27000427246094,143.22000122070312,143.27000427246094,143.2100067138672,10829.0
202606241639,143.22000122070312,143.22500610351562,143.22500610351562,143.2100067138672,2966.0
202606241640,143.2100067138672,143.05999755859375,143.2100067138672,143.05999755859375,8664.0
202606241641,143.07000732421875,143.0800018310547,143.09500122070312,143.00999450683594,16115.0
202606241642,143.10000610351562,143.12950134277344,143.13999938964844,143.10000610351562,6069.0
202606241643,143.10000610351562,143.0,143.10000610351562,143.0,3705.0
202606241644,142.9600067138672,142.92019653320312,142.97000122070312,142.92019653320312,11668.0
202606241645,142.85499572753906,142.82000732421875,142.85499572753906,142.77000427246094,6931.0
202606241646,142.80999755859375,142.8000030517578,142.80999755859375,142.77999877929688,4452.0
202606241647,142.82000732421875,142.76499938964844,142.8300018310547,142.75999450683594,7755.0
202606241648,142.80999755859375,142.8300018310547,142.8300018310547,142.8000030517578,3244.0
202606241649,142.8300018310547,142.86000061035156,142.86810302734375,142.8300018310547,6899.0
202606241650,142.8699951171875,142.8778076171875,142.87989807128906,142.8699951171875,3580.0
202606241651,142.88999938964844,142.75999450683594,142.88999938964844,142.75999450683594,6445.0
202606241652,142.75,142.73500061035156,142.77000427246094,142.73500061035156,10560.0
202606241653,142.7100067138672,142.6999969482422,142.72999572753906,142.6829071044922,2344.0
202606241654,142.7100067138672,142.7050018310547,142.7100067138672,142.69500732421875,3642.0
202606241655,142.7100067138672,142.7100067138672,142.7100067138672,142.7100067138672,4810.0
202606241656,142.69000244140625,142.7100067138672,142.7100067138672,142.6699981689453,5081.0
202606241657,142.72000122070312,142.60000610351562,142.72000122070312,142.60000610351562,9260.0
202606241658,142.60499572753906,142.61000061035156,142.6199951171875,142.60499572753906,2181.0
202606241659,142.60499572753906,142.6300048828125,142.6300048828125,142.60499572753906,4341.0
202606241700,142.63999938964844,142.6199951171875,142.6699981689453,142.6199951171875,5969.0
202606241701,142.6199951171875,142.64999389648438,142.64999389648438,142.60000610351562,8904.0
202606241702,142.6699981689453,142.67999267578125,142.67999267578125,142.6649932861328,6323.0
202606241703,142.65020751953125,142.6199951171875,142.65020751953125,142.6199951171875,2660.0
202606241704,142.57000732421875,142.52999877929688,142.57000732421875,142.52999877929688,6082.0
202606241705,142.5399932861328,142.5399932861328,142.55999755859375,142.52000427246094,6302.0
202606241706,142.55499267578125,142.63999938964844,142.63999938964844,142.55499267578125,5684.0
202606241707,142.63999938964844,142.60000610351562,142.64500427246094,142.60000610351562,8691.0
202606241708,142.58999633789062,142.5800018310547,142.58999633789062,142.5800018310547,4155.0
202606241709,142.5800018310547,142.58999633789062,142.58999633789062,142.55999755859375,4957.0
202606241710,142.57000732421875,142.55999755859375,142.5800018310547,142.55999755859375,5695.0
202606241711,142.57000732421875,142.58999633789062,142.60000610351562,142.57000732421875,10172.0
202606241712,142.60000610351562,142.57000732421875,142.60000610351562,142.560302734375,3109.0
202606241713,142.5749969482422,142.5800018310547,142.60499572753906,142.55999755859375,4323.0
202606241714,142.5399932861328,142.50999450683594,142.5449981689453,142.50999450683594,4277.0
202606241715,142.52499389648438,142.5,142.52499389648438,142.48500061035156,5074.0
202606241716,142.49000549316406,142.4949951171875,142.5,142.4499969482422,14102.0
202606241717,142.47000122070312,142.47999572753906,142.5,142.47000122070312,6824.0
202606241718,142.49000549316406,142.5,142.5299072265625,142.49000549316406,6157.0
202606241719,142.44500732421875,142.46499633789062,142.47000122070312,142.4149932861328,9938.0
202606241720,142.47000122070312,142.4250030517578,142.47000122070312,142.4250030517578,4266.0
202606241721,142.44509887695312,142.4600067138672,142.47000122070312,142.44509887695312,6368.0
202606241722,142.4499969482422,142.39019775390625,142.4600067138672,142.3800048828125,9082.0
202606241723,142.360107421875,142.38999938964844,142.39999389648438,142.34500122070312,7671.0
202606241724,142.4199981689453,142.42999267578125,142.42999267578125,142.38999938964844,5423.0
202606241725,142.42999267578125,142.47000122070312,142.5449981689453,142.42999267578125,12891.0
202606241726,142.47999572753906,142.33999633789062,142.47999572753906,142.33900451660156,6095.0
202606241727,142.34500122070312,142.30999755859375,142.34500122070312,142.30999755859375,4713.0
202606241728,142.32009887695312,142.27000427246094,142.32009887695312,142.27000427246094,6168.0
202606241729,142.25,142.1999969482422,142.25,142.18899536132812,8017.0
202606241730,142.19500732421875,142.2899932861328,142.2899932861328,142.19500732421875,7572.0
202606241731,142.27000427246094,142.2899932861328,142.32000732421875,142.25999450683594,7751.0
202606241732,142.27000427246094,142.23500061035156,142.27000427246094,142.22999572753906,6768.0
202606241733,142.2100067138672,142.2550048828125,142.28500366210938,142.2100067138672,7384.0
202606241734,142.27999877929688,142.22000122070312,142.27999877929688,142.2100067138672,1966.0
202606241735,142.21499633789062,142.11000061035156,142.21499633789062,142.11000061035156,8817.0
202606241736,142.10000610351562,142.10000610351562,142.11000061035156,142.0500030517578,11953.0
202606241737,142.09500122070312,142.09500122070312,142.09500122070312,142.09500122070312,3149.0
202606241738,142.14500427246094,142.17999267578125,142.18499755859375,142.14500427246094,7818.0
202606241739,142.15499877929688,142.19000244140625,142.24000549316406,142.14999389648438,12866.0
202606241740,142.24000549316406,142.22000122070312,142.25,142.2050018310547,6772.0
202606241741,142.19000244140625,142.05999755859375,142.19000244140625,142.05999755859375,11186.0
202606241742,142.06500244140625,142.0,142.0800018310547,142.0,18724.0
202606241743,141.99749755859375,142.07009887695312,142.0706024169922,141.97500610351562,12538.0
202606241744,142.07000732421875,142.02000427246094,142.07000732421875,141.99000549316406,16449.0
202606241745,142.02499389648438,142.07000732421875,142.08999633789062,142.0200958251953,10899.0
202606241746,142.07000732421875,141.9906005859375,142.08999633789062,141.97999572753906,20911.0
202606241747,142.0321044921875,142.0050048828125,142.03500366210938,141.98500061035156,13858.0
202606241748,142.03500366210938,142.02999877929688,142.05999755859375,142.0,11652.0
202606241749,142.0500030517578,142.05499267578125,142.06239318847656,142.02999877929688,7774.0
202606241750,142.02999877929688,142.02999877929688,142.0500030517578,142.02999877929688,4950.0
202606241751,142.0399932861328,142.02000427246094,142.05999755859375,142.00999450683594,9053.0
202606241752,142.00999450683594,142.06500244140625,142.06500244140625,142.00999450683594,5736.0
202606241753,142.05999755859375,142.0800018310547,142.10989379882812,142.0500030517578,13818.0
202606241754,142.0800018310547,142.0,142.10000610351562,142.0,7323.0
202606241755,141.98500061035156,141.97000122070312,141.98500061035156,141.92999267578125,13126.0
202606241756,141.97500610351562,142.01499938964844,142.02000427246094,141.97500610351562,10689.0
202606241757,142.01499938964844,142.02000427246094,142.03030395507812,142.00999450683594,8337.0
202606241758,142.0399932861328,142.02000427246094,142.05999755859375,142.02000427246094,10251.0
202606241759,142.00999450683594,142.02000427246094,142.0449981689453,141.97999572753906,7866.0
202606241800,142.02000427246094,142.1649932861328,142.1649932861328,142.02000427246094,29703.0
202606241801,142.16000366210938,142.21499633789062,142.22000122070312,142.14500427246094,17701.0
202606241802,142.21499633789062,142.22000122070312,142.23500061035156,142.1909942626953,21126.0
202606241803,142.2100067138672,142.18499755859375,142.2100067138672,142.15499877929688,15856.0
202606241804,142.19000244140625,142.19000244140625,142.19000244140625,142.1699981689453,7217.0
202606241805,142.19000244140625,142.14999389648438,142.19949340820312,142.14999389648438,9342.0
202606241806,142.13999938964844,142.17999267578125,142.227294921875,142.13999938964844,13309.0
202606241807,142.1750030517578,142.17999267578125,142.19000244140625,142.1699981689453,6826.0
202606241808,142.1699981689453,142.17999267578125,142.18499755859375,142.13499450683594,14464.0
202606241809,142.16209411621094,142.1802978515625,142.18499755859375,142.15499877929688,5282.0
202606241810,142.18499755859375,142.30999755859375,142.30999755859375,142.1750030517578,17445.0
202606241811,142.30999755859375,142.30999755859375,142.3300018310547,142.29010009765625,5776.0
202606241812,142.3000030517578,142.24000549316406,142.3000030517578,142.24000549316406,6749.0
202606241813,142.24000549316406,142.2899932861328,142.3199005126953,142.24000549316406,7607.0
202606241814,142.27000427246094,142.27999877929688,142.28500366210938,142.23500061035156,10487.0
202606241815,142.3000030517578,142.24000549316406,142.3000030517578,142.220703125,7385.0
202606241816,142.22999572753906,142.1999969482422,142.23500061035156,142.1999969482422,6726.0
202606241817,142.18060302734375,142.1999969482422,142.1999969482422,142.17999267578125,5256.0
202606241818,142.22000122070312,142.3000030517578,142.3249969482422,142.22000122070312,8675.0
202606241819,142.27999877929688,142.27000427246094,142.27999877929688,142.17999267578125,8087.0
202606241820,142.3000030517578,142.4199981689453,142.4199981689453,142.3000030517578,11096.0
202606241821,142.42999267578125,142.44500732421875,142.44500732421875,142.4199981689453,7127.0
202606241822,142.4199981689453,142.35499572753906,142.4199981689453,142.35499572753906,4749.0
202606241823,142.3699951171875,142.39500427246094,142.39500427246094,142.36000061035156,4295.0
202606241824,142.39500427246094,142.44000244140625,142.44749450683594,142.39500427246094,4920.0
202606241825,142.42999267578125,142.47000122070312,142.47000122070312,142.40499877929688,10528.0
202606241826,142.49000549316406,142.47999572753906,142.50999450683594,142.47999572753906,7015.0
202606241827,142.47000122070312,142.52999877929688,142.52999877929688,142.4499969482422,10144.0
202606241828,142.50999450683594,142.5565948486328,142.5749969482422,142.50999450683594,7157.0
202606241829,142.57000732421875,142.61500549316406,142.61500549316406,142.57000732421875,4446.0
202606241830,142.625,142.61000061035156,142.7100067138672,142.61000061035156,7538.0
202606241831,142.6302947998047,142.6699981689453,142.6699981689453,142.6300048828125,4031.0
202606241832,142.67999267578125,142.72999572753906,142.72999572753906,142.67999267578125,8131.0
202606241833,142.7100067138672,142.82400512695312,142.83999633789062,142.7100067138672,8533.0
202606241834,142.82000732421875,142.78500366210938,142.82000732421875,142.77499389648438,6775.0
202606241835,142.77499389648438,142.7899932861328,142.7899932861328,142.74000549316406,10138.0
202606241836,142.78500366210938,142.78500366210938,142.8000030517578,142.75999450683594,5267.0
202606241837,142.7899932861328,142.85000610351562,142.85009765625,142.7899932861328,8558.0
202606241838,142.84030151367188,142.89999389648438,142.91000366210938,142.8249969482422,8628.0
202606241839,142.89999389648438,142.8699951171875,142.91000366210938,142.8699951171875,5488.0
202606241840,142.8730926513672,142.85499572753906,142.8730926513672,142.8000946044922,7914.0
202606241841,142.84500122070312,142.8699951171875,142.8699951171875,142.84500122070312,7509.0
202606241842,142.89999389648438,142.88999938964844,142.9149932861328,142.88999938964844,4715.0
202606241843,142.8699951171875,142.88999938964844,142.91000366210938,142.8699951171875,3149.0
202606241844,142.89540100097656,142.89999389648438,142.9199981689453,142.83999633789062,8239.0
202606241845,142.8925018310547,142.860107421875,142.89999389648438,142.860107421875,8724.0
202606241846,142.88499450683594,142.99000549316406,142.99000549316406,142.88499450683594,9633.0
202606241847,142.99000549316406,142.9949951171875,143.00999450683594,142.97999572753906,9012.0
202606241848,142.99000549316406,142.99000549316406,142.99000549316406,142.9600067138672,5194.0
202606241849,143.0,142.94000244140625,143.0,142.94000244140625,9773.0
202606241850,142.9499969482422,142.9084930419922,142.9600067138672,142.89999389648438,4747.0
202606241851,142.90499877929688,142.9199981689453,142.9199981689453,142.8699951171875,7452.0
202606241852,142.92030334472656,142.94000244140625,142.9499969482422,142.92030334472656,3659.0
202606241853,142.9250030517578,142.96499633789062,142.96499633789062,142.91000366210938,9541.0
202606241854,142.9600067138672,143.0,143.0,142.9499969482422,3778.0
202606241855,142.9949951171875,142.97000122070312,142.9949951171875,142.92999267578125,10837.0
202606241856,143.0,142.9550018310547,143.0,142.9550018310547,7914.0
202606241857,142.92010498046875,142.96519470214844,142.97999572753906,142.92010498046875,6968.0
202606241858,142.9499969482422,142.9600067138672,142.97500610351562,142.9499969482422,4418.0
202606241859,142.94000244140625,142.94000244140625,142.9600067138672,142.91000366210938,8204.0
202606241900,142.93499755859375,142.9499969482422,142.9499969482422,142.9199981689453,5583.0
202606241901,142.94000244140625,142.97000122070312,142.97500610351562,142.94000244140625,8418.0
202606241902,142.97000122070312,142.9550018310547,142.97000122070312,142.94000244140625,6375.0
202606241903,142.95509338378906,142.9600067138672,142.9600067138672,142.89999389648438,14626.0
202606241904,142.94000244140625,142.9250030517578,142.97500610351562,142.91000366210938,7127.0
202606241905,142.94500732421875,142.88999938964844,142.94500732421875,142.8800048828125,8366.0
202606241906,142.88999938964844,142.94000244140625,142.9600067138672,142.85000610351562,12615.0
202606241907,142.9600067138672,142.9600067138672,142.99000549316406,142.9499969482422,11605.0
202606241908,142.9517059326172,142.9949951171875,142.9949951171875,142.9517059326172,9607.0
202606241909,142.99000549316406,143.02000427246094,143.02000427246094,142.96499633789062,11750.0
202606241910,143.0399932861328,143.08999633789062,143.1199951171875,143.0399932861328,15832.0
202606241911,143.08999633789062,143.1199951171875,143.1300048828125,143.08999633789062,7362.0
202606241912,143.11000061035156,143.10000610351562,143.1300048828125,143.08999633789062,8010.0
202606241913,143.10499572753906,143.07000732421875,143.1199951171875,143.07000732421875,7981.0
202606241914,143.07000732421875,142.9600067138672,143.07000732421875,142.9499969482422,11011.0
202606241915,142.97000122070312,142.97999572753906,142.99000549316406,142.9499969482422,11023.0
202606241916,143.0,142.98500061035156,143.02000427246094,142.9600067138672,8910.0
202606241917,142.97000122070312,142.97000122070312,143.0,142.9600067138672,9813.0
202606241918,142.9600067138672,142.9550018310547,142.97000122070312,142.94000244140625,7123.0
202606241919,142.97000122070312,142.99000549316406,143.0,142.97000122070312,6924.0
202606241920,142.99000549316406,143.02000427246094,143.02999877929688,142.99000549316406,14529.0
202606241921,143.02999877929688,143.02000427246094,143.02999877929688,143.0050048828125,7404.0
202606241922,142.99000549316406,142.97500610351562,142.99000549316406,142.92999267578125,11497.0
202606241923,142.9600067138672,142.85499572753906,142.97999572753906,142.83009338378906,11152.0
202606241924,142.86000061035156,142.83999633789062,142.86000061035156,142.8350067138672,8148.0
202606241925,142.83999633789062,142.74749755859375,142.83999633789062,142.74749755859375,8604.0
202606241926,142.7550048828125,142.61000061035156,142.7550048828125,142.61000061035156,9189.0
202606241927,142.59500122070312,142.60000610351562,142.6199951171875,142.5500030517578,16308.0
202606241928,142.60499572753906,142.51499938964844,142.60499572753906,142.50999450683594,9828.0
202606241929,142.50999450683594,142.49989318847656,142.51499938964844,142.4499969482422,10732.0
202606241930,142.47000122070312,142.38499450683594,142.47999572753906,142.35499572753906,12699.0
202606241931,142.3800048828125,142.2949981689453,142.39999389648438,142.2949981689453,16120.0
202606241932,142.30499267578125,142.25,142.30499267578125,142.25,18488.0
202606241933,142.24000549316406,142.25,142.25,142.14999389648438,18618.0
202606241934,142.24000549316406,142.24000549316406,142.27000427246094,142.22000122070312,7969.0
202606241935,142.25,142.22000122070312,142.27499389648438,142.2100067138672,12035.0
202606241936,142.1999969482422,142.14500427246094,142.1999969482422,142.07000732421875,14189.0
202606241937,142.1300048828125,142.05999755859375,142.14500427246094,142.02999877929688,15206.0
202606241938,142.0800018310547,142.0500030517578,142.08999633789062,141.9499969482422,15157.0
202606241939,142.05999755859375,142.17999267578125,142.17999267578125,142.05999755859375,9939.0
202606241940,142.1649932861328,142.19940185546875,142.23500061035156,142.14999389648438,17207.0
202606241941,142.22999572753906,142.22500610351562,142.26499938964844,142.22000122070312,9754.0
202606241942,142.24000549316406,142.25,142.27999877929688,142.2100067138672,15331.0
202606241943,142.2550048828125,142.34500122070312,142.36500549316406,142.25010681152344,19932.0
202606241944,142.35000610351562,142.36000061035156,142.3800048828125,142.30999755859375,13339.0
202606241945,142.3300018310547,142.5050048828125,142.5050048828125,142.32000732421875,17636.0
202606241946,142.49000549316406,142.4149932861328,142.53500366210938,142.4149932861328,11735.0
202606241947,142.39999389648438,142.36000061035156,142.41000366210938,142.3350067138672,11665.0
202606241948,142.3699951171875,142.44000244140625,142.4499969482422,142.36000061035156,14655.0
202606241949,142.4501953125,142.47999572753906,142.4949951171875,142.44000244140625,12601.0
202606241950,142.47000122070312,142.44500732421875,142.60000610351562,142.42999267578125,38957.0
202606241951,142.4499969482422,142.36000061035156,142.4499969482422,142.2899932861328,21203.0
202606241952,142.33999633789062,142.35000610351562,142.36000061035156,142.2949981689453,18901.0
202606241953,142.35000610351562,142.31500244140625,142.35000610351562,142.27000427246094,29705.0
202606241954,142.32000732421875,142.39999389648438,142.44000244140625,142.26499938964844,39791.0
202606241955,142.41000366210938,142.2899932861328,142.4149932861328,142.22500610351562,57456.0
202606241956,142.28500366210938,142.32000732421875,142.3350067138672,142.25,45070.0
202606241957,142.32000732421875,142.32000732421875,142.35000610351562,142.25999450683594,62961.0
202606241958,142.3350067138672,142.26499938964844,142.33999633789062,142.25,73825.0
202606241959,142.27000427246094,142.1999969482422,142.28500366210938,142.1649932861328,214998.0
202606242000,142.27,142.27,142.402,142.27,0.0
202606242002,142.27,141.5,142.27,141.5,0.0
202606242003,142.27,142.397,142.397,142.27,0.0
202606242004,142.27,142.27,142.27,142.27,0.0
202606242005,142.41,141.99,142.41,141.99,0.0
202606242006,141.85,141.85,141.85,141.85,0.0
202606242007,141.86,142.42,142.42,141.84,0.0
202606242008,141.835,142.397,142.397,141.835,0.0
202606242009,142.24,141.82,142.27,141.82,0.0
202606242010,141.82,141.79,142.27,141.79,0.0
202606242011,141.82,141.82,141.82,141.82,0.0
202606242012,141.82,141.82,141.82,141.82,0.0
202606242013,142.24,142.24,142.24,142.24,0.0
202606242014,141.82,141.55,142.27,141.55,0.0
202606242015,141.54,141.79,141.79,141.54,0.0
202606242017,141.65,141.65,141.65,141.65,0.0
202606242019,141.65,141.34,141.65,141.34,0.0
202606242020,142.27,142.27,142.27,142.27,0.0
202606242021,141.81,141.81,141.81,141.81,0.0
202606242022,141.34,141.3743,141.5,141.34,0.0
202606242023,141.52,141.1912,141.52,141.1,0.0
202606242024,141.2,140.91,141.2,140.91,0.0
202606242025,140.91,140.68,141.5,140.68,0.0
202606242026,140.64,140.7887,140.79,140.64,0.0
202606242027,140.7825,140.775,140.79,140.775,0.0
202606242028,140.7755,140.8,141.0,140.7755,0.0
202606242029,140.8,141.4812,141.4812,140.75,0.0
202606242033,141.0183,141.0183,141.0183,141.0183,0.0
202606242034,141.49,141.49,141.49,141.49,0.0
202606242035,141.5,141.5,141.5,141.5,0.0
202606242036,141.49,141.49,141.49,141.49,0.0
202606242037,141.0,140.99,142.2397,140.99,0.0
202606242040,142.0,142.0,142.0,142.0,0.0
202606242041,142.27,142.27,142.27,142.27,0.0
202606242045,142.27,142.3715,142.3715,141.9,0.0
202606242046,141.12,141.12,141.12,141.12,0.0
202606242048,141.1,141.1,141.1,141.1,0.0
202606242049,141.1177,141.1177,141.1177,141.1177,0.0
202606242050,141.1,141.1377,141.1377,141.08,0.0
202606242051,142.27,142.27,142.27,142.27,0.0
202606242053,141.15,141.15,141.15,141.15,0.0
202606242054,141.14,141.14,141.14,141.14,0.0
202606242055,141.975,141.975,141.975,141.975,0.0
202606242059,141.1425,141.1425,141.1425,141.1425,0.0
202606242104,142.0,142.0,142.0,142.0,0.0
202606242105,141.15,141.2071,141.2071,141.15,0.0
202606242106,141.41,141.41,141.41,141.41,0.0
202606242108,141.38,141.15,141.38,141.15,0.0
202606242110,141.9652,141.9652,141.9652,141.9652,0.0
202606242111,142.27,142.27,142.27,142.27,0.0
202606242114,141.15,141.15,141.15,141.15,0.0
202606242117,141.2153,141.2153,141.2153,141.2153,0.0
202606242119,141.15,141.15,141.15,141.15,0.0
202606242124,141.15,142.27,142.27,141.15,0.0
202606242126,141.54,141.54,141.54,141.54,0.0
202606242131,141.15,141.12,141.15,141.12,0.0
202606242141,141.3,141.3,141.3,141.3,0.0
202606242142,141.3,141.3,141.3,141.3,0.0
202606242144,142.27,142.27,142.27,142.27,0.0
202606242145,141.75,141.75,141.75,141.75,0.0
202606242151,141.7,141.84,141.84,141.7,0.0
202606242158,141.09,141.14,141.14,141.09,0.0
202606242215,141.2281,141.45,141.45,141.2281,0.0
202606242219,141.45,141.21,141.45,141.21,0.0
202606242223,141.45,141.88,141.88,141.45,0.0
202606242224,141.45,141.2494,141.45,141.2494,0.0
202606242226,141.24,141.12,141.24,141.12,0.0
202606242233,141.2,141.04,141.2,141.04,0.0
