datetime,open,close,high,low,volume
202606230800,142.34,142.34,142.35,142.34,1.0
202606230801,142.34,142.34,142.34,142.34,0.0
202606230802,142.34,142.34,142.34,142.34,0.0
202606230803,142.34,142.34,142.34,142.34,0.0
202606230804,142.07,142.07,142.07,142.07,1.0
202606230805,142.07,142.07,142.07,142.07,0.0
202606230806,141.87,141.87,141.87,141.87,1.0
202606230807,141.87,141.87,141.87,141.87,0.0
202606230808,141.87,141.87,141.87,141.87,0.0
202606230809,141.87,141.87,141.87,141.87,0.0
202606230810,141.87,141.87,141.87,141.87,0.0
202606230811,141.83,141.83,141.83,141.83,1.0
202606230812,141.83,141.83,141.83,141.83,0.0
202606230813,141.83,141.83,141.83,141.83,0.0
202606230814,141.83,141.83,141.83,141.83,0.0
202606230815,141.83,141.83,141.83,141.83,0.0
202606230816,141.83,141.83,141.83,141.83,0.0
202606230817,141.83,141.83,141.83,141.83,0.0
202606230818,141.83,141.83,141.83,141.83,0.0
202606230819,142.06,142.06,142.06,142.06,1.0
202606230820,142.06,142.06,142.06,142.06,0.0
202606230821,142.06,142.06,142.06,142.06,0.0
202606230822,142.06,142.06,142.06,142.06,0.0
202606230823,142.06,142.06,142.06,142.06,0.0
202606230824,142.06,142.06,142.06,142.06,0.0
202606230825,142.06,142.06,142.06,142.06,0.0
202606230826,142.06,142.06,142.06,142.06,0.0
202606230827,142.06,142.06,142.06,142.06,0.0
202606230828,142.47,142.47,142.47,142.47,1.0
202606230829,142.47,142.47,142.47,142.47,0.0
202606230830,142.01,141.8,142.01,141.8,3.0
202606230831,141.8,141.8,141.8,141.8,0.0
202606230832,141.8,141.8,141.8,141.8,0.0
202606230833,141.8,141.8,141.8,141.8,0.0
202606230834,141.8,141.8,141.8,141.8,0.0
202606230835,141.8,141.8,141.8,141.8,0.0
202606230836,141.8,141.8,141.8,141.8,0.0
202606230837,141.8,141.8,141.8,141.8,0.0
202606230838,141.8,141.8,141.8,141.8,0.0
202606230839,141.8,141.8,141.8,141.8,0.0
202606230840,141.8,141.8,141.8,141.8,0.0
202606230841,141.8,141.8,141.8,141.8,0.0
202606230842,141.8,141.8,141.8,141.8,0.0
202606230843,141.8,141.8,141.8,141.8,0.0
202606230844,141.8,141.8,141.8,141.8,0.0
202606230845,141.8,141.8,141.8,141.8,0.0
202606230846,141.8,141.8,141.8,141.8,0.0
202606230847,141.8,141.8,141.8,141.8,0.0
202606230848,141.8,141.8,141.8,141.8,0.0
202606230849,141.8,141.8,141.8,141.8,0.0
202606230850,141.8,141.8,141.8,141.8,0.0
202606230851,141.8,141.8,141.8,141.8,0.0
202606230852,141.8,141.8,141.8,141.8,0.0
202606230853,141.8,141.8,141.8,141.8,0.0
202606230854,141.8,141.8,141.8,141.8,0.0
202606230855,141.8,141.8,141.8,141.8,0.0
202606230856,141.8,141.8,141.8,141.8,0.0
202606230857,141.8,141.8,141.8,141.8,0.0
202606230858,141.8,141.8,141.8,141.8,0.0
202606230859,141.8,141.8,141.8,141.8,0.0
202606230900,141.8,141.8,141.8,141.8,0.0
202606230901,141.8,141.8,141.8,141.8,0.0
202606230902,141.8,141.8,141.8,141.8,0.0
202606230903,141.8,141.8,141.8,141.8,0.0
202606230904,141.8,141.8,141.8,141.8,0.0
202606230905,141.8,141.8,141.8,141.8,0.0
202606230906,141.8,141.8,141.8,141.8,0.0
202606230907,141.8,141.8,141.8,141.8,0.0
202606230908,141.8,141.8,141.8,141.8,0.0
202606230909,141.8,141.8,141.8,141.8,0.0
202606230910,141.8,141.8,141.8,141.8,0.0
202606230911,141.8,141.8,141.8,141.8,0.0
202606230912,141.8,141.8,141.8,141.8,0.0
202606230913,141.8,141.8,141.8,141.8,0.0
202606230914,141.8,141.8,141.8,141.8,0.0
202606230915,141.8,141.8,141.8,141.8,0.0
202606230916,141.8,141.8,141.8,141.8,0.0
202606230917,141.8,141.8,141.8,141.8,0.0
202606230918,141.8,141.8,141.8,141.8,0.0
202606230919,141.8,141.8,141.8,141.8,0.0
202606230920,141.8,141.8,141.8,141.8,0.0
202606230921,141.8,141.8,141.8,141.8,0.0
202606230922,141.8,141.8,141.8,141.8,0.0
202606230923,141.8,141.8,141.8,141.8,0.0
202606230924,141.8,141.8,141.8,141.8,0.0
202606230925,141.8,141.8,141.8,141.8,0.0
202606230926,141.8,141.8,141.8,141.8,0.0
202606230927,141.8,141.8,141.8,141.8,0.0
202606230928,142.17,142.17,142.17,142.17,1.0
202606230929,142.17,142.17,142.17,142.17,0.0
202606230930,142.17,142.17,142.17,142.17,0.0
202606230931,142.17,142.17,142.17,142.17,0.0
202606230932,142.17,142.17,142.17,142.17,0.0
202606230933,142.17,142.17,142.17,142.17,0.0
202606230934,142.17,142.17,142.17,142.17,0.0
202606230935,142.17,142.17,142.17,142.17,0.0
202606230936,142.17,142.17,142.17,142.17,0.0
202606230937,142.17,142.17,142.17,142.17,0.0
202606230938,142.17,142.17,142.17,142.17,0.0
202606230939,142.17,142.17,142.17,142.17,0.0
202606230940,142.17,142.17,142.17,142.17,0.0
202606230941,142.17,142.17,142.17,142.17,0.0
202606230942,142.17,142.17,142.17,142.17,0.0
202606230943,142.17,142.17,142.17,142.17,0.0
202606230944,142.17,142.17,142.17,142.17,0.0
202606230945,142.37,142.37,142.37,142.37,2.0
202606230946,142.37,142.37,142.37,142.37,0.0
202606230947,142.37,142.37,142.37,142.37,0.0
202606230948,142.37,142.37,142.37,142.37,0.0
202606230949,142.37,142.37,142.37,142.37,0.0
202606230950,142.37,142.37,142.37,142.37,0.0
202606230951,142.37,142.37,142.37,142.37,0.0
202606230952,142.37,142.37,142.37,142.37,0.0
202606230953,142.37,142.37,142.37,142.37,0.0
202606230954,142.37,142.37,142.37,142.37,0.0
202606230955,142.37,142.37,142.37,142.37,0.0
202606230956,142.37,142.37,142.37,142.37,0.0
202606230957,142.37,142.37,142.37,142.37,0.0
202606230958,142.37,142.37,142.37,142.37,0.0
202606230959,142.37,142.37,142.37,142.37,0.0
202606231000,142.37,142.37,142.37,142.37,0.0
202606231001,142.37,142.37,142.37,142.37,0.0
202606231002,142.37,142.37,142.37,142.37,0.0
202606231003,142.37,142.37,142.37,142.37,0.0
202606231004,142.37,142.37,142.37,142.37,0.0
202606231005,142.37,142.37,142.37,142.37,0.0
202606231006,142.37,142.37,142.37,142.37,0.0
202606231007,142.37,142.37,142.37,142.37,0.0
202606231008,142.37,142.37,142.37,142.37,0.0
202606231009,142.37,142.37,142.37,142.37,0.0
202606231010,142.37,142.37,142.37,142.37,0.0
202606231011,142.37,142.37,142.37,142.37,0.0
202606231012,142.37,142.37,142.37,142.37,0.0
202606231013,142.37,142.37,142.37,142.37,0.0
202606231014,142.37,142.37,142.37,142.37,0.0
202606231015,142.37,142.37,142.37,142.37,0.0
202606231016,142.37,142.37,142.37,142.37,0.0
202606231017,142.37,142.37,142.37,142.37,0.0
202606231018,142.37,142.37,142.37,142.37,0.0
202606231019,142.37,142.37,142.37,142.37,0.0
202606231020,142.37,142.37,142.37,142.37,0.0
202606231021,142.37,142.37,142.37,142.37,0.0
202606231022,142.37,142.37,142.37,142.37,0.0
202606231023,142.37,142.37,142.37,142.37,0.0
202606231024,142.37,142.37,142.37,142.37,0.0
202606231025,142.37,142.37,142.37,142.37,0.0
202606231026,142.37,142.37,142.37,142.37,0.0
202606231027,142.37,142.37,142.37,142.37,0.0
202606231028,142.37,142.37,142.37,142.37,0.0
202606231029,142.37,142.37,142.37,142.37,0.0
202606231030,142.37,142.37,142.37,142.37,0.0
202606231031,142.37,142.37,142.37,142.37,0.0
202606231032,142.37,142.37,142.37,142.37,0.0
202606231033,142.37,142.37,142.37,142.37,0.0
202606231034,142.37,142.37,142.37,142.37,0.0
202606231035,142.57,142.57,142.57,142.56,3.0
202606231036,142.57,142.57,142.57,142.57,0.0
202606231037,142.57,142.57,142.57,142.57,0.0
202606231038,142.55,142.56,142.57,142.55,4.0
202606231039,142.56,142.56,142.56,142.56,0.0
202606231040,142.56,142.56,142.56,142.56,0.0
202606231041,142.56,142.56,142.56,142.56,0.0
202606231042,142.56,142.56,142.56,142.56,0.0
202606231043,142.56,142.56,142.56,142.56,0.0
202606231044,142.56,142.56,142.56,142.56,0.0
202606231045,142.56,142.56,142.56,142.56,0.0
202606231046,142.56,142.56,142.56,142.56,0.0
202606231047,142.56,142.56,142.56,142.56,0.0
202606231048,142.56,142.56,142.56,142.56,0.0
202606231049,142.56,142.56,142.56,142.56,0.0
202606231050,142.56,142.56,142.56,142.56,0.0
202606231051,142.56,142.56,142.56,142.56,0.0
202606231052,142.56,142.56,142.56,142.56,0.0
202606231053,142.56,142.56,142.56,142.56,0.0
202606231054,142.56,142.56,142.56,142.56,0.0
202606231055,142.96,142.96,142.96,142.96,1.0
202606231056,142.96,142.96,142.96,142.96,0.0
202606231057,142.96,142.96,142.96,142.96,0.0
202606231058,142.6,142.6,142.6,142.6,29.0
202606231059,142.6,142.6,142.6,142.6,0.0
202606231100,142.32,142.33,142.33,142.32,2.0
202606231101,142.5,142.5,142.5,142.5,1.0
202606231102,142.5,142.5,142.5,142.5,0.0
202606231103,142.5,142.5,142.5,142.5,0.0
202606231104,142.35,142.35,142.35,142.34,5.0
202606231105,142.35,142.35,142.35,142.35,0.0
202606231106,142.36,142.35,142.36,142.35,24.0
202606231107,142.35,142.35,142.35,142.35,0.0
202606231108,142.35,142.35,142.35,142.35,0.0
202606231109,142.36,142.36,142.36,142.36,4.0
202606231110,142.35,142.3,142.35,142.3,8.0
202606231111,142.3,142.3,142.3,142.3,0.0
202606231112,142.3,142.3,142.3,142.3,0.0
202606231113,142.3,142.3,142.3,142.3,0.0
202606231114,142.3,142.3,142.3,142.3,0.0
202606231115,142.3,142.3,142.3,142.3,5.0
202606231116,142.38,142.38,142.38,142.38,1.0
202606231117,142.34,142.34,142.34,142.34,1.0
202606231118,142.34,142.34,142.34,142.34,0.0
202606231119,142.41,142.41,142.41,142.41,11.0
202606231120,142.41,142.41,142.41,142.41,0.0
202606231121,142.41,142.41,142.41,142.41,0.0
202606231122,142.41,142.41,142.41,142.41,0.0
202606231123,142.39,142.41,142.41,142.39,3.0
202606231124,142.41,142.41,142.41,142.41,0.0
202606231125,142.32,142.41,142.41,142.32,3.0
202606231126,142.41,142.4,142.41,142.4,3.0
202606231127,142.4,142.4,142.4,142.4,0.0
202606231128,142.4,142.4,142.4,142.4,0.0
202606231129,142.4,142.4,142.4,142.4,0.0
202606231130,142.4,142.4,142.4,142.4,0.0
202606231131,142.4,142.4,142.4,142.4,0.0
202606231132,142.4,142.4,142.4,142.4,0.0
202606231133,142.4,142.4,142.4,142.4,0.0
202606231134,142.4,142.4,142.4,142.4,0.0
202606231135,142.4,142.4,142.4,142.4,0.0
202606231136,142.4,142.4,142.4,142.4,0.0
202606231137,142.4,142.4,142.4,142.4,0.0
202606231138,142.4,142.4,142.4,142.4,0.0
202606231139,142.4,142.4,142.4,142.4,0.0
202606231140,142.4,142.4,142.4,142.4,0.0
202606231141,142.4,142.4,142.4,142.4,0.0
202606231142,142.4,142.4,142.4,142.4,0.0
202606231143,142.4,142.4,142.4,142.4,0.0
202606231144,142.4,142.4,142.4,142.4,0.0
202606231145,142.4,142.4,142.4,142.4,0.0
202606231146,142.4,142.4,142.4,142.4,0.0
202606231147,142.4,142.4,142.4,142.4,0.0
202606231148,142.49,142.49,142.49,142.49,3.0
202606231149,142.49,142.49,142.49,142.49,0.0
202606231150,142.49,142.49,142.49,142.49,0.0
202606231151,142.49,142.49,142.49,142.49,0.0
202606231152,142.49,142.49,142.49,142.49,0.0
202606231153,142.49,142.49,142.49,142.49,0.0
202606231154,142.49,142.49,142.49,142.49,0.0
202606231155,142.49,142.49,142.49,142.49,0.0
202606231156,142.49,142.49,142.49,142.49,0.0
202606231157,142.49,142.49,142.49,142.49,0.0
202606231158,142.49,142.49,142.49,142.49,0.0
202606231159,142.49,142.49,142.49,142.49,0.0
202606231200,142.49,142.49,142.49,142.49,0.0
202606231201,142.49,142.49,142.49,142.49,0.0
202606231202,142.35,142.35,142.35,142.35,1.0
202606231203,142.35,142.35,142.35,142.35,0.0
202606231204,142.35,142.35,142.35,142.35,0.0
202606231205,142.46,142.46,142.47,142.46,1.0
202606231206,142.46,142.46,142.46,142.46,0.0
202606231207,142.46,142.46,142.46,142.46,0.0
202606231208,142.46,142.46,142.46,142.46,0.0
202606231209,142.46,142.46,142.46,142.46,0.0
202606231210,142.46,142.46,142.46,142.46,0.0
202606231211,142.46,142.46,142.46,142.46,0.0
202606231212,142.46,142.46,142.46,142.46,0.0
202606231213,142.46,142.46,142.46,142.46,0.0
202606231214,142.49,142.49,142.49,142.49,1.0
202606231215,142.49,142.49,142.49,142.49,0.0
202606231216,142.49,142.49,142.49,142.49,0.0
202606231217,142.62,142.65,142.65,142.62,5.0
202606231218,142.65,142.65,142.65,142.65,0.0
202606231219,142.65,142.65,142.65,142.65,0.0
202606231220,142.65,142.65,142.65,142.65,0.0
202606231221,142.65,142.65,142.65,142.65,0.0
202606231222,142.65,142.65,142.65,142.65,0.0
202606231223,142.65,142.65,142.65,142.65,0.0
202606231224,142.65,142.65,142.65,142.65,0.0
202606231225,142.65,142.65,142.65,142.65,0.0
202606231226,142.65,142.65,142.65,142.65,0.0
202606231227,142.65,142.65,142.65,142.65,0.0
202606231228,142.65,142.65,142.65,142.65,0.0
202606231229,142.61,142.61,142.61,142.61,1.0
202606231230,142.5,142.5,142.5,142.5,4.0
202606231231,142.5,142.5,142.5,142.5,0.0
202606231232,142.5,142.5,142.5,142.5,0.0
202606231233,142.5,142.5,142.5,142.5,0.0
202606231234,142.43,142.43,142.43,142.43,1.0
202606231235,142.43,142.43,142.43,142.43,0.0
202606231236,142.43,142.43,142.43,142.43,0.0
202606231237,142.43,142.43,142.43,142.43,0.0
202606231238,142.6,142.61,142.61,142.6,3.0
202606231239,142.69,142.69,142.69,142.69,1.0
202606231240,142.43,142.68,142.68,142.43,5.0
202606231241,142.8,142.8,142.8,142.8,2.0
202606231242,142.8,142.8,142.8,142.8,1.0
202606231243,142.8,142.8,142.8,142.8,0.0
202606231244,142.99,142.99,142.99,142.99,4.0
202606231245,143.12,143.0,143.12,143.0,7.0
202606231246,143.0,143.0,143.0,143.0,0.0
202606231247,143.1,143.1,143.1,143.1,1.0
202606231248,143.1,143.1,143.1,143.1,0.0
202606231249,143.17,143.17,143.17,143.16,2.0
202606231250,143.1,143.1,143.1,143.1,2.0
202606231251,143.0,143.02,143.02,143.0,7.0
202606231252,143.02,143.02,143.02,143.02,0.0
202606231253,143.02,143.02,143.02,143.02,0.0
202606231254,143.02,143.02,143.02,143.02,0.0
202606231255,143.02,143.02,143.02,143.02,0.0
202606231256,143.02,143.02,143.02,143.02,0.0
202606231257,143.02,143.02,143.02,143.02,0.0
202606231258,143.02,143.02,143.02,143.02,0.0
202606231259,143.0,143.0,143.01,143.0,2.0
202606231300,143.0,143.0,143.0,143.0,0.0
202606231301,143.09,143.1,143.1,143.09,3.0
202606231302,143.1,143.1,143.1,143.1,0.0
202606231303,143.1,143.1,143.1,143.1,0.0
202606231304,143.1,143.1,143.1,143.1,0.0
202606231305,143.16,143.16,143.16,143.16,1.0
202606231306,143.16,143.16,143.16,143.16,0.0
202606231307,143.0,143.28,143.28,143.0,81.0
202606231308,143.28,143.28,143.28,143.28,0.0
202606231309,143.25,143.25,143.25,143.25,4.0
202606231310,143.25,143.25,143.25,143.25,0.0
202606231311,143.1,143.1,143.1,143.1,1.0
202606231312,143.2,143.2,143.2,143.2,1.0
202606231313,143.2,143.2,143.2,143.2,0.0
202606231314,143.2,143.2,143.2,143.2,0.0
202606231315,143.2,143.2,143.2,143.2,0.0
202606231316,143.2,143.2,143.2,143.2,0.0
202606231317,143.31,143.31,143.31,143.31,1.0
202606231318,143.25,143.25,143.25,143.25,20.0
202606231319,143.25,143.25,143.25,143.25,0.0
202606231320,143.25,143.25,143.25,143.25,0.0
202606231321,143.25,143.25,143.25,143.25,0.0
202606231322,143.25,143.25,143.25,143.25,0.0
202606231323,143.25,143.25,143.25,143.25,0.0
202606231324,143.25,143.25,143.25,143.25,0.0
202606231325,143.32,143.53,143.53,143.32,18.0
202606231326,143.53,143.53,143.53,143.53,5.0
202606231327,143.53,143.74,143.74,143.53,17.0
202606231328,143.55,143.8,143.8,143.53,11.0
202606231329,143.76,143.5,143.76,143.5,3.0
202606231330,143.68,142.69,143.68,142.52,1524.0
202606231331,142.67,142.84,143.22,142.6,149.0
202606231332,142.8,142.65,142.92,142.65,57.0
202606231333,142.61,142.61,142.61,142.41,85.0
202606231334,142.54,142.25,142.61,142.25,70.0
202606231335,142.25,142.26,142.48,142.15,36.0
202606231336,142.29,142.2,142.46,142.15,63.0
202606231337,142.29,142.16,142.4,142.15,57.0
202606231338,142.15,142.06,142.29,141.9,111.0
202606231339,142.02,141.92,142.09,141.79,139.0
202606231340,141.96,141.96,142.1,141.86,108.0
202606231341,142.0,142.06,142.24,141.98,72.0
202606231342,142.09,142.18,142.21,141.99,29.0
202606231343,142.18,142.29,142.3,142.17,90.0
202606231344,142.31,142.22,142.31,142.18,161.0
202606231345,142.21,142.45,142.49,142.12,58.0
202606231346,142.4,142.37,142.51,142.37,79.0
202606231347,142.41,142.29,142.45,142.23,90.0
202606231348,142.29,142.52,142.54,142.29,36.0
202606231349,142.53,142.39,142.54,142.34,34.0
202606231350,142.37,142.37,142.46,142.36,43.0
202606231351,142.37,142.12,142.37,142.12,34.0
202606231352,142.16,142.12,142.16,142.04,58.0
202606231353,142.15,142.14,142.2,142.08,46.0
202606231354,142.09,142.36,142.36,142.0,43.0
202606231355,142.36,142.09,142.37,141.95,98.0
202606231356,141.94,142.19,142.22,141.94,31.0
202606231357,142.19,142.13,142.19,142.06,30.0
202606231358,142.12,141.93,142.12,141.91,26.0
202606231359,141.92,141.89,142.0,141.82,35.0
202606231400,141.88,141.81,141.91,141.78,67.0
202606231401,141.74,141.66,141.79,141.57,57.0
202606231402,141.68,141.44,141.69,141.4,43.0
202606231403,141.47,141.58,141.58,141.4,57.0
202606231404,141.55,141.62,141.65,141.48,20.0
202606231405,141.65,141.86,141.96,141.62,77.0
202606231406,141.81,141.7,141.81,141.67,23.0
202606231407,141.66,141.91,141.91,141.65,45.0
202606231408,141.86,141.83,141.87,141.76,31.0
202606231409,141.82,141.75,141.83,141.63,88.0
202606231410,141.7,141.63,141.71,141.57,52.0
202606231411,141.62,141.61,141.68,141.57,31.0
202606231412,141.64,141.65,141.67,141.58,25.0
202606231413,141.62,141.85,141.87,141.62,84.0
202606231414,141.8,141.75,141.84,141.74,100.0
202606231415,141.74,141.71,141.76,141.62,40.0
202606231416,141.72,141.65,141.75,141.61,104.0
202606231417,141.65,141.65,141.66,141.55,238.0
202606231418,141.65,141.6,141.68,141.6,40.0
202606231419,141.64,141.65,141.76,141.59,122.0
202606231420,141.71,141.53,141.75,141.53,26.0
202606231421,141.49,141.46,141.54,141.45,16.0
202606231422,141.49,141.6,141.64,141.45,49.0
202606231423,141.58,141.66,141.71,141.51,26.0
202606231424,141.66,141.75,141.75,141.61,87.0
202606231425,141.74,141.86,141.87,141.72,80.0
202606231426,141.87,141.82,141.87,141.75,80.0
202606231427,141.81,141.9,141.95,141.8,49.0
202606231428,141.84,141.84,141.95,141.82,66.0
202606231429,141.79,141.77,141.82,141.75,22.0
202606231430,141.72,141.71,141.81,141.7,24.0
202606231431,141.71,142.0,142.01,141.7,71.0
202606231432,141.99,141.97,142.05,141.9,143.0
202606231433,141.93,141.72,141.93,141.71,51.0
202606231434,141.72,141.48,141.72,141.46,113.0
202606231435,141.48,141.32,141.51,141.27,62.0
202606231436,141.26,141.18,141.31,141.16,57.0
202606231437,141.11,141.05,141.18,141.05,22.0
202606231438,141.11,141.15,141.17,141.08,24.0
202606231439,141.13,141.25,141.29,141.09,35.0
202606231440,141.26,141.41,141.43,141.25,45.0
202606231441,141.43,141.51,141.51,141.38,19.0
202606231442,141.53,141.56,141.67,141.5,64.0
202606231443,141.61,141.59,141.66,141.49,75.0
202606231444,141.56,141.64,141.66,141.53,23.0
202606231445,141.66,141.55,141.68,141.54,56.0
202606231446,141.58,141.51,141.62,141.51,69.0
202606231447,141.54,141.42,141.56,141.36,59.0
202606231448,141.43,141.46,141.51,141.32,81.0
202606231449,141.48,141.35,141.48,141.32,69.0
202606231450,141.3,141.19,141.4,141.18,63.0
202606231451,141.22,141.29,141.35,141.21,61.0
202606231452,141.3,141.34,141.35,141.25,33.0
202606231453,141.34,141.58,141.59,141.33,52.0
202606231454,141.57,141.62,141.64,141.57,101.0
202606231455,141.59,141.57,141.66,141.57,52.0
202606231456,141.52,141.62,141.62,141.48,137.0
202606231457,141.6,141.54,141.63,141.49,81.0
202606231458,141.58,141.71,141.73,141.58,48.0
202606231459,141.7,141.6,141.73,141.58,62.0
202606231500,141.57,141.5,141.57,141.47,47.0
202606231501,141.45,141.42,141.47,141.41,27.0
202606231502,141.44,141.44,141.52,141.43,73.0
202606231503,141.45,141.51,141.56,141.4,55.0
202606231504,141.49,141.6,141.6,141.47,33.0
202606231505,141.59,141.65,141.65,141.53,53.0
202606231506,141.65,141.69,141.7,141.57,149.0
202606231507,141.64,141.62,141.68,141.62,30.0
202606231508,141.59,141.61,141.63,141.55,77.0
202606231509,141.6,141.64,141.68,141.6,33.0
202606231510,141.63,141.73,141.73,141.63,68.0
202606231511,141.74,141.84,141.84,141.74,77.0
202606231512,141.84,141.87,141.93,141.84,51.0
202606231513,141.88,141.87,141.92,141.83,43.0
202606231514,141.83,141.83,141.87,141.76,55.0
202606231515,141.77,141.75,141.83,141.74,37.0
202606231516,141.74,141.76,141.82,141.7,57.0
202606231517,141.75,141.78,141.82,141.74,31.0
202606231518,141.79,141.95,141.95,141.78,33.0
202606231519,141.94,141.93,141.96,141.86,20.0
202606231520,141.93,141.84,141.93,141.8,44.0
202606231521,141.81,141.8,141.84,141.74,34.0
202606231522,141.77,141.73,141.78,141.71,34.0
202606231523,141.72,141.77,141.78,141.69,42.0
202606231524,141.8,141.83,141.85,141.8,87.0
202606231525,141.82,141.69,141.85,141.69,30.0
202606231526,141.71,141.69,141.72,141.68,9.0
202606231527,141.63,141.64,141.69,141.63,29.0
202606231528,141.66,141.67,141.71,141.65,35.0
202606231529,141.66,141.63,141.67,141.6,20.0
202606231530,141.66,141.72,141.77,141.63,37.0
202606231531,141.75,141.69,141.75,141.65,28.0
202606231532,141.67,141.61,141.7,141.6,23.0
202606231533,141.62,141.6,141.63,141.54,60.0
202606231534,141.55,141.55,141.56,141.46,68.0
202606231535,141.56,141.47,141.57,141.47,35.0
202606231536,141.43,141.41,141.43,141.37,42.0
202606231537,141.44,141.43,141.46,141.38,83.0
202606231538,141.41,141.42,141.46,141.39,46.0
202606231539,141.46,141.45,141.48,141.45,20.0
202606231540,141.46,141.48,141.48,141.45,35.0
202606231541,141.45,141.46,141.46,141.34,62.0
202606231542,141.45,141.47,141.47,141.42,35.0
202606231543,141.48,141.55,141.57,141.45,29.0
202606231544,141.55,141.49,141.58,141.49,20.0
202606231545,141.52,141.47,141.53,141.47,28.0
202606231546,141.46,141.5,141.53,141.45,48.0
202606231547,141.51,141.61,141.61,141.47,39.0
202606231548,141.62,141.71,141.71,141.58,29.0
202606231549,141.72,141.73,141.8,141.71,33.0
202606231550,141.71,141.71,141.74,141.66,52.0
202606231551,141.72,141.63,141.74,141.63,56.0
202606231552,141.63,141.59,141.68,141.59,55.0
202606231553,141.62,141.58,141.63,141.57,29.0
202606231554,141.58,141.59,141.65,141.56,70.0
202606231555,141.62,141.55,141.62,141.54,14.0
202606231556,141.55,141.45,141.56,141.44,67.0
202606231557,141.46,141.44,141.48,141.4,158.0
202606231558,141.44,141.53,141.54,141.42,48.0
202606231559,141.54,141.5,141.54,141.48,17.0
202606231600,141.5,141.45,141.51,141.41,29.0
202606231601,141.47,141.4,141.48,141.38,56.0
202606231602,141.39,141.33,141.39,141.3,98.0
202606231603,141.34,141.29,141.34,141.27,54.0
202606231604,141.3,141.26,141.31,141.23,64.0
202606231605,141.27,141.33,141.34,141.26,22.0
202606231606,141.35,141.38,141.38,141.35,65.0
202606231607,141.37,141.34,141.37,141.34,28.0
202606231608,141.35,141.23,141.35,141.21,40.0
202606231609,141.23,141.24,141.26,141.22,57.0
202606231610,141.26,141.25,141.28,141.22,60.0
202606231611,141.24,141.18,141.24,141.15,47.0
202606231612,141.14,141.11,141.18,141.08,48.0
202606231613,141.09,141.11,141.12,141.05,61.0
202606231614,141.1,141.19,141.19,141.09,43.0
202606231615,141.19,141.25,141.27,141.18,34.0
202606231616,141.24,141.2,141.26,141.13,23.0
202606231617,141.2,141.18,141.21,141.18,23.0
202606231618,141.17,141.16,141.18,141.13,30.0
202606231619,141.16,141.15,141.16,141.1,27.0
202606231620,141.15,141.19,141.21,141.14,42.0
202606231621,141.2,141.24,141.24,141.18,82.0
202606231622,141.23,141.26,141.26,141.21,32.0
202606231623,141.25,141.21,141.27,141.2,33.0
202606231624,141.21,141.08,141.21,141.08,51.0
202606231625,141.08,141.08,141.1,141.03,45.0
202606231626,141.1,141.15,141.15,141.09,38.0
202606231627,141.16,141.09,141.16,141.08,22.0
202606231628,141.1,141.12,141.14,141.09,17.0
202606231629,141.09,141.11,141.12,141.06,31.0
202606231630,141.11,141.11,141.14,141.09,16.0
202606231631,141.12,141.24,141.26,141.12,28.0
202606231632,141.21,141.16,141.23,141.15,24.0
202606231633,141.16,141.18,141.19,141.14,26.0
202606231634,141.19,141.22,141.22,141.17,34.0
202606231635,141.21,141.22,141.24,141.19,51.0
202606231636,141.21,141.23,141.25,141.2,39.0
202606231637,141.22,141.25,141.26,141.21,21.0
202606231638,141.2,141.24,141.24,141.18,38.0
202606231639,141.24,141.2,141.24,141.18,50.0
202606231640,141.2,141.26,141.27,141.2,44.0
202606231641,141.26,141.26,141.26,141.2,67.0
202606231642,141.24,141.06,141.24,141.06,57.0
202606231643,141.06,141.06,141.08,141.02,56.0
202606231644,141.05,141.05,141.06,141.02,38.0
202606231645,141.06,141.14,141.14,141.06,63.0
202606231646,141.14,141.08,141.15,141.08,39.0
202606231647,141.11,141.09,141.12,141.06,29.0
202606231648,141.09,141.08,141.11,141.08,26.0
202606231649,141.08,141.06,141.08,141.05,20.0
202606231650,141.07,141.05,141.09,141.05,36.0
202606231651,141.03,141.05,141.06,141.03,12.0
202606231652,141.08,141.1,141.12,141.07,23.0
202606231653,141.12,141.13,141.16,141.11,79.0
202606231654,141.14,141.14,141.15,141.11,32.0
202606231655,141.11,141.06,141.14,141.05,38.0
202606231656,141.06,141.06,141.09,141.04,14.0
202606231657,141.02,140.94,141.02,140.91,120.0
202606231658,140.91,140.92,140.93,140.87,31.0
202606231659,140.93,140.95,140.97,140.91,28.0
202606231700,140.94,140.9,140.94,140.88,31.0
202606231701,140.89,140.91,140.92,140.86,40.0
202606231702,140.91,140.88,140.95,140.88,61.0
202606231703,140.89,140.95,140.96,140.88,58.0
202606231704,140.95,140.92,140.97,140.91,171.0
202606231705,140.93,140.94,140.96,140.92,58.0
202606231706,140.95,141.01,141.02,140.95,123.0
202606231707,141.03,141.02,141.06,141.02,64.0
202606231708,141.01,141.03,141.07,141.01,43.0
202606231709,141.05,141.06,141.07,141.03,42.0
202606231710,141.06,141.15,141.16,141.06,202.0
202606231711,141.14,141.13,141.14,141.1,38.0
202606231712,141.09,141.07,141.11,141.07,12.0
202606231713,141.09,141.06,141.09,141.05,22.0
202606231714,141.08,141.15,141.15,141.03,54.0
202606231715,141.14,141.15,141.16,141.13,14.0
202606231716,141.14,141.12,141.14,141.09,15.0
202606231717,141.14,141.12,141.16,141.12,20.0
202606231718,141.11,141.15,141.15,141.1,22.0
202606231719,141.17,141.11,141.19,141.11,18.0
202606231720,141.13,141.13,141.14,141.11,18.0
202606231721,141.16,141.18,141.18,141.11,106.0
202606231722,141.19,141.18,141.26,141.17,183.0
202606231723,141.2,141.17,141.21,141.12,148.0
202606231724,141.16,141.29,141.29,141.15,118.0
202606231725,141.29,141.3,141.32,141.27,86.0
202606231726,141.3,141.27,141.3,141.25,43.0
202606231727,141.27,141.2,141.27,141.19,26.0
202606231728,141.2,141.16,141.2,141.07,159.0
202606231729,141.16,141.17,141.18,141.14,26.0
202606231730,141.18,141.2,141.2,141.09,66.0
202606231731,141.17,141.17,141.21,141.17,27.0
202606231732,141.16,141.13,141.16,141.12,18.0
202606231733,141.13,141.17,141.22,141.13,30.0
202606231734,141.16,141.19,141.19,141.15,17.0
202606231735,141.18,141.21,141.21,141.17,39.0
202606231736,141.23,141.22,141.24,141.19,67.0
202606231737,141.23,141.26,141.29,141.23,21.0
202606231738,141.25,141.28,141.28,141.25,22.0
202606231739,141.28,141.31,141.32,141.28,23.0
202606231740,141.32,141.37,141.39,141.3,85.0
202606231741,141.38,141.37,141.38,141.36,28.0
202606231742,141.37,141.34,141.37,141.32,30.0
202606231743,141.32,141.34,141.37,141.32,21.0
202606231744,141.33,141.39,141.39,141.33,32.0
202606231745,141.38,141.54,141.54,141.38,40.0
202606231746,141.51,141.47,141.52,141.45,44.0
202606231747,141.47,141.48,141.51,141.47,22.0
202606231748,141.5,141.5,141.53,141.49,19.0
202606231749,141.52,141.49,141.52,141.47,34.0
202606231750,141.48,141.41,141.48,141.37,97.0
202606231751,141.4,141.36,141.41,141.34,40.0
202606231752,141.36,141.43,141.44,141.35,88.0
202606231753,141.44,141.51,141.54,141.42,121.0
202606231754,141.53,141.5,141.54,141.49,81.0
202606231755,141.48,141.48,141.49,141.45,28.0
202606231756,141.49,141.52,141.53,141.48,42.0
202606231757,141.53,141.51,141.53,141.49,22.0
202606231758,141.51,141.55,141.55,141.49,94.0
202606231759,141.55,141.62,141.62,141.54,45.0
202606231800,141.6,141.55,141.6,141.54,29.0
202606231801,141.54,141.45,141.54,141.41,47.0
202606231802,141.48,141.47,141.49,141.43,30.0
202606231803,141.46,141.5,141.5,141.41,54.0
202606231804,141.5,141.55,141.55,141.47,56.0
202606231805,141.56,141.55,141.57,141.54,20.0
202606231806,141.56,141.66,141.68,141.56,24.0
202606231807,141.65,141.7,141.7,141.64,27.0
202606231808,141.71,141.74,141.74,141.68,44.0
202606231809,141.75,141.71,141.75,141.7,13.0
202606231810,141.71,141.69,141.73,141.69,30.0
202606231811,141.72,141.73,141.74,141.71,40.0
202606231812,141.74,141.73,141.75,141.71,26.0
202606231813,141.74,141.77,141.77,141.73,34.0
202606231814,141.76,141.77,141.78,141.75,26.0
202606231815,141.77,141.83,141.86,141.76,49.0
202606231816,141.84,141.86,141.87,141.83,40.0
202606231817,141.86,141.87,141.87,141.81,62.0
202606231818,141.88,141.9,141.92,141.88,23.0
202606231819,141.91,141.9,141.94,141.9,72.0
202606231820,141.9,141.93,141.94,141.9,37.0
202606231821,141.94,141.89,141.94,141.89,31.0
202606231822,141.89,141.88,141.89,141.85,44.0
202606231823,141.88,141.88,141.9,141.85,28.0
202606231824,141.88,141.88,141.91,141.87,21.0
202606231825,141.9,141.91,141.94,141.9,52.0
202606231826,141.88,141.92,141.92,141.87,51.0
202606231827,141.92,141.9,141.93,141.9,22.0
202606231828,141.9,141.91,141.91,141.85,43.0
202606231829,141.89,141.88,141.9,141.87,19.0
202606231830,141.88,141.89,141.89,141.84,62.0
202606231831,141.9,141.93,141.93,141.86,73.0
202606231832,141.92,141.91,141.94,141.91,64.0
202606231833,141.92,141.91,141.94,141.9,56.0
202606231834,141.91,141.95,141.95,141.91,42.0
202606231835,141.95,141.95,141.95,141.92,40.0
202606231836,141.96,141.98,141.99,141.95,49.0
202606231837,141.98,141.98,141.99,141.96,45.0
202606231838,141.98,141.96,141.98,141.92,174.0
202606231839,141.97,141.98,142.0,141.96,77.0
202606231840,142.0,142.01,142.02,141.96,56.0
202606231841,142.01,142.06,142.08,141.98,45.0
202606231842,142.06,142.02,142.13,142.02,58.0
202606231843,141.97,142.0,142.01,141.96,28.0
202606231844,142.01,142.06,142.08,142.01,44.0
202606231845,142.07,142.07,142.1,142.04,50.0
202606231846,142.05,142.06,142.06,141.99,43.0
202606231847,142.05,142.11,142.12,142.01,35.0
202606231848,142.11,142.09,142.11,142.05,28.0
202606231849,142.12,142.11,142.17,142.11,58.0
202606231850,142.12,142.14,142.14,142.09,38.0
202606231851,142.11,142.11,142.13,142.1,37.0
202606231852,142.12,142.13,142.14,142.09,94.0
202606231853,142.13,142.12,142.13,142.09,42.0
202606231854,142.11,142.05,142.12,142.01,51.0
202606231855,142.04,141.99,142.05,141.99,78.0
202606231856,142.01,142.04,142.04,141.98,95.0
202606231857,142.01,142.01,142.04,141.98,82.0
202606231858,142.0,141.97,142.01,141.96,32.0
202606231859,141.95,142.05,142.07,141.93,127.0
202606231900,142.06,142.02,142.06,141.98,48.0
202606231901,142.02,141.87,142.03,141.79,191.0
202606231902,141.86,141.81,141.87,141.81,25.0
202606231903,141.81,141.81,141.86,141.75,76.0
202606231904,141.78,141.89,141.89,141.78,59.0
202606231905,141.89,141.91,141.93,141.85,54.0
202606231906,141.88,141.96,141.96,141.88,54.0
202606231907,141.97,142.02,142.02,141.95,104.0
202606231908,142.02,142.0,142.07,141.99,42.0
202606231909,141.98,142.02,142.03,141.97,70.0
202606231910,142.02,142.03,142.07,142.0,51.0
202606231911,142.02,141.95,142.02,141.94,58.0
202606231912,141.94,141.88,141.95,141.87,49.0
202606231913,141.9,141.85,141.9,141.83,43.0
202606231914,141.84,141.84,141.88,141.8,116.0
202606231915,141.84,141.83,141.85,141.77,73.0
202606231916,141.82,141.81,141.82,141.77,35.0
202606231917,141.8,141.86,141.87,141.8,66.0
202606231918,141.85,141.84,141.86,141.83,46.0
202606231919,141.84,141.9,141.9,141.83,51.0
202606231920,141.9,141.95,141.96,141.88,62.0
202606231921,141.96,141.96,141.99,141.94,63.0
202606231922,141.96,142.05,142.06,141.95,90.0
202606231923,142.06,142.03,142.08,141.99,70.0
202606231924,142.04,142.02,142.04,141.93,36.0
202606231925,142.02,142.03,142.04,142.0,45.0
202606231926,142.01,142.09,142.11,142.0,87.0
202606231927,142.11,142.09,142.12,142.04,63.0
202606231928,142.07,142.07,142.12,142.05,59.0
202606231929,142.07,141.99,142.07,141.99,70.0
202606231930,142.0,141.93,142.02,141.93,95.0
202606231931,141.95,141.92,142.02,141.92,87.0
202606231932,141.92,141.89,141.92,141.85,80.0
202606231933,141.89,141.86,141.95,141.86,102.0
202606231934,141.84,141.82,141.84,141.79,68.0
202606231935,141.83,141.91,141.94,141.83,118.0
202606231936,141.93,141.86,141.93,141.79,111.0
202606231937,141.88,141.88,141.92,141.87,96.0
202606231938,141.88,141.85,141.89,141.83,107.0
202606231939,141.86,141.81,141.86,141.76,84.0
202606231940,141.81,141.89,141.91,141.8,106.0
202606231941,141.88,141.87,141.92,141.83,189.0
202606231942,141.88,141.9,142.01,141.87,67.0
202606231943,141.89,141.89,141.9,141.86,102.0
202606231944,141.88,141.86,141.9,141.84,90.0
202606231945,141.86,141.94,141.97,141.81,133.0
202606231946,141.93,141.91,141.96,141.9,114.0
202606231947,141.92,141.93,141.96,141.9,158.0
202606231948,141.92,141.97,141.98,141.92,129.0
202606231949,141.98,142.0,142.0,141.94,87.0
202606231950,142.0,142.03,142.13,141.94,234.0
202606231951,142.02,141.88,142.03,141.85,264.0
202606231952,141.89,141.94,142.01,141.85,372.0
202606231953,141.96,141.93,142.05,141.91,194.0
202606231954,141.93,142.05,142.09,141.9,333.0
202606231955,142.04,141.99,142.1,141.94,381.0
202606231956,142.0,142.11,142.12,141.97,400.0
202606231957,142.12,142.28,142.35,142.1,727.0
202606231958,142.28,142.29,142.36,142.24,850.0
202606231959,142.28,142.04,142.36,142.0,1951.0
202606232000,141.99,142.05,142.05,141.99,17596.0
202606232001,141.91,141.91,141.91,141.91,1.0
202606232002,141.91,141.91,141.91,141.91,0.0
202606232003,141.91,141.91,141.91,141.91,0.0
202606232004,141.91,141.91,141.91,141.91,0.0
202606232005,141.91,141.91,141.91,141.91,0.0
202606232006,141.91,141.91,141.91,141.91,0.0
202606232007,141.91,141.91,141.91,141.91,0.0
202606232008,141.91,141.91,141.91,141.91,0.0
202606232009,141.91,141.91,141.91,141.91,0.0
202606232010,141.91,141.91,141.91,141.91,0.0
202606232011,141.91,141.91,141.91,141.91,0.0
202606232012,141.91,141.91,141.91,141.91,0.0
202606232013,141.91,141.91,141.91,141.91,0.0
202606232014,141.91,141.91,141.91,141.91,0.0
202606232015,141.91,141.91,141.91,141.91,0.0
202606232016,141.91,141.91,141.91,141.91,0.0
202606232017,141.91,141.91,141.91,141.91,0.0
202606232018,141.91,141.91,141.91,141.91,0.0
202606232019,141.91,141.91,141.91,141.91,0.0
202606232020,141.91,141.91,141.91,141.91,0.0
202606232021,141.91,141.91,141.91,141.91,0.0
202606232022,141.91,141.91,141.91,141.91,0.0
202606232023,141.91,141.91,141.91,141.91,0.0
202606232024,141.91,141.91,141.91,141.91,0.0
202606232025,141.91,141.91,141.91,141.91,0.0
202606232026,141.91,141.91,141.91,141.91,0.0
202606232027,141.91,141.91,141.91,141.91,0.0
202606232028,141.91,141.91,141.91,141.91,0.0
202606232029,141.91,141.91,141.91,141.91,0.0
202606232030,141.91,141.91,141.91,141.91,0.0
202606232031,141.91,141.91,141.91,141.91,0.0
202606232032,141.91,141.91,141.91,141.91,0.0
202606232033,141.91,141.91,141.91,141.91,0.0
202606232034,141.91,141.91,141.91,141.91,0.0
202606232035,141.91,141.91,141.91,141.91,0.0
202606232036,141.91,141.91,141.91,141.91,0.0
202606232037,141.91,141.91,141.91,141.91,0.0
202606232038,141.91,141.91,141.91,141.91,0.0
202606232039,141.91,141.91,141.91,141.91,0.0
202606232040,141.91,141.91,141.91,141.91,0.0
202606232041,141.91,141.91,141.91,141.91,0.0
202606232042,141.91,141.91,141.91,141.91,0.0
202606232043,141.91,141.91,141.91,141.91,0.0
202606232044,141.91,141.91,141.91,141.91,0.0
202606232045,141.91,141.91,141.91,141.91,0.0
202606232046,141.91,141.91,141.91,141.91,0.0
202606232047,141.91,141.91,141.91,141.91,0.0
202606232048,141.91,141.91,141.91,141.91,0.0
202606232049,142.06,142.06,142.06,142.06,1.0
202606232050,142.06,142.06,142.06,142.06,0.0
202606232051,142.06,142.06,142.06,142.06,0.0
202606232052,142.06,142.06,142.06,142.06,0.0
202606232053,142.06,142.06,142.06,142.06,0.0
202606232054,142.06,142.06,142.06,142.06,0.0
202606232055,142.06,142.06,142.06,142.06,0.0
202606232056,142.06,142.06,142.06,142.06,0.0
202606232057,142.06,142.06,142.06,142.06,0.0
202606232058,142.06,142.06,142.06,142.06,0.0
202606232059,142.06,142.06,142.06,142.06,0.0
202606232100,142.06,142.06,142.06,142.06,0.0
202606232101,142.06,142.06,142.06,142.06,0.0
202606232102,142.06,142.06,142.06,142.06,0.0
202606232103,142.06,142.06,142.06,142.06,0.0
202606232104,142.06,142.06,142.06,142.06,0.0
202606232105,142.06,142.06,142.06,142.06,0.0
202606232106,142.06,142.06,142.06,142.06,0.0
202606232107,142.06,142.06,142.06,142.06,0.0
202606232108,142.06,142.06,142.06,142.06,0.0
202606232109,142.06,142.06,142.06,142.06,0.0
202606232110,142.06,142.06,142.06,142.06,0.0
202606232111,142.06,142.06,142.06,142.06,0.0
202606232112,142.06,142.06,142.06,142.06,0.0
202606232113,142.06,142.06,142.06,142.06,0.0
202606232114,142.06,142.06,142.06,142.06,0.0
202606232115,142.06,142.06,142.06,142.06,0.0
202606232116,142.06,142.06,142.06,142.06,0.0
202606232117,142.06,142.06,142.06,142.06,0.0
202606232118,142.06,142.06,142.06,142.06,0.0
202606232119,142.06,142.06,142.06,142.06,0.0
202606232120,142.06,142.06,142.06,142.06,0.0
202606232121,142.06,142.06,142.06,142.06,0.0
202606232122,142.06,142.06,142.06,142.06,0.0
202606232123,142.06,142.06,142.06,142.06,0.0
202606232124,142.06,142.06,142.06,142.06,0.0
202606232125,142.06,142.06,142.06,142.06,0.0
202606232126,142.06,142.06,142.06,142.06,0.0
202606232127,142.06,142.06,142.06,142.06,0.0
202606232128,142.06,142.06,142.06,142.06,0.0
202606232129,142.06,142.06,142.06,142.06,0.0
202606232130,142.06,142.06,142.06,142.06,0.0
202606232131,142.06,142.06,142.06,142.06,0.0
202606232132,142.06,142.06,142.06,142.06,0.0
202606232133,142.06,142.06,142.06,142.06,0.0
202606232134,142.06,142.06,142.06,142.06,0.0
202606232135,142.06,142.06,142.06,142.06,0.0
202606232136,142.06,142.06,142.06,142.06,0.0
202606232137,142.06,142.06,142.06,142.06,0.0
202606232138,142.06,142.06,142.06,142.06,0.0
202606232139,142.06,142.06,142.06,142.06,0.0
202606232140,142.06,142.06,142.06,142.06,0.0
202606232141,142.06,142.06,142.06,142.06,0.0
202606232142,142.06,142.06,142.06,142.06,0.0
202606232143,142.06,142.06,142.06,142.06,0.0
202606232144,142.06,142.06,142.06,142.06,0.0
202606232145,142.06,142.06,142.06,142.06,0.0
202606232146,142.06,142.06,142.06,142.06,0.0
202606232147,142.06,142.06,142.06,142.06,0.0
202606232148,142.06,142.06,142.06,142.06,0.0
202606232149,142.06,142.06,142.06,142.06,0.0
202606232150,142.06,142.06,142.06,142.06,0.0
202606232151,142.06,142.06,142.06,142.06,0.0
202606232152,142.06,142.06,142.06,142.06,0.0
202606232153,142.06,142.06,142.06,142.06,0.0
202606232154,142.06,142.06,142.06,142.06,0.0
202606232155,142.06,142.06,142.06,142.06,0.0
202606232156,142.06,142.06,142.06,142.06,0.0
202606232157,142.06,142.06,142.06,142.06,0.0
202606232158,142.06,142.06,142.06,142.06,0.0
202606232159,142.15,142.15,142.15,142.15,1.0
202606232200,142.15,142.15,142.15,142.15,0.0
202606232201,142.15,142.15,142.15,142.15,0.0
202606232202,142.15,142.15,142.15,142.15,0.0
202606232203,142.15,142.15,142.15,142.15,0.0
202606232204,142.15,142.15,142.15,142.15,0.0
202606232205,142.15,142.15,142.15,142.15,0.0
202606232206,142.15,142.15,142.15,142.15,0.0
202606232207,142.15,142.15,142.15,142.15,0.0
202606232208,142.15,142.15,142.15,142.15,0.0
202606232209,142.15,142.15,142.15,142.15,0.0
202606232210,142.15,142.15,142.15,142.15,0.0
202606232211,142.15,142.15,142.15,142.15,0.0
202606232212,142.15,142.15,142.15,142.15,0.0
202606232213,142.15,142.15,142.15,142.15,0.0
202606232214,142.15,142.15,142.15,142.15,0.0
202606232215,142.15,142.15,142.15,142.15,0.0
202606232216,142.15,142.15,142.15,142.15,0.0
202606232217,142.15,142.15,142.15,142.15,0.0
202606232218,142.15,142.15,142.15,142.15,0.0
202606232219,142.15,142.15,142.15,142.15,0.0
202606232220,142.05,142.05,142.05,142.05,15.0
202606232221,142.05,142.05,142.05,142.05,0.0
202606232222,142.05,142.05,142.05,142.05,0.0
202606232223,142.05,142.05,142.05,142.05,0.0
202606232224,142.05,142.05,142.05,142.05,0.0
202606232225,142.05,142.05,142.05,142.05,0.0
202606232226,142.05,142.05,142.05,142.05,0.0
202606232227,142.06,142.06,142.06,142.06,1.0
202606232228,142.06,142.06,142.06,142.06,0.0
202606232229,142.06,142.06,142.06,142.06,0.0
202606232230,142.06,142.06,142.06,142.06,0.0
202606232231,142.06,142.06,142.06,142.06,0.0
202606232232,142.06,142.06,142.06,142.06,0.0
202606232233,142.06,142.06,142.06,142.06,0.0
202606232234,142.06,142.06,142.06,142.06,0.0
202606232235,142.06,142.06,142.06,142.06,0.0
202606232236,142.18,142.18,142.18,142.18,1.0
202606232237,142.18,142.18,142.18,142.18,0.0
202606232238,142.18,142.18,142.18,142.18,0.0
202606232239,142.18,142.18,142.18,142.18,0.0
202606232240,142.18,142.18,142.18,142.18,0.0
202606232241,142.18,142.18,142.18,142.18,0.0
202606232242,142.18,142.18,142.18,142.18,0.0
202606232243,142.18,142.18,142.18,142.18,0.0
202606232244,142.18,142.18,142.18,142.18,0.0
202606232245,142.18,142.18,142.18,142.18,0.0
202606232246,142.18,142.18,142.18,142.18,0.0
202606232247,142.18,142.18,142.18,142.18,0.0
202606232248,142.18,142.18,142.18,142.18,0.0
202606232249,142.18,142.18,142.18,142.18,0.0
202606232250,142.18,142.18,142.18,142.18,0.0
202606232251,142.18,142.18,142.18,142.18,0.0
202606232252,142.18,142.18,142.18,142.18,0.0
202606232253,142.18,142.18,142.18,142.18,0.0
202606232254,142.18,142.18,142.18,142.18,0.0
202606232255,142.18,142.18,142.18,142.18,0.0
202606232256,142.18,142.18,142.18,142.18,0.0
202606232257,142.18,142.18,142.18,142.18,0.0
202606232258,142.18,142.18,142.18,142.18,0.0
202606232259,142.18,142.18,142.18,142.18,0.0
202606232300,142.18,142.18,142.18,142.18,0.0
202606232301,142.18,142.18,142.18,142.18,0.0
202606232302,142.18,142.18,142.18,142.18,0.0
202606232303,142.1,142.1,142.1,142.1,1.0
202606232304,142.17,142.17,142.17,142.17,1.0
202606232305,142.17,142.17,142.17,142.17,0.0
202606232306,142.17,142.17,142.17,142.17,0.0
202606232307,142.17,142.17,142.17,142.17,0.0
202606232308,142.17,142.17,142.17,142.17,0.0
202606232309,142.17,142.17,142.17,142.17,0.0
202606232310,142.17,142.17,142.17,142.17,0.0
202606232311,142.17,142.17,142.17,142.17,0.0
202606232312,142.17,142.17,142.17,142.17,0.0
202606232313,142.17,142.17,142.17,142.17,0.0
202606232314,142.17,142.17,142.17,142.17,0.0
202606232315,142.17,142.17,142.17,142.17,0.0
202606232316,142.17,142.17,142.17,142.17,0.0
202606232317,142.17,142.17,142.17,142.17,0.0
202606232318,142.17,142.17,142.17,142.17,0.0
202606232319,142.17,142.17,142.17,142.17,0.0
202606232320,142.17,142.17,142.17,142.17,0.0
202606232321,142.17,142.17,142.17,142.17,0.0
202606232322,142.17,142.17,142.17,142.17,0.0
202606232323,142.17,142.17,142.17,142.17,0.0
202606232324,142.17,142.17,142.17,142.17,0.0
202606232325,142.17,142.17,142.17,142.17,0.0
202606232326,142.17,142.17,142.17,142.17,0.0
202606232327,142.17,142.17,142.17,142.17,0.0
202606232328,142.17,142.17,142.17,142.17,0.0
202606232329,142.17,142.17,142.17,142.17,0.0
202606232330,142.17,142.17,142.17,142.17,0.0
202606232331,142.17,142.17,142.17,142.17,0.0
202606232332,142.17,142.17,142.17,142.17,0.0
202606232333,142.17,142.17,142.17,142.17,0.0
202606232334,142.17,142.17,142.17,142.17,0.0
202606232335,142.17,142.17,142.17,142.17,0.0
202606232336,142.17,142.17,142.17,142.17,0.0
202606232337,142.17,142.17,142.17,142.17,0.0
202606232338,142.17,142.17,142.17,142.17,0.0
202606232339,142.17,142.17,142.17,142.17,0.0
202606232340,142.17,142.17,142.17,142.17,0.0
202606232341,142.17,142.17,142.17,142.17,0.0
202606232342,142.17,142.17,142.17,142.17,0.0
202606232343,142.17,142.17,142.17,142.17,0.0
202606232344,142.17,142.17,142.17,142.17,0.0
202606232345,142.17,142.17,142.17,142.17,0.0
202606232346,142.17,142.17,142.17,142.17,0.0
202606232347,142.17,142.17,142.17,142.17,0.0
202606232348,142.17,142.17,142.17,142.17,0.0
202606232349,142.17,142.17,142.17,142.17,0.0
202606232350,142.17,142.17,142.17,142.17,0.0
202606232351,142.17,142.17,142.17,142.17,0.0
202606232352,142.17,142.17,142.17,142.17,0.0
202606232353,142.17,142.17,142.17,142.17,0.0
202606232354,142.17,142.17,142.17,142.17,0.0
202606232355,142.17,142.17,142.17,142.17,0.0
202606232356,142.17,142.17,142.17,142.17,0.0
202606232357,142.17,142.17,142.17,142.17,0.0
202606232358,142.17,142.17,142.17,142.17,0.0
202606232359,142.17,142.17,142.17,142.17,0.0
202606240800,141.2197,142.218,142.3888,140.8767,0.0
202606240801,141.8,141.0,142.29,141.0,0.0
202606240809,141.71,142.06,142.06,141.14,0.0
202606240814,140.9712,140.9712,140.9712,140.9712,0.0
202606240819,141.7,141.75,141.75,141.7,0.0
202606240821,141.72,141.72,141.72,141.72,0.0
202606240825,141.52,141.5,141.52,141.5,0.0
202606240826,141.82,141.82,141.82,141.82,0.0
202606240830,142.08,142.08,142.08,142.08,0.0
202606240831,141.82,141.82,141.82,141.82,0.0
202606240837,141.46,141.46,141.46,141.46,0.0
202606240845,141.46,141.46,141.46,141.46,0.0
202606240915,141.46,141.46,141.46,141.46,0.0
202606240919,141.48,141.48,141.48,141.48,0.0
202606240927,141.92,141.92,141.92,141.92,0.0
202606240933,141.84,141.84,141.84,141.84,0.0
202606240940,141.49,141.47,141.49,141.47,0.0
202606240943,141.3,141.3,141.3,141.3,0.0
202606240955,142.0,142.0,142.0,142.0,0.0
202606241000,141.65,141.65,141.65,141.65,0.0
202606241007,140.988,140.988,140.988,140.988,0.0
202606241009,142.0519,142.0519,142.0519,142.0519,0.0
202606241011,142.0,142.0,142.0,142.0,0.0
202606241012,141.87,141.58,141.87,141.58,0.0
202606241048,141.73,141.73,141.73,141.73,0.0
202606241053,141.59,141.58,141.59,141.58,0.0
202606241058,141.76,141.77,141.77,141.76,0.0
202606241100,141.54,141.79,142.0788,141.54,0.0
202606241103,141.88,141.88,141.88,141.88,0.0
202606241105,141.88,141.71,141.88,141.71,0.0
202606241107,141.5012,141.5012,141.5012,141.5012,0.0
202606241112,141.71,141.71,141.71,141.71,0.0
202606241114,141.99,142.0,142.0,141.99,0.0
202606241123,141.97,142.09,142.09,141.97,0.0
202606241124,142.12,142.12,142.12,142.12,0.0
202606241125,142.08,142.08,142.08,142.08,0.0
202606241128,142.06,142.1,142.1,142.06,0.0
202606241129,142.08,142.08,142.08,142.08,0.0
202606241131,142.06,142.06,142.06,142.06,0.0
202606241138,142.11,142.11,142.11,142.11,0.0
202606241145,142.06,142.06,142.06,142.06,0.0
202606241151,142.12,142.12,142.12,142.12,0.0
202606241157,141.5282,141.5282,141.5282,141.5282,0.0
202606241200,142.0,142.0,142.0,142.0,0.0
202606241204,142.0,142.0,142.0,142.0,0.0
202606241211,142.06,141.5,142.06,141.5,0.0
202606241214,142.04,142.04,142.04,142.04,0.0
202606241216,142.06,142.06,142.06,142.06,0.0
202606241221,142.06,142.11,142.11,142.06,0.0
202606241226,142.06,142.06,142.06,142.06,0.0
202606241228,142.0,142.0,142.0,142.0,0.0
202606241229,142.0,142.0,142.0,142.0,0.0
202606241232,142.0,142.0,142.0,142.0,0.0
202606241234,142.0,142.0,142.0,142.0,0.0
202606241235,142.1188,142.1188,142.1188,142.1188,0.0
202606241242,142.1188,142.1188,142.1188,142.1188,0.0
202606241244,142.11,141.76,142.11,141.76,0.0
202606241246,141.9,141.9,141.9,141.9,0.0
202606241247,141.9,142.12,142.12,141.9,0.0
202606241251,141.97,141.97,141.97,141.97,0.0
202606241256,141.89,141.89,141.89,141.89,0.0
202606241257,141.86,141.5097,141.86,141.5097,0.0
202606241258,141.83,141.83,141.83,141.83,0.0
202606241259,141.82,141.82,141.82,141.82,0.0
202606241301,141.81,141.81,141.81,141.81,0.0
202606241304,141.99,141.99,141.99,141.99,0.0
202606241306,142.04,142.05,142.05,142.04,0.0
202606241307,142.01,142.01,142.01,142.01,0.0
202606241308,142.1045,142.1045,142.1045,142.1045,0.0
202606241309,142.11,142.12,142.12,141.91,0.0
202606241310,141.91,141.91,141.91,141.91,0.0
202606241313,142.14,142.77,142.77,142.14,0.0
202606241314,141.99,141.99,141.99,141.99,0.0
202606241318,142.14,142.0,142.77,141.5,0.0
202606241319,142.0,142.0,142.0,142.0,0.0
202606241320,142.6088,142.6088,142.6088,142.6088,0.0
202606241322,141.55,141.55,141.55,141.55,0.0
202606241323,142.39,142.39,142.39,142.39,0.0
202606241325,142.76,142.46,142.83,142.37,0.0
202606241326,142.7051,142.7051,142.7051,142.7051,0.0
202606241329,142.05,142.07,142.09,142.05,0.0
202606241330,142.27000427246094,142.1300048828125,142.42999267578125,142.07000732421875,178697.0
202606241331,142.14199829101562,142.19000244140625,142.2449951171875,141.6699981689453,17535.0
202606241332,142.14999389648438,142.2100067138672,142.2449951171875,141.9499969482422,8732.0
202606241333,142.25999450683594,142.55499267578125,142.5850067138672,142.25999450683594,12725.0
202606241334,142.64999389648438,142.69000244140625,142.80999755859375,142.58999633789062,9614.0
202606241335,142.72999572753906,142.77999877929688,142.94000244140625,142.72999572753906,6619.0
202606241336,142.85000610351562,142.9149932861328,142.9199981689453,142.79359436035156,9152.0
202606241337,142.99000549316406,143.0449981689453,143.11000061035156,142.96490478515625,15883.0
202606241338,142.98500061035156,143.2449951171875,143.2449951171875,142.98500061035156,9267.0
202606241339,143.2449951171875,143.11000061035156,143.25,143.10499572753906,15711.0
202606241340,143.1699981689453,143.19000244140625,143.35000610351562,143.0,35446.0
202606241341,143.08799743652344,143.3300018310547,143.33599853515625,143.08799743652344,14147.0
202606241342,143.2899932861328,143.30999755859375,143.3699951171875,143.2899932861328,11532.0
202606241343,143.32000732421875,143.36000061035156,143.41000366210938,143.27000427246094,13546.0
202606241344,143.42999267578125,143.52000427246094,143.52999877929688,143.33999633789062,16015.0
202606241345,143.50999450683594,143.25999450683594,143.5500030517578,143.1999969482422,14341.0
202606241346,143.19000244140625,142.6699981689453,143.19000244140625,142.6699981689453,13103.0
202606241347,142.7050018310547,142.88999938964844,142.91000366210938,142.6300048828125,9250.0
202606241348,142.9199981689453,142.82000732421875,143.0500030517578,142.82000732421875,11926.0
202606241349,142.75,142.8800048828125,142.97000122070312,142.72000122070312,21630.0
202606241350,142.75,142.6300048828125,142.77999877929688,142.5800018310547,10487.0
202606241351,142.69000244140625,142.5500030517578,142.75999450683594,142.5399932861328,12608.0
202606241352,142.55999755859375,142.63499450683594,142.6649932861328,142.55999755859375,9570.0
202606241353,142.58999633789062,142.5399932861328,142.67999267578125,142.52000427246094,16722.0
202606241354,142.53500366210938,142.57000732421875,142.72999572753906,142.5,8752.0
202606241355,142.5749969482422,142.59500122070312,142.7899932861328,142.5749969482422,10508.0
202606241356,142.67999267578125,142.84500122070312,142.8699951171875,142.6750030517578,13528.0
202606241357,142.80999755859375,142.86500549316406,142.8699951171875,142.7324981689453,22137.0
202606241358,142.85000610351562,142.88999938964844,142.9759979248047,142.85000610351562,30078.0
202606241359,142.88999938964844,142.80999755859375,142.89999389648438,142.63499450683594,20307.0
202606241400,142.83999633789062,143.02000427246094,143.05999755859375,142.83999633789062,17398.0
202606241401,143.02000427246094,142.82000732421875,143.1300048828125,142.81500244140625,34199.0
202606241402,142.91000366210938,142.84500122070312,143.1199951171875,142.84500122070312,20335.0
202606241403,142.85499572753906,142.89999389648438,142.9600067138672,142.77999877929688,9443.0
202606241404,142.86000061035156,142.8699951171875,142.939697265625,142.85000610351562,5550.0
202606241405,142.875,142.72999572753906,142.875,142.63999938964844,14068.0
202606241406,142.7550048828125,142.56500244140625,142.7550048828125,142.47999572753906,12925.0
202606241407,142.56500244140625,142.64999389648438,142.6999969482422,142.52999877929688,11060.0
202606241408,142.6199951171875,142.4199981689453,142.6300048828125,142.4199981689453,17204.0
202606241409,142.4199981689453,142.5449981689453,142.5699005126953,142.40550231933594,9418.0
202606241410,142.4949951171875,142.61000061035156,142.61000061035156,142.39500427246094,19592.0
202606241411,142.60000610351562,142.68499755859375,142.68499755859375,142.55999755859375,7335.0
202606241412,142.6999969482422,142.92999267578125,142.92999267578125,142.6999969482422,19736.0
202606241413,142.91000366210938,142.88499450683594,142.9600067138672,142.85000610351562,16062.0
202606241414,142.85060119628906,142.73500061035156,142.85060119628906,142.7100067138672,7371.0
202606241415,142.76499938964844,142.99000549316406,142.99000549316406,142.73500061035156,6176.0
202606241416,143.00990295410156,143.25999450683594,143.27999877929688,143.00990295410156,14434.0
202606241417,143.25,143.27000427246094,143.2899932861328,143.24000549316406,15428.0
202606241418,143.22999572753906,143.1999969482422,143.22999572753906,143.0749969482422,17365.0
202606241419,143.18499755859375,143.24000549316406,143.2899932861328,143.14999389648438,10718.0
202606241420,143.2550048828125,143.22500610351562,143.3350067138672,143.22500610351562,19305.0
202606241421,143.2550048828125,143.19000244140625,143.30499267578125,143.1699981689453,21669.0
202606241422,143.1999969482422,143.18780517578125,143.22000122070312,143.11000061035156,9588.0
202606241423,143.19500732421875,143.0800018310547,143.2100067138672,143.0749969482422,8982.0
202606241424,143.11000061035156,143.10000610351562,143.1300048828125,143.07000732421875,6691.0
202606241425,143.1699981689453,143.0500030517578,143.1699981689453,143.0500030517578,9680.0
202606241426,143.0749969482422,143.02499389648438,143.0800018310547,142.98500061035156,10163.0
202606241427,143.0,143.02000427246094,143.0399932861328,142.94000244140625,14170.0
202606241428,143.05990600585938,142.91000366210938,143.05990600585938,142.88499450683594,7314.0
202606241429,142.8800048828125,142.75999450683594,142.8800048828125,142.7550048828125,7633.0
202606241430,142.77000427246094,142.83999633789062,142.83999633789062,142.75,9692.0
202606241431,142.85000610351562,142.72999572753906,142.86500549316406,142.7100067138672,12078.0
202606241432,142.8000030517578,142.81500244140625,142.85000610351562,142.77999877929688,5697.0
202606241433,142.82000732421875,142.75,142.85000610351562,142.72999572753906,16073.0
202606241434,142.73500061035156,142.4499969482422,142.75999450683594,142.4499969482422,26867.0
202606241435,142.48959350585938,142.38499450683594,142.48959350585938,142.38499450683594,13316.0
202606241436,142.41000366210938,142.47999572753906,142.5449981689453,142.41000366210938,12679.0
202606241437,142.49000549316406,142.47999572753906,142.5399932861328,142.4550018310547,13183.0
202606241438,142.5,142.4550018310547,142.50999450683594,142.42999267578125,17181.0
202606241439,142.4600067138672,142.47500610351562,142.5399932861328,142.4499969482422,8739.0
202606241440,142.47999572753906,142.57000732421875,142.5800018310547,142.47999572753906,9456.0
202606241441,142.5800018310547,142.58999633789062,142.64999389648438,142.5800018310547,11985.0
202606241442,142.59500122070312,142.5800018310547,142.60000610351562,142.55999755859375,6857.0
202606241443,142.55999755859375,142.52499389648438,142.57000732421875,142.51499938964844,11778.0
202606241444,142.51499938964844,142.4250030517578,142.51499938964844,142.4250030517578,10715.0
202606241445,142.47000122070312,142.44000244140625,142.47999572753906,142.42999267578125,8420.0
202606241446,142.4199981689453,142.3300018310547,142.4250030517578,142.28500366210938,18195.0
202606241447,142.36000061035156,142.25999450683594,142.36000061035156,142.22999572753906,7254.0
202606241448,142.2899932861328,142.36000061035156,142.38999938964844,142.2899932861328,20539.0
202606241449,142.33999633789062,142.36000061035156,142.41000366210938,142.33999633789062,12616.0
202606241450,142.3699951171875,142.49000549316406,142.49000549316406,142.35000610351562,19594.0
202606241451,142.50999450683594,142.6999969482422,142.6999969482422,142.50999450683594,17458.0
202606241452,142.7050018310547,142.77499389648438,142.77499389648438,142.7050018310547,6776.0
202606241453,142.7899932861328,142.81500244140625,142.8350067138672,142.77999877929688,6771.0
202606241454,142.83999633789062,143.02499389648438,143.02499389648438,142.80999755859375,13808.0
202606241455,143.03050231933594,143.07000732421875,143.0850067138672,143.02499389648438,12177.0
202606241456,143.07290649414062,142.93499755859375,143.07290649414062,142.93499755859375,15397.0
202606241457,142.93499755859375,142.98500061035156,143.02999877929688,142.89500427246094,13495.0
202606241458,142.97500610351562,142.88499450683594,142.97500610351562,142.8603057861328,8644.0
202606241459,142.9199981689453,142.84500122070312,142.9799041748047,142.81500244140625,12208.0
202606241500,142.8699951171875,143.0449981689453,143.05999755859375,142.83999633789062,25127.0
202606241501,143.0449981689453,143.0800018310547,143.0800018310547,143.02000427246094,9046.0
202606241502,143.07000732421875,143.0,143.0800018310547,142.97500610351562,38138.0
202606241503,143.02000427246094,142.98500061035156,143.0449981689453,142.96499633789062,8745.0
202606241504,142.97000122070312,142.88999938964844,142.99029541015625,142.88999938964844,9177.0
202606241505,142.87010192871094,142.9499969482422,142.9499969482422,142.8350067138672,8388.0
202606241506,142.94000244140625,142.9949951171875,143.00990295410156,142.94000244140625,8901.0
202606241507,143.00999450683594,143.10000610351562,143.1300048828125,143.00999450683594,18798.0
202606241508,143.0800018310547,143.07000732421875,143.10000610351562,143.02999877929688,9422.0
202606241509,143.05999755859375,143.02999877929688,143.0800018310547,142.94000244140625,23539.0
202606241510,143.02499389648438,143.22999572753906,143.22999572753906,142.99000549316406,31834.0
202606241511,143.24000549316406,143.1300048828125,143.24000549316406,143.1300048828125,12604.0
202606241512,143.13499450683594,143.1999969482422,143.22999572753906,143.13499450683594,13959.0
202606241513,143.1999969482422,143.13999938964844,143.1999969482422,143.1300048828125,10212.0
202606241514,143.14999389648438,143.08999633789062,143.16000366210938,143.0449981689453,15474.0
202606241515,143.11000061035156,143.1649932861328,143.1699981689453,143.08999633789062,11648.0
202606241516,143.1699981689453,143.19000244140625,143.1999969482422,143.16000366210938,5841.0
202606241517,143.1999969482422,143.27999877929688,143.27999877929688,143.1999969482422,8675.0
202606241518,143.27000427246094,143.2899932861328,143.33749389648438,143.25,17914.0
202606241519,143.30499267578125,143.38499450683594,143.49000549316406,143.2899932861328,40660.0
202606241520,143.36500549316406,143.49000549316406,143.52999877929688,143.33999633789062,22168.0
202606241521,143.5,143.52000427246094,143.5500030517578,143.5,4993.0
202606241522,143.53500366210938,143.5399932861328,143.5800018310547,143.50999450683594,21762.0
202606241523,143.58999633789062,143.69000244140625,143.72999572753906,143.55999755859375,13822.0
202606241524,143.6999969482422,143.69000244140625,143.74000549316406,143.69000244140625,8045.0
202606241525,143.67999267578125,143.5050048828125,143.67999267578125,143.5050048828125,13289.0
202606241526,143.5,143.48989868164062,143.5,143.42999267578125,7285.0
202606241527,143.48500061035156,143.5399932861328,143.5399932861328,143.47000122070312,4853.0
202606241528,143.5399932861328,143.4199981689453,143.5399932861328,143.4149932861328,4910.0
202606241529,143.43499755859375,143.4250030517578,143.43499755859375,143.375,16408.0
202606241530,143.44000244140625,143.5399932861328,143.54989624023438,143.40499877929688,13087.0
202606241531,143.5500030517578,143.56500244140625,143.56500244140625,143.52999877929688,12691.0
202606241532,143.5749969482422,143.6199951171875,143.64999389648438,143.5749969482422,18362.0
202606241533,143.60499572753906,143.57009887695312,143.61000061035156,143.57009887695312,5515.0
202606241534,143.55999755859375,143.50999450683594,143.55999755859375,143.50999450683594,4063.0
202606241535,143.52139282226562,143.39999389648438,143.52139282226562,143.3800048828125,9671.0
202606241536,143.39999389648438,143.38999938964844,143.40499877929688,143.3350067138672,26994.0
202606241537,143.3800048828125,143.36500549316406,143.3800048828125,143.36500549316406,3959.0
202606241538,143.3800048828125,143.3699951171875,143.3800048828125,143.3699951171875,4068.0
202606241539,143.38999938964844,143.39230346679688,143.42999267578125,143.38999938964844,8749.0
202606241540,143.38999938964844,143.2949981689453,143.38999938964844,143.2949981689453,12444.0
202606241541,143.2949981689453,143.31500244140625,143.32000732421875,143.2550048828125,14992.0
202606241542,143.3300018310547,143.36000061035156,143.38540649414062,143.3300018310547,4898.0
202606241543,143.35000610351562,143.4149932861328,143.4199981689453,143.35000610351562,6265.0
202606241544,143.43499755859375,143.41000366210938,143.52499389648438,143.41000366210938,7853.0
202606241545,143.4199981689453,143.42999267578125,143.4499969482422,143.40769958496094,5809.0
202606241546,143.4600067138672,143.47999572753906,143.47999572753906,143.43499755859375,3961.0
202606241547,143.47500610351562,143.4149932861328,143.47500610351562,143.41000366210938,5303.0
202606241548,143.39999389648438,143.43499755859375,143.4499969482422,143.38499450683594,6491.0
202606241549,143.41000366210938,143.27000427246094,143.41000366210938,143.27000427246094,6044.0
202606241550,143.3000030517578,143.33999633789062,143.33999633789062,143.3000030517578,8263.0
202606241551,143.3551025390625,143.27000427246094,143.3551025390625,143.27000427246094,5377.0
202606241552,143.27499389648438,143.2449951171875,143.27499389648438,143.17999267578125,8824.0
202606241553,143.25,143.25999450683594,143.2899932861328,143.25,5511.0
202606241554,143.25999450683594,143.18499755859375,143.25999450683594,143.1300048828125,8565.0
202606241555,143.17999267578125,143.10000610351562,143.17999267578125,143.08999633789062,6547.0
202606241556,143.11500549316406,143.11000061035156,143.1699981689453,143.08999633789062,11390.0
202606241557,143.11000061035156,143.13999938964844,143.13999938964844,143.0800018310547,8723.0
202606241558,143.16000366210938,143.1710968017578,143.17999267578125,143.14999389648438,6692.0
202606241559,143.1699981689453,143.1699981689453,143.1699981689453,143.14549255371094,6040.0
202606241600,143.19000244140625,143.17559814453125,143.19000244140625,143.14999389648438,8842.0
202606241601,143.14500427246094,143.11500549316406,143.14999389648438,143.11000061035156,13590.0
202606241602,143.1199951171875,143.15499877929688,143.1699981689453,143.11000061035156,8455.0
202606241603,143.16000366210938,143.11000061035156,143.17059326171875,143.11000061035156,6202.0
202606241604,143.11000061035156,143.1699981689453,143.1999969482422,143.11000061035156,6814.0
202606241605,143.1699981689453,143.22999572753906,143.27000427246094,143.1699981689453,9192.0
202606241606,143.22999572753906,143.25,143.2899932861328,143.22999572753906,6655.0
202606241607,143.2449951171875,143.2899932861328,143.2899932861328,143.21499633789062,4394.0
202606241608,143.30499267578125,143.30499267578125,143.30499267578125,143.26499938964844,5341.0
202606241609,143.3199005126953,143.25,143.32000732421875,143.23019409179688,3994.0
202606241610,143.27000427246094,143.27999877929688,143.35499572753906,143.27000427246094,12205.0
202606241611,143.32000732421875,143.35000610351562,143.35000610351562,143.27999877929688,7016.0
202606241612,143.35000610351562,143.32000732421875,143.35000610351562,143.3000030517578,4148.0
202606241613,143.3300018310547,143.34500122070312,143.375,143.3300018310547,25186.0
202606241614,143.3300018310547,143.35499572753906,143.35499572753906,143.2949981689453,15883.0
202606241615,143.35499572753906,143.39999389648438,143.41000366210938,143.35499572753906,4745.0
202606241616,143.39999389648438,143.3800048828125,143.41029357910156,143.36000061035156,13659.0
202606241617,143.38999938964844,143.41900634765625,143.4199981689453,143.38999938964844,3744.0
202606241618,143.41000366210938,143.39999389648438,143.43499755859375,143.39999389648438,6945.0
202606241619,143.36000061035156,143.3677978515625,143.38999938964844,143.36000061035156,5087.0
202606241620,143.36500549316406,143.3000030517578,143.36500549316406,143.2783966064453,8296.0
202606241621,143.27000427246094,143.27000427246094,143.27499389648438,143.25,6948.0
202606241622,143.27000427246094,143.21499633789062,143.27000427246094,143.21499633789062,3370.0
202606241623,143.22000122070312,143.22000122070312,143.22999572753906,143.2100067138672,4182.0
202606241624,143.22000122070312,143.1699981689453,143.22000122070312,143.1699981689453,6266.0
202606241625,143.17999267578125,143.17999267578125,143.19000244140625,143.17999267578125,3514.0
202606241626,143.1750030517578,143.17999267578125,143.1999969482422,143.1750030517578,5226.0
202606241627,143.1699981689453,143.1300048828125,143.1699981689453,143.1300048828125,5359.0
202606241628,143.14999389648438,143.09500122070312,143.14999389648438,143.0850067138672,5466.0
202606241629,143.10009765625,143.1199951171875,143.1300048828125,143.0850067138672,4629.0
202606241630,143.1300048828125,143.1999969482422,143.1999969482422,143.1300048828125,7714.0
202606241631,143.19000244140625,143.2899932861328,143.2899932861328,143.19000244140625,8134.0
202606241632,143.27999877929688,143.24000549316406,143.27999877929688,143.24000549316406,3340.0
202606241633,143.22999572753906,143.25999450683594,143.25999450683594,143.22999572753906,5228.0
202606241634,143.25999450683594,143.24009704589844,143.28500366210938,143.24009704589844,4418.0
202606241635,143.2550048828125,143.22000122070312,143.2550048828125,143.22000122070312,4388.0
202606241636,143.22000122070312,143.2899932861328,143.2899932861328,143.22000122070312,11439.0
202606241637,143.2899932861328,143.28500366210938,143.3300018310547,143.25999450683594,10992.0
202606241638,143.27000427246094,143.22000122070312,143.27000427246094,143.2100067138672,10829.0
202606241639,143.22000122070312,143.22500610351562,143.22500610351562,143.2100067138672,2966.0
202606241640,143.2100067138672,143.05999755859375,143.2100067138672,143.05999755859375,8664.0
202606241641,143.07000732421875,143.0800018310547,143.09500122070312,143.00999450683594,16115.0
202606241642,143.10000610351562,143.12950134277344,143.13999938964844,143.10000610351562,6069.0
202606241643,143.10000610351562,143.0,143.10000610351562,143.0,3705.0
202606241644,142.9600067138672,142.92019653320312,142.97000122070312,142.92019653320312,11668.0
202606241645,142.85499572753906,142.82000732421875,142.85499572753906,142.77000427246094,6931.0
202606241646,142.80999755859375,142.8000030517578,142.80999755859375,142.77999877929688,4452.0
202606241647,142.82000732421875,142.76499938964844,142.8300018310547,142.75999450683594,7755.0
202606241648,142.80999755859375,142.8300018310547,142.8300018310547,142.8000030517578,3244.0
202606241649,142.8300018310547,142.86000061035156,142.86810302734375,142.8300018310547,6899.0
202606241650,142.8699951171875,142.8778076171875,142.87989807128906,142.8699951171875,3580.0
202606241651,142.88999938964844,142.75999450683594,142.88999938964844,142.75999450683594,6445.0
202606241652,142.75,142.73500061035156,142.77000427246094,142.73500061035156,10560.0
202606241653,142.7100067138672,142.6999969482422,142.72999572753906,142.6829071044922,2344.0
202606241654,142.7100067138672,142.7050018310547,142.7100067138672,142.69500732421875,3642.0
202606241655,142.7100067138672,142.7100067138672,142.7100067138672,142.7100067138672,4810.0
202606241656,142.69000244140625,142.7100067138672,142.7100067138672,142.6699981689453,5081.0
202606241657,142.72000122070312,142.60000610351562,142.72000122070312,142.60000610351562,9260.0
202606241658,142.60499572753906,142.61000061035156,142.6199951171875,142.60499572753906,2181.0
202606241659,142.60499572753906,142.6300048828125,142.6300048828125,142.60499572753906,4341.0
202606241700,142.63999938964844,142.6199951171875,142.6699981689453,142.6199951171875,5969.0
202606241701,142.6199951171875,142.64999389648438,142.64999389648438,142.60000610351562,8904.0
202606241702,142.6699981689453,142.67999267578125,142.67999267578125,142.6649932861328,6323.0
202606241703,142.65020751953125,142.6199951171875,142.65020751953125,142.6199951171875,2660.0
202606241704,142.57000732421875,142.52999877929688,142.57000732421875,142.52999877929688,6082.0
202606241705,142.5399932861328,142.5399932861328,142.55999755859375,142.52000427246094,6302.0
202606241706,142.55499267578125,142.63999938964844,142.63999938964844,142.55499267578125,5684.0
202606241707,142.63999938964844,142.60000610351562,142.64500427246094,142.60000610351562,8691.0
202606241708,142.58999633789062,142.5800018310547,142.58999633789062,142.5800018310547,4155.0
202606241709,142.5800018310547,142.58999633789062,142.58999633789062,142.55999755859375,4957.0
202606241710,142.57000732421875,142.55999755859375,142.5800018310547,142.55999755859375,5695.0
202606241711,142.57000732421875,142.58999633789062,142.60000610351562,142.57000732421875,10172.0
202606241712,142.60000610351562,142.57000732421875,142.60000610351562,142.560302734375,3109.0
202606241713,142.5749969482422,142.5800018310547,142.60499572753906,142.55999755859375,4323.0
202606241714,142.5399932861328,142.50999450683594,142.5449981689453,142.50999450683594,4277.0
202606241715,142.52499389648438,142.5,142.52499389648438,142.48500061035156,5074.0
202606241716,142.49000549316406,142.4949951171875,142.5,142.4499969482422,14102.0
202606241717,142.47000122070312,142.47999572753906,142.5,142.47000122070312,6824.0
202606241718,142.49000549316406,142.5,142.5299072265625,142.49000549316406,6157.0
202606241719,142.44500732421875,142.46499633789062,142.47000122070312,142.4149932861328,9938.0
202606241720,142.47000122070312,142.4250030517578,142.47000122070312,142.4250030517578,4266.0
202606241721,142.44509887695312,142.4600067138672,142.47000122070312,142.44509887695312,6368.0
202606241722,142.4499969482422,142.39019775390625,142.4600067138672,142.3800048828125,9082.0
202606241723,142.360107421875,142.38999938964844,142.39999389648438,142.34500122070312,7671.0
202606241724,142.4199981689453,142.42999267578125,142.42999267578125,142.38999938964844,5423.0
202606241725,142.42999267578125,142.47000122070312,142.5449981689453,142.42999267578125,12891.0
202606241726,142.47999572753906,142.33999633789062,142.47999572753906,142.33900451660156,6095.0
202606241727,142.34500122070312,142.30999755859375,142.34500122070312,142.30999755859375,4713.0
202606241728,142.32009887695312,142.27000427246094,142.32009887695312,142.27000427246094,6168.0
202606241729,142.25,142.1999969482422,142.25,142.18899536132812,8017.0
202606241730,142.19500732421875,142.2899932861328,142.2899932861328,142.19500732421875,7572.0
202606241731,142.27000427246094,142.2899932861328,142.32000732421875,142.25999450683594,7751.0
202606241732,142.27000427246094,142.23500061035156,142.27000427246094,142.22999572753906,6768.0
202606241733,142.2100067138672,142.2550048828125,142.28500366210938,142.2100067138672,7384.0
202606241734,142.27999877929688,142.22000122070312,142.27999877929688,142.2100067138672,1966.0
202606241735,142.21499633789062,142.11000061035156,142.21499633789062,142.11000061035156,8817.0
202606241736,142.10000610351562,142.10000610351562,142.11000061035156,142.0500030517578,11953.0
202606241737,142.09500122070312,142.09500122070312,142.09500122070312,142.09500122070312,3149.0
202606241738,142.14500427246094,142.17999267578125,142.18499755859375,142.14500427246094,7818.0
202606241739,142.15499877929688,142.19000244140625,142.24000549316406,142.14999389648438,12866.0
202606241740,142.24000549316406,142.22000122070312,142.25,142.2050018310547,6772.0
202606241741,142.19000244140625,142.05999755859375,142.19000244140625,142.05999755859375,11186.0
202606241742,142.06500244140625,142.0,142.0800018310547,142.0,18724.0
202606241743,141.99749755859375,142.07009887695312,142.0706024169922,141.97500610351562,12538.0
202606241744,142.07000732421875,142.02000427246094,142.07000732421875,141.99000549316406,16449.0
202606241745,142.02499389648438,142.07000732421875,142.08999633789062,142.0200958251953,10899.0
202606241746,142.07000732421875,141.9906005859375,142.08999633789062,141.97999572753906,20911.0
202606241747,142.0321044921875,142.0050048828125,142.03500366210938,141.98500061035156,13858.0
202606241748,142.03500366210938,142.02999877929688,142.05999755859375,142.0,11652.0
202606241749,142.0500030517578,142.05499267578125,142.06239318847656,142.02999877929688,7774.0
202606241750,142.02999877929688,142.02999877929688,142.0500030517578,142.02999877929688,4950.0
202606241751,142.0399932861328,142.02000427246094,142.05999755859375,142.00999450683594,9053.0
202606241752,142.00999450683594,142.06500244140625,142.06500244140625,142.00999450683594,5736.0
202606241753,142.05999755859375,142.0800018310547,142.10989379882812,142.0500030517578,13818.0
202606241754,142.0800018310547,142.0,142.10000610351562,142.0,7323.0
202606241755,141.98500061035156,141.97000122070312,141.98500061035156,141.92999267578125,13126.0
202606241756,141.97500610351562,142.01499938964844,142.02000427246094,141.97500610351562,10689.0
202606241757,142.01499938964844,142.02000427246094,142.03030395507812,142.00999450683594,8337.0
202606241758,142.0399932861328,142.02000427246094,142.05999755859375,142.02000427246094,10251.0
202606241759,142.00999450683594,142.02000427246094,142.0449981689453,141.97999572753906,7866.0
202606241800,142.02000427246094,142.1649932861328,142.1649932861328,142.02000427246094,29703.0
202606241801,142.16000366210938,142.21499633789062,142.22000122070312,142.14500427246094,17701.0
202606241802,142.21499633789062,142.22000122070312,142.23500061035156,142.1909942626953,21126.0
202606241803,142.2100067138672,142.18499755859375,142.2100067138672,142.15499877929688,15856.0
202606241804,142.19000244140625,142.19000244140625,142.19000244140625,142.1699981689453,7217.0
202606241805,142.19000244140625,142.14999389648438,142.19949340820312,142.14999389648438,9342.0
202606241806,142.13999938964844,142.17999267578125,142.227294921875,142.13999938964844,13309.0
202606241807,142.1750030517578,142.17999267578125,142.19000244140625,142.1699981689453,6826.0
202606241808,142.1699981689453,142.17999267578125,142.18499755859375,142.13499450683594,14464.0
202606241809,142.16209411621094,142.1802978515625,142.18499755859375,142.15499877929688,5282.0
202606241810,142.18499755859375,142.30999755859375,142.30999755859375,142.1750030517578,17445.0
202606241811,142.30999755859375,142.30999755859375,142.3300018310547,142.29010009765625,5776.0
202606241812,142.3000030517578,142.24000549316406,142.3000030517578,142.24000549316406,6749.0
202606241813,142.24000549316406,142.2899932861328,142.3199005126953,142.24000549316406,7607.0
202606241814,142.27000427246094,142.27999877929688,142.28500366210938,142.23500061035156,10487.0
202606241815,142.3000030517578,142.24000549316406,142.3000030517578,142.220703125,7385.0
202606241816,142.22999572753906,142.1999969482422,142.23500061035156,142.1999969482422,6726.0
202606241817,142.18060302734375,142.1999969482422,142.1999969482422,142.17999267578125,5256.0
202606241818,142.22000122070312,142.3000030517578,142.3249969482422,142.22000122070312,8675.0
202606241819,142.27999877929688,142.27000427246094,142.27999877929688,142.17999267578125,8087.0
202606241820,142.3000030517578,142.4199981689453,142.4199981689453,142.3000030517578,11096.0
202606241821,142.42999267578125,142.44500732421875,142.44500732421875,142.4199981689453,7127.0
202606241822,142.4199981689453,142.35499572753906,142.4199981689453,142.35499572753906,4749.0
202606241823,142.3699951171875,142.39500427246094,142.39500427246094,142.36000061035156,4295.0
202606241824,142.39500427246094,142.44000244140625,142.44749450683594,142.39500427246094,4920.0
202606241825,142.42999267578125,142.47000122070312,142.47000122070312,142.40499877929688,10528.0
202606241826,142.49000549316406,142.47999572753906,142.50999450683594,142.47999572753906,7015.0
202606241827,142.47000122070312,142.52999877929688,142.52999877929688,142.4499969482422,10144.0
202606241828,142.50999450683594,142.5565948486328,142.5749969482422,142.50999450683594,7157.0
202606241829,142.57000732421875,142.61500549316406,142.61500549316406,142.57000732421875,4446.0
202606241830,142.625,142.61000061035156,142.7100067138672,142.61000061035156,7538.0
202606241831,142.6302947998047,142.6699981689453,142.6699981689453,142.6300048828125,4031.0
202606241832,142.67999267578125,142.72999572753906,142.72999572753906,142.67999267578125,8131.0
202606241833,142.7100067138672,142.82400512695312,142.83999633789062,142.7100067138672,8533.0
202606241834,142.82000732421875,142.78500366210938,142.82000732421875,142.77499389648438,6775.0
202606241835,142.77499389648438,142.7899932861328,142.7899932861328,142.74000549316406,10138.0
202606241836,142.78500366210938,142.78500366210938,142.8000030517578,142.75999450683594,5267.0
202606241837,142.7899932861328,142.85000610351562,142.85009765625,142.7899932861328,8558.0
202606241838,142.84030151367188,142.89999389648438,142.91000366210938,142.8249969482422,8628.0
202606241839,142.89999389648438,142.8699951171875,142.91000366210938,142.8699951171875,5488.0
202606241840,142.8730926513672,142.85499572753906,142.8730926513672,142.8000946044922,7914.0
202606241841,142.84500122070312,142.8699951171875,142.8699951171875,142.84500122070312,7509.0
202606241842,142.89999389648438,142.88999938964844,142.9149932861328,142.88999938964844,4715.0
202606241843,142.8699951171875,142.88999938964844,142.91000366210938,142.8699951171875,3149.0
202606241844,142.89540100097656,142.89999389648438,142.9199981689453,142.83999633789062,8239.0
202606241845,142.8925018310547,142.860107421875,142.89999389648438,142.860107421875,8724.0
202606241846,142.88499450683594,142.99000549316406,142.99000549316406,142.88499450683594,9633.0
202606241847,142.99000549316406,142.9949951171875,143.00999450683594,142.97999572753906,9012.0
202606241848,142.99000549316406,142.99000549316406,142.99000549316406,142.9600067138672,5194.0
202606241849,143.0,142.94000244140625,143.0,142.94000244140625,9773.0
202606241850,142.9499969482422,142.9084930419922,142.9600067138672,142.89999389648438,4747.0
202606241851,142.90499877929688,142.9199981689453,142.9199981689453,142.8699951171875,7452.0
202606241852,142.92030334472656,142.94000244140625,142.9499969482422,142.92030334472656,3659.0
202606241853,142.9250030517578,142.96499633789062,142.96499633789062,142.91000366210938,9541.0
202606241854,142.9600067138672,143.0,143.0,142.9499969482422,3778.0
202606241855,142.9949951171875,142.97000122070312,142.9949951171875,142.92999267578125,10837.0
202606241856,143.0,142.9550018310547,143.0,142.9550018310547,7914.0
202606241857,142.92010498046875,142.96519470214844,142.97999572753906,142.92010498046875,6968.0
202606241858,142.9499969482422,142.9600067138672,142.97500610351562,142.9499969482422,4418.0
202606241859,142.94000244140625,142.94000244140625,142.9600067138672,142.91000366210938,8204.0
202606241900,142.93499755859375,142.9499969482422,142.9499969482422,142.9199981689453,5583.0
202606241901,142.94000244140625,142.97000122070312,142.97500610351562,142.94000244140625,8418.0
202606241902,142.97000122070312,142.9550018310547,142.97000122070312,142.94000244140625,6375.0
202606241903,142.95509338378906,142.9600067138672,142.9600067138672,142.89999389648438,14626.0
202606241904,142.94000244140625,142.9250030517578,142.97500610351562,142.91000366210938,7127.0
202606241905,142.94500732421875,142.88999938964844,142.94500732421875,142.8800048828125,8366.0
202606241906,142.88999938964844,142.94000244140625,142.9600067138672,142.85000610351562,12615.0
202606241907,142.9600067138672,142.9600067138672,142.99000549316406,142.9499969482422,11605.0
202606241908,142.9517059326172,142.9949951171875,142.9949951171875,142.9517059326172,9607.0
202606241909,142.99000549316406,143.02000427246094,143.02000427246094,142.96499633789062,11750.0
202606241910,143.0399932861328,143.08999633789062,143.1199951171875,143.0399932861328,15832.0
202606241911,143.08999633789062,143.1199951171875,143.1300048828125,143.08999633789062,7362.0
202606241912,143.11000061035156,143.10000610351562,143.1300048828125,143.08999633789062,8010.0
202606241913,143.10499572753906,143.07000732421875,143.1199951171875,143.07000732421875,7981.0
202606241914,143.07000732421875,142.9600067138672,143.07000732421875,142.9499969482422,11011.0
202606241915,142.97000122070312,142.97999572753906,142.99000549316406,142.9499969482422,11023.0
202606241916,143.0,142.98500061035156,143.02000427246094,142.9600067138672,8910.0
202606241917,142.97000122070312,142.97000122070312,143.0,142.9600067138672,9813.0
202606241918,142.9600067138672,142.9550018310547,142.97000122070312,142.94000244140625,7123.0
202606241919,142.97000122070312,142.99000549316406,143.0,142.97000122070312,6924.0
202606241920,142.99000549316406,143.02000427246094,143.02999877929688,142.99000549316406,14529.0
202606241921,143.02999877929688,143.02000427246094,143.02999877929688,143.0050048828125,7404.0
202606241922,142.99000549316406,142.97500610351562,142.99000549316406,142.92999267578125,11497.0
202606241923,142.9600067138672,142.85499572753906,142.97999572753906,142.83009338378906,11152.0
202606241924,142.86000061035156,142.83999633789062,142.86000061035156,142.8350067138672,8148.0
202606241925,142.83999633789062,142.74749755859375,142.83999633789062,142.74749755859375,8604.0
202606241926,142.7550048828125,142.61000061035156,142.7550048828125,142.61000061035156,9189.0
202606241927,142.59500122070312,142.60000610351562,142.6199951171875,142.5500030517578,16308.0
202606241928,142.60499572753906,142.51499938964844,142.60499572753906,142.50999450683594,9828.0
202606241929,142.50999450683594,142.49989318847656,142.51499938964844,142.4499969482422,10732.0
202606241930,142.47000122070312,142.38499450683594,142.47999572753906,142.35499572753906,12699.0
202606241931,142.3800048828125,142.2949981689453,142.39999389648438,142.2949981689453,16120.0
202606241932,142.30499267578125,142.25,142.30499267578125,142.25,18488.0
202606241933,142.24000549316406,142.25,142.25,142.14999389648438,18618.0
202606241934,142.24000549316406,142.24000549316406,142.27000427246094,142.22000122070312,7969.0
202606241935,142.25,142.22000122070312,142.27499389648438,142.2100067138672,12035.0
202606241936,142.1999969482422,142.14500427246094,142.1999969482422,142.07000732421875,14189.0
202606241937,142.1300048828125,142.05999755859375,142.14500427246094,142.02999877929688,15206.0
202606241938,142.0800018310547,142.0500030517578,142.08999633789062,141.9499969482422,15157.0
202606241939,142.05999755859375,142.17999267578125,142.17999267578125,142.05999755859375,9939.0
202606241940,142.1649932861328,142.19940185546875,142.23500061035156,142.14999389648438,17207.0
202606241941,142.22999572753906,142.22500610351562,142.26499938964844,142.22000122070312,9754.0
202606241942,142.24000549316406,142.25,142.27999877929688,142.2100067138672,15331.0
202606241943,142.2550048828125,142.34500122070312,142.36500549316406,142.25010681152344,19932.0
202606241944,142.35000610351562,142.36000061035156,142.3800048828125,142.30999755859375,13339.0
202606241945,142.3300018310547,142.5050048828125,142.5050048828125,142.32000732421875,17636.0
202606241946,142.49000549316406,142.4149932861328,142.53500366210938,142.4149932861328,11735.0
202606241947,142.39999389648438,142.36000061035156,142.41000366210938,142.3350067138672,11665.0
202606241948,142.3699951171875,142.44000244140625,142.4499969482422,142.36000061035156,14655.0
202606241949,142.4501953125,142.47999572753906,142.4949951171875,142.44000244140625,12601.0
202606241950,142.47000122070312,142.44500732421875,142.60000610351562,142.42999267578125,38957.0
202606241951,142.4499969482422,142.36000061035156,142.4499969482422,142.2899932861328,21203.0
202606241952,142.33999633789062,142.35000610351562,142.36000061035156,142.2949981689453,18901.0
202606241953,142.35000610351562,142.31500244140625,142.35000610351562,142.27000427246094,29705.0
202606241954,142.32000732421875,142.39999389648438,142.44000244140625,142.26499938964844,39791.0
202606241955,142.41000366210938,142.2899932861328,142.4149932861328,142.22500610351562,57456.0
202606241956,142.28500366210938,142.32000732421875,142.3350067138672,142.25,45070.0
202606241957,142.32000732421875,142.32000732421875,142.35000610351562,142.25999450683594,62961.0
202606241958,142.3350067138672,142.26499938964844,142.33999633789062,142.25,73825.0
202606241959,142.27000427246094,142.1999969482422,142.28500366210938,142.1649932861328,214998.0
202606242000,142.27,142.27,142.402,142.27,0.0
202606242002,142.27,141.5,142.27,141.5,0.0
202606242003,142.27,142.397,142.397,142.27,0.0
202606242004,142.27,142.27,142.27,142.27,0.0
202606242005,142.41,141.99,142.41,141.99,0.0
202606242006,141.85,141.85,141.85,141.85,0.0
202606242007,141.86,142.42,142.42,141.84,0.0
202606242008,141.835,142.397,142.397,141.835,0.0
202606242009,142.24,141.82,142.27,141.82,0.0
202606242010,141.82,141.79,142.27,141.79,0.0
202606242011,141.82,141.82,141.82,141.82,0.0
202606242012,141.82,141.82,141.82,141.82,0.0
202606242013,142.24,142.24,142.24,142.24,0.0
202606242014,141.82,141.55,142.27,141.55,0.0
202606242015,141.54,141.79,141.79,141.54,0.0
202606242017,141.65,141.65,141.65,141.65,0.0
202606242019,141.65,141.34,141.65,141.34,0.0
202606242020,142.27,142.27,142.27,142.27,0.0
202606242021,141.81,141.81,141.81,141.81,0.0
202606242022,141.34,141.3743,141.5,141.34,0.0
202606242023,141.52,141.1912,141.52,141.1,0.0
202606242024,141.2,140.91,141.2,140.91,0.0
202606242025,140.91,140.68,141.5,140.68,0.0
202606242026,140.64,140.7887,140.79,140.64,0.0
202606242027,140.7825,140.775,140.79,140.775,0.0
202606242028,140.7755,140.8,141.0,140.7755,0.0
202606242029,140.8,141.4812,141.4812,140.75,0.0
202606242033,141.0183,141.0183,141.0183,141.0183,0.0
202606242034,141.49,141.49,141.49,141.49,0.0
202606242035,141.5,141.5,141.5,141.5,0.0
202606242036,141.49,141.49,141.49,141.49,0.0
202606242037,141.0,140.99,142.2397,140.99,0.0
202606242040,142.0,142.0,142.0,142.0,0.0
202606242041,142.27,142.27,142.27,142.27,0.0
202606242045,142.27,142.3715,142.3715,141.9,0.0
202606242046,141.12,141.12,141.12,141.12,0.0
202606242048,141.1,141.1,141.1,141.1,0.0
202606242049,141.1177,141.1177,141.1177,141.1177,0.0
202606242050,141.1,141.1377,141.1377,141.08,0.0
202606242051,142.27,142.27,142.27,142.27,0.0
202606242053,141.15,141.15,141.15,141.15,0.0
202606242054,141.14,141.14,141.14,141.14,0.0
202606242055,141.975,141.975,141.975,141.975,0.0
202606242059,141.1425,141.1425,141.1425,141.1425,0.0
202606242104,142.0,142.0,142.0,142.0,0.0
202606242105,141.15,141.2071,141.2071,141.15,0.0
202606242106,141.41,141.41,141.41,141.41,0.0
202606242108,141.38,141.15,141.38,141.15,0.0
202606242110,141.9652,141.9652,141.9652,141.9652,0.0
202606242111,142.27,142.27,142.27,142.27,0.0
202606242114,141.15,141.15,141.15,141.15,0.0
202606242117,141.2153,141.2153,141.2153,141.2153,0.0
202606242119,141.15,141.15,141.15,141.15,0.0
202606242124,141.15,142.27,142.27,141.15,0.0
202606242126,141.54,141.54,141.54,141.54,0.0
202606242131,141.15,141.12,141.15,141.12,0.0
202606242141,141.3,141.3,141.3,141.3,0.0
202606242142,141.3,141.3,141.3,141.3,0.0
202606242144,142.27,142.27,142.27,142.27,0.0
202606242145,141.75,141.75,141.75,141.75,0.0
202606242151,141.7,141.84,141.84,141.7,0.0
202606242158,141.09,141.14,141.14,141.09,0.0
202606242215,141.2281,141.45,141.45,141.2281,0.0
202606242219,141.45,141.21,141.45,141.21,0.0
202606242223,141.45,141.88,141.88,141.45,0.0
202606242224,141.45,141.2494,141.45,141.2494,0.0
202606242226,141.24,141.12,141.24,141.12,0.0
202606242233,141.2,141.04,141.2,141.04,0.0
202606250800,142.2515,142.4822,142.4822,140.6412,0.0
202606250801,141.36,141.9,141.99,141.19,0.0
202606250808,141.51,141.87,141.99,141.36,0.0
202606250831,141.65,141.233,141.65,141.233,0.0
202606250854,141.67,141.68,141.68,141.67,0.0
202606251035,141.331,141.31,141.331,141.31,0.0
202606251037,141.31,142.5188,142.5188,141.31,0.0
202606251038,141.49,141.31,141.49,141.31,0.0
202606251049,141.2,141.5415,141.5415,141.2,0.0
202606251050,141.28,141.26,141.28,141.26,0.0
202606251051,141.28,141.26,141.28,141.26,0.0
202606251059,141.41,141.82,142.32,141.41,0.0
202606251100,141.75,141.46,141.75,141.4,0.0
202606251101,141.7,141.7,141.7027,141.7,0.0
202606251102,142.27,141.7248,142.27,141.7248,0.0
202606251109,141.5,141.49,141.5,141.4318,0.0
202606251119,141.2108,141.33,141.33,141.2108,0.0
202606251122,141.31,141.3118,141.3118,141.31,0.0
202606251125,141.19,141.02,141.27,141.02,0.0
202606251131,141.15,141.15,141.31,141.15,0.0
202606251143,141.2912,141.31,141.31,141.2912,0.0
202606251145,141.27,141.28,141.28,141.27,0.0
202606251159,141.2632,141.2632,141.2632,141.1,0.0
202606251201,141.25,141.1,141.25,141.1,0.0
202606251206,141.07,141.25,141.25,141.07,0.0
202606251211,141.1,141.15,141.15,141.1,0.0
202606251213,141.1,141.05,141.3,141.05,0.0
202606251225,141.13,141.3,141.3,141.13,0.0
202606251226,141.1012,141.2,141.2,141.1012,0.0
202606251228,141.1,141.25,141.25,141.1,0.0
202606251239,141.21,141.2,141.21,141.2,0.0
202606251247,141.1987,141.0,141.1987,140.9987,0.0
202606251248,140.7075,140.92,140.92,140.7075,0.0
202606251252,140.9,140.98,140.98,140.9,0.0
202606251259,140.82,140.7,140.83,140.7,0.0
202606251302,140.8,140.85,140.9,140.8,0.0
202606251303,140.85,140.88,140.88,140.85,0.0
202606251306,140.9119,140.83,140.9119,140.83,0.0
202606251308,140.9032,140.7832,140.9032,140.7832,0.0
202606251311,140.8971,140.8928,140.8971,140.85,0.0
202606251312,140.76,140.807,140.81,140.74,0.0
202606251313,140.73,140.8097,140.82,140.72,0.0
202606251315,140.77,140.78,140.79,140.77,0.0
202606251316,140.76,140.7321,140.77,140.7278,0.0
202606251317,140.76,140.7788,140.7788,140.72,0.0
202606251318,140.77,140.76,140.78,140.76,0.0
202606251319,140.76,140.76,140.77,140.76,0.0
202606251321,140.76,140.76,140.78,140.76,0.0
202606251322,140.76,140.76,140.77,140.76,0.0
202606251323,140.76,140.76,140.7722,140.76,0.0
202606251324,140.72,140.5,140.7796,140.5,0.0
202606251327,142.22,141.44,142.26,140.9327,0.0
202606251328,141.44,141.2,141.73,140.5503,0.0
202606251330,141.99000549316406,142.0500030517578,142.389892578125,141.6999969482422,184377.0
202606251331,142.02999877929688,141.88999938964844,142.10989379882812,141.80999755859375,10569.0
202606251332,142.05999755859375,142.0399932861328,142.05999755859375,141.67999267578125,14081.0
202606251333,141.9149932861328,142.3000030517578,142.44000244140625,141.9149932861328,41574.0
202606251334,142.32000732421875,142.26499938964844,142.59500122070312,142.1699981689453,12392.0
202606251335,142.1699981689453,142.03500366210938,142.36000061035156,142.02999877929688,16184.0
202606251336,142.05499267578125,142.2449951171875,142.2449951171875,142.05499267578125,10567.0
202606251337,142.17999267578125,142.1699981689453,142.27499389648438,142.05999755859375,8084.0
202606251338,142.1750030517578,142.33999633789062,142.639892578125,142.1699981689453,17842.0
202606251339,142.32000732421875,142.39999389648438,142.39999389648438,142.19500732421875,16352.0
202606251340,142.38999938964844,142.5800018310547,142.58999633789062,142.3699951171875,13879.0
202606251341,142.69000244140625,142.76499938964844,142.86000061035156,142.66009521484375,17595.0
202606251342,142.75,142.52000427246094,142.75999450683594,142.47000122070312,34259.0
202606251343,142.60499572753906,142.36000061035156,142.6300048828125,142.34500122070312,11204.0
202606251344,142.32000732421875,142.1199951171875,142.36500549316406,142.02000427246094,13707.0
202606251345,142.00999450683594,142.11000061035156,142.14500427246094,141.88999938964844,20640.0
202606251346,142.05999755859375,142.38999938964844,142.4499969482422,141.99000549316406,17109.0
202606251347,142.3300018310547,142.27000427246094,142.5,142.27000427246094,32311.0
202606251348,142.3000030517578,142.55499267578125,142.5800018310547,142.1999969482422,9591.0
202606251349,142.56500244140625,142.38499450683594,142.56500244140625,142.3000030517578,16759.0
202606251350,142.34500122070312,142.05999755859375,142.39990234375,142.0050048828125,10279.0
202606251351,142.0800018310547,142.25,142.25,142.0800018310547,18560.0
202606251352,142.22999572753906,142.3300018310547,142.42999267578125,142.1699981689453,9379.0
202606251353,142.32000732421875,142.72999572753906,142.74000549316406,142.32000732421875,16936.0
202606251354,142.7100067138672,142.7476043701172,142.83009338378906,142.66000366210938,20426.0
202606251355,142.87730407714844,142.9600067138672,143.01499938964844,142.8000030517578,15283.0
202606251356,142.9600067138672,142.77000427246094,142.97999572753906,142.69000244140625,18713.0
202606251357,142.67999267578125,142.65499877929688,142.7550048828125,142.52000427246094,9959.0
202606251358,142.65499877929688,142.67999267578125,142.67999267578125,142.5800018310547,6525.0
202606251359,142.6999969482422,142.66000366210938,142.7100067138672,142.58999633789062,7028.0
202606251400,142.6999969482422,142.49000549316406,142.6999969482422,142.3000030517578,24263.0
202606251401,142.55999755859375,142.64999389648438,142.82000732421875,142.55999755859375,13981.0
202606251402,142.8000030517578,142.8249969482422,142.94000244140625,142.75999450683594,15317.0
202606251403,142.77499389648438,142.72999572753906,142.77499389648438,142.5850067138672,21129.0
202606251404,142.77000427246094,142.9600067138672,142.9600067138672,142.72999572753906,8785.0
202606251405,142.93499755859375,143.10000610351562,143.10000610351562,142.8699951171875,24589.0
202606251406,142.8800048828125,142.6300048828125,142.8800048828125,142.6300048828125,13249.0
202606251407,142.67999267578125,142.52000427246094,142.67999267578125,142.52000427246094,15552.0
202606251408,142.61000061035156,142.42999267578125,142.61000061035156,142.36000061035156,13482.0
202606251409,142.44000244140625,142.22999572753906,142.44000244140625,142.16000366210938,11274.0
202606251410,142.27000427246094,141.85009765625,142.27000427246094,141.77499389648438,21685.0
202606251411,141.81500244140625,141.67999267578125,141.88999938964844,141.6699981689453,17086.0
202606251412,141.72999572753906,141.85000610351562,141.85000610351562,141.68499755859375,9838.0
202606251413,141.8699951171875,141.78500366210938,141.8802032470703,141.74000549316406,11698.0
202606251414,141.82000732421875,141.99000549316406,142.0399932861328,141.8000030517578,14557.0
202606251415,141.9499969482422,141.90280151367188,141.99000549316406,141.69500732421875,16174.0
202606251416,141.88999938964844,141.82000732421875,141.97000122070312,141.82000732421875,15111.0
202606251417,141.875,141.97999572753906,142.00999450683594,141.8300018310547,9465.0
202606251418,141.9600067138672,141.9600067138672,142.01499938964844,141.9199981689453,8604.0
202606251419,141.9499969482422,141.83999633789062,141.98500061035156,141.80999755859375,7647.0
202606251420,141.83999633789062,141.69000244140625,141.8699951171875,141.61000061035156,11797.0
202606251421,141.75,141.38499450683594,141.75,141.38499450683594,7441.0
202606251422,141.40679931640625,141.50999450683594,141.53500366210938,141.30499267578125,14606.0
202606251423,141.52499389648438,141.47000122070312,141.64999389648438,141.41000366210938,5993.0
202606251424,141.52000427246094,141.58999633789062,141.72000122070312,141.4600067138672,7745.0
202606251425,141.5,141.49000549316406,141.57000732421875,141.4199981689453,5947.0
202606251426,141.5850067138672,141.6385955810547,141.64999389648438,141.5399932861328,5110.0
202606251427,141.64999389648438,141.7301025390625,141.7301025390625,141.6199951171875,12337.0
202606251428,141.77499389648438,141.69500732421875,141.7949981689453,141.66000366210938,12169.0
202606251429,141.67010498046875,141.64999389648438,141.77999877929688,141.64999389648438,7056.0
202606251430,141.64999389648438,141.39999389648438,141.6699981689453,141.32000732421875,16094.0
202606251431,141.39999389648438,141.4709930419922,141.49000549316406,141.3699951171875,7190.0
202606251432,141.5749969482422,141.44500732421875,141.6199951171875,141.41000366210938,3675.0
202606251433,141.4550018310547,141.2449951171875,141.4779052734375,141.14999389648438,8630.0
202606251434,141.1800994873047,141.30999755859375,141.33999633789062,141.1800994873047,6763.0
202606251435,141.3300018310547,141.19000244140625,141.33999633789062,141.125,16398.0
202606251436,141.24000549316406,141.10009765625,141.24000549316406,141.10009765625,5192.0
202606251437,141.08999633789062,141.00999450683594,141.08999633789062,140.91000366210938,14568.0
202606251438,141.0399932861328,141.0399932861328,141.08999633789062,140.94000244140625,7470.0
202606251439,141.03500366210938,140.8800048828125,141.03500366210938,140.85000610351562,9594.0
202606251440,140.88499450683594,140.84500122070312,140.9398956298828,140.75,10263.0
202606251441,140.86610412597656,141.08999633789062,141.08999633789062,140.80999755859375,8400.0
202606251442,141.11000061035156,141.1699981689453,141.1999969482422,141.0399932861328,8364.0
202606251443,141.1750030517578,141.0749969482422,141.1750030517578,141.0399932861328,7220.0
202606251444,141.0399932861328,140.9499969482422,141.05499267578125,140.93499755859375,10511.0
202606251445,140.98500061035156,141.06500244140625,141.11000061035156,140.98500061035156,6697.0
202606251446,141.02000427246094,141.13999938964844,141.13999938964844,141.0,4618.0
202606251447,141.07000732421875,141.07000732421875,141.11500549316406,141.0,7813.0
202606251448,141.07000732421875,140.97000122070312,141.07000732421875,140.97000122070312,6114.0
202606251449,140.8800048828125,140.9499969482422,140.9499969482422,140.8800048828125,5777.0
202606251450,140.98240661621094,140.8300018310547,140.98240661621094,140.8300018310547,11146.0
202606251451,140.83009338378906,140.8300018310547,140.86000061035156,140.8000030517578,6942.0
202606251452,140.8350067138672,140.88999938964844,140.89039611816406,140.80999755859375,6225.0
202606251453,140.91000366210938,140.8699951171875,140.9499969482422,140.86500549316406,9068.0
202606251454,140.85879516601562,140.8699951171875,140.94000244140625,140.80999755859375,22185.0
202606251455,140.82000732421875,140.89999389648438,140.9199981689453,140.82000732421875,16289.0
202606251456,140.89999389648438,141.0,141.00999450683594,140.86000061035156,21514.0
202606251457,140.9600067138672,140.9199981689453,141.0,140.8424072265625,20259.0
202606251458,140.9199981689453,140.6750030517578,140.9199981689453,140.6750030517578,16387.0
202606251459,140.69410705566406,140.34500122070312,140.69410705566406,140.34500122070312,29276.0
202606251500,140.32000732421875,140.38870239257812,140.38870239257812,140.3000030517578,19365.0
202606251501,140.40499877929688,140.4550018310547,140.47000122070312,140.375,14428.0
202606251502,140.43829345703125,140.47000122070312,140.47000122070312,140.39500427246094,14194.0
202606251503,140.47999572753906,140.5850067138672,140.63169860839844,140.47999572753906,20002.0
202606251504,140.5800018310547,140.64999389648438,140.68499755859375,140.55999755859375,7030.0
202606251505,140.6999969482422,140.77999877929688,140.84500122070312,140.69000244140625,22760.0
202606251506,140.77999877929688,140.75,140.86000061035156,140.74000549316406,22857.0
202606251507,140.77000427246094,140.9600067138672,140.97000122070312,140.77000427246094,20705.0
202606251508,140.99000549316406,141.03500366210938,141.08999633789062,140.99000549316406,4384.0
202606251509,141.0399932861328,140.83999633789062,141.0399932861328,140.83999633789062,8089.0
202606251510,140.88499450683594,141.02000427246094,141.02000427246094,140.88499450683594,18292.0
202606251511,141.0,140.94500732421875,141.0,140.89999389648438,12697.0
202606251512,140.94000244140625,140.9949951171875,141.08999633789062,140.93499755859375,9046.0
202606251513,140.9499969482422,141.0449981689453,141.0449981689453,140.9499969482422,13010.0
202606251514,141.02999877929688,141.10000610351562,141.14999389648438,141.02999877929688,5717.0
202606251515,141.0,140.9199981689453,141.05999755859375,140.9199981689453,10134.0
202606251516,140.97999572753906,140.8699951171875,140.98410034179688,140.8699951171875,16518.0
202606251517,140.91000366210938,140.93499755859375,141.0,140.88999938964844,8588.0
202606251518,140.92999267578125,140.80999755859375,140.92999267578125,140.80999755859375,4992.0
202606251519,140.85000610351562,140.6199951171875,140.85989379882812,140.6199951171875,10911.0
202606251520,140.69000244140625,140.5850067138672,140.7050018310547,140.5399932861328,13531.0
202606251521,140.5850067138672,140.63999938964844,140.64999389648438,140.5850067138672,5199.0
202606251522,140.6300048828125,140.6999969482422,140.7100067138672,140.60000610351562,7265.0
202606251523,140.6699981689453,140.67999267578125,140.72000122070312,140.6699981689453,4372.0
202606251524,140.72000122070312,140.6199951171875,140.75999450683594,140.61000061035156,12770.0
202606251525,140.60000610351562,140.6374969482422,140.69000244140625,140.60000610351562,19920.0
202606251526,140.64999389648438,140.55999755859375,140.67999267578125,140.48500061035156,38237.0
202606251527,140.5800018310547,140.58999633789062,140.61000061035156,140.5500030517578,7037.0
202606251528,140.60000610351562,140.5800018310547,140.6300048828125,140.55999755859375,8118.0
202606251529,140.5500030517578,140.4600067138672,140.61000061035156,140.4499969482422,22007.0
202606251530,140.39999389648438,140.38999938964844,140.41000366210938,140.35000610351562,16499.0
202606251531,140.3800048828125,140.38999938964844,140.4199981689453,140.32000732421875,26717.0
202606251532,140.38999938964844,140.36500549316406,140.44000244140625,140.35499572753906,13494.0
202606251533,140.38999938964844,140.2899932861328,140.41000366210938,140.2899932861328,10676.0
202606251534,140.2949981689453,140.14999389648438,140.2949981689453,140.14999389648438,32279.0
202606251535,140.1300048828125,140.19000244140625,140.19000244140625,140.11749267578125,13262.0
202606251536,140.19000244140625,140.22999572753906,140.22999572753906,140.13999938964844,10243.0
202606251537,140.14999389648438,140.15499877929688,140.1999969482422,140.1300048828125,7250.0
202606251538,140.16000366210938,140.25,140.25,140.07000732421875,15916.0
202606251539,140.22999572753906,140.2899932861328,140.32000732421875,140.22999572753906,5834.0
202606251540,140.25,140.27000427246094,140.28990173339844,140.24000549316406,5995.0
202606251541,140.26499938964844,140.2550048828125,140.26499938964844,140.22000122070312,4728.0
202606251542,140.2949981689453,140.4499969482422,140.4499969482422,140.24000549316406,19122.0
202606251543,140.4499969482422,140.44000244140625,140.47999572753906,140.39999389648438,19828.0
202606251544,140.57000732421875,140.6300048828125,140.6699981689453,140.57000732421875,8271.0
202606251545,140.64999389648438,140.75,140.75,140.64999389648438,9011.0
202606251546,140.7899932861328,140.85000610351562,140.89999389648438,140.75,21772.0
202606251547,140.82000732421875,140.86000061035156,140.9199981689453,140.82000732421875,4325.0
202606251548,140.85009765625,140.86000061035156,140.8800048828125,140.7899932861328,8341.0
202606251549,140.8820037841797,140.80999755859375,140.88999938964844,140.80999755859375,6916.0
202606251550,140.77999877929688,140.75,140.77999877929688,140.69000244140625,13258.0
202606251551,140.7449951171875,140.7449951171875,140.75,140.72000122070312,5885.0
202606251552,140.72999572753906,140.83999633789062,140.86000061035156,140.69500732421875,4499.0
202606251553,140.8551025390625,140.77499389648438,140.8551025390625,140.74000549316406,9085.0
202606251554,140.75999450683594,140.6898956298828,140.7899932861328,140.63999938964844,12649.0
202606251555,140.63999938964844,140.69000244140625,140.69000244140625,140.6199951171875,13888.0
202606251556,140.7100067138672,140.69000244140625,140.7100067138672,140.64999389648438,4356.0
202606251557,140.6999969482422,140.6999969482422,140.74000549316406,140.64999389648438,10691.0
202606251558,140.69500732421875,140.76499938964844,140.76499938964844,140.69500732421875,3389.0
202606251559,140.72999572753906,140.68499755859375,140.72999572753906,140.67999267578125,2895.0
202606251600,140.72999572753906,140.64999389648438,140.72999572753906,140.64999389648438,5937.0
202606251601,140.61000061035156,140.44000244140625,140.61000061035156,140.36500549316406,13730.0
202606251602,140.4199981689453,140.4600067138672,140.4600067138672,140.41000366210938,8374.0
202606251603,140.4550018310547,140.5,140.52499389648438,140.44000244140625,12411.0
202606251604,140.5050048828125,140.51499938964844,140.5449981689453,140.5,4777.0
202606251605,140.5,140.5500030517578,140.5583953857422,140.47999572753906,6253.0
202606251606,140.5500030517578,140.67999267578125,140.6999969482422,140.5449981689453,7471.0
202606251607,140.69000244140625,140.7021942138672,140.72999572753906,140.69000244140625,5413.0
202606251608,140.6999969482422,140.67999267578125,140.72500610351562,140.66000366210938,5194.0
202606251609,140.67999267578125,140.64500427246094,140.67999267578125,140.64500427246094,10130.0
202606251610,140.6999969482422,140.73500061035156,140.73500061035156,140.69000244140625,8497.0
202606251611,140.7100067138672,140.7449951171875,140.75999450683594,140.7100067138672,8629.0
202606251612,140.72500610351562,140.64500427246094,140.74270629882812,140.63999938964844,6471.0
202606251613,140.63999938964844,140.52000427246094,140.64999389648438,140.52000427246094,4773.0
202606251614,140.50999450683594,140.5399932861328,140.5399932861328,140.44000244140625,6734.0
202606251615,140.52999877929688,140.46499633789062,140.5449981689453,140.46499633789062,6443.0
202606251616,140.47509765625,140.44000244140625,140.5189971923828,140.41000366210938,6403.0
202606251617,140.42999267578125,140.44500732421875,140.4499969482422,140.42999267578125,3369.0
202606251618,140.44000244140625,140.41000366210938,140.44000244140625,140.38999938964844,4457.0
202606251619,140.4250030517578,140.3699951171875,140.44000244140625,140.3699951171875,6004.0
202606251620,140.38999938964844,140.4499969482422,140.4499969482422,140.3800048828125,7304.0
202606251621,140.4600067138672,140.5,140.52000427246094,140.4600067138672,6143.0
202606251622,140.47000122070312,140.3699951171875,140.47000122070312,140.35000610351562,4972.0
202606251623,140.38999938964844,140.36000061035156,140.38999938964844,140.33999633789062,4691.0
202606251624,140.36000061035156,140.2899932861328,140.36000061035156,140.27000427246094,5496.0
202606251625,140.27999877929688,140.2899932861328,140.30999755859375,140.27999877929688,4373.0
202606251626,140.2899932861328,140.25999450683594,140.2899932861328,140.25999450683594,6495.0
202606251627,140.27000427246094,140.24000549316406,140.27000427246094,140.1999969482422,8329.0
202606251628,140.19749450683594,140.1699981689453,140.23989868164062,140.1699981689453,9196.0
202606251629,140.1699981689453,140.21499633789062,140.27000427246094,140.14999389648438,25329.0
202606251630,140.24000549316406,140.2100067138672,140.27000427246094,140.2100067138672,8161.0
202606251631,140.19000244140625,140.24000549316406,140.24000549316406,140.1699981689453,13268.0
202606251632,140.24000549316406,140.22000122070312,140.24000549316406,140.17999267578125,5255.0
202606251633,140.1999969482422,140.14999389648438,140.24000549316406,140.14999389648438,3974.0
202606251634,140.14999389648438,140.19500732421875,140.22999572753906,140.14999389648438,16214.0
202606251635,140.22000122070312,140.14500427246094,140.22000122070312,140.14500427246094,12884.0
202606251636,140.13999938964844,140.2100067138672,140.2100067138672,140.13499450683594,16215.0
202606251637,140.2100067138672,140.19500732421875,140.2100067138672,140.16000366210938,8874.0
202606251638,140.19000244140625,140.25999450683594,140.2899932861328,140.1649932861328,9792.0
202606251639,140.24000549316406,140.21499633789062,140.25999450683594,140.2050018310547,8783.0
202606251640,140.19000244140625,140.2449951171875,140.2449951171875,140.1842041015625,6221.0
202606251641,140.2449951171875,140.22500610351562,140.2449951171875,140.22000122070312,4811.0
202606251642,140.25,140.24000549316406,140.25999450683594,140.22000122070312,4679.0
202606251643,140.2100067138672,140.2449951171875,140.25,140.2100067138672,3824.0
202606251644,140.22000122070312,140.27999877929688,140.27999877929688,140.17999267578125,5863.0
202606251645,140.3000030517578,140.3699951171875,140.3699951171875,140.3000030517578,5939.0
202606251646,140.36000061035156,140.32009887695312,140.36000061035156,140.30999755859375,6335.0
202606251647,140.30999755859375,140.17999267578125,140.30999755859375,140.16000366210938,10086.0
202606251648,140.1699981689453,140.17999267578125,140.19000244140625,140.16000366210938,6914.0
202606251649,140.1999969482422,140.1699981689453,140.1999969482422,140.15499877929688,5036.0
202606251650,140.16000366210938,140.19500732421875,140.19500732421875,140.14999389648438,6694.0
202606251651,140.2050018310547,140.22000122070312,140.22850036621094,140.1999969482422,7475.0
202606251652,140.19500732421875,140.1999969482422,140.2050018310547,140.19500732421875,3238.0
202606251653,140.1649932861328,140.16000366210938,140.1699981689453,140.11000061035156,9751.0
202606251654,140.1508026123047,140.1300048828125,140.16000366210938,140.08999633789062,10850.0
202606251655,140.11000061035156,140.1699981689453,140.1699981689453,140.0800018310547,5292.0
202606251656,140.16000366210938,140.15499877929688,140.1699981689453,140.1199951171875,3831.0
202606251657,140.13999938964844,140.08999633789062,140.13999938964844,140.08999633789062,4547.0
202606251658,140.08999633789062,140.0500030517578,140.1199951171875,140.0399932861328,16333.0
202606251659,140.0800018310547,140.1649932861328,140.1649932861328,140.07000732421875,11351.0
202606251700,140.16000366210938,140.22000122070312,140.22999572753906,140.14999389648438,3369.0
202606251701,140.24989318847656,140.2449951171875,140.24989318847656,140.22500610351562,3904.0
202606251702,140.27000427246094,140.22999572753906,140.27000427246094,140.2100067138672,5181.0
202606251703,140.24749755859375,140.19000244140625,140.24749755859375,140.19000244140625,5260.0
202606251704,140.22000122070312,140.18499755859375,140.22000122070312,140.1649932861328,6249.0
202606251705,140.16000366210938,140.22000122070312,140.22000122070312,140.16000366210938,4170.0
202606251706,140.21499633789062,140.21499633789062,140.24000549316406,140.1999969482422,5051.0
202606251707,140.1999969482422,140.24000549316406,140.2449951171875,140.17999267578125,4911.0
202606251708,140.2449951171875,140.25,140.25999450683594,140.2301025390625,4245.0
202606251709,140.25999450683594,140.22000122070312,140.25999450683594,140.22000122070312,5554.0
202606251710,140.23500061035156,140.2100067138672,140.23500061035156,140.1999969482422,3755.0
202606251711,140.23500061035156,140.15499877929688,140.23500061035156,140.09500122070312,13673.0
202606251712,140.1300048828125,139.94000244140625,140.1300048828125,139.94000244140625,49197.0
202606251713,139.92999267578125,139.94000244140625,139.96389770507812,139.9149932861328,10110.0
202606251714,139.9499969482422,139.97999572753906,139.97999572753906,139.92999267578125,11735.0
202606251715,140.02000427246094,139.9801025390625,140.05990600585938,139.9801025390625,11277.0
202606251716,139.9600067138672,139.9600067138672,140.01559448242188,139.9499969482422,4722.0
202606251717,139.97999572753906,139.94700622558594,139.98500061035156,139.94700622558594,4867.0
202606251718,139.96499633789062,140.0399932861328,140.0399932861328,139.9499969482422,7923.0
202606251719,140.02499389648438,139.94000244140625,140.02499389648438,139.94000244140625,10810.0
202606251720,139.9550018310547,140.02999877929688,140.02999877929688,139.8800048828125,15789.0
202606251721,140.0,139.87120056152344,140.0,139.87120056152344,3871.0
202606251722,139.88999938964844,139.77000427246094,139.88999938964844,139.75,13160.0
202606251723,139.78250122070312,139.7899932861328,139.7899932861328,139.74000549316406,6042.0
202606251724,139.7949981689453,139.74000549316406,139.8000030517578,139.74000549316406,7219.0
202606251725,139.7299041748047,139.74000549316406,139.74400329589844,139.7299041748047,5535.0
202606251726,139.75999450683594,139.75999450683594,139.75999450683594,139.72999572753906,5001.0
202606251727,139.74000549316406,139.72000122070312,139.74000549316406,139.71009826660156,3292.0
202606251728,139.75,139.7100067138672,139.75,139.67999267578125,12422.0
202606251729,139.7100067138672,139.75999450683594,139.75999450683594,139.7100067138672,6204.0
202606251730,139.75,139.71009826660156,139.75999450683594,139.71009826660156,4231.0
202606251731,139.74000549316406,139.73500061035156,139.74000549316406,139.72000122070312,3692.0
202606251732,139.74000549316406,139.8000030517578,139.8000030517578,139.74000549316406,15030.0
202606251733,139.75,139.6999969482422,139.75,139.63999938964844,17413.0
202606251734,139.69000244140625,139.63999938964844,139.69000244140625,139.63999938964844,4136.0
202606251735,139.6699981689453,139.7899932861328,139.7899932861328,139.6699981689453,5582.0
202606251736,139.77999877929688,139.73500061035156,139.77999877929688,139.72000122070312,5202.0
202606251737,139.74000549316406,139.63999938964844,139.74000549316406,139.63999938964844,7349.0
202606251738,139.63999938964844,139.63499450683594,139.63999938964844,139.5850067138672,10467.0
202606251739,139.6199951171875,139.60000610351562,139.6300048828125,139.60000610351562,4152.0
202606251740,139.61000061035156,139.58999633789062,139.61000061035156,139.58999633789062,5380.0
202606251741,139.6300048828125,139.64990234375,139.64990234375,139.61000061035156,4146.0
202606251742,139.6269989013672,139.5950927734375,139.6269989013672,139.5800018310547,4193.0
202606251743,139.5601043701172,139.5500030517578,139.59500122070312,139.5500030517578,7166.0
202606251744,139.52999877929688,139.53500366210938,139.5449981689453,139.52000427246094,8376.0
202606251745,139.5500030517578,139.5850067138672,139.60989379882812,139.5449981689453,7176.0
202606251746,139.57000732421875,139.52000427246094,139.57000732421875,139.50999450683594,8432.0
202606251747,139.52000427246094,139.52000427246094,139.56300354003906,139.50999450683594,5238.0
202606251748,139.52999877929688,139.52999877929688,139.52999877929688,139.50999450683594,5649.0
202606251749,139.5198974609375,139.50999450683594,139.5247039794922,139.5,6159.0
202606251750,139.49000549316406,139.47500610351562,139.5,139.4669952392578,9382.0
202606251751,139.48350524902344,139.43499755859375,139.48350524902344,139.4250030517578,5592.0
202606251752,139.42999267578125,139.4550018310547,139.47000122070312,139.42999267578125,5284.0
202606251753,139.47000122070312,139.61000061035156,139.61000061035156,139.47000122070312,7485.0
202606251754,139.60499572753906,139.51499938964844,139.6199951171875,139.50999450683594,9628.0
202606251755,139.52000427246094,139.4801025390625,139.52000427246094,139.4801025390625,3017.0
202606251756,139.49000549316406,139.50999450683594,139.5399932861328,139.49000549316406,5029.0
202606251757,139.52000427246094,139.50999450683594,139.5500030517578,139.50999450683594,4860.0
202606251758,139.52000427246094,139.5,139.52000427246094,139.47999572753906,3543.0
202606251759,139.49000549316406,139.50999450683594,139.50999450683594,139.49000549316406,6698.0
202606251800,139.5155029296875,139.5041961669922,139.52749633789062,139.47000122070312,12290.0
202606251801,139.50999450683594,139.4600067138672,139.5399932861328,139.4600067138672,6831.0
202606251802,139.47999572753906,139.50999450683594,139.50999450683594,139.42999267578125,16081.0
202606251803,139.5,139.5800018310547,139.5800018310547,139.5,13825.0
202606251804,139.52000427246094,139.5749969482422,139.5749969482422,139.50999450683594,2648.0
202606251805,139.5500030517578,139.63499450683594,139.66990661621094,139.5500030517578,8005.0
202606251806,139.63999938964844,139.64999389648438,139.64999389648438,139.5399932861328,31079.0
202606251807,139.69140625,139.6999969482422,139.72000122070312,139.65499877929688,6560.0
202606251808,139.7100067138672,139.8300018310547,139.84120178222656,139.6999969482422,8191.0
202606251809,139.80999755859375,139.70809936523438,139.82000732421875,139.70809936523438,10263.0
202606251810,139.74000549316406,139.66000366210938,139.75,139.66000366210938,5757.0
202606251811,139.6300048828125,139.63499450683594,139.63499450683594,139.55999755859375,7708.0
202606251812,139.6300048828125,139.60000610351562,139.67999267578125,139.55999755859375,15266.0
202606251813,139.60000610351562,139.5800018310547,139.60000610351562,139.5800018310547,6672.0
202606251814,139.5850067138672,139.44000244140625,139.59500122070312,139.3699951171875,19378.0
202606251815,139.5050048828125,139.4949951171875,139.51499938964844,139.4542999267578,7513.0
202606251816,139.47999572753906,139.52000427246094,139.52999877929688,139.47999572753906,6721.0
202606251817,139.5500030517578,139.5399932861328,139.5800018310547,139.5399932861328,5279.0
202606251818,139.5800018310547,139.71499633789062,139.71499633789062,139.55999755859375,13385.0
202606251819,139.7100067138672,139.77499389648438,139.78500366210938,139.7100067138672,5649.0
202606251820,139.72999572753906,139.74000549316406,139.74000549316406,139.71499633789062,1627.0
202606251821,139.75,139.75,139.75,139.68499755859375,5425.0
202606251822,139.75999450683594,139.7100067138672,139.77000427246094,139.7100067138672,8311.0
202606251823,139.6999969482422,139.64999389648438,139.7194061279297,139.63999938964844,6858.0
202606251824,139.67999267578125,139.67999267578125,139.7050018310547,139.64999389648438,7378.0
202606251825,139.64999389648438,139.66000366210938,139.6699981689453,139.63999938964844,9852.0
202606251826,139.6300048828125,139.63999938964844,139.64999389648438,139.6300048828125,3230.0
202606251827,139.63999938964844,139.74000549316406,139.75990295410156,139.63999938964844,7646.0
202606251828,139.72000122070312,139.64999389648438,139.72000122070312,139.64999389648438,7444.0
202606251829,139.64999389648438,139.71499633789062,139.7449951171875,139.64999389648438,8601.0
202606251830,139.72000122070312,139.72000122070312,139.73500061035156,139.69000244140625,4508.0
202606251831,139.69500732421875,139.69000244140625,139.7050018310547,139.64999389648438,4795.0
202606251832,139.6999969482422,139.72000122070312,139.74000549316406,139.69000244140625,5509.0
202606251833,139.6999969482422,139.75,139.75,139.6699981689453,5028.0
202606251834,139.72999572753906,139.7100067138672,139.73500061035156,139.7100067138672,4360.0
202606251835,139.74989318847656,139.74000549316406,139.75999450683594,139.74000549316406,4087.0
202606251836,139.77999877929688,139.74000549316406,139.8000030517578,139.72500610351562,6606.0
202606251837,139.75999450683594,139.93499755859375,139.93499755859375,139.75999450683594,10460.0
202606251838,139.9250030517578,139.9199981689453,139.93919372558594,139.89999389648438,4939.0
202606251839,139.94500732421875,139.95970153808594,139.96499633789062,139.94000244140625,6814.0
202606251840,139.9499969482422,139.88999938964844,139.97000122070312,139.88999938964844,9637.0
202606251841,139.88999938964844,139.88999938964844,139.90879821777344,139.8699951171875,4608.0
202606251842,139.8800048828125,139.83999633789062,139.88999938964844,139.83999633789062,9285.0
202606251843,139.83999633789062,139.82000732421875,139.83999633789062,139.82000732421875,4279.0
202606251844,139.7899932861328,139.7949981689453,139.80999755859375,139.78500366210938,4504.0
202606251845,139.80999755859375,139.74000549316406,139.80999755859375,139.74000549316406,9548.0
202606251846,139.77000427246094,139.82000732421875,139.82000732421875,139.75,7332.0
202606251847,139.8249969482422,139.82000732421875,139.84500122070312,139.80499267578125,5051.0
202606251848,139.7899932861328,139.83999633789062,139.86000061035156,139.77020263671875,11447.0
202606251849,139.85000610351562,139.77499389648438,139.91000366210938,139.77499389648438,27754.0
202606251850,139.8249969482422,139.86000061035156,139.86000061035156,139.8249969482422,3193.0
202606251851,139.8699951171875,139.89999389648438,139.89999389648438,139.85000610351562,5721.0
202606251852,139.89999389648438,139.88999938964844,139.89999389648438,139.8699951171875,6340.0
202606251853,139.91000366210938,139.9149932861328,139.94000244140625,139.91000366210938,5211.0
202606251854,139.9199981689453,139.83999633789062,139.9210968017578,139.83999633789062,6746.0
202606251855,139.83999633789062,139.8249969482422,139.83999633789062,139.7899932861328,5811.0
202606251856,139.80149841308594,139.8699951171875,139.8699951171875,139.80149841308594,5242.0
202606251857,139.8800048828125,139.85000610351562,139.8800048828125,139.85000610351562,5916.0
202606251858,139.86000061035156,139.86000061035156,139.86000061035156,139.8350067138672,4435.0
202606251859,139.8350067138672,139.80999755859375,139.83999633789062,139.80999755859375,7156.0
202606251900,139.79849243164062,139.7949981689453,139.82000732421875,139.77999877929688,8235.0
202606251901,139.7899932861328,139.80499267578125,139.82000732421875,139.77999877929688,8548.0
202606251902,139.82000732421875,139.8800048828125,139.8800048828125,139.82000732421875,11703.0
202606251903,139.8699951171875,139.92999267578125,139.92999267578125,139.86000061035156,8659.0
202606251904,139.92999267578125,139.97000122070312,139.97999572753906,139.9001007080078,7918.0
202606251905,139.97999572753906,140.11000061035156,140.11000061035156,139.97999572753906,7601.0
202606251906,140.08999633789062,140.02999877929688,140.08999633789062,140.02999877929688,7524.0
202606251907,140.02999877929688,140.02999877929688,140.03500366210938,139.99000549316406,6482.0
202606251908,140.05999755859375,140.05999755859375,140.07000732421875,140.0500030517578,4142.0
202606251909,140.05999755859375,140.125,140.125,140.0500030517578,9632.0
202606251910,140.125,140.11099243164062,140.14999389648438,140.11000061035156,6766.0
202606251911,140.1199951171875,140.11000061035156,140.1199951171875,140.07000732421875,9955.0
202606251912,140.05999755859375,140.0500030517578,140.0800018310547,140.02999877929688,6352.0
202606251913,140.07000732421875,140.11000061035156,140.11000061035156,140.05999755859375,7942.0
202606251914,140.07009887695312,140.08999633789062,140.11000061035156,140.07009887695312,4229.0
202606251915,140.0500030517578,140.09500122070312,140.09500122070312,140.0399932861328,8808.0
202606251916,140.08999633789062,140.0800018310547,140.09140014648438,140.05999755859375,6286.0
202606251917,140.06100463867188,140.19000244140625,140.20989990234375,140.06100463867188,14549.0
202606251918,140.18499755859375,140.24000549316406,140.27499389648438,140.18499755859375,8292.0
202606251919,140.2550048828125,140.19000244140625,140.2550048828125,140.19000244140625,7364.0
202606251920,140.17999267578125,140.22999572753906,140.25,140.16200256347656,8076.0
202606251921,140.2100067138672,140.18499755859375,140.2100067138672,140.1699981689453,7908.0
202606251922,140.1699981689453,140.22000122070312,140.22000122070312,140.1699981689453,6068.0
202606251923,140.22999572753906,140.1898956298828,140.24000549316406,140.16000366210938,8987.0
202606251924,140.17999267578125,140.17999267578125,140.2100067138672,140.1699981689453,9182.0
202606251925,140.1898956298828,140.2100067138672,140.22500610351562,140.16000366210938,12697.0
202606251926,140.1699981689453,140.08999633789062,140.1699981689453,140.08999633789062,7570.0
202606251927,140.0850067138672,140.1300048828125,140.14999389648438,140.05999755859375,15139.0
202606251928,140.10000610351562,140.07000732421875,140.10499572753906,140.05999755859375,11061.0
202606251929,140.05999755859375,140.07000732421875,140.07000732421875,140.0399932861328,7463.0
202606251930,140.02999877929688,139.97999572753906,140.0449981689453,139.96499633789062,10919.0
202606251931,139.97999572753906,140.02999877929688,140.0500030517578,139.9700927734375,9930.0
202606251932,140.0,140.02000427246094,140.02499389648438,139.97999572753906,8526.0
202606251933,140.00999450683594,139.97999572753906,140.01499938964844,139.97000122070312,8643.0
202606251934,139.97000122070312,139.89500427246094,139.97999572753906,139.89500427246094,9195.0
202606251935,139.90280151367188,139.86000061035156,139.91000366210938,139.86000061035156,13366.0
202606251936,139.85879516601562,139.92999267578125,139.92999267578125,139.85879516601562,11485.0
202606251937,139.9199981689453,139.8350067138672,139.92999267578125,139.8300018310547,14745.0
202606251938,139.8350067138672,139.82000732421875,139.85000610351562,139.82000732421875,12717.0
202606251939,139.8300018310547,139.75999450683594,139.8300018310547,139.72999572753906,11505.0
202606251940,139.77000427246094,139.72999572753906,139.7899932861328,139.6999969482422,16238.0
202606251941,139.69000244140625,139.70120239257812,139.74000549316406,139.61000061035156,18717.0
202606251942,139.71499633789062,139.6999969482422,139.72500610351562,139.67010498046875,9524.0
202606251943,139.69000244140625,139.70249938964844,139.72000122070312,139.69000244140625,9821.0
202606251944,139.69000244140625,139.67999267578125,139.72000122070312,139.63499450683594,13210.0
202606251945,139.64999389648438,139.67999267578125,139.69000244140625,139.64500427246094,8336.0
202606251946,139.67999267578125,139.75999450683594,139.77000427246094,139.63999938964844,16478.0
202606251947,139.71499633789062,139.72500610351562,139.73500061035156,139.69000244140625,11178.0
202606251948,139.72500610351562,139.75,139.77000427246094,139.66000366210938,13936.0
202606251949,139.75999450683594,139.75999450683594,139.7899932861328,139.7550048828125,15738.0
202606251950,139.77999877929688,139.55999755859375,139.7899932861328,139.5500030517578,23645.0
202606251951,139.54010009765625,139.72999572753906,139.72999572753906,139.54010009765625,26197.0
202606251952,139.72999572753906,139.67999267578125,139.72999572753906,139.6750030517578,18607.0
202606251953,139.66000366210938,139.80999755859375,139.82000732421875,139.64999389648438,31508.0
202606251954,139.80999755859375,139.8000030517578,139.8699951171875,139.77999877929688,29515.0
202606251955,139.80999755859375,139.60000610351562,139.85000610351562,139.60000610351562,34720.0
202606251956,139.61000061035156,139.61000061035156,139.61000061035156,139.4949951171875,48461.0
202606251957,139.61000061035156,139.50999450683594,139.6199951171875,139.49000549316406,41536.0
202606251958,139.5,139.4949951171875,139.50050354003906,139.4199981689453,82265.0
202606251959,139.5,139.52999877929688,139.5500030517578,139.3800048828125,205806.0
202606252000,139.52,139.67,140.8,139.52,0.0
202606252003,139.9,139.52,139.9,139.52,0.0
202606252004,139.52,139.52,140.3,139.52,0.0
202606252005,139.76,139.52,139.76,139.52,0.0
202606252006,139.9622,139.8517,139.9622,139.58,0.0
202606252015,139.6841,140.2921,140.2921,139.6841,0.0
202606252025,139.52,139.8792,139.8792,139.52,0.0
202606252032,140.2997,140.17,140.2997,140.17,0.0
202606252038,139.52,140.2,140.2,139.52,0.0
202606252042,140.0,140.3,140.3,140.0,0.0
202606252053,139.87,140.15,140.15,139.61,0.0
202606252122,140.0982,139.9,140.0982,139.9,0.0
202606252124,139.97,140.0,140.0,139.95,0.0
202606252133,140.1,140.0915,140.1,139.52,0.0
202606252134,140.15,140.1387,140.15,140.1387,0.0
202606252137,140.0915,139.52,140.0915,139.52,0.0
202606252143,140.1,140.15,140.15,140.1,0.0
202606252149,139.7,139.8,140.1,139.7,0.0
202606252157,140.1,139.95,140.1,139.95,0.0
202606252225,139.9,139.52,140.0419,139.52,0.0
202606252229,140.0494,139.95,140.0494,139.95,0.0
