datetime,open,close,high,low,volume
20240625,168.4,166.9,169.03,165.9,54935.0
20240626,166.23,167.38,167.81,165.66,36879.0
20240627,168.15,166.62,168.15,165.5,37123.0
20240628,166.2,164.96,167.24,164.58,54982.0
20240701,165.5,162.9,166.21,162.2,58701.0
20240702,162.4,163.75,164.04,161.71,42906.0
20240703,163.22,163.8,164.21,162.97,19759.0
20240705,163.8,165.1,165.63,163.5,47486.0
20240708,165.2,166.48,166.68,165.2,36327.0
20240709,166.67,165.66,166.76,165.14,34515.0
20240710,165.97,166.61,166.92,165.54,38469.0
20240711,166.74,165.54,166.74,164.78,39202.0
20240712,166.01,166.42,167.64,165.41,33384.0
20240715,166.95,164.7,166.95,164.46,37177.0
20240716,164.9,166.99,167.1,164.61,38601.0
20240717,167.38,170.0,170.17,167.01,58733.0
20240718,169.74,168.48,170.92,168.28,41277.0
20240719,167.88,167.72,169.04,167.13,48963.0
20240722,167.88,168.4,168.7,167.7,39892.0
20240723,168.6,166.62,168.6,166.32,30393.0
20240724,166.31,167.52,168.28,165.02,38590.0
20240725,168.12,166.9,170.09,166.87,48386.0
20240726,167.1,169.2,169.32,166.52,37561.0
20240729,169.35,170.39,170.54,168.11,48317.0
20240730,170.32,161.39,170.32,158.04,119028.0
20240731,161.85,160.76,162.86,159.21,72116.0
20240801,160.58,165.63,166.31,160.37,90735.0
20240802,165.56,170.08,170.35,165.15,87518.0
20240805,168.41,168.25,172.0,166.67,73847.0
20240806,168.38,167.56,170.33,167.56,53832.0
20240807,168.47,169.51,171.72,168.01,64446.0
20240808,169.8,170.87,171.56,169.0,45999.0
20240809,171.5,170.5,171.5,169.65,33800.0
20240812,170.29,166.81,170.49,166.2,43653.0
20240813,167.15,167.29,167.8,166.46,24734.0
20240814,166.86,168.8,169.47,165.82,41555.0
20240815,169.4,167.6,169.68,166.75,77324.0
20240816,167.63,167.89,168.35,166.8,38815.0
20240819,167.89,168.39,169.24,167.85,28472.0
20240820,168.77,170.47,170.56,168.11,29736.0
20240821,170.41,170.3,171.89,169.6,27929.0
20240822,170.16,169.75,171.24,169.14,26567.0
20240823,170.17,169.39,170.17,168.11,27513.0
20240826,169.01,170.35,170.97,168.69,36405.0
20240827,170.35,169.55,171.1,169.08,34531.0
20240828,169.42,169.1,171.2,168.58,40375.0
20240829,169.49,170.03,170.6,168.94,31381.0
20240830,170.16,171.54,171.88,169.69,55879.0
20240903,172.13,174.75,175.0,170.99,72772.0
20240904,174.62,175.99,176.0,173.63,52289.0
20240905,175.9,175.5,176.55,174.67,42183.0
20240906,175.85,175.5,177.04,175.05,40891.0
20240909,175.6,176.06,176.84,174.66,40824.0
20240910,175.77,177.6,177.94,175.6,46531.0
20240911,177.8,173.95,177.95,173.63,48914.0
20240912,174.0,173.47,174.62,172.44,34577.0
20240913,173.76,174.08,174.54,172.8,27991.0
20240916,174.09,177.01,177.31,174.08,49717.0
20240917,177.5,175.6,177.5,175.36,31952.0
20240918,175.37,174.1,175.9,172.57,36875.0
20240919,173.92,171.3,174.16,170.38,62349.0
20240920,172.0,174.2,174.54,171.0,172558.0
20240923,174.23,173.77,175.19,172.59,51082.0
20240924,173.89,173.15,174.5,172.61,37572.0
20240925,173.24,172.0,174.68,172.0,57791.0
20240926,172.12,173.22,174.61,171.36,33968.0
20240927,173.7,173.45,174.45,172.58,31494.0
20240930,173.2,173.2,174.0,171.61,39096.0
20241001,172.98,172.9,174.0,172.2,49970.0
20241002,173.36,171.92,173.36,171.08,43355.0
20241003,171.49,170.0,171.82,169.77,34640.0
20241004,170.7,168.87,170.7,168.26,41371.0
20241007,169.14,167.27,169.62,166.87,46229.0
20241008,167.08,168.16,168.59,166.27,52336.0
20241009,168.48,169.27,169.81,168.0,35226.0
20241010,169.86,168.6,169.86,168.31,42525.0
20241011,169.0,171.09,171.41,168.72,40064.0
20241014,171.21,172.51,172.86,170.74,40679.0
20241015,173.31,173.57,174.91,172.32,47084.0
20241016,174.09,172.38,174.09,170.89,43543.0
20241017,172.11,172.4,173.68,171.7,51662.0
20241018,171.87,171.31,173.29,167.4,54156.0
20241021,171.2,169.54,171.48,168.45,39757.0
20241022,169.54,169.7,170.73,168.57,39890.0
20241023,170.4,169.58,170.4,168.72,30511.0
20241024,169.85,169.49,170.0,168.93,38081.0
20241025,169.7,168.3,169.7,168.04,32566.0
20241028,168.31,169.3,169.66,168.3,38231.0
20241029,169.13,167.34,169.15,166.83,35787.0
20241030,167.15,166.65,167.32,165.96,37146.0
20241031,166.38,164.9,167.04,164.88,40088.0
20241101,165.71,165.1,166.35,164.98,36298.0
20241104,165.1,164.83,166.27,164.58,34423.0
20241105,165.62,166.38,166.38,164.33,31093.0
20241106,165.88,161.15,166.04,159.81,80652.0
20241107,161.2,163.55,163.96,160.97,68017.0
20241108,163.43,167.6,167.75,163.39,53374.0
20241111,167.56,166.14,168.52,165.77,42431.0
20241112,166.21,165.92,167.06,165.57,44276.0
20241113,165.88,166.85,166.85,165.38,37829.0
20241114,166.88,166.89,168.04,166.47,43981.0
20241115,166.81,169.87,170.57,166.69,71005.0
20241118,168.94,170.55,171.45,168.73,47376.0
20241119,170.38,170.71,171.17,169.66,38515.0
20241120,170.56,170.83,171.07,169.5,51527.0
20241121,171.4,173.5,173.51,170.22,43965.0
20241122,173.1,176.43,177.4,173.1,67376.0
20241125,176.85,176.9,178.82,176.75,155117.0
20241126,177.15,179.31,179.46,176.88,41358.0
20241127,179.74,179.5,180.43,178.72,40819.0
20241129,179.86,179.37,179.86,178.28,25542.0
20241202,179.65,179.7,180.16,178.01,39479.0
20241203,179.39,175.2,179.62,174.92,54637.0
20241204,174.9,175.0,175.15,173.0,45509.0
20241205,175.34,175.8,176.46,174.2,32307.0
20241206,176.1,173.7,176.74,173.7,44691.0
20241209,173.63,170.7,174.02,170.43,45668.0
20241210,170.78,172.46,172.93,169.93,43004.0
20241211,172.09,170.78,173.39,170.39,33583.0
20241212,170.51,170.65,171.82,170.02,28301.0
20241213,170.84,170.99,171.79,170.12,26724.0
20241216,171.0,171.25,172.78,171.0,39196.0
20241217,170.99,170.33,171.96,170.02,40615.0
20241218,170.17,169.0,170.56,169.0,54002.0
20241219,169.08,168.89,170.1,167.35,56885.0
20241220,169.46,168.21,169.87,167.5,138769.0
20241223,167.87,168.15,168.68,166.36,41468.0
20241224,168.11,168.83,169.18,167.42,17955.0
20241226,168.52,170.0,170.3,168.07,26411.0
20241227,169.97,169.2,170.76,169.2,30298.0
20241230,169.32,167.09,169.32,166.71,31177.0
20241231,167.13,167.7,168.08,166.59,27403.0
20250102,167.85,165.98,168.71,165.9,34646.0
20250103,165.8,165.16,166.5,164.25,36545.0
20250106,165.38,160.75,165.42,160.44,62745.0
20250107,161.0,161.4,162.61,160.74,59454.0
20250108,161.41,161.88,162.4,160.56,34512.0
20250110,162.21,158.68,162.34,157.47,52187.0
20250113,158.52,159.2,160.09,158.41,47918.0
20250114,159.26,159.74,160.07,158.31,40807.0
20250115,160.06,159.5,161.15,159.33,31968.0
20250116,159.65,160.26,160.6,159.0,35616.0
20250117,160.6,161.5,161.75,159.6,47794.0
20250121,161.84,163.35,163.38,160.72,87850.0
20250122,163.2,164.31,168.14,162.01,109514.0
20250123,164.5,166.15,166.48,163.32,52286.0
20250124,165.99,164.06,165.99,163.2,45340.0
20250127,164.22,169.5,169.94,163.81,58054.0
20250128,170.13,166.25,170.13,166.11,41413.0
20250129,166.43,166.39,167.29,165.88,29430.0
20250130,166.43,167.41,167.6,165.93,28285.0
20250131,167.02,165.88,168.0,165.21,38108.0
20250203,165.5,168.52,169.38,164.62,62532.0
20250204,168.43,168.3,169.29,166.28,49243.0
20250205,168.54,168.95,169.31,166.61,44973.0
20250206,169.01,168.88,169.93,168.03,35444.0
20250207,168.84,167.97,169.12,167.87,32342.0
20250210,168.58,167.31,168.58,166.4,45994.0
20250211,167.35,169.59,169.86,166.5,36618.0
20250212,169.14,169.58,170.08,167.97,46458.0
20250213,169.75,171.06,171.38,169.14,47960.0
20250214,171.03,162.72,171.03,162.3,96168.0
20250218,162.96,165.56,165.76,162.2,50410.0
20250219,165.61,166.49,166.87,165.24,52086.0
20250220,166.26,167.16,167.78,162.5,45276.0
20250221,167.22,170.31,170.55,165.92,59859.0
20250224,169.67,170.64,172.98,169.41,57575.0
20250225,170.51,172.31,173.95,170.51,50226.0
20250226,172.45,171.5,172.65,170.65,39728.0
20250227,171.25,171.97,173.09,170.38,38887.0
20250228,172.03,174.0,174.65,171.54,76264.0
20250303,173.79,175.01,176.29,173.03,48472.0
20250304,175.57,173.83,179.99,172.91,88166.0
20250305,172.84,174.61,175.87,172.01,43718.0
20250306,174.09,174.79,175.84,173.08,44998.0
20250307,174.65,175.95,178.89,173.8,65129.0
20250310,175.05,176.6,179.99,174.74,78675.0
20250311,176.27,173.59,176.32,172.32,74162.0
20250312,173.12,168.37,173.13,167.77,73195.0
20250313,168.23,168.59,169.29,167.27,44025.0
20250314,168.41,167.97,168.59,166.62,47873.0
20250317,168.16,169.99,171.09,167.45,57320.0
20250318,169.69,167.78,170.34,167.58,38485.0
20250319,167.95,169.0,169.75,167.11,54709.0
20250320,169.21,167.55,169.3,166.03,67939.0
20250321,167.71,166.69,168.14,164.12,111863.0
20250324,166.77,165.64,166.87,165.36,43476.0
20250325,165.66,163.59,166.03,162.19,54935.0
20250326,162.6,166.5,166.88,162.31,54514.0
20250327,166.5,168.89,169.08,166.45,43268.0
20250328,168.47,167.78,169.71,167.62,39361.0
20250331,168.02,170.39,171.14,168.02,80223.0
20250401,170.42,170.57,171.05,169.06,48908.0
20250402,170.52,169.72,171.25,168.31,46027.0
20250403,169.97,171.89,174.8,169.97,67446.0
20250404,171.99,163.91,173.6,163.14,97089.0
20250407,160.59,162.42,165.0,158.86,118671.0
20250408,161.02,157.41,163.28,156.71,72430.0
20250409,157.66,162.92,164.68,155.43,77707.0
20250410,162.46,163.56,165.07,160.75,78527.0
20250411,163.79,166.91,168.02,162.62,61531.0
20250414,167.5,168.8,170.11,165.78,58254.0
20250415,169.39,168.84,170.16,168.25,46309.0
20250416,169.21,166.39,169.68,165.79,38996.0
20250417,165.93,170.9,171.65,165.93,52274.0
20250421,169.3,165.74,170.27,164.28,53524.0
20250422,167.12,168.85,169.12,164.53,52846.0
20250423,168.78,164.75,168.78,163.11,64216.0
20250424,164.65,159.5,164.65,156.58,150500.0
20250425,160.53,160.92,161.8,157.77,92403.0
20250428,161.43,161.07,162.56,160.39,50696.0
20250429,162.21,162.49,162.53,159.2,59048.0
20250430,162.3,161.45,163.16,159.95,90348.0
20250501,161.69,160.2,161.7,159.05,44983.0
20250502,160.67,160.3,161.81,159.9,39185.0
20250505,160.16,158.83,161.1,158.02,45042.0
20250506,158.88,159.35,159.71,157.64,56611.0
20250507,159.61,159.0,160.05,158.54,41167.0
20250508,159.22,158.82,160.0,158.01,51351.0
20250509,159.0,157.75,159.13,157.41,42905.0
20250512,157.85,160.93,161.1,156.0,52191.0
20250513,160.6,158.75,160.82,157.36,53783.0
20250514,159.15,158.0,159.16,157.57,40402.0
20250515,158.3,162.3,162.91,157.62,62693.0
20250516,162.63,162.4,163.43,161.71,49665.0
20250519,163.2,164.77,165.15,162.62,51958.0
20250520,165.35,165.5,166.0,164.34,38052.0
20250521,165.68,165.0,166.37,164.62,44289.0
20250522,165.0,165.29,166.2,163.72,40677.0
20250523,164.38,166.18,166.22,163.48,36635.0
20250527,165.73,167.98,168.0,164.88,85490.0
20250528,167.69,167.36,168.84,166.99,35860.0
20250529,166.69,168.56,168.99,165.88,32422.0
20250530,168.44,169.54,170.99,168.26,86708.0
20250602,169.48,167.8,169.82,166.23,46286.0
20250603,167.56,167.0,167.56,165.9,42404.0
20250604,166.87,166.03,168.05,165.92,35221.0
20250605,166.5,162.99,167.4,162.51,78623.0
20250606,163.0,164.02,165.24,162.82,36655.0
20250609,164.43,162.6,164.43,162.07,45331.0
20250610,163.18,162.7,163.51,161.92,51723.0
20250611,162.95,161.98,163.1,161.69,40566.0
20250612,162.11,163.18,163.31,161.67,39845.0
20250613,162.0,159.99,163.03,159.91,43132.0
20250616,160.51,160.6,161.95,160.01,43223.0
20250617,160.74,157.95,160.74,156.96,45669.0
20250618,158.5,157.94,158.69,157.5,47377.0
20250620,157.93,159.29,159.34,157.62,106555.0
20250623,158.78,160.5,161.19,158.76,40432.0
20250624,161.33,160.36,161.74,159.5,47671.0
20250625,160.25,159.0,160.4,158.71,40160.0
20250626,159.7,158.54,159.7,157.17,50467.0
20250627,158.61,159.75,160.13,158.29,117483.0
20250630,159.51,159.23,159.9,158.13,78561.0
20250701,159.81,161.0,162.53,159.32,67169.0
20250702,161.32,161.08,161.59,159.86,63132.0
20250703,161.2,160.68,162.02,159.78,47459.0
20250707,161.64,160.25,161.64,159.29,49233.0
20250708,160.38,158.0,160.38,157.44,90987.0
20250709,158.01,157.55,158.25,155.95,82451.0
20250710,157.63,158.21,159.61,157.04,48275.0
20250711,158.3,157.15,158.3,156.44,48776.0
20250714,157.06,153.88,157.35,152.86,83895.0
20250715,153.8,152.5,154.17,151.9,62325.0
20250716,152.8,153.57,153.76,152.27,54137.0
20250717,153.51,155.6,155.75,153.5,61425.0
20250718,154.66,155.45,155.58,153.63,52630.0
20250721,155.25,155.18,155.94,154.88,45929.0
20250722,155.45,158.16,158.37,154.24,51108.0
20250723,158.06,158.18,158.88,157.68,32223.0
20250724,158.25,158.9,159.02,157.92,48476.0
20250725,157.74,158.05,158.44,156.96,37027.0
20250728,158.05,157.03,158.09,156.23,53774.0
20250729,156.04,156.8,160.06,154.84,79212.0
20250730,156.65,152.39,157.0,152.05,55184.0
20250731,152.5,150.52,152.64,149.91,82434.0
20250801,150.51,150.67,153.49,150.15,56630.0
20250804,150.83,151.0,151.46,150.02,44025.0
20250805,150.96,150.7,152.08,150.32,38682.0
20250806,150.61,152.5,153.48,150.21,48075.0
20250807,152.86,153.89,154.01,152.28,48248.0
20250808,153.6,153.0,153.79,152.37,39829.0
20250811,153.76,155.0,155.4,153.31,41073.0
20250812,155.02,155.08,155.55,154.31,34518.0
20250813,155.11,155.6,157.02,154.95,35640.0
20250814,156.56,153.51,156.56,153.27,44217.0
20250815,154.0,154.36,155.6,153.73,52320.0
20250818,154.0,155.72,156.92,154.0,49962.0
20250819,156.11,158.17,158.7,155.57,56429.0
20250820,158.24,159.35,161.03,158.0,57468.0
20250821,158.94,158.79,159.06,157.17,42995.0
20250822,158.8,158.75,160.68,158.31,35960.0
20250825,158.79,156.39,159.35,155.89,31366.0
20250826,156.62,156.16,156.93,155.34,44310.0
20250827,155.97,157.38,157.5,155.79,30122.0
20250828,157.34,155.65,157.37,155.03,36961.0
20250829,155.5,157.24,157.56,155.5,37102.0
20250902,157.0,157.99,158.86,156.31,44005.0
20250903,157.68,158.5,158.64,156.49,47026.0
20250904,158.63,159.19,159.75,157.81,47254.0
20250905,158.51,160.13,160.56,158.41,43927.0
20250908,159.96,159.18,160.5,158.25,41187.0
20250909,158.94,159.33,159.87,158.19,33040.0
20250910,159.45,157.51,159.5,155.89,44766.0
20250911,157.74,158.31,159.35,157.39,41438.0
20250912,158.19,157.9,159.13,157.78,33683.0
20250915,157.92,156.8,158.52,156.2,38648.0
20250916,156.57,158.05,158.39,156.41,48453.0
20250917,157.99,160.16,161.67,157.99,49190.0
20250918,160.35,157.57,160.35,157.04,50939.0
20250919,157.54,156.25,157.62,155.97,124483.0
20250922,156.18,153.39,156.52,153.02,57774.0
20250923,153.47,152.59,153.59,150.97,61231.0
20250924,152.53,152.5,153.63,151.79,46781.0
20250925,152.3,152.24,153.88,151.78,50424.0
20250926,152.34,152.48,152.68,151.53,37779.0
20250929,152.66,153.49,153.72,151.78,50048.0
20250930,153.74,153.9,154.38,152.84,51966.0
20251001,153.97,153.17,153.97,151.41,46452.0
20251002,152.82,152.12,153.23,151.62,49139.0
20251003,152.26,152.5,153.43,151.92,38727.0
20251006,152.49,150.57,152.73,150.4,42522.0
20251007,150.4,152.73,153.17,150.05,48613.0
20251008,153.0,150.9,153.0,150.63,34696.0
20251009,150.99,150.65,151.0,149.58,46906.0
20251010,150.86,149.7,151.52,149.38,49637.0
20251013,150.0,147.34,150.06,146.96,53937.0
20251014,147.75,149.35,149.5,147.08,44797.0
20251015,149.03,147.56,149.42,147.27,43599.0
20251016,147.65,149.6,150.4,147.35,58587.0
20251017,149.62,151.45,152.03,149.5,54785.0
20251020,151.52,151.7,152.39,151.06,37407.0
20251021,151.98,151.8,152.28,150.87,40672.0
20251022,151.83,152.21,153.46,150.65,36751.0
20251023,152.66,153.49,153.6,150.58,56857.0
20251024,153.18,152.8,157.78,151.53,76970.0
20251027,152.21,151.53,152.47,150.13,49200.0
20251028,151.69,151.4,153.17,150.62,37770.0
20251029,151.1,148.85,151.1,148.47,47683.0
20251030,149.2,148.69,150.8,148.53,44003.0
20251031,148.88,150.39,151.36,148.5,50226.0
20251103,150.8,148.0,150.85,147.77,49862.0
20251104,148.55,147.44,149.5,146.25,61926.0
20251105,147.32,145.79,147.42,145.65,69787.0
20251106,146.02,146.0,146.68,144.46,56982.0
20251107,146.15,147.1,147.94,146.0,56516.0
20251110,146.5,145.66,146.7,144.09,70273.0
20251111,145.68,148.64,148.86,145.67,48147.0
20251112,148.21,148.2,149.15,147.51,54312.0
20251113,148.55,147.88,149.0,147.64,51031.0
20251114,148.1,147.7,149.45,147.61,63932.0
20251117,147.65,145.82,148.2,145.01,62871.0
20251118,145.83,147.1,147.39,145.51,71503.0
20251119,147.0,146.62,147.54,145.86,41494.0
20251120,146.63,148.39,148.66,146.13,53588.0
20251121,148.46,151.0,151.5,148.24,78525.0
20251124,150.63,146.95,150.89,146.54,93309.0
20251125,147.17,148.44,148.65,147.04,67206.0
20251126,148.7,148.51,148.97,147.6,57960.0
20251128,148.51,148.5,148.9,147.18,28798.0
20251201,148.56,147.45,148.89,147.35,56958.0
20251202,148.11,145.9,148.11,142.51,110070.0
20251203,145.81,146.6,148.29,144.99,65314.0
20251204,146.85,145.45,147.42,144.5,65187.0
20251205,145.53,143.51,145.63,143.25,94263.0
20251208,144.54,138.62,144.54,138.14,127678.0
20251209,138.81,139.72,140.88,138.56,78410.0
20251210,139.78,140.35,141.28,139.54,89297.0
20251211,140.25,140.96,141.84,140.1,83317.0
20251212,141.46,142.77,143.11,140.83,69470.0
20251215,143.3,145.51,145.53,142.71,83806.0
20251216,145.8,146.28,146.54,144.65,68693.0
20251217,146.54,147.9,148.45,146.07,69326.0
20251218,147.34,145.52,147.73,145.35,74805.0
20251219,145.37,144.51,146.05,143.94,125858.0
20251222,144.23,142.8,144.4,142.42,85907.0
20251223,143.13,143.11,143.73,142.08,66545.0
20251224,143.22,144.49,144.74,142.83,23357.0
20251226,144.63,144.55,145.64,144.0,33538.0
20251229,144.73,144.68,145.07,143.94,52738.0
20251230,144.5,143.87,144.55,143.57,36819.0
20251231,144.38,143.38,144.4,143.18,35145.0
20260102,143.63,141.68,143.8,141.24,59879.0
20260105,141.66,140.69,141.66,139.6,87351.0
20260106,140.59,139.99,141.42,139.51,67350.0
20260107,140.15,138.67,140.34,137.62,99903.0
20260108,138.45,141.54,141.79,137.82,64082.0
20260109,141.47,141.61,142.33,140.83,66073.0
20260112,142.01,143.4,143.88,141.66,94811.0
20260113,143.52,144.0,144.34,142.97,85513.0
20260114,143.86,146.28,146.9,143.86,77385.0
20260115,146.33,144.61,146.36,144.35,73741.0
20260116,144.83,144.49,144.83,143.65,69254.0
20260120,144.5,147.1,147.1,143.91,91198.0
20260121,146.89,145.5,147.38,144.97,89358.0
20260122,145.8,150.27,150.91,142.0,134325.0
20260123,149.74,150.41,151.65,149.34,104465.0
20260126,150.41,149.6,150.88,148.52,88402.0
20260127,149.19,148.46,149.64,147.81,65853.0
20260128,147.61,147.07,148.71,146.79,53703.0
20260129,147.34,149.75,150.13,146.92,75168.0
20260130,149.76,151.4,151.97,149.14,79951.0
20260202,151.86,153.19,153.73,151.25,72571.0
20260203,152.79,155.4,156.53,152.2,84732.0
20260204,155.65,157.0,158.37,155.35,76294.0
20260205,156.62,159.2,159.65,156.12,89464.0
20260206,158.61,159.0,159.99,157.58,60728.0
20260209,159.31,157.3,159.63,156.02,77457.0
20260210,157.63,159.15,160.15,156.72,71433.0
20260211,159.62,159.99,161.14,158.18,66655.0
20260212,159.8,161.19,163.14,159.32,92988.0
20260213,161.59,160.1,162.57,159.7,96229.0
20260217,160.66,159.24,162.17,158.88,83372.0
20260218,159.05,156.61,159.46,155.77,99951.0
20260219,156.44,158.14,159.96,156.13,68353.0
20260220,158.47,160.71,161.06,158.16,78951.0
20260223,160.78,165.01,165.36,160.11,92873.0
20260224,164.78,164.88,166.87,163.94,63753.0
20260225,164.66,163.85,165.14,162.1,48559.0
20260226,163.8,163.75,164.5,162.86,40005.0
20260227,163.5,166.77,167.25,163.2,101328.0
20260302,165.78,163.4,166.85,163.4,49718.0
20260303,162.98,159.6,163.44,158.62,65841.0
20260304,160.32,158.16,160.83,157.31,60422.0
20260305,157.99,154.0,158.3,153.55,67097.0
20260306,153.28,153.59,154.49,151.89,53459.0
20260309,152.59,154.88,156.23,152.05,89894.0
20260310,155.03,155.9,157.15,153.6,49416.0
20260311,155.7,153.01,156.33,151.43,59122.0
20260312,153.31,150.65,154.7,150.0,61252.0
20260313,150.71,150.55,152.55,150.08,42885.0
20260316,150.98,152.0,152.64,150.65,46368.0
20260317,152.38,151.54,153.46,151.2,40289.0
20260318,150.88,146.7,152.0,146.46,64367.0
20260319,146.77,145.0,147.38,144.78,67076.0
20260320,145.0,145.23,146.0,144.16,558668.0
20260323,144.27,144.01,146.62,143.48,63895.0
20260324,144.0,143.91,145.23,142.22,58723.0
20260325,143.78,144.12,144.16,142.22,60880.0
20260326,143.62,143.0,144.57,142.0,43444.0
20260327,142.61,142.7,144.08,141.98,55876.0
20260330,142.98,144.5,145.57,142.57,80788.0
20260331,145.95,144.2,146.19,142.28,61847.0
20260401,144.57,143.38,144.97,143.21,47831.0
20260402,143.82,143.19,144.21,142.58,37418.0
20260406,143.39,142.65,143.7,141.92,50999.0
20260407,142.65,142.31,143.17,140.74,43073.0
20260408,142.79,144.89,145.82,141.87,78966.0
20260409,145.4,146.75,146.94,143.0,51165.0
20260410,147.17,145.21,147.17,144.76,50804.0
20260413,144.58,143.73,145.16,142.63,45355.0
20260414,143.95,144.36,144.72,142.77,39370.0
20260415,144.76,143.53,144.76,142.26,36619.0
20260416,143.6,143.55,144.29,142.66,41962.0
20260417,143.68,146.56,147.59,143.0,69003.0
20260420,146.45,144.68,147.0,143.59,57028.0
20260421,145.38,142.83,145.38,142.32,59943.0
20260422,142.88,143.0,143.55,142.16,48598.0
20260423,143.16,145.62,146.23,142.98,73582.0
20260424,145.0,148.07,152.42,144.5,82338.0
20260427,148.5,148.31,149.7,147.4,56830.0
20260428,148.5,149.18,151.19,148.4,53421.0
20260429,149.53,145.5,149.53,145.5,43916.0
20260430,145.66,147.0,147.73,145.41,59562.0
20260501,147.39,147.16,149.28,146.46,43810.0
20260504,147.22,143.3,147.37,143.05,59302.0
20260505,143.55,144.69,145.9,142.18,49452.0
20260506,145.29,147.89,148.95,145.01,53154.0
20260507,148.2,146.1,148.3,145.93,47638.0
20260508,146.12,146.44,147.52,146.12,40275.0
20260511,146.0,143.2,146.35,141.97,49650.0
20260512,143.3,144.25,145.86,142.86,60542.0
20260513,143.5,142.3,144.67,141.66,45852.0
20260514,142.23,142.83,144.28,142.16,48956.0
20260515,142.81,141.74,143.7,141.2,52720.0
20260518,141.56,142.46,144.43,141.5,54800.0
20260519,142.51,141.35,143.71,140.85,43141.0
20260520,141.4,142.03,143.22,140.62,49845.0
20260521,142.4,143.37,143.72,140.09,39306.0
20260522,142.8,144.36,144.64,142.8,31192.0
20260526,144.68,143.15,145.61,142.53,61137.0
20260527,143.39,147.6,148.54,143.0,72751.0
20260528,147.5,145.88,147.51,145.01,59023.0
20260529,146.11,143.56,146.11,143.2,78793.0
20260601,143.56,140.4,143.75,138.86,78036.0
20260602,140.55,140.94,141.12,139.03,53846.0
20260603,140.57,141.0,142.45,140.0,62723.0
20260604,141.0,140.87,143.14,139.89,50966.0
20260605,141.51,146.57,148.23,141.0,77069.0
20260608,145.86,145.01,146.55,144.6,48286.0
20260609,145.16,148.5,149.48,144.53,58185.0
20260610,148.4,149.35,150.43,148.0,43347.0
20260611,148.9,148.34,149.62,147.77,47123.0
20260612,148.2,149.73,150.2,148.2,39406.0
20260615,148.52,150.02,151.5,148.52,60348.0
20260616,150.3,152.37,153.02,150.3,59225.0
20260617,152.11,150.32,153.26,149.61,50518.0
20260618,150.23,150.15,152.29,150.08,128641.0
202606220800,149.26,149.24,149.26,149.24,3.0
202606220801,149.24,149.24,149.24,149.24,0.0
202606220802,149.24,149.24,149.24,149.24,0.0
202606220803,149.24,149.24,149.24,149.24,0.0
202606220804,150.38,150.38,150.38,150.38,5.0
202606220805,150.38,150.38,150.38,150.38,0.0
202606220806,149.71,149.74,149.74,149.71,3.0
202606220807,149.74,149.74,149.74,149.74,0.0
202606220808,149.71,149.71,149.71,149.71,1.0
202606220809,149.71,149.71,149.71,149.71,0.0
202606220810,149.71,149.71,149.71,149.71,0.0
202606220811,149.71,149.71,149.71,149.71,0.0
202606220812,149.71,149.71,149.71,149.71,0.0
202606220813,149.71,149.71,149.71,149.71,0.0
202606220814,149.71,149.71,149.71,149.71,0.0
202606220815,149.71,149.71,149.71,149.71,0.0
202606220816,149.71,149.71,149.71,149.71,0.0
202606220817,149.71,149.71,149.71,149.71,0.0
202606220818,149.71,149.71,149.71,149.71,0.0
202606220819,149.71,149.71,149.71,149.71,0.0
202606220820,149.71,149.71,149.71,149.71,0.0
202606220821,149.71,149.71,149.71,149.71,0.0
202606220822,149.71,149.71,149.71,149.71,0.0
202606220823,149.71,149.71,149.71,149.71,0.0
202606220824,149.71,149.71,149.71,149.71,0.0
202606220825,149.71,149.71,149.71,149.71,0.0
202606220826,149.71,149.71,149.71,149.71,0.0
202606220827,149.71,149.71,149.71,149.71,0.0
202606220828,149.71,149.71,149.71,149.71,0.0
202606220829,149.71,149.71,149.71,149.71,0.0
202606220830,149.71,149.71,149.71,149.71,0.0
202606220831,149.71,149.71,149.71,149.71,0.0
202606220832,149.71,149.71,149.71,149.71,0.0
202606220833,149.71,149.71,149.71,149.71,0.0
202606220834,149.71,149.71,149.71,149.71,0.0
202606220835,149.71,149.71,149.71,149.71,0.0
202606220836,149.71,149.71,149.71,149.71,0.0
202606220837,149.71,149.71,149.71,149.71,0.0
202606220838,149.71,149.71,149.71,149.71,0.0
202606220839,149.71,149.71,149.71,149.71,0.0
202606220840,149.71,149.71,149.71,149.71,0.0
202606220841,149.71,149.71,149.71,149.71,0.0
202606220842,149.71,149.71,149.71,149.71,0.0
202606220843,149.71,149.71,149.71,149.71,0.0
202606220844,149.71,149.71,149.71,149.71,0.0
202606220845,149.71,149.71,149.71,149.71,0.0
202606220846,149.71,149.71,149.71,149.71,0.0
202606220847,149.71,149.71,149.71,149.71,0.0
202606220848,149.71,149.71,149.71,149.71,0.0
202606220849,149.71,149.71,149.71,149.71,0.0
202606220850,149.71,149.71,149.71,149.71,0.0
202606220851,149.71,149.71,149.71,149.71,0.0
202606220852,149.71,149.71,149.71,149.71,0.0
202606220853,149.71,149.71,149.71,149.71,0.0
202606220854,149.71,149.71,149.71,149.71,0.0
202606220855,149.71,149.71,149.71,149.71,0.0
202606220856,149.71,149.71,149.71,149.71,0.0
202606220857,149.71,149.71,149.71,149.71,0.0
202606220858,149.71,149.71,149.71,149.71,0.0
202606220859,149.71,149.71,149.71,149.71,0.0
202606220900,149.71,149.71,149.71,149.71,0.0
202606220901,149.71,149.71,149.71,149.71,0.0
202606220902,149.71,149.71,149.71,149.71,0.0
202606220903,149.71,149.71,149.71,149.71,0.0
202606220904,149.71,149.71,149.71,149.71,0.0
202606220905,149.71,149.71,149.71,149.71,0.0
202606220906,149.71,149.71,149.71,149.71,0.0
202606220907,149.71,149.71,149.71,149.71,0.0
202606220908,149.71,149.71,149.71,149.71,0.0
202606220909,149.71,149.71,149.71,149.71,0.0
202606220910,149.71,149.71,149.71,149.71,0.0
202606220911,149.71,149.71,149.71,149.71,0.0
202606220912,149.71,149.71,149.71,149.71,0.0
202606220913,149.71,149.71,149.71,149.71,0.0
202606220914,149.71,149.71,149.71,149.71,0.0
202606220915,149.71,149.71,149.71,149.71,0.0
202606220916,149.71,149.71,149.71,149.71,0.0
202606220917,149.71,149.71,149.71,149.71,0.0
202606220918,149.71,149.71,149.71,149.71,0.0
202606220919,149.71,149.71,149.71,149.71,0.0
202606220920,149.71,149.71,149.71,149.71,0.0
202606220921,149.71,149.71,149.71,149.71,0.0
202606220922,149.71,149.71,149.71,149.71,0.0
202606220923,149.71,149.71,149.71,149.71,0.0
202606220924,149.71,149.71,149.71,149.71,0.0
202606220925,150.0,150.0,150.0,150.0,4.0
202606220926,150.0,150.0,150.0,150.0,0.0
202606220927,150.0,150.0,150.0,150.0,0.0
202606220928,150.0,150.0,150.0,150.0,0.0
202606220929,150.0,150.0,150.0,150.0,0.0
202606220930,150.0,150.0,150.0,150.0,0.0
202606220931,150.0,150.0,150.0,150.0,0.0
202606220932,150.0,150.0,150.0,150.0,0.0
202606220933,150.0,150.0,150.0,150.0,0.0
202606220934,150.0,150.0,150.0,150.0,0.0
202606220935,150.0,150.0,150.0,150.0,0.0
202606220936,150.0,150.0,150.0,150.0,0.0
202606220937,150.0,150.0,150.0,150.0,0.0
202606220938,150.0,150.0,150.0,150.0,0.0
202606220939,150.0,150.0,150.0,150.0,0.0
202606220940,150.0,150.0,150.0,150.0,0.0
202606220941,150.0,150.0,150.0,150.0,0.0
202606220942,150.0,150.0,150.0,150.0,0.0
202606220943,150.0,150.0,150.0,150.0,0.0
202606220944,150.0,150.0,150.0,150.0,0.0
202606220945,150.0,150.0,150.0,150.0,0.0
202606220946,150.0,150.0,150.0,150.0,0.0
202606220947,150.0,150.0,150.0,150.0,0.0
202606220948,150.0,150.0,150.0,150.0,0.0
202606220949,150.0,150.0,150.0,150.0,0.0
202606220950,150.0,150.0,150.0,150.0,0.0
202606220951,150.0,150.0,150.0,150.0,0.0
202606220952,150.0,150.0,150.0,150.0,0.0
202606220953,150.0,150.0,150.0,150.0,0.0
202606220954,150.01,150.01,150.01,150.01,1.0
202606220955,150.01,150.01,150.01,150.01,0.0
202606220956,150.01,150.01,150.01,150.01,0.0
202606220957,150.01,150.01,150.01,150.01,0.0
202606220958,150.01,150.01,150.01,150.01,0.0
202606220959,150.01,150.01,150.01,150.01,0.0
202606221000,150.01,150.01,150.01,150.01,0.0
202606221001,150.01,150.01,150.01,150.01,0.0
202606221002,150.01,150.01,150.01,150.01,0.0
202606221003,150.01,150.01,150.01,150.01,0.0
202606221004,150.01,150.01,150.01,150.01,0.0
202606221005,150.01,150.01,150.01,150.01,0.0
202606221006,150.01,150.01,150.01,150.01,0.0
202606221007,150.01,150.01,150.01,150.01,0.0
202606221008,150.01,150.01,150.01,150.01,0.0
202606221009,150.01,150.01,150.01,150.01,0.0
202606221010,150.01,150.01,150.01,150.01,0.0
202606221011,150.01,150.01,150.01,150.01,0.0
202606221012,150.01,150.01,150.01,150.01,0.0
202606221013,150.01,150.01,150.01,150.01,0.0
202606221014,150.01,150.01,150.01,150.01,0.0
202606221015,150.01,150.01,150.01,150.01,0.0
202606221016,150.01,150.01,150.01,150.01,0.0
202606221017,150.01,150.01,150.01,150.01,0.0
202606221018,150.01,150.01,150.01,150.01,0.0
202606221019,150.01,150.01,150.01,150.01,0.0
202606221020,150.01,150.01,150.01,150.01,0.0
202606221021,150.01,150.01,150.01,150.01,0.0
202606221022,150.01,150.01,150.01,150.01,0.0
202606221023,150.01,150.01,150.01,150.01,0.0
202606221024,150.01,150.01,150.01,150.01,0.0
202606221025,150.01,150.01,150.01,150.01,0.0
202606221026,150.01,150.01,150.01,150.01,0.0
202606221027,150.01,150.01,150.01,150.01,0.0
202606221028,150.01,150.01,150.01,150.01,0.0
202606221029,150.01,150.01,150.01,150.01,0.0
202606221030,150.01,150.01,150.01,150.01,0.0
202606221031,150.01,150.01,150.01,150.01,0.0
202606221032,150.01,150.01,150.01,150.01,0.0
202606221033,150.01,150.01,150.01,150.01,0.0
202606221034,150.01,150.01,150.01,150.01,0.0
202606221035,150.01,150.01,150.01,150.01,0.0
202606221036,150.01,150.01,150.01,150.01,0.0
202606221037,150.01,150.01,150.01,150.01,0.0
202606221038,150.01,150.01,150.01,150.01,0.0
202606221039,150.01,150.01,150.01,150.01,0.0
202606221040,150.01,150.01,150.01,150.01,0.0
202606221041,150.01,150.01,150.01,150.01,0.0
202606221042,150.01,150.01,150.01,150.01,0.0
202606221043,150.01,150.01,150.01,150.01,0.0
202606221044,150.01,150.01,150.01,150.01,0.0
202606221045,150.01,150.01,150.01,150.01,0.0
202606221046,150.01,150.01,150.01,150.01,0.0
202606221047,150.01,150.01,150.01,150.01,0.0
202606221048,150.01,150.01,150.01,150.01,0.0
202606221049,150.01,150.01,150.01,150.01,0.0
202606221050,150.01,150.01,150.01,150.01,0.0
202606221051,150.01,150.01,150.01,150.01,0.0
202606221052,150.01,150.01,150.01,150.01,0.0
202606221053,150.01,150.01,150.01,150.01,0.0
202606221054,150.01,150.01,150.01,150.01,0.0
202606221055,150.01,150.01,150.01,150.01,0.0
202606221056,150.01,150.01,150.01,150.01,0.0
202606221057,150.01,150.01,150.01,150.01,0.0
202606221058,150.01,150.01,150.01,150.01,0.0
202606221059,150.01,150.01,150.01,150.01,0.0
202606221100,150.01,150.01,150.01,150.01,0.0
202606221101,150.01,150.01,150.01,150.01,0.0
202606221102,150.01,150.01,150.01,150.01,0.0
202606221103,150.01,150.01,150.01,150.01,0.0
202606221104,150.01,150.01,150.01,150.01,0.0
202606221105,150.01,150.01,150.01,150.01,0.0
202606221106,150.24,150.24,150.24,150.24,2.0
202606221107,150.24,150.24,150.24,150.24,0.0
202606221108,150.24,150.24,150.24,150.24,0.0
202606221109,150.24,150.24,150.24,150.24,0.0
202606221110,150.22,150.22,150.22,150.21,2.0
202606221111,150.22,150.22,150.22,150.22,0.0
202606221112,150.22,150.22,150.22,150.22,0.0
202606221113,150.22,150.22,150.22,150.22,0.0
202606221114,150.22,150.22,150.22,150.22,0.0
202606221115,150.22,150.22,150.22,150.22,0.0
202606221116,150.22,150.22,150.22,150.22,0.0
202606221117,150.04,150.04,150.05,150.04,1.0
202606221118,150.04,150.04,150.04,150.04,0.0
202606221119,150.04,150.04,150.04,150.04,0.0
202606221120,150.04,150.04,150.04,150.04,0.0
202606221121,150.04,150.04,150.04,150.04,0.0
202606221122,150.04,150.04,150.04,150.04,0.0
202606221123,150.04,150.04,150.04,150.04,0.0
202606221124,150.04,150.04,150.04,150.04,0.0
202606221125,150.04,150.04,150.04,150.04,0.0
202606221126,150.04,150.04,150.04,150.04,0.0
202606221127,150.1,150.1,150.1,150.1,1.0
202606221128,150.1,150.1,150.1,150.1,0.0
202606221129,150.1,150.1,150.1,150.1,0.0
202606221130,150.1,150.1,150.1,150.1,0.0
202606221131,150.1,150.1,150.1,150.1,0.0
202606221132,150.1,150.1,150.1,150.1,0.0
202606221133,150.1,150.1,150.1,150.1,0.0
202606221134,150.1,150.1,150.1,150.1,0.0
202606221135,150.1,150.1,150.1,150.1,0.0
202606221136,150.1,150.1,150.1,150.1,0.0
202606221137,150.1,150.1,150.1,150.1,0.0
202606221138,150.1,150.1,150.1,150.1,0.0
202606221139,150.1,150.1,150.1,150.1,0.0
202606221140,150.1,150.1,150.1,150.1,0.0
202606221141,150.1,150.1,150.1,150.1,0.0
202606221142,150.1,150.1,150.1,150.1,0.0
202606221143,150.1,150.1,150.1,150.1,0.0
202606221144,150.1,150.1,150.1,150.1,0.0
202606221145,150.1,150.1,150.1,150.1,0.0
202606221146,150.1,150.1,150.1,150.1,0.0
202606221147,150.1,150.1,150.1,150.1,0.0
202606221148,150.1,150.1,150.1,150.1,0.0
202606221149,150.1,150.1,150.1,150.1,0.0
202606221150,150.1,150.1,150.1,150.1,0.0
202606221151,150.1,150.1,150.1,150.1,0.0
202606221152,150.1,150.1,150.1,150.1,0.0
202606221153,150.1,150.1,150.1,150.1,0.0
202606221154,150.1,150.1,150.1,150.1,0.0
202606221155,150.1,150.1,150.1,150.1,0.0
202606221156,150.1,150.1,150.1,150.1,0.0
202606221157,150.1,150.1,150.1,150.1,0.0
202606221158,150.1,150.1,150.1,150.1,0.0
202606221159,150.1,150.1,150.1,150.1,0.0
202606221200,150.1,150.1,150.1,150.1,0.0
202606221201,150.1,150.1,150.1,150.1,0.0
202606221202,150.1,150.1,150.1,150.1,0.0
202606221203,150.1,150.1,150.1,150.1,0.0
202606221204,150.1,150.1,150.1,150.1,0.0
202606221205,150.1,150.1,150.1,150.1,0.0
202606221206,150.1,150.1,150.1,150.1,0.0
202606221207,150.1,150.1,150.1,150.1,0.0
202606221208,150.1,150.1,150.1,150.1,0.0
202606221209,150.1,150.1,150.1,150.1,0.0
202606221210,150.1,150.1,150.1,150.1,0.0
202606221211,150.1,150.1,150.1,150.1,0.0
202606221212,150.1,150.1,150.1,150.1,0.0
202606221213,150.1,150.1,150.1,150.1,0.0
202606221214,150.25,150.25,150.25,150.25,1.0
202606221215,150.25,150.25,150.25,150.25,0.0
202606221216,150.25,150.25,150.25,150.25,0.0
202606221217,150.25,150.25,150.25,150.25,0.0
202606221218,150.25,150.25,150.25,150.25,0.0
202606221219,150.25,150.25,150.25,150.25,0.0
202606221220,150.25,150.25,150.25,150.25,0.0
202606221221,150.25,150.25,150.25,150.25,0.0
202606221222,150.25,150.25,150.25,150.25,0.0
202606221223,150.25,150.25,150.25,150.25,0.0
202606221224,150.25,150.25,150.25,150.25,0.0
202606221225,150.25,150.25,150.25,150.25,0.0
202606221226,150.25,150.25,150.25,150.25,0.0
202606221227,150.25,150.25,150.25,150.25,0.0
202606221228,150.25,150.25,150.25,150.25,0.0
202606221229,150.25,150.25,150.25,150.25,0.0
202606221230,150.25,150.25,150.25,150.25,0.0
202606221231,150.25,150.25,150.25,150.25,0.0
202606221232,150.16,150.16,150.16,150.15,1.0
202606221233,150.16,150.16,150.16,150.16,0.0
202606221234,150.16,150.16,150.16,150.16,0.0
202606221235,150.16,150.16,150.16,150.16,0.0
202606221236,150.16,150.16,150.16,150.16,0.0
202606221237,150.16,150.16,150.16,150.16,0.0
202606221238,150.16,150.16,150.16,150.16,0.0
202606221239,150.16,150.16,150.16,150.16,0.0
202606221240,150.16,150.16,150.16,150.16,0.0
202606221241,150.16,150.16,150.16,150.16,0.0
202606221242,150.16,150.16,150.16,150.16,0.0
202606221243,150.16,150.16,150.16,150.16,0.0
202606221244,150.16,150.16,150.16,150.16,0.0
202606221245,150.16,150.16,150.16,150.16,0.0
202606221246,150.16,150.16,150.16,150.16,0.0
202606221247,150.16,150.16,150.16,150.16,0.0
202606221248,150.16,150.16,150.16,150.16,0.0
202606221249,150.16,150.16,150.16,150.16,0.0
202606221250,150.16,150.16,150.16,150.16,0.0
202606221251,150.16,150.16,150.16,150.16,0.0
202606221252,150.16,150.16,150.16,150.16,0.0
202606221253,150.16,150.16,150.16,150.16,0.0
202606221254,150.16,150.16,150.16,150.16,0.0
202606221255,150.16,150.16,150.16,150.16,0.0
202606221256,150.16,150.16,150.16,150.16,0.0
202606221257,150.16,150.16,150.16,150.16,0.0
202606221258,150.16,150.16,150.16,150.16,0.0
202606221259,150.16,150.16,150.16,150.16,0.0
202606221300,150.17,150.17,150.17,150.17,1.0
202606221301,150.17,150.17,150.17,150.17,0.0
202606221302,150.17,150.17,150.17,150.17,0.0
202606221303,149.95,149.95,149.95,149.95,3.0
202606221304,149.95,149.95,149.95,149.95,0.0
202606221305,149.95,149.95,149.95,149.95,0.0
202606221306,149.95,149.95,149.95,149.95,0.0
202606221307,149.95,149.95,149.95,149.95,0.0
202606221308,149.95,149.95,149.95,149.95,0.0
202606221309,149.95,149.95,149.95,149.95,0.0
202606221310,149.95,149.95,149.95,149.95,0.0
202606221311,149.95,149.95,149.95,149.95,0.0
202606221312,149.95,149.95,149.95,149.95,0.0
202606221313,149.95,149.95,149.95,149.95,0.0
202606221314,149.95,149.95,149.95,149.95,0.0
202606221315,149.88,149.88,149.88,149.88,2.0
202606221316,149.88,149.88,149.88,149.88,0.0
202606221317,149.88,149.88,149.88,149.88,0.0
202606221318,149.88,149.88,149.88,149.88,0.0
202606221319,149.88,149.88,149.88,149.88,0.0
202606221320,149.88,149.88,149.88,149.88,0.0
202606221321,149.88,149.88,149.88,149.88,0.0
202606221322,149.98,149.98,149.98,149.98,1.0
202606221323,150.14,150.38,150.38,150.14,13.0
202606221324,150.38,150.38,150.38,150.38,0.0
202606221325,150.38,150.38,150.38,150.38,0.0
202606221326,150.38,150.38,150.38,150.38,0.0
202606221327,150.38,150.38,150.38,150.38,0.0
202606221328,150.38,150.38,150.38,150.38,0.0
202606221329,149.91,149.86,149.91,149.86,5.0
202606221330,150.1,150.1,150.14,150.1,21.0
202606221331,150.1,150.1,150.1,150.1,4.0
202606221332,150.15,150.14,150.15,150.14,20.0
202606221333,150.08,150.42,150.69,150.08,2285.0
202606221334,150.5,149.81,150.55,149.64,229.0
202606221335,149.89,149.89,150.05,149.56,88.0
202606221336,150.02,149.67,150.04,149.67,143.0
202606221337,149.68,149.81,149.85,149.65,117.0
202606221338,149.77,149.64,149.85,149.61,99.0
202606221339,149.7,149.41,149.73,149.11,210.0
202606221340,149.31,148.51,149.45,148.45,403.0
202606221341,148.51,148.69,148.91,148.45,398.0
202606221342,148.79,148.77,148.96,148.7,178.0
202606221343,148.78,148.81,148.99,148.71,100.0
202606221344,148.82,148.93,148.96,148.72,70.0
202606221345,148.91,148.84,149.0,148.67,352.0
202606221346,148.78,148.92,148.95,148.6,143.0
202606221347,148.91,149.03,149.11,148.91,303.0
202606221348,149.07,149.66,149.7,149.07,254.0
202606221349,149.67,149.86,149.88,149.64,274.0
202606221350,149.85,149.88,149.93,149.69,135.0
202606221351,149.89,149.71,149.89,149.71,49.0
202606221352,149.7,149.44,149.7,149.43,72.0
202606221353,149.44,149.46,149.49,149.24,105.0
202606221354,149.45,149.42,149.56,149.4,83.0
202606221355,149.41,148.96,149.41,148.96,103.0
202606221356,148.97,148.83,149.0,148.75,130.0
202606221357,148.79,148.64,148.81,148.51,249.0
202606221358,148.69,148.91,148.92,148.68,143.0
202606221359,148.93,149.25,149.28,148.93,231.0
202606221400,149.27,149.45,149.51,149.12,200.0
202606221401,149.42,149.02,149.43,148.98,146.0
202606221402,149.02,149.27,149.29,149.02,78.0
202606221403,149.3,149.51,149.54,149.26,118.0
202606221404,149.48,149.67,149.71,149.48,179.0
202606221405,149.67,149.55,149.79,149.49,352.0
202606221406,149.58,149.48,149.72,149.47,83.0
202606221407,149.47,149.33,149.48,149.27,85.0
202606221408,149.27,149.3,149.39,149.25,76.0
202606221409,149.28,149.31,149.35,149.26,75.0
202606221410,149.31,149.26,149.4,149.23,288.0
202606221411,149.25,149.31,149.32,149.21,68.0
202606221412,149.31,149.42,149.43,149.31,353.0
202606221413,149.41,149.67,149.67,149.4,66.0
202606221414,149.68,149.8,149.8,149.66,135.0
202606221415,149.78,150.05,150.05,149.75,143.0
202606221416,150.08,150.29,150.31,150.08,621.0
202606221417,150.28,150.13,150.28,150.13,116.0
202606221418,150.11,150.21,150.21,150.09,96.0
202606221419,150.19,150.0,150.22,150.0,103.0
202606221420,149.97,150.19,150.24,149.95,97.0
202606221421,150.21,150.25,150.27,150.18,75.0
202606221422,150.25,150.59,150.6,150.22,367.0
202606221423,150.6,150.53,150.64,150.46,365.0
202606221424,150.52,150.32,150.55,150.28,262.0
202606221425,150.3,150.48,150.48,150.29,141.0
202606221426,150.45,150.52,150.52,150.39,210.0
202606221427,150.52,150.76,150.76,150.52,103.0
202606221428,150.75,150.79,150.89,150.72,315.0
202606221429,150.79,150.67,150.85,150.64,467.0
202606221430,150.7,150.85,150.89,150.7,223.0
202606221431,150.84,150.68,150.86,150.57,100.0
202606221432,150.66,150.64,150.68,150.61,86.0
202606221433,150.66,150.69,150.72,150.66,75.0
202606221434,150.69,150.62,150.71,150.54,77.0
202606221435,150.57,150.64,150.64,150.53,138.0
202606221436,150.61,150.4,150.61,150.4,157.0
202606221437,150.42,150.5,150.53,150.38,109.0
202606221438,150.46,150.37,150.53,150.35,73.0
202606221439,150.36,150.42,150.42,150.32,60.0
202606221440,150.42,150.17,150.43,150.16,93.0
202606221441,150.18,150.36,150.4,150.18,49.0
202606221442,150.38,150.3,150.4,150.27,38.0
202606221443,150.3,150.19,150.3,150.15,73.0
202606221444,150.16,150.31,150.32,150.13,95.0
202606221445,150.31,150.25,150.36,150.2,59.0
202606221446,150.28,150.11,150.29,150.09,77.0
202606221447,150.1,150.18,150.27,150.1,112.0
202606221448,150.15,150.1,150.17,150.08,37.0
202606221449,150.13,150.08,150.16,150.07,61.0
202606221450,150.08,149.98,150.1,149.95,106.0
202606221451,149.99,149.94,150.02,149.92,68.0
202606221452,149.92,149.92,149.93,149.84,69.0
202606221453,149.94,149.98,150.01,149.93,83.0
202606221454,150.0,150.11,150.16,150.0,122.0
202606221455,150.1,150.04,150.11,150.04,57.0
202606221456,150.03,150.05,150.07,150.01,62.0
202606221457,150.04,149.91,150.05,149.88,116.0
202606221458,149.91,149.97,150.03,149.84,170.0
202606221459,149.96,149.9,149.98,149.9,49.0
202606221500,149.91,149.97,150.06,149.86,105.0
202606221501,149.97,149.97,150.1,149.93,89.0
202606221502,149.97,149.88,149.97,149.88,72.0
202606221503,149.87,149.81,149.89,149.8,54.0
202606221504,149.82,149.83,149.88,149.78,71.0
202606221505,149.81,149.92,149.92,149.77,102.0
202606221506,149.91,150.09,150.11,149.91,123.0
202606221507,150.07,149.96,150.1,149.93,72.0
202606221508,149.95,149.94,150.01,149.91,381.0
202606221509,149.92,149.96,150.01,149.88,191.0
202606221510,149.99,150.06,150.12,149.99,77.0
202606221511,150.04,150.13,150.14,150.04,53.0
202606221512,150.15,150.18,150.28,150.15,79.0
202606221513,150.14,150.19,150.19,150.1,39.0
202606221514,150.2,150.23,150.24,150.17,74.0
202606221515,150.22,150.23,150.24,150.13,144.0
202606221516,150.23,150.14,150.32,150.12,630.0
202606221517,150.16,150.13,150.21,150.11,115.0
202606221518,150.13,150.33,150.33,150.1,126.0
202606221519,150.33,150.37,150.41,150.33,78.0
202606221520,150.36,150.33,150.38,150.28,44.0
202606221521,150.33,150.46,150.47,150.3,58.0
202606221522,150.43,150.48,150.52,150.39,56.0
202606221523,150.51,150.53,150.59,150.51,50.0
202606221524,150.53,150.48,150.53,150.46,40.0
202606221525,150.45,150.38,150.45,150.36,74.0
202606221526,150.33,150.25,150.34,150.25,30.0
202606221527,150.23,150.21,150.24,150.18,27.0
202606221528,150.21,150.27,150.31,150.17,82.0
202606221529,150.28,150.25,150.3,150.24,35.0
202606221530,150.25,150.16,150.25,150.12,74.0
202606221531,150.15,150.14,150.17,150.14,34.0
202606221532,150.11,150.06,150.12,150.02,76.0
202606221533,150.06,150.0,150.12,150.0,70.0
202606221534,150.02,150.06,150.09,150.0,121.0
202606221535,150.06,150.06,150.11,150.05,110.0
202606221536,150.04,150.14,150.15,150.04,182.0
202606221537,150.13,150.16,150.17,150.09,40.0
202606221538,150.16,150.12,150.16,150.1,47.0
202606221539,150.13,150.17,150.17,150.12,35.0
202606221540,150.14,150.06,150.14,150.05,109.0
202606221541,150.04,150.03,150.08,149.99,100.0
202606221542,150.03,150.05,150.07,150.03,31.0
202606221543,150.06,150.1,150.13,150.06,45.0
202606221544,150.1,150.01,150.13,150.01,61.0
202606221545,150.0,149.79,150.01,149.79,78.0
202606221546,149.8,149.78,149.82,149.74,77.0
202606221547,149.8,149.71,149.84,149.64,140.0
202606221548,149.71,149.72,149.76,149.7,47.0
202606221549,149.77,149.66,149.77,149.66,63.0
202606221550,149.62,149.65,149.72,149.58,93.0
202606221551,149.67,149.63,149.71,149.63,55.0
202606221552,149.65,149.72,149.74,149.65,44.0
202606221553,149.73,149.71,149.75,149.71,133.0
202606221554,149.71,149.69,149.73,149.67,60.0
202606221555,149.67,149.63,149.67,149.63,41.0
202606221556,149.64,149.53,149.64,149.53,68.0
202606221557,149.54,149.53,149.58,149.47,73.0
202606221558,149.53,149.58,149.58,149.51,42.0
202606221559,149.6,149.62,149.65,149.56,68.0
202606221600,149.62,149.57,149.63,149.54,48.0
202606221601,149.56,149.57,149.58,149.53,35.0
202606221602,149.56,149.52,149.56,149.5,45.0
202606221603,149.52,149.5,149.52,149.45,42.0
202606221604,149.53,149.47,149.53,149.44,45.0
202606221605,149.47,149.52,149.54,149.47,78.0
202606221606,149.53,149.47,149.55,149.46,112.0
202606221607,149.47,149.38,149.48,149.31,87.0
202606221608,149.37,149.45,149.47,149.35,113.0
202606221609,149.45,149.48,149.48,149.4,76.0
202606221610,149.44,149.46,149.46,149.37,46.0
202606221611,149.43,149.54,149.54,149.43,32.0
202606221612,149.53,149.53,149.55,149.48,59.0
202606221613,149.53,149.5,149.55,149.45,98.0
202606221614,149.5,149.55,149.56,149.5,29.0
202606221615,149.57,149.6,149.63,149.55,88.0
202606221616,149.59,149.56,149.6,149.54,48.0
202606221617,149.56,149.57,149.58,149.5,48.0
202606221618,149.58,149.54,149.58,149.54,22.0
202606221619,149.56,149.56,149.57,149.55,41.0
202606221620,149.56,149.55,149.58,149.54,61.0
202606221621,149.54,149.55,149.58,149.52,51.0
202606221622,149.56,149.69,149.73,149.55,65.0
202606221623,149.68,149.61,149.68,149.58,65.0
202606221624,149.63,149.56,149.63,149.56,44.0
202606221625,149.56,149.57,149.59,149.52,37.0
202606221626,149.57,149.57,149.61,149.53,142.0
202606221627,149.62,149.7,149.71,149.61,104.0
202606221628,149.7,149.71,149.72,149.68,85.0
202606221629,149.7,149.58,149.71,149.58,52.0
202606221630,149.6,149.6,149.61,149.54,68.0
202606221631,149.6,149.57,149.64,149.57,162.0
202606221632,149.56,149.54,149.58,149.52,61.0
202606221633,149.53,149.53,149.54,149.48,63.0
202606221634,149.51,149.54,149.57,149.51,93.0
202606221635,149.53,149.46,149.53,149.46,46.0
202606221636,149.49,149.47,149.52,149.46,59.0
202606221637,149.47,149.51,149.54,149.46,84.0
202606221638,149.48,149.46,149.51,149.46,40.0
202606221639,149.44,149.47,149.48,149.44,49.0
202606221640,149.46,149.48,149.48,149.42,87.0
202606221641,149.48,149.41,149.48,149.4,89.0
202606221642,149.41,149.44,149.45,149.4,64.0
202606221643,149.45,149.27,149.45,149.27,201.0
202606221644,149.28,149.25,149.3,149.23,92.0
202606221645,149.25,149.29,149.3,149.21,97.0
202606221646,149.29,149.29,149.32,149.25,119.0
202606221647,149.29,149.18,149.29,149.16,71.0
202606221648,149.12,149.12,149.16,149.11,40.0
202606221649,149.13,149.16,149.23,149.12,183.0
202606221650,149.14,149.19,149.21,149.14,82.0
202606221651,149.17,149.13,149.2,149.13,65.0
202606221652,149.12,149.13,149.13,149.06,301.0
202606221653,149.11,149.1,149.13,149.08,89.0
202606221654,149.12,149.09,149.13,149.08,39.0
202606221655,149.09,149.07,149.14,149.07,42.0
202606221656,149.09,149.08,149.12,149.08,62.0
202606221657,149.09,149.08,149.1,149.06,62.0
202606221658,149.06,149.09,149.13,149.06,129.0
202606221659,149.09,149.09,149.12,149.06,54.0
202606221700,149.08,149.12,149.14,149.06,94.0
202606221701,149.11,149.07,149.12,149.07,47.0
202606221702,149.08,149.09,149.11,149.06,92.0
202606221703,149.09,149.21,149.22,149.09,88.0
202606221704,149.22,149.19,149.23,149.18,42.0
202606221705,149.19,149.28,149.28,149.16,88.0
202606221706,149.26,149.26,149.27,149.22,22.0
202606221707,149.26,149.23,149.26,149.22,90.0
202606221708,149.23,149.27,149.28,149.22,149.0
202606221709,149.27,149.25,149.28,149.23,71.0
202606221710,149.23,149.17,149.24,149.16,61.0
202606221711,149.19,149.22,149.25,149.19,79.0
202606221712,149.21,149.22,149.23,149.21,61.0
202606221713,149.22,149.26,149.28,149.21,191.0
202606221714,149.26,149.31,149.33,149.26,110.0
202606221715,149.31,149.34,149.39,149.31,60.0
202606221716,149.34,149.35,149.35,149.3,115.0
202606221717,149.31,149.31,149.35,149.3,58.0
202606221718,149.3,149.3,149.3,149.29,22.0
202606221719,149.29,149.28,149.3,149.27,47.0
202606221720,149.28,149.21,149.28,149.21,64.0
202606221721,149.2,149.23,149.25,149.19,91.0
202606221722,149.23,149.21,149.24,149.21,43.0
202606221723,149.21,149.2,149.25,149.2,91.0
202606221724,149.2,149.2,149.23,149.2,58.0
202606221725,149.21,149.09,149.21,149.09,194.0
202606221726,149.1,149.01,149.14,149.01,153.0
202606221727,149.05,149.01,149.08,149.0,98.0
202606221728,148.99,148.96,149.01,148.93,54.0
202606221729,148.96,149.02,149.02,148.96,176.0
202606221730,149.02,148.98,149.06,148.95,139.0
202606221731,148.97,148.98,149.01,148.95,311.0
202606221732,148.98,148.97,149.02,148.96,53.0
202606221733,148.95,148.88,148.96,148.88,53.0
202606221734,148.88,148.88,148.91,148.87,98.0
202606221735,148.88,148.78,148.88,148.78,116.0
202606221736,148.78,148.85,148.86,148.74,128.0
202606221737,148.82,148.78,148.88,148.77,86.0
202606221738,148.79,148.84,148.86,148.78,81.0
202606221739,148.85,148.85,148.85,148.78,62.0
202606221740,148.84,148.88,148.88,148.81,54.0
202606221741,148.89,148.86,148.89,148.84,91.0
202606221742,148.87,148.87,148.87,148.85,30.0
202606221743,148.87,148.86,148.88,148.82,122.0
202606221744,148.86,148.86,148.89,148.86,59.0
202606221745,148.86,148.82,148.91,148.82,84.0
202606221746,148.85,148.86,148.9,148.83,197.0
202606221747,148.86,148.83,148.86,148.82,61.0
202606221748,148.83,148.86,148.86,148.8,197.0
202606221749,148.86,148.84,148.89,148.81,94.0
202606221750,148.85,148.81,148.87,148.8,118.0
202606221751,148.81,148.77,148.82,148.76,86.0
202606221752,148.75,148.83,148.83,148.72,87.0
202606221753,148.83,148.9,148.9,148.82,117.0
202606221754,148.88,148.9,148.95,148.88,159.0
202606221755,148.9,148.82,148.91,148.82,96.0
202606221756,148.82,148.85,148.88,148.82,103.0
202606221757,148.82,148.78,148.82,148.78,80.0
202606221758,148.77,148.75,148.77,148.74,28.0
202606221759,148.75,148.71,148.8,148.69,164.0
202606221800,148.7,148.62,148.71,148.62,54.0
202606221801,148.62,148.62,148.64,148.52,155.0
202606221802,148.62,148.55,148.62,148.54,40.0
202606221803,148.55,148.57,148.57,148.51,75.0
202606221804,148.57,148.54,148.59,148.54,63.0
202606221805,148.56,148.54,148.59,148.44,241.0
202606221806,148.52,148.62,148.63,148.52,112.0
202606221807,148.62,148.59,148.63,148.54,109.0
202606221808,148.61,148.63,148.65,148.58,132.0
202606221809,148.61,148.63,148.64,148.6,64.0
202606221810,148.65,148.68,148.68,148.62,79.0
202606221811,148.67,148.66,148.69,148.65,71.0
202606221812,148.66,148.7,148.71,148.66,104.0
202606221813,148.7,148.72,148.72,148.68,53.0
202606221814,148.7,148.75,148.76,148.7,62.0
202606221815,148.76,148.72,148.77,148.72,65.0
202606221816,148.71,148.69,148.73,148.69,79.0
202606221817,148.69,148.72,148.74,148.69,114.0
202606221818,148.72,148.7,148.73,148.69,64.0
202606221819,148.69,148.72,148.72,148.69,61.0
202606221820,148.71,148.76,148.79,148.71,90.0
202606221821,148.76,148.72,148.77,148.72,50.0
202606221822,148.72,148.73,148.75,148.7,82.0
202606221823,148.73,148.68,148.73,148.66,53.0
202606221824,148.68,148.66,148.68,148.65,58.0
202606221825,148.66,148.69,148.69,148.65,70.0
202606221826,148.69,148.69,148.71,148.68,101.0
202606221827,148.67,148.69,148.7,148.66,134.0
202606221828,148.68,148.69,148.71,148.67,90.0
202606221829,148.69,148.67,148.7,148.67,35.0
202606221830,148.69,148.72,148.74,148.68,106.0
202606221831,148.73,148.68,148.76,148.68,56.0
202606221832,148.67,148.63,148.67,148.63,113.0
202606221833,148.63,148.59,148.64,148.59,54.0
202606221834,148.59,148.59,148.62,148.59,46.0
202606221835,148.59,148.66,148.66,148.59,70.0
202606221836,148.65,148.67,148.68,148.64,76.0
202606221837,148.67,148.71,148.71,148.65,73.0
202606221838,148.72,148.69,148.72,148.67,59.0
202606221839,148.68,148.72,148.75,148.68,59.0
202606221840,148.73,148.74,148.75,148.72,50.0
202606221841,148.75,148.85,148.87,148.75,213.0
202606221842,148.85,148.82,148.86,148.82,103.0
202606221843,148.81,148.79,148.81,148.79,72.0
202606221844,148.78,148.77,148.79,148.77,39.0
202606221845,148.78,148.81,148.82,148.77,71.0
202606221846,148.82,148.79,148.84,148.79,62.0
202606221847,148.78,148.76,148.79,148.73,53.0
202606221848,148.75,148.76,148.79,148.74,72.0
202606221849,148.76,148.8,148.81,148.76,48.0
202606221850,148.81,148.78,148.82,148.78,51.0
202606221851,148.78,148.75,148.78,148.74,76.0
202606221852,148.75,148.69,148.76,148.68,237.0
202606221853,148.67,148.67,148.69,148.63,103.0
202606221854,148.66,148.69,148.69,148.66,103.0
202606221855,148.68,148.69,148.71,148.68,102.0
202606221856,148.69,148.66,148.74,148.66,75.0
202606221857,148.66,148.7,148.71,148.65,75.0
202606221858,148.7,148.66,148.71,148.66,48.0
202606221859,148.66,148.7,148.71,148.66,91.0
202606221900,148.71,148.76,148.78,148.71,97.0
202606221901,148.76,148.79,148.79,148.74,167.0
202606221902,148.76,148.76,148.81,148.75,119.0
202606221903,148.75,148.76,148.81,148.75,89.0
202606221904,148.75,148.76,148.76,148.7,111.0
202606221905,148.75,148.82,148.84,148.75,121.0
202606221906,148.83,148.8,148.87,148.8,92.0
202606221907,148.8,148.78,148.8,148.74,53.0
202606221908,148.78,148.81,148.83,148.76,64.0
202606221909,148.81,148.81,148.83,148.8,66.0
202606221910,148.81,148.78,148.82,148.75,81.0
202606221911,148.78,148.79,148.81,148.77,57.0
202606221912,148.78,148.77,148.79,148.74,76.0
202606221913,148.76,148.75,148.77,148.72,117.0
202606221914,148.76,148.75,148.77,148.74,207.0
202606221915,148.76,148.78,148.79,148.72,122.0
202606221916,148.77,148.78,148.79,148.75,41.0
202606221917,148.76,148.67,148.78,148.63,211.0
202606221918,148.66,148.65,148.71,148.64,313.0
202606221919,148.64,148.66,148.67,148.56,358.0
202606221920,148.67,148.69,148.7,148.63,75.0
202606221921,148.69,148.56,148.69,148.55,111.0
202606221922,148.56,148.56,148.62,148.56,85.0
202606221923,148.56,148.55,148.58,148.53,108.0
202606221924,148.53,148.51,148.54,148.5,58.0
202606221925,148.52,148.41,148.53,148.41,161.0
202606221926,148.42,148.35,148.44,148.34,114.0
202606221927,148.34,148.22,148.34,148.22,33.0
202606221928,148.23,148.14,148.25,148.14,154.0
202606221929,148.13,148.15,148.19,148.08,411.0
202606221930,148.14,148.03,148.15,148.02,139.0
202606221931,148.03,147.93,148.06,147.93,322.0
202606221932,147.91,147.73,147.92,147.72,304.0
202606221933,147.73,147.8,147.83,147.7,344.0
202606221934,147.79,148.0,148.04,147.79,321.0
202606221935,148.0,148.03,148.03,147.96,168.0
202606221936,148.03,148.0,148.06,147.91,131.0
202606221937,147.98,147.91,147.98,147.9,83.0
202606221938,147.87,147.85,147.87,147.76,240.0
202606221939,147.84,147.83,147.87,147.81,211.0
202606221940,147.85,147.91,147.96,147.85,185.0
202606221941,147.89,147.85,147.91,147.84,141.0
202606221942,147.88,147.91,147.93,147.84,196.0
202606221943,147.92,147.83,147.93,147.79,174.0
202606221944,147.83,147.93,147.96,147.83,294.0
202606221945,147.91,147.96,147.99,147.89,251.0
202606221946,147.98,148.06,148.12,147.96,219.0
202606221947,148.08,148.06,148.13,148.05,212.0
202606221948,148.05,148.11,148.12,148.05,353.0
202606221949,148.12,148.13,148.22,148.06,410.0
202606221950,148.12,147.97,148.12,147.84,323.0
202606221951,147.95,147.92,147.95,147.88,269.0
202606221952,147.93,147.93,147.95,147.87,313.0
202606221953,147.91,147.92,147.98,147.87,374.0
202606221954,147.93,148.11,148.12,147.91,441.0
202606221955,148.1,147.89,148.15,147.85,819.0
202606221956,147.89,147.73,147.91,147.68,523.0
202606221957,147.71,147.7,147.75,147.59,716.0
202606221958,147.71,147.81,147.96,147.69,1193.0
202606221959,147.8,147.7,147.87,147.57,2874.0
202606222000,147.69,147.69,147.69,147.69,1.0
202606222001,147.69,147.69,147.69,147.69,0.0
202606222002,147.69,147.69,147.69,147.69,0.0
202606222003,147.69,147.69,147.69,147.69,0.0
202606222004,147.68,147.68,147.68,147.68,25640.0
202606222005,147.68,147.68,147.68,147.68,695.0
202606222006,147.68,147.68,147.68,147.68,0.0
202606222007,147.68,147.68,147.68,147.68,0.0
202606222008,147.68,147.68,147.68,147.68,0.0
202606222009,147.68,147.68,147.68,147.68,0.0
202606222010,147.68,147.68,147.68,147.68,0.0
202606222011,147.68,147.68,147.68,147.68,0.0
202606222012,147.68,147.68,147.68,147.68,0.0
202606222013,147.68,147.68,147.68,147.68,0.0
202606222014,147.68,147.68,147.68,147.68,0.0
202606222015,147.68,147.68,147.68,147.68,0.0
202606222016,147.68,147.68,147.68,147.68,0.0
202606222017,147.68,147.68,147.68,147.68,0.0
202606222018,147.68,147.68,147.68,147.68,0.0
202606222019,147.68,147.68,147.68,147.68,0.0
202606222020,147.68,147.68,147.68,147.68,0.0
202606222021,147.68,147.68,147.68,147.68,0.0
202606222022,147.68,147.68,147.68,147.68,0.0
202606222023,147.68,147.68,147.68,147.68,0.0
202606222024,147.68,147.68,147.68,147.68,0.0
202606222025,147.68,147.68,147.68,147.68,0.0
202606222026,147.68,147.68,147.68,147.68,0.0
202606222027,147.68,147.68,147.68,147.68,0.0
202606222028,147.68,147.68,147.68,147.68,0.0
202606222029,147.68,147.68,147.68,147.68,0.0
202606222030,147.68,147.68,147.68,147.68,0.0
202606222031,147.68,147.68,147.68,147.68,0.0
202606222032,147.68,147.68,147.68,147.68,0.0
202606222033,147.68,147.68,147.68,147.68,0.0
202606222034,147.68,147.68,147.68,147.68,0.0
202606222035,147.68,147.68,147.68,147.68,0.0
202606222036,147.68,147.68,147.68,147.68,0.0
202606222037,147.68,147.68,147.68,147.68,0.0
202606222038,147.49,147.49,147.49,147.48,1.0
202606222039,147.49,147.49,147.49,147.49,0.0
202606222040,147.49,147.49,147.49,147.49,0.0
202606222041,147.49,147.49,147.49,147.49,0.0
202606222042,147.49,147.49,147.49,147.49,0.0
202606222043,147.49,147.49,147.49,147.49,0.0
202606222044,147.49,147.49,147.49,147.49,0.0
202606222045,147.49,147.49,147.49,147.49,0.0
202606222046,147.49,147.49,147.49,147.49,0.0
202606222047,147.49,147.49,147.49,147.49,0.0
202606222048,147.49,147.49,147.49,147.49,0.0
202606222049,147.49,147.49,147.49,147.49,0.0
202606222050,147.77,147.78,147.78,147.77,2.0
202606222051,147.78,147.78,147.78,147.78,0.0
202606222052,147.78,147.78,147.78,147.78,0.0
202606222053,147.78,147.78,147.78,147.78,0.0
202606222054,147.78,147.78,147.78,147.78,0.0
202606222055,147.78,147.78,147.78,147.78,0.0
202606222056,147.78,147.78,147.78,147.78,0.0
202606222057,147.78,147.78,147.78,147.78,0.0
202606222058,147.78,147.78,147.78,147.78,0.0
202606222059,147.78,147.78,147.78,147.78,0.0
202606222100,148.06,148.0,148.06,148.0,9.0
202606222101,148.0,148.0,148.0,148.0,0.0
202606222102,148.0,148.0,148.0,148.0,0.0
202606222103,148.0,148.0,148.0,148.0,0.0
202606222104,148.0,148.0,148.0,148.0,0.0
202606222105,148.0,148.0,148.0,148.0,0.0
202606222106,148.0,148.0,148.0,148.0,0.0
202606222107,148.0,148.0,148.0,148.0,0.0
202606222108,148.0,148.0,148.0,148.0,0.0
202606222109,148.0,148.0,148.0,148.0,0.0
202606222110,148.0,148.0,148.0,148.0,0.0
202606222111,148.0,148.0,148.0,148.0,0.0
202606222112,148.0,148.0,148.0,148.0,0.0
202606222113,148.0,148.0,148.0,148.0,0.0
202606222114,148.0,148.0,148.0,148.0,0.0
202606222115,148.0,148.0,148.0,148.0,0.0
202606222116,148.0,148.0,148.0,148.0,0.0
202606222117,148.0,148.0,148.0,148.0,0.0
202606222118,148.0,148.0,148.0,148.0,0.0
202606222119,148.0,148.0,148.0,148.0,0.0
202606222120,148.0,148.0,148.0,148.0,0.0
202606222121,148.0,148.0,148.0,148.0,0.0
202606222122,148.0,148.0,148.0,148.0,0.0
202606222123,148.0,148.0,148.0,148.0,0.0
202606222124,148.0,148.0,148.0,148.0,0.0
202606222125,148.0,148.0,148.0,148.0,0.0
202606222126,148.0,148.0,148.0,148.0,0.0
202606222127,148.0,148.0,148.0,148.0,0.0
202606222128,148.0,148.0,148.0,148.0,0.0
202606222129,148.0,148.0,148.0,148.0,0.0
202606222130,148.0,148.0,148.0,148.0,0.0
202606222131,148.0,148.0,148.0,148.0,0.0
202606222132,148.0,148.0,148.0,148.0,0.0
202606222133,148.0,148.0,148.0,148.0,0.0
202606222134,148.0,148.0,148.0,148.0,0.0
202606222135,148.0,148.0,148.0,148.0,0.0
202606222136,148.0,148.0,148.0,148.0,0.0
202606222137,148.0,148.0,148.0,148.0,0.0
202606222138,148.0,148.0,148.0,148.0,0.0
202606222139,148.0,148.0,148.0,148.0,0.0
202606222140,148.0,148.0,148.0,148.0,0.0
202606222141,148.0,148.0,148.0,148.0,0.0
202606222142,148.0,148.0,148.0,148.0,0.0
202606222143,148.0,148.0,148.0,148.0,0.0
202606222144,148.0,148.0,148.0,148.0,0.0
202606222145,148.0,148.0,148.0,148.0,0.0
202606222146,148.0,148.0,148.0,148.0,0.0
202606222147,148.0,148.0,148.0,148.0,0.0
202606222148,148.0,148.0,148.0,148.0,0.0
202606222149,148.0,148.0,148.0,148.0,0.0
202606222150,148.0,148.0,148.0,148.0,0.0
202606222151,148.0,148.0,148.0,148.0,0.0
202606222152,148.0,148.0,148.0,148.0,0.0
202606222153,148.0,148.0,148.0,148.0,0.0
202606222154,148.0,148.0,148.0,148.0,0.0
202606222155,148.0,148.0,148.0,148.0,0.0
202606222156,148.0,148.0,148.0,148.0,0.0
202606222157,148.0,148.0,148.0,148.0,0.0
202606222158,148.0,148.0,148.0,148.0,0.0
202606222159,148.0,148.0,148.0,148.0,0.0
202606222200,148.0,148.0,148.0,148.0,0.0
202606222201,148.0,148.0,148.0,148.0,0.0
202606222202,148.0,148.0,148.0,148.0,0.0
202606222203,148.0,148.0,148.0,148.0,0.0
202606222204,148.0,148.0,148.0,148.0,0.0
202606222205,148.0,148.0,148.0,148.0,0.0
202606222206,148.0,148.0,148.0,148.0,0.0
202606222207,148.0,148.0,148.0,148.0,0.0
202606222208,148.0,148.0,148.0,148.0,0.0
202606222209,148.0,148.0,148.0,148.0,0.0
202606222210,148.0,148.0,148.0,148.0,0.0
202606222211,148.0,148.0,148.0,148.0,0.0
202606222212,148.0,148.0,148.0,148.0,0.0
202606222213,148.0,148.0,148.0,148.0,0.0
202606222214,148.0,148.0,148.0,148.0,0.0
202606222215,148.0,148.0,148.0,148.0,0.0
202606222216,148.0,148.0,148.0,148.0,0.0
202606222217,147.8,147.8,147.8,147.8,1.0
202606222218,147.8,147.8,147.8,147.8,0.0
202606222219,147.8,147.8,147.8,147.8,0.0
202606222220,147.8,147.8,147.8,147.8,0.0
202606222221,147.8,147.8,147.8,147.8,0.0
202606222222,147.8,147.8,147.8,147.8,0.0
202606222223,147.8,147.8,147.8,147.8,0.0
202606222224,147.8,147.8,147.8,147.8,0.0
202606222225,147.8,147.8,147.8,147.8,0.0
202606222226,147.8,147.8,147.8,147.8,0.0
202606222227,147.8,147.8,147.8,147.8,0.0
202606222228,147.8,147.8,147.8,147.8,0.0
202606222229,147.8,147.8,147.8,147.8,0.0
202606222230,147.8,147.8,147.8,147.8,0.0
202606222231,147.8,147.8,147.8,147.8,0.0
202606222232,147.8,147.8,147.8,147.8,0.0
202606222233,147.8,147.8,147.8,147.8,0.0
202606222234,147.8,147.8,147.8,147.8,0.0
202606222235,147.8,147.8,147.8,147.8,0.0
202606222236,147.8,147.8,147.8,147.8,0.0
202606222237,147.8,147.8,147.8,147.8,0.0
202606222238,147.8,147.8,147.8,147.8,0.0
202606222239,147.8,147.8,147.8,147.8,0.0
202606222240,147.8,147.8,147.8,147.8,0.0
202606222241,147.8,147.8,147.8,147.8,0.0
202606222242,147.7,147.7,147.7,147.7,2.0
202606222243,147.7,147.7,147.7,147.7,0.0
202606222244,147.7,147.7,147.7,147.7,0.0
202606222245,147.7,147.7,147.7,147.7,0.0
202606222246,147.7,147.7,147.7,147.7,0.0
202606222247,147.7,147.7,147.7,147.7,0.0
202606222248,147.7,147.7,147.7,147.7,0.0
202606222249,147.7,147.7,147.7,147.7,0.0
202606222250,147.7,147.7,147.7,147.7,0.0
202606222251,147.7,147.7,147.7,147.7,0.0
202606222252,147.7,147.7,147.7,147.7,0.0
202606222253,147.7,147.7,147.7,147.7,0.0
202606222254,147.7,147.7,147.7,147.7,0.0
202606222255,147.7,147.7,147.7,147.7,0.0
202606222256,147.7,147.7,147.7,147.7,0.0
202606222257,147.7,147.7,147.7,147.7,0.0
202606222258,147.7,147.7,147.7,147.7,0.0
202606222259,147.7,147.7,147.7,147.7,0.0
202606222300,147.7,147.7,147.7,147.7,0.0
202606222301,147.7,147.7,147.7,147.7,0.0
202606222302,147.7,147.7,147.7,147.7,0.0
202606222303,147.7,147.7,147.7,147.7,0.0
202606222304,147.7,147.7,147.7,147.7,0.0
202606222305,147.7,147.7,147.7,147.7,0.0
202606222306,147.7,147.7,147.7,147.7,0.0
202606222307,147.7,147.7,147.7,147.7,0.0
202606222308,147.7,147.7,147.7,147.7,0.0
202606222309,147.7,147.7,147.7,147.7,0.0
202606222310,147.7,147.7,147.7,147.7,0.0
202606222311,147.7,147.7,147.7,147.7,0.0
202606222312,147.7,147.7,147.7,147.7,0.0
202606222313,147.7,147.7,147.7,147.7,0.0
202606222314,147.7,147.7,147.7,147.7,0.0
202606222315,147.7,147.7,147.7,147.7,0.0
202606222316,147.8,147.8,147.8,147.8,2.0
202606222317,147.8,147.8,147.8,147.8,0.0
202606222318,147.8,147.8,147.8,147.8,0.0
202606222319,147.68,147.68,147.68,147.68,4.0
202606222320,147.76,147.8,147.8,147.76,6.0
202606222321,147.8,147.8,147.8,147.8,0.0
202606222322,147.8,147.8,147.8,147.8,0.0
202606222323,147.8,147.8,147.8,147.8,0.0
202606222324,147.8,147.8,147.8,147.8,0.0
202606222325,147.8,147.8,147.8,147.8,0.0
202606222326,147.8,147.8,147.8,147.8,0.0
202606222327,147.8,147.8,147.8,147.8,0.0
202606222328,147.8,147.8,147.8,147.8,0.0
202606222329,147.8,147.8,147.8,147.8,0.0
202606222330,147.8,147.8,147.8,147.8,0.0
202606222331,147.8,147.8,147.8,147.8,0.0
202606222332,147.8,147.8,147.8,147.8,0.0
202606222333,147.8,147.8,147.8,147.8,0.0
202606222334,147.8,147.8,147.8,147.8,0.0
202606222335,147.8,147.8,147.8,147.8,0.0
202606222336,147.8,147.8,147.8,147.8,0.0
202606222337,147.8,147.8,147.8,147.8,0.0
202606222338,147.8,147.8,147.8,147.8,0.0
202606222339,147.8,147.8,147.8,147.8,0.0
202606222340,147.8,147.8,147.8,147.8,0.0
202606222341,147.8,147.8,147.8,147.8,0.0
202606222342,147.8,147.8,147.8,147.8,0.0
202606222343,147.8,147.8,147.8,147.8,0.0
202606222344,147.8,147.8,147.8,147.8,0.0
202606222345,147.8,147.8,147.8,147.8,0.0
202606222346,147.8,147.8,147.8,147.8,0.0
202606222347,147.8,147.8,147.8,147.8,0.0
202606222348,147.8,147.8,147.8,147.8,0.0
202606222349,147.8,147.8,147.8,147.8,0.0
202606222350,147.8,147.8,147.8,147.8,0.0
202606222351,147.8,147.8,147.8,147.8,0.0
202606222352,147.8,147.8,147.8,147.8,0.0
202606222353,147.8,147.8,147.8,147.8,0.0
202606222354,147.8,147.8,147.8,147.8,0.0
202606222355,147.8,147.8,147.8,147.8,0.0
202606222356,147.8,147.8,147.8,147.8,0.0
202606222357,147.8,147.8,147.8,147.8,0.0
202606222358,147.8,147.8,147.8,147.8,0.0
202606222359,147.8,147.8,147.8,147.8,0.0
202606230800,148.2,148.2,148.2,148.2,1.0
202606230801,148.2,148.2,148.2,148.2,0.0
202606230802,148.2,148.2,148.2,148.2,0.0
202606230803,148.2,148.2,148.2,148.2,0.0
202606230804,148.2,148.2,148.2,148.2,0.0
202606230805,148.2,148.2,148.2,148.2,0.0
202606230806,148.2,148.2,148.2,148.2,0.0
202606230807,148.2,148.2,148.2,148.2,0.0
202606230808,148.2,148.2,148.2,148.2,0.0
202606230809,148.39,148.39,148.8,148.39,7.0
202606230810,148.39,148.39,148.39,148.39,0.0
202606230811,148.75,149.16,149.16,148.75,5.0
202606230812,149.16,149.16,149.16,149.16,0.0
202606230813,149.16,149.16,149.16,149.16,0.0
202606230814,149.16,149.16,149.16,149.16,0.0
202606230815,149.16,149.16,149.16,149.16,0.0
202606230816,149.16,149.16,149.16,149.16,0.0
202606230817,149.16,149.16,149.16,149.16,0.0
202606230818,149.16,149.16,149.16,149.16,0.0
202606230819,149.16,149.16,149.16,149.16,0.0
202606230820,149.16,149.16,149.16,149.16,0.0
202606230821,149.16,149.16,149.16,149.16,0.0
202606230822,149.16,149.16,149.16,149.16,0.0
202606230823,149.16,149.16,149.16,149.16,0.0
202606230824,149.16,149.16,149.16,149.16,0.0
202606230825,149.16,149.16,149.16,149.16,0.0
202606230826,149.16,149.16,149.16,149.16,0.0
202606230827,149.16,149.16,149.16,149.16,0.0
202606230828,149.16,149.16,149.16,149.16,0.0
202606230829,149.16,149.16,149.16,149.16,0.0
202606230830,149.16,149.16,149.16,149.16,0.0
202606230831,149.16,149.16,149.16,149.16,0.0
202606230832,149.16,149.16,149.16,149.16,0.0
202606230833,149.16,149.16,149.16,149.16,0.0
202606230834,149.16,149.16,149.16,149.16,0.0
202606230835,149.16,149.16,149.16,149.16,0.0
202606230836,149.16,149.16,149.16,149.16,0.0
202606230837,149.16,149.16,149.16,149.16,0.0
202606230838,149.16,149.16,149.16,149.16,0.0
202606230839,149.16,149.16,149.16,149.16,0.0
202606230840,149.16,149.16,149.16,149.16,0.0
202606230841,149.16,149.16,149.16,149.16,0.0
202606230842,149.16,149.16,149.16,149.16,0.0
202606230843,149.16,149.16,149.16,149.16,0.0
202606230844,149.16,149.16,149.16,149.16,0.0
202606230845,149.16,149.16,149.16,149.16,0.0
202606230846,149.16,149.16,149.16,149.16,0.0
202606230847,149.16,149.16,149.16,149.16,0.0
202606230848,149.16,149.16,149.16,149.16,0.0
202606230849,149.16,149.16,149.16,149.16,0.0
202606230850,149.16,149.16,149.16,149.16,0.0
202606230851,149.16,149.16,149.16,149.16,0.0
202606230852,149.16,149.16,149.16,149.16,0.0
202606230853,149.16,149.16,149.16,149.16,0.0
202606230854,149.16,149.16,149.16,149.16,0.0
202606230855,149.16,149.16,149.16,149.16,0.0
202606230856,149.16,149.16,149.16,149.16,0.0
202606230857,149.2,149.2,149.2,149.2,1.0
202606230858,149.2,149.2,149.2,149.2,0.0
202606230859,149.2,149.2,149.2,149.2,0.0
202606230900,149.2,149.2,149.2,149.2,0.0
202606230901,149.2,149.2,149.2,149.2,0.0
202606230902,149.2,149.2,149.2,149.2,0.0
202606230903,149.2,149.2,149.2,149.2,0.0
202606230904,149.2,149.2,149.2,149.2,0.0
202606230905,149.2,149.2,149.2,149.2,0.0
202606230906,149.2,149.2,149.2,149.2,0.0
202606230907,148.85,148.85,148.85,148.85,1.0
202606230908,148.85,148.85,148.85,148.85,0.0
202606230909,148.85,148.85,148.85,148.85,0.0
202606230910,148.85,148.85,148.85,148.85,0.0
202606230911,148.85,148.85,148.85,148.85,0.0
202606230912,148.85,148.85,148.85,148.85,0.0
202606230913,148.85,148.85,148.85,148.85,0.0
202606230914,148.85,148.85,148.85,148.85,0.0
202606230915,148.85,148.85,148.85,148.85,0.0
202606230916,148.85,148.85,148.85,148.85,0.0
202606230917,148.85,148.85,148.85,148.85,0.0
202606230918,148.85,148.85,148.85,148.85,0.0
202606230919,148.85,148.85,148.85,148.85,0.0
202606230920,148.85,148.85,148.85,148.85,0.0
202606230921,148.85,148.85,148.85,148.85,0.0
202606230922,148.85,148.85,148.85,148.85,0.0
202606230923,148.85,148.85,148.85,148.85,0.0
202606230924,148.85,148.85,148.85,148.85,0.0
202606230925,148.85,148.85,148.85,148.85,0.0
202606230926,148.85,148.85,148.85,148.85,0.0
202606230927,148.85,148.85,148.85,148.85,0.0
202606230928,148.85,148.85,148.85,148.85,0.0
202606230929,148.85,148.85,148.85,148.85,0.0
202606230930,148.85,148.85,148.85,148.85,0.0
202606230931,148.85,148.85,148.85,148.85,0.0
202606230932,148.85,148.85,148.85,148.85,0.0
202606230933,148.85,148.85,148.85,148.85,0.0
202606230934,148.85,148.85,148.85,148.85,0.0
202606230935,148.85,148.85,148.85,148.85,0.0
202606230936,148.85,148.85,148.85,148.85,0.0
202606230937,148.85,148.85,148.85,148.85,0.0
202606230938,149.09,149.17,149.17,149.09,2.0
202606230939,149.17,149.17,149.17,149.17,0.0
202606230940,149.17,149.17,149.17,149.17,0.0
202606230941,149.17,149.17,149.17,149.17,0.0
202606230942,149.17,149.17,149.17,149.17,0.0
202606230943,149.17,149.17,149.17,149.17,0.0
202606230944,149.17,149.17,149.17,149.17,0.0
202606230945,149.17,149.17,149.17,149.17,0.0
202606230946,149.17,149.17,149.17,149.17,0.0
202606230947,149.17,149.17,149.17,149.17,0.0
202606230948,149.17,149.17,149.17,149.17,0.0
202606230949,149.17,149.17,149.17,149.17,0.0
202606230950,149.17,149.17,149.17,149.17,0.0
202606230951,149.17,149.17,149.17,149.17,0.0
202606230952,149.17,149.17,149.17,149.17,0.0
202606230953,149.17,149.17,149.17,149.17,0.0
202606230954,149.23,149.21,149.23,149.21,7.0
202606230955,149.21,149.21,149.21,149.21,0.0
202606230956,149.21,149.21,149.21,149.21,0.0
202606230957,149.21,149.21,149.21,149.21,0.0
202606230958,149.21,149.21,149.21,149.21,0.0
202606230959,149.21,149.21,149.21,149.21,0.0
202606231000,149.21,149.21,149.21,149.21,0.0
202606231001,149.21,149.21,149.21,149.21,0.0
202606231002,149.21,149.21,149.21,149.21,0.0
202606231003,149.21,149.21,149.21,149.21,0.0
202606231004,149.21,149.21,149.21,149.21,0.0
202606231005,149.25,149.21,149.25,149.21,2.0
202606231006,149.21,149.21,149.21,149.21,0.0
202606231007,149.21,149.21,149.21,149.21,0.0
202606231008,149.21,149.21,149.21,149.21,0.0
202606231009,149.21,149.21,149.21,149.21,0.0
202606231010,149.21,149.21,149.21,149.21,0.0
202606231011,149.21,149.21,149.21,149.21,0.0
202606231012,149.21,149.21,149.21,149.21,0.0
202606231013,149.21,149.21,149.21,149.21,0.0
202606231014,149.21,149.21,149.21,149.21,0.0
202606231015,149.21,149.21,149.21,149.21,0.0
202606231016,149.21,149.21,149.21,149.21,0.0
202606231017,149.21,149.21,149.21,149.21,0.0
202606231018,149.21,149.21,149.21,149.21,0.0
202606231019,149.21,149.21,149.21,149.21,0.0
202606231020,149.21,149.21,149.21,149.21,0.0
202606231021,149.21,149.21,149.21,149.21,0.0
202606231022,149.21,149.21,149.21,149.21,0.0
202606231023,149.21,149.21,149.21,149.21,0.0
202606231024,149.21,149.21,149.21,149.21,0.0
202606231025,149.48,149.48,149.48,149.48,1.0
202606231026,149.48,149.48,149.48,149.48,0.0
202606231027,149.48,149.48,149.48,149.48,0.0
202606231028,149.48,149.48,149.48,149.48,0.0
202606231029,149.48,149.48,149.48,149.48,0.0
202606231030,149.42,149.42,149.42,149.42,1.0
202606231031,149.42,149.42,149.42,149.42,0.0
202606231032,149.42,149.42,149.42,149.42,0.0
202606231033,149.42,149.42,149.42,149.42,0.0
202606231034,149.42,149.42,149.42,149.42,0.0
202606231035,149.42,149.42,149.42,149.42,0.0
202606231036,149.42,149.42,149.42,149.42,0.0
202606231037,149.42,149.42,149.42,149.42,0.0
202606231038,149.42,149.42,149.42,149.42,0.0
202606231039,149.42,149.42,149.42,149.42,0.0
202606231040,149.42,149.42,149.42,149.42,0.0
202606231041,149.42,149.42,149.42,149.42,0.0
202606231042,149.42,149.42,149.42,149.42,0.0
202606231043,149.42,149.42,149.42,149.42,0.0
202606231044,149.42,149.42,149.42,149.42,0.0
202606231045,149.42,149.42,149.42,149.42,0.0
202606231046,149.42,149.42,149.42,149.42,0.0
202606231047,149.42,149.42,149.42,149.42,0.0
202606231048,149.42,149.42,149.42,149.42,0.0
202606231049,149.42,149.42,149.42,149.42,0.0
202606231050,149.71,149.71,149.71,149.71,1.0
202606231051,149.71,149.71,149.71,149.71,0.0
202606231052,149.71,149.71,149.71,149.71,0.0
202606231053,149.71,149.71,149.71,149.71,0.0
202606231054,149.71,149.71,149.71,149.71,0.0
202606231055,149.71,149.71,149.71,149.71,0.0
202606231056,149.71,149.71,149.71,149.71,0.0
202606231057,149.71,149.71,149.71,149.71,0.0
202606231058,149.71,149.71,149.71,149.71,0.0
202606231059,149.71,149.71,149.71,149.71,0.0
202606231100,149.28,149.28,149.28,149.27,10.0
202606231101,149.22,149.22,149.22,149.22,1.0
202606231102,149.22,149.22,149.22,149.22,0.0
202606231103,149.22,149.22,149.22,149.22,0.0
202606231104,149.22,149.22,149.22,149.22,0.0
202606231105,149.22,149.22,149.22,149.22,0.0
202606231106,149.3,149.28,149.3,149.21,8.0
202606231107,149.28,149.28,149.28,149.28,0.0
202606231108,149.28,149.28,149.28,149.28,6.0
202606231109,149.28,149.28,149.28,149.28,0.0
202606231110,149.22,149.22,149.23,149.22,3.0
202606231111,149.22,149.22,149.22,149.22,0.0
202606231112,149.22,149.22,149.22,149.22,0.0
202606231113,149.24,149.24,149.24,149.24,1.0
202606231114,149.24,149.24,149.24,149.24,0.0
202606231115,149.24,149.24,149.24,149.24,0.0
202606231116,149.24,149.24,149.24,149.24,0.0
202606231117,149.22,149.22,149.22,149.22,1.0
202606231118,149.22,149.22,149.22,149.22,0.0
202606231119,149.22,149.22,149.22,149.22,0.0
202606231120,149.22,149.22,149.22,149.22,0.0
202606231121,149.22,149.22,149.22,149.22,0.0
202606231122,149.22,149.22,149.22,149.22,0.0
202606231123,149.22,149.22,149.22,149.22,0.0
202606231124,149.22,149.22,149.22,149.22,0.0
202606231125,149.22,149.22,149.22,149.22,0.0
202606231126,149.22,149.22,149.22,149.22,0.0
202606231127,149.22,149.22,149.22,149.22,0.0
202606231128,149.22,149.22,149.22,149.22,0.0
202606231129,149.22,149.22,149.22,149.22,0.0
202606231130,149.22,149.22,149.22,149.22,0.0
202606231131,149.21,149.21,149.21,149.21,1.0
202606231132,149.21,149.21,149.21,149.21,0.0
202606231133,149.21,149.21,149.21,149.21,0.0
202606231134,149.21,149.21,149.21,149.21,0.0
202606231135,149.21,149.21,149.21,149.21,0.0
202606231136,149.21,149.21,149.21,149.21,0.0
202606231137,149.21,149.21,149.21,149.21,0.0
202606231138,149.21,149.21,149.21,149.21,0.0
202606231139,149.21,149.21,149.21,149.21,0.0
202606231140,149.21,149.21,149.21,149.21,0.0
202606231141,149.21,149.21,149.21,149.21,0.0
202606231142,149.21,149.21,149.21,149.21,0.0
202606231143,149.36,149.36,149.37,149.36,4.0
202606231144,149.38,149.38,149.38,149.38,1.0
202606231145,149.38,149.38,149.38,149.38,0.0
202606231146,149.38,149.38,149.38,149.38,0.0
202606231147,149.38,149.38,149.38,149.38,0.0
202606231148,149.38,149.38,149.38,149.38,0.0
202606231149,149.38,149.38,149.38,149.38,0.0
202606231150,149.54,149.54,149.54,149.54,2.0
202606231151,149.54,149.54,149.54,149.54,1.0
202606231152,149.54,149.54,149.54,149.54,0.0
202606231153,149.54,149.54,149.54,149.54,0.0
202606231154,149.54,149.54,149.54,149.54,0.0
202606231155,149.54,149.54,149.54,149.54,0.0
202606231156,149.54,149.54,149.54,149.54,0.0
202606231157,149.54,149.54,149.54,149.54,0.0
202606231158,149.54,149.54,149.54,149.54,0.0
202606231159,149.54,149.54,149.54,149.54,0.0
202606231200,149.54,149.54,149.54,149.54,0.0
202606231201,149.54,149.54,149.54,149.54,0.0
202606231202,149.54,149.54,149.54,149.54,0.0
202606231203,149.54,149.54,149.54,149.54,0.0
202606231204,149.54,149.54,149.54,149.54,0.0
202606231205,149.54,149.54,149.54,149.54,0.0
202606231206,149.54,149.54,149.54,149.54,0.0
202606231207,149.49,149.49,149.49,149.49,2.0
202606231208,149.49,149.49,149.49,149.49,0.0
202606231209,149.49,149.49,149.49,149.49,0.0
202606231210,149.49,149.49,149.49,149.49,0.0
202606231211,149.49,149.49,149.49,149.49,0.0
202606231212,149.49,149.49,149.49,149.49,0.0
202606231213,149.49,149.49,149.49,149.49,0.0
202606231214,149.49,149.49,149.49,149.49,0.0
202606231215,149.22,149.22,149.22,149.22,1.0
202606231216,149.26,149.26,149.26,149.26,2.0
202606231217,149.8,149.8,149.8,149.79,1.0
202606231218,149.8,149.8,149.8,149.8,0.0
202606231219,149.8,149.8,149.8,149.8,0.0
202606231220,149.8,149.8,149.8,149.8,0.0
202606231221,149.8,149.8,149.8,149.8,0.0
202606231222,149.8,149.8,149.8,149.8,0.0
202606231223,149.8,149.8,149.8,149.8,0.0
202606231224,149.8,149.8,149.8,149.8,0.0
202606231225,149.8,149.8,149.8,149.8,0.0
202606231226,149.7,149.72,149.72,149.7,2.0
202606231227,149.72,149.72,149.72,149.72,0.0
202606231228,149.72,149.72,149.72,149.72,0.0
202606231229,149.72,149.72,149.72,149.72,0.0
202606231230,149.72,149.72,149.72,149.72,0.0
202606231231,149.72,149.72,149.72,149.72,0.0
202606231232,149.72,149.72,149.72,149.72,0.0
202606231233,149.72,149.72,149.72,149.72,0.0
202606231234,149.72,149.72,149.72,149.72,0.0
202606231235,149.35,149.33,149.35,149.33,3.0
202606231236,149.33,149.33,149.33,149.33,0.0
202606231237,149.33,149.33,149.33,149.33,0.0
202606231238,149.33,149.33,149.33,149.33,0.0
202606231239,149.33,149.33,149.33,149.33,0.0
202606231240,149.33,149.33,149.33,149.33,0.0
202606231241,149.33,149.33,149.33,149.33,0.0
202606231242,149.33,149.33,149.33,149.33,0.0
202606231243,149.33,149.33,149.33,149.33,0.0
202606231244,149.33,149.33,149.33,149.33,0.0
202606231245,149.33,149.33,149.33,149.33,0.0
202606231246,149.33,149.33,149.33,149.33,0.0
202606231247,149.33,149.33,149.33,149.33,0.0
202606231248,149.33,149.33,149.33,149.33,0.0
202606231249,149.33,149.33,149.33,149.33,0.0
202606231250,149.33,149.33,149.33,149.33,0.0
202606231251,149.33,149.33,149.33,149.33,0.0
202606231252,149.33,149.33,149.33,149.33,0.0
202606231253,149.33,149.33,149.33,149.33,0.0
202606231254,149.33,149.33,149.33,149.33,0.0
202606231255,149.33,149.33,149.33,149.33,0.0
202606231256,149.33,149.33,149.33,149.33,0.0
202606231257,149.33,149.33,149.33,149.33,0.0
202606231258,149.65,149.65,149.65,149.65,2.0
202606231259,149.65,149.65,149.65,149.65,0.0
202606231300,149.65,149.65,149.65,149.65,0.0
202606231301,149.65,149.65,149.65,149.65,0.0
202606231302,149.54,149.54,149.54,149.54,1.0
202606231303,149.68,149.68,149.68,149.68,1.0
202606231304,149.78,149.78,149.78,149.78,1.0
202606231305,149.78,149.78,149.78,149.78,0.0
202606231306,149.78,149.78,149.78,149.78,0.0
202606231307,149.78,149.78,149.78,149.78,0.0
202606231308,149.78,149.78,149.78,149.78,0.0
202606231309,149.78,149.78,149.78,149.78,0.0
202606231310,149.78,149.78,149.78,149.78,0.0
202606231311,149.78,149.78,149.78,149.78,0.0
202606231312,149.78,149.78,149.78,149.78,0.0
202606231313,149.78,149.78,149.78,149.78,0.0
202606231314,149.98,149.98,149.98,149.97,2.0
202606231315,149.98,149.98,149.98,149.98,0.0
202606231316,149.98,149.98,149.98,149.98,0.0
202606231317,149.98,149.98,149.98,149.98,0.0
202606231318,149.97,149.97,149.97,149.96,3.0
202606231319,149.97,149.97,149.97,149.97,0.0
202606231320,149.97,149.97,149.97,149.97,0.0
202606231321,149.97,149.97,149.97,149.97,0.0
202606231322,149.97,149.97,149.97,149.97,0.0
202606231323,149.97,149.97,149.97,149.97,0.0
202606231324,149.97,149.97,149.97,149.97,0.0
202606231325,149.97,149.97,149.97,149.97,0.0
202606231326,149.11,149.11,149.11,149.11,1.0
202606231327,150.0,150.0,150.0,150.0,2.0
202606231328,150.0,150.0,150.0,150.0,0.0
202606231329,150.1,150.38,150.38,150.1,4.0
202606231330,149.66,149.86,150.64,149.66,1637.0
202606231331,149.98,150.66,150.71,149.98,193.0
202606231332,150.6,151.05,151.05,150.42,250.0
202606231333,150.84,150.28,150.92,150.13,111.0
202606231334,150.2,150.0,150.42,149.96,140.0
202606231335,150.1,149.61,150.1,149.41,172.0
202606231336,149.58,149.76,149.84,149.51,153.0
202606231337,149.85,149.75,149.93,149.59,121.0
202606231338,149.69,149.62,149.85,149.62,338.0
202606231339,149.62,149.81,149.9,149.37,396.0
202606231340,149.79,149.76,149.85,149.54,268.0
202606231341,149.76,150.03,150.17,149.76,164.0
202606231342,150.07,150.23,150.26,149.99,84.0
202606231343,150.23,150.03,150.29,150.03,136.0
202606231344,150.0,150.15,150.25,149.98,115.0
202606231345,150.14,150.3,150.34,150.1,171.0
202606231346,150.3,150.67,150.73,150.3,101.0
202606231347,150.69,150.69,150.83,150.58,66.0
202606231348,150.68,151.04,151.04,150.68,107.0
202606231349,150.97,150.94,151.04,150.83,70.0
202606231350,150.93,151.0,151.09,150.82,156.0
202606231351,150.88,150.59,150.88,150.55,108.0
202606231352,150.6,150.33,150.75,150.33,148.0
202606231353,150.3,150.51,150.61,150.3,150.0
202606231354,150.47,150.63,150.63,150.41,150.0
202606231355,150.72,150.99,150.99,150.63,59.0
202606231356,150.86,151.06,151.07,150.86,48.0
202606231357,151.0,150.95,151.04,150.94,22.0
202606231358,150.91,150.51,151.0,150.48,57.0
202606231359,150.51,150.5,150.56,150.35,57.0
202606231400,150.54,150.49,150.72,150.46,58.0
202606231401,150.46,150.45,150.46,150.33,52.0
202606231402,150.5,150.56,150.6,150.36,68.0
202606231403,150.56,150.61,150.67,150.54,30.0
202606231404,150.56,150.55,150.63,150.5,28.0
202606231405,150.57,150.5,150.72,150.48,69.0
202606231406,150.5,150.25,150.5,150.24,71.0
202606231407,150.27,150.35,150.36,150.14,124.0
202606231408,150.32,150.49,150.5,150.24,191.0
202606231409,150.5,150.55,150.58,150.36,55.0
202606231410,150.6,150.68,150.72,150.6,171.0
202606231411,150.72,150.79,150.82,150.71,53.0
202606231412,150.85,150.85,150.87,150.74,68.0
202606231413,150.85,150.84,150.9,150.82,25.0
202606231414,150.82,150.71,150.82,150.7,101.0
202606231415,150.7,150.77,150.81,150.61,42.0
202606231416,150.78,150.71,150.83,150.64,72.0
202606231417,150.65,150.76,150.8,150.65,292.0
202606231418,150.81,150.8,150.84,150.74,95.0
202606231419,150.78,150.78,150.91,150.76,204.0
202606231420,150.78,150.64,150.87,150.64,136.0
202606231421,150.61,150.61,150.69,150.56,185.0
202606231422,150.61,150.72,150.72,150.57,59.0
202606231423,150.72,150.83,150.86,150.71,40.0
202606231424,150.86,150.86,151.0,150.85,212.0
202606231425,150.89,150.88,150.91,150.78,84.0
202606231426,150.83,150.9,150.97,150.8,80.0
202606231427,150.89,150.78,150.91,150.78,38.0
202606231428,150.75,150.84,150.88,150.75,38.0
202606231429,150.87,150.88,150.89,150.8,47.0
202606231430,150.81,150.97,150.97,150.8,51.0
202606231431,151.0,151.1,151.12,150.97,142.0
202606231432,151.08,151.05,151.16,151.04,59.0
202606231433,151.03,150.84,151.03,150.84,84.0
202606231434,150.89,150.77,150.91,150.74,67.0
202606231435,150.77,150.71,150.81,150.7,51.0
202606231436,150.68,150.58,150.68,150.51,47.0
202606231437,150.58,150.5,150.59,150.45,50.0
202606231438,150.51,150.61,150.62,150.5,74.0
202606231439,150.6,150.66,150.7,150.6,30.0
202606231440,150.7,150.71,150.82,150.7,32.0
202606231441,150.7,150.74,150.77,150.6,55.0
202606231442,150.75,150.64,150.87,150.6,86.0
202606231443,150.68,150.52,150.68,150.48,96.0
202606231444,150.48,150.55,150.57,150.47,71.0
202606231445,150.57,150.47,150.58,150.43,126.0
202606231446,150.43,150.45,150.47,150.42,22.0
202606231447,150.42,150.38,150.47,150.31,80.0
202606231448,150.33,150.4,150.42,150.33,68.0
202606231449,150.4,150.33,150.45,150.33,59.0
202606231450,150.33,150.21,150.34,150.21,62.0
202606231451,150.2,150.28,150.32,150.2,37.0
202606231452,150.28,150.23,150.34,150.23,68.0
202606231453,150.28,150.42,150.47,150.27,64.0
202606231454,150.45,150.48,150.49,150.39,121.0
202606231455,150.45,150.66,150.75,150.43,148.0
202606231456,150.61,150.63,150.63,150.52,60.0
202606231457,150.6,150.66,150.68,150.6,57.0
202606231458,150.72,150.76,150.81,150.71,78.0
202606231459,150.78,150.76,150.81,150.72,96.0
202606231500,150.76,150.81,150.82,150.64,146.0
202606231501,150.78,150.71,150.78,150.64,49.0
202606231502,150.66,150.71,150.74,150.63,42.0
202606231503,150.67,150.63,150.68,150.59,38.0
202606231504,150.66,150.68,150.68,150.59,13.0
202606231505,150.64,150.8,150.8,150.62,39.0
202606231506,150.8,150.82,150.9,150.76,150.0
202606231507,150.79,150.76,150.83,150.71,27.0
202606231508,150.7,150.73,150.74,150.67,36.0
202606231509,150.72,150.75,150.8,150.72,38.0
202606231510,150.75,150.85,150.86,150.73,53.0
202606231511,150.87,150.85,150.9,150.82,97.0
202606231512,150.83,150.89,150.96,150.83,93.0
202606231513,150.85,150.91,150.91,150.81,58.0
202606231514,150.9,150.88,150.97,150.84,102.0
202606231515,150.91,150.84,150.92,150.83,128.0
202606231516,150.78,150.83,150.83,150.69,97.0
202606231517,150.81,150.91,150.91,150.75,27.0
202606231518,150.86,150.86,150.91,150.84,16.0
202606231519,150.86,150.79,150.87,150.77,149.0
202606231520,150.77,150.68,150.77,150.67,29.0
202606231521,150.7,150.8,150.8,150.7,40.0
202606231522,150.82,150.79,150.83,150.77,50.0
202606231523,150.81,150.81,150.82,150.76,8.0
202606231524,150.79,150.76,150.83,150.76,15.0
202606231525,150.76,150.72,150.76,150.64,34.0
202606231526,150.67,150.68,150.74,150.67,11.0
202606231527,150.69,150.67,150.77,150.65,41.0
202606231528,150.64,150.71,150.71,150.63,19.0
202606231529,150.71,150.7,150.77,150.68,30.0
202606231530,150.72,150.83,150.84,150.72,47.0
202606231531,150.84,150.76,150.85,150.7,30.0
202606231532,150.76,150.69,150.78,150.69,23.0
202606231533,150.71,150.68,150.71,150.68,21.0
202606231534,150.68,150.63,150.68,150.56,33.0
202606231535,150.63,150.68,150.74,150.63,45.0
202606231536,150.69,150.75,150.77,150.69,28.0
202606231537,150.76,150.66,150.77,150.66,107.0
202606231538,150.64,150.67,150.71,150.64,21.0
202606231539,150.63,150.67,150.7,150.63,10.0
202606231540,150.66,150.7,150.72,150.66,13.0
202606231541,150.68,150.69,150.69,150.63,24.0
202606231542,150.68,150.74,150.74,150.65,23.0
202606231543,150.76,150.72,150.8,150.72,68.0
202606231544,150.68,150.62,150.68,150.62,16.0
202606231545,150.64,150.57,150.65,150.54,161.0
202606231546,150.57,150.65,150.66,150.56,94.0
202606231547,150.69,150.66,150.69,150.64,36.0
202606231548,150.69,150.9,150.9,150.69,85.0
202606231549,150.91,150.87,150.94,150.87,29.0
202606231550,150.9,150.86,150.9,150.83,27.0
202606231551,150.85,150.88,150.95,150.85,29.0
202606231552,150.88,150.88,150.94,150.88,48.0
202606231553,150.89,150.85,150.9,150.83,18.0
202606231554,150.82,150.83,150.83,150.82,8.0
202606231555,150.85,150.82,150.89,150.8,37.0
202606231556,150.78,150.69,150.81,150.68,76.0
202606231557,150.69,150.74,150.76,150.66,101.0
202606231558,150.73,150.76,150.76,150.72,28.0
202606231559,150.73,150.73,150.79,150.72,22.0
202606231600,150.75,150.78,150.79,150.75,19.0
202606231601,150.8,150.76,150.8,150.69,46.0
202606231602,150.78,150.81,150.82,150.77,47.0
202606231603,150.79,150.81,150.81,150.76,44.0
202606231604,150.82,150.73,150.82,150.73,19.0
202606231605,150.74,150.88,150.88,150.74,62.0
202606231606,150.85,150.88,150.89,150.85,11.0
202606231607,150.87,150.88,150.89,150.86,12.0
202606231608,150.88,150.82,150.9,150.82,39.0
202606231609,150.79,150.84,150.86,150.79,36.0
202606231610,150.84,150.87,150.87,150.81,17.0
202606231611,150.87,150.78,150.9,150.78,45.0
202606231612,150.77,150.74,150.79,150.74,15.0
202606231613,150.72,150.78,150.79,150.71,44.0
202606231614,150.76,150.82,150.82,150.75,23.0
202606231615,150.84,150.85,150.87,150.84,19.0
202606231616,150.87,150.88,150.89,150.86,18.0
202606231617,150.86,150.86,150.93,150.85,94.0
202606231618,150.85,150.78,150.85,150.76,25.0
202606231619,150.78,150.82,150.82,150.76,17.0
202606231620,150.81,150.85,150.92,150.81,20.0
202606231621,150.86,150.83,150.86,150.83,10.0
202606231622,150.82,150.81,150.85,150.81,10.0
202606231623,150.79,150.7,150.79,150.68,19.0
202606231624,150.71,150.6,150.73,150.6,26.0
202606231625,150.64,150.63,150.67,150.6,27.0
202606231626,150.63,150.57,150.63,150.56,33.0
202606231627,150.55,150.51,150.57,150.5,78.0
202606231628,150.51,150.42,150.54,150.42,101.0
202606231629,150.47,150.54,150.55,150.39,259.0
202606231630,150.52,150.58,150.65,150.52,136.0
202606231631,150.59,150.7,150.71,150.59,47.0
202606231632,150.68,150.6,150.68,150.59,24.0
202606231633,150.61,150.64,150.65,150.6,42.0
202606231634,150.63,150.65,150.66,150.61,75.0
202606231635,150.64,150.69,150.69,150.64,42.0
202606231636,150.66,150.72,150.73,150.66,28.0
202606231637,150.7,150.72,150.73,150.67,21.0
202606231638,150.71,150.69,150.71,150.68,23.0
202606231639,150.69,150.69,150.74,150.68,50.0
202606231640,150.69,150.72,150.72,150.69,16.0
202606231641,150.72,150.72,150.73,150.69,126.0
202606231642,150.72,150.7,150.73,150.69,51.0
202606231643,150.69,150.68,150.71,150.66,75.0
202606231644,150.7,150.67,150.7,150.67,14.0
202606231645,150.69,150.69,150.71,150.68,66.0
202606231646,150.7,150.64,150.71,150.64,60.0
202606231647,150.64,150.61,150.65,150.6,102.0
202606231648,150.61,150.64,150.65,150.61,45.0
202606231649,150.65,150.63,150.65,150.62,26.0
202606231650,150.63,150.63,150.63,150.61,11.0
202606231651,150.63,150.63,150.64,150.62,46.0
202606231652,150.63,150.66,150.66,150.62,32.0
202606231653,150.66,150.69,150.69,150.65,37.0
202606231654,150.69,150.65,150.71,150.63,86.0
202606231655,150.64,150.66,150.68,150.63,71.0
202606231656,150.64,150.61,150.64,150.58,41.0
202606231657,150.61,150.54,150.62,150.52,100.0
202606231658,150.54,150.59,150.61,150.52,59.0
202606231659,150.61,150.64,150.65,150.6,12.0
202606231700,150.65,150.61,150.65,150.61,21.0
202606231701,150.58,150.61,150.64,150.58,30.0
202606231702,150.59,150.66,150.69,150.59,83.0
202606231703,150.69,150.66,150.69,150.65,9.0
202606231704,150.65,150.53,150.65,150.51,104.0
202606231705,150.53,150.59,150.6,150.52,221.0
202606231706,150.61,150.64,150.66,150.6,71.0
202606231707,150.63,150.57,150.63,150.57,26.0
202606231708,150.57,150.55,150.59,150.55,26.0
202606231709,150.56,150.54,150.57,150.51,56.0
202606231710,150.59,150.61,150.61,150.58,7.0
202606231711,150.6,150.53,150.6,150.51,31.0
202606231712,150.53,150.5,150.54,150.49,16.0
202606231713,150.52,150.52,150.55,150.51,23.0
202606231714,150.52,150.53,150.54,150.49,26.0
202606231715,150.52,150.49,150.52,150.49,19.0
202606231716,150.47,150.48,150.48,150.41,33.0
202606231717,150.46,150.51,150.51,150.45,23.0
202606231718,150.5,150.54,150.54,150.48,33.0
202606231719,150.56,150.53,150.57,150.52,10.0
202606231720,150.51,150.55,150.56,150.51,12.0
202606231721,150.57,150.56,150.6,150.55,81.0
202606231722,150.56,150.57,150.57,150.54,11.0
202606231723,150.59,150.61,150.63,150.58,35.0
202606231724,150.6,150.63,150.63,150.6,39.0
202606231725,150.63,150.57,150.64,150.57,39.0
202606231726,150.56,150.57,150.59,150.53,22.0
202606231727,150.55,150.48,150.55,150.47,18.0
202606231728,150.47,150.44,150.47,150.39,79.0
202606231729,150.45,150.44,150.45,150.43,29.0
202606231730,150.44,150.42,150.45,150.4,61.0
202606231731,150.4,150.38,150.42,150.33,89.0
202606231732,150.36,150.28,150.36,150.26,30.0
202606231733,150.27,150.34,150.34,150.26,31.0
202606231734,150.36,150.33,150.38,150.28,113.0
202606231735,150.33,150.28,150.34,150.24,103.0
202606231736,150.29,150.25,150.3,150.21,65.0
202606231737,150.25,150.28,150.31,150.25,41.0
202606231738,150.3,150.37,150.37,150.26,77.0
202606231739,150.38,150.38,150.38,150.31,175.0
202606231740,150.38,150.49,150.49,150.38,94.0
202606231741,150.46,150.42,150.48,150.41,31.0
202606231742,150.41,150.45,150.45,150.4,38.0
202606231743,150.45,150.39,150.46,150.38,72.0
202606231744,150.38,150.4,150.4,150.37,13.0
202606231745,150.39,150.46,150.46,150.39,21.0
202606231746,150.46,150.41,150.48,150.39,41.0
202606231747,150.41,150.41,150.43,150.4,14.0
202606231748,150.42,150.41,150.43,150.41,23.0
202606231749,150.41,150.43,150.43,150.4,21.0
202606231750,150.43,150.41,150.43,150.4,135.0
202606231751,150.42,150.44,150.45,150.42,38.0
202606231752,150.44,150.47,150.48,150.43,22.0
202606231753,150.5,150.52,150.56,150.49,46.0
202606231754,150.53,150.52,150.55,150.52,20.0
202606231755,150.51,150.49,150.54,150.49,25.0
202606231756,150.5,150.53,150.53,150.48,14.0
202606231757,150.53,150.6,150.6,150.52,174.0
202606231758,150.6,150.64,150.64,150.6,17.0
202606231759,150.62,150.73,150.76,150.62,320.0
202606231800,150.71,150.66,150.71,150.6,23.0
202606231801,150.61,150.61,150.63,150.55,83.0
202606231802,150.61,150.62,150.63,150.58,27.0
202606231803,150.61,150.63,150.67,150.59,248.0
202606231804,150.63,150.66,150.66,150.61,37.0
202606231805,150.64,150.67,150.67,150.64,5.0
202606231806,150.66,150.69,150.7,150.62,27.0
202606231807,150.69,150.73,150.73,150.66,16.0
202606231808,150.74,150.75,150.75,150.72,14.0
202606231809,150.75,150.72,150.77,150.72,24.0
202606231810,150.71,150.74,150.74,150.71,32.0
202606231811,150.75,150.8,150.8,150.73,14.0
202606231812,150.79,150.82,150.83,150.79,20.0
202606231813,150.8,150.81,150.83,150.79,7.0
202606231814,150.8,150.83,150.84,150.79,14.0
202606231815,150.81,150.81,150.82,150.8,9.0
202606231816,150.81,150.83,150.84,150.81,25.0
202606231817,150.83,150.86,150.86,150.83,14.0
202606231818,150.84,150.81,150.85,150.8,27.0
202606231819,150.8,150.76,150.8,150.76,21.0
202606231820,150.75,150.72,150.76,150.72,21.0
202606231821,150.72,150.69,150.72,150.66,26.0
202606231822,150.68,150.63,150.68,150.62,31.0
202606231823,150.64,150.66,150.68,150.61,42.0
202606231824,150.65,150.69,150.7,150.65,8.0
202606231825,150.69,150.7,150.72,150.69,24.0
202606231826,150.69,150.69,150.75,150.68,40.0
202606231827,150.69,150.69,150.71,150.68,26.0
202606231828,150.67,150.66,150.67,150.63,28.0
202606231829,150.66,150.6,150.75,150.6,163.0
202606231830,150.58,150.51,150.58,150.51,16.0
202606231831,150.51,150.51,150.54,150.51,33.0
202606231832,150.49,150.38,150.49,150.38,66.0
202606231833,150.37,150.41,150.45,150.37,51.0
202606231834,150.43,150.47,150.5,150.42,19.0
202606231835,150.48,150.53,150.54,150.46,43.0
202606231836,150.6,150.61,150.62,150.59,11.0
202606231837,150.58,150.61,150.63,150.58,38.0
202606231838,150.6,150.71,150.71,150.6,29.0
202606231839,150.71,150.73,150.73,150.66,42.0
202606231840,150.73,150.74,150.8,150.72,113.0
202606231841,150.77,150.77,150.78,150.73,32.0
202606231842,150.77,150.7,150.8,150.7,36.0
202606231843,150.67,150.69,150.69,150.63,49.0
202606231844,150.7,150.73,150.74,150.69,54.0
202606231845,150.74,150.79,150.8,150.71,50.0
202606231846,150.81,150.77,150.81,150.74,35.0
202606231847,150.75,150.81,150.81,150.74,40.0
202606231848,150.8,150.81,150.82,150.78,15.0
202606231849,150.81,150.81,150.85,150.79,70.0
202606231850,150.81,150.82,150.84,150.78,25.0
202606231851,150.78,150.81,150.81,150.76,28.0
202606231852,150.78,150.78,150.81,150.76,53.0
202606231853,150.76,150.75,150.76,150.72,26.0
202606231854,150.76,150.93,150.93,150.73,813.0
202606231855,150.95,151.19,151.19,150.9,210.0
202606231856,151.17,151.11,151.17,151.01,556.0
202606231857,151.11,151.13,151.14,151.09,21.0
202606231858,151.14,151.13,151.17,151.1,387.0
202606231859,151.13,151.14,151.18,151.13,34.0
202606231900,151.12,150.91,151.13,150.91,69.0
202606231901,150.94,150.85,150.94,150.81,135.0
202606231902,150.84,150.85,150.91,150.75,97.0
202606231903,150.83,150.9,150.91,150.75,126.0
202606231904,150.9,150.89,150.95,150.89,19.0
202606231905,150.89,150.88,150.92,150.84,38.0
202606231906,150.86,150.93,150.93,150.85,29.0
202606231907,150.93,150.97,150.98,150.92,21.0
202606231908,150.95,151.04,151.06,150.95,53.0
202606231909,151.04,151.11,151.12,151.02,39.0
202606231910,151.1,151.08,151.11,151.08,34.0
202606231911,151.08,151.02,151.09,151.02,41.0
202606231912,151.01,150.97,151.02,150.94,31.0
202606231913,150.95,150.96,150.97,150.92,22.0
202606231914,150.96,151.0,151.0,150.95,48.0
202606231915,151.03,150.92,151.03,150.92,52.0
202606231916,150.94,150.9,150.94,150.9,35.0
202606231917,150.92,150.98,150.99,150.9,88.0
202606231918,150.97,150.96,150.99,150.96,18.0
202606231919,150.95,150.98,150.99,150.95,36.0
202606231920,150.97,151.06,151.07,150.97,63.0
202606231921,151.07,151.08,151.09,151.05,46.0
202606231922,151.1,151.14,151.15,151.08,86.0
202606231923,151.14,151.1,151.14,151.07,61.0
202606231924,151.12,151.16,151.17,151.09,67.0
202606231925,151.15,151.14,151.17,151.13,21.0
202606231926,151.14,151.14,151.17,151.12,40.0
202606231927,151.14,151.26,151.27,151.14,84.0
202606231928,151.25,151.27,151.31,151.25,72.0
202606231929,151.29,151.32,151.34,151.25,73.0
202606231930,151.32,151.22,151.32,151.21,83.0
202606231931,151.2,151.16,151.24,151.16,69.0
202606231932,151.13,151.19,151.19,151.12,115.0
202606231933,151.19,151.1,151.22,151.1,73.0
202606231934,151.11,151.01,151.11,151.01,51.0
202606231935,151.03,151.0,151.05,150.95,97.0
202606231936,151.01,150.98,151.01,150.91,99.0
202606231937,150.98,150.89,151.02,150.89,77.0
202606231938,150.87,150.94,150.97,150.81,216.0
202606231939,150.94,150.95,150.97,150.9,73.0
202606231940,150.97,150.97,151.0,150.94,49.0
202606231941,150.97,150.98,150.99,150.94,117.0
202606231942,150.98,150.94,151.06,150.94,113.0
202606231943,150.94,150.96,150.96,150.91,92.0
202606231944,150.95,151.09,151.12,150.95,78.0
202606231945,151.09,151.24,151.24,151.06,61.0
202606231946,151.25,151.22,151.25,151.2,57.0
202606231947,151.23,151.18,151.24,151.17,53.0
202606231948,151.18,151.22,151.24,151.15,64.0
202606231949,151.2,151.31,151.31,151.16,81.0
202606231950,151.31,151.34,151.35,151.23,160.0
202606231951,151.34,151.29,151.37,151.24,189.0
202606231952,151.29,151.2,151.31,151.06,225.0
202606231953,151.22,151.08,151.24,151.07,136.0
202606231954,151.08,151.04,151.08,150.97,206.0
202606231955,151.06,151.02,151.1,150.86,453.0
202606231956,151.01,150.94,151.05,150.93,413.0
202606231957,150.94,151.05,151.08,150.94,531.0
202606231958,151.05,150.99,151.17,150.99,630.0
202606231959,151.0,150.87,151.05,150.81,1456.0
202606232000,150.88,150.88,150.88,150.88,45.0
202606232001,150.86,150.86,150.86,150.86,19494.0
202606232002,150.05,150.86,150.86,150.05,49.0
202606232003,150.86,150.86,150.86,150.86,0.0
202606232004,150.86,150.86,150.86,150.86,0.0
202606232005,150.86,150.86,150.86,150.86,0.0
202606232006,150.86,150.86,150.86,150.86,0.0
202606232007,151.38,151.38,151.38,151.38,1.0
202606232008,151.38,151.38,151.38,151.38,0.0
202606232009,151.38,151.38,151.38,151.38,0.0
202606232010,151.38,151.38,151.38,151.38,0.0
202606232011,151.38,151.38,151.38,151.38,0.0
202606232012,151.38,151.38,151.38,151.38,0.0
202606232013,151.38,151.38,151.38,151.38,0.0
202606232014,151.38,151.38,151.38,151.38,0.0
202606232015,151.38,151.38,151.38,151.38,0.0
202606232016,151.38,151.38,151.38,151.38,0.0
202606232017,151.38,151.38,151.38,151.38,0.0
202606232018,151.38,151.38,151.38,151.38,0.0
202606232019,151.38,151.38,151.38,151.38,0.0
202606232020,150.84,150.84,150.84,150.84,1.0
202606232021,150.84,150.84,150.84,150.84,0.0
202606232022,150.84,150.84,150.84,150.84,0.0
202606232023,150.84,150.84,150.84,150.84,0.0
202606232024,150.84,150.84,150.84,150.84,0.0
202606232025,150.84,150.84,150.84,150.84,0.0
202606232026,150.84,150.84,150.84,150.84,0.0
202606232027,150.84,150.84,150.84,150.84,0.0
202606232028,150.84,150.84,150.84,150.84,0.0
202606232029,150.84,150.84,150.84,150.84,0.0
202606232030,150.84,150.84,150.84,150.84,0.0
202606232031,150.84,150.84,150.84,150.84,0.0
202606232032,150.84,150.84,150.84,150.84,0.0
202606232033,150.84,150.84,150.84,150.84,0.0
202606232034,150.84,150.84,150.84,150.84,0.0
202606232035,150.84,150.84,150.84,150.84,0.0
202606232036,150.84,150.84,150.84,150.84,0.0
202606232037,150.84,150.84,150.84,150.84,0.0
202606232038,150.84,150.84,150.84,150.84,0.0
202606232039,150.84,150.84,150.84,150.84,0.0
202606232040,150.84,150.84,150.84,150.84,0.0
202606232041,150.84,150.84,150.84,150.84,0.0
202606232042,150.84,150.84,150.84,150.84,0.0
202606232043,150.84,150.84,150.84,150.84,0.0
202606232044,150.84,150.84,150.84,150.84,0.0
202606232045,150.84,150.84,150.84,150.84,0.0
202606232046,150.84,150.84,150.84,150.84,0.0
202606232047,150.84,150.84,150.84,150.84,0.0
202606232048,150.84,150.84,150.84,150.84,0.0
202606232049,150.84,150.84,150.84,150.84,0.0
202606232050,150.84,150.84,150.84,150.84,0.0
202606232051,150.84,150.84,150.84,150.84,0.0
202606232052,150.84,150.84,150.84,150.84,0.0
202606232053,150.84,150.84,150.84,150.84,0.0
202606232054,150.84,150.84,150.84,150.84,0.0
202606232055,150.84,150.84,150.84,150.84,0.0
202606232056,150.84,150.84,150.84,150.84,0.0
202606232057,150.84,150.84,150.84,150.84,0.0
202606232058,150.84,150.84,150.84,150.84,0.0
202606232059,150.84,150.84,150.84,150.84,0.0
202606232100,150.84,150.84,150.84,150.84,0.0
202606232101,150.84,150.84,150.84,150.84,0.0
202606232102,150.84,150.84,150.84,150.84,0.0
202606232103,150.84,150.84,150.84,150.84,0.0
202606232104,150.84,150.84,150.84,150.84,0.0
202606232105,150.84,150.84,150.84,150.84,0.0
202606232106,150.84,150.84,150.84,150.84,0.0
202606232107,150.84,150.84,150.84,150.84,0.0
202606232108,150.84,150.84,150.84,150.84,0.0
202606232109,150.84,150.84,150.84,150.84,0.0
202606232110,150.84,150.84,150.84,150.84,0.0
202606232111,150.84,150.84,150.84,150.84,0.0
202606232112,150.84,150.84,150.84,150.84,0.0
202606232113,150.84,150.84,150.84,150.84,0.0
202606232114,150.84,150.84,150.84,150.84,0.0
202606232115,150.84,150.84,150.84,150.84,0.0
202606232116,150.84,150.84,150.84,150.84,0.0
202606232117,150.84,150.84,150.84,150.84,0.0
202606232118,150.84,150.84,150.84,150.84,0.0
202606232119,150.84,150.84,150.84,150.84,0.0
202606232120,150.84,150.84,150.84,150.84,0.0
202606232121,150.84,150.84,150.84,150.84,0.0
202606232122,150.84,150.84,150.84,150.84,0.0
202606232123,150.84,150.84,150.84,150.84,0.0
202606232124,150.84,150.84,150.84,150.84,0.0
202606232125,150.84,150.84,150.84,150.84,0.0
202606232126,150.84,150.84,150.84,150.84,0.0
202606232127,150.84,150.84,150.84,150.84,0.0
202606232128,150.84,150.84,150.84,150.84,0.0
202606232129,150.84,150.84,150.84,150.84,0.0
202606232130,150.84,150.84,150.84,150.84,0.0
202606232131,150.84,150.84,150.84,150.84,0.0
202606232132,150.84,150.84,150.84,150.84,0.0
202606232133,150.84,150.84,150.84,150.84,0.0
202606232134,150.84,150.84,150.84,150.84,0.0
202606232135,150.84,150.84,150.84,150.84,0.0
202606232136,150.84,150.84,150.84,150.84,0.0
202606232137,150.84,150.84,150.84,150.84,0.0
202606232138,150.84,150.84,150.84,150.84,0.0
202606232139,150.84,150.84,150.84,150.84,0.0
202606232140,150.84,150.84,150.84,150.84,0.0
202606232141,150.84,150.84,150.84,150.84,0.0
202606232142,150.84,150.84,150.84,150.84,0.0
202606232143,150.84,150.84,150.84,150.84,0.0
202606232144,150.84,150.84,150.84,150.84,0.0
202606232145,150.84,150.84,150.84,150.84,0.0
202606232146,150.84,150.84,150.84,150.84,0.0
202606232147,150.84,150.84,150.84,150.84,0.0
202606232148,150.84,150.84,150.84,150.84,0.0
202606232149,150.84,150.84,150.84,150.84,0.0
202606232150,150.84,150.84,150.84,150.84,0.0
202606232151,150.84,150.84,150.84,150.84,0.0
202606232152,150.84,150.84,150.84,150.84,0.0
202606232153,150.84,150.84,150.84,150.84,0.0
202606232154,150.84,150.84,150.84,150.84,0.0
202606232155,150.84,150.84,150.84,150.84,0.0
202606232156,150.84,150.84,150.84,150.84,0.0
202606232157,150.84,150.84,150.84,150.84,0.0
202606232158,150.84,150.84,150.84,150.84,0.0
202606232159,150.84,150.84,150.84,150.84,0.0
202606232200,150.84,150.84,150.84,150.84,0.0
202606232201,150.84,150.84,150.84,150.84,0.0
202606232202,150.84,150.84,150.84,150.84,0.0
202606232203,150.84,150.84,150.84,150.84,0.0
202606232204,150.84,150.84,150.84,150.84,0.0
202606232205,150.84,150.84,150.84,150.84,0.0
202606232206,150.84,150.84,150.84,150.84,0.0
202606232207,150.84,150.84,150.84,150.84,0.0
202606232208,150.84,150.84,150.84,150.84,0.0
202606232209,150.84,150.84,150.84,150.84,0.0
202606232210,150.84,150.84,150.84,150.84,0.0
202606232211,150.84,150.84,150.84,150.84,0.0
202606232212,150.84,150.84,150.84,150.84,0.0
202606232213,150.84,150.84,150.84,150.84,0.0
202606232214,150.84,150.84,150.84,150.84,0.0
202606232215,150.84,150.84,150.84,150.84,0.0
202606232216,150.84,150.84,150.84,150.84,0.0
202606232217,150.84,150.84,150.84,150.84,0.0
202606232218,150.84,150.84,150.84,150.84,0.0
202606232219,150.84,150.84,150.84,150.84,0.0
202606232220,150.84,150.84,150.84,150.84,0.0
202606232221,150.84,150.84,150.84,150.84,0.0
202606232222,150.84,150.84,150.84,150.84,0.0
202606232223,150.84,150.84,150.84,150.84,0.0
202606232224,150.84,150.84,150.84,150.84,0.0
202606232225,150.84,150.84,150.84,150.84,0.0
202606232226,150.84,150.84,150.84,150.84,0.0
202606232227,150.84,150.84,150.84,150.84,0.0
202606232228,150.84,150.84,150.84,150.84,0.0
202606232229,150.84,150.84,150.84,150.84,0.0
202606232230,150.84,150.84,150.84,150.84,0.0
202606232231,150.84,150.84,150.84,150.84,0.0
202606232232,150.84,150.84,150.84,150.84,0.0
202606232233,150.84,150.84,150.84,150.84,0.0
202606232234,150.84,150.84,150.84,150.84,0.0
202606232235,150.84,150.84,150.84,150.84,0.0
202606232236,150.84,150.84,150.84,150.84,0.0
202606232237,150.84,150.84,150.84,150.84,0.0
202606232238,150.84,150.84,150.84,150.84,0.0
202606232239,150.84,150.84,150.84,150.84,0.0
202606232240,150.84,150.84,150.84,150.84,0.0
202606232241,150.84,150.84,150.84,150.84,0.0
202606232242,150.84,150.84,150.84,150.84,0.0
202606232243,150.84,150.84,150.84,150.84,0.0
202606232244,150.84,150.84,150.84,150.84,0.0
202606232245,150.84,150.84,150.84,150.84,0.0
202606232246,150.84,150.84,150.84,150.84,0.0
202606232247,150.78,150.78,150.78,150.78,1.0
202606232248,150.78,150.78,150.78,150.78,0.0
202606232249,150.78,150.78,150.78,150.78,0.0
202606232250,150.78,150.78,150.78,150.78,0.0
202606232251,150.78,150.78,150.78,150.78,0.0
202606232252,150.78,150.78,150.78,150.78,0.0
202606232253,150.78,150.78,150.78,150.78,0.0
202606232254,150.78,150.78,150.78,150.78,0.0
202606232255,150.78,150.78,150.78,150.78,0.0
202606232256,150.78,150.78,150.78,150.78,0.0
202606232257,150.78,150.78,150.78,150.78,0.0
202606232258,150.78,150.78,150.78,150.78,0.0
202606232259,150.78,150.78,150.78,150.78,0.0
202606232300,150.78,150.78,150.78,150.78,0.0
202606232301,150.78,150.78,150.78,150.78,0.0
202606232302,150.78,150.78,150.78,150.78,0.0
202606232303,150.78,150.78,150.78,150.78,0.0
202606232304,150.78,150.78,150.78,150.78,0.0
202606232305,150.78,150.78,150.78,150.78,0.0
202606232306,150.78,150.78,150.78,150.78,0.0
202606232307,150.78,150.78,150.78,150.78,0.0
202606232308,150.78,150.78,150.78,150.78,0.0
202606232309,150.78,150.78,150.78,150.78,0.0
202606232310,150.78,150.78,150.78,150.78,0.0
202606232311,150.78,150.78,150.78,150.78,0.0
202606232312,150.78,150.78,150.78,150.78,0.0
202606232313,150.78,150.78,150.78,150.78,0.0
202606232314,150.78,150.78,150.78,150.78,0.0
202606232315,150.78,150.78,150.78,150.78,0.0
202606232316,150.78,150.78,150.78,150.78,0.0
202606232317,150.78,150.78,150.78,150.78,0.0
202606232318,150.78,150.78,150.78,150.78,0.0
202606232319,150.78,150.78,150.78,150.78,0.0
202606232320,150.78,150.78,150.78,150.78,0.0
202606232321,150.78,150.78,150.78,150.78,0.0
202606232322,150.78,150.78,150.78,150.78,0.0
202606232323,150.78,150.78,150.78,150.78,0.0
202606232324,150.78,150.78,150.78,150.78,0.0
202606232325,150.78,150.78,150.78,150.78,0.0
202606232326,150.78,150.78,150.78,150.78,0.0
202606232327,150.78,150.78,150.78,150.78,0.0
202606232328,150.78,150.78,150.78,150.78,0.0
202606232329,150.78,150.78,150.78,150.78,0.0
202606232330,150.78,150.78,150.78,150.78,0.0
202606232331,150.78,150.78,150.78,150.78,0.0
202606232332,150.78,150.78,150.78,150.78,0.0
202606232333,150.78,150.78,150.78,150.78,0.0
202606232334,150.78,150.78,150.78,150.78,0.0
202606232335,150.78,150.78,150.78,150.78,0.0
202606232336,150.78,150.78,150.78,150.78,0.0
202606232337,150.78,150.78,150.78,150.78,0.0
202606232338,150.78,150.78,150.78,150.78,0.0
202606232339,150.78,150.78,150.78,150.78,0.0
202606232340,150.78,150.78,150.78,150.78,0.0
202606232341,150.78,150.78,150.78,150.78,0.0
202606232342,150.78,150.78,150.78,150.78,0.0
202606232343,150.35,150.35,150.35,150.35,1.0
202606232344,150.35,150.35,150.35,150.35,0.0
202606232345,150.35,150.35,150.35,150.35,0.0
202606232346,150.35,150.35,150.35,150.35,0.0
202606232347,150.35,150.35,150.35,150.35,0.0
202606232348,150.35,150.35,150.35,150.35,0.0
202606232349,150.35,150.35,150.35,150.35,0.0
202606232350,150.35,150.35,150.35,150.35,0.0
202606232351,150.35,150.35,150.35,150.35,0.0
202606232352,150.35,150.35,150.35,150.35,0.0
202606232353,150.35,150.35,150.35,150.35,0.0
202606232354,150.35,150.35,150.35,150.35,0.0
202606232355,150.35,150.35,150.35,150.35,0.0
202606232356,150.35,150.35,150.35,150.35,0.0
202606232357,150.35,150.35,150.35,150.35,0.0
202606232358,150.35,150.35,150.35,150.35,0.0
202606232359,150.35,150.35,150.35,150.35,0.0
202606240800,150.35,151.346,151.794,150.2212,0.0
202606240801,150.8,151.0,151.28,150.5,0.0
202606240802,150.5,150.61,150.61,150.42,0.0
202606240803,150.86,150.86,150.86,150.86,0.0
202606240804,150.78,150.58,150.86,150.58,0.0
202606240805,150.98,150.9,150.98,150.59,0.0
202606240806,150.9,150.9,150.9,150.9,0.0
202606240808,150.61,150.47,150.61,150.47,0.0
202606240810,150.57,150.58,150.58,150.57,0.0
202606240811,150.6,150.6,150.6,150.6,0.0
202606240813,150.7,150.58,150.8,150.58,0.0
202606240818,150.62,150.62,150.62,150.62,0.0
202606240822,150.62,150.62,150.62,150.62,0.0
202606240825,150.61,150.78,150.78,150.61,0.0
202606240829,150.78,150.78,150.78,150.78,0.0
202606240830,150.63,150.63,150.63,150.63,0.0
202606240832,150.84,150.84,150.84,150.84,0.0
202606240833,150.65,150.65,150.65,150.65,0.0
202606240838,150.65,150.65,150.65,150.65,0.0
202606240840,150.65,150.65,150.65,150.65,0.0
202606240845,150.7101,150.7517,150.7517,150.7101,0.0
202606240847,150.83,150.83,150.97,150.83,0.0
202606240851,151.0,151.0,151.0,151.0,0.0
202606240852,150.2712,150.2712,150.2712,150.2712,0.0
202606240854,150.71,150.71,150.71,150.71,0.0
202606240856,150.4749,150.4749,150.4749,150.4749,0.0
202606240858,150.83,150.83,150.83,150.83,0.0
202606240904,151.0,151.0,151.0,151.0,0.0
202606240905,150.99,150.9997,150.9997,150.99,0.0
202606240907,150.9997,150.9997,150.9997,150.9997,0.0
202606240909,151.0288,151.0288,151.0288,151.0288,0.0
202606240917,150.72,150.72,150.72,150.72,0.0
202606240918,150.7,150.7,150.7,150.7,0.0
202606240922,150.7,150.7,150.7,150.7,0.0
202606240923,150.72,150.72,150.72,150.72,0.0
202606240926,151.4988,151.4988,151.4988,151.4988,0.0
202606240929,150.7,150.7,150.7,150.7,0.0
202606240936,150.72,150.72,150.72,150.72,0.0
202606240937,150.74,150.74,150.74,150.74,0.0
202606240940,151.0,150.74,151.0,150.74,0.0
202606240941,150.86,150.72,150.86,150.72,0.0
202606240952,150.72,150.72,150.72,150.72,0.0
202606240955,150.6,150.71,150.71,150.6,0.0
202606240956,150.7,150.7,150.7,150.7,0.0
202606241000,150.71,150.71,150.71,150.71,0.0
202606241007,150.4181,150.4181,150.4181,150.4181,0.0
202606241009,150.54,150.54,150.54,150.54,0.0
202606241010,150.43,150.43,150.43,150.43,0.0
202606241012,150.41,150.41,150.41,150.41,0.0
202606241017,150.43,150.43,150.43,150.43,0.0
202606241022,150.54,150.54,150.54,150.54,0.0
202606241030,150.5,150.5,150.5,150.5,0.0
202606241033,150.9988,150.9988,150.9988,150.9988,0.0
202606241036,150.5,150.5,150.5,150.5,0.0
202606241037,150.5,150.5,150.5,150.5,0.0
202606241038,150.2492,150.2492,150.2492,150.2492,0.0
202606241052,150.2492,150.2492,150.2492,150.2492,0.0
202606241056,150.57,150.57,150.57,150.57,0.0
202606241057,150.55,150.55,150.55,150.55,0.0
202606241100,150.58,150.85,150.85,150.56,0.0
202606241102,150.844,150.844,150.844,150.844,0.0
202606241110,150.62,150.56,150.62,150.56,0.0
202606241113,150.56,150.57,150.57,150.56,0.0
202606241114,150.8,150.56,150.8,150.56,0.0
202606241115,150.524,150.2201,150.524,150.2201,0.0
202606241116,150.56,150.57,150.58,150.54,0.0
202606241121,150.57,150.57,150.57,150.57,0.0
202606241125,150.71,150.71,150.71,150.71,0.0
202606241131,150.6,150.6,150.6,150.6,0.0
202606241132,150.65,150.5,150.65,150.2155,0.0
202606241133,150.77,150.77,150.77,150.77,0.0
202606241134,150.1799,150.1799,150.1799,150.1799,0.0
202606241136,150.505,150.64,150.64,150.505,0.0
202606241137,150.6,150.6,150.6,150.6,0.0
202606241139,150.6,150.61,150.61,150.6,0.0
202606241141,150.58,150.58,150.58,150.58,0.0
202606241142,151.0,150.58,151.0,150.58,0.0
202606241145,150.5261,150.5261,150.5261,150.5261,0.0
202606241149,150.51,150.51,150.51,150.51,0.0
202606241150,150.86,150.86,150.86,150.86,0.0
202606241152,150.75,150.75,150.75,150.75,0.0
202606241154,150.53,150.53,150.53,150.53,0.0
202606241155,150.6281,150.6281,150.6281,150.6281,0.0
202606241158,150.65,150.72,150.72,150.65,0.0
202606241159,150.62,150.62,150.62,150.62,0.0
202606241202,150.6341,150.84,150.85,150.63,0.0
202606241204,150.83,150.5927,150.83,150.5927,0.0
202606241205,150.82,150.82,150.82,150.82,0.0
202606241209,150.82,150.82,150.82,150.82,0.0
202606241213,150.5012,150.5012,150.5012,150.5012,0.0
202606241214,150.62,150.62,150.62,150.62,0.0
202606241215,150.5948,150.5948,150.5948,150.5948,0.0
202606241217,150.84,150.84,150.84,150.84,0.0
202606241218,150.84,150.84,150.84,150.84,0.0
202606241220,150.8412,150.8412,150.8412,150.8412,0.0
202606241221,150.8412,150.8412,150.8412,150.8412,0.0
202606241223,150.59,150.59,150.59,150.59,0.0
202606241227,150.5087,150.5087,150.5087,150.5087,0.0
202606241229,150.83,150.83,150.83,150.82,0.0
202606241231,150.69,150.72,150.72,150.69,0.0
202606241233,150.62,150.65,150.65,150.62,0.0
202606241235,150.82,150.82,150.82,150.82,0.0
202606241236,150.85,150.85,150.85,150.85,0.0
202606241237,150.62,150.62,150.62,150.62,0.0
202606241238,150.63,150.6,150.63,150.53,0.0
202606241241,150.63,150.62,150.63,150.62,0.0
202606241242,150.64,150.62,150.8,150.62,0.0
202606241244,150.81,150.5,150.81,150.5,0.0
202606241250,150.79,150.5261,150.79,150.5261,0.0
202606241254,150.72,150.52,150.72,150.52,0.0
202606241256,150.6321,150.6321,150.6321,150.6321,0.0
202606241257,150.8,150.7,150.81,150.7,0.0
202606241258,150.86,150.86,150.86,150.86,0.0
202606241259,150.7,150.7,150.7,150.7,0.0
202606241300,150.84,150.9,150.9,150.84,0.0
202606241302,150.8992,150.84,150.8992,150.68,0.0
202606241303,150.84,150.8,150.84,150.7465,0.0
202606241306,150.8,150.8,150.8,150.8,0.0
202606241309,150.9875,150.5,150.9875,150.5,0.0
202606241310,150.89,150.89,150.89,150.89,0.0
202606241311,150.6352,150.6352,150.6352,150.6352,0.0
202606241312,150.74,150.74,150.74,150.74,0.0
202606241314,150.98,150.9,150.98,140.91,0.0
202606241330,151.99000549316406,152.32000732421875,152.3300018310547,151.77000427246094,15702.0
202606241331,152.3699951171875,151.3699951171875,152.5,151.2899932861328,237815.0
202606241332,151.25999450683594,151.0800018310547,151.64999389648438,150.9199981689453,36231.0
202606241333,151.125,151.64500427246094,151.69000244140625,151.02999877929688,38070.0
202606241334,151.64999389648438,151.61000061035156,151.77000427246094,151.47999572753906,23140.0
202606241335,151.57000732421875,151.60000610351562,151.66000366210938,151.39999389648438,28510.0
202606241336,151.60000610351562,151.55999755859375,151.7550048828125,151.4499969482422,20346.0
202606241337,151.55499267578125,151.66000366210938,151.67999267578125,151.4573974609375,22421.0
202606241338,151.6649932861328,151.94000244140625,151.94000244140625,151.52000427246094,15249.0
202606241339,151.94000244140625,151.97500610351562,152.02000427246094,151.81500244140625,37450.0
202606241340,151.93499755859375,151.9550018310547,152.07000732421875,151.6999969482422,64853.0
202606241341,152.0500030517578,152.3699951171875,152.3699951171875,152.0,22355.0
202606241342,152.33999633789062,152.38999938964844,152.5399932861328,152.33999633789062,16389.0
202606241343,152.4149932861328,152.39999389648438,152.42999267578125,152.1300048828125,33641.0
202606241344,152.47000122070312,152.4199981689453,152.61500549316406,152.4199981689453,24007.0
202606241345,152.4550018310547,152.10499572753906,152.4550018310547,152.02000427246094,21184.0
202606241346,152.13999938964844,151.57000732421875,152.13999938964844,151.57000732421875,6999.0
202606241347,151.61000061035156,151.67999267578125,151.77999877929688,151.5399932861328,9700.0
202606241348,151.7050018310547,151.94000244140625,152.1199951171875,151.7050018310547,19912.0
202606241349,151.88999938964844,151.97000122070312,152.02769470214844,151.8800048828125,10341.0
202606241350,151.97000122070312,152.1199951171875,152.1199951171875,151.7899932861328,13559.0
202606241351,151.99000549316406,152.07000732421875,152.0749969482422,151.97999572753906,5652.0
202606241352,152.05499267578125,152.15499877929688,152.19000244140625,152.0301055908203,13771.0
202606241353,152.14999389648438,152.08999633789062,152.24000549316406,152.08999633789062,9730.0
202606241354,152.07000732421875,152.07000732421875,152.1199951171875,151.9499969482422,18136.0
202606241355,152.05999755859375,152.16000366210938,152.2100067138672,152.0500030517578,17473.0
202606241356,152.17999267578125,152.2899932861328,152.30999755859375,152.17999267578125,9479.0
202606241357,152.2100067138672,152.3072052001953,152.3300018310547,152.2100067138672,13356.0
202606241358,152.32000732421875,152.38999938964844,152.4324951171875,152.30999755859375,12659.0
202606241359,152.33999633789062,152.41000366210938,152.4199981689453,152.3000030517578,14845.0
202606241400,152.4199981689453,152.67999267578125,152.75999450683594,152.4199981689453,22042.0
202606241401,152.7100067138672,152.5850067138672,152.72000122070312,152.4499969482422,19610.0
202606241402,152.55499267578125,152.48500061035156,152.72500610351562,152.39999389648438,11644.0
202606241403,152.5,152.5800018310547,152.6699981689453,152.5,7993.0
202606241404,152.64500427246094,152.59500122070312,152.80999755859375,152.59500122070312,9316.0
202606241405,152.59500122070312,152.33999633789062,152.60009765625,152.27999877929688,14667.0
202606241406,152.3000030517578,152.23500061035156,152.3000030517578,152.08999633789062,18897.0
202606241407,152.23500061035156,152.1800994873047,152.2550048828125,152.08999633789062,13040.0
202606241408,152.22999572753906,152.25,152.2899932861328,152.1699981689453,22732.0
202606241409,152.19000244140625,152.24000549316406,152.2725067138672,152.13999938964844,7336.0
202606241410,152.25,152.1699981689453,152.2899932861328,152.11000061035156,12135.0
202606241411,152.1999969482422,152.0399932861328,152.22000122070312,152.0399932861328,13986.0
202606241412,152.06500244140625,152.24000549316406,152.30999755859375,152.05999755859375,29630.0
202606241413,152.22000122070312,152.32000732421875,152.35000610351562,152.1999969482422,24769.0
202606241414,152.33999633789062,152.3000030517578,152.34719848632812,152.27000427246094,9449.0
202606241415,152.3000030517578,152.67999267578125,152.67999267578125,152.3000030517578,29593.0
202606241416,152.6699981689453,152.83999633789062,152.85000610351562,152.6699981689453,14951.0
202606241417,152.85499572753906,153.0749969482422,153.0749969482422,152.80999755859375,50710.0
202606241418,153.0500030517578,152.8000030517578,153.0500030517578,152.74000549316406,9156.0
202606241419,152.8000030517578,152.77000427246094,152.86000061035156,152.75999450683594,17098.0
202606241420,152.77499389648438,152.8000030517578,152.8699951171875,152.75999450683594,9830.0
202606241421,152.80999755859375,152.74000549316406,152.81500244140625,152.7100067138672,21433.0
202606241422,152.74000549316406,152.75999450683594,152.77049255371094,152.72000122070312,14562.0
202606241423,152.76499938964844,152.77499389648438,152.82000732421875,152.72000122070312,8018.0
202606241424,152.77499389648438,152.7949981689453,152.8300018310547,152.7100067138672,11521.0
202606241425,152.7949981689453,152.61000061035156,152.8000030517578,152.58999633789062,7573.0
202606241426,152.60499572753906,152.52999877929688,152.61000061035156,152.50999450683594,12039.0
202606241427,152.51499938964844,152.5,152.52000427246094,152.41000366210938,8126.0
202606241428,152.49000549316406,152.3000030517578,152.49000549316406,152.28500366210938,9413.0
202606241429,152.33999633789062,152.1699981689453,152.33999633789062,152.1699981689453,18848.0
202606241430,152.1199951171875,151.97999572753906,152.17959594726562,151.89999389648438,8816.0
202606241431,151.94509887695312,151.80999755859375,151.94509887695312,151.80499267578125,19764.0
202606241432,151.88999938964844,151.9499969482422,152.08999633789062,151.8800048828125,14355.0
202606241433,152.02499389648438,151.99000549316406,152.0850067138672,151.99000549316406,5460.0
202606241434,151.89999389648438,151.52000427246094,151.9250030517578,151.52000427246094,25616.0
202606241435,151.51499938964844,151.55999755859375,151.6300048828125,151.50999450683594,21870.0
202606241436,151.5800018310547,151.74000549316406,151.85000610351562,151.5500030517578,16873.0
202606241437,151.77000427246094,151.86000061035156,151.88999938964844,151.75750732421875,17846.0
202606241438,151.8300018310547,151.8350067138672,151.8350067138672,151.74000549316406,4599.0
202606241439,151.8350067138672,151.9600067138672,152.02000427246094,151.80999755859375,10707.0
202606241440,151.94000244140625,152.1300048828125,152.1750030517578,151.94000244140625,29271.0
202606241441,152.13499450683594,152.1699981689453,152.24989318847656,152.11000061035156,7385.0
202606241442,152.1416015625,152.22000122070312,152.2899932861328,152.13999938964844,8479.0
202606241443,152.2100067138672,152.25999450683594,152.2899932861328,152.19000244140625,8206.0
202606241444,152.22000122070312,152.22000122070312,152.22500610351562,152.13999938964844,8828.0
202606241445,152.24000549316406,152.3300018310547,152.3300018310547,152.22999572753906,8931.0
202606241446,152.30999755859375,152.25,152.35000610351562,152.16000366210938,12913.0
202606241447,152.22999572753906,152.27999877929688,152.2899932861328,152.2111358642578,5754.0
202606241448,152.25999450683594,152.38009643554688,152.42919921875,152.25999450683594,5570.0
202606241449,152.38999938964844,152.44000244140625,152.4600067138672,152.36000061035156,9077.0
202606241450,152.46499633789062,152.5500030517578,152.5500030517578,152.39999389648438,13057.0
202606241451,152.50559997558594,152.4600067138672,152.5449981689453,152.41000366210938,10839.0
202606241452,152.42999267578125,152.49000549316406,152.5,152.39999389648438,8297.0
202606241453,152.5050048828125,152.5,152.58180236816406,152.4499969482422,8553.0
202606241454,152.51499938964844,152.5399932861328,152.57000732421875,152.51499938964844,13960.0
202606241455,152.5500030517578,152.6300048828125,152.64999389648438,152.5399932861328,7295.0
202606241456,152.64830017089844,152.5500030517578,152.64830017089844,152.5500030517578,14742.0
202606241457,152.55499267578125,152.62010192871094,152.6699981689453,152.5399932861328,12888.0
202606241458,152.66000366210938,152.52999877929688,152.66000366210938,152.52000427246094,5389.0
202606241459,152.55499267578125,152.55499267578125,152.57000732421875,152.5200958251953,5447.0
202606241500,152.55499267578125,152.59500122070312,152.63999938964844,152.48500061035156,31894.0
202606241501,152.60000610351562,152.63999938964844,152.67999267578125,152.5399932861328,15464.0
202606241502,152.6300048828125,152.5399932861328,152.65499877929688,152.5399932861328,12524.0
202606241503,152.60000610351562,152.64999389648438,152.64999389648438,152.5800018310547,8950.0
202606241504,152.61000061035156,152.49000549316406,152.61000061035156,152.49000549316406,9282.0
202606241505,152.51499938964844,152.63999938964844,152.65199279785156,152.51499938964844,7682.0
202606241506,152.66000366210938,152.72000122070312,152.72000122070312,152.64999389648438,7647.0
202606241507,152.6999969482422,152.7550048828125,152.7873992919922,152.6999969482422,8238.0
202606241508,152.7100067138672,152.76499938964844,152.77000427246094,152.6750030517578,9603.0
202606241509,152.77000427246094,152.5749969482422,152.77999877929688,152.5749969482422,12049.0
202606241510,152.5800018310547,152.66000366210938,152.6699981689453,152.5500030517578,16726.0
202606241511,152.63999938964844,152.52999877929688,152.7100067138672,152.52999877929688,9835.0
202606241512,152.58299255371094,152.52000427246094,152.58299255371094,152.50999450683594,8264.0
202606241513,152.5,152.5,152.5395050048828,152.48500061035156,9345.0
202606241514,152.5050048828125,152.64999389648438,152.69000244140625,152.5050048828125,11973.0
202606241515,152.68499755859375,152.7949981689453,152.80999755859375,152.67999267578125,8948.0
202606241516,152.7949981689453,152.74000549316406,152.8300018310547,152.6999969482422,34811.0
202606241517,152.8000030517578,152.80999755859375,152.8300018310547,152.77000427246094,15567.0
202606241518,152.82000732421875,152.80999755859375,152.85000610351562,152.75,12799.0
202606241519,152.8800048828125,152.91000366210938,152.9199981689453,152.80999755859375,15338.0
202606241520,152.9149932861328,152.88999938964844,152.9600067138672,152.88999938964844,26249.0
202606241521,152.90989685058594,152.9199981689453,152.94000244140625,152.89500427246094,11697.0
202606241522,152.9199981689453,152.91000366210938,152.92999267578125,152.89999389648438,7745.0
202606241523,152.9199981689453,152.86000061035156,152.94000244140625,152.86000061035156,23439.0
202606241524,152.8699951171875,152.89999389648438,152.9499969482422,152.8699951171875,25527.0
202606241525,152.89999389648438,152.8300018310547,152.89999389648438,152.82000732421875,13047.0
202606241526,152.82000732421875,152.75,152.8300018310547,152.75,14849.0
202606241527,152.77000427246094,152.75999450683594,152.8300018310547,152.72999572753906,30400.0
202606241528,152.77999877929688,152.82000732421875,152.82000732421875,152.75999450683594,19869.0
202606241529,152.80499267578125,152.75999450683594,152.82000732421875,152.75,16854.0
202606241530,152.77999877929688,152.7550048828125,152.77999877929688,152.72000122070312,13259.0
202606241531,152.75625610351562,152.74000549316406,152.75999450683594,152.69000244140625,10241.0
202606241532,152.74000549316406,152.77999877929688,152.83999633789062,152.7200927734375,7791.0
202606241533,152.77000427246094,152.89999389648438,152.89999389648438,152.77000427246094,9158.0
202606241534,152.8800048828125,152.7899932861328,152.8800048828125,152.7899932861328,8056.0
202606241535,152.82000732421875,152.74000549316406,152.8300018310547,152.6999969482422,14421.0
202606241536,152.74000549316406,152.8350067138672,152.83999633789062,152.6999969482422,12270.0
202606241537,152.83999633789062,152.90499877929688,152.90499877929688,152.83999633789062,12684.0
202606241538,152.90499877929688,152.875,152.90499877929688,152.83999633789062,5936.0
202606241539,152.89999389648438,152.9550018310547,152.97999572753906,152.8800048828125,18478.0
202606241540,152.96499633789062,152.875,152.96499633789062,152.86000061035156,16594.0
202606241541,152.88999938964844,152.83999633789062,152.88999938964844,152.8000030517578,14855.0
202606241542,152.83999633789062,152.92999267578125,152.92999267578125,152.83999633789062,13430.0
202606241543,152.91000366210938,152.92999267578125,152.95249938964844,152.91000366210938,10098.0
202606241544,152.9199981689453,152.94000244140625,153.02000427246094,152.9199981689453,15522.0
202606241545,152.9550018310547,153.02000427246094,153.02000427246094,152.9550018310547,10268.0
202606241546,153.02499389648438,152.99000549316406,153.02499389648438,152.99000549316406,5139.0
202606241547,153.0050048828125,152.94000244140625,153.0050048828125,152.94000244140625,4839.0
202606241548,152.90499877929688,153.02000427246094,153.02000427246094,152.8699951171875,13310.0
202606241549,153.02000427246094,152.92999267578125,153.0399932861328,152.92999267578125,7587.0
202606241550,152.97999572753906,152.9550018310547,152.99000549316406,152.91000366210938,14693.0
202606241551,152.94000244140625,152.88999938964844,152.94000244140625,152.88999938964844,6514.0
202606241552,152.88999938964844,152.80999755859375,152.96499633789062,152.80999755859375,15771.0
202606241553,152.82000732421875,152.8300018310547,152.86500549316406,152.82000732421875,4647.0
202606241554,152.84500122070312,152.77000427246094,152.84500122070312,152.75999450683594,5685.0
202606241555,152.77000427246094,152.78500366210938,152.78500366210938,152.71499633789062,4857.0
202606241556,152.7675018310547,152.75999450683594,152.77999877929688,152.74000549316406,6875.0
202606241557,152.75750732421875,152.8000030517578,152.8000030517578,152.75750732421875,8677.0
202606241558,152.80499267578125,152.8800048828125,152.8800048828125,152.7899932861328,24240.0
202606241559,152.8699951171875,152.89500427246094,152.91000366210938,152.83999633789062,8152.0
202606241600,152.90499877929688,152.8699951171875,152.91000366210938,152.85499572753906,6694.0
202606241601,152.8699951171875,152.88499450683594,152.88499450683594,152.86000061035156,4445.0
202606241602,152.88499450683594,152.93499755859375,152.93499755859375,152.8800048828125,5005.0
202606241603,152.94000244140625,152.92999267578125,152.95379638671875,152.92999267578125,7184.0
202606241604,152.9199981689453,152.93499755859375,152.94000244140625,152.90499877929688,4800.0
202606241605,152.94000244140625,153.0050048828125,153.02000427246094,152.94000244140625,19073.0
202606241606,153.0399932861328,153.02999877929688,153.0800018310547,153.02999877929688,10963.0
202606241607,153.0399932861328,153.07000732421875,153.07000732421875,153.0,7633.0
202606241608,153.0749969482422,153.14500427246094,153.14999389648438,153.05999755859375,12766.0
202606241609,153.13999938964844,153.10000610351562,153.14500427246094,153.10000610351562,4740.0
202606241610,153.11500549316406,153.1300048828125,153.13999938964844,153.11500549316406,5874.0
202606241611,153.1300048828125,153.0800018310547,153.14500427246094,153.0800018310547,17808.0
202606241612,153.10000610351562,153.125,153.13999938964844,153.0800018310547,8468.0
202606241613,153.11000061035156,153.125,153.1300048828125,153.1042938232422,4291.0
202606241614,153.125,153.10000610351562,153.16000366210938,153.08999633789062,8295.0
202606241615,153.10000610351562,153.13999938964844,153.14999389648438,153.10000610351562,4757.0
202606241616,153.13999938964844,153.10499572753906,153.13999938964844,153.08999633789062,26239.0
202606241617,153.11500549316406,153.1300048828125,153.13229370117188,153.10499572753906,5206.0
202606241618,153.125,153.1300048828125,153.1300048828125,153.11000061035156,4512.0
202606241619,153.1199951171875,153.08999633789062,153.1199951171875,153.08999633789062,8609.0
202606241620,153.10499572753906,153.00999450683594,153.10499572753906,152.99000549316406,10547.0
202606241621,153.00999450683594,153.0050048828125,153.02000427246094,152.97999572753906,10056.0
202606241622,152.97999572753906,152.9600067138672,153.0050048828125,152.9499969482422,6234.0
202606241623,152.9600067138672,153.02000427246094,153.02000427246094,152.9600067138672,18022.0
202606241624,153.02999877929688,153.02999877929688,153.02999877929688,152.99009704589844,9680.0
202606241625,153.02999877929688,153.0,153.0800018310547,153.0,12043.0
202606241626,153.0050048828125,153.01499938964844,153.02000427246094,153.0,4981.0
202606241627,153.00010681152344,153.0,153.02999877929688,152.98500061035156,188114.0
202606241628,153.01499938964844,153.0,153.02499389648438,152.97999572753906,4253.0
202606241629,152.97999572753906,152.99000549316406,153.02000427246094,152.96499633789062,8786.0
202606241630,152.99000549316406,153.05499267578125,153.05499267578125,152.99000549316406,6576.0
202606241631,153.02999877929688,153.0800018310547,153.10000610351562,153.02000427246094,6791.0
202606241632,153.0399932861328,153.05499267578125,153.07000732421875,153.0399932861328,6599.0
202606241633,153.0399932861328,153.1199951171875,153.1199951171875,153.0399932861328,8520.0
202606241634,153.11000061035156,153.1199951171875,153.16000366210938,153.10000610351562,9678.0
202606241635,153.13999938964844,153.13999938964844,153.13999938964844,153.1300048828125,5060.0
202606241636,153.14999389648438,153.2100067138672,153.21969604492188,153.13999938964844,17245.0
202606241637,153.22509765625,153.3300018310547,153.3300018310547,153.22500610351562,16740.0
202606241638,153.3300018310547,153.21009826660156,153.35009765625,153.21009826660156,8066.0
202606241639,153.25,153.13499450683594,153.25,153.1199951171875,6324.0
202606241640,153.1199951171875,153.0399932861328,153.1199951171875,153.02999877929688,5968.0
202606241641,153.07000732421875,153.110107421875,153.13999938964844,153.07000732421875,7983.0
202606241642,153.12989807128906,153.17999267578125,153.17999267578125,153.11000061035156,8478.0
202606241643,153.19000244140625,153.1300048828125,153.19000244140625,153.1300048828125,4591.0
202606241644,153.1300048828125,153.0850067138672,153.1300048828125,153.0850067138672,5550.0
202606241645,153.0399932861328,152.97500610351562,153.0399932861328,152.88499450683594,10486.0
202606241646,152.9499969482422,152.94500732421875,152.9499969482422,152.94500732421875,2738.0
202606241647,152.94500732421875,152.99000549316406,153.01930236816406,152.94500732421875,14141.0
202606241648,152.9949951171875,152.97000122070312,153.0198974609375,152.94000244140625,8425.0
202606241649,152.96499633789062,152.9799041748047,152.9799041748047,152.89999389648438,9111.0
202606241650,152.94500732421875,152.96499633789062,152.97999572753906,152.94500732421875,4288.0
202606241651,152.97999572753906,153.00999450683594,153.00999450683594,152.97999572753906,3797.0
202606241652,152.99000549316406,152.9199981689453,152.99000549316406,152.9199981689453,6304.0
202606241653,152.93499755859375,152.87879943847656,152.93499755859375,152.83999633789062,6829.0
202606241654,152.8699951171875,152.88009643554688,152.927001953125,152.85499572753906,6102.0
202606241655,152.9199981689453,152.88999938964844,152.9499053955078,152.8800048828125,6805.0
202606241656,152.91000366210938,152.82179260253906,152.91000366210938,152.80999755859375,3553.0
202606241657,152.8249969482422,152.84500122070312,152.85400390625,152.80999755859375,7028.0
202606241658,152.85000610351562,152.8350067138672,152.85499572753906,152.8300018310547,5802.0
202606241659,152.82000732421875,152.83999633789062,152.83999633789062,152.7899932861328,5163.0
202606241700,152.86000061035156,152.7899932861328,152.86000061035156,152.77000427246094,11194.0
202606241701,152.75999450683594,152.7949981689453,152.8000030517578,152.74000549316406,5620.0
202606241702,152.77000427246094,152.77499389648438,152.7899932861328,152.75999450683594,5262.0
202606241703,152.77000427246094,152.77999877929688,152.77999877929688,152.74000549316406,3731.0
202606241704,152.7550048828125,152.6750030517578,152.75990295410156,152.6750030517578,7505.0
202606241705,152.65719604492188,152.74000549316406,152.74000549316406,152.65719604492188,8158.0
202606241706,152.72000122070312,152.72999572753906,152.77999877929688,152.7100067138672,12798.0
202606241707,152.73500061035156,152.75,152.75999450683594,152.72500610351562,7657.0
202606241708,152.7550048828125,152.75,152.75999450683594,152.7050018310547,11259.0
202606241709,152.72999572753906,152.75,152.7899932861328,152.72000122070312,5808.0
202606241710,152.72999572753906,152.77499389648438,152.8000030517578,152.72999572753906,5905.0
202606241711,152.80499267578125,152.76499938964844,152.80499267578125,152.75999450683594,2952.0
202606241712,152.76499938964844,152.74661254882812,152.7949981689453,152.7449951171875,4953.0
202606241713,152.75,152.72999572753906,152.75250244140625,152.6999969482422,3598.0
202606241714,152.7449951171875,152.7050018310547,152.7449951171875,152.69000244140625,4374.0
202606241715,152.69000244140625,152.69000244140625,152.72999572753906,152.69000244140625,4046.0
202606241716,152.6699981689453,152.6699981689453,152.7100067138672,152.6699981689453,3453.0
202606241717,152.66000366210938,152.51499938964844,152.66000366210938,152.51499938964844,9012.0
202606241718,152.52000427246094,152.52999877929688,152.5500030517578,152.51499938964844,12999.0
202606241719,152.50999450683594,152.4550018310547,152.50999450683594,152.4499969482422,7254.0
202606241720,152.44000244140625,152.4600067138672,152.47999572753906,152.44000244140625,4251.0
202606241721,152.47999572753906,152.4600067138672,152.47999572753906,152.4600067138672,784.0
202606241722,152.4600067138672,152.40499877929688,152.47999572753906,152.40499877929688,18743.0
202606241723,152.38999938964844,152.46499633789062,152.49000549316406,152.38999938964844,8670.0
202606241724,152.46499633789062,152.47999572753906,152.53500366210938,152.46499633789062,12032.0
202606241725,152.5,152.5050048828125,152.50999450683594,152.47999572753906,2698.0
202606241726,152.44000244140625,152.3699951171875,152.44000244140625,152.3699951171875,3597.0
202606241727,152.35150146484375,152.35000610351562,152.39559936523438,152.34519958496094,5990.0
202606241728,152.33999633789062,152.2449951171875,152.33999633789062,152.2449951171875,5202.0
202606241729,152.22000122070312,152.16009521484375,152.22000122070312,152.15499877929688,4174.0
202606241730,152.16000366210938,152.1378936767578,152.2100067138672,152.1199951171875,24212.0
202606241731,152.1199951171875,152.11000061035156,152.13999938964844,152.0800018310547,12933.0
202606241732,152.08999633789062,152.0399932861328,152.11000061035156,152.00999450683594,14713.0
202606241733,152.05999755859375,152.11500549316406,152.11500549316406,152.0,22310.0
202606241734,152.08999633789062,152.07000732421875,152.08999633789062,152.07000732421875,4566.0
202606241735,152.07000732421875,151.94540405273438,152.07000732421875,151.9199981689453,21607.0
202606241736,151.94000244140625,151.94000244140625,151.97000122070312,151.9199981689453,6027.0
202606241737,151.9403076171875,152.0,152.0,151.9403076171875,5394.0
202606241738,152.02999877929688,152.0124969482422,152.08999633789062,152.0124969482422,14874.0
202606241739,152.03500366210938,152.1699981689453,152.17999267578125,152.03500366210938,24968.0
202606241740,152.16000366210938,152.1750030517578,152.18499755859375,152.16000366210938,4690.0
202606241741,152.16000366210938,152.11000061035156,152.17970275878906,152.11000061035156,3964.0
202606241742,152.08009338378906,152.0500030517578,152.08009338378906,152.02000427246094,5883.0
202606241743,152.0240020751953,152.08999633789062,152.10000610351562,152.0240020751953,5068.0
202606241744,152.0800018310547,152.02000427246094,152.08999633789062,152.01499938964844,8718.0
202606241745,152.0399932861328,152.08290100097656,152.08290100097656,152.03500366210938,4611.0
202606241746,152.05999755859375,152.0800018310547,152.0800018310547,152.02000427246094,6503.0
202606241747,152.06500244140625,152.00999450683594,152.06500244140625,151.97999572753906,5581.0
202606241748,152.02999877929688,151.99000549316406,152.02999877929688,151.99000549316406,6111.0
202606241749,152.0,152.07000732421875,152.07000732421875,152.0,7605.0
202606241750,152.0749969482422,152.0800018310547,152.10000610351562,152.05499267578125,7017.0
202606241751,152.0800018310547,152.09739685058594,152.13999938964844,152.0800018310547,8593.0
202606241752,152.10000610351562,152.1405029296875,152.16000366210938,152.10000610351562,6081.0
202606241753,152.1300048828125,152.16000366210938,152.16000366210938,152.10499572753906,15699.0
202606241754,152.17999267578125,152.16000366210938,152.2100067138672,152.13999938964844,12035.0
202606241755,152.13999938964844,152.13999938964844,152.17999267578125,152.1300048828125,11659.0
202606241756,152.1300048828125,152.0561981201172,152.1300048828125,152.0449981689453,6800.0
202606241757,152.05999755859375,152.0850067138672,152.0850067138672,152.0399932861328,5069.0
202606241758,152.1051025390625,152.08999633789062,152.1199951171875,152.0800018310547,4979.0
202606241759,152.10000610351562,152.1199951171875,152.125,152.10000610351562,3352.0
202606241800,152.125,152.17999267578125,152.1999969482422,152.11500549316406,6369.0
202606241801,152.1699981689453,152.24000549316406,152.2550048828125,152.1649932861328,5871.0
202606241802,152.22000122070312,152.2100067138672,152.22000122070312,152.1999969482422,9893.0
202606241803,152.24000549316406,152.36000061035156,152.36000061035156,152.22500610351562,9644.0
202606241804,152.33999633789062,152.35000610351562,152.35000610351562,152.32000732421875,6913.0
202606241805,152.36000061035156,152.41000366210938,152.4199981689453,152.36000061035156,6624.0
202606241806,152.3800048828125,152.3300018310547,152.4199981689453,152.3300018310547,6691.0
202606241807,152.33999633789062,152.27999877929688,152.33999633789062,152.27999877929688,5951.0
202606241808,152.27000427246094,152.27999877929688,152.30999755859375,152.27000427246094,7165.0
202606241809,152.27000427246094,152.27999877929688,152.3000030517578,152.25,5546.0
202606241810,152.27999877929688,152.3300018310547,152.3300018310547,152.27000427246094,9168.0
202606241811,152.3699951171875,152.3300018310547,152.38999938964844,152.3300018310547,9708.0
202606241812,152.30999755859375,152.31500244140625,152.3300018310547,152.27000427246094,8071.0
202606241813,152.32000732421875,152.32000732421875,152.35000610351562,152.32000732421875,5794.0
202606241814,152.30999755859375,152.2899932861328,152.3199005126953,152.27999877929688,5061.0
202606241815,152.27999877929688,152.22000122070312,152.27999877929688,152.21499633789062,9185.0
202606241816,152.21499633789062,152.27999877929688,152.2899932861328,152.20750427246094,9212.0
202606241817,152.2899932861328,152.24000549316406,152.2899932861328,152.19000244140625,15181.0
202606241818,152.24000549316406,152.27999877929688,152.3300018310547,152.22000122070312,9430.0
202606241819,152.3000030517578,152.22000122070312,152.3000030517578,152.2100067138672,5612.0
202606241820,152.22999572753906,152.30999755859375,152.30999755859375,152.22999572753906,6666.0
202606241821,152.3000030517578,152.32899475097656,152.32899475097656,152.27999877929688,5962.0
202606241822,152.3000030517578,152.25,152.3000030517578,152.25,3697.0
202606241823,152.25999450683594,152.3112030029297,152.3112030029297,152.24000549316406,7485.0
202606241824,152.2899932861328,152.30999755859375,152.3300018310547,152.27999877929688,8853.0
202606241825,152.31500244140625,152.32000732421875,152.3300018310547,152.2899932861328,6024.0
202606241826,152.32000732421875,152.3350067138672,152.35000610351562,152.3000030517578,6382.0
202606241827,152.3699951171875,152.35000610351562,152.38729858398438,152.33999633789062,10889.0
202606241828,152.33999633789062,152.34500122070312,152.3800048828125,152.33999633789062,7378.0
202606241829,152.33999633789062,152.44749450683594,152.44749450683594,152.33999633789062,6250.0
202606241830,152.41000366210938,152.44000244140625,152.5,152.41000366210938,10998.0
202606241831,152.4149932861328,152.4600067138672,152.4600067138672,152.41000366210938,7422.0
202606241832,152.4600067138672,152.49000549316406,152.51499938964844,152.4499969482422,10040.0
202606241833,152.47000122070312,152.5500030517578,152.55499267578125,152.47000122070312,5756.0
202606241834,152.5399932861328,152.5800018310547,152.5800018310547,152.52499389648438,7565.0
202606241835,152.57000732421875,152.6699981689453,152.7050018310547,152.55999755859375,8472.0
202606241836,152.6750030517578,152.71499633789062,152.71499633789062,152.63999938964844,5184.0
202606241837,152.71499633789062,152.72000122070312,152.72000122070312,152.6750030517578,5288.0
202606241838,152.7299041748047,152.6699981689453,152.7299041748047,152.6699981689453,6480.0
202606241839,152.6999969482422,152.7550048828125,152.75999450683594,152.6999969482422,7458.0
202606241840,152.75999450683594,152.8300018310547,152.8300018310547,152.75999450683594,6997.0
202606241841,152.8300018310547,152.91000366210938,152.91000366210938,152.8000030517578,8190.0
202606241842,152.89999389648438,152.8800048828125,152.9499969482422,152.8800048828125,5964.0
202606241843,152.89500427246094,152.83999633789062,152.90499877929688,152.83999633789062,13434.0
202606241844,152.8300018310547,152.83999633789062,152.86000061035156,152.80999755859375,9224.0
202606241845,152.8300018310547,152.625,152.83999633789062,152.572998046875,30921.0
202606241846,152.62750244140625,152.75999450683594,152.75999450683594,152.625,13918.0
202606241847,152.77000427246094,152.85000610351562,152.8699951171875,152.76499938964844,10136.0
202606241848,152.85499572753906,152.9149932861328,152.9149932861328,152.85499572753906,7604.0
202606241849,152.9199981689453,152.9199981689453,152.94000244140625,152.8800048828125,13334.0
202606241850,152.89999389648438,152.85499572753906,152.9499969482422,152.85499572753906,9281.0
202606241851,152.85000610351562,152.88999938964844,152.90499877929688,152.84500122070312,9156.0
202606241852,152.9199981689453,152.8800048828125,152.9600067138672,152.8800048828125,6832.0
202606241853,152.91000366210938,152.8000030517578,152.91000366210938,152.8000030517578,8208.0
202606241854,152.77000427246094,152.77000427246094,152.80499267578125,152.74000549316406,27737.0
202606241855,152.75999450683594,152.74009704589844,152.77999877929688,152.74000549316406,8084.0
202606241856,152.75999450683594,152.72000122070312,152.80999755859375,152.72000122070312,24567.0
202606241857,152.74000549316406,152.7570037841797,152.77000427246094,152.72999572753906,10793.0
202606241858,152.75,152.75,152.75999450683594,152.7301025390625,17023.0
202606241859,152.74000549316406,152.8249969482422,152.83999633789062,152.72999572753906,20065.0
202606241900,152.83999633789062,152.83990478515625,152.85000610351562,152.81500244140625,13455.0
202606241901,152.84500122070312,152.88999938964844,152.88999938964844,152.84100341796875,10239.0
202606241902,152.89500427246094,152.8800048828125,152.91000366210938,152.86929321289062,13016.0
202606241903,152.88499450683594,152.86000061035156,152.88999938964844,152.8000030517578,13986.0
202606241904,152.85499572753906,152.75,152.85499572753906,152.7449951171875,8130.0
202606241905,152.77000427246094,152.72000122070312,152.77499389648438,152.70010375976562,12034.0
202606241906,152.71499633789062,152.74000549316406,152.75,152.67999267578125,10428.0
202606241907,152.7550048828125,152.7100067138672,152.7550048828125,152.6999969482422,8904.0
202606241908,152.69000244140625,152.75,152.75999450683594,152.69000244140625,11528.0
202606241909,152.75,152.75999450683594,152.75999450683594,152.72500610351562,9712.0
202606241910,152.74000549316406,152.7050018310547,152.7449951171875,152.69000244140625,8547.0
202606241911,152.72000122070312,152.72000122070312,152.7449951171875,152.6999969482422,7884.0
202606241912,152.72999572753906,152.72000122070312,152.74000549316406,152.67999267578125,11669.0
202606241913,152.6999969482422,152.7100067138672,152.72999572753906,152.67999267578125,9278.0
202606241914,152.72000122070312,152.61000061035156,152.72999572753906,152.60000610351562,14056.0
202606241915,152.60499572753906,152.63999938964844,152.64999389648438,152.60000610351562,7598.0
202606241916,152.63999938964844,152.66000366210938,152.6699981689453,152.610107421875,11259.0
202606241917,152.64999389648438,152.61000061035156,152.64999389648438,152.61000061035156,9984.0
202606241918,152.61000061035156,152.69000244140625,152.7050018310547,152.61000061035156,11474.0
202606241919,152.6999969482422,152.69500732421875,152.77000427246094,152.69000244140625,42675.0
202606241920,152.69500732421875,152.7899932861328,152.8350067138672,152.69500732421875,17369.0
202606241921,152.78500366210938,152.72999572753906,152.8000030517578,152.7100067138672,18385.0
202606241922,152.6999969482422,152.6649932861328,152.7100067138672,152.63999938964844,12660.0
202606241923,152.63999938964844,152.4499969482422,152.63999938964844,152.44500732421875,12539.0
202606241924,152.44500732421875,152.50999450683594,152.50999450683594,152.42999267578125,12331.0
202606241925,152.50999450683594,152.44000244140625,152.52000427246094,152.39999389648438,14936.0
202606241926,152.42999267578125,152.35000610351562,152.42999267578125,152.35000610351562,12793.0
202606241927,152.35000610351562,152.47999572753906,152.47999572753906,152.3300018310547,36251.0
202606241928,152.4600067138672,152.4250030517578,152.46499633789062,152.4199981689453,10223.0
202606241929,152.42999267578125,152.4799041748047,152.4799041748047,152.36000061035156,15193.0
202606241930,152.4199981689453,152.4199981689453,152.4550018310547,152.3699951171875,17597.0
202606241931,152.41000366210938,152.36000061035156,152.42999267578125,152.3000030517578,20436.0
202606241932,152.3800048828125,152.42999267578125,152.42999267578125,152.35000610351562,15980.0
202606241933,152.44000244140625,152.4550018310547,152.47000122070312,152.35000610351562,20639.0
202606241934,152.44000244140625,152.39999389648438,152.4499969482422,152.3800048828125,17449.0
202606241935,152.40499877929688,152.36000061035156,152.40499877929688,152.3350067138672,19913.0
202606241936,152.33999633789062,152.27000427246094,152.3699951171875,152.2324981689453,31915.0
202606241937,152.26499938964844,152.10000610351562,152.28500366210938,152.07749938964844,42951.0
202606241938,152.0800018310547,152.11000061035156,152.125,152.02999877929688,40988.0
202606241939,152.125,152.22999572753906,152.22999572753906,152.10777282714844,37269.0
202606241940,152.2100067138672,152.2899932861328,152.3350067138672,152.17999267578125,50477.0
202606241941,152.2899932861328,152.25999450683594,152.3000030517578,152.22999572753906,13043.0
202606241942,152.25,152.33999633789062,152.36000061035156,152.22000122070312,15172.0
202606241943,152.35000610351562,152.4199981689453,152.42999267578125,152.33999633789062,12110.0
202606241944,152.42999267578125,152.41000366210938,152.4499969482422,152.38499450683594,0.0
202606241945,152.36000061035156,152.36000061035156,152.5,152.3000030517578,29000.0
202606241946,152.38999938964844,152.35000610351562,152.38999938964844,152.25,36010.0
202606241947,152.3300018310547,152.3350067138672,152.38999938964844,152.30999755859375,38096.0
202606241948,152.32000732421875,152.47999572753906,152.50999450683594,152.32000732421875,19070.0
202606241949,152.50999450683594,152.24000549316406,152.52499389648438,152.22000122070312,37645.0
202606241950,152.22000122070312,152.125,152.22000122070312,152.07000732421875,45467.0
202606241951,152.1300048828125,152.08999633789062,152.13999938964844,151.9499969482422,56673.0
202606241952,152.0850067138672,151.97999572753906,152.10000610351562,151.94000244140625,51363.0
202606241953,151.9600067138672,151.9600067138672,152.0399932861328,151.92999267578125,52578.0
202606241954,151.9199981689453,151.9499969482422,151.99000549316406,151.89999389648438,57623.0
202606241955,151.99000549316406,152.0,152.0500030517578,151.85000610351562,71350.0
202606241956,151.99000549316406,151.98500061035156,152.08999633789062,151.88999938964844,84353.0
202606241957,152.0,151.97000122070312,152.02000427246094,151.9149932861328,70917.0
202606241958,151.99000549316406,151.99000549316406,151.99000549316406,151.99000549316406,0.0
