datetime,open,close,high,low,volume
20240625,102.42,102.04,102.42,101.35,41540.0
20240626,101.63,102.39,102.39,101.4,27202.0
20240627,102.0,101.57,102.29,101.09,26741.0
20240628,101.53,101.09,101.76,100.92,55310.0
20240701,101.33,101.47,103.29,101.17,20891.0
20240702,101.44,101.64,101.94,101.11,22009.0
20240703,101.78,101.16,101.93,101.11,13006.0
20240705,101.36,102.29,102.35,100.8,26594.0
20240708,101.9,102.59,102.95,101.85,50934.0
20240709,102.65,101.67,102.9,101.62,35834.0
20240710,101.7,102.76,102.92,101.68,21597.0
20240711,102.4,105.05,105.05,102.39,27669.0
20240712,105.2,105.65,106.63,104.85,26266.0
20240715,105.63,105.07,106.13,104.92,24515.0
20240716,105.4,106.12,106.14,104.84,20452.0
20240717,106.3,108.75,108.81,106.11,37497.0
20240718,108.48,107.57,109.18,106.21,36929.0
20240719,107.7,107.5,108.58,106.97,38858.0
20240722,106.84,107.22,107.72,106.64,41716.0
20240723,107.0,109.56,111.36,106.51,59620.0
20240724,109.62,111.44,111.93,109.36,57954.0
20240725,111.8,114.0,114.0,111.37,54917.0
20240726,113.31,113.46,113.62,112.56,39638.0
20240729,113.25,114.4,114.48,112.43,37572.0
20240730,114.38,114.7,114.83,113.62,40915.0
20240731,114.28,115.12,116.27,113.7,39939.0
20240801,115.4,117.46,117.83,114.91,54874.0
20240802,117.13,116.2,119.06,115.0,53542.0
20240805,113.6,114.0,118.5,112.0,85167.0
20240806,113.9,114.0,115.42,113.2,49674.0
20240807,114.26,115.73,116.43,114.2,27111.0
20240808,115.74,116.0,116.87,114.94,25677.0
20240809,115.82,116.0,116.58,115.62,27405.0
20240812,116.14,116.09,116.77,115.25,37290.0
20240813,115.72,118.07,118.07,115.54,37909.0
20240814,117.89,117.47,118.08,117.09,30942.0
20240815,117.22,117.89,117.95,116.6,32953.0
20240816,118.0,118.0,118.4,117.23,28948.0
20240819,118.06,118.45,118.84,117.95,28854.0
20240820,118.17,119.15,119.15,118.09,30355.0
20240821,119.25,120.01,120.09,118.96,25709.0
20240822,120.0,120.5,120.5,119.1,28360.0
20240823,120.1,120.15,120.27,119.57,17597.0
20240826,120.0,121.25,121.6,119.4,21477.0
20240827,121.0,122.83,122.83,120.8,18319.0
20240828,122.34,122.74,123.05,121.95,27330.0
20240829,122.86,122.06,122.86,121.76,28534.0
20240830,122.73,123.02,123.45,122.32,44663.0
20240903,123.4,125.8,126.92,122.33,49278.0
20240904,125.79,126.61,127.41,125.17,41000.0
20240905,126.72,125.0,127.45,124.56,44392.0
20240906,125.16,125.81,126.45,124.53,66302.0
20240909,125.55,127.45,128.22,125.55,31127.0
20240910,127.97,126.63,128.25,125.63,38760.0
20240911,126.0,125.1,126.63,124.22,31708.0
20240912,124.77,124.63,125.5,123.3,43223.0
20240913,125.19,125.63,125.87,124.34,26183.0
20240916,125.99,126.09,126.99,125.34,35879.0
20240917,125.95,123.55,125.97,122.07,43621.0
20240918,122.91,120.97,123.0,120.39,53613.0
20240919,121.02,119.78,122.02,119.4,51707.0
20240920,119.76,120.77,121.0,119.16,126154.0
20240923,121.0,121.24,121.6,120.42,26681.0
20240924,121.1,121.5,121.57,120.13,25578.0
20240925,121.21,121.9,122.76,120.99,51295.0
20240926,120.6,120.97,121.44,119.69,51184.0
20240927,121.02,120.62,121.49,120.56,37301.0
20240930,121.02,121.2,121.77,120.55,58633.0
20241001,121.4,121.3,121.96,120.33,42063.0
20241002,120.27,119.6,120.6,119.27,25147.0
20241003,119.65,117.77,119.65,117.77,33367.0
20241004,117.68,119.17,119.17,117.53,30856.0
20241007,119.17,118.91,119.21,118.28,27091.0
20241008,119.0,118.27,119.79,118.25,19398.0
20241009,118.8,120.18,120.48,118.71,23998.0
20241010,120.14,119.6,121.58,118.5,26876.0
20241011,119.86,120.13,120.17,119.03,18876.0
20241014,120.33,120.08,120.39,119.54,17792.0
20241015,120.04,120.25,121.32,120.03,32515.0
20241016,120.7,121.0,121.0,119.81,19211.0
20241017,120.9,120.14,121.06,119.82,22573.0
20241018,120.0,120.21,120.76,119.04,27412.0
20241021,120.42,119.3,120.44,118.52,36649.0
20241022,119.98,131.24,131.97,119.98,104260.0
20241023,131.77,131.2,131.77,129.03,51282.0
20241024,131.39,131.97,133.0,131.3,41936.0
20241025,132.87,130.5,133.42,129.57,29136.0
20241028,129.5,130.5,130.89,128.74,34130.0
20241029,130.32,131.57,132.13,130.12,40653.0
20241030,131.57,131.8,132.49,131.0,31946.0
20241031,132.03,132.7,134.15,131.63,39677.0
20241101,132.63,130.65,133.27,130.33,45362.0
20241104,130.66,130.33,131.67,129.68,29793.0
20241105,130.33,132.19,132.33,130.09,24400.0
20241106,133.0,125.31,133.5,125.0,76014.0
20241107,126.3,123.95,126.9,123.64,77157.0
20241108,123.78,126.0,126.82,123.5,44021.0
20241111,126.97,124.95,126.99,124.8,37062.0
20241112,125.04,124.05,125.9,123.85,27450.0
20241113,124.22,125.0,126.42,124.05,34278.0
20241114,125.01,128.2,128.36,123.82,51475.0
20241115,127.84,128.75,130.15,127.84,70006.0
20241118,129.02,131.7,131.96,128.6,36380.0
20241119,131.33,129.8,131.69,128.78,42272.0
20241120,129.54,130.39,131.24,128.74,25932.0
20241121,130.81,131.23,132.12,130.4,25514.0
20241122,131.81,130.25,131.85,129.83,29807.0
20241125,130.11,130.5,131.1,129.16,31012.0
20241126,130.73,132.28,132.94,130.53,25644.0
20241127,132.28,131.9,133.5,131.73,27563.0
20241129,131.6,133.0,133.24,131.43,20131.0
20241202,133.01,131.12,133.02,130.76,24705.0
20241203,131.01,129.41,131.95,129.24,30432.0
20241204,129.24,130.48,130.99,128.92,26936.0
20241205,130.02,132.49,133.2,130.01,32630.0
20241206,132.65,130.56,133.0,130.41,33195.0
20241209,130.7,128.71,131.32,127.91,30975.0
20241210,128.31,129.0,129.5,127.73,27857.0
20241211,129.1,127.15,130.0,126.33,60868.0
20241212,126.51,127.0,128.0,126.36,22917.0
20241213,126.78,127.0,127.8,126.0,23657.0
20241216,126.74,125.94,127.47,125.83,20582.0
20241217,125.96,126.04,126.56,125.28,27206.0
20241218,125.59,124.3,125.84,124.0,28415.0
20241219,124.29,122.35,124.69,122.04,43789.0
20241220,122.1,124.22,124.77,122.1,63472.0
20241223,123.88,123.7,124.23,122.06,23739.0
20241224,123.8,122.92,124.1,122.56,22351.0
20241226,122.5,121.71,122.5,121.2,18169.0
20241227,121.68,121.49,121.98,120.9,29202.0
20241230,121.45,119.8,121.45,119.33,24234.0
20241231,120.0,120.8,120.83,119.95,33097.0
20250102,120.81,121.1,122.14,120.24,24670.0
20250103,121.41,122.02,122.32,121.14,23729.0
20250106,122.51,120.5,122.92,120.5,34048.0
20250107,121.09,121.4,121.91,120.64,29264.0
20250108,121.44,121.61,121.92,120.0,26778.0
20250110,121.52,117.24,121.64,116.98,39268.0
20250113,116.57,117.78,118.0,116.12,33265.0
20250114,117.8,118.47,119.0,117.28,24807.0
20250115,119.0,118.4,119.8,117.18,37102.0
20250116,118.66,119.8,120.46,118.31,65187.0
20250117,120.17,121.63,122.19,119.3,40877.0
20250121,122.13,123.81,124.2,121.56,42103.0
20250122,123.82,122.89,124.2,122.37,29441.0
20250123,122.87,125.44,125.48,122.76,34606.0
20250124,125.29,127.58,127.58,125.2,27262.0
20250127,127.29,130.5,131.36,126.61,55567.0
20250128,130.56,128.75,131.09,128.31,39778.0
20250129,128.7,130.5,130.73,128.49,23049.0
20250130,130.51,130.32,130.51,129.05,22019.0
20250131,129.96,129.87,131.16,129.46,37692.0
20250203,129.78,130.8,131.04,128.25,41714.0
20250204,130.61,130.75,131.54,129.91,37599.0
20250205,130.89,131.93,131.93,130.31,50951.0
20250206,131.92,145.25,146.78,131.74,103809.0
20250207,145.73,146.0,146.0,143.8,51527.0
20250210,144.5,146.75,146.75,143.41,42047.0
20250211,146.18,148.31,148.53,145.31,37516.0
20250212,148.52,150.0,150.24,145.73,35449.0
20250213,149.34,148.48,149.97,148.03,42773.0
20250214,148.65,150.13,151.22,148.15,35589.0
20250218,150.0,148.75,150.76,147.0,61163.0
20250219,149.06,149.8,150.01,147.51,51645.0
20250220,149.66,151.57,152.53,147.84,52985.0
20250221,151.96,154.84,154.84,150.96,51954.0
20250224,154.11,155.5,156.68,153.61,51854.0
20250225,155.92,157.57,158.23,155.9,71040.0
20250226,156.28,154.75,158.39,154.28,54756.0
20250227,155.05,154.02,155.9,153.55,46389.0
20250228,154.11,155.25,156.04,153.33,76262.0
20250303,155.5,158.9,159.04,154.0,36549.0
20250304,158.79,154.3,160.0,153.81,43454.0
20250305,153.99,153.5,154.95,152.65,30686.0
20250306,153.0,153.6,154.11,151.64,35246.0
20250307,154.3,150.98,154.3,150.43,55240.0
20250310,150.01,151.92,151.93,149.6,57498.0
20250311,150.36,152.23,153.63,149.99,42511.0
20250312,152.12,151.02,152.55,150.31,33148.0
20250313,151.0,150.06,152.76,150.06,25685.0
20250314,150.55,151.88,152.02,149.8,38686.0
20250317,151.47,155.7,155.73,151.47,48233.0
20250318,155.16,154.0,157.0,153.05,58237.0
20250319,154.2,153.81,154.51,152.22,28298.0
20250320,152.95,152.47,153.84,151.46,38991.0
20250321,152.09,151.55,152.68,150.35,88664.0
20250324,152.01,151.55,152.98,150.74,33998.0
20250325,152.44,152.48,153.0,150.1,26044.0
20250326,152.0,154.34,154.77,151.95,22671.0
20250327,154.34,154.99,155.76,154.01,26973.0
20250328,154.68,155.31,156.11,153.54,32513.0
20250331,155.93,159.7,159.7,155.32,49466.0
20250401,159.0,158.08,159.1,156.74,30696.0
20250402,158.42,153.3,158.7,153.15,25607.0
20250403,153.51,161.23,163.08,153.5,76849.0
20250404,161.58,150.4,163.09,150.09,86366.0
20250407,149.03,151.23,152.83,145.08,74667.0
20250408,152.68,149.23,154.92,146.69,60127.0
20250409,148.25,151.85,152.97,145.87,74931.0
20250410,151.0,151.25,153.73,149.08,60772.0
20250411,151.84,154.49,155.28,151.3,47499.0
20250414,153.97,155.79,158.23,153.97,41791.0
20250415,158.12,160.0,161.04,156.84,44653.0
20250416,160.26,160.0,162.16,159.07,65808.0
20250417,161.49,163.05,165.0,161.0,55112.0
20250421,163.34,162.75,164.05,159.17,42689.0
20250422,162.27,165.55,165.7,161.92,61478.0
20250423,165.0,167.86,173.8,164.47,61750.0
20250424,168.55,171.0,171.0,166.46,57303.0
20250425,171.04,170.58,171.36,168.78,53044.0
20250428,170.69,168.7,171.25,168.14,44819.0
20250429,169.98,170.26,171.1,167.77,41347.0
20250430,170.6,169.81,172.03,169.02,48705.0
20250501,170.7,170.0,171.07,168.89,33959.0
20250502,170.49,171.0,171.49,169.75,33092.0
20250505,170.66,173.39,173.72,170.0,28398.0
20250506,173.52,174.44,174.5,172.16,30563.0
20250507,174.67,175.02,176.49,173.15,44257.0
20250508,175.05,172.5,175.8,170.28,41502.0
20250509,171.8,169.78,172.2,169.38,36091.0
20250512,170.0,165.36,170.5,162.37,72095.0
20250513,165.0,163.96,165.29,163.6,43788.0
20250514,163.81,164.5,165.62,162.59,31526.0
20250515,164.11,169.6,169.6,163.84,36533.0
20250516,170.0,169.45,170.6,168.36,25859.0
20250519,170.19,173.25,173.52,169.8,28100.0
20250520,173.8,174.4,174.6,172.74,27956.0
20250521,174.26,174.08,175.34,173.62,36861.0
20250522,174.65,175.99,176.33,173.08,33785.0
20250523,175.19,178.67,178.94,174.01,43612.0
20250527,178.74,179.6,179.83,177.51,39838.0
20250528,179.59,178.79,179.59,177.88,21742.0
20250529,178.25,177.87,178.65,174.93,41331.0
20250530,177.19,180.5,181.36,177.19,62898.0
20250602,180.09,182.96,182.96,179.51,31870.0
20250603,182.59,182.89,183.94,179.42,35386.0
20250604,182.89,181.0,183.31,178.28,40247.0
20250605,181.25,181.96,182.59,179.91,26193.0
20250606,181.74,181.73,182.52,181.03,17989.0
20250609,181.35,180.71,181.44,178.77,20030.0
20250610,180.19,179.25,181.29,178.8,21427.0
20250611,178.51,183.55,183.55,178.5,25680.0
20250612,183.73,184.25,184.25,181.63,37219.0
20250613,183.48,184.75,185.16,183.26,36966.0
20250616,185.3,183.31,186.69,181.56,36759.0
20250617,183.41,183.0,184.54,181.63,34194.0
20250618,184.0,182.61,184.6,181.38,33698.0
20250620,182.5,183.29,183.5,181.71,74288.0
20250623,181.96,184.94,185.47,181.96,29360.0
20250624,185.75,184.97,185.85,183.7,20867.0
20250625,185.7,179.83,185.7,179.18,32293.0
20250626,180.19,180.67,182.49,179.33,42773.0
20250627,179.25,180.0,182.0,178.2,50632.0
20250630,180.99,181.86,182.47,180.03,35611.0
20250701,182.73,178.0,183.83,176.35,34642.0
20250702,177.99,175.74,178.77,175.13,41518.0
20250703,176.17,177.11,179.28,175.3,17600.0
20250707,178.92,181.5,181.53,178.23,32966.0
20250708,180.5,177.87,181.0,177.15,29123.0
20250709,178.24,177.98,179.6,176.3,28335.0
20250710,177.54,180.99,181.14,176.95,33068.0
20250711,180.29,179.84,180.72,178.09,24862.0
20250714,179.13,180.75,181.5,179.07,34949.0
20250715,180.75,180.0,181.5,179.29,30344.0
20250716,180.89,182.75,183.99,179.25,31783.0
20250717,183.26,179.26,183.63,178.15,45174.0
20250718,178.76,178.5,179.69,178.11,26635.0
20250721,178.42,181.3,181.44,177.54,35439.0
20250722,180.31,165.69,181.29,162.74,146461.0
20250723,167.0,164.57,167.0,161.24,71467.0
20250724,165.5,161.11,165.62,160.52,50054.0
20250725,161.4,161.25,163.05,160.73,31301.0
20250728,161.21,157.95,161.47,155.7,65518.0
20250729,157.72,162.7,162.86,157.36,70321.0
20250730,162.99,161.25,164.5,161.2,55437.0
20250731,161.7,164.9,165.07,160.29,69670.0
20250801,163.91,162.96,167.93,162.89,55684.0
20250804,163.17,162.99,164.71,162.34,36770.0
20250805,162.84,164.19,165.12,162.72,31588.0
20250806,164.23,167.06,168.37,164.23,41607.0
20250807,167.0,168.18,168.55,166.1,24281.0
20250808,168.36,170.0,170.8,167.97,27863.0
20250811,170.21,170.0,171.22,166.39,38569.0
20250812,170.2,168.35,171.0,167.78,33515.0
20250813,168.09,165.88,168.35,164.56,33337.0
20250814,165.31,165.27,167.35,164.64,23125.0
20250815,165.62,166.31,166.82,164.19,29659.0
20250818,165.36,167.02,167.3,165.36,27027.0
20250819,166.0,169.0,169.43,164.0,24017.0
20250820,169.0,172.55,173.17,169.0,37595.0
20250821,172.12,174.49,174.88,171.71,29126.0
20250822,174.61,171.51,175.23,170.05,32380.0
20250825,171.0,167.49,171.94,166.83,30592.0
20250826,167.64,166.3,167.68,165.52,41983.0
20250827,167.27,164.6,167.27,163.86,35365.0
20250828,164.89,165.77,166.27,161.96,49058.0
20250829,165.52,166.77,167.29,165.17,40081.0
20250902,166.89,165.0,168.04,163.38,33030.0
20250903,166.14,163.11,166.9,161.15,46832.0
20250904,162.3,161.15,164.5,159.78,57276.0
20250905,161.01,161.54,162.06,160.07,26989.0
20250908,162.28,162.6,163.0,159.57,31582.0
20250909,163.21,164.48,165.04,161.1,23650.0
20250910,164.14,164.3,165.83,163.64,25304.0
20250911,164.4,167.88,169.86,164.4,28516.0
20250912,167.86,166.5,168.8,165.1,23794.0
20250915,166.11,161.7,166.13,161.47,37504.0
20250916,161.42,162.09,164.37,161.25,41880.0
20250917,163.04,166.3,167.08,163.04,32778.0
20250918,165.79,161.97,166.3,161.12,39173.0
20250919,162.1,163.39,163.8,161.33,72923.0
20250922,163.25,162.5,163.46,159.91,44913.0
20250923,161.98,163.0,164.17,161.01,32832.0
20250924,162.96,163.0,164.82,162.76,31224.0
20250925,163.5,164.25,165.26,163.32,25373.0
20250926,164.31,164.89,164.97,163.0,26501.0
20250929,164.98,162.99,165.0,162.5,54202.0
20250930,162.64,162.2,163.6,161.69,49051.0
20251001,162.26,160.73,164.06,158.45,59962.0
20251002,160.64,158.1,162.13,157.56,50348.0
20251003,157.0,153.27,157.06,151.15,80620.0
20251006,153.52,153.54,153.7,150.88,48192.0
20251007,154.16,154.55,155.14,152.31,48506.0
20251008,154.49,155.36,155.75,152.17,41595.0
20251009,155.56,156.98,156.98,153.5,32839.0
20251010,156.0,159.91,161.54,156.0,45553.0
20251013,160.0,159.35,160.0,156.61,39311.0
20251014,160.0,158.95,161.15,157.94,46086.0
20251015,158.01,157.72,159.95,157.45,32504.0
20251016,157.81,155.5,158.77,155.5,35741.0
20251017,156.35,158.5,158.98,155.64,37012.0
20251020,158.32,158.0,160.7,157.18,55346.0
20251021,158.23,152.0,166.13,142.33,226820.0
20251022,152.0,156.2,156.96,151.0,95971.0
20251023,156.21,157.7,159.11,156.21,54452.0
20251024,157.68,157.68,158.62,157.24,47467.0
20251027,157.07,153.0,158.0,152.93,76858.0
20251028,153.11,149.61,153.21,148.14,54039.0
20251029,149.41,146.05,150.14,146.0,56811.0
20251030,147.25,145.17,147.71,145.01,42141.0
20251031,145.32,144.03,145.76,143.17,43020.0
20251103,144.5,144.6,145.12,142.11,34542.0
20251104,145.22,147.66,147.77,144.22,39574.0
20251105,147.91,148.57,150.43,147.25,42475.0
20251106,148.48,149.9,150.88,147.34,43569.0
20251107,149.91,152.9,153.52,149.37,46932.0
20251110,151.94,154.99,155.16,150.61,31767.0
20251111,155.09,156.07,157.51,155.02,23825.0
20251112,156.8,155.65,157.35,155.5,35445.0
20251113,156.25,155.0,156.8,153.0,37948.0
20251114,155.52,154.3,156.19,152.82,23540.0
20251117,155.1,152.65,155.38,151.77,32293.0
20251118,152.0,155.32,157.62,152.0,32019.0
20251119,155.5,155.09,156.67,154.0,26742.0
20251120,154.84,156.0,156.29,154.13,25355.0
20251121,156.57,155.55,157.79,154.41,44537.0
20251124,155.22,151.5,155.22,150.08,101306.0
20251125,151.23,157.8,158.23,150.98,50544.0
20251126,157.41,155.49,158.22,155.11,30077.0
20251128,156.75,158.0,158.01,155.3,12949.0
20251201,157.48,156.55,157.99,155.51,23028.0
20251202,155.55,154.62,156.38,153.43,28739.0
20251203,154.6,151.88,155.56,151.55,26867.0
20251204,151.49,148.78,151.49,146.35,56417.0
20251205,148.58,148.0,148.92,147.3,36066.0
20251208,148.58,148.29,149.87,146.65,49636.0
20251209,148.1,150.4,150.92,147.9,35872.0
20251210,150.68,150.29,150.81,148.2,66965.0
20251211,150.05,150.5,152.65,149.5,27597.0
20251212,151.27,153.5,153.74,149.51,42042.0
20251215,153.84,158.41,159.27,153.1,43882.0
20251216,159.18,157.95,159.87,157.48,43655.0
20251217,157.66,157.26,159.56,156.77,36418.0
20251218,158.61,158.0,159.01,156.49,40676.0
20251219,156.7,157.44,159.85,156.65,140455.0
20251222,156.92,159.7,161.18,156.92,47025.0
20251223,160.49,161.5,162.32,159.27,32610.0
20251224,162.12,162.75,163.7,161.91,12217.0
20251226,161.81,161.14,162.62,160.89,16581.0
20251229,161.2,162.76,162.76,160.28,23632.0
20251230,161.79,161.96,162.38,161.17,20715.0
20251231,161.49,160.4,161.99,160.29,16641.0
20260102,159.99,160.48,162.15,159.21,25161.0
20260105,159.6,159.86,160.45,155.3,51088.0
20260106,159.5,155.87,160.2,155.14,37496.0
20260107,155.28,155.15,156.42,153.7,36168.0
20260108,155.14,158.75,159.43,155.0,24864.0
20260109,158.01,162.49,162.78,158.01,29364.0
20260112,162.97,165.0,165.33,162.33,42654.0
20260113,165.4,165.99,166.76,163.3,27767.0
20260114,166.0,170.73,171.33,166.0,46363.0
20260115,170.75,172.05,174.01,170.03,30927.0
20260116,172.1,173.5,174.28,170.77,34527.0
20260120,171.86,167.18,173.32,166.93,41313.0
20260121,167.21,168.81,169.02,163.13,38989.0
20260122,168.44,170.05,170.2,167.0,28644.0
20260123,169.99,172.01,173.37,168.74,38747.0
20260126,173.45,175.76,176.23,173.11,32737.0
20260127,175.73,178.88,179.31,174.67,24590.0
20260128,177.62,178.59,181.0,177.38,32081.0
20260129,178.81,177.45,180.25,177.0,55933.0
20260130,176.97,179.0,180.09,172.48,60172.0
20260202,179.71,180.5,180.86,177.13,47773.0
20260203,179.89,178.69,181.77,176.84,61540.0
20260204,177.74,179.31,180.45,177.31,56950.0
20260205,181.0,183.0,184.4,180.65,53945.0
20260206,182.42,182.64,186.55,174.4,57293.0
20260209,182.63,182.31,183.85,178.58,37418.0
20260210,181.08,182.01,183.31,179.71,24068.0
20260211,182.68,186.35,188.35,181.96,42671.0
20260212,186.0,189.16,190.98,185.86,38031.0
20260213,188.72,187.75,190.25,186.8,25091.0
20260217,187.26,184.0,188.41,183.3,33444.0
20260218,183.65,182.6,185.0,182.05,23001.0
20260219,182.0,183.5,183.79,180.21,22044.0
20260220,184.14,183.4,185.0,182.12,25479.0
20260223,183.16,186.84,188.26,183.16,34622.0
20260224,187.64,186.95,187.64,183.39,25414.0
20260225,186.3,190.0,191.3,185.66,46772.0
20260226,189.86,186.28,190.25,186.05,35657.0
20260227,186.57,187.1,190.11,185.69,34334.0
20260302,186.59,183.68,187.5,183.58,25366.0
20260303,183.88,177.7,183.88,175.64,46258.0
20260304,177.56,179.34,179.5,175.83,31248.0
20260305,178.05,170.1,179.04,167.93,57115.0
20260306,168.6,169.31,170.08,166.9,36146.0
20260309,169.09,173.04,173.29,168.44,36263.0
20260310,172.94,174.0,174.28,171.75,24638.0
20260311,173.8,166.41,173.8,165.25,53862.0
20260312,166.0,172.21,172.25,163.32,47991.0
20260313,170.7,175.0,176.05,170.7,49508.0
20260316,176.51,175.0,177.25,174.6,24105.0
20260317,175.23,173.39,176.98,172.52,23700.0
20260318,173.88,165.86,174.55,164.9,32124.0
20260319,164.8,163.38,165.33,161.85,29274.0
20260320,163.45,164.44,164.91,161.83,71735.0
20260323,162.0,163.24,167.0,162.0,24459.0
20260324,163.25,165.18,167.5,161.82,34083.0
20260325,163.75,165.5,165.99,163.0,21711.0
20260326,164.67,163.42,166.0,161.93,21522.0
20260327,163.24,164.0,165.27,162.25,22248.0
20260330,164.16,164.83,165.74,163.7,24568.0
20260331,165.9,165.34,166.48,163.97,22072.0
20260401,165.41,157.35,165.41,151.63,68454.0
20260402,156.0,158.58,159.48,155.5,30213.0
20260406,158.39,160.17,160.37,157.53,18999.0
20260407,159.49,159.5,161.14,157.29,23549.0
20260408,158.76,160.96,161.19,155.13,36612.0
20260409,160.95,161.47,162.31,159.16,21743.0
20260410,161.1,160.45,161.82,158.18,30896.0
20260413,160.48,162.5,163.66,160.03,47230.0
20260414,161.94,159.56,161.94,157.87,27747.0
20260415,160.22,157.17,160.22,157.0,23920.0
20260416,157.07,156.51,158.43,155.26,21928.0
20260417,156.06,158.1,159.01,154.9,42775.0
20260420,157.96,157.55,160.07,157.1,31981.0
20260421,157.71,154.32,158.8,153.18,35008.0
20260422,154.79,163.83,164.7,151.28,49605.0
20260423,163.8,168.8,170.88,163.7,43168.0
20260424,168.24,164.1,168.9,162.92,34883.0
20260427,163.03,164.27,164.92,160.67,30347.0
20260428,161.14,165.89,166.27,161.14,27921.0
20260429,165.38,161.35,165.5,161.29,26146.0
20260430,162.3,164.0,166.82,161.68,33820.0
20260501,166.99,166.5,167.62,165.51,27762.0
20260504,167.0,169.04,171.75,165.5,30782.0
20260505,169.4,169.46,169.64,166.0,25903.0
20260506,169.23,170.37,171.24,168.61,32985.0
20260507,169.68,171.11,171.74,168.94,29371.0
20260508,171.15,170.82,172.25,170.31,29615.0
20260511,171.34,182.12,182.28,171.34,44840.0
20260512,182.08,188.5,190.91,180.0,57833.0
20260513,185.0,184.78,189.64,181.66,33830.0
20260514,187.86,192.0,192.92,187.62,38248.0
20260515,191.5,190.02,193.0,189.4,32569.0
20260518,189.78,191.5,191.98,186.97,26363.0
20260519,191.44,191.29,193.05,188.53,36370.0
20260520,189.46,188.87,189.92,185.64,41524.0
20260521,188.57,187.25,189.7,186.22,23343.0
20260522,187.0,188.25,190.49,187.0,16113.0
20260526,188.4,181.72,190.0,181.12,32160.0
20260527,181.53,182.09,183.23,180.28,32054.0
20260528,182.25,178.5,183.69,178.0,25572.0
20260529,178.29,177.2,179.57,174.89,37520.0
20260601,176.5,172.62,176.6,172.18,26832.0
20260602,172.0,173.49,175.23,170.0,27417.0
20260603,173.68,176.35,178.92,173.0,22246.0
20260604,177.29,175.0,179.3,174.73,24264.0
20260605,176.63,179.68,180.96,175.06,33685.0
20260608,179.36,175.75,180.0,174.46,25027.0
20260609,176.0,178.42,179.17,172.4,29866.0
20260610,178.63,183.6,183.6,178.63,25587.0
20260611,182.5,181.35,185.06,180.23,39147.0
20260612,180.82,184.5,185.12,180.42,22102.0
20260615,183.12,182.08,183.93,180.64,37947.0
20260616,182.1,186.34,186.34,181.31,37900.0
20260617,184.21,179.7,184.21,178.49,42056.0
20260618,179.44,178.41,180.47,177.04,76266.0
202606221131,178.43,178.43,178.43,178.43,2.0
202606221132,178.43,178.43,178.43,178.43,0.0
202606221133,178.43,178.43,178.43,178.43,0.0
202606221134,178.43,178.43,178.43,178.43,0.0
202606221135,178.43,178.43,178.43,178.43,0.0
202606221136,178.43,178.43,178.43,178.43,0.0
202606221137,178.43,178.43,178.43,178.43,0.0
202606221138,178.43,178.43,178.43,178.43,0.0
202606221139,178.43,178.43,178.43,178.43,0.0
202606221140,178.43,178.43,178.43,178.43,0.0
202606221141,178.43,178.43,178.43,178.43,0.0
202606221142,178.43,178.43,178.43,178.43,0.0
202606221143,178.43,178.43,178.43,178.43,0.0
202606221144,178.43,178.43,178.43,178.43,0.0
202606221145,178.43,178.43,178.43,178.43,0.0
202606221146,178.0,178.03,178.03,178.0,2.0
202606221147,178.03,178.03,178.03,178.03,0.0
202606221148,178.03,178.03,178.03,178.03,0.0
202606221149,177.7,178.03,178.03,177.7,2.0
202606221150,178.69,178.69,178.69,178.69,1.0
202606221151,178.69,178.69,178.69,178.69,0.0
202606221152,178.69,178.69,178.69,178.69,0.0
202606221153,178.69,178.69,178.69,178.69,0.0
202606221154,178.69,178.69,178.69,178.69,0.0
202606221155,178.69,178.69,178.69,178.69,0.0
202606221156,178.69,178.69,178.69,178.69,0.0
202606221157,178.69,178.69,178.69,178.69,0.0
202606221158,178.69,178.69,178.69,178.69,0.0
202606221159,178.69,178.69,178.69,178.69,0.0
202606221200,178.69,178.69,178.69,178.69,0.0
202606221201,178.69,178.69,178.69,178.69,0.0
202606221202,178.69,178.69,178.69,178.69,0.0
202606221203,178.69,178.69,178.69,178.69,0.0
202606221204,178.69,178.69,178.69,178.69,0.0
202606221205,178.69,178.69,178.69,178.69,0.0
202606221206,178.69,178.69,178.69,178.69,0.0
202606221207,178.69,178.69,178.69,178.69,0.0
202606221208,178.69,178.69,178.69,178.69,0.0
202606221209,178.69,178.69,178.69,178.69,0.0
202606221210,178.69,178.69,178.69,178.69,0.0
202606221211,178.69,178.69,178.69,178.69,0.0
202606221212,178.69,178.69,178.69,178.69,0.0
202606221213,178.69,178.69,178.69,178.69,0.0
202606221214,178.69,178.69,178.69,178.69,0.0
202606221215,178.69,178.69,178.69,178.69,0.0
202606221216,178.69,178.69,178.69,178.69,0.0
202606221217,178.69,178.69,178.69,178.69,0.0
202606221218,178.69,178.69,178.69,178.69,0.0
202606221219,178.69,178.69,178.69,178.69,0.0
202606221220,178.69,178.69,178.69,178.69,0.0
202606221221,178.69,178.69,178.69,178.69,0.0
202606221222,178.69,178.69,178.69,178.69,0.0
202606221223,178.69,178.69,178.69,178.69,0.0
202606221224,178.69,178.69,178.69,178.69,0.0
202606221225,178.69,178.69,178.69,178.69,0.0
202606221226,178.69,178.69,178.69,178.69,0.0
202606221227,178.69,178.69,178.69,178.69,0.0
202606221228,178.69,178.69,178.69,178.69,0.0
202606221229,178.69,178.69,178.69,178.69,0.0
202606221230,178.69,178.69,178.69,178.69,0.0
202606221231,178.69,178.69,178.69,178.69,0.0
202606221232,178.69,178.69,178.69,178.69,0.0
202606221233,178.69,178.69,178.69,178.69,0.0
202606221234,178.69,178.69,178.69,178.69,0.0
202606221235,178.69,178.69,178.69,178.69,0.0
202606221236,178.69,178.69,178.69,178.69,0.0
202606221237,178.69,178.69,178.69,178.69,0.0
202606221238,178.69,178.69,178.69,178.69,0.0
202606221239,178.69,178.69,178.69,178.69,0.0
202606221240,178.69,178.69,178.69,178.69,0.0
202606221241,178.69,178.69,178.69,178.69,0.0
202606221242,178.69,178.69,178.69,178.69,0.0
202606221243,178.69,178.69,178.69,178.69,0.0
202606221244,178.69,178.69,178.69,178.69,0.0
202606221245,178.69,178.69,178.69,178.69,0.0
202606221246,178.69,178.69,178.69,178.69,0.0
202606221247,178.69,178.69,178.69,178.69,0.0
202606221248,178.69,178.69,178.69,178.69,0.0
202606221249,178.69,178.69,178.69,178.69,0.0
202606221250,178.69,178.69,178.69,178.69,0.0
202606221251,178.69,178.69,178.69,178.69,0.0
202606221252,178.69,178.69,178.69,178.69,0.0
202606221253,178.69,178.69,178.69,178.69,0.0
202606221254,178.69,178.69,178.69,178.69,0.0
202606221255,178.69,178.69,178.69,178.69,0.0
202606221256,178.69,178.69,178.69,178.69,0.0
202606221257,178.69,178.69,178.69,178.69,0.0
202606221258,178.69,178.69,178.69,178.69,0.0
202606221259,178.69,178.69,178.69,178.69,0.0
202606221300,178.69,178.69,178.69,178.69,0.0
202606221301,178.69,178.69,178.69,178.69,0.0
202606221302,178.69,178.69,178.69,178.69,0.0
202606221303,178.69,178.69,178.69,178.69,0.0
202606221304,178.69,178.69,178.69,178.69,0.0
202606221305,178.69,178.69,178.69,178.69,0.0
202606221306,178.69,178.69,178.69,178.69,0.0
202606221307,178.69,178.69,178.69,178.69,0.0
202606221308,178.69,178.69,178.69,178.69,0.0
202606221309,178.69,178.69,178.69,178.69,0.0
202606221310,178.69,178.69,178.69,178.69,0.0
202606221311,178.69,178.69,178.69,178.69,0.0
202606221312,178.69,178.69,178.69,178.69,0.0
202606221313,178.69,178.69,178.69,178.69,0.0
202606221314,178.69,178.69,178.69,178.69,0.0
202606221315,178.69,178.69,178.69,178.69,0.0
202606221316,178.69,178.69,178.69,178.69,0.0
202606221317,178.69,178.69,178.69,178.69,0.0
202606221318,178.69,178.69,178.69,178.69,0.0
202606221319,178.69,178.69,178.69,178.69,0.0
202606221320,178.69,178.69,178.69,178.69,0.0
202606221321,178.69,178.69,178.69,178.69,0.0
202606221322,178.69,178.69,178.69,178.69,0.0
202606221323,178.69,178.69,178.69,178.69,0.0
202606221324,178.69,178.69,178.69,178.69,0.0
202606221325,178.69,178.69,178.69,178.69,0.0
202606221326,178.69,178.69,178.69,178.69,0.0
202606221327,178.69,178.69,178.69,178.69,0.0
202606221328,178.69,178.69,178.69,178.69,0.0
202606221329,178.55,178.55,178.55,178.55,3.0
202606221330,178.05,177.56,178.05,177.5,611.0
202606221331,177.87,178.0,178.69,177.86,55.0
202606221332,178.31,178.17,178.34,178.17,7.0
202606221333,178.59,178.57,178.89,178.47,54.0
202606221334,178.13,177.79,178.13,177.72,19.0
202606221335,177.5,177.94,177.94,177.45,58.0
202606221336,178.11,178.14,178.15,178.1,10.0
202606221337,178.15,178.34,178.44,178.14,25.0
202606221338,178.34,178.34,178.52,178.31,10.0
202606221339,178.25,177.92,178.29,177.92,13.0
202606221340,178.0,177.81,178.0,177.81,41.0
202606221341,177.81,177.66,177.81,177.61,7.0
202606221342,177.79,178.74,178.74,177.79,31.0
202606221343,178.7,178.45,178.7,178.45,3.0
202606221344,178.21,178.25,178.25,178.21,4.0
202606221345,178.27,178.43,178.54,178.23,47.0
202606221346,178.49,178.46,178.67,178.33,104.0
202606221347,178.49,178.34,178.49,178.34,3.0
202606221348,178.33,178.33,178.45,178.33,19.0
202606221349,178.29,178.24,178.53,178.23,114.0
202606221350,178.24,177.42,178.24,177.42,45.0
202606221351,177.49,176.86,177.49,176.71,90.0
202606221352,176.62,176.46,176.75,176.46,15.0
202606221353,176.41,176.43,176.47,176.23,41.0
202606221354,176.46,176.4,176.46,176.19,28.0
202606221355,176.25,175.95,176.28,175.92,14.0
202606221356,175.9,176.31,176.31,175.86,78.0
202606221357,176.18,176.41,176.41,176.1,21.0
202606221358,176.35,176.28,176.35,176.1,29.0
202606221359,176.23,175.82,176.43,175.8,21.0
202606221400,175.96,176.1,176.16,175.95,19.0
202606221401,176.15,176.11,176.17,176.1,10.0
202606221402,176.15,176.15,176.27,176.09,93.0
202606221403,176.29,176.39,176.39,176.14,29.0
202606221404,176.47,176.47,176.6,176.38,49.0
202606221405,176.3,175.81,176.3,175.81,62.0
202606221406,175.94,176.11,176.24,175.93,22.0
202606221407,175.98,175.6,175.98,175.51,32.0
202606221408,175.62,175.59,175.68,175.44,62.0
202606221409,175.51,175.6,175.7,175.49,58.0
202606221410,175.5,175.43,175.58,175.38,73.0
202606221411,175.48,175.48,175.55,175.48,22.0
202606221412,175.48,175.51,175.6,175.47,63.0
202606221413,175.55,175.64,175.65,175.54,11.0
202606221414,175.64,175.72,175.8,175.63,28.0
202606221415,175.72,176.19,176.19,175.7,44.0
202606221416,176.19,176.04,176.19,175.97,22.0
202606221417,175.95,175.92,176.2,175.89,35.0
202606221418,175.87,175.95,175.98,175.84,47.0
202606221419,176.01,175.93,176.12,175.92,20.0
202606221420,176.01,176.16,176.16,175.98,9.0
202606221421,176.03,176.01,176.15,176.01,30.0
202606221422,176.14,176.14,176.26,176.12,15.0
202606221423,176.22,176.47,176.47,176.22,4.0
202606221424,176.54,176.52,176.66,176.47,31.0
202606221425,176.47,176.74,176.74,176.47,11.0
202606221426,176.76,176.78,176.78,176.65,59.0
202606221427,176.79,176.81,176.84,176.68,109.0
202606221428,176.75,176.47,176.76,176.47,7.0
202606221429,176.4,176.35,176.41,176.31,16.0
202606221430,176.32,176.12,176.32,176.11,11.0
202606221431,176.12,176.14,176.21,176.11,17.0
202606221432,176.14,176.18,176.24,176.13,8.0
202606221433,176.17,176.36,176.36,176.17,13.0
202606221434,176.28,176.01,176.46,176.0,121.0
202606221435,175.98,175.53,175.98,175.53,32.0
202606221436,175.53,175.32,175.59,175.3,20.0
202606221437,175.42,175.51,175.53,175.35,24.0
202606221438,175.43,175.49,175.61,175.43,19.0
202606221439,175.53,175.74,175.74,175.52,8.0
202606221440,175.73,175.83,175.84,175.72,5.0
202606221441,175.7,175.79,175.79,175.47,22.0
202606221442,175.79,175.89,175.89,175.79,42.0
202606221443,175.92,175.77,176.03,175.77,48.0
202606221444,175.77,175.73,175.86,175.73,23.0
202606221445,175.78,175.12,175.78,175.08,90.0
202606221446,175.12,175.29,175.35,175.11,41.0
202606221447,175.16,175.27,175.55,175.11,50.0
202606221448,175.34,175.37,175.52,175.34,20.0
202606221449,175.38,175.67,175.67,175.38,86.0
202606221450,175.55,175.62,175.72,175.52,56.0
202606221451,175.54,175.69,175.87,175.54,176.0
202606221452,175.66,175.62,175.73,175.47,92.0
202606221453,175.7,175.72,175.77,175.58,110.0
202606221454,175.72,175.6,175.79,175.6,405.0
202606221455,175.57,175.6,175.72,175.52,27.0
202606221456,175.66,175.64,175.72,175.56,90.0
202606221457,175.62,175.56,175.68,175.51,42.0
202606221458,175.59,175.34,175.59,175.3,41.0
202606221459,175.34,175.49,175.51,175.3,37.0
202606221500,175.47,175.59,175.6,175.44,12.0
202606221501,175.59,175.54,175.59,175.4,20.0
202606221502,175.54,175.56,175.56,175.53,27.0
202606221503,175.55,175.39,175.55,175.39,15.0
202606221504,175.37,175.35,175.42,175.3,22.0
202606221505,175.34,175.5,175.51,175.34,8.0
202606221506,175.49,175.38,175.5,175.34,37.0
202606221507,175.37,175.21,175.37,175.21,22.0
202606221508,175.21,175.27,175.27,175.02,27.0
202606221509,175.34,175.28,175.43,175.26,32.0
202606221510,175.3,175.27,175.41,175.27,29.0
202606221511,175.27,175.32,175.48,175.27,77.0
202606221512,175.3,175.15,175.75,175.15,495.0
202606221513,175.15,175.23,175.25,175.05,26.0
202606221514,175.29,175.29,175.36,175.22,31.0
202606221515,175.31,175.16,175.32,175.15,39.0
202606221516,175.18,174.89,175.18,174.87,138.0
202606221517,174.89,174.65,174.95,174.61,74.0
202606221518,174.65,174.89,174.89,174.59,177.0
202606221519,174.89,174.83,174.92,174.82,27.0
202606221520,174.83,174.97,175.0,174.73,34.0
202606221521,174.97,174.94,175.04,174.89,52.0
202606221522,174.95,174.99,175.03,174.95,49.0
202606221523,174.99,175.02,175.07,174.97,74.0
202606221524,175.0,175.01,175.02,174.95,33.0
202606221525,175.01,174.92,175.04,174.92,29.0
202606221526,174.9,174.99,174.99,174.88,65.0
202606221527,174.93,174.95,174.99,174.92,15.0
202606221528,175.04,175.39,175.51,175.0,171.0
202606221529,175.43,175.45,175.56,175.37,212.0
202606221530,175.4,175.46,175.52,175.37,75.0
202606221531,175.46,175.44,175.47,175.42,52.0
202606221532,175.44,175.2,175.44,175.2,29.0
202606221533,175.21,175.51,175.51,175.21,205.0
202606221534,175.5,175.55,175.66,175.5,76.0
202606221535,175.5,175.34,175.53,175.33,27.0
202606221536,175.42,175.52,175.52,175.39,90.0
202606221537,175.46,175.39,175.57,175.3,75.0
202606221538,175.36,175.36,175.36,175.35,4.0
202606221539,175.36,175.42,175.42,175.31,12.0
202606221540,175.32,175.24,175.36,175.18,30.0
202606221541,175.24,175.14,175.24,175.14,11.0
202606221542,175.14,175.14,175.18,175.13,64.0
202606221543,175.14,175.44,175.44,175.14,80.0
202606221544,175.45,175.32,175.45,175.31,10.0
202606221545,175.32,175.32,175.38,175.26,38.0
202606221546,175.32,175.3,175.32,175.24,7.0
202606221547,175.3,175.28,175.31,175.19,36.0
202606221548,175.34,175.52,175.53,175.34,22.0
202606221549,175.52,175.61,175.71,175.51,43.0
202606221550,175.64,175.78,175.78,175.47,42.0
202606221551,175.74,175.74,175.78,175.74,11.0
202606221552,175.81,175.78,175.88,175.74,15.0
202606221553,175.78,176.07,176.08,175.77,40.0
202606221554,176.07,176.03,176.09,176.01,41.0
202606221555,176.03,176.09,176.09,176.03,19.0
202606221556,176.03,176.07,176.26,176.03,14.0
202606221557,176.0,176.23,176.26,176.0,22.0
202606221558,176.24,176.14,176.24,176.11,21.0
202606221559,176.14,176.18,176.18,176.01,40.0
202606221600,176.21,176.34,176.35,176.21,18.0
202606221601,176.3,176.12,176.3,176.09,142.0
202606221602,176.11,176.13,176.14,176.1,5.0
202606221603,176.02,176.19,176.2,176.02,37.0
202606221604,176.26,176.21,176.26,176.15,10.0
202606221605,176.17,176.29,176.29,176.15,24.0
202606221606,176.29,176.18,176.43,176.18,68.0
202606221607,176.23,176.1,176.23,176.1,9.0
202606221608,176.1,176.09,176.1,176.09,11.0
202606221609,176.09,175.9,176.1,175.89,14.0
202606221610,175.9,175.9,175.9,175.9,0.0
202606221611,175.86,175.84,175.88,175.77,31.0
202606221612,175.83,175.74,175.85,175.74,11.0
202606221613,175.72,175.71,175.79,175.68,27.0
202606221614,175.75,175.87,175.92,175.71,24.0
202606221615,175.94,175.97,175.97,175.94,6.0
202606221616,175.92,175.98,176.04,175.91,34.0
202606221617,175.98,175.99,175.99,175.98,4.0
202606221618,175.99,175.92,175.99,175.92,5.0
202606221619,175.92,176.02,176.05,175.92,13.0
202606221620,176.01,176.05,176.05,175.95,17.0
202606221621,175.85,175.8,175.91,175.8,17.0
202606221622,175.84,175.88,175.91,175.83,8.0
202606221623,175.97,176.09,176.09,175.97,16.0
202606221624,176.09,176.05,176.17,176.05,24.0
202606221625,176.01,176.12,176.12,176.0,6.0
202606221626,176.07,176.01,176.07,176.01,3.0
202606221627,176.12,176.09,176.12,176.08,6.0
202606221628,176.13,176.07,176.2,176.06,13.0
202606221629,175.96,175.75,175.98,175.72,9.0
202606221630,175.75,175.69,175.75,175.69,2.0
202606221631,175.82,175.77,175.82,175.74,3.0
202606221632,175.77,175.84,175.85,175.76,11.0
202606221633,175.84,175.8,175.84,175.8,5.0
202606221634,175.82,175.8,175.83,175.76,4.0
202606221635,175.82,175.86,175.92,175.77,30.0
202606221636,175.87,175.92,175.99,175.86,18.0
202606221637,176.0,176.12,176.12,176.0,18.0
202606221638,176.08,176.12,176.12,176.04,4.0
202606221639,176.02,175.96,176.03,175.96,23.0
202606221640,175.98,176.04,176.09,175.96,18.0
202606221641,176.11,176.06,176.13,176.01,40.0
202606221642,175.99,175.98,175.99,175.98,4.0
202606221643,175.95,176.05,176.05,175.94,10.0
202606221644,175.92,176.0,176.05,175.92,22.0
202606221645,176.01,176.04,176.09,176.01,6.0
202606221646,176.13,176.09,176.13,176.08,5.0
202606221647,176.07,176.05,176.14,176.05,16.0
202606221648,176.05,176.0,176.1,176.0,23.0
202606221649,176.01,176.01,176.14,176.0,52.0
202606221650,176.08,176.02,176.08,176.02,62.0
202606221651,176.09,176.03,176.09,175.99,33.0
202606221652,176.03,175.97,176.03,175.97,5.0
202606221653,176.02,175.4,176.02,175.38,198.0
202606221654,175.4,175.45,175.47,175.33,22.0
202606221655,175.4,175.32,175.49,175.2,15.0
202606221656,175.32,175.21,175.32,175.17,22.0
202606221657,175.23,174.87,175.23,174.86,15.0
202606221658,174.98,174.98,175.09,174.93,36.0
202606221659,174.99,175.11,175.11,174.98,6.0
202606221700,175.11,175.18,175.23,175.1,27.0
202606221701,175.22,175.22,175.44,175.15,67.0
202606221702,175.21,175.15,175.26,175.15,24.0
202606221703,175.09,175.1,175.12,175.0,61.0
202606221704,174.97,174.97,175.05,174.97,3.0
202606221705,174.95,174.88,175.03,174.88,4.0
202606221706,174.96,174.96,175.05,174.95,11.0
202606221707,175.03,174.98,175.03,174.96,18.0
202606221708,175.05,175.12,175.15,175.05,23.0
202606221709,175.1,175.04,175.12,175.04,13.0
202606221710,174.96,174.92,174.96,174.88,19.0
202606221711,174.96,174.94,175.02,174.9,18.0
202606221712,174.94,174.95,174.96,174.91,58.0
202606221713,174.92,174.87,174.92,174.84,11.0
202606221714,174.75,174.71,174.78,174.67,13.0
202606221715,174.69,174.72,174.76,174.69,23.0
202606221716,174.74,174.73,174.76,174.71,14.0
202606221717,174.71,174.71,174.77,174.65,44.0
202606221718,174.7,174.73,174.73,174.65,26.0
202606221719,174.7,174.46,174.76,174.45,33.0
202606221720,174.46,174.46,174.46,174.46,1.0
202606221721,174.5,174.51,174.57,174.43,26.0
202606221722,174.51,174.54,174.54,174.5,8.0
202606221723,174.5,174.55,174.57,174.49,10.0
202606221724,174.58,174.51,174.63,174.5,30.0
202606221725,174.54,174.51,174.54,174.51,7.0
202606221726,174.45,174.13,174.53,174.12,146.0
202606221727,174.09,174.09,174.09,174.03,29.0
202606221728,174.14,174.27,174.3,174.14,39.0
202606221729,174.2,174.13,174.2,174.1,44.0
202606221730,174.19,173.97,174.19,173.97,48.0
202606221731,173.97,174.17,174.21,173.96,65.0
202606221732,174.17,174.13,174.22,173.98,256.0
202606221733,174.05,173.75,174.11,173.73,97.0
202606221734,173.72,173.63,173.75,173.63,23.0
202606221735,173.74,173.54,173.75,173.54,16.0
202606221736,173.55,173.42,173.55,173.33,51.0
202606221737,173.41,173.65,173.71,173.41,44.0
202606221738,173.65,173.74,173.74,173.58,56.0
202606221739,173.67,173.56,173.68,173.48,33.0
202606221740,173.51,173.53,173.56,173.41,33.0
202606221741,173.53,173.54,173.54,173.51,10.0
202606221742,173.45,173.37,173.56,173.26,35.0
202606221743,173.15,173.19,173.19,173.15,6.0
202606221744,173.15,173.33,173.35,173.15,9.0
202606221745,173.27,173.24,173.28,173.14,81.0
202606221746,173.21,173.19,173.24,173.08,65.0
202606221747,173.26,173.15,173.35,173.15,25.0
202606221748,173.09,173.3,173.36,173.09,40.0
202606221749,173.3,173.37,173.45,173.28,55.0
202606221750,173.45,173.36,173.46,173.31,11.0
202606221751,173.36,173.12,173.36,173.12,10.0
202606221752,173.17,173.13,173.17,173.04,20.0
202606221753,173.09,173.12,173.12,172.98,63.0
202606221754,173.01,173.02,173.05,172.87,42.0
202606221755,172.93,172.98,172.98,172.78,32.0
202606221756,172.88,172.84,172.98,172.78,27.0
202606221757,172.89,172.79,172.89,172.75,67.0
202606221758,172.67,172.68,172.7,172.65,7.0
202606221759,172.68,172.77,172.77,172.6,21.0
202606221800,172.68,172.64,172.74,172.52,41.0
202606221801,172.64,172.62,172.71,172.55,55.0
202606221802,172.56,172.68,172.76,172.49,75.0
202606221803,172.62,172.6,172.63,172.59,4.0
202606221804,172.71,172.53,172.71,172.45,22.0
202606221805,172.54,172.67,172.67,172.53,25.0
202606221806,172.66,172.6,172.67,172.6,7.0
202606221807,172.57,172.58,172.58,172.56,10.0
202606221808,172.48,172.56,172.62,172.48,8.0
202606221809,172.62,172.58,172.66,172.55,30.0
202606221810,172.67,172.75,172.75,172.63,47.0
202606221811,172.69,172.56,172.69,172.56,9.0
202606221812,172.53,172.37,172.53,172.29,13.0
202606221813,172.29,172.53,172.58,172.29,25.0
202606221814,172.59,172.68,172.73,172.47,39.0
202606221815,172.61,172.75,172.75,172.52,20.0
202606221816,172.65,172.63,172.65,172.56,21.0
202606221817,172.59,172.71,172.71,172.58,23.0
202606221818,172.76,172.88,172.94,172.73,33.0
202606221819,172.92,172.86,172.98,172.84,43.0
202606221820,172.87,172.99,172.99,172.84,15.0
202606221821,172.98,172.97,173.01,172.9,34.0
202606221822,172.9,172.85,172.92,172.76,41.0
202606221823,172.85,172.83,172.91,172.76,14.0
202606221824,172.76,172.76,172.84,172.76,19.0
202606221825,172.85,172.68,172.9,172.68,23.0
202606221826,172.76,173.02,173.02,172.68,56.0
202606221827,172.99,173.11,173.11,172.96,38.0
202606221828,173.08,173.12,173.14,173.07,12.0
202606221829,173.19,173.31,173.34,173.19,32.0
202606221830,173.31,173.22,173.31,173.21,38.0
202606221831,173.22,173.11,173.22,173.11,7.0
202606221832,173.11,173.15,173.25,173.1,19.0
202606221833,173.24,173.15,173.24,173.15,42.0
202606221834,173.24,173.33,173.4,173.24,24.0
202606221835,173.33,173.21,173.35,173.13,20.0
202606221836,173.21,173.31,173.31,173.13,25.0
202606221837,173.36,173.43,173.44,173.32,19.0
202606221838,173.4,173.47,173.47,173.33,24.0
202606221839,173.57,173.47,173.57,173.47,5.0
202606221840,173.42,173.41,173.42,173.4,2.0
202606221841,173.4,173.43,173.57,173.4,28.0
202606221842,173.47,173.54,173.55,173.46,28.0
202606221843,173.52,173.57,173.64,173.51,38.0
202606221844,173.55,173.52,173.55,173.52,12.0
202606221845,173.53,173.59,173.63,173.53,18.0
202606221846,173.54,173.57,173.59,173.54,22.0
202606221847,173.53,173.56,173.56,173.47,5.0
202606221848,173.49,173.54,173.54,173.46,36.0
202606221849,173.5,173.58,173.61,173.5,15.0
202606221850,173.61,173.57,173.63,173.51,22.0
202606221851,173.56,173.55,173.56,173.51,10.0
202606221852,173.55,173.51,173.55,173.49,19.0
202606221853,173.49,173.49,173.53,173.47,26.0
202606221854,173.46,173.42,173.46,173.42,9.0
202606221855,173.42,173.52,173.53,173.42,30.0
202606221856,173.51,173.52,173.57,173.48,57.0
202606221857,173.52,173.57,173.57,173.51,12.0
202606221858,173.55,173.68,173.7,173.52,49.0
202606221859,173.7,173.68,173.71,173.66,17.0
202606221900,173.63,173.7,173.71,173.61,20.0
202606221901,173.73,173.63,173.73,173.62,8.0
202606221902,173.62,173.67,173.67,173.62,11.0
202606221903,173.57,173.59,173.65,173.57,32.0
202606221904,173.57,173.6,173.6,173.51,83.0
202606221905,173.58,173.55,173.61,173.54,51.0
202606221906,173.55,173.53,173.56,173.5,8.0
202606221907,173.53,173.51,173.6,173.44,65.0
202606221908,173.53,173.62,173.66,173.53,66.0
202606221909,173.59,173.53,173.59,173.48,30.0
202606221910,173.55,173.78,173.78,173.55,43.0
202606221911,173.78,173.8,173.82,173.7,40.0
202606221912,173.79,173.82,173.82,173.74,12.0
202606221913,173.82,173.95,173.95,173.81,27.0
202606221914,174.0,174.23,174.25,173.97,37.0
202606221915,174.23,174.15,174.24,174.15,16.0
202606221916,174.15,174.21,174.25,174.1,18.0
202606221917,174.21,173.97,174.24,173.96,41.0
202606221918,174.0,174.0,174.07,173.99,24.0
202606221919,174.0,174.08,174.08,173.99,22.0
202606221920,174.07,174.02,174.09,173.98,50.0
202606221921,174.0,173.94,174.01,173.91,40.0
202606221922,173.92,173.84,174.01,173.83,55.0
202606221923,173.85,173.89,173.92,173.82,21.0
202606221924,173.86,173.87,173.87,173.83,15.0
202606221925,173.88,173.92,173.94,173.85,91.0
202606221926,173.92,173.78,173.97,173.78,38.0
202606221927,173.8,173.86,173.91,173.78,45.0
202606221928,173.83,173.71,173.85,173.7,32.0
202606221929,173.68,173.63,173.68,173.52,40.0
202606221930,173.67,173.26,173.67,173.26,75.0
202606221931,173.31,173.39,173.42,173.29,55.0
202606221932,173.45,173.34,173.46,173.31,28.0
202606221933,173.38,173.47,173.47,173.36,34.0
202606221934,173.49,173.52,173.57,173.45,52.0
202606221935,173.49,173.48,173.52,173.38,62.0
202606221936,173.43,173.66,173.7,173.43,45.0
202606221937,173.67,173.56,173.72,173.56,34.0
202606221938,173.53,173.51,173.56,173.45,41.0
202606221939,173.5,173.47,173.5,173.42,24.0
202606221940,173.46,173.4,173.46,173.38,33.0
202606221941,173.4,173.55,173.58,173.39,86.0
202606221942,173.55,173.6,173.61,173.49,48.0
202606221943,173.61,173.81,173.84,173.6,50.0
202606221944,173.84,173.79,173.84,173.73,60.0
202606221945,173.81,173.71,173.85,173.68,76.0
202606221946,173.76,173.81,173.91,173.75,45.0
202606221947,173.85,173.74,173.85,173.74,50.0
202606221948,173.74,173.88,173.91,173.67,83.0
202606221949,173.9,174.01,174.06,173.79,59.0
202606221950,174.0,173.84,174.04,173.68,79.0
202606221951,173.82,173.71,173.82,173.55,55.0
202606221952,173.68,173.56,173.74,173.48,118.0
202606221953,173.54,173.65,173.66,173.5,94.0
202606221954,173.68,173.53,173.72,173.53,60.0
202606221955,173.59,173.59,173.75,173.52,149.0
202606221956,173.62,173.47,173.62,173.46,222.0
202606221957,173.46,173.48,173.53,173.35,262.0
202606221958,173.47,173.42,173.47,173.36,301.0
202606221959,173.42,173.18,173.47,173.07,987.0
202606222000,173.17,173.17,173.17,173.17,11481.0
202606222001,173.17,173.17,173.17,173.17,123.0
202606222002,173.17,173.17,173.17,173.17,0.0
202606222003,173.17,173.17,173.17,173.17,0.0
202606222004,173.17,173.17,173.17,173.17,0.0
202606222005,173.17,173.17,173.17,173.17,0.0
202606222006,173.0,173.0,173.05,173.0,7.0
202606222007,173.0,173.0,173.0,173.0,0.0
202606222008,173.0,173.0,173.0,173.0,0.0
202606222009,173.0,173.0,173.0,173.0,0.0
202606222010,173.01,173.01,173.01,173.01,1.0
202606222011,173.01,173.01,173.01,173.01,0.0
202606222012,173.01,173.01,173.01,173.01,0.0
202606222013,173.01,173.01,173.01,173.01,0.0
202606222014,173.01,173.01,173.01,173.01,2.0
202606222015,173.01,173.01,173.01,173.01,0.0
202606222016,173.01,173.01,173.01,173.01,0.0
202606222017,173.01,173.01,173.01,173.01,0.0
202606222018,173.01,173.01,173.01,173.01,0.0
202606222019,173.01,173.01,173.01,173.01,0.0
202606222020,173.01,173.01,173.01,173.01,0.0
202606222021,173.01,173.01,173.01,173.01,0.0
202606222022,173.01,173.01,173.01,173.01,0.0
202606222023,173.01,173.01,173.01,173.01,0.0
202606222024,173.01,173.01,173.01,173.01,0.0
202606222025,173.01,173.01,173.01,173.01,0.0
202606222026,173.01,173.01,173.01,173.01,0.0
202606222027,173.01,173.01,173.01,173.01,0.0
202606222028,173.01,173.01,173.01,173.01,0.0
202606222029,173.01,173.01,173.01,173.01,0.0
202606222030,173.01,173.01,173.01,173.01,0.0
202606222031,173.01,173.01,173.01,173.01,0.0
202606222032,173.01,173.01,173.01,173.01,0.0
202606222033,173.01,173.01,173.01,173.01,0.0
202606222034,173.01,173.01,173.01,173.01,0.0
202606222035,173.01,173.01,173.01,173.01,0.0
202606222036,173.01,173.01,173.01,173.01,0.0
202606222037,173.01,173.01,173.01,173.01,0.0
202606222038,173.01,173.01,173.01,173.01,0.0
202606222039,173.01,173.01,173.01,173.01,0.0
202606222040,173.01,173.01,173.01,173.01,0.0
202606222041,173.01,173.01,173.01,173.01,0.0
202606222042,173.01,173.01,173.01,173.01,0.0
202606222043,173.01,173.01,173.01,173.01,0.0
202606222044,173.01,173.01,173.01,173.01,0.0
202606222045,173.01,173.01,173.01,173.01,0.0
202606222046,173.01,173.01,173.01,173.01,0.0
202606222047,173.01,173.01,173.01,173.01,0.0
202606222048,173.01,173.01,173.01,173.01,0.0
202606222049,173.01,173.01,173.01,173.01,0.0
202606222050,173.01,173.01,173.01,173.01,0.0
202606222051,173.01,173.01,173.01,173.01,0.0
202606222052,173.01,173.01,173.01,173.01,0.0
202606222053,173.01,173.01,173.01,173.01,0.0
202606222054,173.01,173.01,173.01,173.01,0.0
202606222055,173.01,173.01,173.01,173.01,0.0
202606222056,173.01,173.01,173.01,173.01,0.0
202606222057,173.01,173.01,173.01,173.01,0.0
202606222058,173.01,173.01,173.01,173.01,0.0
202606222059,173.01,173.01,173.01,173.01,0.0
202606222100,173.01,173.01,173.01,173.01,0.0
202606222101,173.01,173.01,173.01,173.01,0.0
202606222102,173.01,173.01,173.01,173.01,0.0
202606222103,173.01,173.01,173.01,173.01,0.0
202606222104,173.01,173.01,173.01,173.01,0.0
202606222105,173.01,173.01,173.01,173.01,0.0
202606222106,173.01,173.01,173.01,173.01,0.0
202606222107,173.01,173.01,173.01,173.01,0.0
202606222108,173.01,173.01,173.01,173.01,0.0
202606222109,173.01,173.01,173.01,173.01,0.0
202606222110,173.01,173.01,173.01,173.01,0.0
202606222111,173.01,173.01,173.01,173.01,0.0
202606222112,173.01,173.01,173.01,173.01,0.0
202606222113,173.01,173.01,173.01,173.01,0.0
202606222114,173.01,173.01,173.01,173.01,0.0
202606222115,173.01,173.01,173.01,173.01,0.0
202606222116,173.01,173.01,173.01,173.01,0.0
202606222117,173.01,173.01,173.01,173.01,0.0
202606222118,173.01,173.01,173.01,173.01,0.0
202606222119,173.01,173.01,173.01,173.01,0.0
202606222120,173.01,173.01,173.01,173.01,0.0
202606222121,173.01,173.01,173.01,173.01,0.0
202606222122,173.01,173.01,173.01,173.01,0.0
202606222123,173.01,173.01,173.01,173.01,0.0
202606222124,173.01,173.01,173.01,173.01,0.0
202606222125,173.01,173.01,173.01,173.01,0.0
202606222126,173.01,173.01,173.01,173.01,0.0
202606222127,173.01,173.01,173.01,173.01,0.0
202606222128,173.01,173.01,173.01,173.01,0.0
202606222129,173.01,173.01,173.01,173.01,0.0
202606222130,173.01,173.01,173.01,173.01,0.0
202606222131,173.01,173.01,173.01,173.01,0.0
202606222132,173.01,173.01,173.01,173.01,0.0
202606222133,173.01,173.01,173.01,173.01,0.0
202606222134,173.01,173.01,173.01,173.01,0.0
202606222135,173.01,173.01,173.01,173.01,0.0
202606222136,173.01,173.01,173.01,173.01,0.0
202606222137,173.01,173.01,173.01,173.01,0.0
202606222138,173.01,173.01,173.01,173.01,0.0
202606222139,173.01,173.01,173.01,173.01,0.0
202606222140,173.01,173.01,173.01,173.01,0.0
202606222141,173.01,173.01,173.01,173.01,0.0
202606222142,173.01,173.01,173.01,173.01,0.0
202606222143,173.01,173.01,173.01,173.01,0.0
202606222144,173.01,173.01,173.01,173.01,0.0
202606222145,173.01,173.01,173.01,173.01,0.0
202606222146,173.01,173.01,173.01,173.01,0.0
202606222147,173.01,173.01,173.01,173.01,0.0
202606222148,173.01,173.01,173.01,173.01,0.0
202606222149,173.01,173.01,173.01,173.01,0.0
202606222150,173.01,173.01,173.01,173.01,0.0
202606222151,173.01,173.01,173.01,173.01,0.0
202606222152,173.01,173.01,173.01,173.01,0.0
202606222153,173.01,173.01,173.01,173.01,0.0
202606222154,173.01,173.01,173.01,173.01,0.0
202606222155,173.01,173.01,173.01,173.01,0.0
202606222156,173.01,173.01,173.01,173.01,0.0
202606222157,173.01,173.01,173.01,173.01,0.0
202606222158,173.01,173.01,173.01,173.01,0.0
202606222159,173.01,173.01,173.01,173.01,0.0
202606222200,173.01,173.01,173.01,173.01,0.0
202606222201,173.01,173.01,173.01,173.01,0.0
202606222202,173.01,173.01,173.01,173.01,0.0
202606222203,173.01,173.01,173.01,173.01,0.0
202606222204,173.01,173.01,173.01,173.01,0.0
202606222205,173.01,173.01,173.01,173.01,0.0
202606222206,173.01,173.01,173.01,173.01,0.0
202606222207,173.01,173.01,173.01,173.01,0.0
202606222208,173.01,173.01,173.01,173.01,0.0
202606222209,173.01,173.01,173.01,173.01,0.0
202606222210,173.01,173.01,173.01,173.01,0.0
202606222211,173.01,173.01,173.01,173.01,0.0
202606222212,173.01,173.01,173.01,173.01,0.0
202606222213,173.01,173.01,173.01,173.01,0.0
202606222214,173.01,173.01,173.01,173.01,0.0
202606222215,173.01,173.01,173.01,173.01,0.0
202606222216,173.01,173.01,173.01,173.01,0.0
202606222217,173.01,173.01,173.01,173.01,0.0
202606222218,173.01,173.01,173.01,173.01,0.0
202606222219,173.01,173.01,173.01,173.01,0.0
202606222220,173.01,173.01,173.01,173.01,0.0
202606222221,173.01,173.01,173.01,173.01,0.0
202606222222,173.01,173.01,173.01,173.01,0.0
202606222223,173.01,173.01,173.01,173.01,0.0
202606222224,173.01,173.01,173.01,173.01,0.0
202606222225,173.01,173.01,173.01,173.01,0.0
202606222226,173.01,173.01,173.01,173.01,0.0
202606222227,173.01,173.01,173.01,173.01,0.0
202606222228,173.01,173.01,173.01,173.01,0.0
202606222229,173.01,173.01,173.01,173.01,0.0
202606222230,173.01,173.01,173.01,173.01,0.0
202606222231,173.01,173.01,173.01,173.01,0.0
202606222232,173.01,173.01,173.01,173.01,0.0
202606222233,173.01,173.01,173.01,173.01,0.0
202606222234,173.01,173.01,173.01,173.01,0.0
202606222235,173.01,173.01,173.01,173.01,0.0
202606222236,173.01,173.01,173.01,173.01,0.0
202606222237,173.01,173.01,173.01,173.01,0.0
202606222238,173.01,173.01,173.01,173.01,0.0
202606222239,173.01,173.01,173.01,173.01,0.0
202606222240,173.01,173.01,173.01,173.01,0.0
202606222241,173.01,173.01,173.01,173.01,0.0
202606222242,173.01,173.01,173.01,173.01,0.0
202606222243,173.01,173.01,173.01,173.01,0.0
202606222244,173.01,173.01,173.01,173.01,0.0
202606222245,173.01,173.01,173.01,173.01,0.0
202606222246,173.01,173.01,173.01,173.01,0.0
202606222247,173.01,173.01,173.01,173.01,0.0
202606222248,173.01,173.01,173.01,173.01,0.0
202606222249,173.01,173.01,173.01,173.01,0.0
202606222250,173.01,173.01,173.01,173.01,0.0
202606222251,173.01,173.01,173.01,173.01,0.0
202606222252,173.01,173.01,173.01,173.01,0.0
202606222253,173.01,173.01,173.01,173.01,0.0
202606222254,173.01,173.01,173.01,173.01,0.0
202606222255,173.01,173.01,173.01,173.01,0.0
202606222256,173.01,173.01,173.01,173.01,0.0
202606222257,173.01,173.01,173.01,173.01,0.0
202606222258,173.01,173.01,173.01,173.01,0.0
202606222259,173.01,173.01,173.01,173.01,0.0
202606222300,173.01,173.01,173.01,173.01,0.0
202606222301,173.01,173.01,173.01,173.01,0.0
202606222302,173.01,173.01,173.01,173.01,0.0
202606222303,173.01,173.01,173.01,173.01,0.0
202606222304,173.01,173.01,173.01,173.01,0.0
202606222305,173.01,173.01,173.01,173.01,0.0
202606222306,173.01,173.01,173.01,173.01,0.0
202606222307,173.01,173.01,173.01,173.01,0.0
202606222308,173.01,173.01,173.01,173.01,0.0
202606222309,173.01,173.01,173.01,173.01,0.0
202606222310,173.01,173.01,173.01,173.01,0.0
202606222311,173.01,173.01,173.01,173.01,0.0
202606222312,173.01,173.01,173.01,173.01,0.0
202606222313,173.01,173.01,173.01,173.01,0.0
202606222314,173.01,173.01,173.01,173.01,0.0
202606222315,173.01,173.01,173.01,173.01,0.0
202606222316,173.01,173.01,173.01,173.01,0.0
202606222317,173.01,173.01,173.01,173.01,0.0
202606222318,173.01,173.01,173.01,173.01,0.0
202606222319,173.01,173.01,173.01,173.01,0.0
202606222320,173.01,173.01,173.01,173.01,0.0
202606222321,173.01,173.01,173.01,173.01,0.0
202606222322,173.01,173.01,173.01,173.01,0.0
202606222323,173.01,173.01,173.01,173.01,0.0
202606222324,173.01,173.01,173.01,173.01,0.0
202606222325,173.01,173.01,173.01,173.01,0.0
202606222326,173.01,173.01,173.01,173.01,0.0
202606222327,173.01,173.01,173.01,173.01,0.0
202606222328,173.01,173.01,173.01,173.01,0.0
202606222329,173.01,173.01,173.01,173.01,0.0
202606222330,173.01,173.01,173.01,173.01,0.0
202606222331,173.01,173.01,173.01,173.01,0.0
202606222332,173.01,173.01,173.01,173.01,0.0
202606222333,173.01,173.01,173.01,173.01,0.0
202606222334,173.01,173.01,173.01,173.01,0.0
202606222335,173.01,173.01,173.01,173.01,0.0
202606222336,173.01,173.01,173.01,173.01,0.0
202606222337,173.01,173.01,173.01,173.01,0.0
202606222338,173.01,173.01,173.01,173.01,0.0
202606222339,173.01,173.01,173.01,173.01,0.0
202606222340,173.01,173.01,173.01,173.01,0.0
202606222341,173.01,173.01,173.01,173.01,0.0
202606222342,173.01,173.01,173.01,173.01,0.0
202606222343,173.01,173.01,173.01,173.01,0.0
202606222344,173.01,173.01,173.01,173.01,0.0
202606222345,173.01,173.01,173.01,173.01,0.0
202606222346,173.01,173.01,173.01,173.01,0.0
202606222347,173.01,173.01,173.01,173.01,0.0
202606222348,173.01,173.01,173.01,173.01,0.0
202606222349,173.01,173.01,173.01,173.01,0.0
202606222350,173.01,173.01,173.01,173.01,0.0
202606222351,173.01,173.01,173.01,173.01,0.0
202606222352,173.01,173.01,173.01,173.01,0.0
202606222353,173.01,173.01,173.01,173.01,0.0
202606222354,173.01,173.01,173.01,173.01,0.0
202606222355,173.01,173.01,173.01,173.01,0.0
202606222356,173.01,173.01,173.01,173.01,0.0
202606222357,173.01,173.01,173.01,173.01,0.0
202606222358,173.01,173.01,173.01,173.01,0.0
202606222359,173.01,173.01,173.01,173.01,0.0
202606230810,174.76,174.76,174.76,174.76,1.0
202606230811,174.76,174.76,174.76,174.76,0.0
202606230812,174.76,174.76,174.76,174.76,0.0
202606230813,174.76,174.76,174.76,174.76,0.0
202606230814,174.76,174.76,174.76,174.76,0.0
202606230815,174.76,174.76,174.76,174.76,0.0
202606230816,174.76,174.76,174.76,174.76,0.0
202606230817,174.76,174.76,174.76,174.76,0.0
202606230818,174.76,174.76,174.76,174.76,0.0
202606230819,174.76,174.76,174.76,174.76,0.0
202606230820,174.76,174.76,174.76,174.76,0.0
202606230821,174.76,174.76,174.76,174.76,0.0
202606230822,174.76,174.76,174.76,174.76,0.0
202606230823,174.76,174.76,174.76,174.76,0.0
202606230824,174.76,174.76,174.76,174.76,0.0
202606230825,174.76,174.76,174.76,174.76,0.0
202606230826,174.76,174.76,174.76,174.76,0.0
202606230827,174.76,174.76,174.76,174.76,0.0
202606230828,174.76,174.76,174.76,174.76,0.0
202606230829,174.76,174.76,174.76,174.76,0.0
202606230830,174.76,174.76,174.76,174.76,0.0
202606230831,174.76,174.76,174.76,174.76,0.0
202606230832,174.76,174.76,174.76,174.76,0.0
202606230833,174.76,174.76,174.76,174.76,0.0
202606230834,174.76,174.76,174.76,174.76,0.0
202606230835,174.76,174.76,174.76,174.76,0.0
202606230836,174.76,174.76,174.76,174.76,0.0
202606230837,174.76,174.76,174.76,174.76,0.0
202606230838,174.76,174.76,174.76,174.76,0.0
202606230839,174.76,174.76,174.76,174.76,0.0
202606230840,174.76,174.76,174.76,174.76,0.0
202606230841,174.76,174.76,174.76,174.76,0.0
202606230842,174.76,174.76,174.76,174.76,0.0
202606230843,174.76,174.76,174.76,174.76,0.0
202606230844,174.76,174.76,174.76,174.76,0.0
202606230845,174.76,174.76,174.76,174.76,0.0
202606230846,174.76,174.76,174.76,174.76,0.0
202606230847,174.76,174.76,174.76,174.76,0.0
202606230848,174.76,174.76,174.76,174.76,0.0
202606230849,174.76,174.76,174.76,174.76,0.0
202606230850,174.76,174.76,174.76,174.76,0.0
202606230851,174.76,174.76,174.76,174.76,0.0
202606230852,174.76,174.76,174.76,174.76,0.0
202606230853,174.76,174.76,174.76,174.76,0.0
202606230854,174.76,174.76,174.76,174.76,0.0
202606230855,174.76,174.76,174.76,174.76,0.0
202606230856,174.76,174.76,174.76,174.76,0.0
202606230857,175.48,175.48,175.48,175.48,1.0
202606230858,175.48,175.48,175.48,175.48,0.0
202606230859,175.48,175.48,175.48,175.48,0.0
202606230900,175.48,175.48,175.48,175.48,0.0
202606230901,175.48,175.48,175.48,175.48,0.0
202606230902,175.48,175.48,175.48,175.48,0.0
202606230903,175.48,175.48,175.48,175.48,0.0
202606230904,175.48,175.48,175.48,175.48,0.0
202606230905,175.48,175.48,175.48,175.48,0.0
202606230906,175.48,175.48,175.48,175.48,0.0
202606230907,175.48,175.48,175.48,175.48,0.0
202606230908,175.48,175.48,175.48,175.48,0.0
202606230909,175.48,175.48,175.48,175.48,0.0
202606230910,175.48,175.48,175.48,175.48,0.0
202606230911,175.48,175.48,175.48,175.48,0.0
202606230912,175.48,175.48,175.48,175.48,0.0
202606230913,175.48,175.48,175.48,175.48,0.0
202606230914,175.48,175.48,175.48,175.48,0.0
202606230915,175.48,175.48,175.48,175.48,0.0
202606230916,175.48,175.48,175.48,175.48,0.0
202606230917,175.48,175.48,175.48,175.48,0.0
202606230918,175.48,175.48,175.48,175.48,0.0
202606230919,175.48,175.48,175.48,175.48,0.0
202606230920,175.48,175.48,175.48,175.48,0.0
202606230921,175.48,175.48,175.48,175.48,1.0
202606230922,175.48,175.48,175.48,175.48,0.0
202606230923,175.48,175.48,175.48,175.48,0.0
202606230924,175.48,175.48,175.48,175.48,0.0
202606230925,175.48,175.48,175.48,175.48,0.0
202606230926,175.48,175.48,175.48,175.48,0.0
202606230927,175.48,175.48,175.48,175.48,0.0
202606230928,175.48,175.48,175.48,175.48,0.0
202606230929,175.48,175.48,175.48,175.48,0.0
202606230930,175.48,175.48,175.48,175.48,0.0
202606230931,175.48,175.48,175.48,175.48,0.0
202606230932,175.48,175.48,175.48,175.48,0.0
202606230933,175.48,175.48,175.48,175.48,0.0
202606230934,175.48,175.48,175.48,175.48,0.0
202606230935,175.48,175.48,175.48,175.48,0.0
202606230936,175.48,175.48,175.48,175.48,0.0
202606230937,175.48,175.48,175.48,175.48,0.0
202606230938,175.48,175.48,175.48,175.48,0.0
202606230939,175.48,175.48,175.48,175.48,0.0
202606230940,175.48,175.48,175.48,175.48,0.0
202606230941,175.48,175.48,175.48,175.48,0.0
202606230942,175.48,175.48,175.48,175.48,0.0
202606230943,175.48,175.48,175.48,175.48,0.0
202606230944,175.48,175.48,175.48,175.48,0.0
202606230945,175.48,175.48,175.48,175.48,0.0
202606230946,175.48,175.48,175.48,175.48,0.0
202606230947,175.48,175.48,175.48,175.48,0.0
202606230948,175.48,175.48,175.48,175.48,0.0
202606230949,175.48,175.48,175.48,175.48,0.0
202606230950,175.48,175.48,175.48,175.48,0.0
202606230951,175.48,175.48,175.48,175.48,0.0
202606230952,175.48,175.48,175.48,175.48,0.0
202606230953,175.48,175.48,175.48,175.48,0.0
202606230954,175.48,175.48,175.48,175.48,0.0
202606230955,175.48,175.48,175.48,175.48,0.0
202606230956,175.48,175.48,175.48,175.48,0.0
202606230957,175.48,175.48,175.48,175.48,0.0
202606230958,175.48,175.48,175.48,175.48,0.0
202606230959,175.48,175.48,175.48,175.48,0.0
202606231000,175.48,175.48,175.48,175.48,0.0
202606231001,175.48,175.48,175.48,175.48,0.0
202606231002,175.48,175.48,175.48,175.48,0.0
202606231003,175.48,175.48,175.48,175.48,0.0
202606231004,175.48,175.48,175.48,175.48,0.0
202606231005,175.48,175.48,175.48,175.48,0.0
202606231006,175.48,175.48,175.48,175.48,0.0
202606231007,175.48,175.48,175.48,175.48,0.0
202606231008,175.48,175.48,175.48,175.48,0.0
202606231009,175.48,175.48,175.48,175.48,0.0
202606231010,175.48,175.48,175.48,175.48,0.0
202606231011,175.48,175.48,175.48,175.48,0.0
202606231012,175.48,175.48,175.48,175.48,0.0
202606231013,175.48,175.48,175.48,175.48,0.0
202606231014,175.48,175.48,175.48,175.48,0.0
202606231015,175.48,175.48,175.48,175.48,0.0
202606231016,175.48,175.48,175.48,175.48,0.0
202606231017,175.48,175.48,175.48,175.48,0.0
202606231018,175.48,175.48,175.48,175.48,0.0
202606231019,175.48,175.48,175.48,175.48,0.0
202606231020,175.48,175.48,175.48,175.48,0.0
202606231021,175.48,175.48,175.48,175.48,0.0
202606231022,175.48,175.48,175.48,175.48,0.0
202606231023,175.48,175.48,175.48,175.48,0.0
202606231024,175.48,175.48,175.48,175.48,0.0
202606231025,175.48,175.48,175.48,175.48,0.0
202606231026,175.48,175.48,175.48,175.48,0.0
202606231027,175.48,175.48,175.48,175.48,0.0
202606231028,175.48,175.48,175.48,175.48,0.0
202606231029,175.48,175.48,175.48,175.48,0.0
202606231030,175.48,175.48,175.48,175.48,0.0
202606231031,175.48,175.48,175.48,175.48,0.0
202606231032,175.48,175.48,175.48,175.48,0.0
202606231033,175.48,175.48,175.48,175.48,0.0
202606231034,175.48,175.48,175.48,175.48,0.0
202606231035,175.48,175.48,175.48,175.48,0.0
202606231036,175.48,175.48,175.48,175.48,0.0
202606231037,175.48,175.48,175.48,175.48,0.0
202606231038,175.48,175.48,175.48,175.48,0.0
202606231039,175.89,175.9,175.9,175.89,4.0
202606231040,175.9,175.9,175.9,175.9,0.0
202606231041,175.9,175.9,175.9,175.9,0.0
202606231042,175.9,175.9,175.9,175.9,0.0
202606231043,175.9,175.9,175.9,175.9,0.0
202606231044,175.9,175.9,175.9,175.9,0.0
202606231045,175.9,176.0,176.0,175.9,2.0
202606231046,175.98,175.98,175.98,175.98,2.0
202606231047,175.98,175.98,175.98,175.98,0.0
202606231048,175.98,175.98,175.98,175.98,0.0
202606231049,175.98,175.98,175.98,175.98,0.0
202606231050,175.98,175.98,175.98,175.98,0.0
202606231051,175.98,175.98,175.98,175.98,0.0
202606231052,175.98,175.98,175.98,175.98,0.0
202606231053,175.98,175.98,175.98,175.98,0.0
202606231054,175.98,175.98,175.98,175.98,0.0
202606231055,176.01,176.0,176.03,176.0,11.0
202606231056,176.0,176.0,176.0,176.0,0.0
202606231057,176.0,176.0,176.0,176.0,0.0
202606231058,176.0,176.0,176.0,176.0,0.0
202606231059,176.0,176.0,176.0,176.0,0.0
202606231100,176.01,176.01,176.01,176.01,3.0
202606231101,176.01,176.01,176.01,176.01,0.0
202606231102,176.01,176.01,176.01,176.01,0.0
202606231103,176.01,176.01,176.01,176.01,0.0
202606231104,176.01,176.01,176.01,176.01,0.0
202606231105,176.01,176.01,176.01,176.01,0.0
202606231106,176.01,176.01,176.01,176.01,0.0
202606231107,176.01,176.01,176.01,176.01,0.0
202606231108,176.01,176.01,176.01,176.01,0.0
202606231109,176.01,176.01,176.01,176.01,0.0
202606231110,176.01,176.01,176.01,176.01,0.0
202606231111,176.01,176.01,176.01,176.01,0.0
202606231112,176.01,176.01,176.01,176.01,0.0
202606231113,176.01,176.01,176.01,176.01,0.0
202606231114,176.03,176.03,176.03,176.03,4.0
202606231115,176.03,176.03,176.03,176.03,0.0
202606231116,176.03,176.03,176.03,176.03,0.0
202606231117,176.03,176.03,176.03,176.03,0.0
202606231118,176.03,176.03,176.03,176.03,0.0
202606231119,176.03,176.03,176.03,176.03,0.0
202606231120,176.03,176.03,176.03,176.03,0.0
202606231121,176.03,176.03,176.03,176.03,0.0
202606231122,176.03,176.03,176.03,176.03,0.0
202606231123,176.03,176.03,176.03,176.03,0.0
202606231124,176.03,176.03,176.03,176.03,0.0
202606231125,176.03,176.03,176.03,176.03,0.0
202606231126,176.03,176.03,176.03,176.03,0.0
202606231127,176.03,176.03,176.03,176.03,0.0
202606231128,176.03,176.03,176.03,176.03,0.0
202606231129,176.03,176.03,176.03,176.03,0.0
202606231130,176.03,176.03,176.03,176.03,0.0
202606231131,176.6,176.6,176.6,176.6,8.0
202606231132,176.6,176.6,176.6,176.6,0.0
202606231133,176.6,176.6,176.6,176.6,0.0
202606231134,176.6,176.6,176.6,176.6,0.0
202606231135,176.6,176.6,176.6,176.6,0.0
202606231136,176.6,176.6,176.6,176.6,0.0
202606231137,176.6,176.6,176.6,176.6,0.0
202606231138,176.6,176.6,176.6,176.6,0.0
202606231139,176.6,176.6,176.6,176.6,0.0
202606231140,176.6,176.6,176.6,176.6,0.0
202606231141,176.6,176.6,176.6,176.6,0.0
202606231142,176.6,176.6,176.6,176.6,0.0
202606231143,176.6,176.6,176.6,176.6,0.0
202606231144,176.6,176.6,176.6,176.6,0.0
202606231145,176.6,176.6,176.6,176.6,0.0
202606231146,176.6,176.6,176.6,176.6,0.0
202606231147,176.6,176.6,176.6,176.6,0.0
202606231148,176.6,176.6,176.6,176.6,0.0
202606231149,176.6,176.6,176.6,176.6,0.0
202606231150,176.6,176.6,176.6,176.6,0.0
202606231151,176.6,176.6,176.6,176.6,0.0
202606231152,176.53,176.53,176.53,176.53,1.0
202606231153,176.53,176.53,176.53,176.53,0.0
202606231154,176.53,176.53,176.53,176.53,0.0
202606231155,176.53,176.53,176.53,176.53,1.0
202606231156,176.45,176.45,176.45,176.45,1.0
202606231157,176.45,176.45,176.45,176.45,0.0
202606231158,176.45,176.45,176.45,176.45,0.0
202606231159,176.45,176.45,176.45,176.45,0.0
202606231200,176.45,176.45,176.45,176.45,0.0
202606231201,176.45,176.45,176.45,176.45,0.0
202606231202,176.45,176.45,176.45,176.45,0.0
202606231203,176.45,176.45,176.45,176.45,0.0
202606231204,176.45,176.45,176.45,176.45,0.0
202606231205,176.45,176.45,176.45,176.45,0.0
202606231206,176.15,176.15,176.15,176.15,1.0
202606231207,176.15,176.15,176.15,176.15,0.0
202606231208,176.15,176.15,176.15,176.15,0.0
202606231209,176.15,176.15,176.15,176.15,0.0
202606231210,176.15,176.15,176.15,176.15,0.0
202606231211,176.15,176.15,176.15,176.15,0.0
202606231212,176.15,176.15,176.15,176.15,0.0
202606231213,176.15,176.15,176.15,176.15,0.0
202606231214,176.15,176.15,176.15,176.15,0.0
202606231215,176.15,176.15,176.15,176.15,0.0
202606231216,176.15,176.15,176.15,176.15,0.0
202606231217,176.15,176.15,176.15,176.15,0.0
202606231218,176.15,176.15,176.15,176.15,0.0
202606231219,176.15,176.15,176.15,176.15,0.0
202606231220,176.15,176.15,176.15,176.15,0.0
202606231221,176.15,176.15,176.15,176.15,0.0
202606231222,176.15,176.15,176.15,176.15,0.0
202606231223,176.15,176.15,176.15,176.15,0.0
202606231224,176.15,176.15,176.15,176.15,0.0
202606231225,176.15,176.15,176.15,176.15,0.0
202606231226,176.15,176.15,176.15,176.15,1.0
202606231227,176.15,176.15,176.15,176.15,0.0
202606231228,176.15,176.15,176.15,176.15,0.0
202606231229,176.8,176.8,176.8,176.8,4.0
202606231230,176.8,176.8,176.8,176.8,0.0
202606231231,176.8,176.8,176.8,176.8,0.0
202606231232,176.8,176.8,176.8,176.8,0.0
202606231233,176.8,176.8,176.8,176.8,0.0
202606231234,176.55,176.55,176.55,176.55,1.0
202606231235,176.55,176.55,176.55,176.55,0.0
202606231236,176.55,176.55,176.55,176.55,0.0
202606231237,176.55,176.55,176.55,176.55,0.0
202606231238,176.55,176.55,176.55,176.55,0.0
202606231239,176.55,176.55,176.55,176.55,0.0
202606231240,176.55,176.55,176.55,176.55,0.0
202606231241,176.55,176.55,176.55,176.55,0.0
202606231242,176.55,176.55,176.55,176.55,0.0
202606231243,176.55,176.55,176.55,176.55,0.0
202606231244,176.55,176.55,176.55,176.55,0.0
202606231245,176.55,176.55,176.55,176.55,0.0
202606231246,176.55,176.55,176.55,176.55,0.0
202606231247,176.55,176.55,176.55,176.55,0.0
202606231248,176.55,176.55,176.55,176.55,0.0
202606231249,176.55,176.55,176.55,176.55,0.0
202606231250,176.55,176.55,176.55,176.55,0.0
202606231251,176.55,176.55,176.55,176.55,0.0
202606231252,176.55,176.55,176.55,176.55,0.0
202606231253,176.55,176.55,176.55,176.55,0.0
202606231254,176.55,176.55,176.55,176.55,0.0
202606231255,176.55,176.55,176.55,176.55,0.0
202606231256,176.55,176.55,176.55,176.55,0.0
202606231257,176.55,176.55,176.55,176.55,0.0
202606231258,176.55,176.55,176.55,176.55,0.0
202606231259,176.55,176.55,176.55,176.55,0.0
202606231300,176.55,176.55,176.55,176.55,0.0
202606231301,176.55,176.55,176.55,176.55,0.0
202606231302,176.55,176.55,176.55,176.55,0.0
202606231303,176.55,176.55,176.55,176.55,0.0
202606231304,176.55,176.55,176.55,176.55,0.0
202606231305,176.55,176.55,176.55,176.55,0.0
202606231306,176.55,176.55,176.55,176.55,0.0
202606231307,176.55,176.55,176.55,176.55,0.0
202606231308,176.55,176.55,176.55,176.55,0.0
202606231309,176.55,176.55,176.55,176.55,0.0
202606231310,176.55,176.55,176.55,176.55,0.0
202606231311,176.55,176.55,176.55,176.55,0.0
202606231312,176.55,176.55,176.55,176.55,0.0
202606231313,176.55,176.55,176.55,176.55,0.0
202606231314,176.55,176.55,176.55,176.55,0.0
202606231315,176.55,176.55,176.55,176.55,0.0
202606231316,176.55,176.55,176.55,176.55,0.0
202606231317,176.55,176.55,176.55,176.55,0.0
202606231318,176.55,176.55,176.55,176.55,0.0
202606231319,176.55,176.55,176.55,176.55,0.0
202606231320,176.55,176.55,176.55,176.55,0.0
202606231321,176.55,176.55,176.55,176.55,0.0
202606231322,176.55,176.55,176.55,176.55,0.0
202606231323,176.55,176.55,176.55,176.55,0.0
202606231324,176.55,176.55,176.55,176.55,0.0
202606231325,176.55,176.55,176.55,176.55,0.0
202606231326,176.16,176.16,176.16,176.16,1.0
202606231327,177.35,177.5,177.5,177.35,8.0
202606231328,176.65,176.75,176.76,176.65,6.0
202606231329,177.8,178.0,178.0,177.8,11.0
202606231330,177.67,176.54,177.99,176.36,541.0
202606231331,176.27,176.69,176.99,176.03,69.0
202606231332,176.66,176.14,176.66,176.0,48.0
202606231333,175.7,176.69,176.69,175.61,27.0
202606231334,176.72,176.12,176.85,176.11,37.0
202606231335,176.11,176.53,176.53,175.7,42.0
202606231336,176.3,175.94,176.3,175.94,8.0
202606231337,176.06,176.57,176.57,176.06,19.0
202606231338,176.49,176.27,176.49,176.15,73.0
202606231339,176.18,175.93,176.18,175.64,29.0
202606231340,175.81,175.79,176.0,175.73,39.0
202606231341,175.69,176.56,176.59,175.69,57.0
202606231342,176.46,176.81,176.81,176.46,7.0
202606231343,176.91,177.5,177.51,176.62,174.0
202606231344,177.48,177.22,177.59,177.22,19.0
202606231345,177.78,178.35,178.5,177.78,93.0
202606231346,178.51,178.16,178.51,177.76,435.0
202606231347,178.05,177.9,178.16,177.82,22.0
202606231348,177.75,177.93,178.0,177.74,24.0
202606231349,178.06,178.01,178.14,177.81,58.0
202606231350,178.09,178.43,178.6,178.09,89.0
202606231351,178.5,178.13,178.5,178.13,68.0
202606231352,178.12,178.34,178.38,178.11,50.0
202606231353,178.4,178.1,178.46,178.1,18.0
202606231354,178.38,178.87,178.87,178.24,44.0
202606231355,178.7,178.52,178.7,178.44,31.0
202606231356,178.44,178.5,178.66,178.38,20.0
202606231357,178.51,178.41,178.51,178.25,18.0
202606231358,178.32,178.03,178.41,178.03,12.0
202606231359,178.03,178.15,178.19,177.97,10.0
202606231400,178.1,178.47,178.49,178.0,31.0
202606231401,178.38,178.48,178.48,178.24,33.0
202606231402,178.49,178.28,178.49,178.27,20.0
202606231403,178.28,178.51,178.52,178.24,40.0
202606231404,178.45,178.4,178.45,178.4,4.0
202606231405,178.4,178.21,178.46,178.06,33.0
202606231406,178.18,178.18,178.25,178.17,31.0
202606231407,178.14,178.4,178.42,178.14,51.0
202606231408,178.4,178.38,178.48,178.38,15.0
202606231409,178.36,178.26,178.42,178.22,33.0
202606231410,178.23,178.25,178.33,178.14,73.0
202606231411,178.35,178.17,178.47,178.14,74.0
202606231412,178.17,178.18,178.18,178.02,15.0
202606231413,178.15,178.12,178.25,178.04,61.0
202606231414,178.07,178.08,178.17,177.91,51.0
202606231415,178.08,177.99,178.08,177.92,26.0
202606231416,177.98,177.83,178.07,177.82,77.0
202606231417,177.82,177.84,177.94,177.75,52.0
202606231418,177.95,177.74,177.99,177.74,35.0
202606231419,177.81,178.04,178.06,177.6,249.0
202606231420,178.02,178.11,178.2,178.01,67.0
202606231421,178.29,178.17,178.29,178.17,8.0
202606231422,178.21,178.0,178.26,177.82,389.0
202606231423,177.99,178.27,178.27,177.99,35.0
202606231424,178.18,178.18,178.31,178.03,42.0
202606231425,178.18,178.25,178.32,177.98,213.0
202606231426,178.34,178.28,178.35,178.2,19.0
202606231427,178.28,178.05,178.28,178.05,567.0
202606231428,177.98,177.97,178.05,177.82,20.0
202606231429,177.91,178.15,178.15,177.91,16.0
202606231430,178.07,178.19,178.28,178.05,143.0
202606231431,178.19,178.37,178.44,178.18,54.0
202606231432,178.4,178.6,178.6,178.4,25.0
202606231433,178.6,178.49,178.6,178.49,50.0
202606231434,178.4,178.45,178.46,178.28,36.0
202606231435,178.38,178.49,178.67,178.38,38.0
202606231436,178.5,178.44,178.56,178.35,21.0
202606231437,178.56,178.6,178.6,178.37,20.0
202606231438,178.52,178.82,178.82,178.5,24.0
202606231439,178.77,178.73,178.77,178.73,7.0
202606231440,178.73,178.83,178.91,178.73,29.0
202606231441,178.71,178.83,178.83,178.71,17.0
202606231442,178.82,178.78,178.89,178.7,44.0
202606231443,178.78,178.76,178.89,178.7,16.0
202606231444,178.81,178.81,178.85,178.76,45.0
202606231445,178.67,178.63,178.83,178.6,20.0
202606231446,178.61,178.65,178.66,178.61,16.0
202606231447,178.78,178.63,178.84,178.59,56.0
202606231448,178.56,178.59,178.59,178.5,18.0
202606231449,178.56,178.53,178.64,178.43,22.0
202606231450,178.53,178.53,178.62,178.52,66.0
202606231451,178.53,178.55,178.55,178.4,65.0
202606231452,178.49,178.31,178.51,178.28,24.0
202606231453,178.34,178.47,178.47,178.29,12.0
202606231454,178.42,178.42,178.45,178.38,6.0
202606231455,178.37,178.42,178.56,178.37,17.0
202606231456,178.42,178.58,178.58,178.42,43.0
202606231457,178.59,178.27,178.64,178.23,50.0
202606231458,178.32,178.26,178.49,178.26,34.0
202606231459,178.26,178.25,178.26,178.24,13.0
202606231500,178.07,177.94,178.07,177.94,8.0
202606231501,177.93,177.93,177.97,177.83,23.0
202606231502,178.04,178.09,178.14,177.99,65.0
202606231503,178.19,178.25,178.31,178.04,88.0
202606231504,178.39,178.26,178.4,178.25,31.0
202606231505,178.32,178.38,178.41,178.21,32.0
202606231506,178.44,178.32,178.49,178.32,26.0
202606231507,178.35,178.29,178.42,178.29,105.0
202606231508,178.28,178.42,178.42,178.28,48.0
202606231509,178.42,178.37,178.54,178.37,38.0
202606231510,178.41,178.49,178.6,178.4,15.0
202606231511,178.56,178.62,178.62,178.54,164.0
202606231512,178.6,178.58,178.68,178.58,29.0
202606231513,178.59,178.62,178.69,178.51,110.0
202606231514,178.63,178.56,178.7,178.52,144.0
202606231515,178.52,178.55,178.62,178.47,31.0
202606231516,178.46,178.47,178.58,178.35,30.0
202606231517,178.53,178.45,178.53,178.44,22.0
202606231518,178.43,178.44,178.44,178.42,6.0
202606231519,178.52,178.49,178.52,178.47,4.0
202606231520,178.46,178.47,178.58,178.46,10.0
202606231521,178.56,178.47,178.58,178.4,31.0
202606231522,178.47,178.58,178.58,178.46,21.0
202606231523,178.51,178.48,178.51,178.46,18.0
202606231524,178.57,178.67,178.67,178.47,36.0
202606231525,178.65,178.65,178.65,178.65,2.0
202606231526,178.66,178.53,178.67,178.52,16.0
202606231527,178.56,178.61,178.66,178.45,21.0
202606231528,178.59,178.59,178.59,178.59,8.0
202606231529,178.58,178.56,178.59,178.45,9.0
202606231530,178.56,178.56,178.66,178.54,18.0
202606231531,178.56,178.29,178.56,178.29,25.0
202606231532,178.38,178.38,178.4,178.29,22.0
202606231533,178.39,178.32,178.4,178.28,31.0
202606231534,178.32,178.31,178.32,178.3,5.0
202606231535,178.36,178.33,178.38,178.33,7.0
202606231536,178.32,178.4,178.41,178.32,71.0
202606231537,178.37,178.33,178.43,178.33,14.0
202606231538,178.31,178.41,178.48,178.3,22.0
202606231539,178.4,178.4,178.47,178.39,7.0
202606231540,178.4,178.4,178.47,178.4,4.0
202606231541,178.4,178.45,178.5,178.38,16.0
202606231542,178.49,178.44,178.49,178.33,67.0
202606231543,178.44,178.48,178.58,178.4,34.0
202606231544,178.48,178.48,178.48,178.48,0.0
202606231545,178.47,178.51,178.58,178.47,21.0
202606231546,178.55,178.48,178.55,178.47,36.0
202606231547,178.43,178.45,178.47,178.4,24.0
202606231548,178.5,178.53,178.53,178.46,8.0
202606231549,178.49,178.52,178.55,178.48,11.0
202606231550,178.49,178.54,178.55,178.43,19.0
202606231551,178.55,178.51,178.55,178.48,10.0
202606231552,178.46,178.43,178.47,178.42,31.0
202606231553,178.43,178.41,178.43,178.4,17.0
202606231554,178.4,178.42,178.42,178.38,4.0
202606231555,178.43,178.55,178.56,178.42,41.0
202606231556,178.48,178.47,178.57,178.46,57.0
202606231557,178.47,178.46,178.48,178.34,60.0
202606231558,178.49,178.52,178.52,178.49,9.0
202606231559,178.44,178.52,178.53,178.43,9.0
202606231600,178.49,178.39,178.49,178.38,10.0
202606231601,178.43,178.42,178.43,178.42,2.0
202606231602,178.41,178.4,178.45,178.37,21.0
202606231603,178.38,178.38,178.38,178.37,4.0
202606231604,178.35,178.02,178.35,178.0,49.0
202606231605,178.01,177.98,178.03,177.98,17.0
202606231606,177.97,178.16,178.16,177.97,39.0
202606231607,178.09,178.15,178.15,178.09,7.0
202606231608,178.1,178.08,178.1,178.08,8.0
202606231609,178.08,178.08,178.09,177.98,17.0
202606231610,178.11,178.08,178.11,178.07,18.0
202606231611,178.03,178.02,178.03,178.01,7.0
202606231612,178.02,178.05,178.09,177.97,29.0
202606231613,178.06,178.05,178.06,178.04,22.0
202606231614,178.05,178.1,178.1,178.04,9.0
202606231615,178.05,177.93,178.05,177.93,5.0
202606231616,177.93,178.0,178.01,177.92,14.0
202606231617,177.93,177.94,178.0,177.93,9.0
202606231618,177.93,177.84,177.95,177.83,6.0
202606231619,177.89,178.0,178.0,177.88,18.0
202606231620,177.99,178.09,178.09,177.98,10.0
202606231621,178.01,178.01,178.02,178.0,9.0
202606231622,178.08,178.08,178.1,178.08,7.0
202606231623,178.1,178.02,178.11,178.02,12.0
202606231624,177.95,177.95,178.01,177.95,8.0
202606231625,177.92,177.97,177.97,177.92,5.0
202606231626,177.92,177.92,177.92,177.92,4.0
202606231627,177.81,177.75,177.81,177.73,52.0
202606231628,177.82,177.82,177.82,177.82,1.0
202606231629,177.75,177.76,177.83,177.72,19.0
202606231630,177.77,177.77,177.83,177.76,10.0
202606231631,177.76,177.82,177.88,177.76,25.0
202606231632,177.81,177.78,177.81,177.73,6.0
202606231633,177.79,177.77,177.82,177.74,15.0
202606231634,177.75,177.84,177.85,177.74,4.0
202606231635,177.81,177.9,177.9,177.8,21.0
202606231636,177.96,177.96,177.97,177.96,10.0
202606231637,177.94,178.0,178.05,177.9,28.0
202606231638,178.01,177.95,178.03,177.94,13.0
202606231639,178.02,178.0,178.08,177.98,28.0
202606231640,178.08,178.0,178.08,177.99,8.0
202606231641,178.0,177.87,178.0,177.87,14.0
202606231642,177.86,177.8,177.86,177.8,6.0
202606231643,177.72,177.72,177.72,177.72,1.0
202606231644,177.75,177.77,177.77,177.75,5.0
202606231645,177.77,177.77,177.77,177.77,0.0
202606231646,177.82,177.74,177.86,177.73,19.0
202606231647,177.73,177.73,177.73,177.73,3.0
202606231648,177.8,177.82,177.82,177.79,14.0
202606231649,177.77,177.77,177.77,177.77,2.0
202606231650,177.81,177.78,177.82,177.73,17.0
202606231651,177.74,177.74,177.74,177.74,3.0
202606231652,177.74,177.83,177.83,177.74,14.0
202606231653,177.77,177.69,177.79,177.69,26.0
202606231654,177.77,177.63,177.77,177.6,16.0
202606231655,177.63,177.56,177.68,177.56,44.0
202606231656,177.62,177.44,177.62,177.4,20.0
202606231657,177.42,177.33,177.42,177.31,24.0
202606231658,177.3,177.48,177.48,177.29,16.0
202606231659,177.39,177.56,177.62,177.38,36.0
202606231700,177.46,177.56,177.58,177.46,7.0
202606231701,177.46,177.66,177.66,177.46,3.0
202606231702,177.55,177.64,177.64,177.55,7.0
202606231703,177.62,177.57,177.63,177.57,8.0
202606231704,177.56,177.47,177.56,177.47,5.0
202606231705,177.51,177.55,177.55,177.48,26.0
202606231706,177.61,177.77,177.81,177.61,17.0
202606231707,177.78,177.94,177.94,177.77,17.0
202606231708,177.86,177.86,177.86,177.86,2.0
202606231709,177.81,177.81,177.81,177.81,4.0
202606231710,177.73,177.73,177.73,177.73,1.0
202606231711,177.75,177.76,177.76,177.66,6.0
202606231712,177.76,177.76,177.76,177.76,0.0
202606231713,177.76,177.76,177.79,177.76,11.0
202606231714,177.76,177.77,177.85,177.76,7.0
202606231715,177.77,177.77,177.77,177.77,1.0
202606231716,177.8,177.8,177.8,177.8,1.0
202606231717,177.78,177.76,177.78,177.75,5.0
202606231718,177.76,177.75,177.76,177.74,3.0
202606231719,177.8,177.84,177.87,177.8,31.0
202606231720,177.84,177.84,177.84,177.84,0.0
202606231721,177.85,177.81,177.91,177.8,16.0
202606231722,177.81,177.81,177.81,177.8,3.0
202606231723,177.81,177.81,177.81,177.8,8.0
202606231724,177.91,177.88,177.92,177.87,14.0
202606231725,177.85,177.85,177.89,177.85,22.0
202606231726,177.85,177.81,177.85,177.81,2.0
202606231727,177.85,177.84,177.86,177.84,13.0
202606231728,177.8,177.86,177.86,177.77,16.0
202606231729,177.78,177.85,177.85,177.78,3.0
202606231730,177.87,177.86,177.9,177.85,10.0
202606231731,177.86,177.89,177.95,177.85,24.0
202606231732,177.89,177.89,177.89,177.88,3.0
202606231733,177.85,177.85,177.85,177.76,25.0
202606231734,177.85,177.87,177.93,177.84,18.0
202606231735,177.85,177.85,177.85,177.84,1.0
202606231736,177.91,177.75,177.91,177.74,21.0
202606231737,177.91,177.93,177.95,177.91,8.0
202606231738,177.84,177.96,177.96,177.83,6.0
202606231739,177.93,177.86,177.93,177.79,6.0
202606231740,177.93,177.98,178.08,177.91,65.0
202606231741,178.01,177.9,178.04,177.89,24.0
202606231742,177.9,177.9,177.9,177.9,0.0
202606231743,177.85,177.78,177.85,177.78,29.0
202606231744,177.85,177.87,177.9,177.79,14.0
202606231745,177.89,177.89,177.9,177.89,6.0
202606231746,177.88,177.73,177.89,177.73,12.0
202606231747,177.78,177.84,177.84,177.76,17.0
202606231748,177.87,177.93,177.94,177.87,3.0
202606231749,177.93,177.93,177.93,177.93,0.0
202606231750,177.86,177.89,177.89,177.8,17.0
202606231751,177.8,177.84,177.86,177.8,13.0
202606231752,177.78,177.85,177.89,177.78,33.0
202606231753,177.89,177.93,177.93,177.89,15.0
202606231754,177.93,177.93,177.93,177.93,0.0
202606231755,177.89,177.89,177.89,177.88,11.0
202606231756,177.8,177.8,177.8,177.8,1.0
202606231757,177.89,177.89,177.89,177.88,3.0
202606231758,177.88,177.88,177.88,177.87,2.0
202606231759,177.87,177.91,177.92,177.86,7.0
202606231800,177.81,177.91,177.97,177.81,7.0
202606231801,177.89,177.89,177.89,177.89,6.0
202606231802,177.82,177.87,177.87,177.8,9.0
202606231803,177.85,177.83,177.85,177.83,5.0
202606231804,177.83,177.98,177.98,177.81,22.0
202606231805,177.97,177.88,177.97,177.88,12.0
202606231806,177.89,177.82,177.98,177.82,11.0
202606231807,177.88,177.88,177.88,177.87,6.0
202606231808,177.89,177.93,178.01,177.89,20.0
202606231809,178.0,178.0,178.0,178.0,3.0
202606231810,177.88,177.95,178.0,177.87,7.0
202606231811,177.95,177.95,177.99,177.87,29.0
202606231812,177.97,178.05,178.05,177.96,16.0
202606231813,178.09,178.1,178.1,178.06,33.0
202606231814,178.07,178.07,178.07,178.07,2.0
202606231815,178.09,178.17,178.17,178.07,29.0
202606231816,178.17,178.17,178.17,178.16,15.0
202606231817,178.17,178.17,178.22,178.15,10.0
202606231818,178.19,178.23,178.23,178.19,3.0
202606231819,178.2,178.18,178.2,178.17,10.0
202606231820,178.18,178.12,178.18,178.12,6.0
202606231821,178.12,178.16,178.16,178.11,6.0
202606231822,178.11,178.08,178.11,178.08,6.0
202606231823,178.15,178.15,178.15,178.07,10.0
202606231824,178.15,178.12,178.15,178.11,4.0
202606231825,178.1,178.18,178.23,178.09,12.0
202606231826,178.17,178.17,178.17,178.17,1.0
202606231827,178.14,178.18,178.18,178.14,18.0
202606231828,178.24,178.18,178.24,178.09,21.0
202606231829,178.21,178.21,178.21,178.21,1.0
202606231830,178.19,178.17,178.19,178.15,10.0
202606231831,178.24,178.16,178.24,178.16,16.0
202606231832,178.14,178.14,178.15,178.14,1.0
202606231833,178.14,178.16,178.16,178.03,25.0
202606231834,178.06,178.17,178.2,178.06,8.0
202606231835,178.11,177.93,178.19,177.92,32.0
202606231836,177.91,178.17,178.17,177.91,51.0
202606231837,178.16,178.16,178.16,178.09,48.0
202606231838,178.16,178.18,178.18,178.06,118.0
202606231839,178.27,178.1,178.27,178.1,35.0
202606231840,178.09,178.17,178.21,178.06,40.0
202606231841,178.17,178.14,178.24,178.14,17.0
202606231842,178.2,178.22,178.27,178.19,36.0
202606231843,178.15,178.16,178.16,178.15,15.0
202606231844,178.2,178.18,178.23,178.17,25.0
202606231845,178.24,178.24,178.25,178.15,32.0
202606231846,178.17,178.05,178.17,177.99,45.0
202606231847,178.1,178.25,178.27,178.1,24.0
202606231848,178.25,178.16,178.25,178.16,26.0
202606231849,178.22,178.26,178.29,178.19,9.0
202606231850,178.27,178.24,178.27,178.24,6.0
202606231851,178.2,178.2,178.2,178.19,3.0
202606231852,178.19,178.25,178.27,178.19,23.0
202606231853,178.25,177.86,178.25,177.84,497.0
202606231854,177.86,177.95,177.97,177.86,15.0
202606231855,177.87,177.88,177.95,177.87,10.0
202606231856,177.83,177.9,177.9,177.69,22.0
202606231857,177.84,177.8,177.98,177.8,32.0
202606231858,177.87,177.87,177.87,177.87,1.0
202606231859,177.88,177.81,177.9,177.8,16.0
202606231900,177.8,177.74,177.8,177.71,17.0
202606231901,177.82,177.69,177.82,177.6,47.0
202606231902,177.65,177.63,177.66,177.6,17.0
202606231903,177.55,177.31,177.55,177.3,26.0
202606231904,177.25,177.34,177.35,177.24,21.0
202606231905,177.33,177.3,177.34,177.29,8.0
202606231906,177.24,177.34,177.34,177.16,25.0
202606231907,177.29,177.44,177.44,177.28,30.0
202606231908,177.51,177.57,177.57,177.45,22.0
202606231909,177.57,177.57,177.66,177.56,7.0
202606231910,177.49,177.53,177.54,177.48,7.0
202606231911,177.53,177.48,177.53,177.36,49.0
202606231912,177.46,177.42,177.46,177.37,13.0
202606231913,177.37,177.36,177.37,177.36,11.0
202606231914,177.36,177.29,177.36,177.29,63.0
202606231915,177.32,177.34,177.36,177.2,55.0
202606231916,177.35,177.37,177.41,177.35,37.0
202606231917,177.37,177.51,177.52,177.36,44.0
202606231918,177.51,177.54,177.56,177.45,15.0
202606231919,177.57,177.48,177.61,177.48,65.0
202606231920,177.5,177.49,177.51,177.43,34.0
202606231921,177.49,177.81,177.91,177.49,207.0
202606231922,177.81,178.12,178.12,177.7,39.0
202606231923,178.2,178.31,178.31,178.2,10.0
202606231924,178.31,178.31,178.38,178.26,28.0
202606231925,178.29,178.27,178.3,178.2,11.0
202606231926,178.29,178.49,178.49,178.29,32.0
202606231927,178.51,178.54,178.54,178.36,25.0
202606231928,178.55,178.6,178.81,178.55,48.0
202606231929,178.64,178.61,178.64,178.61,6.0
202606231930,178.58,178.65,178.68,178.58,19.0
202606231931,178.62,178.68,178.72,178.58,24.0
202606231932,178.64,178.75,178.75,178.58,25.0
202606231933,178.75,178.72,178.76,178.67,25.0
202606231934,178.67,178.7,178.7,178.6,68.0
202606231935,178.71,178.72,178.93,178.71,31.0
202606231936,178.72,178.69,178.72,178.63,8.0
202606231937,178.71,178.69,178.71,178.68,29.0
202606231938,178.7,178.71,178.74,178.62,34.0
202606231939,178.67,178.54,178.69,178.5,261.0
202606231940,178.45,178.82,178.83,178.41,210.0
202606231941,178.74,178.77,178.81,178.69,15.0
202606231942,178.8,178.82,178.83,178.75,30.0
202606231943,178.69,178.62,178.71,178.62,30.0
202606231944,178.68,178.75,178.78,178.68,33.0
202606231945,178.72,178.81,178.83,178.69,124.0
202606231946,178.78,178.7,178.84,178.66,42.0
202606231947,178.67,178.79,178.79,178.61,42.0
202606231948,178.74,178.79,178.81,178.71,52.0
202606231949,178.81,178.88,178.88,178.58,157.0
202606231950,178.89,178.86,178.94,178.8,148.0
202606231951,178.87,178.77,178.87,178.73,37.0
202606231952,178.77,178.81,178.85,178.72,155.0
202606231953,178.79,178.78,178.93,178.76,100.0
202606231954,178.78,178.85,178.85,178.67,83.0
202606231955,178.89,178.88,179.38,178.87,245.0
202606231956,178.88,179.04,179.08,178.86,179.0
202606231957,179.03,179.13,179.19,179.01,136.0
202606231958,179.07,178.8,179.15,178.8,326.0
202606231959,178.88,178.73,178.94,178.57,791.0
202606232000,178.69,178.69,178.69,178.69,8135.0
202606232001,178.69,178.69,178.69,178.69,13.0
202606232002,178.69,178.69,178.69,178.69,0.0
202606232003,178.69,178.69,178.69,178.69,0.0
202606232004,178.69,178.69,178.69,178.69,0.0
202606232005,178.69,178.69,178.69,178.69,0.0
202606232006,178.69,178.69,178.69,178.69,0.0
202606232007,178.69,178.69,178.69,178.69,0.0
202606232008,178.69,178.69,178.69,178.69,0.0
202606232009,178.69,178.69,178.69,178.69,0.0
202606232010,178.69,178.69,178.69,178.69,0.0
202606232011,178.69,178.69,178.69,178.69,0.0
202606232012,178.69,178.69,178.69,178.69,0.0
202606232013,178.69,178.69,178.69,178.69,0.0
202606232014,178.69,178.69,178.69,178.69,0.0
202606232015,178.69,178.69,178.69,178.69,0.0
202606232016,178.69,178.69,178.69,178.69,0.0
202606232017,178.69,178.69,178.69,178.69,0.0
202606232018,178.69,178.69,178.69,178.69,0.0
202606232019,178.69,178.69,178.69,178.69,0.0
202606232020,178.69,178.69,178.69,178.69,0.0
202606232021,178.69,178.69,178.69,178.69,0.0
202606232022,178.69,178.69,178.69,178.69,0.0
202606232023,178.69,178.69,178.69,178.69,0.0
202606232024,178.69,178.69,178.69,178.69,0.0
202606232025,178.69,178.69,178.69,178.69,0.0
202606232026,178.69,178.69,178.69,178.69,0.0
202606232027,178.69,178.69,178.69,178.69,0.0
202606232028,178.69,178.69,178.69,178.69,0.0
202606232029,178.69,178.69,178.69,178.69,0.0
202606232030,178.69,178.69,178.69,178.69,0.0
202606232031,178.69,178.69,178.69,178.69,0.0
202606232032,178.69,178.69,178.69,178.69,0.0
202606232033,178.69,178.69,178.69,178.69,0.0
202606232034,178.69,178.69,178.69,178.69,0.0
202606232035,178.69,178.69,178.69,178.69,0.0
202606232036,178.69,178.69,178.69,178.69,0.0
202606232037,178.75,178.75,178.75,178.75,1.0
202606232038,178.75,178.75,178.75,178.75,0.0
202606232039,178.75,178.75,178.75,178.75,0.0
202606232040,178.75,178.75,178.75,178.75,0.0
202606232041,178.75,178.75,178.75,178.75,0.0
202606232042,178.75,178.75,178.75,178.75,0.0
202606232043,178.75,178.75,178.75,178.75,0.0
202606232044,178.75,178.75,178.75,178.75,0.0
202606232045,178.75,178.75,178.75,178.75,0.0
202606232046,178.75,178.75,178.75,178.75,0.0
202606232047,178.75,178.75,178.75,178.75,0.0
202606232048,178.75,178.75,178.75,178.75,0.0
202606232049,178.75,178.75,178.75,178.75,0.0
202606232050,178.75,178.75,178.75,178.75,0.0
202606232051,178.75,178.75,178.75,178.75,0.0
202606232052,178.75,178.75,178.75,178.75,0.0
202606232053,178.75,178.75,178.75,178.75,0.0
202606232054,178.75,178.75,178.75,178.75,0.0
202606232055,178.75,178.75,178.75,178.75,0.0
202606232056,178.75,178.75,178.75,178.75,0.0
202606232057,178.75,178.75,178.75,178.75,0.0
202606232058,178.75,178.75,178.75,178.75,0.0
202606232059,178.75,178.75,178.75,178.75,0.0
202606232100,178.75,178.75,178.75,178.75,0.0
202606232101,178.75,178.75,178.75,178.75,0.0
202606232102,178.75,178.75,178.75,178.75,0.0
202606232103,178.75,178.75,178.75,178.75,0.0
202606232104,178.75,178.75,178.75,178.75,0.0
202606232105,178.75,178.75,178.75,178.75,0.0
202606232106,178.75,178.75,178.75,178.75,0.0
202606232107,178.75,178.75,178.75,178.75,0.0
202606232108,178.75,178.75,178.75,178.75,0.0
202606232109,178.75,178.75,178.75,178.75,0.0
202606232110,178.75,178.75,178.75,178.75,0.0
202606232111,178.75,178.75,178.75,178.75,0.0
202606232112,178.75,178.75,178.75,178.75,0.0
202606232113,178.75,178.75,178.75,178.75,0.0
202606232114,178.75,178.75,178.75,178.75,0.0
202606232115,178.75,178.75,178.75,178.75,0.0
202606232116,178.75,178.75,178.75,178.75,0.0
202606232117,178.75,178.75,178.75,178.75,0.0
202606232118,178.75,178.75,178.75,178.75,0.0
202606232119,178.75,178.75,178.75,178.75,0.0
202606232120,178.75,178.75,178.75,178.75,0.0
202606232121,178.75,178.75,178.75,178.75,0.0
202606232122,178.75,178.75,178.75,178.75,0.0
202606232123,178.75,178.75,178.75,178.75,0.0
202606232124,178.75,178.75,178.75,178.75,0.0
202606232125,178.75,178.75,178.75,178.75,0.0
202606232126,178.75,178.75,178.75,178.75,0.0
202606232127,178.75,178.75,178.75,178.75,0.0
202606232128,178.75,178.75,178.75,178.75,0.0
202606232129,178.75,178.75,178.75,178.75,0.0
202606232130,178.75,178.75,178.75,178.75,0.0
202606232131,178.75,178.75,178.75,178.75,0.0
202606232132,178.75,178.75,178.75,178.75,0.0
202606232133,178.75,178.75,178.75,178.75,0.0
202606232134,178.75,178.75,178.75,178.75,0.0
202606232135,178.75,178.75,178.75,178.75,0.0
202606232136,178.75,178.75,178.75,178.75,0.0
202606232137,178.75,178.75,178.75,178.75,0.0
202606232138,178.75,178.75,178.75,178.75,0.0
202606232139,178.75,178.75,178.75,178.75,0.0
202606232140,178.75,178.75,178.75,178.75,0.0
202606232141,178.75,178.75,178.75,178.75,0.0
202606232142,178.75,178.75,178.75,178.75,0.0
202606232143,178.75,178.75,178.75,178.75,0.0
202606232144,178.75,178.75,178.75,178.75,0.0
202606232145,178.75,178.75,178.75,178.75,0.0
202606232146,178.75,178.75,178.75,178.75,0.0
202606232147,178.75,178.75,178.75,178.75,0.0
202606232148,178.75,178.75,178.75,178.75,0.0
202606232149,178.75,178.75,178.75,178.75,0.0
202606232150,178.75,178.75,178.75,178.75,0.0
202606232151,178.75,178.75,178.75,178.75,0.0
202606232152,178.75,178.75,178.75,178.75,0.0
202606232153,178.75,178.75,178.75,178.75,0.0
202606232154,178.75,178.75,178.75,178.75,0.0
202606232155,178.75,178.75,178.75,178.75,0.0
202606232156,178.75,178.75,178.75,178.75,0.0
202606232157,178.75,178.75,178.75,178.75,0.0
202606232158,178.75,178.75,178.75,178.75,0.0
202606232159,178.75,178.75,178.75,178.75,0.0
202606232200,178.75,178.75,178.75,178.75,0.0
202606232201,178.75,178.75,178.75,178.75,0.0
202606232202,178.75,178.75,178.75,178.75,0.0
202606232203,178.75,178.75,178.75,178.75,0.0
202606232204,178.75,178.75,178.75,178.75,0.0
202606232205,178.75,178.75,178.75,178.75,0.0
202606232206,178.75,178.75,178.75,178.75,0.0
202606232207,178.75,178.75,178.75,178.75,0.0
202606232208,178.75,178.75,178.75,178.75,0.0
202606232209,178.75,178.75,178.75,178.75,0.0
202606232210,178.75,178.75,178.75,178.75,0.0
202606232211,178.75,178.75,178.75,178.75,0.0
202606232212,178.75,178.75,178.75,178.75,0.0
202606232213,178.75,178.75,178.75,178.75,0.0
202606232214,178.75,178.75,178.75,178.75,0.0
202606232215,178.75,178.75,178.75,178.75,0.0
202606232216,178.75,178.75,178.75,178.75,0.0
202606232217,178.75,178.75,178.75,178.75,0.0
202606232218,178.75,178.75,178.75,178.75,0.0
202606232219,177.0,177.0,177.0,177.0,2.0
202606232220,177.0,177.0,177.0,177.0,0.0
202606232221,177.0,177.0,177.0,177.0,0.0
202606232222,177.0,177.0,177.0,177.0,0.0
202606232223,177.0,177.0,177.0,177.0,0.0
202606232224,177.0,177.0,177.0,177.0,0.0
202606232225,177.0,177.0,177.0,177.0,0.0
202606232226,177.0,177.0,177.0,177.0,0.0
202606232227,177.0,177.0,177.0,177.0,0.0
202606232228,177.0,177.0,177.0,177.0,0.0
202606232229,177.0,177.0,177.0,177.0,0.0
202606232230,177.0,177.0,177.0,177.0,0.0
202606232231,177.0,177.0,177.0,177.0,0.0
202606232232,177.0,177.0,177.0,177.0,0.0
202606232233,177.0,177.0,177.0,177.0,0.0
202606232234,177.0,177.0,177.0,177.0,0.0
202606232235,177.0,177.0,177.0,177.0,0.0
202606232236,177.0,177.0,177.0,177.0,0.0
202606232237,177.0,177.0,177.0,177.0,0.0
202606232238,177.0,177.0,177.0,177.0,0.0
202606232239,177.0,177.0,177.0,177.0,0.0
202606232240,177.0,177.0,177.0,177.0,0.0
202606232241,177.0,177.0,177.0,177.0,0.0
202606232242,177.0,177.0,177.0,177.0,0.0
202606232243,177.0,177.0,177.0,177.0,0.0
202606232244,177.0,177.0,177.0,177.0,0.0
202606232245,177.0,177.0,177.0,177.0,0.0
202606232246,177.0,177.0,177.0,177.0,0.0
202606232247,177.0,177.0,177.0,177.0,0.0
202606232248,177.0,177.0,177.0,177.0,0.0
202606232249,177.0,177.0,177.0,177.0,0.0
202606232250,177.0,177.0,177.0,177.0,0.0
202606232251,177.0,177.0,177.0,177.0,0.0
202606232252,177.0,177.0,177.0,177.0,0.0
202606232253,177.0,177.0,177.0,177.0,0.0
202606232254,177.0,177.0,177.0,177.0,0.0
202606232255,177.0,177.0,177.0,177.0,0.0
202606232256,177.0,177.0,177.0,177.0,0.0
202606232257,177.0,177.0,177.0,177.0,0.0
202606232258,177.0,177.0,177.0,177.0,0.0
202606232259,177.0,177.0,177.0,177.0,0.0
202606232300,177.0,177.0,177.0,177.0,0.0
202606232301,177.0,177.0,177.0,177.0,0.0
202606232302,177.0,177.0,177.0,177.0,0.0
202606232303,177.0,177.0,177.0,177.0,0.0
202606232304,177.0,177.0,177.0,177.0,0.0
202606232305,177.0,177.0,177.0,177.0,0.0
202606232306,177.0,177.0,177.0,177.0,0.0
202606232307,177.0,177.0,177.0,177.0,0.0
202606232308,177.0,177.0,177.0,177.0,0.0
202606232309,177.0,177.0,177.0,177.0,0.0
202606232310,177.0,177.0,177.0,177.0,0.0
202606232311,177.0,177.0,177.0,177.0,0.0
202606232312,177.0,177.0,177.0,177.0,0.0
202606232313,177.0,177.0,177.0,177.0,0.0
202606232314,177.0,177.0,177.0,177.0,0.0
202606232315,177.0,177.0,177.0,177.0,0.0
202606232316,177.0,177.0,177.0,177.0,0.0
202606232317,177.0,177.0,177.0,177.0,0.0
202606232318,177.0,177.0,177.0,177.0,0.0
202606232319,177.0,177.0,177.0,177.0,0.0
202606232320,177.0,177.0,177.0,177.0,0.0
202606232321,177.0,177.0,177.0,177.0,0.0
202606232322,177.0,177.0,177.0,177.0,0.0
202606232323,177.0,177.0,177.0,177.0,0.0
202606232324,177.0,177.0,177.0,177.0,0.0
202606232325,177.0,177.0,177.0,177.0,0.0
202606232326,177.0,177.0,177.0,177.0,0.0
202606232327,177.0,177.0,177.0,177.0,0.0
202606232328,177.0,177.0,177.0,177.0,0.0
202606232329,177.0,177.0,177.0,177.0,0.0
202606232330,177.0,177.0,177.0,177.0,0.0
202606232331,177.0,177.0,177.0,177.0,0.0
202606232332,177.0,177.0,177.0,177.0,0.0
202606232333,177.0,177.0,177.0,177.0,0.0
202606232334,177.0,177.0,177.0,177.0,0.0
202606232335,177.0,177.0,177.0,177.0,0.0
202606232336,177.0,177.0,177.0,177.0,0.0
202606232337,177.0,177.0,177.0,177.0,0.0
202606232338,177.0,177.0,177.0,177.0,0.0
202606232339,177.0,177.0,177.0,177.0,0.0
202606232340,177.0,177.0,177.0,177.0,0.0
202606232341,177.0,177.0,177.0,177.0,0.0
202606232342,177.0,177.0,177.0,177.0,0.0
202606232343,178.84,178.84,178.84,178.84,2.0
202606232344,178.84,178.84,178.84,178.84,0.0
202606232345,178.84,178.84,178.84,178.84,0.0
202606232346,178.84,178.84,178.84,178.84,0.0
202606232347,178.84,178.84,178.84,178.84,0.0
202606232348,178.84,178.84,178.84,178.84,0.0
202606232349,178.84,178.84,178.84,178.84,0.0
202606232350,178.84,178.84,178.84,178.84,0.0
202606232351,178.84,178.84,178.84,178.84,0.0
202606232352,178.84,178.84,178.84,178.84,0.0
202606232353,178.84,178.84,178.84,178.84,0.0
202606232354,178.84,178.84,178.84,178.84,0.0
202606232355,178.84,178.84,178.84,178.84,0.0
202606232356,178.84,178.84,178.84,178.84,0.0
202606232357,178.84,178.84,178.84,178.84,0.0
202606232358,178.84,178.84,178.84,178.84,0.0
202606232359,178.84,178.84,178.84,178.84,0.0
202606240800,178.79,178.95,178.97,177.57,0.0
202606240803,178.97,178.97,178.97,178.97,0.0
202606240804,178.97,178.95,178.97,178.95,0.0
202606240817,178.95,178.95,178.95,178.95,0.0
202606240837,178.95,178.95,178.95,178.95,0.0
202606240852,178.95,178.95,178.95,178.95,0.0
202606240853,178.98,178.98,178.98,178.98,0.0
202606240857,178.94,178.94,178.94,178.94,0.0
202606240907,178.94,178.94,178.94,178.94,0.0
202606240922,178.94,178.94,178.94,178.94,0.0
202606240931,178.98,178.98,178.98,178.98,0.0
202606240937,178.98,178.98,178.98,178.98,0.0
202606240953,178.98,178.98,178.98,178.98,0.0
202606241008,178.98,178.98,178.98,178.98,0.0
202606241023,178.98,178.98,178.98,178.98,0.0
202606241037,178.9545,178.9545,178.9545,178.9545,0.0
202606241038,178.9545,178.9545,178.9545,178.9545,0.0
202606241043,178.5,178.5,178.5,178.5,0.0
202606241044,178.95,178.95,178.95,178.95,0.0
202606241053,178.95,178.95,178.95,178.95,0.0
202606241100,178.69,178.98,178.98,178.69,0.0
202606241102,178.98,178.98,178.98,178.98,0.0
202606241115,178.69,178.69,178.69,178.69,0.0
202606241116,178.5,178.5,178.5,178.5,0.0
202606241120,178.5,178.5,178.5,178.5,0.0
202606241122,178.5,178.5,178.5,178.5,0.0
202606241123,178.5,178.5,178.5,178.5,0.0
202606241126,178.52,178.52,178.52,178.52,0.0
202606241140,178.78,178.78,178.78,178.78,0.0
202606241144,178.71,178.69,178.71,178.69,0.0
202606241150,178.98,178.98,178.98,178.98,0.0
202606241158,178.5,178.5,178.5,178.5,0.0
202606241202,178.92,178.88,178.92,178.88,0.0
202606241204,178.94,178.9,178.94,178.9,0.0
202606241214,178.52,178.52,178.52,178.52,0.0
202606241215,178.52,178.5,178.52,178.5,0.0
202606241216,178.52,178.5,178.52,178.5,0.0
202606241221,178.5,178.5,178.5,178.5,0.0
202606241225,178.9,178.86,178.9,178.86,0.0
202606241229,178.92,178.85,178.92,178.85,0.0
202606241238,178.85,179.3737,179.3737,178.85,0.0
202606241239,177.57,177.57,177.57,177.57,0.0
202606241241,177.6625,178.4,178.4,177.57,0.0
202606241252,178.4555,178.4555,178.4555,178.4555,0.0
202606241256,179.395,179.395,179.395,179.395,0.0
202606241257,178.75,178.75,178.75,178.75,0.0
202606241300,178.47,178.46,178.47,178.46,0.0
202606241301,178.43,178.43,178.43,178.43,0.0
202606241304,178.43,178.43,178.43,178.43,0.0
202606241305,178.43,178.43,178.43,178.43,0.0
202606241312,179.42,178.75,179.42,178.75,0.0
202606241314,178.6179,178.6179,178.6179,178.6179,0.0
202606241330,178.88999938964844,179.00999450683594,180.07000732421875,178.72999572753906,47524.0
202606241331,179.0,178.55499267578125,179.0225067138672,178.00999450683594,4415.0
202606241332,178.0,177.22000122070312,178.00999450683594,177.1999969482422,6585.0
202606241333,177.5,178.19000244140625,178.3699951171875,177.08999633789062,8932.0
202606241334,178.00999450683594,178.0050048828125,178.3000030517578,177.97500610351562,3716.0
202606241335,178.0050048828125,178.0449981689453,178.5500030517578,178.0050048828125,3784.0
202606241336,178.35499572753906,178.27999877929688,178.55999755859375,178.27499389648438,4596.0
202606241337,178.61000061035156,178.10000610351562,178.61000061035156,178.10000610351562,1353.0
202606241338,178.25,178.4199981689453,178.64999389648438,178.25,2125.0
202606241339,178.5850067138672,178.5850067138672,178.5850067138672,178.5850067138672,296.0
202606241340,178.50527954101562,178.39999389648438,178.83999633789062,178.2637939453125,6085.0
202606241341,178.19500732421875,178.23500061035156,178.49000549316406,178.00999450683594,6723.0
202606241342,178.23500061035156,178.80999755859375,178.97999572753906,178.23500061035156,5682.0
202606241343,178.80999755859375,178.6750030517578,178.97999572753906,178.6750030517578,5567.0
202606241344,178.6750030517578,178.82000732421875,178.88999938964844,178.6750030517578,2247.0
202606241345,178.75,178.75,179.19000244140625,178.67999267578125,11362.0
202606241346,178.81500244140625,178.36500549316406,178.81500244140625,178.36500549316406,3114.0
202606241347,178.36500549316406,178.52999877929688,178.5399932861328,178.36500549316406,2263.0
202606241348,178.75999450683594,178.7550048828125,178.75999450683594,178.69000244140625,2700.0
202606241349,178.6999969482422,178.82000732421875,178.82000732421875,178.41000366210938,8996.0
202606241350,178.80999755859375,178.6699981689453,178.80999755859375,178.6699981689453,6031.0
202606241351,178.77499389648438,178.46499633789062,178.77499389648438,178.4600067138672,3711.0
202606241352,178.66000366210938,178.5500030517578,178.6699981689453,178.5500030517578,1047.0
202606241353,178.27999877929688,178.3350067138672,178.3350067138672,178.27999877929688,1679.0
202606241354,178.1750030517578,178.25,178.36000061035156,178.13999938964844,2501.0
202606241355,178.2899932861328,178.1999969482422,178.2899932861328,178.1999969482422,788.0
202606241356,178.2050018310547,178.375,178.50999450683594,178.1766815185547,5285.0
202606241357,178.3800048828125,178.2050018310547,178.3800048828125,178.17999267578125,8060.0
202606241358,178.26499938964844,178.26499938964844,178.26499938964844,178.26499938964844,1248.0
202606241359,178.2100067138672,178.07000732421875,178.26499938964844,178.07000732421875,5603.0
202606241400,178.25,178.66000366210938,178.6699981689453,178.21499633789062,8145.0
202606241401,178.57000732421875,178.28509521484375,178.57000732421875,178.28509521484375,4849.0
202606241402,178.47999572753906,178.30999755859375,178.63999938964844,178.30999755859375,6842.0
202606241403,178.35499572753906,178.75,178.75,178.22000122070312,3475.0
202606241404,178.86500549316406,178.80999755859375,178.97999572753906,178.80999755859375,2682.0
202606241405,178.7100067138672,178.6875,178.71499633789062,178.5,3988.0
202606241406,178.6999969482422,178.52000427246094,178.7053985595703,178.4600067138672,3561.0
202606241407,178.52499389648438,178.38999938964844,178.52499389648438,178.19000244140625,3937.0
202606241408,178.27000427246094,178.02999877929688,178.27000427246094,177.89999389648438,5278.0
202606241409,177.97000122070312,178.0850067138672,178.08990478515625,177.85000610351562,3191.0
202606241410,178.0850067138672,177.85499572753906,178.0850067138672,177.83999633789062,3479.0
202606241411,177.8000030517578,177.90499877929688,177.9149932861328,177.77999877929688,1771.0
202606241412,177.9499969482422,177.86000061035156,178.10000610351562,177.86000061035156,6093.0
202606241413,177.86000061035156,177.9600067138672,178.05499267578125,177.86000061035156,3675.0
202606241414,178.00999450683594,178.0399932861328,178.1165008544922,177.9438018798828,2944.0
202606241415,178.0399932861328,177.97999572753906,178.0399932861328,177.83999633789062,6977.0
202606241416,178.10000610351562,178.25,178.27000427246094,178.05999755859375,3989.0
202606241417,178.19000244140625,178.1999969482422,178.3345947265625,178.16000366210938,2098.0
202606241418,178.17999267578125,178.1300048828125,178.17999267578125,178.1199951171875,4216.0
202606241419,178.30999755859375,178.17999267578125,178.30999755859375,178.17999267578125,1759.0
202606241420,178.30999755859375,178.25,178.4149932861328,178.25,1560.0
202606241421,178.35499572753906,178.06100463867188,178.35499572753906,178.06100463867188,3089.0
202606241422,178.05999755859375,177.90499877929688,178.05999755859375,177.90499877929688,1771.0
202606241423,177.89999389648438,177.83999633789062,177.89999389648438,177.8350067138672,3150.0
202606241424,177.83999633789062,177.97000122070312,178.02000427246094,177.75999450683594,3672.0
202606241425,177.83999633789062,177.69000244140625,177.83999633789062,177.69000244140625,3462.0
202606241426,177.69500732421875,177.68499755859375,177.80990600585938,177.68499755859375,3897.0
202606241427,177.57000732421875,177.50999450683594,177.66000366210938,177.50999450683594,2418.0
202606241428,177.5749969482422,177.47999572753906,177.5800018310547,177.47999572753906,1648.0
202606241429,177.5500030517578,177.51499938964844,177.61000061035156,177.47999572753906,2742.0
202606241430,177.4949951171875,177.49000549316406,177.5,177.41000366210938,4036.0
202606241431,177.41000366210938,177.31500244140625,177.49000549316406,177.2032012939453,8429.0
202606241432,177.49000549316406,177.28500366210938,177.52000427246094,177.26499938964844,6776.0
202606241433,177.4199981689453,177.36000061035156,177.42999267578125,177.32000732421875,2656.0
202606241434,177.32859802246094,177.36000061035156,177.4499969482422,177.25999450683594,5427.0
202606241435,177.34500122070312,177.1999969482422,177.34500122070312,177.19000244140625,1982.0
202606241436,177.25999450683594,177.1699981689453,177.2899932861328,177.07000732421875,6281.0
202606241437,177.19000244140625,177.25,177.3000030517578,177.11000061035156,7889.0
202606241438,177.16000366210938,177.19000244140625,177.19000244140625,177.0399932861328,6180.0
202606241439,177.16000366210938,177.09500122070312,177.1699981689453,177.00999450683594,10585.0
202606241440,177.11000061035156,177.6999969482422,177.6999969482422,177.09500122070312,17869.0
202606241441,177.83900451660156,177.66000366210938,177.86000061035156,177.66000366210938,8586.0
202606241442,177.72500610351562,177.7050018310547,177.72500610351562,177.6313934326172,4781.0
202606241443,177.60000610351562,177.55999755859375,177.8699951171875,177.55999755859375,13110.0
202606241444,177.625,177.39999389648438,177.625,177.27499389648438,7416.0
202606241445,177.3800048828125,177.3800048828125,177.3800048828125,177.3800048828125,2128.0
202606241446,177.30999755859375,177.3300018310547,177.3300018310547,177.27000427246094,2856.0
202606241447,177.26499938964844,177.27000427246094,177.27999877929688,177.26499938964844,2169.0
202606241448,177.27000427246094,177.33999633789062,177.33999633789062,177.26499938964844,3525.0
202606241449,177.30999755859375,177.30499267578125,177.39999389648438,177.27000427246094,6840.0
202606241450,177.3000030517578,177.3800048828125,177.3800048828125,177.25999450683594,4242.0
202606241451,177.47000122070312,177.52499389648438,177.5500030517578,177.43675231933594,6299.0
202606241452,177.52499389648438,177.3800048828125,177.52499389648438,177.3800048828125,13769.0
202606241453,177.39500427246094,177.4149932861328,177.4600067138672,177.39500427246094,3623.0
202606241454,177.4199981689453,177.58999633789062,177.58999633789062,177.4199981689453,5398.0
202606241455,177.61000061035156,177.81500244140625,177.81500244140625,177.60000610351562,6744.0
202606241456,177.73599243164062,177.5800018310547,177.82000732421875,177.5800018310547,6859.0
202606241457,177.7689971923828,177.58999633789062,177.7689971923828,177.52999877929688,10656.0
202606241458,177.58999633789062,177.5,177.66000366210938,177.5,3334.0
202606241459,177.56500244140625,177.47500610351562,177.56500244140625,177.4149932861328,7726.0
202606241500,177.52999877929688,177.47000122070312,177.57000732421875,177.4600067138672,3939.0
202606241501,177.52499389648438,177.52000427246094,177.52499389648438,177.42999267578125,3475.0
202606241502,177.52000427246094,177.42030334472656,177.52000427246094,177.42030334472656,3174.0
202606241503,177.4600067138672,177.42999267578125,177.4600067138672,177.3699951171875,2570.0
202606241504,177.42039489746094,177.3699951171875,177.46499633789062,177.3699951171875,4981.0
202606241505,177.35499572753906,177.4199981689453,177.4199981689453,177.35499572753906,2656.0
202606241506,177.4199981689453,177.47000122070312,177.52999877929688,177.4199981689453,4426.0
202606241507,177.42999267578125,177.5399932861328,177.5800018310547,177.42999267578125,3913.0
202606241508,177.5800018310547,177.625,177.625,177.5800018310547,2566.0
202606241509,177.625,177.66000366210938,177.7100067138672,177.6199951171875,3027.0
202606241510,177.57000732421875,177.77999877929688,177.82000732421875,177.57000732421875,7325.0
202606241511,177.75,177.8000030517578,177.85000610351562,177.74020385742188,1973.0
202606241512,177.8000030517578,177.7899932861328,177.85000610351562,177.74000549316406,3038.0
202606241513,177.7899932861328,177.64999389648438,177.7899932861328,177.64999389648438,5881.0
202606241514,177.6699981689453,177.6699981689453,177.6699981689453,177.6699981689453,1436.0
202606241515,177.74249267578125,177.67999267578125,177.75,177.67999267578125,2307.0
202606241516,177.72000122070312,177.76499938964844,177.77999877929688,177.66000366210938,4740.0
202606241517,177.75999450683594,177.86000061035156,177.86000061035156,177.72149658203125,3036.0
202606241518,177.88499450683594,177.89999389648438,177.99000549316406,177.88499450683594,5003.0
202606241519,177.9199981689453,177.9550018310547,177.9550018310547,177.9199981689453,1332.0
202606241520,177.9550018310547,177.9550018310547,177.9550018310547,177.9550018310547,1407.0
202606241521,177.9499969482422,178.13999938964844,178.13999938964844,177.9499969482422,3373.0
202606241522,178.14999389648438,178.23989868164062,178.23989868164062,178.14500427246094,4544.0
202606241523,178.14500427246094,178.13499450683594,178.14500427246094,178.0500030517578,10893.0
202606241524,178.08999633789062,178.19000244140625,178.27000427246094,178.0399932861328,13008.0
202606241525,178.19000244140625,178.16000366210938,178.19500732421875,178.08999633789062,5392.0
202606241526,178.16000366210938,178.125,178.19500732421875,178.07009887695312,3997.0
202606241527,178.17999267578125,178.2899932861328,178.3300018310547,178.13999938964844,3390.0
202606241528,178.35000610351562,178.35000610351562,178.44000244140625,178.34500122070312,6680.0
202606241529,178.39999389648438,178.39999389648438,178.42999267578125,178.3000030517578,9984.0
202606241530,178.3800048828125,178.39999389648438,178.39999389648438,178.3800048828125,1615.0
202606241531,178.4364776611328,178.53500366210938,178.5399932861328,178.38999938964844,6017.0
202606241532,178.6199951171875,178.5800018310547,178.6199951171875,178.49000549316406,2818.0
202606241533,178.5800018310547,178.67999267578125,178.67999267578125,178.5800018310547,2511.0
202606241534,178.7100067138672,178.64500427246094,178.72999572753906,178.64500427246094,3518.0
202606241535,178.5500030517578,178.51499938964844,178.5500030517578,178.51499938964844,7338.0
202606241536,178.47999572753906,178.5,178.5,178.44000244140625,3757.0
202606241537,178.5399932861328,178.7100067138672,178.75999450683594,178.5399932861328,4401.0
202606241538,178.74000549316406,178.7449951171875,178.7449951171875,178.6699981689453,1759.0
202606241539,178.7449951171875,178.7449951171875,178.7449951171875,178.7449951171875,2084.0
202606241540,178.72500610351562,178.6300048828125,178.72999572753906,178.6300048828125,3077.0
202606241541,178.69000244140625,178.69000244140625,178.69000244140625,178.61000061035156,2037.0
202606241542,178.69000244140625,178.61000061035156,178.75990295410156,178.5500030517578,23852.0
202606241543,178.61000061035156,178.5500030517578,178.65499877929688,178.5500030517578,4674.0
202606241544,178.63499450683594,178.64500427246094,178.6999969482422,178.57000732421875,5238.0
202606241545,178.55999755859375,178.5800018310547,178.63499450683594,178.55999755859375,2061.0
202606241546,178.73500061035156,178.76499938964844,178.8489990234375,178.73500061035156,21940.0
202606241547,178.72999572753906,178.5399932861328,178.76499938964844,178.5399932861328,6725.0
202606241548,178.61000061035156,178.72999572753906,178.7899932861328,178.61000061035156,2676.0
202606241549,178.6300048828125,178.57000732421875,178.7100067138672,178.57000732421875,9755.0
202606241550,178.72000122070312,178.68499755859375,178.77999877929688,178.68499755859375,3268.0
202606241551,178.74000549316406,178.75999450683594,178.77999877929688,178.68499755859375,1125.0
202606241552,178.67999267578125,178.67999267578125,178.6999969482422,178.6699981689453,2518.0
202606241553,178.7100067138672,178.72999572753906,178.72999572753906,178.7100067138672,1928.0
202606241554,178.6999969482422,178.6199951171875,178.7100067138672,178.6199951171875,1772.0
202606241555,178.66000366210938,178.55999755859375,178.66000366210938,178.55999755859375,2889.0
202606241556,178.60499572753906,178.5850067138672,178.60499572753906,178.5500030517578,2292.0
202606241557,178.60000610351562,178.5500030517578,178.6199951171875,178.5399932861328,4222.0
202606241558,178.47000122070312,178.47500610351562,178.47500610351562,178.3800048828125,5619.0
202606241559,178.38999938964844,178.3800048828125,178.44000244140625,178.3800048828125,2997.0
202606241600,178.43499755859375,178.43499755859375,178.43499755859375,178.42999267578125,2833.0
202606241601,178.43499755859375,178.43499755859375,178.43499755859375,178.43499755859375,554.0
202606241602,178.42999267578125,178.4199981689453,178.468994140625,178.3800048828125,5687.0
202606241603,178.4199981689453,178.27999877929688,178.4320068359375,178.27999877929688,14769.0
202606241604,178.1999969482422,178.1999969482422,178.1999969482422,178.1999969482422,1674.0
202606241605,178.2449951171875,178.25,178.30999755859375,178.19000244140625,3109.0
202606241606,178.3000030517578,178.41000366210938,178.41000366210938,178.27000427246094,3505.0
202606241607,178.44000244140625,178.42999267578125,178.44000244140625,178.4199981689453,1600.0
202606241608,178.44000244140625,178.44000244140625,178.44000244140625,178.44000244140625,581.0
202606241609,178.49000549316406,178.39999389648438,178.49000549316406,178.39999389648438,2868.0
202606241610,178.38999938964844,178.3699951171875,178.42999267578125,178.27000427246094,3354.0
202606241611,178.42999267578125,178.27999877929688,178.42999267578125,178.27999877929688,832.0
202606241612,178.4199981689453,178.34500122070312,178.4199981689453,178.27999877929688,4973.0
202606241613,178.2899932861328,178.32000732421875,178.34500122070312,178.24000549316406,2687.0
202606241614,178.31500244140625,178.31500244140625,178.31500244140625,178.31500244140625,823.0
202606241615,178.33889770507812,178.46499633789062,178.46499633789062,178.25,3530.0
202606241616,178.44500732421875,178.40499877929688,178.49000549316406,178.40499877929688,1395.0
202606241617,178.40499877929688,178.38999938964844,178.40499877929688,178.38999938964844,1968.0
202606241618,178.3300018310547,178.38999938964844,178.38999938964844,178.3300018310547,2305.0
202606241619,178.38499450683594,178.38499450683594,178.38499450683594,178.38499450683594,722.0
202606241620,178.30999755859375,178.35000610351562,178.38999938964844,178.27999877929688,5778.0
202606241621,178.33999633789062,178.35499572753906,178.38999938964844,178.3350067138672,1507.0
202606241622,178.33999633789062,178.33999633789062,178.33999633789062,178.33999633789062,1272.0
202606241623,178.4499969482422,178.39500427246094,178.4499969482422,178.33999633789062,4207.0
202606241624,178.3699951171875,178.33999633789062,178.3699951171875,178.33999633789062,1587.0
202606241625,178.4499969482422,178.44000244140625,178.47999572753906,178.42999267578125,3442.0
202606241626,178.4499969482422,178.47999572753906,178.50999450683594,178.4499969482422,3894.0
202606241627,178.41000366210938,178.41000366210938,178.41000366210938,178.41000366210938,1190.0
202606241628,178.3699951171875,178.343994140625,178.3699951171875,178.27000427246094,3112.0
202606241629,178.3000030517578,178.44500732421875,178.4499969482422,178.26499938964844,12377.0
202606241630,178.44500732421875,178.4250030517578,178.47000122070312,178.36000061035156,4188.0
202606241631,178.52999877929688,178.72500610351562,178.73500061035156,178.52000427246094,7486.0
202606241632,178.72500610351562,178.74000549316406,178.74000549316406,178.58999633789062,8237.0
202606241633,178.7449951171875,178.66000366210938,178.7449951171875,178.6300048828125,2535.0
202606241634,178.77999877929688,178.6649932861328,178.77999877929688,178.60000610351562,4612.0
202606241635,178.67999267578125,179.0399932861328,179.0399932861328,178.64999389648438,37612.0
202606241636,179.1999969482422,178.96499633789062,179.1999969482422,178.91000366210938,20021.0
202606241637,178.88999938964844,178.63999938964844,178.96499633789062,178.63999938964844,3290.0
202606241638,178.63499450683594,178.58999633789062,178.77000427246094,178.58999633789062,2924.0
202606241639,178.58999633789062,178.58999633789062,178.58999633789062,178.58999633789062,755.0
202606241640,178.58999633789062,178.5850067138672,178.58999633789062,178.5,1906.0
202606241641,178.5850067138672,178.41000366210938,178.75,178.41000366210938,10326.0
202606241642,178.52999877929688,178.44500732421875,178.52999877929688,178.36000061035156,2944.0
202606241643,178.3699951171875,178.30999755859375,178.42999267578125,178.13999938964844,62754.0
202606241644,178.30999755859375,178.06500244140625,178.30999755859375,178.02000427246094,10471.0
202606241645,178.06500244140625,178.02000427246094,178.06500244140625,177.8800048828125,4405.0
202606241646,177.98500061035156,178.00999450683594,178.10000610351562,177.98500061035156,3923.0
202606241647,178.0749969482422,178.2100067138672,178.2100067138672,178.06500244140625,7432.0
202606241648,178.2100067138672,178.25,178.25,178.2100067138672,2241.0
202606241649,178.22999572753906,178.1649932861328,178.22999572753906,178.1649932861328,1001.0
202606241650,178.16009521484375,178.1999969482422,178.1999969482422,178.16009521484375,1661.0
202606241651,178.22999572753906,178.0749969482422,178.22999572753906,177.97999572753906,7050.0
202606241652,178.0800018310547,177.96499633789062,178.0800018310547,177.96499633789062,885.0
202606241653,178.0980987548828,178.07000732421875,178.0980987548828,177.8699951171875,3844.0
202606241654,178.03720092773438,178.0,178.03720092773438,178.0,3609.0
202606241655,178.0,177.94500732421875,178.10989379882812,177.88999938964844,4607.0
202606241656,177.89999389648438,177.98739624023438,177.98739624023438,177.89999389648438,2130.0
202606241657,177.83999633789062,177.75,177.83999633789062,177.69000244140625,4396.0
202606241658,177.71499633789062,177.65499877929688,177.72000122070312,177.59800720214844,3639.0
202606241659,177.61000061035156,177.52499389648438,177.6649932861328,177.5,3762.0
202606241700,177.47500610351562,177.5,177.53250122070312,177.47500610351562,1745.0
202606241701,177.52499389648438,177.64999389648438,177.64999389648438,177.52499389648438,5450.0
202606241702,177.5800018310547,177.60000610351562,177.60000610351562,177.5,1033.0
202606241703,177.5749969482422,177.52000427246094,177.5749969482422,177.52000427246094,1530.0
202606241704,177.55999755859375,177.4600067138672,177.57000732421875,177.4600067138672,3225.0
202606241705,177.47999572753906,177.5,177.5500030517578,177.47999572753906,1426.0
202606241706,177.52999877929688,177.5800018310547,177.6439971923828,177.5,3670.0
202606241707,177.66000366210938,177.6199951171875,177.6685028076172,177.60000610351562,2223.0
202606241708,177.6999053955078,177.6199951171875,177.6999053955078,177.46009826660156,1430.0
202606241709,177.67999267578125,177.6300048828125,177.67999267578125,177.6300048828125,1287.0
202606241710,177.63999938964844,177.57000732421875,177.63999938964844,177.57000732421875,1960.0
202606241711,177.63499450683594,177.625,177.63499450683594,177.625,5076.0
202606241712,177.5399932861328,177.5399932861328,177.5399932861328,177.5399932861328,1191.0
202606241713,177.625,177.41000366210938,177.625,177.41000366210938,10370.0
202606241714,177.4499969482422,177.47999572753906,177.47999572753906,177.4499969482422,967.0
202606241715,177.39999389648438,177.3699951171875,177.46499633789062,177.3699951171875,2928.0
202606241716,177.3415985107422,177.5399932861328,177.55999755859375,177.27999877929688,15121.0
202606241717,177.4499969482422,177.40499877929688,177.63900756835938,177.39999389648438,2176.0
202606241718,177.49000549316406,177.49000549316406,177.49000549316406,177.49000549316406,858.0
202606241719,177.36000061035156,177.43499755859375,177.43499755859375,177.36000061035156,1945.0
202606241720,177.44000244140625,177.56500244140625,177.56500244140625,177.44000244140625,2410.0
202606241721,177.56500244140625,177.57009887695312,177.57009887695312,177.56500244140625,1384.0
202606241722,177.57000732421875,177.57000732421875,177.5800018310547,177.5500030517578,4055.0
202606241723,177.5399932861328,177.52999877929688,177.5449981689453,177.4499969482422,2121.0
202606241724,177.52999877929688,177.52999877929688,177.52999877929688,177.52999877929688,1456.0
202606241725,177.52999877929688,177.52999877929688,177.52999877929688,177.52999877929688,718.0
202606241726,177.5399932861328,177.3800048828125,177.5399932861328,177.3800048828125,2481.0
202606241727,177.27000427246094,177.17999267578125,177.375,177.17999267578125,6207.0
202606241728,177.17999267578125,177.20010375976562,177.2675018310547,177.17999267578125,2796.0
202606241729,177.04100036621094,176.9949951171875,177.1199951171875,176.9949951171875,3210.0
202606241730,176.97500610351562,176.89999389648438,177.05999755859375,176.89010620117188,4803.0
202606241731,176.96499633789062,176.93499755859375,176.96499633789062,176.8699951171875,2306.0
202606241732,176.85000610351562,176.72000122070312,176.85000610351562,176.72000122070312,4691.0
202606241733,176.8000030517578,176.8300018310547,176.8300018310547,176.74000549316406,3926.0
202606241734,176.8699951171875,176.77000427246094,176.8699951171875,176.77000427246094,1476.0
202606241735,176.83999633789062,176.7100067138672,176.83999633789062,176.67999267578125,3226.0
202606241736,176.7104949951172,176.68499755859375,176.7799072265625,176.57000732421875,11008.0
202606241737,176.69000244140625,176.7100067138672,176.77000427246094,176.68499755859375,1873.0
202606241738,176.69000244140625,176.6699981689453,176.82000732421875,176.6699981689453,3744.0
202606241739,176.6475067138672,176.6649932861328,176.6649932861328,176.64500427246094,1666.0
202606241740,176.64500427246094,176.7100067138672,176.7100067138672,176.64500427246094,2145.0
202606241741,176.67750549316406,176.72999572753906,176.77000427246094,176.55999755859375,7913.0
202606241742,176.6999969482422,176.72999572753906,176.77999877929688,176.69000244140625,7859.0
202606241743,176.72000122070312,176.85499572753906,176.86000061035156,176.72000122070312,5315.0
202606241744,176.82000732421875,176.88999938964844,176.88999938964844,176.82000732421875,1889.0
202606241745,176.88999938964844,176.9936981201172,176.9936981201172,176.88999938964844,3770.0
202606241746,176.97000122070312,176.9499969482422,176.97000122070312,176.9499969482422,1171.0
202606241747,176.9949951171875,176.94000244140625,176.9949951171875,176.94000244140625,3870.0
202606241748,176.96499633789062,176.97500610351562,177.02999877929688,176.96499633789062,1493.0
202606241749,176.91009521484375,176.8300018310547,176.97000122070312,176.8300018310547,2632.0
202606241750,176.89999389648438,176.85000610351562,176.89999389648438,176.85000610351562,1821.0
202606241751,176.86000061035156,176.85000610351562,176.9499969482422,176.83999633789062,6285.0
202606241752,176.89500427246094,177.1699981689453,177.2449951171875,176.89500427246094,10502.0
202606241753,177.14999389648438,177.12249755859375,177.2100067138672,177.00999450683594,10280.0
202606241754,177.0,177.14999389648438,177.14999389648438,176.88009643554688,13871.0
202606241755,177.0449981689453,177.0399932861328,177.0449981689453,177.0399932861328,1263.0
202606241756,176.94000244140625,177.1237030029297,177.1237030029297,176.94000244140625,3208.0
202606241757,177.13999938964844,177.14990234375,177.14990234375,177.0800018310547,3907.0
202606241758,177.07000732421875,177.11000061035156,177.14999389648438,177.07000732421875,1936.0
202606241759,177.11000061035156,177.19000244140625,177.19000244140625,177.11000061035156,2366.0
202606241800,177.1699981689453,177.24000549316406,177.24000549316406,177.1699981689453,1116.0
202606241801,177.21499633789062,177.39999389648438,177.41000366210938,177.21499633789062,3808.0
202606241802,177.33999633789062,177.5198974609375,177.5198974609375,177.33999633789062,2005.0
202606241803,177.38999938964844,177.38999938964844,177.38999938964844,177.27999877929688,2242.0
202606241804,177.4250030517578,177.4250030517578,177.4250030517578,177.4250030517578,804.0
202606241805,177.43499755859375,177.47500610351562,177.52999877929688,177.43499755859375,3458.0
202606241806,177.41000366210938,177.5500030517578,177.61500549316406,177.41000366210938,5088.0
202606241807,177.5500030517578,177.5500030517578,177.5500030517578,177.5500030517578,2385.0
202606241808,177.44000244140625,177.48500061035156,177.48500061035156,177.44000244140625,1616.0
202606241809,177.41000366210938,177.3800048828125,177.4499969482422,177.3800048828125,1633.0
202606241810,177.44000244140625,177.57000732421875,177.57000732421875,177.44000244140625,3014.0
202606241811,177.67999267578125,177.88999938964844,177.88999938964844,177.67999267578125,6705.0
202606241812,177.75999450683594,177.8300018310547,177.8300018310547,177.75999450683594,1191.0
202606241813,177.77000427246094,177.83999633789062,177.9600067138672,177.77000427246094,5785.0
202606241814,177.9499969482422,177.8699951171875,177.9499969482422,177.8699951171875,1307.0
202606241815,177.9499969482422,177.9199981689453,177.9600067138672,177.86500549316406,2403.0
202606241816,177.9199981689453,177.8000030517578,177.96499633789062,177.8000030517578,4949.0
202606241817,177.85499572753906,177.9199981689453,177.9199981689453,177.84249877929688,4251.0
202606241818,177.86000061035156,177.97000122070312,178.00999450683594,177.82000732421875,6039.0
202606241819,177.94509887695312,177.86000061035156,177.94509887695312,177.86000061035156,1475.0
202606241820,177.85499572753906,177.97000122070312,177.97999572753906,177.85000610351562,4561.0
202606241821,177.88999938964844,178.1060028076172,178.11000061035156,177.88999938964844,4755.0
202606241822,178.08999633789062,178.0,178.08999633789062,178.0,2738.0
202606241823,177.9700927734375,178.0800018310547,178.0800018310547,177.97000122070312,3188.0
202606241824,178.02999877929688,178.03500366210938,178.08999633789062,178.00790405273438,4932.0
202606241825,178.03500366210938,178.00999450683594,178.03500366210938,177.91000366210938,4927.0
202606241826,178.05850219726562,177.99000549316406,178.05999755859375,177.99000549316406,3918.0
202606241827,177.985107421875,178.125,178.17999267578125,177.92999267578125,12775.0
202606241828,178.125,178.11500549316406,178.19000244140625,178.11500549316406,3492.0
202606241829,178.16000366210938,178.1840057373047,178.2899932861328,178.14999389648438,6843.0
202606241830,178.2895050048828,178.3699951171875,178.3699951171875,178.24000549316406,3532.0
202606241831,178.3800048828125,178.38999938964844,178.44000244140625,178.3800048828125,2353.0
202606241832,178.44000244140625,178.3300018310547,178.44000244140625,178.3300018310547,2785.0
202606241833,178.4149932861328,178.48959350585938,178.48959350585938,178.35000610351562,6195.0
202606241834,178.36000061035156,178.4550018310547,178.4600067138672,178.3300018310547,4424.0
202606241835,178.4550018310547,178.49000549316406,178.5050048828125,178.4550018310547,2832.0
202606241836,178.50999450683594,178.5050048828125,178.5399932861328,178.5050048828125,1755.0
202606241837,178.52999877929688,178.5749053955078,178.5800018310547,178.52000427246094,3186.0
202606241838,178.53500366210938,178.57000732421875,178.5800018310547,178.53500366210938,3627.0
202606241839,178.58999633789062,178.5800018310547,178.6300048828125,178.52999877929688,5560.0
202606241840,178.60499572753906,178.67999267578125,178.74000549316406,178.60499572753906,4357.0
202606241841,178.72500610351562,178.72500610351562,178.72500610351562,178.72500610351562,1574.0
202606241842,178.72000122070312,178.72500610351562,178.80999755859375,178.63999938964844,4513.0
202606241843,178.72999572753906,178.79989624023438,178.79989624023438,178.6699981689453,2141.0
202606241844,178.72500610351562,178.83999633789062,178.86000061035156,178.72500610351562,4901.0
202606241845,178.87969970703125,178.7899932861328,178.889892578125,178.7899932861328,3697.0
202606241846,178.8300018310547,178.97000122070312,178.97000122070312,178.8300018310547,4056.0
202606241847,178.99000549316406,178.91000366210938,179.01499938964844,178.91000366210938,3782.0
202606241848,178.9600067138672,178.9499969482422,178.9600067138672,178.9499969482422,1414.0
202606241849,178.99000549316406,178.98500061035156,179.1199951171875,178.98500061035156,9824.0
202606241850,178.8699951171875,179.05999755859375,179.05999755859375,178.8699951171875,6173.0
202606241851,179.01499938964844,178.9949951171875,179.01499938964844,178.9949951171875,1910.0
202606241852,179.08999633789062,179.10000610351562,179.10000610351562,179.08999633789062,2163.0
202606241853,179.0749969482422,179.02499389648438,179.22000122070312,179.0,11165.0
202606241854,179.02000427246094,179.00999450683594,179.0399932861328,178.92999267578125,3886.0
202606241855,178.99000549316406,179.13999938964844,179.2100067138672,178.99000549316406,6391.0
202606241856,179.13999938964844,179.10000610351562,179.18499755859375,179.0800018310547,3422.0
202606241857,179.14999389648438,179.18679809570312,179.19000244140625,179.08999633789062,5691.0
202606241858,179.11000061035156,179.17999267578125,179.1999969482422,179.11000061035156,2486.0
202606241859,179.11000061035156,179.11500549316406,179.1699981689453,179.07479858398438,4977.0
202606241900,179.16000366210938,179.05999755859375,179.16000366210938,179.05999755859375,2897.0
202606241901,179.10499572753906,179.09327697753906,179.16000366210938,179.0050048828125,5006.0
202606241902,179.05999755859375,179.10000610351562,179.13999938964844,179.05999755859375,6545.0
202606241903,179.1199951171875,179.19500732421875,179.22999572753906,179.1199951171875,10953.0
202606241904,179.14999389648438,179.0399932861328,179.19500732421875,179.0399932861328,8319.0
202606241905,179.0449981689453,179.0800018310547,179.0800018310547,179.0449981689453,2339.0
202606241906,179.06500244140625,179.16000366210938,179.16000366210938,179.0449981689453,5853.0
202606241907,179.1999969482422,179.24000549316406,179.25999450683594,179.1999969482422,4844.0
202606241908,179.22000122070312,179.4199981689453,179.4199981689453,179.22000122070312,10458.0
202606241909,179.4199981689453,179.49000549316406,179.54249572753906,179.3800048828125,8152.0
202606241910,179.5800018310547,179.55499267578125,179.58999633789062,179.52000427246094,5029.0
202606241911,179.55499267578125,179.63999938964844,179.63999938964844,179.55499267578125,4614.0
202606241912,179.65499877929688,179.72000122070312,179.77999877929688,179.6199951171875,12021.0
202606241913,179.7050018310547,179.73500061035156,179.7899932861328,179.7050018310547,3478.0
202606241914,179.77999877929688,179.7100067138672,179.83999633789062,179.6699981689453,18837.0
202606241915,179.72000122070312,179.7100067138672,179.74000549316406,179.7100067138672,2895.0
202606241916,179.72500610351562,179.8000030517578,179.8000030517578,179.72500610351562,6003.0
202606241917,179.78289794921875,179.75,179.82000732421875,179.66000366210938,12338.0
202606241918,179.74000549316406,179.72500610351562,179.7716064453125,179.6699981689453,5098.0
202606241919,179.72500610351562,179.81500244140625,179.86000061035156,179.72149658203125,10928.0
202606241920,179.8300018310547,179.89500427246094,179.97000122070312,179.8000030517578,17577.0
202606241921,179.94000244140625,179.86500549316406,179.94000244140625,179.8300018310547,9310.0
202606241922,179.85000610351562,179.5800018310547,179.85000610351562,179.55499267578125,7600.0
202606241923,179.53750610351562,179.39999389648438,179.53750610351562,179.39999389648438,4079.0
202606241924,179.4499969482422,179.55499267578125,179.61000061035156,179.4499969482422,5288.0
202606241925,179.60000610351562,179.59500122070312,179.69000244140625,179.52999877929688,5442.0
202606241926,179.6199951171875,179.4499969482422,179.6300048828125,179.4499969482422,12756.0
202606241927,179.44000244140625,179.35000610351562,179.44000244140625,179.2899932861328,6913.0
202606241928,179.34500122070312,179.33999633789062,179.4199981689453,179.33999633789062,6315.0
202606241929,179.3175048828125,179.29010009765625,179.39999389648438,179.27499389648438,12661.0
202606241930,179.3300018310547,179.16000366210938,179.3699951171875,179.16000366210938,14837.0
202606241931,179.16000366210938,178.64999389648438,179.17999267578125,178.61000061035156,10033.0
202606241932,178.64999389648438,178.58999633789062,178.72000122070312,178.42999267578125,20745.0
202606241933,178.64999389648438,178.5800018310547,178.64999389648438,178.49000549316406,8116.0
202606241934,178.5449981689453,178.36500549316406,178.5449981689453,178.33999633789062,7567.0
202606241935,178.36000061035156,178.3249969482422,178.3800048828125,178.22999572753906,15603.0
202606241936,178.32000732421875,178.22999572753906,178.36000061035156,178.19000244140625,6968.0
202606241937,178.1999969482422,178.10000610351562,178.1999969482422,178.05999755859375,10095.0
202606241938,178.0800018310547,178.14999389648438,178.14999389648438,178.0,10976.0
202606241939,178.16000366210938,178.16000366210938,178.1999969482422,178.0800018310547,7018.0
202606241940,178.17999267578125,178.125,178.17999267578125,178.0500030517578,9039.0
202606241941,178.125,178.05999755859375,178.17999267578125,177.99000549316406,9679.0
202606241942,177.94000244140625,178.0399932861328,178.0800018310547,177.9199981689453,16711.0
202606241943,177.97000122070312,177.97000122070312,178.05999755859375,177.92999267578125,6609.0
202606241944,177.97000122070312,177.91000366210938,178.10000610351562,177.82000732421875,12636.0
202606241945,177.8800048828125,178.02999877929688,178.0500030517578,177.8800048828125,20677.0
202606241946,178.03500366210938,178.27999877929688,178.27999877929688,177.98500061035156,16929.0
202606241947,178.27999877929688,178.02999877929688,178.2987060546875,177.97999572753906,11932.0
202606241948,178.0399932861328,178.25,178.3000030517578,178.0,16457.0
202606241949,178.19000244140625,178.02369689941406,178.25,178.02369689941406,7596.0
202606241950,178.1199951171875,178.21499633789062,178.30999755859375,178.08999633789062,20749.0
202606241951,178.1999969482422,178.1300048828125,178.25999450683594,178.0800018310547,23473.0
202606241952,178.13499450683594,177.97999572753906,178.1999969482422,177.88999938964844,19418.0
202606241953,177.91000366210938,177.86000061035156,178.02000427246094,177.82000732421875,9905.0
202606241954,177.875,178.02499389648438,178.10000610351562,177.80999755859375,21099.0
202606241955,178.05999755859375,178.32000732421875,178.38499450683594,177.99000549316406,39845.0
202606241956,178.4199981689453,178.77749633789062,178.8000030517578,178.4149932861328,29932.0
202606241957,178.74000549316406,178.39500427246094,178.76499938964844,178.3800048828125,49338.0
202606241958,178.3699951171875,178.4600067138672,178.64999389648438,178.3300018310547,74431.0
202606241959,178.42999267578125,178.75999450683594,178.75999450683594,178.42999267578125,183272.0
202606242000,178.74,178.78,178.78,178.72,1462979.0
202606242002,178.24,178.24,178.24,178.24,0.0
202606242003,178.24,178.24,178.24,178.24,0.0
202606242004,178.78,178.78,178.78,178.24,0.0
202606242006,178.24,178.24,178.24,178.24,0.0
202606242007,180.0,180.0,180.0,180.0,0.0
202606242009,178.24,178.24,178.24,178.24,0.0
202606242010,178.78,178.78,178.78,178.78,0.0
202606242013,178.77,178.77,178.77,178.77,0.0
202606242017,178.77,178.77,178.77,178.77,0.0
202606242019,178.77,178.77,178.77,178.77,0.0
202606242020,178.78,178.78,178.78,178.78,0.0
202606242021,178.6,178.4,178.6,178.4,0.0
202606242024,178.21,178.3,178.3,178.21,0.0
202606242025,178.2,178.2,178.2,178.2,0.0
202606242026,178.0,178.0,178.0,177.96,0.0
202606242028,178.05,178.01,178.05,178.0,0.0
202606242029,177.16,177.16,177.16,177.16,0.0
202606242032,178.0,178.0,178.0,178.0,0.0
202606242033,177.0,177.0,177.0,177.0,0.0
202606242036,177.16,177.01,177.16,177.01,0.0
202606242037,177.01,177.01,177.01,177.01,0.0
202606242041,178.78,177.02,178.78,177.02,0.0
202606242043,176.5,178.0,178.0,176.5,0.0
202606242044,177.99,177.99,177.99,177.99,0.0
202606242045,177.02,178.0,178.0,177.02,0.0
202606242046,177.07,177.07,177.07,177.07,0.0
202606242047,177.07,177.07,177.07,177.06,0.0
202606242048,177.07,177.07,177.07,177.05,0.0
202606242049,177.07,177.07,177.07,177.07,0.0
202606242050,177.07,177.07,177.07,177.01,0.0
202606242052,177.1051,177.1051,177.1051,177.1051,0.0
202606242054,177.07,177.07,178.0,177.05,0.0
202606242055,177.07,177.07,177.07,177.07,0.0
202606242056,179.0,179.0,179.0,179.0,0.0
202606242100,177.07,177.07,177.07,177.07,0.0
202606242105,177.07,177.07,177.07,177.07,0.0
202606242109,177.96,177.96,177.96,177.96,0.0
202606242110,177.96,178.0,178.0,177.96,0.0
202606242111,178.78,178.78,178.78,178.78,0.0
202606242118,178.78,178.78,178.78,178.78,0.0
202606242127,177.84,177.84,177.84,177.84,0.0
202606242128,177.78,177.78,177.78,177.78,0.0
202606242144,178.78,178.5,178.78,178.5,0.0
202606242206,177.52,178.47,178.47,177.52,0.0
202606242229,177.07,177.07,177.07,177.05,0.0
