datetime,open,close,high,low,volume
20240625,491.0,484.5,492.0,480.6,49183.0
20240626,484.5,484.04,487.44,481.47,46638.0
20240627,484.35,487.42,488.98,482.05,46686.0
20240628,487.0,508.67,510.0,486.38,360619.0
20240701,508.0,494.95,508.91,492.89,75427.0
20240702,493.5,496.41,498.47,493.33,51868.0
20240703,499.75,490.91,499.75,486.52,37589.0
20240705,489.04,488.89,489.67,484.5,62021.0
20240708,487.0,489.34,493.88,486.17,57811.0
20240709,488.35,491.0,495.4,486.09,52502.0
20240710,492.0,499.94,501.5,490.0,50431.0
20240711,499.99,504.36,508.73,497.0,58659.0
20240712,506.4,512.0,514.57,503.43,57292.0
20240715,518.49,518.49,530.83,513.8,77563.0
20240716,519.36,548.4,549.92,501.5,188939.0
20240717,549.0,573.02,574.49,548.93,175085.0
20240718,570.0,563.02,581.5,561.42,115215.0
20240719,559.89,564.4,569.9,557.04,75311.0
20240722,561.0,558.53,564.25,557.0,53819.0
20240723,557.15,557.78,558.84,552.81,37813.0
20240724,556.0,559.75,561.13,553.02,55729.0
20240725,559.0,557.96,569.89,555.0,48833.0
20240726,558.0,569.78,579.13,556.26,49940.0
20240729,574.97,566.75,574.97,561.76,49222.0
20240730,566.9,577.0,579.43,565.99,73883.0
20240731,574.0,576.18,580.91,558.0,80185.0
20240801,576.16,572.02,587.5,567.1,58179.0
20240802,574.5,587.7,591.54,571.0,89158.0
20240805,577.78,574.94,599.0,566.76,72791.0
20240806,568.21,567.99,577.52,562.53,52130.0
20240807,567.99,566.08,571.65,557.02,77805.0
20240808,564.37,566.24,572.45,564.37,47272.0
20240809,566.24,558.76,566.24,557.63,42148.0
20240812,559.22,565.29,569.0,559.22,43486.0
20240813,565.99,573.0,575.73,565.99,37454.0
20240814,575.24,579.67,581.12,573.26,38492.0
20240815,581.6,580.0,583.34,573.51,50786.0
20240816,580.92,578.12,581.65,574.1,32355.0
20240819,578.62,578.78,583.3,577.0,21981.0
20240820,579.85,580.65,583.81,575.5,26174.0
20240821,582.12,579.0,583.39,576.91,30594.0
20240822,580.0,578.75,582.95,570.62,32148.0
20240823,578.25,584.51,585.21,578.25,37395.0
20240826,588.05,587.13,592.09,585.74,20735.0
20240827,589.47,587.35,592.34,583.78,24224.0
20240828,589.01,590.0,592.84,583.87,25264.0
20240829,590.68,591.57,592.61,584.37,31144.0
20240830,590.58,590.5,593.26,586.59,47794.0
20240903,590.5,600.0,600.66,590.5,50365.0
20240904,601.72,606.95,607.94,597.88,45075.0
20240905,605.76,595.49,606.5,589.67,29550.0
20240906,595.5,596.0,600.61,592.26,49602.0
20240909,598.32,594.1,599.48,575.27,53929.0
20240910,595.21,599.03,604.8,591.15,35486.0
20240911,596.0,589.75,596.0,578.97,48055.0
20240912,591.0,588.42,591.0,583.21,53189.0
20240913,591.41,592.0,597.68,587.23,34808.0
20240916,594.09,587.76,598.79,587.76,40775.0
20240917,587.02,579.2,587.02,576.39,48912.0
20240918,576.02,580.65,584.52,572.31,43534.0
20240919,584.0,576.48,585.77,574.58,47153.0
20240920,579.44,575.0,579.44,569.65,90444.0
20240923,575.0,573.41,579.44,572.0,34913.0
20240924,575.66,575.19,577.31,566.0,50114.0
20240925,577.87,576.31,581.11,573.08,44052.0
20240926,575.69,570.96,576.6,570.91,38802.0
20240927,577.99,581.85,586.71,576.59,37031.0
20240930,583.01,584.68,586.42,578.74,46732.0
20241001,584.68,583.3,588.7,580.76,43630.0
20241002,579.08,592.31,607.27,570.5,59738.0
20241003,590.61,592.75,593.23,584.36,41081.0
20241004,592.72,591.2,596.13,588.43,38153.0
20241007,590.5,583.56,592.44,583.33,36511.0
20241008,588.06,581.58,589.21,579.56,34344.0
20241009,582.16,591.22,592.8,580.61,32122.0
20241010,590.51,596.51,598.95,589.21,28675.0
20241011,597.3,601.79,602.26,596.2,28961.0
20241014,600.0,607.0,608.63,597.38,37154.0
20241015,607.0,557.88,607.0,540.0,199161.0
20241016,560.2,572.68,576.18,555.12,80911.0
20241017,565.0,566.03,569.47,558.0,81050.0
20241018,563.54,569.68,570.95,562.01,45077.0
20241021,568.42,571.47,579.28,568.42,46310.0
20241022,570.23,569.86,573.04,565.0,35116.0
20241023,569.0,564.64,574.14,560.0,46099.0
20241024,563.5,561.0,571.7,560.0,41811.0
20241025,563.08,564.56,571.5,562.51,39745.0
20241028,566.7,565.24,568.33,562.81,26285.0
20241029,564.95,562.13,567.68,560.65,37864.0
20241030,564.21,565.01,570.32,560.95,33899.0
20241031,564.0,564.5,568.45,560.88,37197.0
20241101,564.26,567.56,570.33,563.9,38638.0
20241104,566.0,558.17,568.59,555.06,41797.0
20241105,557.94,570.0,570.0,554.4,39216.0
20241106,586.62,596.69,620.0,586.0,104496.0
20241107,597.0,605.45,607.65,596.15,88892.0
20241108,605.25,616.98,619.8,605.2,57271.0
20241111,617.5,626.0,630.73,613.92,45999.0
20241112,623.15,614.67,624.48,611.9,43698.0
20241113,613.0,605.9,613.01,603.06,51316.0
20241114,605.61,593.93,606.0,588.99,42929.0
20241115,591.0,591.54,598.93,589.95,53644.0
20241118,589.84,586.0,594.14,585.32,42346.0
20241119,581.0,581.5,586.84,576.77,50158.0
20241120,581.5,599.08,602.65,581.5,61902.0
20241121,600.0,597.49,604.0,596.73,41872.0
20241122,598.56,596.0,601.26,588.67,49478.0
20241125,598.91,605.83,609.84,595.01,85454.0
20241126,608.24,608.0,608.47,598.88,41475.0
20241127,608.54,608.38,617.45,606.7,34431.0
20241129,609.5,610.2,615.78,606.62,31224.0
20241202,611.85,608.52,615.0,600.77,44987.0
20241203,609.59,599.02,627.0,595.5,32893.0
20241204,600.0,610.0,622.83,584.0,58118.0
20241205,608.0,580.48,610.0,573.88,99277.0
20241206,583.64,549.0,584.0,544.14,225057.0
20241209,553.0,562.5,562.98,544.64,122288.0
20241210,561.01,566.01,567.75,557.03,83578.0
20241211,565.88,533.0,565.88,532.67,133967.0
20241212,532.69,515.0,534.0,514.19,142996.0
20241213,517.19,521.97,527.53,510.72,119291.0
20241216,521.51,496.23,522.85,495.2,146123.0
20241217,497.3,487.0,498.5,475.82,239719.0
20241218,487.5,501.5,506.54,486.0,161143.0
20241219,502.2,488.25,505.0,486.24,129492.0
20241220,488.05,501.5,502.64,487.01,186320.0
20241223,500.35,507.0,508.78,498.0,64679.0
20241224,507.25,504.94,507.25,500.59,30393.0
20241226,504.0,510.85,512.22,502.0,52072.0
20241227,511.94,509.46,513.18,507.8,59509.0
20241230,508.91,507.99,509.73,500.66,93497.0
20241231,507.8,505.05,511.0,503.34,67903.0
20250102,507.59,503.49,512.11,503.29,58169.0
20250103,505.34,513.0,516.29,503.56,46861.0
20250106,513.0,513.72,520.3,509.82,59664.0
20250107,513.72,515.0,519.84,511.22,74093.0
20250108,515.5,523.5,524.96,509.51,62003.0
20250110,526.33,530.66,541.5,518.47,92241.0
20250113,534.65,542.0,547.4,533.14,112365.0
20250114,542.88,543.69,544.55,536.55,66563.0
20250115,542.59,545.0,546.71,534.33,56801.0
20250116,545.6,510.52,550.63,510.0,159116.0
20250117,511.9,509.9,521.82,502.8,133259.0
20250121,511.03,523.72,525.0,510.6,90776.0
20250122,522.02,518.7,524.44,516.0,63034.0
20250123,512.0,530.07,531.48,512.0,76669.0
20250124,528.02,530.0,534.63,524.51,57836.0
20250127,529.5,542.97,551.91,528.0,70046.0
20250128,542.03,540.01,546.5,537.83,52643.0
20250129,541.4,538.5,543.48,534.01,47938.0
20250130,532.75,545.57,547.11,532.75,47898.0
20250131,546.09,542.49,549.16,541.41,46306.0
20250203,539.99,549.0,553.91,537.09,63256.0
20250204,548.04,541.55,548.81,539.07,43143.0
20250205,537.95,537.34,540.7,521.91,76839.0
20250206,537.2,529.98,541.86,525.27,64708.0
20250207,529.4,526.89,532.4,525.39,57270.0
20250210,526.89,532.81,534.16,523.38,46393.0
20250211,529.62,533.25,541.59,528.26,38725.0
20250212,531.21,527.99,542.35,525.51,62671.0
20250213,528.0,531.0,534.33,527.1,45224.0
20250214,533.17,523.5,533.2,522.0,42518.0
20250218,520.02,500.58,520.05,497.0,125952.0
20250219,501.0,509.0,511.86,498.15,70045.0
20250220,505.69,502.42,508.44,500.23,64740.0
20250221,503.72,465.98,503.72,437.7,341205.0
20250224,469.47,460.97,470.0,457.0,109899.0
20250225,458.03,467.03,470.76,450.07,153476.0
20250226,468.0,463.1,473.05,458.2,79551.0
20250227,467.44,469.16,475.4,464.0,69364.0
20250228,467.39,475.31,476.36,464.48,84348.0
20250303,475.45,465.0,477.28,464.99,69304.0
20250304,466.0,477.45,479.21,465.0,91867.0
20250305,476.02,475.0,479.08,471.01,49087.0
20250306,474.79,489.84,490.01,472.0,73393.0
20250307,487.0,493.25,499.92,483.36,84385.0
20250310,488.54,481.49,497.85,477.05,76428.0
20250311,477.01,486.0,486.77,477.01,58671.0
20250312,486.0,481.11,487.6,478.82,50953.0
20250313,482.0,481.52,484.06,475.0,43182.0
20250314,481.32,486.0,489.45,478.24,59196.0
20250317,488.65,498.0,500.61,485.5,67848.0
20250318,500.98,503.99,505.97,497.82,58155.0
20250319,503.21,505.0,506.82,500.06,57380.0
20250320,503.73,511.49,514.39,503.51,82620.0
20250321,511.19,516.5,519.0,505.09,185402.0
20250324,517.03,516.3,518.25,511.12,54421.0
20250325,518.0,513.93,519.0,511.53,42610.0
20250326,513.77,518.0,522.95,512.85,46231.0
20250327,518.12,514.35,521.08,512.95,39956.0
20250328,515.87,515.49,520.98,515.0,34052.0
20250331,514.94,523.0,528.12,514.94,83520.0
20250401,523.0,523.12,528.17,520.95,44522.0
20250402,523.2,519.01,527.67,516.8,33608.0
20250403,519.33,538.15,548.5,519.33,98559.0
20250404,538.0,522.51,551.75,518.61,155534.0
20250407,512.36,555.16,560.0,503.59,118379.0
20250408,552.98,548.0,585.4,547.46,190478.0
20250409,545.47,582.0,589.41,542.42,198759.0
20250410,577.19,591.0,601.88,576.3,143895.0
20250411,592.9,601.63,606.36,586.53,90528.0
20250414,600.93,587.95,600.93,579.29,68231.0
20250415,586.98,582.0,594.6,579.13,54656.0
20250416,584.98,581.1,594.81,581.1,61374.0
20250417,579.37,454.9,579.37,447.1,486491.0
20250421,454.11,425.4,454.95,424.66,215566.0
20250422,430.16,428.97,431.5,417.12,154622.0
20250423,430.81,427.99,438.85,423.75,136591.0
20250424,428.26,424.95,430.0,423.65,135503.0
20250425,425.5,418.5,427.1,412.02,157740.0
20250428,420.0,420.21,424.12,415.55,109182.0
20250429,421.99,408.5,422.0,408.5,165635.0
20250430,409.93,411.18,413.27,401.0,167527.0
20250501,412.23,400.28,413.9,399.5,158771.0
20250502,403.24,399.57,404.52,393.11,200774.0
20250505,399.5,405.2,409.7,397.59,142618.0
20250506,403.91,395.33,405.34,393.42,140103.0
20250507,396.08,391.4,396.36,385.7,138198.0
20250508,393.88,385.5,394.36,384.85,119582.0
20250509,386.34,380.2,387.0,378.54,137869.0
20250512,385.0,378.91,387.21,376.83,193525.0
20250513,379.52,318.5,380.82,309.1,1075714.0
20250514,319.98,283.13,326.0,283.13,707928.0
20250515,289.88,277.9,308.78,248.88,2274473.0
20250516,278.0,287.6,294.49,269.13,1300210.0
20250519,294.55,318.9,319.5,291.91,1121263.0
20250520,323.9,318.49,326.3,312.58,766194.0
20250521,315.8,293.5,317.34,288.8,757200.0
20250522,293.98,296.91,305.67,290.77,500640.0
20250523,297.01,294.75,302.54,291.64,301554.0
20250527,299.67,293.86,302.91,289.13,360739.0
20250528,294.92,298.94,303.79,292.46,291210.0
20250529,301.54,297.07,303.38,295.0,238189.0
20250530,297.89,302.14,305.64,295.83,281535.0
20250602,304.0,304.52,313.55,300.97,321638.0
20250603,304.99,300.61,306.43,300.01,218197.0
20250604,301.4,300.8,307.64,300.2,182790.0
20250605,301.88,293.24,302.42,290.63,205091.0
20250606,294.95,302.82,304.39,294.11,166372.0
20250609,303.09,303.31,307.4,301.14,170361.0
20250610,302.73,303.49,305.13,300.59,153329.0
20250611,303.75,310.17,311.58,301.2,248801.0
20250612,311.5,317.85,318.8,308.18,255387.0
20250613,314.0,312.99,317.43,311.91,199979.0
20250616,313.6,306.0,315.0,304.79,235402.0
20250617,306.4,306.3,309.95,305.51,171199.0
20250618,307.48,306.29,311.79,305.77,136859.0
20250620,308.5,302.35,310.2,301.25,265560.0
20250623,302.02,301.44,302.47,295.52,197191.0
20250624,302.3,304.71,305.82,299.32,145495.0
20250625,305.49,302.0,305.7,299.8,146323.0
20250626,302.4,302.84,306.71,301.29,109471.0
20250627,303.34,308.49,310.45,302.2,199414.0
20250630,310.0,311.4,312.38,306.34,158194.0
20250701,310.18,321.0,328.85,309.56,295020.0
20250702,324.0,308.98,324.11,306.43,320326.0
20250703,310.0,308.56,312.25,308.23,100178.0
20250707,308.55,303.36,310.0,301.2,149888.0
20250708,305.0,307.2,308.3,303.58,125581.0
20250709,307.28,302.22,307.51,298.75,222021.0
20250710,302.4,300.18,304.93,296.6,187849.0
20250711,300.24,303.11,304.12,298.0,158717.0
20250714,302.79,300.1,304.04,299.0,180067.0
20250715,300.12,291.1,300.68,291.0,267677.0
20250716,292.36,292.54,295.99,290.75,171165.0
20250717,293.0,287.83,294.16,283.83,229412.0
20250718,288.08,282.55,288.8,280.81,253585.0
20250721,284.4,282.46,286.5,281.2,176383.0
20250722,282.69,285.13,287.11,282.0,254450.0
20250723,286.02,290.5,292.64,284.95,229176.0
20250724,291.2,279.75,292.01,277.0,374522.0
20250725,280.3,281.6,286.14,273.03,290895.0
20250728,283.85,284.15,285.78,279.4,283298.0
20250729,284.88,262.69,290.5,260.55,705724.0
20250730,262.49,265.08,266.63,258.12,406628.0
20250731,264.31,250.0,264.6,247.75,523765.0
20250801,247.05,237.2,251.69,234.6,710724.0
20250804,239.6,240.8,245.13,236.95,316043.0
20250805,241.35,251.02,252.07,240.05,451003.0
20250806,253.75,245.7,255.49,244.55,233101.0
20250807,246.71,244.3,248.75,239.5,200299.0
20250808,244.58,251.0,251.08,243.99,176298.0
20250811,252.65,252.21,258.4,251.5,204197.0
20250812,253.5,262.55,262.88,252.4,209045.0
20250813,262.08,275.0,275.16,262.08,332676.0
20250814,275.0,300.5,300.73,267.0,440313.0
20250815,305.13,305.5,310.3,294.71,1200723.0
20250818,307.25,308.15,316.4,306.13,696264.0
20250819,308.9,301.02,310.5,299.21,369803.0
20250820,300.0,300.35,307.2,295.7,274949.0
20250821,300.35,303.03,306.57,297.8,226246.0
20250822,304.2,307.35,310.68,302.7,232916.0
20250825,307.4,304.0,308.99,302.73,148896.0
20250826,303.19,299.5,308.96,294.22,271766.0
20250827,300.24,303.44,305.97,297.72,147065.0
20250828,303.84,301.97,305.0,299.51,189338.0
20250829,302.16,309.1,310.0,300.0,207670.0
20250902,310.0,308.5,312.89,307.02,175656.0
20250903,309.5,306.6,309.7,303.7,137600.0
20250904,307.4,309.35,311.92,304.1,122249.0
20250905,309.61,315.5,317.94,308.2,203994.0
20250908,317.0,320.45,323.75,313.8,252685.0
20250909,320.61,347.8,351.71,320.18,798710.0
20250910,348.12,346.72,350.23,341.4,273743.0
20250911,345.83,353.8,360.98,345.03,320238.0
20250912,355.2,352.99,362.31,352.4,221795.0
20250915,353.0,348.2,356.79,342.53,169837.0
20250916,348.24,340.19,349.84,338.32,211366.0
20250917,339.25,343.0,343.5,336.5,126541.0
20250918,343.63,335.0,346.04,333.8,183802.0
20250919,335.25,337.1,340.96,333.65,216855.0
20250922,337.04,341.44,342.48,331.52,120311.0
20250923,340.23,348.83,352.7,339.39,199579.0
20250924,349.34,352.5,354.5,347.2,153497.0
20250925,352.0,346.18,353.0,343.6,129679.0
20250926,344.0,343.35,349.97,341.3,104378.0
20250929,344.8,344.73,345.8,341.45,108192.0
20250930,343.81,344.72,349.32,342.33,112880.0
20251001,342.67,348.48,348.7,341.63,128627.0
20251002,348.0,353.28,355.08,344.65,132559.0
20251003,355.39,360.74,368.0,354.5,224466.0
20251006,361.18,359.49,363.62,357.11,111275.0
20251007,359.17,364.39,364.96,358.06,112800.0
20251008,364.68,370.7,374.63,363.82,153852.0
20251009,371.38,366.9,376.22,366.08,139338.0
20251010,367.81,347.34,369.8,340.08,206522.0
20251013,356.98,358.3,359.48,350.8,87598.0
20251014,355.43,359.86,362.33,353.0,89477.0
20251015,360.32,360.5,364.22,355.85,96834.0
20251016,360.97,354.25,362.69,354.0,92043.0
20251017,349.2,355.0,358.39,343.0,91065.0
20251020,357.53,364.3,365.57,356.0,90918.0
20251021,363.51,365.63,373.0,361.5,102955.0
20251022,365.47,357.25,366.0,356.0,124413.0
20251023,356.84,360.0,362.28,353.64,88524.0
20251024,361.36,363.74,365.42,360.0,83161.0
20251027,364.27,368.35,368.96,361.4,113857.0
20251028,368.25,367.06,390.0,358.63,311208.0
20251029,367.89,354.2,369.39,353.88,185265.0
20251030,355.01,345.5,356.11,343.6,158441.0
20251031,344.25,340.71,346.28,337.12,122382.0
20251103,342.0,331.0,342.77,326.6,213252.0
20251104,328.31,327.5,336.5,326.0,156610.0
20251105,329.5,327.05,330.8,324.22,175602.0
20251106,327.8,319.33,332.37,318.93,141232.0
20251107,319.32,325.1,325.5,314.16,166600.0
20251110,321.12,321.84,324.25,317.0,173297.0
20251111,322.0,328.35,328.56,319.88,137504.0
20251112,328.86,339.8,343.17,327.08,202081.0
20251113,341.57,332.29,342.5,331.05,140532.0
20251114,330.0,320.66,332.52,318.61,171529.0
20251117,320.34,319.51,327.88,318.5,123306.0
20251118,319.35,311.8,320.0,308.77,178188.0
20251119,313.03,310.11,315.0,304.53,155710.0
20251120,311.46,309.0,314.75,308.01,142429.0
20251121,309.64,320.69,323.84,306.7,147268.0
20251124,321.88,318.52,329.36,317.62,169772.0
20251125,318.51,327.3,328.0,318.51,111010.0
20251126,327.27,331.32,335.19,325.55,100134.0
20251128,331.91,329.5,332.39,328.88,45540.0
20251201,329.84,322.75,330.46,322.03,102681.0
20251202,321.82,324.52,328.7,321.82,102062.0
20251203,325.24,340.5,341.41,324.0,187085.0
20251204,340.07,333.11,341.26,328.72,143202.0
20251205,333.96,330.48,336.58,328.51,108687.0
20251208,329.04,323.11,330.28,322.5,90801.0
20251209,323.0,323.0,326.36,322.48,75779.0
20251210,323.79,327.01,329.06,319.6,108509.0
20251211,327.16,336.78,339.25,324.79,130986.0
20251212,337.29,341.0,344.98,336.8,151387.0
20251215,341.87,339.56,344.96,337.0,112459.0
20251216,338.85,334.05,340.99,331.03,116712.0
20251217,334.0,330.2,335.52,330.0,80911.0
20251218,328.56,327.29,330.5,324.57,118662.0
20251219,328.5,326.8,334.6,326.07,190296.0
20251222,326.99,324.92,329.8,321.65,139655.0
20251223,324.9,324.45,327.8,323.74,75054.0
20251224,324.72,327.0,328.99,324.13,46964.0
20251226,327.0,331.4,331.89,326.26,63454.0
20251229,331.31,327.69,334.25,327.35,73442.0
20251230,328.79,331.36,336.15,328.5,84948.0
20251231,331.71,329.75,333.33,329.33,80186.0
20260102,330.88,336.62,340.26,327.5,116089.0
20260105,335.05,341.94,346.94,333.85,148737.0
20260106,342.7,348.99,352.61,341.1,184350.0
20260107,348.0,341.09,350.11,338.04,134786.0
20260108,341.38,350.28,352.88,340.0,92276.0
20260109,350.0,344.01,350.0,342.48,76659.0
20260112,342.5,339.86,343.99,333.33,133993.0
20260113,339.41,334.6,343.02,332.85,104450.0
20260114,333.77,334.47,340.11,333.0,107921.0
20260115,334.86,338.81,339.64,328.06,126251.0
20260116,338.73,331.5,339.13,330.43,126037.0
20260120,327.59,337.49,339.89,325.89,137937.0
20260121,337.94,347.46,348.35,333.45,167019.0
20260122,347.75,353.85,354.95,345.38,147337.0
20260123,353.2,355.02,357.87,352.42,156391.0
20260126,354.49,321.22,355.2,315.0,200588.0
20260127,321.92,283.6,324.0,280.4,1314302.0
20260128,284.5,292.57,294.94,282.24,486688.0
20260129,293.2,291.27,295.97,289.22,267311.0
20260130,290.01,286.28,292.95,284.7,208514.0
20260202,283.5,286.24,290.4,282.14,164117.0
20260203,286.7,282.85,288.09,278.6,213819.0
20260204,282.71,275.4,285.67,274.05,234130.0
20260205,275.01,259.38,276.89,258.43,258346.0
20260206,261.48,276.1,277.81,259.03,185317.0
20260209,278.0,275.1,280.18,273.32,168547.0
20260210,275.79,273.12,279.49,272.52,141627.0
20260211,273.77,278.9,279.69,269.8,126513.0
20260212,279.5,283.77,286.31,275.81,260101.0
20260213,284.13,292.65,293.98,282.76,213024.0
20260217,292.8,288.83,294.23,287.0,121059.0
20260218,290.0,287.72,290.6,286.29,131416.0
20260219,288.3,289.83,290.89,286.89,84453.0
20260220,289.9,288.75,290.8,285.55,113603.0
20260223,288.59,282.22,291.77,281.48,145560.0
20260224,282.76,273.6,282.76,271.8,196568.0
20260225,275.39,283.63,284.74,273.61,167948.0
20260226,283.83,286.13,295.26,283.37,138375.0
20260227,286.46,292.14,294.13,283.85,149049.0
20260302,288.15,293.3,295.31,286.57,143864.0
20260303,289.68,288.95,293.74,284.36,118649.0
20260304,287.25,291.71,294.34,286.1,111600.0
20260305,290.05,289.0,291.96,286.74,102676.0
20260306,288.97,285.95,291.33,283.05,116023.0
20260309,279.98,283.97,285.2,278.66,160994.0
20260310,284.99,281.85,287.58,278.9,107289.0
20260311,282.8,283.0,286.22,280.6,110048.0
20260312,283.85,277.0,287.56,276.29,206012.0
20260313,276.89,281.85,282.88,276.24,89467.0
20260316,281.32,285.86,287.4,281.01,92779.0
20260317,284.4,287.12,288.99,284.07,93458.0
20260318,287.55,283.73,288.4,283.0,78677.0
20260319,282.83,280.55,287.55,279.3,102600.0
20260320,280.0,278.11,283.1,275.0,827394.0
20260323,273.48,269.81,281.5,269.04,198267.0
20260324,270.13,272.95,273.38,267.59,106076.0
20260325,273.51,269.5,276.08,267.11,135557.0
20260326,269.36,267.0,274.64,267.0,113219.0
20260327,268.16,257.51,269.14,255.96,214971.0
20260330,258.52,260.18,262.33,256.67,146445.0
20260331,262.99,270.69,271.88,262.12,130339.0
20260401,272.0,273.5,275.3,269.51,92400.0
20260402,270.97,277.2,279.04,269.44,97164.0
20260406,277.0,303.15,313.19,276.11,130368.0
20260407,299.0,310.5,312.43,295.32,442678.0
20260408,310.5,304.56,313.39,304.23,158293.0
20260409,303.76,306.11,307.89,303.53,84165.0
20260410,306.13,304.8,310.37,304.2,102671.0
20260413,303.8,312.77,313.5,302.16,132470.0
20260414,312.01,314.59,319.62,311.51,91401.0
20260415,314.06,313.66,317.76,311.14,95597.0
20260416,313.71,317.0,318.61,313.11,92631.0
20260417,316.11,324.0,325.27,316.11,160477.0
20260420,321.11,325.03,325.4,320.12,171881.0
20260421,324.32,345.01,357.68,323.1,503198.0
20260422,346.91,352.9,358.56,344.0,227890.0
20260423,351.66,354.48,356.85,350.3,140997.0
20260424,353.8,354.2,358.28,350.56,125522.0
20260427,350.85,353.6,356.49,348.95,116384.0
20260428,353.2,366.5,369.63,352.8,197539.0
20260429,366.45,369.0,370.84,363.0,171082.0
20260430,367.13,369.25,371.99,363.0,120742.0
20260501,369.4,368.2,372.9,367.02,76759.0
20260504,367.55,370.1,370.83,364.65,93215.0
20260505,369.68,362.0,371.8,360.54,111134.0
20260506,359.46,364.81,368.55,357.07,107680.0
20260507,367.5,368.78,369.81,364.72,97464.0
20260508,369.01,379.35,379.98,368.27,119199.0
20260511,379.12,383.25,384.81,376.07,127949.0
20260512,383.31,396.01,397.42,382.0,182850.0
20260513,395.4,400.53,404.15,389.23,160318.0
20260514,400.0,398.26,402.5,396.0,100115.0
20260515,397.89,375.46,398.3,375.0,156856.0
20260518,374.21,390.33,392.02,365.99,143086.0
20260519,389.02,387.12,394.99,387.0,93943.0
20260520,388.85,382.1,393.38,380.7,147836.0
20260521,382.14,381.58,386.11,380.54,86317.0
20260522,382.35,387.3,390.54,380.8,93254.0
20260526,388.01,376.8,388.51,376.25,114329.0
20260527,376.03,383.51,384.53,375.0,88655.0
20260528,382.79,381.6,389.26,380.95,78451.0
20260529,381.48,379.58,385.12,375.45,183968.0
20260601,378.0,378.35,383.35,375.5,124690.0
20260602,378.0,376.75,380.08,374.72,74699.0
20260603,377.42,376.89,387.46,376.21,118360.0
20260604,376.35,396.94,401.38,376.35,178833.0
20260605,396.2,396.6,404.04,395.2,174819.0
20260608,396.77,406.68,408.71,393.0,116333.0
20260609,406.0,411.75,413.0,405.0,143277.0
20260610,411.47,404.89,415.98,404.5,122350.0
20260611,405.0,404.65,409.98,403.11,94032.0
20260612,404.71,408.78,409.89,403.41,120344.0
20260615,406.42,410.81,414.16,399.65,119085.0
20260616,411.2,407.21,412.0,405.0,96375.0
20260617,406.75,399.9,411.16,398.49,119239.0
20260618,400.58,400.08,406.2,397.95,240931.0
202606220801,400.44,400.44,400.44,400.44,1.0
202606220802,400.44,400.44,400.44,400.44,0.0
202606220803,400.44,400.44,400.44,400.44,0.0
202606220804,400.44,400.44,400.44,400.44,0.0
202606220805,399.91,399.89,399.91,399.89,2.0
202606220806,399.79,400.53,400.53,399.79,14.0
202606220807,399.66,399.85,399.85,399.66,4.0
202606220808,399.85,399.85,399.85,399.85,0.0
202606220809,399.85,399.85,399.85,399.85,0.0
202606220810,399.85,399.85,399.85,399.85,0.0
202606220811,399.85,399.85,399.85,399.85,0.0
202606220812,400.07,399.94,400.07,399.94,7.0
202606220813,399.94,399.94,399.94,399.94,0.0
202606220814,399.94,399.94,399.94,399.94,0.0
202606220815,399.94,399.94,399.94,399.94,0.0
202606220816,399.94,399.94,399.94,399.94,0.0
202606220817,399.94,399.94,399.94,399.94,0.0
202606220818,399.94,399.94,399.94,399.94,0.0
202606220819,400.1,400.1,400.1,400.1,1.0
202606220820,400.1,400.1,400.1,400.1,0.0
202606220821,400.1,400.1,400.1,400.1,0.0
202606220822,400.1,400.1,400.1,400.1,0.0
202606220823,400.1,400.1,400.1,400.1,0.0
202606220824,400.1,400.1,400.1,400.1,0.0
202606220825,400.1,400.1,400.1,400.1,0.0
202606220826,400.1,400.1,400.1,400.1,0.0
202606220827,400.1,400.1,400.1,400.1,0.0
202606220828,400.1,400.1,400.1,400.1,0.0
202606220829,400.1,400.1,400.1,400.1,0.0
202606220830,400.1,400.1,400.1,400.1,0.0
202606220831,400.02,399.86,400.02,399.86,2.0
202606220832,399.86,399.86,399.86,399.86,0.0
202606220833,399.86,399.86,399.86,399.86,0.0
202606220834,399.7,399.67,399.7,399.67,2.0
202606220835,399.67,399.67,399.67,399.67,0.0
202606220836,399.67,399.67,399.67,399.67,0.0
202606220837,399.67,399.67,399.67,399.67,0.0
202606220838,399.67,399.67,399.67,399.67,0.0
202606220839,399.67,399.67,399.67,399.67,0.0
202606220840,399.67,399.67,399.67,399.67,0.0
202606220841,399.67,399.67,399.67,399.67,0.0
202606220842,399.67,399.67,399.67,399.67,0.0
202606220843,399.67,399.67,399.67,399.67,0.0
202606220844,399.67,399.67,399.67,399.67,0.0
202606220845,399.67,399.67,399.67,399.67,0.0
202606220846,399.67,399.67,399.67,399.67,0.0
202606220847,399.67,399.67,399.67,399.67,0.0
202606220848,399.67,399.67,399.67,399.67,0.0
202606220849,399.67,399.67,399.67,399.67,0.0
202606220850,399.67,399.67,399.67,399.67,0.0
202606220851,399.67,399.67,399.67,399.67,0.0
202606220852,399.67,399.67,399.67,399.67,0.0
202606220853,399.67,399.67,399.67,399.67,0.0
202606220854,399.67,399.67,399.67,399.67,0.0
202606220855,399.67,399.67,399.67,399.67,0.0
202606220856,399.67,399.67,399.67,399.67,0.0
202606220857,399.67,399.67,399.67,399.67,0.0
202606220858,399.67,399.67,399.67,399.67,0.0
202606220859,399.69,399.69,399.69,399.69,1.0
202606220900,399.69,399.69,399.69,399.69,0.0
202606220901,399.69,399.69,399.69,399.69,0.0
202606220902,399.69,399.69,399.69,399.69,0.0
202606220903,399.69,399.69,399.69,399.69,0.0
202606220904,399.69,399.69,399.69,399.69,0.0
202606220905,399.69,399.69,399.69,399.69,0.0
202606220906,399.69,399.69,399.69,399.69,0.0
202606220907,399.69,399.69,399.69,399.69,0.0
202606220908,399.69,399.69,399.69,399.69,0.0
202606220909,399.69,399.69,399.69,399.69,0.0
202606220910,399.69,399.69,399.69,399.69,0.0
202606220911,399.69,399.69,399.69,399.69,0.0
202606220912,399.69,399.69,399.69,399.69,0.0
202606220913,399.69,399.69,399.69,399.69,0.0
202606220914,399.69,399.69,399.69,399.69,0.0
202606220915,399.69,399.69,399.69,399.69,0.0
202606220916,399.69,399.69,399.69,399.69,0.0
202606220917,399.69,399.69,399.69,399.69,0.0
202606220918,399.69,399.69,399.69,399.69,0.0
202606220919,399.69,399.69,399.69,399.69,0.0
202606220920,399.69,399.69,399.69,399.69,0.0
202606220921,399.69,399.69,399.69,399.69,0.0
202606220922,399.69,399.69,399.69,399.69,0.0
202606220923,399.69,399.69,399.69,399.69,0.0
202606220924,399.69,399.69,399.69,399.69,0.0
202606220925,399.69,399.69,399.69,399.69,0.0
202606220926,399.69,399.69,399.69,399.69,0.0
202606220927,399.69,399.69,399.69,399.69,0.0
202606220928,399.69,399.69,399.69,399.69,0.0
202606220929,399.69,399.69,399.69,399.69,0.0
202606220930,399.69,399.69,399.69,399.69,0.0
202606220931,399.69,399.69,399.69,399.69,0.0
202606220932,399.69,399.69,399.69,399.69,0.0
202606220933,399.69,399.69,399.69,399.69,0.0
202606220934,399.69,399.69,399.69,399.69,0.0
202606220935,399.69,399.69,399.69,399.69,0.0
202606220936,399.69,399.69,399.69,399.69,0.0
202606220937,399.69,399.69,399.69,399.69,0.0
202606220938,399.69,399.69,399.69,399.69,0.0
202606220939,399.69,399.69,399.69,399.69,0.0
202606220940,399.69,399.69,399.69,399.69,0.0
202606220941,399.69,399.69,399.69,399.69,0.0
202606220942,399.69,399.69,399.69,399.69,0.0
202606220943,399.69,399.69,399.69,399.69,0.0
202606220944,399.69,399.69,399.69,399.69,0.0
202606220945,399.69,399.69,399.69,399.69,0.0
202606220946,399.69,399.69,399.69,399.69,0.0
202606220947,399.69,399.69,399.69,399.69,0.0
202606220948,399.69,399.69,399.69,399.69,0.0
202606220949,399.69,399.69,399.69,399.69,0.0
202606220950,399.69,399.69,399.69,399.69,0.0
202606220951,399.69,399.69,399.69,399.69,0.0
202606220952,399.69,399.69,399.69,399.69,0.0
202606220953,399.69,399.69,399.69,399.69,0.0
202606220954,399.69,399.69,399.69,399.69,0.0
202606220955,399.69,399.69,399.69,399.69,0.0
202606220956,399.69,399.69,399.69,399.69,0.0
202606220957,399.69,399.69,399.69,399.69,0.0
202606220958,399.69,399.69,399.69,399.69,0.0
202606220959,399.69,399.69,399.69,399.69,0.0
202606221000,399.69,399.69,399.69,399.69,0.0
202606221001,399.69,399.69,399.69,399.69,0.0
202606221002,400.0,400.0,400.0,400.0,1.0
202606221003,400.0,400.0,400.0,400.0,0.0
202606221004,400.0,400.0,400.0,400.0,0.0
202606221005,400.0,400.0,400.0,400.0,0.0
202606221006,400.0,400.0,400.0,400.0,0.0
202606221007,400.0,400.0,400.0,400.0,0.0
202606221008,400.0,400.0,400.0,400.0,0.0
202606221009,400.0,400.0,400.0,400.0,0.0
202606221010,400.0,400.0,400.0,400.0,0.0
202606221011,400.0,400.0,400.0,400.0,0.0
202606221012,400.0,400.0,400.0,400.0,0.0
202606221013,400.0,400.0,400.0,400.0,0.0
202606221014,400.0,400.0,400.0,400.0,0.0
202606221015,400.0,400.0,400.0,400.0,0.0
202606221016,400.0,400.0,400.0,400.0,0.0
202606221017,400.0,400.0,400.0,400.0,0.0
202606221018,400.0,400.0,400.0,400.0,0.0
202606221019,400.0,400.0,400.0,400.0,0.0
202606221020,400.0,400.0,400.0,400.0,0.0
202606221021,400.0,400.0,400.0,400.0,0.0
202606221022,400.0,400.0,400.0,400.0,0.0
202606221023,400.0,400.0,400.0,400.0,0.0
202606221024,400.0,400.0,400.0,400.0,0.0
202606221025,400.0,400.0,400.0,400.0,0.0
202606221026,400.0,400.0,400.0,400.0,0.0
202606221027,400.0,400.0,400.0,400.0,0.0
202606221028,400.0,400.0,400.0,400.0,0.0
202606221029,400.0,400.0,400.0,400.0,0.0
202606221030,400.0,400.0,400.0,400.0,0.0
202606221031,400.0,400.0,400.0,400.0,0.0
202606221032,400.0,400.0,400.0,400.0,0.0
202606221033,400.0,400.0,400.0,400.0,0.0
202606221034,400.0,400.0,400.0,400.0,0.0
202606221035,400.0,400.0,400.0,400.0,0.0
202606221036,400.0,400.0,400.0,400.0,0.0
202606221037,400.0,400.0,400.0,400.0,0.0
202606221038,400.0,400.0,400.0,400.0,0.0
202606221039,400.0,400.0,400.0,400.0,0.0
202606221040,400.0,400.0,400.0,400.0,0.0
202606221041,400.0,400.0,400.0,400.0,0.0
202606221042,400.0,400.0,400.0,400.0,0.0
202606221043,400.0,400.0,400.0,400.0,0.0
202606221044,400.0,400.0,400.0,400.0,0.0
202606221045,400.0,400.0,400.0,400.0,0.0
202606221046,400.0,400.0,400.0,400.0,0.0
202606221047,400.0,400.0,400.0,400.0,0.0
202606221048,400.0,400.0,400.0,400.0,0.0
202606221049,400.0,400.0,400.0,400.0,0.0
202606221050,400.0,400.0,400.0,400.0,0.0
202606221051,400.0,400.0,400.0,400.0,0.0
202606221052,400.0,400.0,400.0,400.0,0.0
202606221053,400.0,400.0,400.0,400.0,0.0
202606221054,400.0,400.0,400.0,400.0,0.0
202606221055,400.0,400.0,400.0,400.0,0.0
202606221056,400.0,400.0,400.0,400.0,0.0
202606221057,400.0,400.0,400.0,400.0,0.0
202606221058,400.19,400.19,400.19,400.19,1.0
202606221059,400.19,400.19,400.19,400.19,0.0
202606221100,400.0,400.14,400.14,399.86,7.0
202606221101,400.14,400.14,400.14,400.14,0.0
202606221102,400.14,400.14,400.14,400.14,0.0
202606221103,400.14,400.14,400.14,400.14,0.0
202606221104,399.97,399.97,399.97,399.97,1.0
202606221105,400.2,400.2,400.2,400.2,5.0
202606221106,400.2,400.2,400.2,400.2,0.0
202606221107,400.2,400.2,400.2,400.2,0.0
202606221108,400.2,400.2,400.2,400.2,0.0
202606221109,400.0,400.0,400.0,400.0,2.0
202606221110,400.0,400.0,400.0,400.0,0.0
202606221111,400.0,400.0,400.0,400.0,0.0
202606221112,400.0,400.0,400.0,400.0,0.0
202606221113,399.8,399.8,399.8,399.8,6.0
202606221114,399.8,399.8,399.8,399.8,0.0
202606221115,399.8,399.8,399.8,399.8,0.0
202606221116,399.8,399.8,399.8,399.8,0.0
202606221117,399.8,399.8,399.8,399.8,0.0
202606221118,400.02,400.02,400.02,400.02,2.0
202606221119,400.02,400.02,400.02,400.02,0.0
202606221120,400.02,400.02,400.02,400.02,0.0
202606221121,400.02,400.02,400.02,400.02,0.0
202606221122,400.02,400.02,400.02,400.02,0.0
202606221123,400.02,400.02,400.02,400.02,0.0
202606221124,400.0,400.0,400.0,400.0,2.0
202606221125,400.0,400.0,400.0,400.0,0.0
202606221126,400.0,400.0,400.0,400.0,0.0
202606221127,400.0,400.0,400.0,400.0,0.0
202606221128,400.0,400.0,400.0,400.0,0.0
202606221129,400.0,400.0,400.0,400.0,0.0
202606221130,400.0,400.0,400.0,400.0,0.0
202606221131,400.0,400.0,400.0,400.0,0.0
202606221132,400.0,400.0,400.0,400.0,0.0
202606221133,400.0,400.0,400.0,400.0,0.0
202606221134,400.0,400.0,400.0,400.0,0.0
202606221135,400.0,400.0,400.0,400.0,0.0
202606221136,400.26,400.29,400.29,400.26,21.0
202606221137,400.29,400.02,400.29,400.02,25.0
202606221138,400.02,400.02,400.02,400.02,0.0
202606221139,400.02,400.02,400.02,400.02,0.0
202606221140,400.02,400.02,400.02,400.02,0.0
202606221141,400.02,400.02,400.02,400.02,0.0
202606221142,400.02,400.02,400.02,400.02,0.0
202606221143,400.02,400.02,400.02,400.02,0.0
202606221144,400.02,400.02,400.02,400.02,0.0
202606221145,400.02,400.02,400.02,400.02,0.0
202606221146,400.02,400.02,400.02,400.02,0.0
202606221147,400.02,400.02,400.02,400.02,0.0
202606221148,400.29,400.28,400.29,400.28,2.0
202606221149,400.28,400.28,400.28,400.28,0.0
202606221150,400.28,400.28,400.28,400.28,0.0
202606221151,400.28,400.28,400.28,400.28,0.0
202606221152,400.28,400.28,400.28,400.28,0.0
202606221153,400.28,400.28,400.28,400.28,0.0
202606221154,400.28,400.28,400.28,400.28,0.0
202606221155,400.28,400.28,400.28,400.28,0.0
202606221156,400.29,400.57,400.57,400.29,39.0
202606221157,400.57,400.57,400.57,400.57,0.0
202606221158,400.5,400.5,400.5,400.5,1.0
202606221159,400.6,399.89,400.6,399.89,5.0
202606221200,400.0,400.0,400.0,399.99,1.0
202606221201,400.0,400.0,400.0,400.0,0.0
202606221202,400.0,400.0,400.0,400.0,0.0
202606221203,400.0,400.0,400.0,400.0,0.0
202606221204,400.0,400.0,400.0,400.0,0.0
202606221205,400.0,400.0,400.0,400.0,0.0
202606221206,400.0,400.0,400.0,400.0,0.0
202606221207,400.0,400.0,400.0,400.0,0.0
202606221208,400.0,400.0,400.0,400.0,0.0
202606221209,400.0,400.0,400.0,400.0,0.0
202606221210,400.0,400.0,400.0,400.0,0.0
202606221211,400.0,400.0,400.0,400.0,0.0
202606221212,400.0,400.0,400.0,400.0,0.0
202606221213,400.0,400.0,400.0,400.0,0.0
202606221214,400.78,400.79,400.79,400.78,2.0
202606221215,400.79,400.79,400.79,400.79,0.0
202606221216,400.79,400.79,400.79,400.79,0.0
202606221217,400.79,400.79,400.79,400.79,0.0
202606221218,400.79,400.79,400.79,400.79,0.0
202606221219,400.79,400.79,400.79,400.79,0.0
202606221220,400.79,400.79,400.79,400.79,0.0
202606221221,400.79,400.79,400.79,400.79,0.0
202606221222,400.79,400.79,400.79,400.79,0.0
202606221223,400.79,400.79,400.79,400.79,0.0
202606221224,400.79,400.79,400.79,400.79,0.0
202606221225,400.71,400.71,400.71,400.71,2.0
202606221226,400.71,400.71,400.71,400.71,0.0
202606221227,400.71,400.71,400.71,400.71,0.0
202606221228,400.72,400.72,400.72,400.72,2.0
202606221229,400.72,400.72,400.72,400.72,0.0
202606221230,400.72,400.72,400.72,400.72,0.0
202606221231,400.72,400.72,400.72,400.72,0.0
202606221232,400.9,400.82,400.9,400.82,3.0
202606221233,400.53,400.53,400.53,400.52,3.0
202606221234,400.57,401.0,401.0,400.56,5.0
202606221235,401.0,401.0,401.0,401.0,0.0
202606221236,401.0,401.0,401.0,401.0,0.0
202606221237,401.0,401.0,401.0,401.0,0.0
202606221238,401.0,401.0,401.0,401.0,0.0
202606221239,401.0,401.0,401.0,401.0,0.0
202606221240,401.0,401.0,401.0,401.0,0.0
202606221241,401.0,401.0,401.0,401.0,0.0
202606221242,401.0,401.0,401.0,401.0,0.0
202606221243,401.0,401.0,401.0,401.0,0.0
202606221244,400.54,400.51,400.54,400.51,2.0
202606221245,400.51,400.51,400.51,400.51,0.0
202606221246,400.51,400.51,400.51,400.51,0.0
202606221247,400.51,400.51,400.51,400.51,0.0
202606221248,400.51,400.51,400.51,400.51,0.0
202606221249,400.55,400.55,400.55,400.55,2.0
202606221250,400.55,400.55,400.55,400.55,0.0
202606221251,400.59,400.59,400.59,400.59,1.0
202606221252,400.59,400.59,400.59,400.59,0.0
202606221253,400.59,400.59,400.59,400.59,0.0
202606221254,400.57,400.56,400.57,400.56,3.0
202606221255,400.56,400.56,400.56,400.56,0.0
202606221256,400.56,400.56,400.56,400.56,0.0
202606221257,400.56,400.56,400.56,400.56,0.0
202606221258,400.56,400.56,400.56,400.56,0.0
202606221259,400.56,400.56,400.56,400.56,0.0
202606221300,400.56,400.56,400.56,400.56,0.0
202606221301,400.56,400.56,400.56,400.56,0.0
202606221302,400.89,400.89,400.89,400.89,6.0
202606221303,400.89,400.89,400.89,400.89,0.0
202606221304,400.89,400.89,400.89,400.89,0.0
202606221305,400.76,400.76,400.76,400.76,2.0
202606221306,400.76,400.76,400.76,400.76,0.0
202606221307,400.55,400.55,400.55,400.55,2.0
202606221308,400.55,400.55,400.55,400.55,0.0
202606221309,400.55,400.55,400.55,400.55,0.0
202606221310,400.55,400.55,400.55,400.55,0.0
202606221311,400.55,400.55,400.55,400.55,0.0
202606221312,400.57,400.57,400.57,400.57,1.0
202606221313,400.57,400.57,400.57,400.57,0.0
202606221314,400.57,400.57,400.57,400.57,0.0
202606221315,400.57,400.57,400.57,400.57,0.0
202606221316,400.57,400.57,400.57,400.57,0.0
202606221317,400.57,400.57,400.57,400.57,0.0
202606221318,400.3,400.6,400.6,400.3,3.0
202606221319,400.6,400.6,400.6,400.6,0.0
202606221320,400.6,400.6,400.6,400.6,0.0
202606221321,400.6,400.6,400.6,400.6,0.0
202606221322,400.6,400.6,400.6,400.6,0.0
202606221323,400.6,400.6,400.6,400.6,0.0
202606221324,400.93,400.93,400.93,400.93,1.0
202606221325,401.0,401.01,401.01,401.0,6.0
202606221326,401.28,401.48,401.5,401.22,16.0
202606221327,401.48,401.48,401.48,401.48,0.0
202606221328,401.97,402.28,402.52,401.86,26.0
202606221329,401.85,402.0,402.0,401.85,3.0
202606221330,402.14,403.53,404.23,402.14,2216.0
202606221331,403.51,405.91,406.33,403.51,567.0
202606221332,406.05,405.2,406.49,404.95,303.0
202606221333,405.44,405.64,406.5,405.4,324.0
202606221334,405.64,406.3,406.75,405.63,212.0
202606221335,406.35,407.17,407.17,406.24,565.0
202606221336,407.2,406.62,407.37,406.42,206.0
202606221337,406.79,405.49,407.14,405.49,263.0
202606221338,405.8,405.65,405.83,405.15,153.0
202606221339,405.8,405.79,406.2,405.61,134.0
202606221340,405.77,405.59,406.19,405.52,148.0
202606221341,405.59,405.16,405.7,404.79,161.0
202606221342,405.04,405.97,406.18,405.04,263.0
202606221343,405.97,405.55,406.02,405.48,59.0
202606221344,405.22,405.18,405.29,404.91,50.0
202606221345,405.46,404.75,405.64,404.75,253.0
202606221346,404.44,404.62,404.72,404.18,225.0
202606221347,404.45,404.38,404.78,404.16,187.0
202606221348,404.45,404.9,405.1,404.43,101.0
202606221349,404.99,404.91,404.99,404.6,92.0
202606221350,404.64,404.39,404.64,404.06,122.0
202606221351,404.41,404.82,404.82,404.28,229.0
202606221352,404.79,405.0,405.08,404.65,158.0
202606221353,405.11,405.4,405.48,404.89,469.0
202606221354,405.35,405.5,405.73,405.35,69.0
202606221355,405.53,406.14,406.52,405.28,268.0
202606221356,406.18,406.65,406.71,406.18,142.0
202606221357,406.7,406.41,406.72,406.3,146.0
202606221358,406.39,406.42,406.5,405.96,144.0
202606221359,406.45,406.74,406.85,406.35,199.0
202606221400,406.75,407.54,407.54,406.74,539.0
202606221401,407.55,406.19,407.6,405.92,467.0
202606221402,406.1,405.6,406.2,405.44,349.0
202606221403,405.73,405.39,406.0,405.31,370.0
202606221404,405.25,404.81,405.36,404.74,352.0
202606221405,404.81,404.96,405.01,404.64,130.0
202606221406,404.87,404.43,404.93,404.36,188.0
202606221407,404.5,404.62,404.63,404.43,139.0
202606221408,404.66,404.72,405.15,404.5,305.0
202606221409,404.82,404.95,404.98,404.66,165.0
202606221410,404.95,404.61,405.03,404.6,145.0
202606221411,404.8,404.88,405.12,404.75,309.0
202606221412,404.87,404.75,404.97,404.61,206.0
202606221413,404.87,404.66,404.87,404.46,65.0
202606221414,404.66,404.63,404.71,404.55,144.0
202606221415,404.61,404.86,404.87,404.36,141.0
202606221416,404.84,404.76,405.03,404.68,206.0
202606221417,404.87,404.31,404.87,404.15,101.0
202606221418,404.31,404.06,404.36,403.96,173.0
202606221419,404.14,404.3,404.3,404.12,121.0
202606221420,404.2,404.41,404.79,404.2,516.0
202606221421,404.55,404.52,404.76,404.36,121.0
202606221422,404.36,404.44,404.5,404.28,138.0
202606221423,404.44,404.39,404.48,404.39,71.0
202606221424,404.39,404.26,404.39,404.01,117.0
202606221425,404.37,404.71,404.9,404.36,112.0
202606221426,404.71,404.88,405.0,404.71,128.0
202606221427,404.97,404.91,404.97,404.68,121.0
202606221428,404.88,404.76,404.98,404.76,215.0
202606221429,404.74,404.6,404.8,404.56,174.0
202606221430,404.68,404.83,404.83,404.56,65.0
202606221431,404.81,404.52,404.96,404.44,151.0
202606221432,404.39,404.47,404.58,404.39,53.0
202606221433,404.57,404.64,404.72,404.46,170.0
202606221434,404.63,404.49,404.64,404.4,113.0
202606221435,404.43,404.5,404.53,404.4,78.0
202606221436,404.43,404.57,404.65,404.31,167.0
202606221437,404.57,404.47,404.57,404.36,87.0
202606221438,404.39,404.37,404.5,404.27,150.0
202606221439,404.34,404.54,404.54,404.33,60.0
202606221440,404.5,404.3,404.52,404.26,172.0
202606221441,404.25,404.06,404.29,404.06,69.0
202606221442,404.15,404.22,404.26,404.12,72.0
202606221443,404.22,404.1,404.39,404.0,202.0
202606221444,404.1,404.24,404.32,404.01,133.0
202606221445,404.21,404.61,404.68,404.2,104.0
202606221446,404.6,404.77,404.77,404.6,156.0
202606221447,404.77,404.76,404.91,404.61,141.0
202606221448,404.72,404.55,404.77,404.54,106.0
202606221449,404.54,404.07,404.69,404.07,285.0
202606221450,404.07,404.4,404.41,403.98,255.0
202606221451,404.38,404.56,404.65,404.37,117.0
202606221452,404.57,404.31,404.57,404.26,216.0
202606221453,404.24,404.38,404.43,404.18,221.0
202606221454,404.42,404.3,404.42,404.2,145.0
202606221455,404.35,404.14,404.48,404.02,149.0
202606221456,404.17,404.33,404.38,404.04,157.0
202606221457,404.34,404.62,404.62,404.33,297.0
202606221458,404.66,404.88,404.88,404.66,235.0
202606221459,404.86,404.97,405.0,404.73,398.0
202606221500,404.95,404.75,404.95,404.6,421.0
202606221501,404.67,404.68,404.77,404.5,688.0
202606221502,404.59,404.73,404.77,404.5,144.0
202606221503,404.73,405.45,405.47,404.62,318.0
202606221504,405.4,405.59,405.6,405.02,268.0
202606221505,405.6,405.5,405.74,405.05,1172.0
202606221506,405.51,405.8,405.93,405.49,108.0
202606221507,405.77,405.75,405.92,405.7,95.0
202606221508,405.85,405.42,405.85,405.38,150.0
202606221509,405.43,405.12,405.46,405.11,262.0
202606221510,405.09,405.18,405.2,405.09,62.0
202606221511,405.2,405.0,405.3,405.0,108.0
202606221512,405.05,404.82,405.12,404.64,165.0
202606221513,404.85,404.83,404.88,404.72,75.0
202606221514,404.82,404.62,404.87,404.6,146.0
202606221515,404.66,404.96,405.01,404.58,143.0
202606221516,405.02,405.13,405.22,404.97,128.0
202606221517,405.07,405.14,405.19,404.95,139.0
202606221518,405.16,405.22,405.31,405.15,57.0
202606221519,405.15,405.27,405.27,405.11,108.0
202606221520,405.26,404.91,405.27,404.86,179.0
202606221521,404.95,405.12,405.14,404.88,95.0
202606221522,405.14,404.85,405.2,404.85,173.0
202606221523,404.86,404.86,404.98,404.77,91.0
202606221524,404.9,404.87,405.07,404.84,170.0
202606221525,404.81,404.69,405.16,404.69,238.0
202606221526,404.69,404.62,404.73,404.55,116.0
202606221527,404.59,404.65,404.78,404.59,145.0
202606221528,404.73,404.75,404.81,404.69,71.0
202606221529,404.81,404.8,404.88,404.7,113.0
202606221530,404.8,404.57,404.85,404.56,179.0
202606221531,404.62,404.73,404.81,404.48,155.0
202606221532,404.81,404.97,404.99,404.72,298.0
202606221533,404.91,405.04,405.21,404.82,303.0
202606221534,405.14,404.75,405.24,404.73,243.0
202606221535,404.75,404.57,404.86,404.54,99.0
202606221536,404.62,404.7,404.94,404.46,236.0
202606221537,404.7,404.83,404.89,404.61,289.0
202606221538,404.85,405.05,405.12,404.85,116.0
202606221539,405.05,404.82,405.16,404.82,173.0
202606221540,404.9,404.76,404.98,404.69,97.0
202606221541,404.69,404.76,404.77,404.61,105.0
202606221542,404.77,404.85,404.92,404.68,121.0
202606221543,404.85,404.82,405.02,404.82,103.0
202606221544,404.93,405.14,405.3,404.8,403.0
202606221545,405.19,405.29,405.35,405.09,114.0
202606221546,405.31,405.25,405.35,405.21,93.0
202606221547,405.25,405.18,405.26,405.12,63.0
202606221548,405.12,405.02,405.28,405.01,129.0
202606221549,405.01,405.24,405.31,404.9,160.0
202606221550,405.3,404.86,405.35,404.86,158.0
202606221551,404.86,404.87,404.91,404.79,133.0
202606221552,404.87,404.97,405.08,404.69,403.0
202606221553,404.88,404.7,404.96,404.63,396.0
202606221554,404.7,404.73,404.95,404.64,139.0
202606221555,404.68,404.61,404.74,404.6,85.0
202606221556,404.59,404.65,404.68,404.56,84.0
202606221557,404.65,404.74,404.78,404.57,141.0
202606221558,404.73,404.88,404.88,404.63,177.0
202606221559,404.91,404.94,404.94,404.85,84.0
202606221600,404.89,404.7,404.94,404.7,96.0
202606221601,404.69,404.7,404.75,404.56,598.0
202606221602,404.67,404.68,404.72,404.63,165.0
202606221603,404.73,404.68,404.77,404.6,317.0
202606221604,404.68,405.05,405.11,404.68,186.0
202606221605,405.06,404.96,405.06,404.9,88.0
202606221606,404.96,404.83,404.96,404.8,110.0
202606221607,404.83,405.31,405.31,404.6,851.0
202606221608,405.34,405.57,405.57,405.28,275.0
202606221609,405.62,406.1,406.12,405.49,274.0
202606221610,406.16,406.3,406.3,406.03,142.0
202606221611,406.29,406.54,406.58,406.13,156.0
202606221612,406.54,406.65,406.65,406.4,110.0
202606221613,406.62,407.09,407.1,406.61,260.0
202606221614,407.01,407.03,407.22,407.01,94.0
202606221615,407.1,407.19,407.26,407.02,89.0
202606221616,407.23,406.95,407.25,406.92,88.0
202606221617,406.89,406.96,407.19,406.89,110.0
202606221618,406.95,407.34,407.36,406.91,201.0
202606221619,407.31,407.24,407.33,407.2,72.0
202606221620,407.24,407.1,407.26,406.92,89.0
202606221621,407.14,407.05,407.14,407.05,42.0
202606221622,407.05,406.7,407.18,406.44,1000.0
202606221623,406.8,406.93,406.93,406.72,146.0
202606221624,406.84,406.7,406.93,406.7,95.0
202606221625,406.73,406.88,407.0,406.71,277.0
202606221626,406.84,407.71,407.8,406.78,538.0
202606221627,407.64,407.5,407.69,407.5,106.0
202606221628,407.51,407.27,407.51,407.2,218.0
202606221629,407.2,406.87,407.35,406.83,89.0
202606221630,406.83,406.9,407.02,406.8,42.0
202606221631,406.94,407.18,407.3,406.91,59.0
202606221632,407.13,407.24,407.31,406.96,121.0
202606221633,407.32,407.27,407.36,407.2,76.0
202606221634,407.34,407.14,407.34,407.07,70.0
202606221635,407.15,407.3,407.36,407.12,143.0
202606221636,407.28,407.33,407.44,407.23,157.0
202606221637,407.33,407.45,407.51,407.24,117.0
202606221638,407.45,407.41,407.45,407.23,54.0
202606221639,407.35,407.75,407.78,407.31,281.0
202606221640,407.75,407.86,407.86,407.6,123.0
202606221641,407.88,407.94,407.98,407.84,226.0
202606221642,407.98,408.19,408.19,407.98,411.0
202606221643,408.19,408.03,408.2,407.98,227.0
202606221644,408.03,407.85,408.07,407.76,182.0
202606221645,407.92,407.95,407.95,407.69,132.0
202606221646,407.97,408.37,408.39,407.94,445.0
202606221647,408.37,408.75,408.88,408.34,435.0
202606221648,408.78,408.99,409.03,408.74,436.0
202606221649,408.95,409.23,409.37,408.92,545.0
202606221650,409.22,409.27,409.38,409.19,157.0
202606221651,409.3,409.22,409.42,409.15,273.0
202606221652,409.29,409.4,409.41,409.12,496.0
202606221653,409.4,409.3,409.46,409.21,248.0
202606221654,409.29,408.86,409.39,408.73,183.0
202606221655,408.82,408.73,408.9,408.69,76.0
202606221656,408.72,408.69,408.84,408.62,188.0
202606221657,408.77,408.54,408.94,408.53,71.0
202606221658,408.46,408.49,408.69,408.46,49.0
202606221659,408.54,408.67,408.76,408.53,110.0
202606221700,408.73,408.96,409.0,408.59,197.0
202606221701,408.96,408.66,409.02,408.66,170.0
202606221702,408.72,408.52,408.72,408.41,37.0
202606221703,408.46,408.55,408.57,408.45,80.0
202606221704,408.47,408.08,408.58,408.07,86.0
202606221705,408.08,408.32,408.32,407.99,135.0
202606221706,408.3,408.59,408.59,408.3,170.0
202606221707,408.62,408.39,408.75,408.34,98.0
202606221708,408.46,408.24,408.47,408.18,73.0
202606221709,408.25,408.36,408.43,408.11,149.0
202606221710,408.33,408.43,408.43,408.21,146.0
202606221711,408.42,408.38,408.53,408.3,61.0
202606221712,408.3,408.39,408.53,408.25,154.0
202606221713,408.38,408.39,408.42,408.32,109.0
202606221714,408.37,408.13,408.39,407.74,317.0
202606221715,408.1,408.21,408.36,408.07,142.0
202606221716,408.23,408.02,408.23,408.01,74.0
202606221717,407.99,407.89,407.99,407.84,58.0
202606221718,407.84,408.04,408.12,407.8,129.0
202606221719,408.01,407.99,408.1,407.93,129.0
202606221720,407.98,407.51,408.24,407.48,765.0
202606221721,407.58,407.8,407.88,407.49,69.0
202606221722,407.83,408.22,408.22,407.8,351.0
202606221723,408.16,408.2,408.24,408.08,107.0
202606221724,408.24,408.18,408.35,408.18,154.0
202606221725,408.23,408.61,408.7,408.15,383.0
202606221726,408.79,408.57,408.79,408.5,144.0
202606221727,408.64,408.51,408.64,408.42,104.0
202606221728,408.51,408.52,408.6,408.38,127.0
202606221729,408.45,408.42,408.47,408.3,110.0
202606221730,408.43,408.04,408.43,407.9,305.0
202606221731,408.04,408.57,408.57,407.9,168.0
202606221732,408.61,408.57,408.63,408.45,66.0
202606221733,408.6,408.46,408.67,408.46,98.0
202606221734,408.52,408.69,408.84,408.51,99.0
202606221735,408.74,408.56,408.75,408.56,141.0
202606221736,408.68,408.58,408.68,408.51,89.0
202606221737,408.55,408.57,408.67,408.46,81.0
202606221738,408.64,408.66,408.72,408.31,785.0
202606221739,408.66,408.49,408.7,408.49,129.0
202606221740,408.49,408.41,408.59,408.32,153.0
202606221741,408.42,408.42,408.49,408.33,111.0
202606221742,408.4,408.48,408.52,408.39,106.0
202606221743,408.48,408.55,408.55,408.4,124.0
202606221744,408.6,408.69,408.75,408.58,184.0
202606221745,408.78,408.55,408.78,408.55,152.0
202606221746,408.47,408.54,408.61,408.47,27.0
202606221747,408.54,408.45,408.58,408.44,75.0
202606221748,408.45,408.5,408.57,408.42,53.0
202606221749,408.5,408.43,408.55,408.41,167.0
202606221750,408.46,408.44,408.6,408.41,131.0
202606221751,408.45,408.58,408.62,408.44,27.0
202606221752,408.59,408.67,408.68,408.48,106.0
202606221753,408.69,408.66,408.72,408.62,39.0
202606221754,408.56,408.4,408.63,408.4,435.0
202606221755,408.45,408.52,408.56,408.41,44.0
202606221756,408.53,408.51,408.54,408.26,87.0
202606221757,408.51,408.45,408.52,408.4,35.0
202606221758,408.44,408.31,408.5,408.24,133.0
202606221759,408.33,408.53,408.61,408.33,234.0
202606221800,408.46,408.42,408.54,408.39,54.0
202606221801,408.39,408.26,408.41,407.99,241.0
202606221802,408.27,408.32,408.4,408.27,59.0
202606221803,408.33,407.96,408.33,407.92,158.0
202606221804,407.94,408.0,408.09,407.88,105.0
202606221805,408.08,407.99,408.09,407.92,111.0
202606221806,407.98,407.91,408.04,407.82,131.0
202606221807,407.92,407.76,407.96,407.74,63.0
202606221808,407.73,407.7,407.76,407.68,29.0
202606221809,407.7,407.51,407.74,407.32,296.0
202606221810,407.56,407.53,407.69,407.4,71.0
202606221811,407.55,407.82,407.83,407.52,84.0
202606221812,407.78,407.77,407.88,407.74,69.0
202606221813,407.75,407.7,407.82,407.61,164.0
202606221814,407.7,407.72,407.77,407.61,62.0
202606221815,407.72,407.81,407.89,407.71,72.0
202606221816,407.74,407.75,407.79,407.63,39.0
202606221817,407.76,407.77,407.91,407.71,72.0
202606221818,407.82,407.81,407.84,407.72,18.0
202606221819,407.86,407.89,407.95,407.86,66.0
202606221820,407.91,408.12,408.13,407.91,158.0
202606221821,408.11,407.96,408.17,407.96,187.0
202606221822,407.93,407.93,407.97,407.86,42.0
202606221823,407.93,407.86,407.93,407.77,36.0
202606221824,407.86,407.81,407.96,407.81,78.0
202606221825,407.77,407.75,407.78,407.7,50.0
202606221826,407.71,407.58,407.73,407.55,184.0
202606221827,407.58,407.75,407.8,407.52,99.0
202606221828,407.75,407.93,407.97,407.67,189.0
202606221829,407.99,408.0,408.05,407.89,43.0
202606221830,408.04,408.24,408.32,408.04,192.0
202606221831,408.24,408.31,408.32,408.11,55.0
202606221832,408.28,408.21,408.33,408.11,117.0
202606221833,408.18,408.15,408.29,408.15,57.0
202606221834,408.26,408.48,408.52,408.24,216.0
202606221835,408.45,408.47,408.5,408.37,41.0
202606221836,408.52,408.47,408.59,408.46,167.0
202606221837,408.45,408.5,408.52,408.44,67.0
202606221838,408.49,408.33,408.52,408.32,64.0
202606221839,408.27,408.24,408.32,408.21,75.0
202606221840,408.33,408.23,408.33,408.05,40.0
202606221841,408.23,408.01,408.23,407.99,140.0
202606221842,408.0,407.9,408.0,407.84,61.0
202606221843,407.86,407.4,407.9,407.4,118.0
202606221844,407.43,407.27,407.44,407.14,224.0
202606221845,407.29,407.36,407.39,407.19,105.0
202606221846,407.38,407.25,407.46,407.19,140.0
202606221847,407.21,407.4,407.41,407.2,77.0
202606221848,407.4,407.72,407.72,407.28,135.0
202606221849,407.66,407.55,407.7,407.53,121.0
202606221850,407.55,407.55,407.6,407.39,162.0
202606221851,407.5,407.51,407.55,407.4,86.0
202606221852,407.49,407.41,407.54,407.41,201.0
202606221853,407.46,407.67,407.71,407.41,173.0
202606221854,407.68,407.84,407.84,407.67,107.0
202606221855,407.83,407.61,407.85,407.58,116.0
202606221856,407.62,407.56,407.67,407.46,67.0
202606221857,407.48,407.54,407.68,407.48,54.0
202606221858,407.55,407.55,407.58,407.49,38.0
202606221859,407.55,407.65,407.74,407.49,154.0
202606221900,407.64,407.57,407.72,407.56,149.0
202606221901,407.57,407.67,407.67,407.52,118.0
202606221902,407.68,407.62,407.69,407.57,125.0
202606221903,407.61,407.57,407.67,407.55,128.0
202606221904,407.6,407.64,407.68,407.54,94.0
202606221905,407.7,408.38,408.41,407.7,309.0
202606221906,408.33,408.36,408.49,408.31,143.0
202606221907,408.32,407.94,408.4,407.91,307.0
202606221908,407.87,407.94,408.1,407.8,185.0
202606221909,408.02,407.63,408.04,407.62,137.0
202606221910,407.71,407.6,407.76,407.6,101.0
202606221911,407.6,407.79,407.79,407.59,265.0
202606221912,407.81,408.01,408.17,407.79,344.0
202606221913,408.1,408.11,408.14,408.02,214.0
202606221914,408.1,408.2,408.2,408.09,106.0
202606221915,408.21,408.02,408.26,407.91,234.0
202606221916,408.02,408.15,408.15,408.02,122.0
202606221917,408.17,408.28,408.28,408.03,289.0
202606221918,408.27,408.45,408.46,408.19,225.0
202606221919,408.41,408.24,408.5,408.08,637.0
202606221920,408.25,408.3,408.43,408.18,173.0
202606221921,408.25,408.09,408.3,408.07,338.0
202606221922,408.09,408.08,408.16,408.05,125.0
202606221923,408.08,408.12,408.18,407.97,152.0
202606221924,408.11,408.0,408.2,407.93,217.0
202606221925,407.99,408.05,408.08,407.97,114.0
202606221926,408.12,408.14,408.22,408.04,167.0
202606221927,408.24,408.16,408.28,408.16,104.0
202606221928,408.15,408.23,408.23,408.08,298.0
202606221929,408.16,408.25,408.35,408.15,249.0
202606221930,408.24,408.67,408.67,408.23,317.0
202606221931,408.67,408.62,408.68,408.38,276.0
202606221932,408.62,408.5,408.66,408.49,412.0
202606221933,408.5,408.45,408.53,408.38,453.0
202606221934,408.36,408.21,408.44,408.13,237.0
202606221935,408.17,408.3,408.49,408.16,223.0
202606221936,408.44,408.37,408.46,408.27,123.0
202606221937,408.38,408.45,408.45,408.37,188.0
202606221938,408.43,408.66,408.68,408.43,227.0
202606221939,408.64,408.59,408.71,408.59,62.0
202606221940,408.59,408.63,408.65,408.51,102.0
202606221941,408.65,408.77,408.85,408.64,261.0
202606221942,408.79,408.9,408.99,408.76,217.0
202606221943,408.98,408.86,408.98,408.78,250.0
202606221944,408.86,408.63,408.9,408.61,483.0
202606221945,408.68,408.82,408.86,408.61,390.0
202606221946,408.88,408.84,408.9,408.72,158.0
202606221947,408.8,408.8,408.91,408.7,325.0
202606221948,408.8,408.02,408.85,407.88,1462.0
202606221949,408.03,408.5,408.57,408.02,611.0
202606221950,408.5,408.1,408.6,407.9,674.0
202606221951,408.07,407.17,408.11,407.16,731.0
202606221952,407.12,406.83,407.15,406.79,423.0
202606221953,406.79,406.84,407.04,406.76,502.0
202606221954,406.83,407.2,407.29,406.75,394.0
202606221955,407.19,406.69,407.66,406.6,1413.0
202606221956,406.7,406.51,406.79,406.09,1193.0
202606221957,406.5,405.91,406.51,405.89,777.0
202606221958,405.95,406.57,406.69,405.89,1213.0
202606221959,406.54,406.64,406.67,406.35,2042.0
202606222000,406.52,406.68,406.68,406.51,31903.0
202606222001,406.68,406.68,406.68,406.68,228.0
202606222002,406.07,406.07,406.07,406.07,2.0
202606222003,406.07,406.07,406.07,406.07,0.0
202606222004,406.2,406.2,406.2,406.2,1.0
202606222005,406.2,406.2,406.2,406.2,2.0
202606222006,406.2,406.2,406.2,406.2,0.0
202606222007,406.2,406.2,406.2,406.2,2.0
202606222008,407.76,407.8,407.8,407.0,102.0
202606222009,407.8,407.8,407.8,407.8,0.0
202606222010,407.8,407.8,407.8,407.8,0.0
202606222011,407.8,407.8,407.8,407.8,0.0
202606222012,406.0,406.0,406.0,406.0,1.0
202606222013,406.0,406.0,406.0,406.0,2.0
202606222014,406.0,406.0,406.0,406.0,0.0
202606222015,406.0,406.0,406.0,406.0,0.0
202606222016,406.0,406.0,406.0,406.0,0.0
202606222017,406.31,406.31,406.31,406.31,2.0
202606222018,406.65,406.65,406.65,406.65,5.0
202606222019,406.65,406.65,406.65,406.65,0.0
202606222020,406.65,406.65,406.65,406.65,0.0
202606222021,406.65,406.65,406.65,406.65,0.0
202606222022,406.07,406.31,406.31,406.07,3.0
202606222023,406.31,406.31,406.31,406.31,0.0
202606222024,406.31,406.31,406.31,406.31,0.0
202606222025,406.31,406.31,406.31,406.31,0.0
202606222026,406.31,406.31,406.31,406.31,0.0
202606222027,406.31,406.31,406.31,406.31,0.0
202606222028,406.31,406.31,406.31,406.31,0.0
202606222029,406.31,406.31,406.31,406.31,0.0
202606222030,406.31,406.31,406.31,406.31,0.0
202606222031,406.31,406.31,406.31,406.31,0.0
202606222032,406.31,406.31,406.31,406.31,0.0
202606222033,406.31,406.31,406.31,406.31,0.0
202606222034,406.31,406.31,406.31,406.31,0.0
202606222035,406.31,406.31,406.31,406.31,0.0
202606222036,406.31,406.31,406.31,406.31,0.0
202606222037,406.31,406.31,406.31,406.31,0.0
202606222038,406.31,406.31,406.31,406.31,0.0
202606222039,406.45,406.45,406.45,406.45,5.0
202606222040,406.45,406.45,406.45,406.45,0.0
202606222041,406.45,406.45,406.45,406.45,0.0
202606222042,406.45,406.45,406.45,406.45,0.0
202606222043,406.45,406.45,406.45,406.45,0.0
202606222044,406.45,406.45,406.45,406.45,0.0
202606222045,406.45,406.45,406.45,406.45,0.0
202606222046,406.45,406.45,406.45,406.45,0.0
202606222047,406.45,406.45,406.45,406.45,0.0
202606222048,406.45,406.45,406.45,406.45,0.0
202606222049,406.45,406.45,406.45,406.45,0.0
202606222050,406.45,406.45,406.45,406.45,0.0
202606222051,406.45,406.45,406.45,406.45,0.0
202606222052,406.45,406.45,406.45,406.45,0.0
202606222053,406.45,406.45,406.45,406.45,0.0
202606222054,406.45,406.45,406.45,406.45,0.0
202606222055,406.45,406.45,406.45,406.45,0.0
202606222056,406.45,406.45,406.45,406.45,0.0
202606222057,406.45,406.45,406.45,406.45,0.0
202606222058,406.25,406.25,406.25,406.25,1.0
202606222059,406.25,406.25,406.25,406.25,0.0
202606222100,406.25,407.0,407.0,406.25,2.0
202606222101,406.25,406.25,406.25,406.25,2.0
202606222102,406.25,406.25,406.25,406.25,0.0
202606222103,406.25,406.25,406.25,406.25,0.0
202606222104,406.25,406.25,406.25,406.25,0.0
202606222105,406.25,406.25,406.25,406.25,0.0
202606222106,406.25,406.25,406.25,406.25,0.0
202606222107,406.25,406.25,406.25,406.25,0.0
202606222108,406.25,406.25,406.25,406.25,0.0
202606222109,406.25,406.25,406.25,406.25,0.0
202606222110,406.25,406.25,406.25,406.25,0.0
202606222111,406.25,406.25,406.25,406.25,0.0
202606222112,406.25,406.25,406.25,406.25,0.0
202606222113,406.25,406.25,406.25,406.25,0.0
202606222114,406.25,406.25,406.25,406.25,0.0
202606222115,406.25,406.25,406.25,406.25,0.0
202606222116,406.25,406.25,406.25,406.25,0.0
202606222117,406.25,406.25,406.25,406.25,0.0
202606222118,406.25,406.25,406.25,406.25,0.0
202606222119,406.25,406.25,406.25,406.25,0.0
202606222120,406.25,406.25,406.25,406.25,0.0
202606222121,406.4,406.4,406.4,406.4,2.0
202606222122,406.4,406.4,406.4,406.4,0.0
202606222123,406.4,406.4,406.4,406.4,0.0
202606222124,406.4,406.4,406.4,406.4,0.0
202606222125,406.4,406.4,406.4,406.4,0.0
202606222126,406.4,406.4,406.4,406.4,0.0
202606222127,406.4,406.4,406.4,406.4,0.0
202606222128,406.1,406.1,406.11,406.1,2.0
202606222129,406.32,406.32,406.32,406.32,1.0
202606222130,406.3,406.3,406.3,406.3,1.0
202606222131,406.3,406.3,406.3,406.3,0.0
202606222132,406.3,406.3,406.3,406.3,0.0
202606222133,406.3,406.3,406.3,406.3,0.0
202606222134,406.3,406.3,406.3,406.3,0.0
202606222135,406.3,406.3,406.3,406.3,0.0
202606222136,406.3,406.3,406.3,406.3,0.0
202606222137,406.3,406.3,406.3,406.3,0.0
202606222138,406.3,406.3,406.3,406.3,0.0
202606222139,406.3,406.3,406.3,406.3,0.0
202606222140,406.3,406.3,406.3,406.3,0.0
202606222141,406.3,406.3,406.3,406.3,1.0
202606222142,406.3,406.3,406.3,406.3,0.0
202606222143,406.3,406.3,406.3,406.3,0.0
202606222144,406.3,406.3,406.3,406.3,0.0
202606222145,406.3,406.3,406.3,406.3,0.0
202606222146,406.3,406.3,406.3,406.3,0.0
202606222147,406.3,406.3,406.3,406.3,0.0
202606222148,406.3,406.3,406.3,406.3,0.0
202606222149,406.3,406.3,406.3,406.3,0.0
202606222150,406.3,406.3,406.3,406.3,0.0
202606222151,406.3,406.3,406.3,406.3,0.0
202606222152,406.3,406.3,406.3,406.3,0.0
202606222153,406.3,406.3,406.3,406.3,0.0
202606222154,406.3,406.3,406.3,406.3,0.0
202606222155,406.3,406.3,406.3,406.3,0.0
202606222156,406.3,406.3,406.3,406.3,0.0
202606222157,406.3,406.3,406.3,406.3,0.0
202606222158,406.3,406.3,406.3,406.3,0.0
202606222159,406.3,406.3,406.3,406.3,0.0
202606222200,406.3,406.3,406.3,406.3,0.0
202606222201,406.3,406.3,406.3,406.3,0.0
202606222202,406.3,406.3,406.3,406.3,0.0
202606222203,406.3,406.3,406.3,406.3,0.0
202606222204,406.3,406.3,406.3,406.3,0.0
202606222205,406.3,406.3,406.3,406.3,0.0
202606222206,406.3,406.3,406.3,406.3,0.0
202606222207,406.3,406.3,406.3,406.3,0.0
202606222208,406.3,406.3,406.3,406.3,0.0
202606222209,406.35,406.35,406.35,406.3,9.0
202606222210,406.35,406.35,406.35,406.35,0.0
202606222211,406.35,406.35,406.35,406.35,0.0
202606222212,406.35,406.35,406.35,406.35,0.0
202606222213,406.35,406.35,406.35,406.35,0.0
202606222214,406.35,406.35,406.35,406.35,0.0
202606222215,406.35,406.35,406.35,406.35,0.0
202606222216,406.35,406.35,406.35,406.35,0.0
202606222217,406.35,406.35,406.35,406.35,0.0
202606222218,406.35,406.35,406.35,406.35,0.0
202606222219,406.35,406.35,406.35,406.35,0.0
202606222220,406.35,406.35,406.35,406.35,0.0
202606222221,406.35,406.35,406.35,406.35,0.0
202606222222,406.35,406.35,406.35,406.35,0.0
202606222223,406.35,406.35,406.35,406.35,0.0
202606222224,406.35,406.35,406.35,406.35,0.0
202606222225,406.35,406.35,406.35,406.35,0.0
202606222226,406.35,406.35,406.35,406.35,0.0
202606222227,406.15,406.15,406.15,406.15,1.0
202606222228,406.15,406.15,406.15,406.15,0.0
202606222229,406.07,406.07,406.07,406.07,1.0
202606222230,406.07,406.07,406.07,406.07,0.0
202606222231,406.07,406.07,406.07,406.07,0.0
202606222232,406.07,406.07,406.07,406.07,0.0
202606222233,406.07,406.07,406.07,406.07,0.0
202606222234,406.07,406.07,406.07,406.07,0.0
202606222235,406.07,406.07,406.07,406.07,0.0
202606222236,406.07,406.07,406.07,406.07,0.0
202606222237,406.07,406.07,406.07,406.07,0.0
202606222238,406.07,406.07,406.07,406.07,0.0
202606222239,406.07,406.07,406.07,406.07,0.0
202606222240,406.07,406.07,406.07,406.07,0.0
202606222241,406.07,406.07,406.07,406.07,0.0
202606222242,406.0,406.0,406.0,406.0,1.0
202606222243,406.0,406.0,406.0,406.0,0.0
202606222244,406.0,406.0,406.0,406.0,0.0
202606222245,406.0,406.0,406.0,406.0,0.0
202606222246,406.0,406.0,406.0,406.0,0.0
202606222247,406.0,406.0,406.0,406.0,0.0
202606222248,406.0,406.0,406.0,406.0,0.0
202606222249,406.0,406.0,406.0,406.0,0.0
202606222250,406.0,406.0,406.0,406.0,0.0
202606222251,406.0,406.0,406.0,406.0,0.0
202606222252,406.0,406.0,406.0,406.0,0.0
202606222253,406.0,406.0,406.0,406.0,0.0
202606222254,406.35,406.35,406.35,406.35,2.0
202606222255,406.35,406.35,406.35,406.35,0.0
202606222256,406.35,406.35,406.35,406.35,0.0
202606222257,406.35,406.35,406.35,406.35,0.0
202606222258,406.35,406.35,406.35,406.35,0.0
202606222259,406.35,406.35,406.35,406.35,0.0
202606222300,406.35,406.35,406.35,406.35,0.0
202606222301,406.35,406.35,406.35,406.35,0.0
202606222302,406.35,406.35,406.35,406.35,0.0
202606222303,406.35,406.35,406.35,406.35,0.0
202606222304,406.35,406.35,406.35,406.35,0.0
202606222305,406.35,406.35,406.35,406.35,0.0
202606222306,406.35,406.35,406.35,406.35,0.0
202606222307,406.35,406.35,406.35,406.35,0.0
202606222308,406.35,406.35,406.35,406.35,0.0
202606222309,406.35,406.35,406.35,406.35,0.0
202606222310,406.35,406.35,406.35,406.35,0.0
202606222311,406.35,406.35,406.35,406.35,0.0
202606222312,406.35,406.35,406.35,406.35,0.0
202606222313,406.35,406.35,406.35,406.35,0.0
202606222314,406.15,406.15,406.15,406.15,2.0
202606222315,406.15,406.15,406.15,406.15,0.0
202606222316,406.15,406.15,406.15,406.15,0.0
202606222317,406.08,406.08,406.08,406.07,2.0
202606222318,406.08,406.08,406.08,406.08,0.0
202606222319,406.15,406.15,406.15,406.15,1.0
202606222320,406.15,406.15,406.15,406.15,0.0
202606222321,406.02,406.02,406.03,406.02,1.0
202606222322,406.02,406.02,406.02,406.02,0.0
202606222323,406.06,406.06,406.06,406.06,12.0
202606222324,406.06,406.06,406.06,406.06,0.0
202606222325,406.06,406.06,406.06,406.06,0.0
202606222326,406.06,406.06,406.06,406.06,0.0
202606222327,406.06,406.06,406.06,406.06,0.0
202606222328,406.06,406.06,406.06,406.06,0.0
202606222329,406.06,406.06,406.06,406.06,0.0
202606222330,406.06,406.06,406.06,406.06,0.0
202606222331,406.06,406.06,406.06,406.06,0.0
202606222332,406.06,406.06,406.06,406.06,0.0
202606222333,406.06,406.06,406.06,406.06,0.0
202606222334,406.06,406.06,406.06,406.06,0.0
202606222335,406.06,406.06,406.06,406.06,0.0
202606222336,406.06,406.06,406.06,406.06,0.0
202606222337,406.34,406.34,406.34,406.34,3.0
202606222338,406.34,406.34,406.34,406.34,0.0
202606222339,406.31,406.31,406.32,406.31,2.0
202606222340,406.31,406.31,406.31,406.31,0.0
202606222341,406.31,406.31,406.31,406.31,0.0
202606222342,406.14,406.14,406.14,406.14,1.0
202606222343,406.14,406.14,406.14,406.14,0.0
202606222344,406.14,406.14,406.14,406.14,0.0
202606222345,406.14,406.14,406.14,406.14,0.0
202606222346,406.14,406.14,406.14,406.14,0.0
202606222347,406.14,406.14,406.14,406.14,0.0
202606222348,406.14,406.14,406.14,406.14,0.0
202606222349,406.14,406.14,406.14,406.14,0.0
202606222350,406.14,406.14,406.14,406.14,0.0
202606222351,406.14,406.14,406.14,406.14,0.0
202606222352,406.14,406.14,406.14,406.14,0.0
202606222353,406.14,406.14,406.14,406.14,0.0
202606222354,406.14,406.14,406.14,406.14,0.0
202606222355,406.14,406.14,406.14,406.14,0.0
202606222356,406.14,406.14,406.14,406.14,0.0
202606222357,406.14,406.14,406.14,406.14,0.0
202606222358,406.14,406.14,406.14,406.14,0.0
202606222359,406.14,406.14,406.14,406.14,0.0
202606230800,405.33,405.08,406.7,404.3912,0.0
202606230801,405.08,404.5,406.0,404.5,0.0
202606230802,404.57,404.5,404.57,404.5,0.0
202606230803,404.5,404.53,404.53,404.5,0.0
202606230804,404.52,404.5,404.53,404.5,0.0
202606230805,406.39,404.54,406.39,404.5,0.0
202606230806,404.54,405.8,405.8,404.2684,0.0
202606230807,405.76,405.59,405.8,404.5,0.0
202606230808,405.5,404.5,405.76,404.135,0.0
202606230809,405.65,405.5,405.65,405.3,0.0
202606230810,405.75,405.26,405.8,405.2,0.0
202606230811,405.41,405.51,406.52,404.173,0.0
202606230812,405.8,406.0,406.52,405.18,0.0
202606230813,405.46,405.5,405.5,405.46,0.0
202606230814,405.5,405.44,405.5,405.44,0.0
202606230815,405.5,405.74,405.74,405.5,0.0
202606230816,405.45,405.48,405.48,405.45,0.0
202606230817,405.32,405.92,406.0,404.1805,0.0
202606230818,406.0,406.15,406.15,405.75,0.0
202606230819,406.11,404.1805,406.11,404.1805,0.0
202606230820,405.0,405.0,405.0,405.0,0.0
202606230821,405.0,404.18,405.0,404.18,0.0
202606230822,404.18,405.99,405.99,404.18,0.0
202606230823,405.68,405.68,405.68,405.68,0.0
202606230824,405.95,405.32,405.99,405.32,0.0
202606230825,405.99,405.44,405.99,405.44,0.0
202606230826,404.1,405.23,405.44,404.1,0.0
202606230827,405.65,405.98,405.98,405.32,0.0
202606230828,405.79,405.79,405.79,405.79,0.0
202606230829,405.4,405.57,405.57,405.4,0.0
202606230830,405.55,405.56,405.65,405.47,0.0
202606230831,405.54,405.64,405.64,405.49,0.0
202606230832,405.65,405.65,405.65,405.65,0.0
202606230833,405.65,405.63,405.65,405.59,0.0
202606230834,405.65,405.59,405.65,405.59,0.0
202606230835,404.5,405.7,405.7,404.5,0.0
202606230836,405.66,405.68,405.7,405.66,0.0
202606230837,405.7,405.81,405.99,405.7,0.0
202606230838,405.99,405.99,405.99,405.91,0.0
202606230839,405.92,405.91,405.92,405.91,0.0
202606230840,405.71,405.63,405.71,405.56,0.0
202606230841,405.59,405.58,405.66,405.58,0.0
202606230842,405.57,405.57,405.57,405.57,0.0
202606230843,405.9,405.9,405.9,405.9,0.0
202606230844,405.51,405.51,405.51,405.51,0.0
202606230845,405.47,405.66,405.66,405.47,0.0
202606230846,405.47,405.47,405.47,405.47,0.0
202606230847,405.0,405.0,405.0,405.0,0.0
202606230848,405.47,405.47,405.47,405.47,0.0
202606230849,405.47,405.49,405.49,405.47,0.0
202606230850,405.45,405.45,405.45,405.45,0.0
202606230851,405.5,405.51,405.63,405.44,0.0
202606230852,405.47,405.47,405.47,405.47,0.0
202606230853,405.99,405.99,405.99,405.99,0.0
202606230854,405.59,405.0,405.6,404.1804,0.0
202606230855,405.41,405.41,405.41,405.41,0.0
202606230856,405.63,405.7,405.7,405.63,0.0
202606230857,405.6,405.7,405.7,405.48,0.0
202606230858,405.6,405.66,405.66,405.6,0.0
202606230859,405.6,405.7,405.7,405.6,0.0
202606230900,405.72,405.74,405.74,405.72,0.0
202606230901,405.74,405.7,405.74,405.7,0.0
202606230902,405.7,405.7,405.7,405.7,0.0
202606230903,405.7,405.7,405.7,405.7,0.0
202606230904,405.7,405.7,405.7,405.7,0.0
202606230905,405.7,405.6,405.7,405.31,0.0
202606230906,405.6,405.6,405.6,405.6,0.0
202606230907,405.6,405.37,405.6,405.37,0.0
202606230908,405.41,405.05,405.41,404.5,0.0
202606230909,404.5,405.05,405.05,404.1,0.0
202606230910,404.5,405.0,405.06,404.5,0.0
202606230911,405.0,404.99,405.0,404.99,0.0
202606230912,405.6,405.6,405.6,405.6,0.0
202606230913,405.6,405.6,405.6,405.6,0.0
202606230914,404.1804,404.5,404.5,404.1804,0.0
202606230915,404.5,405.0,405.0,404.5,0.0
202606230916,405.0,405.0,405.0,405.0,0.0
202606230917,404.99,404.18,404.99,404.18,0.0
202606230918,404.5,405.005,405.075,404.5,0.0
202606230919,405.01,405.2,405.2,405.01,0.0
202606230920,405.36,405.36,405.36,405.36,0.0
202606230921,405.35,405.35,405.35,405.35,0.0
202606230922,405.6,405.6,405.6,405.6,0.0
202606230923,405.35,405.35,405.35,405.35,0.0
202606230924,405.35,405.5,405.5,405.35,0.0
202606230925,405.49,405.49,405.49,405.49,0.0
202606230926,405.6,405.6,405.6,405.6,0.0
202606230927,405.22,405.22,405.22,405.22,0.0
202606230928,405.6,405.6,405.6,405.6,0.0
202606230929,405.18,405.22,405.22,405.18,0.0
202606230930,405.15,405.35,405.35,405.15,0.0
202606230931,405.2,405.2,405.2,405.2,0.0
202606230932,405.6,405.6,405.6,405.6,0.0
202606230933,405.6,405.6,405.6,405.6,0.0
202606230934,405.05,405.04,405.05,405.04,0.0
202606230935,405.05,405.05,405.05,405.05,0.0
202606230936,405.05,405.05,405.05,405.05,0.0
202606230937,405.08,405.08,405.08,405.08,0.0
202606230938,405.01,405.01,405.01,405.01,0.0
202606230939,405.05,405.03,405.2,405.03,0.0
202606230940,404.1,405.08,405.08,404.1,0.0
202606230941,405.02,405.29,405.29,405.02,0.0
202606230942,405.5,405.76,405.89,405.35,0.0
202606230943,405.5,405.5,405.5,405.5,0.0
202606230944,405.03,405.03,405.03,405.03,0.0
202606230945,405.46,405.46,405.46,405.46,0.0
202606230946,405.5,405.76,405.9,405.46,0.0
202606230947,404.142,405.24,405.33,404.142,0.0
202606230948,405.29,405.7688,405.7688,405.24,0.0
202606230949,405.03,405.03,405.03,405.03,0.0
202606230950,405.03,405.03,405.03,405.03,0.0
202606230951,405.6,405.6,405.6,405.6,0.0
202606230952,405.03,405.03,405.03,405.03,0.0
202606230953,405.03,405.03,405.03,405.03,0.0
202606230954,405.6,405.6,405.6,405.6,0.0
202606230955,405.03,405.03,405.03,405.03,0.0
202606230956,405.03,405.03,405.03,405.03,0.0
202606230957,405.03,405.03,405.03,405.03,0.0
202606230958,405.03,405.03,405.03,405.03,0.0
202606230959,405.56,405.22,405.56,405.0,0.0
202606231000,405.03,405.03,405.03,405.03,0.0
202606231001,405.0,405.0,405.0,405.0,0.0
202606231002,405.0,405.18,405.18,405.0,0.0
202606231003,405.01,405.01,405.01,405.01,0.0
202606231004,405.0,405.0,405.0,405.0,0.0
202606231005,404.1,405.2,405.2,404.1,0.0
202606231006,405.2,405.0,405.2,405.0,0.0
202606231007,405.2,405.2,405.2,405.2,0.0
202606231008,405.0,405.2,405.2,405.0,0.0
202606231009,405.2,405.2,405.2,405.2,0.0
202606231010,405.0,405.0,405.0,405.0,0.0
202606231011,405.0,405.0,405.0,405.0,0.0
202606231012,405.2,405.2407,405.2407,405.14,0.0
202606231013,405.14,405.13,405.16,405.13,0.0
202606231014,405.13,405.13,405.13,405.13,0.0
202606231015,405.22,405.22,405.22,405.22,0.0
202606231016,405.22,405.31,405.77,405.22,0.0
202606231017,405.63,405.67,405.67,405.63,0.0
202606231018,405.77,405.77,405.77,405.77,0.0
202606231019,405.73,405.73,405.73,405.73,0.0
202606231020,405.73,405.5,405.91,405.5,0.0
202606231021,405.91,405.29,405.99,405.29,0.0
202606231022,405.29,406.0,406.0,405.29,0.0
202606231023,405.98,406.0,406.0,405.86,0.0
202606231024,405.98,405.98,405.98,405.98,0.0
202606231025,405.98,405.98,405.98,405.98,0.0
202606231026,405.98,405.98,405.98,405.98,0.0
202606231027,405.5,405.5,405.5,405.5,0.0
202606231028,405.84,406.3,406.3,405.84,0.0
202606231029,406.3,406.3,406.3,406.3,0.0
202606231030,405.97,405.42,406.0,405.42,0.0
202606231031,405.3,405.0678,405.4,405.0678,0.0
202606231032,405.3117,405.55,405.57,405.3117,0.0
202606231033,406.0,406.0,406.0,406.0,0.0
202606231034,405.65,406.0,406.0,405.65,0.0
202606231035,405.98,405.6,405.98,405.6,0.0
202606231036,405.6,405.61,405.66,405.6,0.0
202606231037,405.6,405.6,405.6,405.6,0.0
202606231038,405.66,405.68,405.68,405.6,0.0
202606231039,405.66,405.8,405.8,405.6,0.0
202606231040,405.65,406.0,406.02,405.65,0.0
202606231041,406.24,406.0003,406.31,406.0003,0.0
202606231042,406.0,406.0,406.0,406.0,0.0
202606231043,406.0,406.0,406.0,406.0,0.0
202606231044,406.12,406.0469,406.12,406.01,0.0
202606231045,406.04,406.13,406.13,406.04,0.0
202606231046,406.0,406.0,406.0,406.0,0.0
202606231047,406.3,406.3,406.3,406.3,0.0
202606231048,406.27,406.3,406.3,406.27,0.0
202606231049,406.15,406.0,406.15,406.0,0.0
202606231050,406.01,406.01,406.01,406.01,0.0
202606231051,406.01,406.01,406.01,406.01,0.0
202606231052,406.22,406.0,406.22,405.86,0.0
202606231053,405.62,405.81,405.84,405.62,0.0
202606231054,405.326,405.326,405.326,405.326,0.0
202606231055,405.81,405.81,405.81,405.81,0.0
202606231056,405.83,405.81,405.83,405.14,0.0
202606231057,405.81,405.72,405.81,405.72,0.0
202606231058,405.72,405.72,405.72,405.72,0.0
202606231059,405.01,405.7678,405.7678,405.01,0.0
202606231100,405.32,405.48,405.81,405.01,0.0
202606231101,406.68,406.68,406.68,405.3489,0.0
202606231102,405.48,405.1817,405.8,405.1817,0.0
202606231103,405.46,405.2,405.46,405.2,0.0
202606231104,405.6,405.46,405.6,405.46,0.0
202606231105,405.46,405.46,405.46,405.46,0.0
202606231106,405.6,405.61,405.7827,405.6,0.0
202606231107,405.6273,406.0,406.01,405.6273,0.0
202606231108,405.6454,405.61,405.86,405.61,0.0
202606231109,405.61,405.61,405.61,405.61,0.0
202606231110,405.6789,405.6789,405.6789,405.6789,0.0
202606231111,405.62,405.704,406.0,405.62,0.0
202606231112,405.68,405.7708,406.13,405.68,0.0
202606231113,405.69,405.69,405.84,405.69,0.0
202606231114,405.73,406.13,406.13,405.68,0.0
202606231115,405.68,405.68,405.68,405.68,0.0
202606231116,405.75,405.7405,405.75,405.7405,0.0
202606231117,405.75,405.75,405.75,405.75,0.0
202606231118,405.75,406.14,406.14,405.75,0.0
202606231119,405.704,405.75,406.0,405.704,0.0
202606231120,405.75,406.12,406.14,405.7,0.0
202606231121,405.72,405.71,405.8,405.69,0.0
202606231122,405.7782,405.0,405.7782,405.0,0.0
202606231123,405.61,405.2,405.61,405.0594,0.0
202606231124,405.25,405.22,405.25,405.22,0.0
202606231125,405.23,405.24,405.24,405.23,0.0
202606231126,405.2,405.01,406.0,405.01,0.0
202606231127,405.45,405.25,405.45,405.01,0.0
202606231128,405.25,405.25,405.25,405.25,0.0
202606231129,405.3,405.44,405.44,405.3,0.0
202606231130,405.5128,405.4697,405.5128,405.4697,0.0
202606231131,405.442,406.68,406.68,405.442,0.0
202606231132,406.3,406.29,406.3,406.29,0.0
202606231133,406.28,406.28,406.28,406.28,0.0
202606231134,406.0873,405.1,406.09,405.1,0.0
202606231135,405.55,405.58,405.58,405.55,0.0
202606231136,405.55,405.635,406.18,405.55,0.0
202606231137,405.7,405.635,405.7,405.635,0.0
202606231138,406.0,406.17,406.17,406.0,0.0
202606231139,405.1,406.09,406.09,405.1,0.0
202606231140,406.0,405.3107,406.0,405.3107,0.0
202606231141,406.0,406.0,406.0,406.0,0.0
202606231142,406.0,406.0,406.0,406.0,0.0
202606231143,406.0,406.02,406.1,405.9996,0.0
202606231144,406.15,405.4,406.15,405.4,0.0
202606231145,406.2,406.057,406.2,406.057,0.0
202606231146,406.02,406.02,406.02,406.02,0.0
202606231147,406.02,406.02,406.02,406.02,0.0
202606231148,406.02,406.02,406.02,406.02,0.0
202606231149,406.02,405.3824,406.02,405.3824,0.0
202606231150,405.37,405.37,405.37,405.37,0.0
202606231151,406.02,406.02,406.02,406.02,0.0
202606231152,405.2762,405.1,405.58,405.1,0.0
202606231153,405.3005,405.3469,406.0,405.3,0.0
202606231154,405.3469,405.3,405.3469,405.3,0.0
202606231155,406.0,406.0,406.0,406.0,0.0
202606231156,405.55,405.55,405.55,405.55,0.0
202606231157,405.99,405.55,405.99,405.4475,0.0
202606231158,406.09,406.09,406.09,406.09,0.0
202606231159,406.0,406.0,406.08,406.0,0.0
202606231200,406.0,406.0,406.0,406.0,0.0
202606231201,405.3,406.0,406.0,405.3,0.0
202606231202,405.91,405.91,405.91,405.91,0.0
202606231203,405.5175,405.5175,405.5175,405.5175,0.0
202606231204,405.52,405.3,406.01,405.3,0.0
202606231205,405.3469,405.3469,405.3469,405.3469,0.0
202606231206,406.02,406.02,406.02,406.0,0.0
202606231207,406.02,406.02,406.02,405.3,0.0
202606231208,406.02,405.3,406.02,405.3,0.0
202606231209,406.1,406.0,406.1988,406.0,0.0
202606231210,406.07,406.1997,406.1997,406.01,0.0
202606231211,406.16,406.0,406.3,405.41,0.0
202606231212,406.0,406.21,406.5,406.0,0.0
202606231213,406.3,406.3,406.3,406.3,0.0
202606231214,406.3,406.3,406.3,405.3807,0.0
202606231215,405.38,405.38,405.38,405.38,0.0
202606231216,406.25,406.56,406.57,406.25,0.0
202606231217,405.38,406.65,406.9,405.38,0.0
202606231218,406.65,406.2,406.6821,406.2,0.0
202606231219,406.8,407.0,407.04,406.3872,0.0
202606231220,407.0,407.12,407.12,407.0,0.0
202606231221,407.11,407.0521,407.5,407.0521,0.0
202606231222,407.9999,407.95,408.0,407.0,0.0
202606231223,407.8007,407.55,407.95,407.55,0.0
202606231224,407.48,408.0,408.0,407.2,0.0
202606231225,407.1,407.1,407.1,407.1,0.0
202606231226,407.9479,407.08,407.9479,407.0521,0.0
202606231227,407.04,407.06,408.0,407.0,0.0
202606231228,407.45,407.67,407.67,407.02,0.0
202606231229,407.67,407.21,407.67,407.21,0.0
202606231230,407.67,407.36,407.67,407.21,0.0
202606231231,407.4,407.36,407.4,407.36,0.0
202606231232,407.25,407.25,407.54,407.25,0.0
202606231233,407.25,407.28,407.62,407.25,0.0
202606231234,407.25,407.25,407.25,407.25,0.0
202606231235,407.0328,407.35,407.35,407.0328,0.0
202606231236,407.42,407.49,407.62,407.0,0.0
202606231237,407.1,407.1,407.1,407.1,0.0
202606231238,407.5965,407.0245,407.5965,407.0,0.0
202606231239,407.46,407.18,407.46,407.102,0.0
202606231240,407.38,407.16,407.38,407.16,0.0
202606231241,407.13,407.1574,407.18,407.13,0.0
202606231242,407.0329,407.5393,407.5393,407.03,0.0
202606231243,407.04,407.63,407.63,407.04,0.0
202606231244,407.2,407.0329,407.2,407.0003,0.0
202606231245,407.37,407.58,407.63,407.0991,0.0
202606231246,407.5,408.46,408.47,407.5,0.0
202606231247,408.01,408.24,408.48,408.01,0.0
202606231248,408.24,408.29,408.47,408.15,0.0
202606231249,408.28,409.3862,409.3862,408.084,0.0
202606231250,409.3352,408.9325,409.3352,408.9325,0.0
202606231251,408.8945,408.87,408.92,408.87,0.0
202606231252,408.81,408.42,408.9823,408.42,0.0
202606231253,408.5,408.25,408.81,408.25,0.0
202606231254,408.9609,408.92,408.9609,408.2891,0.0
202606231255,408.8673,408.3329,408.8673,408.25,0.0
202606231256,408.2839,408.26,408.2839,408.26,0.0
202606231257,408.26,408.38,408.38,408.25,0.0
202606231258,408.2662,408.28,408.7882,408.25,0.0
202606231259,408.25,408.0,408.46,408.0,0.0
202606231300,408.16,408.02,408.16,407.63,0.0
202606231301,408.02,407.6868,408.02,407.6868,0.0
202606231302,408.72,408.7197,408.72,408.35,0.0
202606231303,408.19,408.6734,408.6734,408.19,0.0
202606231304,408.3,408.35,408.64,408.3,0.0
202606231305,408.34,409.11,409.26,408.23,0.0
202606231306,408.94,408.81,409.39,408.72,0.0
202606231307,408.9,408.88,408.9,408.83,0.0
202606231308,408.9,408.92,409.3263,408.88,0.0
202606231309,409.3,408.88,409.3,408.88,0.0
202606231310,409.256,408.74,409.39,408.72,0.0
202606231311,408.8785,409.0,409.24,408.8,0.0
202606231312,409.1426,408.97,409.1426,408.97,0.0
202606231313,408.86,409.0,409.3,408.86,0.0
202606231314,409.09,409.0393,409.16,409.02,0.0
202606231315,409.03,409.03,409.03,409.03,0.0
202606231316,409.23,410.26,410.26,408.85,39.0
202606231317,410.12,410.25,410.25,409.64,37.0
202606231318,409.77,409.43,409.77,409.43,23.0
202606231319,409.77,409.77,409.77,409.77,3.0
202606231320,409.76,409.76,409.76,409.76,5.0
202606231321,407.54,407.54,407.54,407.54,3.0
202606231322,408.0,408.0,408.0,408.0,12.0
202606231323,408.0,408.0,408.0,408.0,0.0
202606231324,408.48,408.48,408.48,408.48,3.0
202606231325,408.34,408.34,408.34,408.34,2.0
202606231326,409.0,409.0,409.0,409.0,2.0
202606231327,409.0,409.0,409.0,409.0,2.0
202606231328,409.97,409.17,409.97,409.17,4.0
202606231329,408.56,410.0,410.0,408.56,5.0
202606231330,409.5199890136719,409.57501220703125,409.69000244140625,408.0,158709.0
202606231331,408.8399963378906,408.9150085449219,409.8999938964844,408.489990234375,44174.0
202606231332,408.9150085449219,405.989990234375,409.44000244140625,404.5799865722656,30448.0
202606231333,405.989990234375,405.6387939453125,407.0098876953125,405.010009765625,18057.0
202606231334,405.5050048828125,407.8299865722656,408.44000244140625,404.6600036621094,21968.0
202606231335,407.70001220703125,407.0,407.70001220703125,406.56500244140625,22198.0
202606231336,406.8999938964844,407.67999267578125,407.8900146484375,406.25,19023.0
202606231337,407.5199890136719,406.57000732421875,407.6400146484375,406.57000732421875,12249.0
202606231338,406.7300109863281,406.42498779296875,406.8999938964844,406.1200866699219,9515.0
202606231339,406.44000244140625,406.17999267578125,406.489990234375,406.04998779296875,13880.0
202606231340,406.04998779296875,405.9649963378906,406.20001220703125,405.5299987792969,19837.0
202606231341,406.2300109863281,406.7200012207031,406.9700012207031,406.2300109863281,13815.0
202606231342,406.7200012207031,406.489990234375,406.7200012207031,405.8999938964844,9384.0
202606231343,406.29998779296875,406.8450012207031,406.8450012207031,406.29998779296875,4397.0
202606231344,406.7699890136719,407.1600036621094,407.1600036621094,406.66009521484375,8082.0
202606231345,407.1099853515625,406.8999938964844,407.5799865722656,406.8900146484375,20101.0
202606231346,406.8900146484375,406.7200012207031,406.9800109863281,406.32501220703125,15869.0
202606231347,406.70001220703125,407.3999938964844,407.45001220703125,406.625,17560.0
202606231348,407.2301025390625,407.5199890136719,407.739990234375,407.0610046386719,13669.0
202606231349,407.385009765625,407.1650085449219,407.9100036621094,407.0,12721.0
202606231350,407.1700134277344,407.7051086425781,407.7699890136719,407.1700134277344,5991.0
202606231351,407.6099853515625,407.7300109863281,407.989990234375,407.510009765625,5842.0
202606231352,407.739990234375,407.57000732421875,407.8999938964844,407.41009521484375,3494.0
202606231353,407.614990234375,407.1099853515625,407.614990234375,406.92999267578125,5896.0
202606231354,407.0,406.5350036621094,407.07501220703125,406.4200134277344,12252.0
202606231355,406.5350036621094,406.4200134277344,406.5450134277344,406.29998779296875,7652.0
202606231356,406.42999267578125,407.385009765625,407.4800109863281,406.42999267578125,7651.0
202606231357,407.3800048828125,407.0299987792969,407.3800048828125,406.8609924316406,4238.0
202606231358,406.8299865722656,406.739990234375,407.2200012207031,406.4200134277344,11170.0
202606231359,406.739990234375,406.25,406.739990234375,406.25,10430.0
202606231400,406.42999267578125,407.30999755859375,407.4200134277344,406.3299865722656,27572.0
202606231401,407.30999755859375,407.114990234375,407.4599914550781,406.9599914550781,9869.0
202606231402,407.0950012207031,406.04010009765625,407.0950012207031,406.04010009765625,20849.0
202606231403,406.2049865722656,406.69500732421875,406.8299865722656,406.2049865722656,12197.0
202606231404,406.7549133300781,407.55499267578125,407.8450012207031,406.75,12644.0
202606231405,407.6300048828125,407.6600036621094,407.81500244140625,407.4902038574219,12018.0
202606231406,407.6650085449219,407.19500732421875,407.69000244140625,407.1300048828125,8605.0
202606231407,407.20001220703125,407.32000732421875,407.5,407.0,8205.0
202606231408,407.1400146484375,407.2300109863281,407.2300109863281,406.93011474609375,5912.0
202606231409,407.114990234375,407.7449951171875,407.9200134277344,407.0101013183594,8835.0
202606231410,407.7900085449219,407.94500732421875,408.4800109863281,407.7900085449219,17579.0
202606231411,408.0350036621094,407.8699951171875,408.4800109863281,407.82000732421875,18217.0
202606231412,407.8800048828125,407.5199890136719,408.06988525390625,407.5199890136719,14016.0
202606231413,407.5299987792969,407.7300109863281,407.7300109863281,407.2900085449219,13405.0
202606231414,407.7300109863281,407.32000732421875,407.7300109863281,407.32000732421875,5273.0
202606231415,407.45001220703125,407.5400085449219,407.6199951171875,407.3399963378906,7054.0
202606231416,407.5400085449219,407.260009765625,407.6700134277344,407.260009765625,5756.0
202606231417,407.19000244140625,407.45001220703125,407.5299987792969,407.19000244140625,6975.0
202606231418,407.4100036621094,407.510009765625,407.5989990234375,407.4100036621094,7919.0
202606231419,407.510009765625,407.94000244140625,407.94000244140625,407.44000244140625,15150.0
202606231420,407.9549865722656,407.6400146484375,407.989990234375,407.6300048828125,14144.0
202606231421,407.6400146484375,407.5899963378906,407.6400146484375,407.489990234375,4677.0
202606231422,407.54998779296875,407.6824951171875,407.8500061035156,407.54998779296875,15243.0
202606231423,407.68499755859375,407.3299865722656,407.69500732421875,407.3299865722656,5135.0
202606231424,407.4100036621094,407.1199951171875,407.4100036621094,407.010009765625,4339.0
202606231425,407.010009765625,407.13751220703125,407.239990234375,406.9700012207031,6848.0
202606231426,407.05999755859375,406.94500732421875,407.1449890136719,406.7601013183594,9024.0
202606231427,406.9750061035156,406.4700012207031,406.9750061035156,406.3999938964844,4919.0
202606231428,406.43499755859375,406.5150146484375,406.6099853515625,406.42999267578125,5863.0
202606231429,406.5150146484375,406.489990234375,406.5150146484375,406.25,5162.0
202606231430,406.5299987792969,405.8599853515625,406.5450134277344,404.989990234375,51973.0
202606231431,405.864990234375,405.7550964355469,406.2699890136719,405.5899963378906,15741.0
202606231432,405.6199951171875,405.9949951171875,406.0799865722656,405.5899963378906,14549.0
202606231433,406.06500244140625,406.1549987792969,406.30938720703125,405.95001220703125,19213.0
202606231434,406.1549987792969,406.17498779296875,406.2799987792969,406.0950012207031,9849.0
202606231435,406.260009765625,405.8900146484375,406.4100036621094,405.79998779296875,9604.0
202606231436,405.864990234375,405.92999267578125,406.010009765625,405.5201110839844,7728.0
202606231437,406.0199890136719,406.2650146484375,406.2650146484375,405.8999938964844,15252.0
202606231438,406.3299865722656,406.3699951171875,406.6650085449219,406.2699890136719,12609.0
202606231439,406.3699951171875,406.4024963378906,406.5299987792969,406.3699951171875,8024.0
202606231440,406.4700012207031,406.17498779296875,406.5,406.1199951171875,6247.0
202606231441,406.19000244140625,406.07000732421875,406.29998779296875,405.8900146484375,10215.0
202606231442,406.04998779296875,406.17999267578125,406.239990234375,405.95001220703125,3954.0
202606231443,406.1000061035156,406.2138366699219,406.3999938964844,406.1000061035156,4624.0
202606231444,406.42999267578125,406.30999755859375,406.42999267578125,406.2449951171875,4074.0
202606231445,406.3450012207031,406.2099914550781,406.3500061035156,406.0950012207031,7882.0
202606231446,406.2099914550781,405.94000244140625,406.2099914550781,405.79998779296875,8613.0
202606231447,405.8500061035156,405.9100036621094,405.9649963378906,405.80999755859375,3225.0
202606231448,405.8500061035156,406.2850036621094,406.32000732421875,405.7799987792969,7146.0
202606231449,406.2850036621094,406.2101135253906,406.5299987792969,406.0299987792969,9270.0
202606231450,406.20001220703125,406.1400146484375,406.3999938964844,406.04998779296875,17268.0
202606231451,406.2349853515625,406.0899963378906,406.3599853515625,405.94000244140625,4550.0
202606231452,406.0899963378906,406.0450134277344,406.2300109863281,406.0,4693.0
202606231453,406.1300048828125,405.8699951171875,406.1300048828125,405.8699951171875,5228.0
202606231454,406.0,406.0799865722656,406.1300048828125,405.9100036621094,9516.0
202606231455,406.04998779296875,405.70001220703125,406.0599060058594,405.69000244140625,6191.0
202606231456,405.6199951171875,405.30999755859375,405.6950988769531,405.0,7341.0
202606231457,405.3399963378906,405.3399963378906,405.4100036621094,405.2300109863281,4256.0
202606231458,405.3399963378906,405.2699890136719,405.3500061035156,405.0400085449219,7220.0
202606231459,405.3299865722656,405.42999267578125,405.45001220703125,405.114990234375,9637.0
202606231500,405.3900146484375,405.375,405.3900146484375,405.2300109863281,5772.0
202606231501,405.375,405.125,405.4700012207031,405.05999755859375,16914.0
202606231502,405.06500244140625,404.95001220703125,405.1700134277344,404.95001220703125,27613.0
202606231503,405.0,405.3800048828125,405.4200134277344,404.79998779296875,23182.0
202606231504,405.3800048828125,404.94500732421875,405.3800048828125,404.9100036621094,16558.0
202606231505,405.0,404.23028564453125,405.07000732421875,404.2101135253906,16364.0
202606231506,404.32000732421875,404.1499938964844,404.6400146484375,404.0799865722656,66060.0
202606231507,404.17498779296875,404.25,404.5199890136719,404.0151062011719,22079.0
202606231508,404.1499938964844,403.95001220703125,404.1499938964844,403.75,22482.0
202606231509,403.9150085449219,403.614990234375,404.010009765625,403.614990234375,11854.0
202606231510,403.7550048828125,403.54998779296875,403.7550048828125,403.1600036621094,7479.0
202606231511,403.54998779296875,403.6099853515625,403.69000244140625,403.5450134277344,3230.0
202606231512,403.7200012207031,403.70001220703125,403.8399963378906,403.6099853515625,8079.0
202606231513,403.69000244140625,403.260009765625,403.69000244140625,402.8349914550781,14939.0
202606231514,403.2699890136719,403.9100036621094,403.92999267578125,403.2200012207031,12459.0
202606231515,403.9222106933594,403.8500061035156,404.4599914550781,403.8500061035156,16131.0
202606231516,403.9750061035156,404.4549865722656,404.4599914550781,403.9700012207031,13981.0
202606231517,404.3999938964844,404.25,404.5,404.2300109863281,8789.0
202606231518,404.25,404.4200134277344,404.5,404.25,254039.0
202606231519,404.4800109863281,404.6199951171875,404.7200012207031,404.2900085449219,10215.0
202606231520,404.6199951171875,404.8550109863281,405.0,404.6199951171875,133175.0
202606231521,404.81500244140625,405.1400146484375,405.2799987792969,404.81500244140625,18857.0
202606231522,405.1400146484375,404.5899963378906,405.1400146484375,404.5899963378906,7144.0
202606231523,404.5921936035156,404.80999755859375,404.9200134277344,404.5921936035156,3803.0
202606231524,404.80999755859375,405.07000732421875,405.07000732421875,404.5199890136719,9458.0
202606231525,405.0299987792969,405.5,405.57501220703125,405.0299987792969,7056.0
202606231526,405.5,405.1330871582031,405.5,405.1330871582031,3131.0
202606231527,405.260009765625,405.7250061035156,405.8800048828125,405.260009765625,7490.0
202606231528,405.8699951171875,406.0899963378906,406.3800048828125,405.8599853515625,7380.0
202606231529,406.1000061035156,406.30999755859375,406.5,406.0899963378906,8573.0
202606231530,406.32000732421875,406.5899963378906,406.6700134277344,406.1600036621094,9825.0
202606231531,406.340087890625,407.04998779296875,407.04998779296875,406.340087890625,11586.0
202606231532,407.05999755859375,407.2749938964844,407.3500061035156,407.05999755859375,4240.0
202606231533,407.2749938964844,407.6199951171875,407.6400146484375,406.5600891113281,21556.0
202606231534,407.70001220703125,407.5299987792969,407.70001220703125,407.4700012207031,7493.0
202606231535,407.5299987792969,407.92999267578125,408.04998779296875,407.5299987792969,11930.0
202606231536,407.82000732421875,408.489990234375,408.6000061035156,407.7900085449219,12856.0
202606231537,408.43499755859375,408.17498779296875,408.46661376953125,408.17498779296875,5915.0
202606231538,408.1099853515625,407.5849914550781,408.1675109863281,407.5849914550781,5446.0
202606231539,407.7250061035156,407.510009765625,407.7300109863281,407.489990234375,4977.0
202606231540,407.5,407.9599914550781,407.989990234375,407.5,4161.0
202606231541,407.9049987792969,408.0150146484375,408.1000061035156,407.885009765625,4781.0
202606231542,408.0249938964844,408.1700134277344,408.2900085449219,407.9599914550781,7743.0
202606231543,408.05999755859375,408.5,408.5,408.05999755859375,4036.0
202606231544,408.5,408.4200134277344,408.5,408.3399963378906,4038.0
202606231545,408.4200134277344,408.41009521484375,408.4200134277344,408.2850036621094,4148.0
202606231546,408.2900085449219,408.55999755859375,408.70001220703125,408.2900085449219,7054.0
202606231547,408.57000732421875,408.8699951171875,408.8699951171875,408.55499267578125,9808.0
202606231548,408.82501220703125,409.1099853515625,409.1300048828125,408.7799987792969,9037.0
202606231549,409.0199890136719,409.0,409.0899963378906,409.0,3500.0
202606231550,408.8699951171875,408.8399963378906,408.8699951171875,408.7349853515625,2740.0
202606231551,408.8949890136719,408.6099853515625,408.8949890136719,408.55999755859375,4798.0
202606231552,408.5799865722656,408.20001220703125,408.70001220703125,408.20001220703125,13962.0
202606231553,408.19000244140625,408.07000732421875,408.2799987792969,408.03009033203125,5097.0
202606231554,408.114990234375,407.9949951171875,408.1300048828125,407.87091064453125,4724.0
202606231555,407.9949951171875,408.1099853515625,408.20001220703125,407.9949951171875,5266.0
202606231556,408.07000732421875,408.4049987792969,408.489990234375,408.07000732421875,5987.0
202606231557,408.4800109863281,408.4049987792969,408.54998779296875,408.3299865722656,7692.0
202606231558,408.41009521484375,408.3500061035156,408.41009521484375,408.1400146484375,9095.0
202606231559,408.3771057128906,408.2900085449219,408.3771057128906,408.19000244140625,3136.0
202606231600,408.1600036621094,408.1199951171875,408.1600036621094,407.94500732421875,4043.0
202606231601,408.0299987792969,408.1000061035156,408.2900085449219,408.0133056640625,5920.0
202606231602,408.1400146484375,408.19500732421875,408.3800048828125,408.1300048828125,7311.0
202606231603,408.1000061035156,407.92999267578125,408.1000061035156,407.92999267578125,3032.0
202606231604,408.0150146484375,408.29998779296875,408.29998779296875,408.0150146484375,3948.0
202606231605,408.3114013671875,408.0249938964844,408.3114013671875,407.8599853515625,12495.0
202606231606,408.0799865722656,407.864990234375,408.0849914550781,407.7807922363281,7282.0
202606231607,407.82501220703125,407.5849914550781,407.82501220703125,407.44000244140625,27603.0
202606231608,407.5849914550781,407.6000061035156,407.9700012207031,407.2099914550781,19827.0
202606231609,407.57000732421875,408.17999267578125,408.364990234375,407.55999755859375,7471.0
202606231610,408.17999267578125,408.5199890136719,408.5199890136719,408.17498779296875,6078.0
202606231611,408.57000732421875,408.4049987792969,408.6000061035156,408.3299865722656,4717.0
202606231612,408.3399963378906,408.5400085449219,408.5400085449219,408.3299865722656,2437.0
202606231613,408.4700012207031,408.44000244140625,408.4849853515625,408.3999938964844,7201.0
202606231614,408.385009765625,408.625,408.625,408.2900085449219,6798.0
202606231615,408.6499938964844,408.7200012207031,408.760009765625,408.6099853515625,12378.0
202606231616,408.7200012207031,408.42498779296875,408.7799987792969,408.3500061035156,5168.0
202606231617,408.42498779296875,408.2699890136719,408.42498779296875,408.2149963378906,5035.0
202606231618,408.2300109863281,408.19000244140625,408.364990234375,408.0,9531.0
202606231619,408.19000244140625,408.010009765625,408.19000244140625,407.9849853515625,3854.0
202606231620,408.05499267578125,407.5799865722656,408.1199951171875,407.57000732421875,24227.0
202606231621,407.69000244140625,407.7250061035156,407.7250061035156,407.69000244140625,3165.0
202606231622,407.7250061035156,407.760009765625,407.7900085449219,407.6612854003906,2612.0
202606231623,407.760009765625,407.6050109863281,407.760009765625,407.5899963378906,2406.0
202606231624,407.6050109863281,407.2699890136719,407.625,407.2699890136719,5791.0
202606231625,407.2300109863281,406.989990234375,407.3999938964844,406.86199951171875,22371.0
202606231626,407.05499267578125,407.1650085449219,407.70599365234375,407.05499267578125,23706.0
202606231627,407.1700134277344,407.19500732421875,407.3398132324219,406.989990234375,7653.0
202606231628,407.2900085449219,407.55999755859375,407.7398986816406,407.239990234375,13425.0
202606231629,407.55999755859375,407.5799865722656,407.5899963378906,407.4549865722656,11156.0
202606231630,407.5799865722656,407.1600036621094,407.5799865722656,407.1600036621094,8229.0
202606231631,407.19000244140625,407.1449890136719,407.2149963378906,407.1000061035156,8044.0
202606231632,407.1099853515625,406.8699951171875,407.1099853515625,406.7900085449219,6537.0
202606231633,406.8800048828125,406.9649963378906,407.0,406.8800048828125,4682.0
202606231634,406.8500061035156,406.8699951171875,406.8900146484375,406.739990234375,5337.0
202606231635,406.80999755859375,406.7099914550781,406.8699951171875,406.7099914550781,8237.0
202606231636,406.7250061035156,406.75,406.9599914550781,406.6199951171875,18862.0
202606231637,406.7799987792969,406.8299865722656,406.9949951171875,406.4949951171875,21404.0
202606231638,406.82000732421875,406.9100036621094,407.010009765625,406.80999755859375,11696.0
202606231639,406.9100036621094,406.7799987792969,407.0299987792969,406.7799987792969,14662.0
202606231640,406.82000732421875,406.80999755859375,406.8699951171875,406.7200927734375,4394.0
202606231641,406.8599853515625,406.9700012207031,406.9700012207031,406.7099914550781,4571.0
202606231642,407.0,407.1199951171875,407.1199951171875,406.9599914550781,8031.0
202606231643,407.1632995605469,407.04998779296875,407.17999267578125,407.0400085449219,6119.0
202606231644,407.04998779296875,407.05499267578125,407.1199951171875,407.0199890136719,3698.0
202606231645,407.0400085449219,407.0299987792969,407.18499755859375,407.0050048828125,6196.0
202606231646,407.2200012207031,407.42999267578125,407.5899963378906,407.04010009765625,14628.0
202606231647,407.44000244140625,407.54998779296875,407.8699951171875,407.4100036621094,11628.0
202606231648,407.7049865722656,407.92498779296875,407.92498779296875,407.4700012207031,6961.0
202606231649,407.9949951171875,407.8800048828125,407.9949951171875,407.8800048828125,2975.0
202606231650,407.8800048828125,407.6050109863281,407.94000244140625,407.6050109863281,5789.0
202606231651,407.5950012207031,407.8900146484375,407.8900146484375,407.44000244140625,9329.0
202606231652,407.92999267578125,407.79998779296875,408.0,407.69000244140625,10454.0
202606231653,407.79998779296875,407.7550048828125,407.909912109375,407.7300109863281,4699.0
202606231654,407.7550048828125,407.6449890136719,407.7550048828125,407.54998779296875,6219.0
202606231655,407.6400146484375,407.6300048828125,407.715087890625,407.4549865722656,7177.0
202606231656,407.6300048828125,407.65008544921875,407.7550048828125,407.6099853515625,8010.0
202606231657,407.70001220703125,407.7950134277344,407.8800048828125,407.70001220703125,7413.0
202606231658,407.889892578125,407.67999267578125,407.889892578125,407.5801086425781,9071.0
202606231659,407.7349853515625,407.510009765625,407.75,407.5,5284.0
202606231700,407.4800109863281,407.4549865722656,407.5799865722656,407.3949890136719,4821.0
202606231701,407.4200134277344,407.3800048828125,407.44000244140625,407.3399963378906,6704.0
202606231702,407.3550109863281,407.31500244140625,407.45001220703125,407.29998779296875,5157.0
202606231703,407.32000732421875,407.45001220703125,407.4700012207031,407.32000732421875,6168.0
202606231704,407.5,407.6549987792969,407.8299865722656,407.489990234375,7750.0
202606231705,407.6549987792969,407.6400146484375,407.7900085449219,407.6300048828125,6818.0
202606231706,407.6400146484375,407.760009765625,407.8399963378906,407.54998779296875,13765.0
202606231707,407.8399963378906,407.9150085449219,408.0,407.7950134277344,5344.0
202606231708,407.9150085449219,407.7300109863281,407.9200134277344,407.7300109863281,3377.0
202606231709,407.70001220703125,407.67999267578125,407.75,407.6099853515625,4590.0
202606231710,407.6700134277344,407.6499938964844,407.69500732421875,407.57000732421875,2309.0
202606231711,407.57000732421875,407.5050048828125,407.6700134277344,407.5050048828125,5945.0
202606231712,407.5899963378906,407.6050109863281,407.6700134277344,407.57000732421875,4158.0
202606231713,407.6000061035156,407.69500732421875,407.7799987792969,407.5799865722656,7023.0
202606231714,407.69500732421875,407.6449890136719,407.70001220703125,407.6000061035156,6572.0
202606231715,407.6099853515625,407.6199951171875,407.69000244140625,407.6000061035156,16780.0
202606231716,407.6099853515625,407.6400146484375,407.69500732421875,407.6000061035156,5066.0
202606231717,407.6271057128906,407.70001220703125,407.75,407.6271057128906,3285.0
202606231718,407.7049865722656,408.0,408.0,407.6600036621094,2812.0
202606231719,408.0,407.9100036621094,408.0150146484375,407.81500244140625,6647.0
202606231720,408.0,407.7799987792969,408.0,407.7001037597656,4735.0
202606231721,407.7699890136719,407.95001220703125,408.32501220703125,407.68499755859375,17836.0
202606231722,407.94500732421875,407.9150085449219,408.0,407.80999755859375,2818.0
202606231723,407.92498779296875,407.9200134277344,408.010009765625,407.9200134277344,2952.0
202606231724,407.92498779296875,408.010009765625,408.1499938964844,407.92498779296875,4029.0
202606231725,408.010009765625,407.8999938964844,408.0400085449219,407.8999938964844,7617.0
202606231726,407.9049987792969,407.8999938964844,407.9049987792969,407.8299865722656,1789.0
202606231727,407.8299865722656,407.875,407.875,407.79998779296875,10576.0
202606231728,407.8599853515625,407.7149963378906,407.8599853515625,407.6700134277344,4730.0
202606231729,407.7149963378906,407.19000244140625,407.7149963378906,407.19000244140625,14046.0
202606231730,407.19000244140625,407.2372131347656,407.2799987792969,407.1300048828125,7792.0
202606231731,407.2149963378906,407.17999267578125,407.2149963378906,407.1199951171875,4141.0
202606231732,407.1199951171875,407.20001220703125,407.20001220703125,407.0849914550781,3367.0
202606231733,407.2799987792969,407.4700012207031,407.57000732421875,407.2300109863281,18358.0
202606231734,407.4750061035156,407.5899963378906,407.6099853515625,407.4599914550781,10675.0
202606231735,407.5899963378906,407.55999755859375,407.7200012207031,407.5199890136719,5634.0
202606231736,407.6600036621094,407.489990234375,407.6650085449219,407.489990234375,3578.0
202606231737,407.5736083984375,407.625,407.625,407.5736083984375,932.0
202606231738,407.5199890136719,407.6199951171875,407.6600036621094,407.4200134277344,126649.0
202606231739,407.6199951171875,407.5799865722656,407.625,407.5101013183594,3107.0
202606231740,407.5799865722656,407.6700134277344,407.68499755859375,407.5799865722656,8825.0
202606231741,407.6625061035156,407.5350036621094,407.68499755859375,407.5299987792969,7869.0
202606231742,407.5350036621094,407.4649963378906,407.5350036621094,407.42999267578125,2060.0
202606231743,407.4599914550781,407.5350036621094,407.54998779296875,407.4200134277344,12306.0
202606231744,407.5350036621094,407.44500732421875,407.5599060058594,407.30999755859375,12854.0
202606231745,407.42498779296875,407.5199890136719,407.54998779296875,407.42498779296875,3423.0
202606231746,407.54998779296875,407.6400146484375,407.6520080566406,407.54998779296875,4477.0
202606231747,407.6400146484375,408.20001220703125,408.20001220703125,407.6400146484375,7409.0
202606231748,408.20001220703125,408.3800048828125,408.5,408.17010498046875,8558.0
202606231749,408.4949951171875,408.5,408.5899963378906,408.42999267578125,6437.0
202606231750,408.42999267578125,408.4700012207031,408.4700012207031,408.3800048828125,2309.0
202606231751,408.385009765625,408.94000244140625,408.94000244140625,408.32000732421875,7261.0
202606231752,408.8999938964844,408.7300109863281,408.9399108886719,408.5400085449219,4430.0
202606231753,408.5799865722656,408.8699951171875,408.8699951171875,408.5799865722656,2187.0
202606231754,408.6700134277344,408.6449890136719,408.83990478515625,408.6000061035156,7318.0
202606231755,408.6499938964844,408.5899963378906,408.6700134277344,408.4707946777344,3834.0
202606231756,408.47088623046875,408.4700012207031,408.5899963378906,408.45001220703125,6163.0
202606231757,408.5101013183594,408.7300109863281,408.7300109863281,407.90008544921875,11018.0
202606231758,408.7300109863281,408.885009765625,408.885009765625,408.6499938964844,2776.0
202606231759,409.0,408.9649963378906,409.07000732421875,408.7699890136719,9451.0
202606231800,409.0050048828125,408.2799987792969,409.31988525390625,407.8406066894531,33966.0
202606231801,408.29998779296875,408.260009765625,408.29998779296875,408.0700988769531,2917.0
202606231802,408.07000732421875,407.7900085449219,408.260009765625,407.7799987792969,7802.0
202606231803,407.7900085449219,407.7900085449219,407.9800109863281,407.590087890625,1372.0
202606231804,407.7950134277344,407.7099914550781,407.96600341796875,407.70001220703125,5389.0
202606231805,407.7099914550781,407.635009765625,407.7349853515625,407.5101013183594,4660.0
202606231806,407.6700134277344,407.9150085449219,407.92999267578125,407.6549987792969,5077.0
202606231807,407.8699951171875,407.8500061035156,407.9800109863281,407.82501220703125,6221.0
202606231808,407.7900085449219,407.75,407.82000732421875,407.70001220703125,2844.0
202606231809,407.7149963378906,407.9849853515625,408.1400146484375,407.7149963378906,9984.0
202606231810,407.9849853515625,407.8949890136719,408.0,407.8599853515625,2555.0
202606231811,407.92999267578125,408.1199951171875,408.30999755859375,407.92999267578125,11459.0
202606231812,408.114990234375,408.2049865722656,408.2699890136719,408.0299987792969,12270.0
202606231813,408.2149963378906,408.4599914550781,408.6300048828125,408.1675109863281,10755.0
202606231814,408.44000244140625,408.3999938964844,408.4800109863281,408.30999755859375,3687.0
202606231815,408.3399963378906,408.3299865722656,408.5899963378906,408.239990234375,8845.0
202606231816,408.30499267578125,408.32501220703125,408.4599914550781,408.2300109863281,7882.0
202606231817,408.4100036621094,408.6199951171875,408.6300048828125,408.32501220703125,7881.0
202606231818,408.4549865722656,408.43499755859375,408.4849853515625,408.4200134277344,2019.0
202606231819,408.43499755859375,408.8949890136719,408.8999938964844,408.3500061035156,14955.0
202606231820,408.7900085449219,408.1199951171875,408.989990234375,408.0400085449219,10764.0
202606231821,408.1199951171875,408.2300109863281,408.3297119140625,407.989990234375,8584.0
202606231822,408.31500244140625,408.3599853515625,408.3599853515625,408.2699890136719,5426.0
202606231823,408.375,408.4200134277344,408.4200134277344,408.375,11236.0
202606231824,408.57000732421875,408.42999267578125,408.6499938964844,408.3999938964844,5046.0
202606231825,408.3699951171875,408.5899963378906,408.5899963378906,408.3399963378906,8743.0
202606231826,408.5450134277344,408.5249938964844,408.5450134277344,408.1400146484375,21434.0
202606231827,408.5249938964844,408.489990234375,408.6000061035156,408.2850036621094,7559.0
202606231828,408.5,408.45001220703125,408.57000732421875,408.30999755859375,5674.0
202606231829,408.3900146484375,408.2250061035156,408.4700012207031,408.2250061035156,7971.0
202606231830,408.2200012207031,408.114990234375,408.2749938964844,408.0799865722656,9370.0
202606231831,408.2300109863281,408.1199951171875,408.25,408.04998779296875,4507.0
202606231832,408.1650085449219,408.2650146484375,408.3500061035156,408.04998779296875,6696.0
202606231833,408.2799987792969,408.1449890136719,408.3399963378906,408.1000061035156,19812.0
202606231834,408.1451110839844,408.2349853515625,408.3599853515625,408.1449890136719,5092.0
202606231835,408.2349853515625,408.1050109863281,408.2349853515625,408.0950012207031,2867.0
202606231836,408.1050109863281,407.80999755859375,408.17498779296875,407.80999755859375,13791.0
202606231837,407.8299865722656,407.94500732421875,408.010009765625,407.82501220703125,3972.0
202606231838,407.94500732421875,408.1099853515625,408.25,407.94500732421875,41711.0
202606231839,408.1099853515625,408.04998779296875,408.3598937988281,408.04998779296875,11186.0
202606231840,408.1099853515625,407.8851013183594,408.1300048828125,407.8800048828125,8199.0
202606231841,407.885009765625,408.0249938964844,408.1000061035156,407.8599853515625,6950.0
202606231842,408.0249938964844,407.80999755859375,408.07989501953125,407.80999755859375,7741.0
202606231843,407.864990234375,407.8301086425781,407.9599914550781,407.8299865722656,6510.0
202606231844,407.8699951171875,407.7300109863281,407.8699951171875,407.70001220703125,4216.0
202606231845,407.7200012207031,407.57000732421875,407.8450012207031,407.57000732421875,6216.0
202606231846,407.57501220703125,407.5920104980469,407.82000732421875,407.3475036621094,39737.0
202606231847,407.5400085449219,407.57000732421875,407.70001220703125,407.489990234375,20934.0
202606231848,407.57000732421875,407.7149963378906,407.82000732421875,407.57000732421875,38250.0
202606231849,407.7149963378906,407.5950012207031,407.7149963378906,407.57000732421875,3547.0
202606231850,407.6199951171875,407.5799865722656,407.7200012207031,407.5799865722656,5686.0
202606231851,407.489990234375,407.7349853515625,407.80499267578125,407.489990234375,6439.0
202606231852,407.7300109863281,407.6199951171875,407.760009765625,407.5849914550781,8420.0
202606231853,407.6199951171875,407.614990234375,407.6199951171875,407.5350036621094,4563.0
202606231854,407.614990234375,407.7449951171875,407.9100036621094,407.4599914550781,0.0
202606231855,407.8450012207031,407.7850036621094,407.8699951171875,407.6260070800781,5117.0
202606231856,407.8550109863281,407.95001220703125,408.0299987792969,407.7900085449219,13815.0
202606231857,407.95001220703125,407.54998779296875,407.9599914550781,407.54998779296875,128048.0
202606231858,407.7099914550781,407.9200134277344,407.9200134277344,407.6000061035156,5062.0
202606231859,407.9649963378906,407.7799987792969,408.0299987792969,407.7799987792969,7171.0
202606231900,407.9599914550781,408.010009765625,408.010009765625,407.7799987792969,4448.0
202606231901,407.9649963378906,407.94000244140625,408.0199890136719,407.94000244140625,9411.0
202606231902,408.010009765625,407.80499267578125,408.010009765625,407.7300109863281,3527.0
202606231903,407.80499267578125,407.9501037597656,407.9630126953125,407.7900085449219,2196.0
202606231904,407.9150085449219,407.9750061035156,408.1400146484375,407.9150085449219,12351.0
202606231905,408.010009765625,407.8500061035156,408.1099853515625,407.8500061035156,7594.0
202606231906,407.8599853515625,407.94000244140625,407.9700012207031,407.8399963378906,5617.0
202606231907,407.9700012207031,408.0400085449219,408.0899963378906,407.9100036621094,11276.0
202606231908,408.0299987792969,408.0299987792969,408.0299987792969,408.0299987792969,0.0
202606240800,407.65,408.37,409.25,407.65,0.0
202606240801,408.27,408.39,409.15,407.79,0.0
202606240802,408.51,408.51,408.51,408.51,0.0
202606240803,407.99,407.99,407.99,407.99,0.0
202606240804,407.95,408.15,409.0,407.8,0.0
202606240805,408.34,408.28,408.34,407.95,0.0
202606240806,408.29,408.09,408.29,408.09,0.0
202606240809,408.3,408.3,408.3,408.3,0.0
202606240810,408.58,408.58,408.58,408.58,0.0
202606240811,408.58,408.58,408.58,408.58,0.0
202606240812,408.58,408.58,408.58,408.58,0.0
202606240816,408.51,408.51,408.51,408.51,0.0
202606240817,408.48,408.48,408.48,408.48,0.0
202606240820,408.35,408.35,408.35,408.35,0.0
202606240824,408.3365,408.3365,408.3365,408.3365,0.0
202606240825,408.41,408.41,408.41,408.41,0.0
202606240829,408.41,408.4,408.47,408.4,0.0
202606240830,408.42,408.42,408.42,408.42,0.0
202606240831,408.47,408.48,408.57,408.45,0.0
202606240832,408.5,408.56,408.57,408.5,0.0
202606240833,408.57,408.57,408.57,408.57,0.0
202606240834,408.31,408.9825,408.9825,408.31,0.0
202606240839,408.31,408.5,408.52,408.31,0.0
202606240840,408.5,408.5,408.5,408.5,0.0
202606240841,408.55,408.52,408.55,408.52,0.0
202606240842,408.52,408.62,408.62,408.52,0.0
202606240845,408.69,408.69,408.69,408.69,0.0
202606240849,408.54,408.6,408.6,408.54,0.0
202606240855,408.54,408.54,408.54,408.54,0.0
202606240856,408.54,408.56,408.56,408.54,0.0
202606240902,408.52,408.52,408.52,408.52,0.0
202606240904,408.5,408.62,408.62,408.5,0.0
202606240905,408.62,408.52,408.62,408.52,0.0
202606240906,408.98,408.98,408.98,408.98,0.0
202606240910,408.57,408.57,408.57,408.57,0.0
202606240912,408.61,408.55,408.61,408.55,0.0
202606240918,408.55,408.55,408.55,408.55,0.0
202606240924,408.502,408.502,408.502,408.502,0.0
202606240925,408.5,408.5,408.5,408.5,0.0
202606240928,408.6047,408.74,408.8,408.55,0.0
202606240933,408.88,408.88,408.88,408.88,0.0
202606240934,408.88,408.98,408.98,408.88,0.0
202606240935,408.98,408.96,408.99,408.96,0.0
202606240936,409.06,408.66,409.06,408.66,0.0
202606240937,408.65,408.72,408.72,408.65,0.0
202606240940,408.59,408.55,408.62,408.55,0.0
202606240945,408.75,408.75,408.75,408.75,0.0
202606240946,408.99,408.55,408.99,408.55,0.0
202606240951,408.58,408.51,408.58,408.51,0.0
202606240953,408.55,408.53,408.55,408.53,0.0
202606240956,408.88,408.53,408.88,408.53,0.0
202606241000,408.61,408.75,408.75,408.61,0.0
202606241001,408.75,408.75,408.75,408.75,0.0
202606241002,408.75,408.94,408.94,408.67,0.0
202606241010,408.75,408.75,408.75,408.75,0.0
202606241011,408.75,408.75,408.75,408.75,0.0
202606241014,409.25,408.75,409.25,408.75,0.0
202606241018,408.75,408.75,408.75,408.75,0.0
202606241019,408.87,408.98,409.0,408.75,0.0
202606241020,408.87,408.79,409.1,408.79,0.0
202606241022,408.77,408.77,408.77,408.77,0.0
202606241023,408.77,408.75,408.77,408.75,0.0
202606241024,408.77,408.74,408.98,408.74,0.0
202606241025,408.74,408.86,408.86,408.74,0.0
202606241026,408.97,409.0,409.03,408.97,0.0
202606241027,409.11,409.11,409.11,409.11,0.0
202606241028,409.25,409.25,409.25,409.25,0.0
202606241031,409.24,409.24,409.24,409.24,0.0
202606241033,409.12,409.12,409.12,409.12,0.0
202606241034,409.2,409.2,409.2,409.2,0.0
202606241038,409.03,409.03,409.03,409.03,0.0
202606241040,409.03,409.03,409.03,409.03,0.0
202606241042,408.99,408.99,408.99,408.99,0.0
202606241043,408.99,408.01,408.99,408.01,0.0
202606241045,408.99,408.99,408.99,408.99,0.0
202606241046,408.059,408.02,408.99,408.02,0.0
202606241048,408.99,408.02,408.99,408.02,0.0
202606241049,408.99,408.99,408.99,408.99,0.0
202606241052,408.81,408.81,408.81,408.81,0.0
202606241053,408.2,408.1,408.2,408.1,0.0
202606241055,408.1,408.1,408.1,408.1,0.0
202606241056,408.4355,408.4355,408.4355,408.4355,0.0
202606241059,408.88,408.88,408.88,408.88,0.0
202606241100,408.86,408.75,409.58,408.5232,0.0
202606241105,409.12,409.05,409.12,409.05,0.0
202606241106,409.08,409.08,409.08,409.08,0.0
202606241107,409.1,409.1,409.1,409.1,0.0
202606241108,408.75,408.75,408.75,408.75,0.0
202606241110,408.8518,408.8518,408.8518,408.8518,0.0
202606241111,409.09,409.1,409.1,409.09,0.0
202606241112,409.25,409.25,409.25,409.18,0.0
202606241113,408.9086,409.0408,409.0408,408.9086,0.0
202606241116,409.3,409.3,409.3,409.3,0.0
202606241117,409.3,409.6,409.6,409.3,0.0
202606241118,409.5,409.6,409.6,409.5,0.0
202606241119,409.6,409.6,409.796,409.6,0.0
202606241120,409.6,409.96,409.96,409.6,0.0
202606241121,409.64,409.51,409.852,409.5,0.0
202606241122,409.75,409.96,409.96,409.75,0.0
202606241124,409.51,409.51,409.51,409.51,0.0
202606241125,409.96,409.96,409.96,409.96,0.0
202606241126,409.52,409.52,409.52,409.52,0.0
202606241127,409.8942,409.8676,409.8942,409.56,0.0
202606241128,409.51,409.67,409.8676,409.51,0.0
202606241130,409.72,409.522,409.78,409.52,0.0
202606241132,409.84,409.89,409.9,409.84,0.0
202606241133,409.51,409.71,409.71,409.51,0.0
202606241134,409.71,409.71,409.73,409.71,0.0
202606241135,409.99,409.99,409.99,409.99,0.0
202606241136,409.76,409.74,409.76,409.74,0.0
202606241138,409.73,409.983,409.983,409.73,0.0
202606241139,409.73,409.73,409.73,409.71,0.0
202606241140,409.71,409.71,409.71,409.71,0.0
202606241141,409.89,409.89,409.89,409.89,0.0
202606241142,409.89,409.76,409.89,409.76,0.0
202606241143,409.73,409.63,409.73,409.63,0.0
202606241145,409.52,409.52,409.52,409.52,0.0
202606241149,409.76,409.6,409.76,409.6,0.0
202606241151,409.6,409.6,409.6,409.6,0.0
202606241152,409.881,409.881,409.881,409.881,0.0
202606241154,409.83,409.83,409.83,409.63,0.0
202606241156,409.83,409.83,409.83,409.83,0.0
202606241157,409.82,409.54,409.82,409.53,0.0
202606241158,409.55,409.54,409.89,409.54,0.0
202606241200,409.55,409.54,409.55,409.54,0.0
202606241201,409.69,409.72,409.72,409.65,0.0
202606241202,409.67,409.76,409.8,409.67,0.0
202606241203,409.89,409.76,409.89,409.76,0.0
202606241204,409.76,409.5488,409.8,409.5488,0.0
202606241207,409.73,409.55,409.77,409.54,0.0
202606241208,409.54,409.54,409.54,409.54,0.0
202606241209,409.54,409.54,409.54,409.54,0.0
202606241210,409.8,409.68,409.8,409.68,0.0
202606241211,409.68,409.68,409.68,409.68,0.0
202606241212,409.8,409.8,409.8,409.79,0.0
202606241213,409.58,409.58,409.83,409.58,0.0
202606241214,409.84,409.84,409.84,409.84,0.0
202606241215,409.86,409.84,409.86,409.84,0.0
202606241216,409.71,409.71,409.71,409.71,0.0
202606241217,409.8,409.89,409.99,409.8,0.0
202606241218,409.89,409.99,409.99,409.89,0.0
202606241219,409.89,409.89,409.9,409.89,0.0
202606241220,409.91,409.91,409.91,409.59,0.0
202606241221,409.98,410.01,410.15,409.91,0.0
202606241222,410.2,410.2,410.2,410.2,0.0
202606241223,410.05,410.05,410.05,410.05,0.0
202606241225,410.03,409.99,410.03,409.99,0.0
202606241226,409.99,410.0,410.0,409.96,0.0
202606241227,409.8927,409.89,409.8927,409.89,0.0
202606241228,409.9,410.0,410.0,409.9,0.0
202606241229,410.03,410.3,410.3,410.03,0.0
202606241230,410.3,410.3,410.3,410.3,0.0
202606241232,410.1,410.21,410.21,410.1,0.0
202606241233,410.1,410.1,410.1,410.1,0.0
202606241234,410.1,410.3505,410.3505,410.1,0.0
202606241235,410.19,410.19,410.19,410.19,0.0
202606241236,410.18,410.19,410.19,410.18,0.0
202606241237,410.5,410.0024,410.5,410.0024,0.0
202606241238,410.5,410.5,410.5,410.5,0.0
202606241239,410.36,410.409,410.409,410.36,0.0
202606241240,410.5,410.0,410.5,410.0,0.0
202606241241,410.5,409.8,410.5,409.8,0.0
202606241242,410.03,410.1,410.1,410.0,0.0
202606241243,410.0,409.84,410.03,409.84,0.0
202606241244,410.0,409.8,410.5,409.8,0.0
202606241245,410.2432,410.01,410.2432,410.01,0.0
202606241246,410.01,409.8365,410.3,409.8365,0.0
202606241247,410.01,410.0,410.01,410.0,0.0
202606241248,410.0,410.0,410.0,410.0,0.0
202606241249,409.995,409.995,409.995,409.995,0.0
202606241250,409.83,409.9,409.97,409.83,0.0
202606241251,410.0,409.9999,410.0,409.9999,0.0
202606241252,409.95,409.8,409.9699,409.8,0.0
202606241253,409.58,409.58,409.58,409.58,0.0
202606241254,409.65,409.98,409.98,409.65,0.0
202606241255,409.8,409.65,409.8,409.65,0.0
202606241256,409.66,409.92,409.92,409.66,0.0
202606241258,409.9,409.9,409.91,409.9,0.0
202606241300,409.8,409.8,409.8,409.8,0.0
202606241301,409.8,409.75,409.8,409.7,0.0
202606241302,409.73,410.0,410.42,409.73,0.0
202606241303,410.5,410.0,410.5,410.0,0.0
202606241304,410.09,410.0,410.15,410.0,0.0
202606241305,409.6219,409.53,410.5,409.53,0.0
202606241306,409.53,409.53,409.53,409.53,0.0
202606241307,409.85,409.53,409.85,409.53,0.0
202606241308,409.73,410.13,410.13,409.73,0.0
202606241309,410.13,410.13,410.13,409.53,0.0
202606241310,409.9,409.8,410.5,409.74,0.0
202606241311,410.0,409.8,410.0,409.8,0.0
202606241312,410.2405,410.1833,410.2405,409.7572,0.0
202606241313,410.5,410.0,410.5,410.0,0.0
202606241314,409.53,409.9,410.0,409.53,0.0
202606241330,410.5350036621094,412.739990234375,413.0,410.4800109863281,170397.0
202606241331,413.0,411.2049865722656,413.42999267578125,410.9100036621094,18943.0
202606241332,411.6814880371094,409.9549865722656,411.6814880371094,409.75,14789.0
202606241333,409.8399963378906,410.19000244140625,410.44000244140625,409.25,14684.0
202606241334,410.1131896972656,408.989990234375,410.4800109863281,408.1300964355469,19910.0
202606241335,408.8399963378906,407.885009765625,409.19000244140625,407.2550048828125,26382.0
202606241336,407.8399963378906,406.6600036621094,407.8399963378906,406.6099853515625,8976.0
202606241337,406.55999755859375,407.20001220703125,407.20001220703125,406.3949890136719,4347.0
202606241338,407.0000915527344,406.7900085449219,407.3500061035156,406.5600891113281,6059.0
202606241339,406.65020751953125,406.340087890625,407.2799987792969,406.0,8712.0
202606241340,406.489990234375,406.3949890136719,407.2099914550781,405.5703125,31034.0
202606241341,406.3999938964844,406.7098083496094,407.09991455078125,406.20001220703125,15742.0
202606241342,406.6499938964844,406.6400146484375,407.17999267578125,406.20001220703125,6875.0
202606241343,406.9599914550781,407.6600036621094,407.6600036621094,406.6300964355469,16600.0
202606241344,407.5,407.8900146484375,408.0899963378906,407.3949890136719,11139.0
202606241345,407.8999938964844,407.0050048828125,408.04998779296875,406.9949951171875,16675.0
202606241346,406.9800109863281,406.2149963378906,407.1099853515625,405.9202880859375,17909.0
202606241347,406.2449951171875,405.75,406.4700012207031,405.375,15744.0
202606241348,405.7650146484375,405.8800048828125,406.07501220703125,405.42999267578125,15914.0
202606241349,406.0150146484375,405.0799865722656,406.2099914550781,404.57049560546875,26130.0
202606241350,405.0799865722656,405.5,405.5400085449219,404.79998779296875,9607.0
202606241351,405.4849853515625,406.04998779296875,406.3500061035156,405.260009765625,12064.0
202606241352,406.260009765625,406.05999755859375,406.3949890136719,405.2799987792969,7146.0
202606241353,405.8399963378906,406.57501220703125,406.57501220703125,405.8399963378906,4435.0
202606241354,406.5950012207031,407.4549865722656,407.5,406.0799865722656,10704.0
202606241355,407.3550109863281,406.8800048828125,407.4800109863281,406.8500061035156,10815.0
202606241356,406.8800048828125,406.6099853515625,406.989990234375,406.5199890136719,6806.0
202606241357,406.67999267578125,406.5249938964844,406.95001220703125,406.42999267578125,6685.0
202606241358,406.5249938964844,406.1499938964844,406.5249938964844,406.0325012207031,7820.0
202606241359,406.2900085449219,406.375,406.6199951171875,406.2099914550781,9748.0
202606241400,406.3699951171875,406.9100036621094,406.9700012207031,406.3699951171875,8799.0
202606241401,406.95001220703125,406.5,407.04998779296875,406.5,11589.0
202606241402,406.5,405.760009765625,406.64990234375,405.760009765625,10948.0
202606241403,405.760009765625,406.2200012207031,406.2300109863281,405.5799865722656,10973.0
202606241404,406.1300048828125,405.9049987792969,406.3599853515625,405.6199951171875,11808.0
202606241405,405.9049987792969,406.2471923828125,406.75,405.9049987792969,29647.0
202606241406,406.2900085449219,406.17999267578125,406.3800048828125,405.8550109863281,13217.0
202606241407,406.3512878417969,405.81500244140625,406.4989929199219,405.81500244140625,5341.0
202606241408,405.8699951171875,405.8299865722656,405.94000244140625,405.4100036621094,12678.0
202606241409,405.8299865722656,405.489990234375,405.8299865722656,405.3450012207031,6136.0
202606241410,405.4849853515625,405.0150146484375,405.489990234375,404.739990234375,11992.0
202606241411,404.8999938964844,404.95001220703125,405.1549987792969,404.7049865722656,5582.0
202606241412,404.9549865722656,404.7049865722656,405.0,404.5199890136719,13524.0
202606241413,404.69000244140625,404.9200134277344,405.0199890136719,404.53900146484375,5015.0
202606241414,404.94000244140625,404.739990234375,405.1600036621094,404.739990234375,15406.0
202606241415,404.7799987792969,404.010009765625,404.9700012207031,403.82000732421875,13182.0
202606241416,404.1000061035156,404.57501220703125,404.57501220703125,404.1000061035156,10298.0
202606241417,404.5150146484375,403.4849853515625,404.5150146484375,403.3299865722656,16946.0
202606241418,403.4849853515625,403.69000244140625,403.8399963378906,403.44000244140625,16019.0
202606241419,403.7300109863281,403.57000732421875,403.94000244140625,403.510009765625,9008.0
202606241420,403.510009765625,402.6499938964844,403.7499084472656,402.364990234375,21829.0
202606241421,402.5050048828125,402.6099853515625,402.6400146484375,402.0400085449219,18048.0
202606241422,402.17999267578125,401.9100036621094,402.54998779296875,401.79998779296875,12266.0
202606241423,401.81500244140625,402.1650085449219,402.6700134277344,401.81500244140625,20145.0
202606241424,402.260009765625,401.18499755859375,402.30999755859375,401.010009765625,14471.0
202606241425,401.32000732421875,400.7950134277344,401.489990234375,400.6300048828125,20883.0
202606241426,400.9200134277344,400.8800048828125,401.0400085449219,400.5,27108.0
202606241427,400.875,400.7699890136719,401.0899963378906,400.110107421875,17463.0
202606241428,400.82501220703125,400.5600891113281,400.9189147949219,400.4106140136719,18832.0
202606241429,400.6300048828125,400.5849914550781,400.909912109375,400.4599914550781,19654.0
202606241430,400.5199890136719,400.4100036621094,400.6600036621094,400.0,30377.0
202606241431,400.6099853515625,400.739990234375,400.95001220703125,400.5799865722656,12673.0
202606241432,400.6600036621094,400.2200012207031,400.6600036621094,400.0,20537.0
202606241433,400.1700134277344,401.135009765625,401.409912109375,400.010009765625,13462.0
202606241434,401.2099914550781,401.5899963378906,401.66949462890625,401.05999755859375,8609.0
202606241435,401.5799865722656,402.125,402.39898681640625,401.5799865722656,11660.0
202606241436,402.1099853515625,402.2950134277344,402.5799865722656,401.9599914550781,7787.0
202606241437,402.2950134277344,401.9599914550781,402.5,401.8999938964844,6656.0
202606241438,402.010009765625,401.9949951171875,402.1600036621094,401.7799987792969,2781.0
202606241439,401.989990234375,402.8900146484375,402.8999938964844,401.8599853515625,10500.0
202606241440,402.8800048828125,403.0299987792969,403.29998779296875,402.57000732421875,20749.0
202606241441,402.9800109863281,403.1300048828125,403.2799987792969,402.80010986328125,9756.0
202606241442,403.260009765625,403.2699890136719,403.2799987792969,403.010009765625,5324.0
202606241443,403.25,403.3500061035156,403.4200134277344,403.1199951171875,9679.0
202606241444,403.3500061035156,403.7117004394531,403.7349853515625,403.3500061035156,11276.0
202606241445,403.7300109863281,404.2200012207031,404.3500061035156,403.7300109863281,7200.0
202606241446,404.2200012207031,404.42498779296875,404.54998779296875,404.16009521484375,7134.0
202606241447,404.4200134277344,403.5899963378906,404.42999267578125,403.5899963378906,15110.0
202606241448,403.5199890136719,403.4700012207031,403.7099914550781,403.260009765625,14114.0
202606241449,403.489990234375,402.6575012207031,403.6600036621094,402.5799865722656,18923.0
202606241450,402.8399963378906,402.5299987792969,402.95001220703125,402.3699951171875,19598.0
202606241451,402.5400085449219,402.4549865722656,402.75,402.2200012207031,24305.0
202606241452,402.44500732421875,402.5150146484375,402.67999267578125,402.2200012207031,12190.0
202606241453,402.5150146484375,402.32000732421875,402.6499938964844,402.2799987792969,6946.0
202606241454,402.32000732421875,403.45001220703125,403.4971008300781,402.1099853515625,22097.0
202606241455,403.45001220703125,403.3699951171875,403.45001220703125,403.1300048828125,5184.0
202606241456,403.44000244140625,404.17498779296875,404.19000244140625,403.3699951171875,5204.0
202606241457,404.17498779296875,404.1099853515625,404.17999267578125,403.8699951171875,9184.0
202606241458,404.1099853515625,403.7049865722656,404.1499938964844,403.7049865722656,6709.0
202606241459,403.80999755859375,404.2550048828125,404.32000732421875,403.75,6618.0
202606241500,404.17999267578125,404.260009765625,404.260009765625,403.6000061035156,15039.0
202606241501,404.2300109863281,404.4150085449219,404.54998779296875,404.2300109863281,10794.0
202606241502,404.44000244140625,404.5304870605469,404.5799865722656,404.2699890136719,14786.0
202606241503,404.5899963378906,404.4549865722656,404.5899963378906,404.260009765625,13797.0
202606241504,404.45001220703125,404.5,404.5150146484375,404.0,30027.0
202606241505,404.57000732421875,404.42999267578125,404.57000732421875,404.2799987792969,6958.0
202606241506,404.4200134277344,404.57000732421875,404.6400146484375,404.4100036621094,7430.0
202606241507,404.510009765625,403.6300048828125,404.6099853515625,403.6300048828125,34568.0
202606241508,403.6400146484375,403.75,403.9200134277344,403.45001220703125,10912.0
202606241509,403.82000732421875,404.3800048828125,404.3800048828125,403.44000244140625,8240.0
202606241510,404.3900146484375,404.1600036621094,404.45001220703125,404.1600036621094,7893.0
202606241511,404.1700134277344,404.0899963378906,404.57000732421875,403.9750061035156,11554.0
202606241512,404.0899963378906,403.9750061035156,404.0899963378906,403.8800048828125,4321.0
202606241513,403.8800048828125,404.05999755859375,404.05999755859375,403.56500244140625,13472.0
202606241514,404.0,404.3999938964844,404.79998779296875,404.0,57163.0
202606241515,404.4100036621094,403.92498779296875,404.4100036621094,403.4700012207031,24039.0
202606241516,403.92498779296875,404.1400146484375,404.19000244140625,403.92498779296875,5189.0
202606241517,404.0299987792969,404.1199951171875,404.1700134277344,404.0249938964844,4617.0
202606241518,404.11492919921875,404.1600036621094,404.3800048828125,403.8599853515625,27680.0
202606241519,404.20001220703125,404.57501220703125,404.6499938964844,404.20001220703125,13103.0
202606241520,404.6499938964844,404.6300048828125,404.70001220703125,404.5,11000.0
202606241521,404.7799987792969,405.04998779296875,405.32000732421875,404.6700134277344,15317.0
202606241522,405.1700134277344,405.1099853515625,405.3099060058594,404.8800048828125,6804.0
202606241523,405.05999755859375,404.9849853515625,405.2300109863281,404.8500061035156,41393.0
202606241524,405.1098937988281,405.5400085449219,405.55999755859375,404.8500061035156,19434.0
202606241525,405.4525146484375,405.8699951171875,405.8830871582031,405.3500061035156,19072.0
202606241526,405.989990234375,406.0137023925781,406.3450012207031,405.8800048828125,31929.0
202606241527,406.05999755859375,406.0299987792969,406.2699890136719,405.4501037597656,34275.0
202606241528,406.125,406.0299987792969,406.2200012207031,405.75,6053.0
202606241529,406.2099914550781,406.32501220703125,406.3900146484375,406.1499938964844,7283.0
202606241530,406.32501220703125,406.7200012207031,406.75,406.20001220703125,12579.0
202606241531,406.7699890136719,407.1925048828125,407.2049865722656,406.7699890136719,7481.0
202606241532,407.125,407.3500061035156,407.3500061035156,407.07000732421875,7200.0
202606241533,407.2077941894531,407.4800109863281,407.5400085449219,407.2077941894531,8562.0
202606241534,407.4599914550781,407.614990234375,407.69000244140625,407.2712097167969,9789.0
202606241535,407.6199951171875,407.510009765625,407.6650085449219,407.4100036621094,6054.0
202606241536,407.57000732421875,407.7099914550781,407.7099914550781,407.42999267578125,7160.0
202606241537,407.5199890136719,407.3500061035156,407.9100036621094,407.1499938964844,15228.0
202606241538,407.30499267578125,407.6050109863281,407.69000244140625,407.239990234375,13973.0
202606241539,407.6050109863281,407.44000244140625,407.7699890136719,407.4200134277344,19052.0
202606241540,407.5,407.6086730957031,407.7099914550781,407.4549865722656,19161.0
202606241541,407.5899963378906,407.2200012207031,407.70001220703125,407.2200012207031,14478.0
202606241542,407.31500244140625,407.3500061035156,407.5400085449219,407.29998779296875,10883.0
202606241543,407.31500244140625,406.9849853515625,407.4049987792969,406.9599914550781,12326.0
202606241544,406.94000244140625,407.010009765625,407.04998779296875,406.79998779296875,8233.0
202606241545,406.92999267578125,406.7699890136719,407.1099853515625,406.7099914550781,12631.0
202606241546,406.75,406.5199890136719,406.80999755859375,406.43499755859375,8172.0
202606241547,406.55999755859375,406.3900146484375,406.8500061035156,406.3299865722656,20623.0
202606241548,406.2900085449219,406.2550048828125,406.3399963378906,406.2300109863281,2930.0
202606241549,406.3800048828125,406.3500061035156,406.3900146484375,406.1400146484375,7654.0
202606241550,406.25,406.364990234375,406.45001220703125,406.1700134277344,20622.0
202606241551,406.45001220703125,406.29998779296875,406.57000732421875,406.29998779296875,14244.0
202606241552,406.3500061035156,406.5299987792969,406.70001220703125,406.1700134277344,9588.0
202606241553,406.7200012207031,406.8179016113281,407.0,406.6499938964844,4292.0
202606241554,406.79998779296875,406.7499084472656,407.0050048828125,406.69000244140625,5651.0
202606241555,406.75,406.55999755859375,406.75,406.55999755859375,8882.0
202606241556,406.5450134277344,406.5450134277344,406.6199951171875,406.4599914550781,12747.0
202606241557,406.5299987792969,406.67999267578125,406.70001220703125,406.5199890136719,4832.0
202606241558,406.6600036621094,406.3900146484375,406.6600036621094,406.3800048828125,5279.0
202606241559,406.3900146484375,406.4700012207031,406.5799865722656,406.3900146484375,9062.0
202606241600,406.5150146484375,406.5299987792969,406.64990234375,406.4599914550781,4545.0
202606241601,406.6099853515625,406.55499267578125,406.6700134277344,406.54998779296875,5437.0
202606241602,406.55499267578125,406.75,406.7900085449219,406.55499267578125,8395.0
202606241603,406.7099914550781,406.7099914550781,406.7250061035156,406.6000061035156,3426.0
202606241604,406.7349853515625,406.8301086425781,406.8301086425781,406.7197265625,4476.0
202606241605,406.8699951171875,407.0299987792969,407.0299987792969,406.8699951171875,6564.0
202606241606,407.0,406.6600036621094,407.0,406.625,5713.0
202606241607,406.7200012207031,406.42498779296875,406.760009765625,406.42498779296875,8856.0
202606241608,406.42498779296875,406.3299865722656,406.57501220703125,406.19000244140625,30892.0
202606241609,406.3299865722656,406.2799987792969,406.3399963378906,406.1099853515625,6590.0
202606241610,406.2900085449219,406.5199890136719,406.5199890136719,406.2900085449219,15130.0
202606241611,406.5199890136719,406.6050109863281,406.6300048828125,406.4800109863281,21292.0
202606241612,406.6050109863281,406.42999267578125,406.6499938964844,406.34600830078125,9907.0
202606241613,406.42999267578125,405.5400085449219,406.42999267578125,405.5400085449219,4424.0
202606241614,405.70001220703125,405.70001220703125,405.8999938964844,405.6499938964844,6607.0
202606241615,405.70001220703125,405.67999267578125,405.909912109375,405.67999267578125,4307.0
202606241616,405.6600036621094,405.2799987792969,405.67999267578125,405.2699890136719,5030.0
202606241617,405.2799987792969,404.2900085449219,405.2799987792969,404.22760009765625,11859.0
202606241618,404.2099914550781,404.260009765625,404.3399963378906,404.1000061035156,15268.0
202606241619,404.260009765625,404.45001220703125,404.4700012207031,404.260009765625,5356.0
202606241620,404.3900146484375,404.3550109863281,404.6600036621094,404.2900085449219,6571.0
202606241621,404.3999938964844,404.9150085449219,404.9150085449219,404.3599853515625,7485.0
202606241622,404.8800048828125,405.0,405.3999938964844,404.7300109863281,35161.0
202606241623,404.885009765625,405.3699951171875,405.3699951171875,404.7699890136719,7323.0
202606241624,405.3800048828125,405.69000244140625,405.7898864746094,405.29998779296875,6038.0
202606241625,405.7699890136719,405.54998779296875,405.79998779296875,405.489990234375,4595.0
202606241626,405.6000061035156,405.4100036621094,405.67999267578125,405.1600036621094,7797.0
202606241627,405.3699951171875,405.32000732421875,405.3699951171875,405.19000244140625,1141.0
202606241628,405.260009765625,405.29998779296875,405.3800048828125,405.2099914550781,3115.0
202606241629,405.2200012207031,405.17498779296875,405.239990234375,405.1300048828125,4509.0
202606241630,405.1700134277344,405.57000732421875,405.6099853515625,405.1099853515625,6077.0
202606241631,405.6400146484375,405.5208435058594,405.69000244140625,405.45001220703125,8718.0
202606241632,405.5450134277344,405.6600036621094,405.6600036621094,405.4100036621094,6316.0
202606241633,405.6600036621094,405.94000244140625,405.94000244140625,405.6600036621094,4461.0
202606241634,405.94000244140625,405.9150085449219,406.0498962402344,405.7950134277344,2113.0
202606241635,405.9100036621094,406.2699890136719,406.3949890136719,405.9100036621094,4418.0
202606241636,406.3699951171875,406.04998779296875,406.4150085449219,405.9800109863281,4157.0
202606241637,405.9100036621094,406.2300109863281,406.2300109863281,405.7799987792969,11464.0
202606241638,406.239990234375,406.1474914550781,406.3599853515625,406.0199890136719,7164.0
202606241639,405.9700012207031,406.239990234375,406.2799987792969,405.9700012207031,4433.0
202606241640,406.32000732421875,406.4750061035156,406.5899963378906,406.239990234375,3659.0
202606241641,406.489990234375,406.2349853515625,406.7900085449219,406.2300109863281,8256.0
202606241642,406.3999938964844,406.2300109863281,406.45001220703125,406.2099914550781,2879.0
202606241643,406.1700134277344,406.07000732421875,406.1700134277344,405.989990234375,2534.0
202606241644,405.9700012207031,405.92498779296875,406.10870361328125,405.7950134277344,4449.0
202606241645,405.95001220703125,405.7200012207031,405.989990234375,405.67999267578125,7039.0
202606241646,405.70001220703125,405.7349853515625,405.8900146484375,405.67999267578125,4334.0
202606241647,405.7699890136719,405.80999755859375,405.8599853515625,405.7099914550781,2400.0
202606241648,405.8500061035156,405.8500061035156,405.8900146484375,405.7650146484375,4850.0
202606241649,405.82000732421875,405.57000732421875,405.82000732421875,405.510009765625,6022.0
202606241650,405.489990234375,405.55999755859375,405.7200012207031,405.4750061035156,9409.0
202606241651,405.55999755859375,406.2650146484375,406.3050231933594,405.4800109863281,18971.0
202606241652,406.2349853515625,406.6000061035156,406.6099853515625,406.2349853515625,3731.0
202606241653,406.6000061035156,406.260009765625,406.6000061035156,406.1099853515625,19462.0
202606241654,406.25,405.760009765625,406.2799987792969,405.739990234375,14605.0
202606241655,405.760009765625,405.7699890136719,405.8550109863281,405.70001220703125,4375.0
202606241656,405.7013854980469,405.8324890136719,406.0,405.6549987792969,7220.0
202606241657,405.82000732421875,405.6400146484375,405.82000732421875,405.6400146484375,3848.0
202606241658,405.70001220703125,405.864990234375,405.8800048828125,405.6400146484375,13937.0
202606241659,405.7900085449219,405.9150085449219,406.0,405.7799987792969,6550.0
202606241700,405.9150085449219,405.80999755859375,405.9150085449219,405.70001220703125,3874.0
202606241701,405.75,405.7950134277344,405.9800109863281,405.69500732421875,5141.0
202606241702,405.7300109863281,405.70001220703125,405.739990234375,405.55999755859375,16581.0
202606241703,405.70001220703125,405.489990234375,405.70001220703125,405.3900146484375,8393.0
202606241704,405.489990234375,405.4800109863281,405.489990234375,405.3999938964844,955.0
202606241705,405.3800048828125,405.1499938964844,405.3900146484375,405.1409912109375,5332.0
202606241706,405.1300048828125,405.0899963378906,405.1770935058594,404.9750061035156,2359.0
202606241707,405.0400085449219,404.8349914550781,405.0716857910156,404.8349914550781,1927.0
202606241708,404.8275146484375,404.7200012207031,405.0,404.69000244140625,4487.0
202606241709,404.79998779296875,404.8900146484375,404.8900146484375,404.6700134277344,5074.0
202606241710,404.8900146484375,404.8450012207031,404.92999267578125,404.8299865722656,5154.0
202606241711,404.8299865722656,404.6499938964844,404.9100036621094,404.6099853515625,4226.0
202606241712,404.6191101074219,404.3699951171875,405.0,404.1300048828125,7473.0
202606241713,404.3699951171875,404.510009765625,404.510009765625,404.3699951171875,1641.0
202606241714,404.3999938964844,404.2300109863281,404.4700012207031,404.1600036621094,2290.0
202606241715,404.4700012207031,404.5050048828125,404.6199951171875,404.3550109863281,3971.0
202606241716,404.489990234375,404.19500732421875,404.489990234375,404.0799865722656,3553.0
202606241717,404.1199951171875,403.7099914550781,404.32989501953125,403.6274108886719,5082.0
202606241718,403.7099914550781,403.7049865722656,403.7950134277344,403.7049865722656,1260.0
202606241719,403.8500061035156,403.818115234375,403.92999267578125,403.7699890136719,6263.0
202606241720,403.7699890136719,403.625,403.8299865722656,403.6199951171875,1825.0
202606241721,403.5,403.5,403.625,403.22119140625,5714.0
202606241722,403.55999755859375,403.05999755859375,403.6400146484375,402.8699951171875,6820.0
202606241723,402.7900085449219,403.8900146484375,403.8900146484375,402.3399963378906,11192.0
202606241724,403.69000244140625,403.69000244140625,404.010009765625,403.51251220703125,73181.0
202606241725,403.510009765625,403.5,403.6759948730469,403.10009765625,3510.0
202606241726,403.5,403.3900146484375,403.5299987792969,403.3900146484375,8078.0
202606241727,403.44500732421875,403.3399963378906,403.4700012207031,403.2099914550781,9028.0
202606241728,403.3399963378906,403.5,403.5,403.2101135253906,5410.0
202606241729,403.44500732421875,403.6075134277344,403.69000244140625,403.3599853515625,4304.0
202606241730,403.6050109863281,403.94000244140625,403.9599914550781,403.5199890136719,7712.0
202606241731,403.75,403.7300109863281,403.75,403.6050109863281,4834.0
202606241732,403.6199951171875,403.4549865722656,403.7300109863281,403.29998779296875,9176.0
202606241733,403.60650634765625,403.68499755859375,403.7300109863281,403.3866882324219,4847.0
202606241734,403.69000244140625,403.70001220703125,403.70001220703125,403.55999755859375,2816.0
202606241735,403.70001220703125,403.4200134277344,403.7099914550781,403.4200134277344,4755.0
202606241736,403.4100036621094,403.7099914550781,403.81988525390625,403.4100036621094,6608.0
202606241737,403.7200012207031,403.3599853515625,403.7200012207031,403.3599853515625,1308.0
202606241738,403.5199890136719,403.635009765625,403.82000732421875,403.4599914550781,6400.0
202606241739,403.6199951171875,403.72698974609375,403.7799987792969,403.6199951171875,4561.0
202606241740,403.7900085449219,403.75,403.7900085449219,403.5299987792969,5138.0
202606241741,403.79998779296875,403.82000732421875,404.1499938964844,403.57000732421875,17959.0
202606241742,403.94000244140625,404.0199890136719,404.05999755859375,403.8500061035156,9387.0
202606241743,403.9601135253906,404.1000061035156,404.1000061035156,403.9599914550781,3474.0
202606241744,404.04998779296875,404.17999267578125,404.17999267578125,403.92999267578125,8272.0
202606241745,404.2149963378906,404.2349853515625,404.260009765625,404.1199951171875,2941.0
202606241746,404.114990234375,403.82000732421875,404.114990234375,403.7900085449219,6784.0
202606241747,403.8399963378906,404.0,404.1099853515625,403.8299865722656,10193.0
202606241748,403.9649963378906,403.9700012207031,404.0799865722656,403.840087890625,2589.0
202606241749,404.0491027832031,403.9800109863281,404.04998779296875,403.9100036621094,3095.0
202606241750,403.9800109863281,403.760009765625,404.0199890136719,403.760009765625,7250.0
202606241751,403.79998779296875,403.989990234375,404.010009765625,403.75,7329.0
202606241752,404.0050048828125,404.20001220703125,404.260009765625,403.95001220703125,2654.0
202606241753,404.260009765625,404.6000061035156,404.6000061035156,404.260009765625,10041.0
202606241754,404.5249938964844,404.5199890136719,404.5299987792969,404.3299865722656,7287.0
202606241755,404.45001220703125,404.30999755859375,404.55999755859375,404.1600036621094,13330.0
202606241756,404.32000732421875,404.19500732421875,404.32000732421875,404.1499938964844,2939.0
202606241757,404.20001220703125,404.0899963378906,404.20001220703125,404.010009765625,7536.0
202606241758,404.07000732421875,404.0299987792969,404.07000732421875,403.9200134277344,4709.0
202606241759,404.0679931640625,404.0299987792969,404.1000061035156,404.010009765625,4145.0
202606241800,403.94000244140625,403.80999755859375,404.0899963378906,403.760009765625,2990.0
202606241801,403.67999267578125,403.81500244140625,403.8800048828125,403.6340026855469,6886.0
202606241802,403.81500244140625,403.9800109863281,404.1099853515625,403.7401123046875,5533.0
202606241803,403.8800048828125,403.82000732421875,403.9100036621094,403.80419921875,3139.0
202606241804,403.82000732421875,403.72021484375,403.89990234375,403.7200012207031,3867.0
202606241805,403.79998779296875,403.86468505859375,403.94000244140625,403.7300109863281,4921.0
202606241806,403.82000732421875,403.8800048828125,403.9100036621094,403.7699890136719,4285.0
202606241807,403.7950134277344,403.760009765625,403.7950134277344,403.70001220703125,1427.0
202606241808,403.67999267578125,403.5450134277344,403.79278564453125,403.5450134277344,2273.0
202606241809,403.6610107421875,403.5249938964844,403.6610107421875,403.2200927734375,5660.0
202606241810,403.5249938964844,403.3999938964844,403.5299987792969,403.2900085449219,2612.0
202606241811,403.4549865722656,403.75,403.7699890136719,403.3800048828125,6766.0
202606241812,403.7200012207031,403.6700134277344,403.79998779296875,403.5799865722656,6043.0
202606241813,403.6700134277344,403.7510070800781,403.8299865722656,403.66571044921875,3104.0
202606241814,403.7900085449219,403.6650085449219,403.8299865722656,403.6199951171875,6339.0
202606241815,403.7799987792969,404.0400085449219,404.1700134277344,403.7749938964844,8717.0
202606241816,403.9700012207031,403.864990234375,404.1300048828125,403.80499267578125,4714.0
202606241817,403.9800109863281,403.93499755859375,404.0,403.78009033203125,3820.0
202606241818,404.0,404.20001220703125,404.20001220703125,403.85009765625,7461.0
202606241819,404.05999755859375,403.9599914550781,404.19000244140625,403.9599914550781,4757.0
202606241820,404.05999755859375,403.8399963378906,404.05999755859375,403.760009765625,3960.0
202606241821,403.79998779296875,404.0,404.0,403.79998779296875,4073.0
202606241822,404.0,403.9599914550781,404.0,403.82000732421875,5879.0
202606241823,403.94000244140625,403.9599914550781,403.9599914550781,403.8599853515625,3653.0
202606241824,403.94000244140625,404.1099853515625,404.1099853515625,403.92999267578125,8759.0
202606241825,404.1600036621094,404.614990234375,404.614990234375,404.1600036621094,16838.0
202606241826,404.5820007324219,404.4949951171875,404.70001220703125,404.41009521484375,4686.0
202606241827,404.4949951171875,404.6300048828125,404.7200012207031,404.4949951171875,12564.0
202606241828,404.5409851074219,404.5,404.6099853515625,404.4100036621094,6575.0
202606241829,404.5,404.7099914550781,404.7099914550781,404.42999267578125,9982.0
202606241830,404.7200012207031,404.7825012207031,405.0,404.7200012207031,6737.0
202606241831,404.7799987792969,405.1099853515625,405.1400146484375,404.6600036621094,11873.0
202606241832,405.010009765625,404.94500732421875,405.010009765625,404.92999267578125,3285.0
202606241833,404.9750061035156,404.7799987792969,405.00250244140625,404.702392578125,7517.0
202606241834,404.7799987792969,404.7900085449219,404.8999938964844,404.760009765625,1621.0
202606241835,404.7850036621094,404.760009765625,404.8900146484375,404.70001220703125,12803.0
202606241836,404.7799987792969,404.635009765625,404.80999755859375,404.54998779296875,4497.0
202606241837,404.67999267578125,404.55999755859375,404.70001220703125,404.489990234375,5546.0
202606241838,404.5899963378906,404.70001220703125,404.739990234375,404.55999755859375,5946.0
202606241839,404.6600036621094,404.57501220703125,404.6700134277344,404.5,3049.0
202606241840,404.57000732421875,404.4700012207031,404.5899963378906,404.42999267578125,4700.0
202606241841,404.4800109863281,404.6700134277344,404.7099914550781,404.4800109863281,5582.0
202606241842,404.7099914550781,404.7650146484375,404.79998779296875,404.69000244140625,3901.0
202606241843,404.760009765625,404.69000244140625,404.92999267578125,404.69000244140625,14534.0
202606241844,404.8399963378906,404.489990234375,404.8399963378906,404.4800109863281,3222.0
202606241845,404.6449890136719,404.2850036621094,404.6449890136719,404.260009765625,3166.0
202606241846,404.239990234375,404.17999267578125,404.239990234375,403.9100036621094,6725.0
202606241847,404.2247009277344,404.2449951171875,404.3599853515625,404.125,4754.0
202606241848,404.2449951171875,404.29998779296875,404.4100036621094,404.2099914550781,4609.0
202606241849,404.30499267578125,404.30499267578125,404.3599853515625,404.1700134277344,6145.0
202606241850,404.3800048828125,404.1400146484375,404.3800048828125,404.07000732421875,4436.0
202606241851,404.1449890136719,404.30999755859375,404.32000732421875,404.1000061035156,11968.0
202606241852,404.4100036621094,404.29998779296875,404.5,404.29998779296875,6548.0
202606241853,404.30999755859375,404.0199890136719,404.30999755859375,403.8900146484375,5205.0
202606241854,403.8399963378906,404.0450134277344,404.1400146484375,403.82000732421875,14345.0
202606241855,403.94000244140625,403.9100036621094,403.94000244140625,403.760009765625,2010.0
202606241856,403.9599914550781,403.3900146484375,403.9599914550781,403.3599853515625,7588.0
202606241857,403.5,403.32000732421875,403.6000061035156,403.0899963378906,9123.0
202606241858,403.19500732421875,403.2799987792969,403.55999755859375,403.1449890136719,12660.0
202606241859,403.3399963378906,403.614990234375,403.614990234375,403.3349914550781,6029.0
202606241900,403.614990234375,403.5400085449219,403.6300048828125,403.3800048828125,8590.0
202606241901,403.6050109863281,403.9599914550781,404.0050048828125,403.6050109863281,7810.0
202606241902,403.989990234375,404.1199951171875,404.3299865722656,403.8900146484375,24167.0
202606241903,404.30499267578125,404.4100036621094,404.5,404.2900085449219,5246.0
202606241904,404.2799987792969,404.19000244140625,404.3399963378906,404.04998779296875,12784.0
202606241905,404.1600036621094,403.79998779296875,404.1700134277344,403.7950134277344,5695.0
202606241906,403.79998779296875,403.8200988769531,403.9100036621094,403.67999267578125,4758.0
202606241907,403.80999755859375,403.69000244140625,403.80999755859375,403.5899963378906,3360.0
202606241908,403.6099853515625,403.6000061035156,403.69000244140625,403.54998779296875,3924.0
202606241909,403.5950012207031,403.760009765625,403.885009765625,403.57000732421875,10021.0
202606241910,403.739990234375,403.82000732421875,403.8399963378906,403.57000732421875,7370.0
202606241911,403.8599853515625,403.8614501953125,403.9599914550781,403.8200988769531,5494.0
202606241912,403.8699951171875,403.8999938964844,404.010009765625,403.8699951171875,7080.0
202606241913,403.8699951171875,404.20001220703125,404.2774963378906,403.82000732421875,10848.0
202606241914,404.20001220703125,404.4700012207031,404.5,404.20001220703125,16556.0
202606241915,404.42498779296875,404.44000244140625,404.44000244140625,404.3699951171875,3262.0
202606241916,404.44000244140625,404.4549865722656,404.5,404.29998779296875,10924.0
202606241917,404.3900146484375,405.3349914550781,405.45001220703125,404.3900146484375,38599.0
202606241918,405.4200134277344,405.1400146484375,405.4399108886719,405.0299987792969,20798.0
202606241919,405.07501220703125,405.6000061035156,405.6000061035156,405.0274963378906,8337.0
202606241920,405.68499755859375,405.4100036621094,405.8799133300781,405.2001037597656,6842.0
202606241921,405.4100036621094,405.4599914550781,405.4800109863281,405.28009033203125,10241.0
202606241922,405.4549865722656,405.5199890136719,405.54998779296875,405.42999267578125,10651.0
202606241923,405.4849853515625,405.55499267578125,405.6099853515625,405.4200134277344,9547.0
202606241924,405.55999755859375,405.6000061035156,405.6099853515625,405.5450134277344,10068.0
202606241925,405.5899963378906,405.7550048828125,406.0,405.5899963378906,7198.0
202606241926,405.67999267578125,405.5299987792969,405.760009765625,405.42999267578125,7472.0
202606241927,405.5299987792969,405.5350036621094,405.68499755859375,405.3699951171875,9731.0
202606241928,405.5350036621094,405.75,405.82000732421875,405.4599914550781,16380.0
202606241929,405.6499938964844,405.5299987792969,405.67498779296875,405.4601135253906,20795.0
202606241930,405.5799865722656,405.7300109863281,405.7749938964844,405.45001220703125,15146.0
202606241931,405.6600036621094,405.75,405.79998779296875,405.5050048828125,7610.0
202606241932,405.75,406.1700134277344,406.32000732421875,405.75,13618.0
202606241933,406.17498779296875,405.54998779296875,406.239990234375,405.4469909667969,9617.0
202606241934,405.5199890136719,405.3599853515625,405.7300109863281,405.2850036621094,13239.0
202606241935,405.5799865722656,405.6650085449219,406.05999755859375,405.2799987792969,20376.0
202606241936,405.70001220703125,405.75,405.82000732421875,405.6000061035156,5517.0
202606241937,405.75,405.5299987792969,405.82000732421875,405.4700012207031,11941.0
202606241938,405.4700012207031,405.6099853515625,405.6600036621094,405.4634094238281,10923.0
202606241939,405.6099853515625,406.1199951171875,406.1199951171875,405.6099853515625,18270.0
202606241940,406.1099853515625,405.92999267578125,406.1099853515625,405.875,4165.0
202606241941,405.93499755859375,406.0,406.0199890136719,405.7799987792969,14738.0
202606241942,405.9849853515625,406.3999938964844,406.44000244140625,405.9849853515625,6609.0
202606241943,406.5,406.7200012207031,407.0,406.4200134277344,41363.0
202606241944,406.7799987792969,407.0799865722656,407.57000732421875,406.69000244140625,57895.0
202606241945,407.1099853515625,407.0299987792969,407.20001220703125,406.82000732421875,35526.0
202606241946,407.0299987792969,406.82000732421875,407.1000061035156,406.5400085449219,28862.0
202606241947,406.7099914550781,407.6000061035156,407.6000061035156,406.489990234375,31720.0
202606241948,407.55999755859375,406.6700134277344,407.63250732421875,406.5199890136719,23755.0
202606241949,406.6700134277344,406.54998779296875,407.0965881347656,406.4599914550781,12579.0
202606241950,406.5299987792969,405.8599853515625,406.7799987792969,405.610107421875,29452.0
202606241951,405.80499267578125,405.9891052246094,406.1400146484375,405.6000061035156,26662.0
202606241952,406.0199890136719,405.1300048828125,406.0199890136719,404.8699951171875,33571.0
202606241953,405.1300048828125,405.5,406.04998779296875,405.1000061035156,44275.0
202606241954,405.5,405.9549865722656,405.9549865722656,405.1549987792969,110152.0
202606241955,406.0899963378906,405.6549987792969,406.5299987792969,405.17999267578125,94431.0
202606241956,405.55999755859375,405.42999267578125,405.8399963378906,405.0,86781.0
202606241957,405.3399963378906,405.760009765625,405.8500061035156,405.0,160388.0
202606241958,405.8500061035156,405.6400146484375,406.1099853515625,405.3999938964844,104205.0
202606241959,405.67999267578125,405.5199890136719,406.0799865722656,405.5,131650.0
202606242000,405.787,405.99,407.56,404.76,1067761.0
202606242001,406.03,406.0,406.03,406.0,0.0
202606242002,405.8,406.0,406.04,405.8,0.0
202606242003,405.76,405.73,405.76,405.73,0.0
202606242004,406.0,405.8,407.0,405.01,0.0
202606242005,404.715,405.0056,405.0056,404.715,0.0
202606242006,405.85,403.9889,405.9,403.9889,0.0
202606242007,404.8,404.7,404.8,404.51,0.0
202606242008,405.82,404.85,405.94,404.85,0.0
202606242009,403.7713,404.34,404.85,403.38,0.0
202606242010,405.8,405.0,405.8,405.0,0.0
202606242011,405.2146,405.01,405.2146,405.01,0.0
202606242012,405.0,405.21,405.8,404.97,0.0
202606242014,404.3596,403.98,405.9652,403.98,0.0
202606242015,405.0,405.01,405.01,404.25,0.0
202606242016,405.0,404.25,405.01,404.25,0.0
202606242017,406.5555,404.5945,406.5555,404.5945,0.0
202606242018,405.56,405.56,405.56,405.56,0.0
202606242019,405.01,405.01,405.01,404.3,0.0
202606242020,405.8,405.8,405.8,405.21,0.0
202606242021,405.68,405.01,405.68,404.5899,0.0
202606242022,405.0,405.0,405.0,405.0,0.0
202606242023,405.0,406.53,406.53,405.0,0.0
202606242024,405.8684,404.3,406.53,404.3,0.0
202606242025,405.01,405.5,405.5,405.0,0.0
202606242026,405.45,405.0,405.45,405.0,0.0
202606242027,405.01,405.01,405.01,404.5,0.0
202606242028,405.01,405.0,405.01,405.0,0.0
202606242029,405.01,405.0,405.01,404.76,0.0
202606242030,404.5,404.5,404.5,404.5,0.0
202606242031,404.695,404.5,404.8189,404.5,0.0
202606242032,405.0,405.0,405.0,404.5,0.0
202606242033,404.8205,404.8205,404.8205,404.8205,0.0
202606242034,404.5,404.8328,404.8328,404.5,0.0
202606242036,404.88,404.88,404.88,404.88,0.0
202606242037,404.76,404.76,404.76,404.5,0.0
202606242038,404.84,405.0,405.11,404.695,0.0
202606242039,405.5,404.7641,405.5,404.7641,0.0
202606242040,404.76,404.76,404.76,404.76,0.0
202606242041,404.76,405.0,405.0,404.75,0.0
202606242042,405.8,404.95,405.8,404.95,0.0
202606242043,406.0,406.0,406.0,406.0,0.0
202606242044,405.64,404.98,405.64,404.5,0.0
202606242045,404.87,404.94,404.94,404.7,0.0
202606242046,404.61,404.5,404.87,404.5,0.0
202606242047,404.745,404.27,404.745,404.27,0.0
202606242048,404.27,404.5,404.5,404.27,0.0
202606242049,404.33,404.69,404.69,404.26,0.0
202606242050,404.3549,404.3104,404.3549,404.2601,0.0
202606242051,404.2854,404.2854,404.2854,404.2854,0.0
202606242052,404.2945,404.2945,404.2945,404.2945,0.0
202606242053,404.26,404.3,404.3,404.26,0.0
202606242054,404.43,404.43,404.43,404.43,0.0
202606242055,404.44,404.306,404.99,404.306,0.0
202606242057,404.73,404.28,404.73,404.28,0.0
202606242058,404.73,404.3,404.73,404.3,0.0
202606242059,404.3,404.3,404.3,404.3,0.0
202606242100,404.3,404.3,404.3,404.3,0.0
202606242101,404.3,404.31,404.31,404.3,0.0
202606242102,404.31,404.3,404.31,404.3,0.0
202606242103,404.31,404.24,404.31,404.24,0.0
202606242104,404.24,404.24,404.5497,404.24,0.0
202606242105,404.4,403.32,404.4,403.21,0.0
202606242106,403.5,403.73,403.73,403.5,0.0
202606242107,404.0,403.99,404.0,403.99,0.0
202606242108,403.0,403.0,403.0,403.0,0.0
202606242109,403.3034,403.94,403.94,403.3034,0.0
202606242110,403.19,403.95,403.95,403.19,0.0
202606242111,403.37,405.8,405.8,403.31,0.0
202606242112,403.0649,403.3,403.3,403.0649,0.0
202606242113,403.5,404.0,404.0,403.5,0.0
202606242114,403.99,404.99,404.99,403.5,0.0
202606242116,403.99,403.99,403.99,403.99,0.0
202606242117,403.7,403.7,403.7,403.7,0.0
202606242118,403.99,403.99,403.99,403.99,0.0
202606242119,403.99,404.0,404.0,403.99,0.0
202606242120,404.09,404.09,404.09,404.09,0.0
202606242122,404.49,403.66,404.49,403.66,0.0
202606242123,404.2,403.66,404.2,403.66,0.0
202606242124,403.16,403.16,403.16,403.16,0.0
202606242126,403.76,403.76,403.76,403.51,0.0
202606242127,403.76,403.76,403.76,403.76,0.0
202606242128,403.76,403.76,403.76,403.76,0.0
202606242129,403.81,404.49,404.49,403.2,0.0
202606242130,403.75,403.75,403.76,403.75,0.0
202606242131,404.157,404.157,404.157,404.157,0.0
202606242132,403.5,403.5,403.5,403.5,0.0
202606242133,403.51,403.25,403.51,403.25,0.0
202606242134,403.99,403.99,403.99,403.99,0.0
202606242135,403.25,403.97,403.97,403.25,0.0
202606242136,403.97,403.97,403.97,403.97,0.0
202606242139,404.99,404.99,404.99,404.99,0.0
202606242140,403.98,404.49,404.49,403.98,0.0
202606242142,404.49,403.95,404.49,403.95,0.0
202606242144,405.8,405.8,405.8,405.8,0.0
202606242146,403.84,403.98,403.98,403.84,0.0
202606242148,403.75,403.75,403.98,403.75,0.0
202606242149,403.65,403.65,403.65,403.65,0.0
202606242150,404.99,404.9888,404.99,404.9888,0.0
202606242151,404.0,404.49,404.49,404.0,0.0
202606242155,403.3012,403.97,403.97,403.3012,0.0
202606242156,404.7703,403.3,404.7703,403.3,0.0
202606242158,404.49,404.5,404.54,404.49,0.0
202606242202,403.4885,404.2,404.2,403.4885,0.0
202606242205,404.0,403.98,404.0,403.98,0.0
202606242207,403.98,403.81,404.99,403.81,0.0
202606242208,403.81,403.66,403.81,403.66,0.0
202606242209,403.8,403.76,404.19,403.76,0.0
202606242210,404.19,404.47,404.99,404.19,0.0
202606242211,404.17,404.49,404.55,404.17,0.0
202606242214,403.5875,404.17,404.17,403.5875,0.0
202606242216,404.17,404.19,404.19,404.17,0.0
202606242217,403.6145,403.78,403.81,403.6145,0.0
202606242218,403.77,404.19,404.19,403.67,0.0
202606242219,404.99,403.9,404.99,403.76,0.0
202606242220,403.9,404.19,405.8,403.9,0.0
202606242221,404.19,404.2,404.2,404.19,0.0
202606242222,404.0,403.9,404.0,403.9,0.0
202606242227,404.01,404.0,404.01,404.0,0.0
202606242232,404.19,404.1214,404.19,404.1214,0.0
202606242243,404.1827,404.0,404.1827,404.0,0.0
