datetime,open,close,high,low,volume
20240625,69.0,67.58,69.01,66.55,179334.0
20240626,67.61,68.15,68.6,67.0,118505.0
20240627,68.29,67.84,68.58,67.66,90736.0
20240628,68.1,67.46,68.14,67.32,145716.0
20240701,67.83,67.47,68.24,67.25,70856.0
20240702,67.51,67.9,68.09,67.26,77333.0
20240703,68.12,68.19,68.35,67.62,53882.0
20240705,68.34,70.0,70.15,68.1,166909.0
20240708,70.0,69.7,70.14,69.35,99192.0
20240709,69.69,69.99,70.25,69.64,75633.0
20240710,70.12,70.72,70.79,69.72,89551.0
20240711,70.9,69.81,71.0,69.26,127127.0
20240712,69.79,69.24,70.1,69.11,104365.0
20240715,69.41,69.64,69.98,69.24,86308.0
20240716,69.67,69.95,70.24,69.58,80627.0
20240717,69.85,71.2,71.2,69.65,114260.0
20240718,71.11,70.9,71.29,70.4,88768.0
20240719,70.98,70.72,71.33,70.65,99901.0
20240722,70.62,70.45,71.26,70.23,71638.0
20240723,70.5,70.54,70.7,70.11,66541.0
20240724,70.45,70.65,70.84,70.34,184740.0
20240725,70.68,70.17,70.77,69.95,164369.0
20240726,70.2,69.75,70.34,68.83,118741.0
20240729,69.9,69.55,70.0,69.13,84810.0
20240730,69.53,69.02,69.85,68.98,105463.0
20240731,69.19,68.64,69.4,68.29,184749.0
20240801,68.74,69.36,69.81,68.52,138772.0
20240802,69.48,68.33,70.24,67.74,199805.0
20240805,65.59,67.74,68.58,65.0,172906.0
20240806,67.84,67.8,68.63,67.64,127372.0
20240807,67.77,66.7,68.16,66.7,146514.0
20240808,67.0,67.8,67.92,66.67,99829.0
20240809,67.4,68.0,68.22,67.33,105174.0
20240812,68.2,68.78,69.23,68.07,139230.0
20240813,69.0,68.3,69.07,67.14,181818.0
20240814,68.28,69.02,69.02,67.85,192484.0
20240815,68.98,72.83,75.0,65.01,416867.0
20240816,72.89,73.36,73.61,72.21,165255.0
20240819,73.31,73.62,73.98,73.3,95968.0
20240820,73.68,74.61,74.75,73.6,99392.0
20240821,74.63,75.21,75.58,74.58,107900.0
20240822,75.35,75.58,76.22,75.15,103694.0
20240823,75.79,75.65,75.81,75.0,100519.0
20240826,75.79,76.0,76.21,75.57,74100.0
20240827,76.03,76.07,76.45,75.77,92080.0
20240828,76.32,76.0,76.43,75.8,76868.0
20240829,76.23,76.47,76.51,75.67,95391.0
20240830,76.66,77.33,77.48,76.1,195052.0
20240903,77.46,77.17,77.82,76.79,179467.0
20240904,76.93,77.23,77.48,76.73,148747.0
20240905,77.18,76.95,77.45,76.39,102862.0
20240906,76.81,76.53,77.32,76.3,117089.0
20240909,76.63,77.42,77.47,76.49,160399.0
20240910,77.4,78.78,78.9,77.0,147668.0
20240911,78.78,78.85,79.0,77.56,156572.0
20240912,78.96,79.8,79.98,78.62,122829.0
20240913,79.81,80.59,80.69,79.69,96149.0
20240916,80.53,80.63,81.02,80.14,119149.0
20240917,80.56,78.7,80.8,78.26,174761.0
20240918,78.67,79.19,79.41,78.28,130143.0
20240919,79.2,78.15,79.5,77.49,183209.0
20240920,78.12,79.07,79.61,77.97,282727.0
20240923,79.09,80.34,80.44,79.0,98032.0
20240924,80.34,80.72,81.48,80.24,106079.0
20240925,80.88,81.37,81.6,80.68,119303.0
20240926,81.53,79.9,81.56,79.26,130114.0
20240927,79.97,79.78,80.45,79.6,88502.0
20240930,79.71,80.74,80.94,79.66,156641.0
20241001,80.32,81.2,81.53,80.32,126983.0
20241002,81.27,80.5,81.3,80.12,135012.0
20241003,80.44,80.86,80.86,79.85,89898.0
20241004,80.74,80.84,81.12,79.85,86359.0
20241007,80.96,79.2,81.15,78.98,137595.0
20241008,79.28,79.65,79.82,79.07,124292.0
20241009,79.83,80.32,80.5,79.64,97109.0
20241010,80.49,79.64,80.55,79.46,80052.0
20241011,79.63,79.96,80.13,79.37,79616.0
20241014,79.99,80.3,80.51,79.76,82198.0
20241015,80.34,81.73,81.83,80.25,93339.0
20241016,81.99,81.23,81.99,80.62,91756.0
20241017,81.11,80.87,81.5,80.64,72362.0
20241018,80.89,81.26,81.69,80.58,94642.0
20241021,81.49,80.8,81.66,80.71,67670.0
20241022,81.1,82.05,82.23,80.5,91459.0
20241023,81.81,83.27,83.37,81.8,103068.0
20241024,83.3,83.06,83.69,82.58,88967.0
20241025,83.19,82.55,83.3,82.34,68771.0
20241028,82.58,82.78,83.08,82.3,63929.0
20241029,82.82,81.81,82.96,81.66,73941.0
20241030,81.82,81.65,81.99,81.3,70969.0
20241031,81.5,81.9,82.44,81.2,119495.0
20241101,82.0,82.2,82.6,81.54,93873.0
20241104,82.26,82.48,82.91,82.0,92769.0
20241105,82.64,83.75,83.94,82.4,83870.0
20241106,84.2,83.27,85.86,82.06,151122.0
20241107,83.45,84.0,84.39,83.01,100493.0
20241108,84.1,84.9,85.42,83.96,109146.0
20241111,84.93,84.28,85.52,84.11,79842.0
20241112,84.29,85.11,85.53,84.29,92515.0
20241113,84.99,85.72,85.82,84.77,94112.0
20241114,85.68,84.49,85.87,84.34,110472.0
20241115,84.75,84.41,84.82,83.94,131105.0
20241118,84.78,85.44,85.86,83.66,170598.0
20241119,85.2,86.26,88.29,84.0,303470.0
20241120,86.45,87.2,87.29,85.61,141125.0
20241121,86.96,88.33,88.64,86.89,147934.0
20241122,88.6,90.58,90.91,88.18,186137.0
20241125,91.36,89.06,91.46,88.98,191308.0
20241126,89.53,91.5,91.88,89.4,126775.0
20241127,91.57,92.11,92.32,91.31,104665.0
20241129,92.15,92.6,92.69,91.82,78753.0
20241202,92.58,92.71,93.0,91.95,129540.0
20241203,92.79,93.53,93.59,92.26,135977.0
20241204,93.71,94.4,94.52,92.96,122359.0
20241205,94.35,95.34,95.6,94.3,161720.0
20241206,95.53,95.74,96.18,95.18,113299.0
20241209,95.78,94.0,96.4,93.6,145315.0
20241210,93.99,94.63,95.24,93.65,105978.0
20241211,94.55,95.11,95.69,94.34,128911.0
20241212,95.12,94.28,95.72,94.09,98656.0
20241213,94.16,94.17,94.68,93.04,76544.0
20241216,94.21,94.97,95.71,93.89,105450.0
20241217,94.88,95.4,95.51,94.32,159295.0
20241218,95.41,93.71,95.9,93.16,183381.0
20241219,93.95,93.35,94.63,93.35,123287.0
20241220,92.7,92.48,93.75,91.63,373341.0
20241223,92.72,90.23,92.72,88.91,198839.0
20241224,90.46,92.5,92.69,90.06,72785.0
20241226,92.67,92.77,92.95,92.1,78407.0
20241227,92.59,91.51,92.75,91.03,86501.0
20241230,91.3,90.5,91.49,90.13,77413.0
20241231,90.58,90.51,91.15,90.0,83867.0
20250102,90.66,89.85,91.35,89.52,99272.0
20250103,90.1,90.87,91.3,90.0,78243.0
20250106,90.96,91.45,92.47,90.44,115633.0
20250107,91.55,90.89,91.94,90.45,87292.0
20250108,90.81,91.87,92.1,90.5,96514.0
20250110,92.39,92.9,93.58,91.51,143989.0
20250113,92.85,91.64,92.94,91.1,140375.0
20250114,91.68,90.85,91.98,90.56,99036.0
20250115,90.67,91.45,91.73,90.52,118335.0
20250116,91.7,91.18,91.97,90.12,93649.0
20250117,91.33,92.05,92.26,91.05,129992.0
20250121,92.05,93.19,94.24,92.05,152857.0
20250122,93.27,93.15,94.0,92.52,108889.0
20250123,93.12,93.62,93.81,92.32,111211.0
20250124,93.65,94.77,95.01,93.39,120736.0
20250127,94.4,97.4,97.53,94.0,145918.0
20250128,97.46,97.33,97.84,96.72,119634.0
20250129,97.0,97.75,98.17,96.91,88291.0
20250130,97.73,98.66,98.93,97.42,83830.0
20250131,99.01,97.9,99.13,97.7,131016.0
20250203,96.75,99.82,99.87,95.22,158952.0
20250204,99.52,100.71,100.95,99.14,117743.0
20250205,100.99,102.84,102.96,100.0,119255.0
20250206,102.93,102.73,103.71,101.94,99576.0
20250207,102.8,101.18,103.18,101.11,96472.0
20250210,101.5,102.98,102.99,101.2,117719.0
20250211,102.7,102.47,103.4,101.85,88006.0
20250212,102.38,103.8,103.9,101.6,118030.0
20250213,103.75,105.28,105.38,103.42,95412.0
20250214,105.66,104.2,105.8,103.6,109412.0
20250218,104.65,103.8,105.2,102.51,124009.0
20250219,103.99,103.5,104.54,102.55,145457.0
20250220,103.55,97.39,103.85,94.13,445408.0
20250221,97.4,94.86,97.65,94.11,265576.0
20250224,94.69,93.55,95.23,92.12,206936.0
20250225,93.68,97.8,97.91,93.35,233750.0
20250226,97.72,96.38,98.73,96.07,142996.0
20250227,96.26,96.8,98.04,95.4,122299.0
20250228,96.78,98.57,98.86,96.48,176530.0
20250303,98.3,97.25,99.49,96.82,133706.0
20250304,96.85,95.5,97.62,94.46,200414.0
20250305,95.26,95.97,96.39,93.96,137327.0
20250306,95.54,94.6,96.19,94.42,152069.0
20250307,94.5,91.51,94.69,90.76,296531.0
20250310,91.01,87.04,91.7,86.61,275928.0
20250311,86.96,87.55,89.35,86.32,220102.0
20250312,86.99,85.21,89.1,84.88,258481.0
20250313,84.89,84.64,85.45,83.87,215881.0
20250314,84.74,85.24,85.37,84.06,274505.0
20250317,85.38,87.7,87.99,84.93,213144.0
20250318,87.7,85.67,87.73,85.5,142312.0
20250319,85.73,86.7,86.79,85.48,121138.0
20250320,86.73,85.86,87.08,85.51,141125.0
20250321,85.8,85.98,86.23,84.78,213045.0
20250324,86.37,87.54,87.75,86.23,124315.0
20250325,87.67,84.94,87.92,84.62,198602.0
20250326,85.02,84.9,85.56,84.57,179512.0
20250327,85.21,85.5,86.11,84.5,127077.0
20250328,86.02,85.0,86.02,84.7,111692.0
20250331,84.85,87.65,88.2,83.96,230625.0
20250401,87.6,88.83,89.11,87.19,179116.0
20250402,88.64,83.45,90.15,83.45,147377.0
20250403,83.96,86.91,89.88,83.5,265619.0
20250404,86.89,82.81,87.39,82.65,282553.0
20250407,78.93,84.1,86.26,77.56,282364.0
20250408,84.05,80.26,86.97,80.08,254325.0
20250409,80.63,89.8,90.8,79.5,376093.0
20250410,89.0,90.2,91.87,87.79,271994.0
20250411,90.64,92.76,93.35,90.01,189944.0
20250414,93.17,94.69,95.44,92.8,219356.0
20250415,95.25,93.34,96.03,93.3,155076.0
20250416,93.35,91.29,94.4,90.61,167555.0
20250417,91.79,92.95,93.87,91.2,163096.0
20250421,92.51,92.45,94.08,91.34,148384.0
20250422,92.83,96.1,96.13,92.76,117605.0
20250423,96.1,94.94,96.6,94.16,139402.0
20250424,94.48,95.73,96.25,93.66,105961.0
20250425,95.87,95.01,96.47,94.36,118454.0
20250428,94.79,95.18,96.0,94.34,99040.0
20250429,95.25,95.9,96.19,94.42,81960.0
20250430,95.94,97.3,97.78,94.93,153570.0
20250501,97.72,97.02,98.0,96.59,97450.0
20250502,97.64,98.58,99.22,97.25,104806.0
20250505,98.41,99.33,99.74,98.3,96238.0
20250506,99.34,98.99,99.6,98.25,82673.0
20250507,99.03,98.6,99.55,98.31,87850.0
20250508,99.33,97.65,99.33,97.35,115560.0
20250509,97.66,96.66,97.83,96.29,108323.0
20250512,98.5,96.99,99.68,95.62,191982.0
20250513,96.86,95.88,97.32,95.22,146814.0
20250514,96.02,97.4,97.4,95.4,196949.0
20250515,97.54,96.34,100.42,91.89,336303.0
20250516,96.06,97.17,99.2,95.33,232843.0
20250519,97.0,98.01,98.46,95.81,152390.0
20250520,98.01,97.66,98.82,96.52,119220.0
20250521,97.36,96.41,97.8,95.97,119084.0
20250522,96.36,96.09,96.96,95.81,105624.0
20250523,96.12,96.3,96.54,94.82,105830.0
20250527,96.3,97.52,97.8,96.3,133729.0
20250528,97.42,98.74,98.8,97.0,84996.0
20250529,98.65,96.91,99.02,96.85,110993.0
20250530,97.03,98.5,98.93,96.6,219705.0
20250602,98.6,99.4,99.91,97.88,135307.0
20250603,99.5,99.65,100.89,98.57,122109.0
20250604,100.0,99.35,100.42,99.21,82673.0
20250605,99.39,97.83,99.7,97.6,123025.0
20250606,98.02,97.51,98.56,96.97,121984.0
20250609,97.49,97.54,98.25,96.77,106464.0
20250610,97.34,97.31,98.09,96.48,110784.0
20250611,97.42,95.96,97.66,95.35,129576.0
20250612,95.5,94.5,96.03,93.43,137121.0
20250613,94.48,94.52,95.32,93.3,142179.0
20250616,94.74,94.1,95.78,94.09,121604.0
20250617,94.35,94.19,94.82,93.62,101848.0
20250618,94.5,95.17,95.49,94.09,87214.0
20250620,95.17,96.13,96.31,94.5,161131.0
20250623,95.68,97.71,97.93,95.4,138281.0
20250624,97.89,98.0,99.11,97.25,134587.0
20250625,98.16,97.3,98.56,97.15,78101.0
20250626,97.26,96.15,97.39,95.91,143942.0
20250627,96.25,97.15,97.76,96.1,215755.0
20250630,97.24,97.64,98.14,96.31,134590.0
20250701,97.66,98.24,99.19,97.42,119329.0
20250702,98.25,97.7,98.4,97.05,95940.0
20250703,97.72,98.24,98.48,97.42,58282.0
20250707,98.08,99.25,99.35,97.62,93520.0
20250708,99.35,97.4,99.35,96.51,132049.0
20250709,97.34,97.05,97.6,96.38,102140.0
20250710,97.03,95.25,97.11,94.73,146263.0
20250711,95.01,94.44,95.54,94.23,106669.0
20250714,94.28,95.7,95.84,94.21,103046.0
20250715,95.67,95.18,95.78,94.93,80342.0
20250716,95.32,95.12,95.83,94.6,85012.0
20250717,95.03,95.14,95.63,94.89,86926.0
20250718,95.17,95.19,95.49,94.43,113399.0
20250721,95.73,95.67,96.64,95.08,98820.0
20250722,95.81,96.03,96.67,95.6,68268.0
20250723,96.01,95.65,96.29,95.29,75173.0
20250724,95.71,96.62,96.96,95.35,120641.0
20250725,96.61,97.49,97.65,96.52,105260.0
20250728,97.6,97.55,98.13,96.9,94342.0
20250729,97.64,98.33,98.72,97.34,114790.0
20250730,98.09,97.28,98.88,97.03,86881.0
20250731,97.37,97.86,98.63,97.1,110609.0
20250801,97.51,98.4,98.83,97.22,119886.0
20250804,98.5,99.62,99.91,98.1,126862.0
20250805,99.53,99.15,100.47,98.91,98126.0
20250806,99.7,103.0,103.69,99.29,186720.0
20250807,103.13,103.13,103.9,102.11,92397.0
20250808,103.12,103.77,104.72,102.55,92485.0
20250811,103.86,103.86,104.33,103.11,84439.0
20250812,103.69,103.66,104.31,103.37,92043.0
20250813,103.68,101.07,103.91,100.85,153971.0
20250814,101.2,101.05,101.44,100.59,79569.0
20250815,100.86,100.05,101.24,99.54,101981.0
20250818,100.73,100.89,101.0,99.79,85005.0
20250819,100.98,101.4,102.43,100.7,98771.0
20250820,101.29,102.57,102.75,100.0,147066.0
20250821,102.59,97.94,103.25,96.95,416527.0
20250822,98.12,96.92,99.05,96.76,277534.0
20250825,96.95,96.1,97.58,95.96,146219.0
20250826,96.22,96.05,96.47,95.42,176708.0
20250827,96.1,96.1,96.32,95.6,101969.0
20250828,96.25,96.12,96.57,95.7,121009.0
20250829,96.17,96.9,97.03,95.79,124288.0
20250902,96.87,97.79,97.87,96.51,121387.0
20250903,97.63,99.25,99.44,97.42,153351.0
20250904,99.05,100.9,101.35,99.05,116609.0
20250905,100.69,100.42,101.48,99.55,96303.0
20250908,100.38,102.16,102.36,100.18,102786.0
20250909,102.22,102.05,102.49,101.55,91320.0
20250910,102.03,100.5,102.45,100.2,140377.0
20250911,100.36,102.48,102.78,100.01,124538.0
20250912,102.6,103.32,103.98,102.12,81749.0
20250915,103.53,103.56,103.98,103.4,81823.0
20250916,104.34,103.42,105.06,103.13,102650.0
20250917,103.16,104.78,106.11,103.16,180383.0
20250918,104.84,103.49,104.97,102.16,113427.0
20250919,103.06,102.32,103.94,102.09,264624.0
20250922,102.25,102.7,103.2,101.92,92330.0
20250923,102.8,102.52,103.17,101.33,99615.0
20250924,102.45,102.6,103.47,102.19,74638.0
20250925,102.95,102.98,103.51,102.5,93140.0
20250926,103.11,103.12,103.49,102.47,88625.0
20250929,103.38,102.9,103.38,102.07,122059.0
20250930,102.92,103.0,103.94,102.65,107407.0
20251001,103.03,101.9,103.2,100.55,124530.0
20251002,101.91,101.69,102.15,99.87,116903.0
20251003,101.89,101.86,102.82,101.2,91329.0
20251006,102.09,102.65,103.07,101.5,99048.0
20251007,102.56,103.17,103.28,100.95,121171.0
20251008,103.2,102.9,103.46,102.15,108125.0
20251009,103.04,101.66,103.45,100.37,148968.0
20251010,101.85,101.32,103.63,100.78,138900.0
20251013,102.02,102.0,102.45,101.07,84306.0
20251014,101.99,107.4,107.92,101.6,235427.0
20251015,107.7,109.33,109.56,106.7,153117.0
20251016,108.32,106.34,109.58,105.66,124232.0
20251017,105.95,107.79,108.2,105.46,105789.0
20251020,107.87,107.12,108.25,106.61,76790.0
20251021,106.83,106.24,107.48,106.12,78222.0
20251022,106.29,107.12,107.77,105.65,91027.0
20251023,107.19,106.71,107.57,105.78,77232.0
20251024,107.0,106.2,107.25,105.51,77579.0
20251027,106.51,104.48,106.75,104.15,129073.0
20251028,104.54,103.07,104.76,103.01,97870.0
20251029,103.39,102.54,103.67,102.11,87023.0
20251030,102.3,101.9,103.37,101.55,104020.0
20251031,102.07,101.25,102.14,100.18,145158.0
20251103,101.38,101.54,101.8,100.4,105973.0
20251104,101.44,102.3,102.62,101.22,93146.0
20251105,102.2,101.66,102.68,100.85,96619.0
20251106,101.57,101.68,102.03,100.03,115437.0
20251107,101.71,102.69,102.97,101.5,131405.0
20251110,102.59,102.5,102.85,101.6,108072.0
20251111,102.41,103.43,103.74,101.99,101707.0
20251112,103.37,103.55,103.61,102.66,90578.0
20251113,103.53,102.55,103.93,102.02,135566.0
20251114,102.66,102.46,103.0,98.54,167625.0
20251117,102.52,102.98,103.32,102.08,114562.0
20251118,102.9,101.53,103.35,101.38,127132.0
20251119,101.38,101.65,101.98,99.68,166272.0
20251120,101.62,106.89,107.91,97.9,381780.0
20251121,106.65,105.43,108.19,104.72,294277.0
20251124,105.3,104.25,106.27,103.76,289672.0
20251125,104.28,107.04,107.41,104.06,154356.0
20251126,107.0,109.21,109.59,106.7,123773.0
20251128,109.4,110.51,110.7,109.0,74481.0
20251201,110.51,111.6,111.77,110.26,129641.0
20251202,111.43,112.6,112.65,110.79,137460.0
20251203,112.5,114.67,114.89,111.9,183335.0
20251204,114.22,114.84,114.96,113.16,172995.0
20251205,114.69,115.21,116.27,114.57,157377.0
20251208,115.15,113.6,115.2,112.3,165486.0
20251209,113.6,115.08,115.72,113.02,151254.0
20251210,115.32,113.37,116.23,112.99,176839.0
20251211,113.03,115.35,115.87,110.11,130070.0
20251212,115.44,116.61,116.95,115.02,132045.0
20251215,116.69,116.85,117.45,115.64,137263.0
20251216,116.62,115.22,116.92,114.95,139795.0
20251217,115.36,115.52,116.39,115.03,124105.0
20251218,115.67,114.65,116.48,114.61,146683.0
20251219,114.8,114.38,115.51,113.52,330357.0
20251222,114.34,112.5,114.5,112.22,173691.0
20251223,112.53,110.78,112.75,110.6,161405.0
20251224,111.01,111.6,112.07,110.53,65525.0
20251226,111.61,111.6,111.97,111.36,69925.0
20251229,111.69,112.45,112.78,111.32,94482.0
20251230,112.57,111.86,112.7,111.83,89917.0
20251231,111.86,111.5,113.85,111.31,79051.0
20260102,111.62,112.75,112.79,111.12,102646.0
20260105,112.48,112.61,113.73,112.03,134310.0
20260106,112.75,114.44,114.79,111.99,153541.0
20260107,114.48,112.7,114.73,112.1,165809.0
20260108,112.68,113.08,113.47,109.81,184554.0
20260109,112.98,114.53,115.46,112.05,167768.0
20260112,117.47,117.8,119.5,116.0,391051.0
20260113,118.08,120.25,120.51,117.7,236063.0
20260114,120.52,119.95,121.42,119.03,238646.0
20260115,120.05,119.28,120.87,118.73,260155.0
20260116,119.31,120.1,120.6,116.9,2496050.0
20260120,119.27,118.76,121.96,117.61,315454.0
20260121,118.54,119.37,120.49,117.54,221892.0
20260122,119.03,118.06,119.65,117.65,167517.0
20260123,118.0,117.56,118.61,117.13,148138.0
20260126,117.52,117.79,118.85,117.39,117513.0
20260127,117.6,116.47,117.79,115.48,151633.0
20260128,116.36,116.23,117.46,115.86,124060.0
20260129,116.39,117.23,117.66,116.07,116175.0
20260130,116.99,119.05,119.41,116.6,154211.0
20260202,119.39,124.0,124.2,118.65,202027.0
20260203,123.31,128.2,128.5,123.22,240523.0
20260204,128.11,127.5,129.41,127.0,186302.0
20260205,127.63,127.59,129.6,126.46,224225.0
20260206,127.68,130.98,131.7,126.0,176919.0
20260209,130.86,128.84,131.79,128.09,159685.0
20260210,128.96,126.9,129.34,126.38,137393.0
20260211,126.92,128.99,129.74,126.45,140126.0
20260212,129.17,133.14,134.49,128.5,229667.0
20260213,133.1,134.05,134.65,131.75,174106.0
20260217,134.0,128.82,134.69,128.16,264505.0
20260218,128.96,126.11,129.2,125.77,279382.0
20260219,125.44,125.0,130.1,121.9,330600.0
20260220,124.64,122.84,125.19,121.05,250333.0
20260223,122.92,126.13,126.8,122.23,196416.0
20260224,126.3,126.75,128.04,124.91,138350.0
20260225,126.77,126.15,127.4,125.42,125654.0
20260226,125.91,124.06,127.33,123.92,116627.0
20260227,124.11,127.75,128.6,123.76,193819.0
20260302,127.7,127.1,128.75,126.47,130070.0
20260303,126.65,127.96,128.44,125.29,119457.0
20260304,127.74,127.7,128.17,126.24,114816.0
20260305,127.41,123.65,127.41,121.65,196116.0
20260306,123.14,123.5,124.19,121.62,146094.0
20260309,122.0,123.95,124.51,121.8,146033.0
20260310,124.22,125.1,126.1,123.35,110864.0
20260311,125.0,122.65,125.49,122.24,110946.0
20260312,123.02,125.55,125.88,122.11,131838.0
20260313,125.0,126.26,126.69,124.87,111855.0
20260316,126.41,125.75,127.0,124.83,143260.0
20260317,125.51,124.97,127.19,124.86,94780.0
20260318,125.21,122.14,125.5,121.72,136758.0
20260319,122.14,121.39,122.75,119.27,129022.0
20260320,121.28,119.2,121.5,118.02,454483.0
20260323,118.7,120.91,122.05,118.34,145076.0
20260324,120.45,122.85,124.11,119.97,118666.0
20260325,122.78,122.75,123.49,121.77,114672.0
20260326,122.65,122.23,124.91,121.58,115747.0
20260327,122.13,122.61,124.27,121.82,119932.0
20260330,123.95,123.36,125.26,122.73,120874.0
20260331,124.22,124.36,125.0,122.84,144512.0
20260401,124.21,124.56,125.23,123.13,119211.0
20260402,124.71,125.81,125.9,124.15,84357.0
20260406,125.79,126.65,126.98,125.35,79898.0
20260407,126.4,124.48,127.0,121.79,118992.0
20260408,124.49,126.56,127.33,121.33,142434.0
20260409,126.96,128.95,129.69,126.24,95962.0
20260410,129.48,126.9,129.77,126.22,94730.0
20260413,126.4,124.64,126.9,123.95,100957.0
20260414,124.57,124.82,125.2,122.54,111028.0
20260415,124.94,124.71,125.07,123.17,114541.0
20260416,124.68,125.14,125.94,123.96,128504.0
20260417,125.49,127.42,127.6,123.37,160313.0
20260420,127.49,127.9,129.47,127.0,139604.0
20260421,128.06,129.54,129.77,127.48,124564.0
20260422,129.44,129.88,130.45,128.84,136715.0
20260423,130.08,131.29,132.46,129.56,112987.0
20260424,131.44,129.84,132.12,129.28,124690.0
20260427,129.44,127.6,129.85,127.39,99867.0
20260428,127.76,127.2,129.76,126.78,92720.0
20260429,127.0,127.07,128.71,125.91,89505.0
20260430,127.3,132.11,132.46,126.8,125701.0
20260501,132.62,131.36,133.37,130.98,73763.0
20260504,131.15,130.38,131.75,129.68,76898.0
20260505,130.27,130.25,131.73,130.0,75162.0
20260506,130.22,130.29,131.15,129.5,115087.0
20260507,130.35,130.4,130.7,128.66,107400.0
20260508,130.0,130.55,131.41,130.0,98051.0
20260511,130.12,127.5,130.6,126.38,127894.0
20260512,127.75,130.03,131.12,126.5,122437.0
20260513,129.54,130.98,132.53,128.77,87892.0
20260514,131.01,132.5,132.78,130.55,77232.0
20260515,133.02,132.05,134.88,130.78,147511.0
20260518,131.74,133.35,133.47,131.08,112187.0
20260519,133.41,134.26,135.16,132.06,112234.0
20260520,134.44,131.29,134.5,130.33,204001.0
20260521,131.02,121.94,131.62,120.39,369685.0
20260522,122.0,120.06,122.5,118.91,218869.0
20260526,120.47,118.63,121.05,117.92,212407.0
20260527,118.49,118.83,119.43,118.0,156188.0
20260528,119.23,118.6,119.35,117.33,158652.0
20260529,118.37,115.78,119.08,114.71,306821.0
20260601,115.8,114.43,115.98,113.56,179467.0
20260602,114.84,112.9,114.84,112.73,168386.0
20260603,113.0,118.4,118.76,112.35,225264.0
20260604,118.35,118.0,120.39,117.28,164127.0
20260605,117.66,118.4,120.89,116.5,253306.0
20260608,118.73,119.61,120.18,117.41,129597.0
20260609,119.47,119.01,120.5,118.0,161055.0
20260610,119.46,120.1,120.82,117.53,173168.0
20260611,120.52,119.94,121.86,119.46,159994.0
20260612,120.27,120.8,121.61,119.53,103844.0
20260615,120.54,120.56,121.49,118.58,133668.0
20260616,120.71,120.87,122.94,119.88,177972.0
20260617,120.68,118.21,121.01,117.45,165561.0
20260618,118.06,117.1,118.5,116.79,248817.0
202606220801,117.06,117.24,117.25,117.06,19.0
202606220802,116.93,116.92,116.93,116.92,2.0
202606220803,116.92,116.92,116.92,116.92,0.0
202606220804,116.92,116.92,116.92,116.92,0.0
202606220805,116.89,116.89,116.89,116.89,2.0
202606220806,116.89,116.89,116.89,116.89,1.0
202606220807,116.89,116.89,116.89,116.89,0.0
202606220808,116.89,116.89,116.89,116.89,0.0
202606220809,116.89,116.89,116.89,116.89,0.0
202606220810,116.89,116.89,116.89,116.89,0.0
202606220811,116.89,116.89,116.89,116.89,0.0
202606220812,116.89,116.89,116.89,116.89,0.0
202606220813,116.89,116.89,116.89,116.89,0.0
202606220814,116.91,116.91,116.91,116.91,2.0
202606220815,116.91,116.91,116.91,116.91,0.0
202606220816,116.91,116.91,116.91,116.91,0.0
202606220817,116.91,116.91,116.91,116.91,0.0
202606220818,116.91,116.91,116.91,116.91,0.0
202606220819,116.91,116.91,116.91,116.91,0.0
202606220820,116.91,116.91,116.91,116.91,0.0
202606220821,116.91,116.91,116.91,116.91,0.0
202606220822,116.91,116.91,116.91,116.91,0.0
202606220823,116.91,116.91,116.91,116.91,0.0
202606220824,116.91,116.91,116.91,116.91,0.0
202606220825,116.91,116.91,116.91,116.91,0.0
202606220826,116.91,116.91,116.91,116.91,0.0
202606220827,116.91,116.91,116.91,116.91,0.0
202606220828,116.91,116.91,116.91,116.91,0.0
202606220829,116.74,116.74,116.74,116.74,2.0
202606220830,116.74,116.74,116.74,116.74,0.0
202606220831,116.69,116.69,116.69,116.69,1.0
202606220832,116.69,116.69,116.69,116.69,0.0
202606220833,116.69,116.69,116.69,116.69,0.0
202606220834,116.69,116.69,116.69,116.69,0.0
202606220835,116.69,116.69,116.69,116.69,0.0
202606220836,116.69,116.69,116.69,116.69,0.0
202606220837,116.69,116.69,116.69,116.69,0.0
202606220838,116.69,116.69,116.69,116.69,0.0
202606220839,116.69,116.69,116.69,116.69,0.0
202606220840,116.69,116.69,116.69,116.69,0.0
202606220841,116.69,116.69,116.69,116.69,0.0
202606220842,116.69,116.69,116.69,116.69,0.0
202606220843,116.69,116.69,116.69,116.69,0.0
202606220844,116.69,116.69,116.69,116.69,0.0
202606220845,116.69,116.69,116.69,116.69,0.0
202606220846,116.69,116.69,116.69,116.69,0.0
202606220847,116.69,116.69,116.69,116.69,0.0
202606220848,116.75,116.75,116.75,116.75,2.0
202606220849,116.75,116.75,116.75,116.75,2.0
202606220850,116.75,116.75,116.75,116.75,0.0
202606220851,116.75,116.75,116.75,116.75,0.0
202606220852,116.75,116.75,116.75,116.75,0.0
202606220853,116.71,116.72,116.72,116.71,3.0
202606220854,116.72,116.72,116.72,116.72,0.0
202606220855,116.72,116.72,116.72,116.72,0.0
202606220856,116.72,116.72,116.72,116.72,0.0
202606220857,116.72,116.72,116.72,116.72,0.0
202606220858,116.72,116.72,116.72,116.72,0.0
202606220859,116.72,116.72,116.72,116.72,0.0
202606220900,116.72,116.72,116.72,116.72,0.0
202606220901,116.72,116.72,116.72,116.72,0.0
202606220902,116.72,116.72,116.72,116.72,0.0
202606220903,116.72,116.72,116.72,116.72,0.0
202606220904,116.72,116.72,116.72,116.72,0.0
202606220905,116.72,116.72,116.72,116.72,0.0
202606220906,116.72,116.72,116.72,116.72,0.0
202606220907,116.72,116.72,116.72,116.72,0.0
202606220908,116.72,116.72,116.72,116.72,0.0
202606220909,116.72,116.72,116.72,116.72,0.0
202606220910,116.72,116.72,116.72,116.72,0.0
202606220911,116.72,116.72,116.72,116.72,0.0
202606220912,116.72,116.72,116.72,116.72,0.0
202606220913,116.72,116.72,116.72,116.72,0.0
202606220914,116.72,116.72,116.72,116.72,0.0
202606220915,116.72,116.72,116.72,116.72,0.0
202606220916,116.72,116.72,116.72,116.72,0.0
202606220917,116.72,116.72,116.72,116.72,0.0
202606220918,116.72,116.72,116.72,116.72,0.0
202606220919,116.72,116.72,116.72,116.72,0.0
202606220920,116.72,116.72,116.72,116.72,0.0
202606220921,116.72,116.72,116.72,116.72,0.0
202606220922,116.72,116.72,116.72,116.72,0.0
202606220923,116.72,116.72,116.72,116.72,0.0
202606220924,116.72,116.72,116.72,116.72,0.0
202606220925,116.72,116.72,116.72,116.72,0.0
202606220926,116.72,116.72,116.72,116.72,0.0
202606220927,116.72,116.72,116.72,116.72,0.0
202606220928,116.72,116.72,116.72,116.72,0.0
202606220929,116.72,116.72,116.72,116.72,0.0
202606220930,116.72,116.72,116.72,116.72,0.0
202606220931,116.72,116.72,116.72,116.72,0.0
202606220932,116.72,116.72,116.72,116.72,0.0
202606220933,116.72,116.72,116.72,116.72,0.0
202606220934,116.72,116.72,116.72,116.72,0.0
202606220935,116.72,116.72,116.72,116.72,0.0
202606220936,116.72,116.72,116.72,116.72,0.0
202606220937,116.72,116.72,116.72,116.72,0.0
202606220938,116.72,116.72,116.72,116.72,0.0
202606220939,116.72,116.72,116.72,116.72,0.0
202606220940,116.72,116.72,116.72,116.72,0.0
202606220941,116.72,116.72,116.72,116.72,0.0
202606220942,116.72,116.72,116.72,116.72,0.0
202606220943,116.72,116.72,116.72,116.72,0.0
202606220944,116.72,116.72,116.72,116.72,0.0
202606220945,116.72,116.72,116.72,116.72,0.0
202606220946,116.72,116.72,116.72,116.72,0.0
202606220947,116.72,116.72,116.72,116.72,0.0
202606220948,116.72,116.72,116.72,116.72,0.0
202606220949,116.72,116.72,116.72,116.72,0.0
202606220950,116.72,116.72,116.72,116.72,0.0
202606220951,116.72,116.72,116.72,116.72,0.0
202606220952,116.72,116.72,116.72,116.72,0.0
202606220953,116.72,116.72,116.72,116.72,0.0
202606220954,116.72,116.72,116.72,116.72,0.0
202606220955,116.72,116.72,116.72,116.72,0.0
202606220956,116.72,116.72,116.72,116.72,0.0
202606220957,116.72,116.72,116.72,116.72,0.0
202606220958,116.72,116.72,116.72,116.72,0.0
202606220959,116.72,116.72,116.72,116.72,0.0
202606221000,116.72,116.72,116.72,116.72,0.0
202606221001,116.72,116.72,116.72,116.72,0.0
202606221002,116.72,116.72,116.72,116.72,0.0
202606221003,116.72,116.72,116.72,116.72,0.0
202606221004,116.72,116.72,116.72,116.72,0.0
202606221005,116.72,116.72,116.72,116.72,0.0
202606221006,116.72,116.72,116.72,116.72,0.0
202606221007,116.72,116.72,116.72,116.72,0.0
202606221008,116.72,116.72,116.72,116.72,0.0
202606221009,116.72,116.72,116.72,116.72,0.0
202606221010,116.72,116.72,116.72,116.72,0.0
202606221011,116.74,116.74,116.74,116.74,1.0
202606221012,116.74,116.74,116.74,116.74,0.0
202606221013,116.74,116.74,116.74,116.74,0.0
202606221014,116.74,116.74,116.74,116.74,0.0
202606221015,116.74,116.74,116.74,116.74,0.0
202606221016,116.74,116.74,116.74,116.74,0.0
202606221017,116.74,116.74,116.74,116.74,0.0
202606221018,116.74,116.74,116.74,116.74,0.0
202606221019,116.74,116.74,116.74,116.74,0.0
202606221020,116.74,116.74,116.74,116.74,0.0
202606221021,116.74,116.74,116.74,116.74,0.0
202606221022,116.74,116.74,116.74,116.74,0.0
202606221023,116.74,116.74,116.74,116.74,0.0
202606221024,116.74,116.74,116.74,116.74,0.0
202606221025,116.74,116.74,116.74,116.74,0.0
202606221026,116.74,116.74,116.74,116.74,0.0
202606221027,116.74,116.74,116.74,116.74,0.0
202606221028,116.74,116.74,116.74,116.74,0.0
202606221029,116.74,116.74,116.74,116.74,0.0
202606221030,116.74,116.74,116.74,116.74,0.0
202606221031,116.74,116.74,116.74,116.74,0.0
202606221032,116.74,116.74,116.74,116.74,0.0
202606221033,116.74,116.74,116.74,116.74,0.0
202606221034,116.74,116.74,116.74,116.74,0.0
202606221035,116.74,116.74,116.74,116.74,0.0
202606221036,116.74,116.74,116.74,116.74,0.0
202606221037,116.75,116.75,116.75,116.75,1.0
202606221038,116.75,116.75,116.75,116.75,0.0
202606221039,116.75,116.75,116.75,116.75,0.0
202606221040,116.75,116.75,116.75,116.75,0.0
202606221041,116.75,116.75,116.75,116.75,0.0
202606221042,116.8,116.8,116.8,116.8,2.0
202606221043,116.8,116.8,116.8,116.8,0.0
202606221044,116.8,116.8,116.8,116.8,0.0
202606221045,116.8,116.8,116.8,116.8,0.0
202606221046,116.8,116.8,116.8,116.8,0.0
202606221047,116.8,116.8,116.8,116.8,0.0
202606221048,116.8,116.8,116.8,116.8,0.0
202606221049,116.8,116.8,116.8,116.8,0.0
202606221050,116.8,116.8,116.8,116.8,0.0
202606221051,116.8,116.8,116.8,116.8,0.0
202606221052,116.8,116.8,116.8,116.8,0.0
202606221053,116.8,116.8,116.8,116.8,0.0
202606221054,116.8,116.8,116.8,116.8,0.0
202606221055,116.8,116.8,116.8,116.8,0.0
202606221056,116.8,116.8,116.8,116.8,0.0
202606221057,116.8,116.8,116.8,116.8,0.0
202606221058,116.8,116.8,116.8,116.8,0.0
202606221059,116.8,116.8,116.8,116.8,0.0
202606221100,116.83,116.83,116.87,116.75,13.0
202606221101,116.83,116.83,116.83,116.83,0.0
202606221102,116.83,116.83,116.83,116.83,0.0
202606221103,116.83,116.83,116.83,116.83,0.0
202606221104,116.83,116.83,116.83,116.83,0.0
202606221105,116.69,116.7,116.7,116.69,4.0
202606221106,116.65,116.6,116.65,116.6,35.0
202606221107,116.6,116.6,116.6,116.6,0.0
202606221108,116.6,116.6,116.6,116.6,0.0
202606221109,116.65,116.65,116.65,116.65,5.0
202606221110,116.6,116.68,116.68,116.6,6.0
202606221111,116.67,116.67,116.67,116.67,1.0
202606221112,116.67,116.67,116.67,116.67,0.0
202606221113,116.61,116.61,116.61,116.61,5.0
202606221114,116.61,116.61,116.61,116.61,0.0
202606221115,116.6,116.6,116.6,116.6,6.0
202606221116,116.68,116.68,116.68,116.68,1.0
202606221117,116.66,116.66,116.67,116.66,10.0
202606221118,116.66,116.66,116.66,116.66,0.0
202606221119,116.66,116.66,116.66,116.66,0.0
202606221120,116.66,116.66,116.66,116.66,0.0
202606221121,116.66,116.66,116.66,116.66,0.0
202606221122,116.66,116.66,116.66,116.66,0.0
202606221123,116.66,116.66,116.66,116.66,0.0
202606221124,116.66,116.66,116.66,116.66,0.0
202606221125,116.65,116.68,116.68,116.65,2.0
202606221126,116.65,116.65,116.66,116.65,5.0
202606221127,116.65,116.65,116.65,116.65,0.0
202606221128,116.55,116.55,116.55,116.55,10.0
202606221129,116.55,116.55,116.55,116.55,0.0
202606221130,116.55,116.55,116.55,116.55,0.0
202606221131,116.61,116.63,116.63,116.61,12.0
202606221132,116.63,116.63,116.63,116.63,0.0
202606221133,116.63,116.63,116.63,116.63,0.0
202606221134,116.63,116.63,116.63,116.63,0.0
202606221135,116.63,116.63,116.63,116.63,0.0
202606221136,116.63,116.63,116.63,116.63,0.0
202606221137,116.65,116.65,116.65,116.65,20.0
202606221138,116.65,116.65,116.65,116.65,2.0
202606221139,116.65,116.65,116.65,116.65,0.0
202606221140,116.63,116.63,116.63,116.62,1.0
202606221141,116.63,116.63,116.63,116.63,0.0
202606221142,116.6,116.6,116.6,116.6,4.0
202606221143,116.6,116.6,116.6,116.6,0.0
202606221144,116.67,116.67,116.67,116.67,10.0
202606221145,116.65,116.65,116.65,116.65,4.0
202606221146,116.65,116.65,116.65,116.65,0.0
202606221147,116.65,116.65,116.65,116.65,0.0
202606221148,116.75,116.83,116.84,116.75,3.0
202606221149,116.83,116.83,116.83,116.83,0.0
202606221150,116.83,116.83,116.83,116.83,0.0
202606221151,116.83,116.83,116.83,116.83,0.0
202606221152,116.83,116.83,116.83,116.83,0.0
202606221153,116.83,116.83,116.83,116.83,0.0
202606221154,116.83,116.83,116.83,116.83,0.0
202606221155,116.83,116.83,116.83,116.83,0.0
202606221156,116.56,116.56,116.56,116.56,2.0
202606221157,116.75,116.75,116.75,116.75,1.0
202606221158,116.75,116.75,116.75,116.75,0.0
202606221159,116.75,116.75,116.75,116.75,0.0
202606221200,116.75,116.75,116.75,116.75,0.0
202606221201,116.65,116.75,116.75,116.65,3.0
202606221202,116.72,116.72,116.72,116.72,8.0
202606221203,116.72,116.72,116.72,116.72,0.0
202606221204,116.72,116.72,116.72,116.72,0.0
202606221205,116.72,116.72,116.72,116.72,0.0
202606221206,116.72,116.72,116.72,116.72,0.0
202606221207,116.72,116.72,116.72,116.72,0.0
202606221208,116.72,116.72,116.72,116.72,0.0
202606221209,116.72,116.72,116.72,116.72,0.0
202606221210,116.72,116.72,116.72,116.72,0.0
202606221211,116.7,116.7,116.7,116.7,1.0
202606221212,116.75,116.75,116.75,116.75,3.0
202606221213,116.75,116.75,116.75,116.75,0.0
202606221214,116.79,116.79,116.79,116.79,1.0
202606221215,116.79,116.79,116.79,116.79,0.0
202606221216,116.9,116.79,116.9,116.79,3.0
202606221217,116.8,116.8,116.8,116.8,6.0
202606221218,116.8,116.8,116.8,116.8,0.0
202606221219,116.8,116.8,116.8,116.8,0.0
202606221220,116.8,116.8,116.8,116.8,0.0
202606221221,116.8,116.65,116.8,116.65,3.0
202606221222,116.65,116.65,116.65,116.65,0.0
202606221223,116.79,116.79,116.79,116.79,1.0
202606221224,116.9,116.87,116.9,116.87,4.0
202606221225,116.79,116.79,116.79,116.79,2.0
202606221226,116.79,116.79,116.79,116.79,0.0
202606221227,116.79,116.79,116.79,116.79,0.0
202606221228,116.79,116.79,116.79,116.79,0.0
202606221229,116.79,116.79,116.79,116.79,0.0
202606221230,116.79,116.79,116.79,116.79,0.0
202606221231,116.75,116.75,116.76,116.75,1.0
202606221232,116.75,116.75,116.75,116.75,0.0
202606221233,116.75,116.75,116.75,116.75,0.0
202606221234,116.77,116.77,116.78,116.77,4.0
202606221235,116.77,116.77,116.77,116.77,0.0
202606221236,116.77,116.77,116.77,116.77,0.0
202606221237,116.77,116.77,116.77,116.77,0.0
202606221238,116.77,116.77,116.77,116.77,0.0
202606221239,116.77,116.77,116.77,116.77,0.0
202606221240,116.82,116.82,116.82,116.82,1.0
202606221241,116.82,116.82,116.82,116.82,0.0
202606221242,116.82,116.82,116.82,116.82,0.0
202606221243,116.77,116.77,116.78,116.77,1.0
202606221244,116.77,116.77,116.77,116.77,0.0
202606221245,116.77,116.77,116.77,116.77,0.0
202606221246,116.77,116.77,116.77,116.77,0.0
202606221247,116.77,116.77,116.77,116.77,0.0
202606221248,116.77,116.77,116.77,116.77,0.0
202606221249,116.8,116.83,116.83,116.8,5.0
202606221250,116.9,116.9,116.9,116.9,1.0
202606221251,116.9,116.9,116.9,116.9,1.0
202606221252,116.77,116.77,116.77,116.77,6.0
202606221253,116.77,116.77,116.77,116.77,0.0
202606221254,116.87,116.87,116.87,116.86,1.0
202606221255,116.87,116.87,116.87,116.87,0.0
202606221256,116.83,116.89,116.9,116.83,5.0
202606221257,116.89,116.89,116.89,116.89,0.0
202606221258,116.89,116.89,116.89,116.89,0.0
202606221259,116.78,116.78,116.78,116.77,8.0
202606221300,116.9,116.9,116.9,116.9,11.0
202606221301,116.86,116.86,116.86,116.86,5.0
202606221302,116.86,116.86,116.86,116.86,0.0
202606221303,116.78,116.78,116.86,116.78,3.0
202606221304,116.76,116.76,116.76,116.76,16.0
202606221305,116.75,116.75,116.75,116.75,3.0
202606221306,116.9,116.9,116.9,116.9,1.0
202606221307,116.86,116.9,116.9,116.86,2.0
202606221308,116.9,116.9,116.9,116.9,0.0
202606221309,116.9,116.9,116.9,116.9,10.0
202606221310,116.9,116.9,116.9,116.9,0.0
202606221311,116.9,116.9,116.9,116.9,0.0
202606221312,116.8,116.8,116.8,116.8,1.0
202606221313,116.8,116.8,116.8,116.8,0.0
202606221314,116.78,116.76,116.78,116.75,4.0
202606221315,116.76,116.76,116.76,116.76,0.0
202606221316,116.76,116.76,116.76,116.76,0.0
202606221317,116.76,116.76,116.76,116.76,0.0
202606221318,116.86,116.86,116.87,116.86,1.0
202606221319,116.88,116.74,116.88,116.74,4.0
202606221320,116.74,116.74,116.74,116.74,0.0
202606221321,116.74,116.74,116.74,116.74,0.0
202606221322,116.74,116.74,116.74,116.74,0.0
202606221323,116.74,116.74,116.74,116.74,0.0
202606221324,116.76,116.76,116.76,116.76,1.0
202606221325,116.76,116.65,116.76,116.53,26.0
202606221326,116.65,116.65,116.65,116.65,0.0
202606221327,116.85,116.54,116.85,116.5,24.0
202606221328,116.9,116.98,117.0,116.9,4.0
202606221329,116.96,117.0,117.0,116.96,10.0
202606221330,117.03,117.47,117.54,116.94,3940.0
202606221331,117.52,118.04,118.1,117.49,845.0
202606221332,118.03,118.21,118.26,117.91,783.0
202606221333,118.2,118.25,118.4,118.15,576.0
202606221334,118.23,117.79,118.25,117.74,326.0
202606221335,117.79,118.04,118.04,117.73,383.0
202606221336,118.03,117.85,118.11,117.82,334.0
202606221337,117.85,118.01,118.03,117.82,343.0
202606221338,117.97,117.93,118.02,117.86,251.0
202606221339,117.94,117.96,118.07,117.9,496.0
202606221340,117.96,117.76,117.96,117.73,527.0
202606221341,117.74,117.34,117.76,117.34,341.0
202606221342,117.35,117.51,117.53,117.34,445.0
202606221343,117.52,117.36,117.56,117.34,324.0
202606221344,117.36,117.28,117.45,117.28,225.0
202606221345,117.29,117.21,117.46,117.2,715.0
202606221346,117.19,117.32,117.35,117.12,644.0
202606221347,117.35,117.23,117.35,117.17,224.0
202606221348,117.21,117.47,117.47,117.21,172.0
202606221349,117.48,117.55,117.62,117.46,190.0
202606221350,117.52,117.44,117.52,117.33,207.0
202606221351,117.45,117.67,117.69,117.4,626.0
202606221352,117.67,117.8,117.84,117.57,584.0
202606221353,117.81,117.95,117.97,117.79,654.0
202606221354,117.97,117.95,117.98,117.83,321.0
202606221355,117.94,117.6,117.95,117.55,295.0
202606221356,117.61,117.63,117.63,117.42,182.0
202606221357,117.63,117.51,117.65,117.45,94.0
202606221358,117.51,117.56,117.6,117.42,176.0
202606221359,117.57,117.6,117.65,117.56,279.0
202606221400,117.6,117.62,117.71,117.48,314.0
202606221401,117.61,117.57,117.64,117.53,317.0
202606221402,117.58,117.73,117.79,117.52,1055.0
202606221403,117.74,117.71,117.77,117.55,374.0
202606221404,117.7,117.86,117.88,117.69,361.0
202606221405,117.85,117.71,117.85,117.68,487.0
202606221406,117.71,117.74,117.84,117.7,302.0
202606221407,117.71,117.52,117.71,117.51,261.0
202606221408,117.53,117.41,117.56,117.36,551.0
202606221409,117.41,117.46,117.49,117.37,271.0
202606221410,117.46,117.51,117.51,117.34,303.0
202606221411,117.49,117.66,117.68,117.48,93.0
202606221412,117.65,117.65,117.7,117.61,110.0
202606221413,117.67,117.76,117.77,117.61,146.0
202606221414,117.75,117.82,117.84,117.73,195.0
202606221415,117.81,117.95,118.03,117.78,340.0
202606221416,117.94,118.15,118.15,117.94,207.0
202606221417,118.16,118.05,118.18,118.03,287.0
202606221418,118.05,118.1,118.14,118.03,155.0
202606221419,118.09,118.03,118.12,118.0,197.0
202606221420,118.04,118.02,118.06,117.98,152.0
202606221421,118.02,118.13,118.13,118.0,199.0
202606221422,118.14,118.15,118.18,118.08,199.0
202606221423,118.12,118.23,118.26,118.12,281.0
202606221424,118.23,118.1,118.31,118.1,369.0
202606221425,118.1,118.17,118.21,118.09,307.0
202606221426,118.16,118.04,118.16,118.04,394.0
202606221427,118.04,118.08,118.09,117.99,345.0
202606221428,118.09,117.88,118.09,117.87,198.0
202606221429,117.86,117.79,117.91,117.77,288.0
202606221430,117.79,117.72,117.87,117.69,320.0
202606221431,117.72,117.67,117.72,117.62,242.0
202606221432,117.66,117.61,117.67,117.58,235.0
202606221433,117.62,117.53,117.68,117.48,238.0
202606221434,117.52,117.4,117.53,117.38,171.0
202606221435,117.4,117.36,117.42,117.35,305.0
202606221436,117.36,117.26,117.36,117.23,422.0
202606221437,117.26,117.29,117.34,117.19,254.0
202606221438,117.29,117.48,117.49,117.29,130.0
202606221439,117.48,117.71,117.72,117.47,395.0
202606221440,117.72,117.53,117.73,117.48,215.0
202606221441,117.52,117.58,117.58,117.49,192.0
202606221442,117.57,117.62,117.67,117.57,180.0
202606221443,117.63,117.68,117.72,117.62,219.0
202606221444,117.7,117.66,117.79,117.64,184.0
202606221445,117.68,117.52,117.76,117.52,175.0
202606221446,117.54,117.5,117.58,117.47,175.0
202606221447,117.5,117.62,117.71,117.46,267.0
202606221448,117.6,117.51,117.62,117.48,156.0
202606221449,117.53,117.57,117.58,117.52,92.0
202606221450,117.59,117.51,117.59,117.45,196.0
202606221451,117.51,117.59,117.59,117.4,141.0
202606221452,117.57,117.64,117.64,117.49,70.0
202606221453,117.64,117.8,117.81,117.63,158.0
202606221454,117.78,117.87,117.88,117.75,311.0
202606221455,117.86,117.77,117.86,117.74,178.0
202606221456,117.75,117.84,117.85,117.74,104.0
202606221457,117.83,117.69,117.84,117.66,106.0
202606221458,117.69,117.63,117.69,117.6,97.0
202606221459,117.59,117.59,117.62,117.58,59.0
202606221500,117.6,117.72,117.75,117.57,121.0
202606221501,117.73,117.64,117.73,117.63,161.0
202606221502,117.62,117.58,117.68,117.58,155.0
202606221503,117.6,117.55,117.62,117.53,157.0
202606221504,117.55,117.5,117.57,117.5,98.0
202606221505,117.51,117.57,117.58,117.45,266.0
202606221506,117.56,117.71,117.71,117.55,196.0
202606221507,117.68,117.66,117.7,117.65,126.0
202606221508,117.67,117.58,117.67,117.55,213.0
202606221509,117.59,117.58,117.62,117.56,189.0
202606221510,117.57,117.63,117.65,117.56,88.0
202606221511,117.64,117.62,117.66,117.57,108.0
202606221512,117.63,117.66,117.68,117.63,250.0
202606221513,117.66,117.72,117.74,117.65,134.0
202606221514,117.72,117.74,117.79,117.71,196.0
202606221515,117.73,117.67,117.74,117.66,177.0
202606221516,117.66,117.71,117.71,117.66,145.0
202606221517,117.71,117.73,117.74,117.68,262.0
202606221518,117.74,117.75,117.8,117.68,208.0
202606221519,117.75,117.76,117.8,117.72,615.0
202606221520,117.76,117.71,117.78,117.7,275.0
202606221521,117.71,117.64,117.72,117.64,165.0
202606221522,117.64,117.66,117.68,117.61,183.0
202606221523,117.66,117.7,117.72,117.66,139.0
202606221524,117.7,117.67,117.75,117.66,139.0
202606221525,117.68,117.68,117.71,117.61,321.0
202606221526,117.68,117.68,117.7,117.62,264.0
202606221527,117.68,117.64,117.68,117.64,129.0
202606221528,117.63,117.66,117.69,117.63,225.0
202606221529,117.67,117.68,117.71,117.63,152.0
202606221530,117.69,117.62,117.69,117.59,178.0
202606221531,117.61,117.67,117.67,117.61,119.0
202606221532,117.67,117.63,117.67,117.59,128.0
202606221533,117.63,117.69,117.75,117.63,547.0
202606221534,117.68,117.69,117.71,117.68,160.0
202606221535,117.68,117.66,117.71,117.65,146.0
202606221536,117.67,117.64,117.68,117.6,146.0
202606221537,117.64,117.75,117.78,117.64,552.0
202606221538,117.75,117.75,117.78,117.73,283.0
202606221539,117.74,117.75,117.78,117.71,173.0
202606221540,117.75,117.68,117.75,117.67,85.0
202606221541,117.68,117.7,117.7,117.67,153.0
202606221542,117.71,117.72,117.75,117.67,230.0
202606221543,117.73,117.75,117.78,117.73,87.0
202606221544,117.75,117.68,117.77,117.67,120.0
202606221545,117.68,117.65,117.71,117.65,120.0
202606221546,117.66,117.64,117.68,117.63,154.0
202606221547,117.63,117.63,117.64,117.57,219.0
202606221548,117.64,117.62,117.7,117.62,179.0
202606221549,117.62,117.49,117.63,117.46,436.0
202606221550,117.5,117.54,117.55,117.43,200.0
202606221551,117.54,117.57,117.57,117.5,195.0
202606221552,117.57,117.63,117.63,117.55,153.0
202606221553,117.63,117.63,117.66,117.54,106.0
202606221554,117.61,117.77,117.78,117.6,709.0
202606221555,117.77,117.67,117.77,117.66,137.0
202606221556,117.67,117.73,117.76,117.65,411.0
202606221557,117.71,117.69,117.72,117.63,210.0
202606221558,117.7,117.72,117.74,117.68,213.0
202606221559,117.72,117.75,117.77,117.71,185.0
202606221600,117.75,117.66,117.75,117.65,132.0
202606221601,117.64,117.64,117.67,117.63,95.0
202606221602,117.64,117.72,117.73,117.63,150.0
202606221603,117.73,117.85,117.85,117.71,335.0
202606221604,117.83,117.82,117.85,117.79,88.0
202606221605,117.82,117.82,117.84,117.78,201.0
202606221606,117.81,117.84,117.85,117.8,150.0
202606221607,117.85,117.82,117.86,117.82,147.0
202606221608,117.83,117.88,117.91,117.82,182.0
202606221609,117.87,117.86,117.9,117.85,169.0
202606221610,117.85,117.81,117.86,117.79,158.0
202606221611,117.81,117.84,117.84,117.81,91.0
202606221612,117.85,117.83,117.87,117.83,99.0
202606221613,117.82,117.8,117.82,117.79,61.0
202606221614,117.8,117.85,117.86,117.8,135.0
202606221615,117.85,117.91,117.91,117.85,140.0
202606221616,117.9,117.9,117.92,117.88,135.0
202606221617,117.9,117.85,117.92,117.85,285.0
202606221618,117.85,117.81,117.87,117.8,66.0
202606221619,117.82,117.78,117.84,117.77,50.0
202606221620,117.79,117.73,117.79,117.73,89.0
202606221621,117.73,117.75,117.75,117.68,129.0
202606221622,117.76,117.76,117.83,117.75,110.0
202606221623,117.75,117.76,117.76,117.68,198.0
202606221624,117.77,117.69,117.77,117.69,88.0
202606221625,117.69,117.7,117.72,117.69,65.0
202606221626,117.71,117.59,117.71,117.58,84.0
202606221627,117.59,117.61,117.64,117.59,145.0
202606221628,117.62,117.59,117.63,117.56,71.0
202606221629,117.6,117.58,117.6,117.56,72.0
202606221630,117.59,117.55,117.63,117.54,113.0
202606221631,117.55,117.57,117.57,117.52,108.0
202606221632,117.55,117.6,117.6,117.54,50.0
202606221633,117.61,117.6,117.61,117.59,55.0
202606221634,117.61,117.62,117.64,117.6,71.0
202606221635,117.61,117.64,117.65,117.59,87.0
202606221636,117.65,117.74,117.74,117.64,124.0
202606221637,117.75,117.71,117.75,117.71,156.0
202606221638,117.7,117.63,117.72,117.63,122.0
202606221639,117.63,117.66,117.69,117.63,174.0
202606221640,117.67,117.68,117.68,117.64,62.0
202606221641,117.67,117.64,117.68,117.63,132.0
202606221642,117.65,117.66,117.67,117.64,64.0
202606221643,117.66,117.6,117.66,117.6,64.0
202606221644,117.6,117.62,117.64,117.59,64.0
202606221645,117.63,117.64,117.64,117.61,148.0
202606221646,117.64,117.62,117.65,117.62,58.0
202606221647,117.62,117.51,117.62,117.51,138.0
202606221648,117.52,117.46,117.52,117.46,93.0
202606221649,117.46,117.44,117.5,117.41,106.0
202606221650,117.44,117.37,117.44,117.36,130.0
202606221651,117.36,117.32,117.37,117.3,58.0
202606221652,117.29,117.25,117.34,117.24,164.0
202606221653,117.24,117.19,117.27,117.16,202.0
202606221654,117.21,117.27,117.29,117.2,97.0
202606221655,117.28,117.38,117.4,117.28,99.0
202606221656,117.38,117.39,117.42,117.38,163.0
202606221657,117.39,117.41,117.41,117.37,94.0
202606221658,117.42,117.45,117.5,117.42,165.0
202606221659,117.46,117.41,117.46,117.4,62.0
202606221700,117.42,117.42,117.45,117.42,67.0
202606221701,117.42,117.45,117.47,117.4,195.0
202606221702,117.45,117.39,117.47,117.35,182.0
202606221703,117.4,117.44,117.44,117.39,42.0
202606221704,117.45,117.44,117.46,117.41,83.0
202606221705,117.43,117.47,117.47,117.41,64.0
202606221706,117.47,117.46,117.48,117.42,64.0
202606221707,117.46,117.47,117.47,117.42,75.0
202606221708,117.47,117.55,117.55,117.47,129.0
202606221709,117.54,117.48,117.54,117.47,56.0
202606221710,117.48,117.5,117.51,117.48,72.0
202606221711,117.5,117.53,117.57,117.49,219.0
202606221712,117.53,117.47,117.53,117.45,448.0
202606221713,117.47,117.45,117.48,117.43,109.0
202606221714,117.44,117.44,117.45,117.41,86.0
202606221715,117.45,117.38,117.46,117.37,90.0
202606221716,117.38,117.42,117.43,117.36,82.0
202606221717,117.42,117.41,117.43,117.4,28.0
202606221718,117.41,117.42,117.42,117.4,66.0
202606221719,117.41,117.32,117.41,117.32,68.0
202606221720,117.33,117.39,117.39,117.32,106.0
202606221721,117.39,117.34,117.4,117.34,80.0
202606221722,117.34,117.35,117.38,117.34,62.0
202606221723,117.35,117.38,117.38,117.33,54.0
202606221724,117.37,117.39,117.41,117.36,107.0
202606221725,117.39,117.4,117.41,117.37,196.0
202606221726,117.4,117.33,117.41,117.31,166.0
202606221727,117.32,117.3,117.34,117.3,110.0
202606221728,117.31,117.32,117.32,117.29,98.0
202606221729,117.3,117.35,117.36,117.29,159.0
202606221730,117.35,117.31,117.35,117.3,78.0
202606221731,117.31,117.32,117.32,117.27,254.0
202606221732,117.32,117.38,117.38,117.31,157.0
202606221733,117.38,117.39,117.4,117.37,154.0
202606221734,117.39,117.42,117.42,117.38,141.0
202606221735,117.41,117.36,117.41,117.34,91.0
202606221736,117.36,117.37,117.38,117.34,70.0
202606221737,117.38,117.4,117.43,117.38,75.0
202606221738,117.41,117.47,117.48,117.41,53.0
202606221739,117.47,117.42,117.47,117.41,51.0
202606221740,117.42,117.43,117.46,117.39,131.0
202606221741,117.43,117.41,117.44,117.4,60.0
202606221742,117.41,117.41,117.42,117.39,57.0
202606221743,117.41,117.42,117.42,117.4,98.0
202606221744,117.41,117.41,117.42,117.39,63.0
202606221745,117.4,117.39,117.42,117.38,67.0
202606221746,117.4,117.4,117.4,117.37,103.0
202606221747,117.41,117.41,117.43,117.39,64.0
202606221748,117.41,117.43,117.43,117.4,96.0
202606221749,117.43,117.39,117.43,117.39,94.0
202606221750,117.4,117.39,117.4,117.36,31.0
202606221751,117.39,117.41,117.41,117.38,46.0
202606221752,117.41,117.41,117.41,117.37,83.0
202606221753,117.41,117.36,117.41,117.35,97.0
202606221754,117.36,117.34,117.39,117.33,126.0
202606221755,117.33,117.33,117.37,117.32,142.0
202606221756,117.34,117.35,117.37,117.33,69.0
202606221757,117.35,117.29,117.35,117.28,80.0
202606221758,117.29,117.27,117.3,117.26,119.0
202606221759,117.28,117.29,117.29,117.26,124.0
202606221800,117.28,117.21,117.29,117.2,151.0
202606221801,117.2,117.14,117.24,117.13,196.0
202606221802,117.14,117.13,117.15,117.08,274.0
202606221803,117.13,117.1,117.13,117.1,110.0
202606221804,117.09,116.99,117.1,116.96,418.0
202606221805,117.01,117.01,117.01,116.95,321.0
202606221806,117.01,117.09,117.1,117.01,106.0
202606221807,117.1,117.1,117.12,117.08,111.0
202606221808,117.1,117.12,117.13,117.08,182.0
202606221809,117.12,117.15,117.16,117.11,138.0
202606221810,117.17,117.19,117.19,117.14,112.0
202606221811,117.19,117.18,117.19,117.17,56.0
202606221812,117.18,117.19,117.2,117.17,160.0
202606221813,117.19,117.19,117.2,117.17,91.0
202606221814,117.19,117.25,117.25,117.18,136.0
202606221815,117.25,117.26,117.27,117.25,56.0
202606221816,117.25,117.24,117.26,117.23,78.0
202606221817,117.23,117.23,117.24,117.21,82.0
202606221818,117.22,117.24,117.26,117.22,105.0
202606221819,117.23,117.23,117.23,117.21,79.0
202606221820,117.22,117.26,117.28,117.22,115.0
202606221821,117.27,117.25,117.28,117.24,77.0
202606221822,117.25,117.24,117.26,117.23,149.0
202606221823,117.24,117.18,117.24,117.17,137.0
202606221824,117.19,117.17,117.19,117.12,151.0
202606221825,117.16,117.15,117.17,117.13,440.0
202606221826,117.15,117.19,117.21,117.14,118.0
202606221827,117.19,117.19,117.2,117.18,146.0
202606221828,117.18,117.18,117.2,117.17,175.0
202606221829,117.17,117.11,117.17,117.08,422.0
202606221830,117.12,117.21,117.22,117.09,240.0
202606221831,117.2,117.21,117.23,117.17,151.0
202606221832,117.2,117.17,117.22,117.15,132.0
202606221833,117.16,117.1,117.16,117.09,73.0
202606221834,117.09,117.14,117.16,117.09,139.0
202606221835,117.14,117.16,117.19,117.13,105.0
202606221836,117.15,117.15,117.16,117.14,120.0
202606221837,117.15,117.19,117.21,117.15,132.0
202606221838,117.2,117.2,117.2,117.19,54.0
202606221839,117.2,117.2,117.24,117.19,181.0
202606221840,117.2,117.22,117.22,117.19,80.0
202606221841,117.22,117.24,117.24,117.21,66.0
202606221842,117.24,117.23,117.24,117.21,99.0
202606221843,117.23,117.23,117.24,117.22,56.0
202606221844,117.23,117.28,117.28,117.22,140.0
202606221845,117.27,117.28,117.29,117.25,148.0
202606221846,117.28,117.3,117.31,117.27,150.0
202606221847,117.29,117.27,117.29,117.25,160.0
202606221848,117.27,117.27,117.28,117.25,84.0
202606221849,117.26,117.28,117.29,117.25,114.0
202606221850,117.29,117.3,117.31,117.28,115.0
202606221851,117.29,117.29,117.3,117.27,114.0
202606221852,117.3,117.25,117.32,117.24,125.0
202606221853,117.25,117.23,117.25,117.22,128.0
202606221854,117.23,117.21,117.24,117.2,138.0
202606221855,117.21,117.24,117.24,117.2,103.0
202606221856,117.23,117.21,117.23,117.2,79.0
202606221857,117.21,117.26,117.28,117.2,176.0
202606221858,117.26,117.28,117.28,117.26,100.0
202606221859,117.27,117.26,117.3,117.26,198.0
202606221900,117.27,117.22,117.27,117.21,104.0
202606221901,117.22,117.21,117.22,117.2,190.0
202606221902,117.22,117.24,117.25,117.21,87.0
202606221903,117.24,117.23,117.24,117.22,73.0
202606221904,117.23,117.19,117.23,117.15,166.0
202606221905,117.19,117.19,117.2,117.17,104.0
202606221906,117.19,117.21,117.22,117.19,76.0
202606221907,117.2,117.18,117.21,117.16,145.0
202606221908,117.18,117.26,117.26,117.16,142.0
202606221909,117.25,117.23,117.27,117.23,173.0
202606221910,117.23,117.22,117.24,117.19,193.0
202606221911,117.22,117.17,117.22,117.16,162.0
202606221912,117.16,117.18,117.18,117.15,197.0
202606221913,117.19,117.2,117.21,117.18,88.0
202606221914,117.21,117.21,117.21,117.19,83.0
202606221915,117.21,117.24,117.26,117.2,184.0
202606221916,117.24,117.23,117.26,117.23,100.0
202606221917,117.23,117.18,117.23,117.16,296.0
202606221918,117.18,117.18,117.2,117.16,165.0
202606221919,117.19,117.21,117.21,117.18,63.0
202606221920,117.21,117.22,117.24,117.2,174.0
202606221921,117.21,117.2,117.22,117.19,99.0
202606221922,117.19,117.21,117.21,117.18,73.0
202606221923,117.21,117.19,117.21,117.17,108.0
202606221924,117.18,117.18,117.18,117.14,149.0
202606221925,117.18,117.18,117.19,117.16,137.0
202606221926,117.19,117.2,117.2,117.18,143.0
202606221927,117.19,117.22,117.23,117.17,258.0
202606221928,117.22,117.19,117.22,117.18,105.0
202606221929,117.19,117.21,117.21,117.16,229.0
202606221930,117.21,117.32,117.35,117.21,420.0
202606221931,117.33,117.33,117.35,117.28,265.0
202606221932,117.32,117.28,117.36,117.27,191.0
202606221933,117.27,117.32,117.32,117.27,96.0
202606221934,117.32,117.32,117.33,117.28,243.0
202606221935,117.32,117.38,117.38,117.3,350.0
202606221936,117.38,117.35,117.38,117.33,169.0
202606221937,117.35,117.32,117.36,117.32,174.0
202606221938,117.32,117.31,117.32,117.29,208.0
202606221939,117.31,117.34,117.34,117.31,116.0
202606221940,117.34,117.34,117.36,117.32,259.0
202606221941,117.32,117.29,117.34,117.29,142.0
202606221942,117.29,117.26,117.31,117.24,224.0
202606221943,117.25,117.24,117.25,117.22,146.0
202606221944,117.24,117.23,117.26,117.22,438.0
202606221945,117.23,117.22,117.23,117.18,399.0
202606221946,117.22,117.25,117.26,117.22,174.0
202606221947,117.25,117.21,117.25,117.2,231.0
202606221948,117.22,117.22,117.22,117.17,418.0
202606221949,117.22,117.2,117.22,117.13,598.0
202606221950,117.21,117.2,117.22,117.14,519.0
202606221951,117.19,117.11,117.23,117.1,709.0
202606221952,117.11,117.12,117.17,117.04,1081.0
202606221953,117.13,117.2,117.22,117.1,997.0
202606221954,117.2,117.15,117.2,117.07,725.0
202606221955,117.19,117.17,117.29,117.16,707.0
202606221956,117.17,117.1,117.23,117.09,791.0
202606221957,117.1,117.17,117.18,117.08,638.0
202606221958,117.17,117.15,117.18,117.1,1034.0
202606221959,117.16,117.11,117.2,117.08,3789.0
202606222000,117.12,117.18,117.18,117.11,47858.0
202606222001,117.18,117.18,117.18,117.18,269.0
202606222002,117.18,117.18,117.18,117.18,0.0
202606222003,117.18,117.18,117.18,117.18,0.0
202606222004,117.18,117.18,117.18,117.18,0.0
202606222005,117.18,117.18,117.18,117.18,0.0
202606222006,117.18,117.18,117.18,117.18,0.0
202606222007,117.18,117.18,117.18,117.18,0.0
202606222008,117.12,117.1,117.12,117.1,8.0
202606222009,117.1,117.1,117.1,117.1,0.0
202606222010,117.1,117.1,117.1,117.1,0.0
202606222011,117.1,117.05,117.1,117.05,3.0
202606222012,117.05,117.05,117.05,117.05,0.0
202606222013,117.05,117.05,117.05,117.05,0.0
202606222014,117.05,117.05,117.05,117.05,0.0
202606222015,117.05,117.05,117.05,117.05,0.0
202606222016,117.05,117.05,117.05,117.05,0.0
202606222017,117.05,117.05,117.05,117.05,0.0
202606222018,117.05,117.05,117.05,117.05,0.0
202606222019,117.05,117.05,117.05,117.05,0.0
202606222020,117.05,117.05,117.05,117.05,0.0
202606222021,117.05,117.05,117.05,117.05,0.0
202606222022,117.05,117.05,117.05,117.05,0.0
202606222023,117.05,117.05,117.05,117.05,0.0
202606222024,117.05,117.05,117.05,117.05,0.0
202606222025,117.05,117.05,117.05,117.05,0.0
202606222026,117.05,117.05,117.05,117.05,0.0
202606222027,117.05,117.05,117.05,117.05,0.0
202606222028,117.05,117.05,117.05,117.05,0.0
202606222029,117.04,117.04,117.04,117.04,2.0
202606222030,117.04,117.04,117.04,117.04,0.0
202606222031,117.04,117.04,117.04,117.04,0.0
202606222032,117.04,117.04,117.04,117.04,0.0
202606222033,117.04,117.04,117.04,117.04,0.0
202606222034,117.04,117.04,117.04,117.04,0.0
202606222035,117.15,117.15,117.15,117.14,1.0
202606222036,117.15,117.15,117.15,117.15,0.0
202606222037,117.15,117.15,117.15,117.15,0.0
202606222038,117.15,117.15,117.15,117.15,0.0
202606222039,117.15,117.15,117.15,117.15,0.0
202606222040,117.15,117.15,117.15,117.15,1.0
202606222041,117.15,117.15,117.15,117.15,0.0
202606222042,117.15,117.15,117.15,117.15,0.0
202606222043,117.15,117.15,117.15,117.15,0.0
202606222044,117.15,117.15,117.15,117.15,0.0
202606222045,117.15,117.15,117.15,117.15,0.0
202606222046,117.15,117.15,117.15,117.15,0.0
202606222047,117.15,117.15,117.15,117.15,0.0
202606222048,117.15,117.15,117.15,117.15,0.0
202606222049,117.15,117.15,117.15,117.15,0.0
202606222050,117.15,117.15,117.15,117.15,0.0
202606222051,117.06,117.06,117.06,117.06,3.0
202606222052,117.06,117.06,117.06,117.06,0.0
202606222053,117.06,117.06,117.06,117.06,0.0
202606222054,117.06,117.06,117.06,117.06,0.0
202606222055,117.06,117.06,117.06,117.06,0.0
202606222056,117.06,117.06,117.06,117.06,0.0
202606222057,117.06,117.06,117.06,117.06,0.0
202606222058,117.06,117.06,117.06,117.06,0.0
202606222059,117.06,117.06,117.06,117.06,0.0
202606222100,117.06,117.06,117.06,117.06,0.0
202606222101,117.06,117.06,117.06,117.06,0.0
202606222102,117.06,117.06,117.06,117.06,0.0
202606222103,117.06,117.06,117.06,117.06,0.0
202606222104,117.06,117.06,117.06,117.06,0.0
202606222105,117.07,117.07,117.07,117.07,1.0
202606222106,117.07,117.07,117.07,117.07,0.0
202606222107,117.07,117.07,117.07,117.07,0.0
202606222108,117.07,117.07,117.07,117.07,0.0
202606222109,117.07,117.07,117.07,117.07,0.0
202606222110,117.07,117.07,117.07,117.07,0.0
202606222111,117.07,117.07,117.07,117.07,0.0
202606222112,117.04,117.04,117.04,117.03,1.0
202606222113,117.04,117.04,117.04,117.04,1.0
202606222114,117.04,117.04,117.04,117.04,0.0
202606222115,117.04,117.04,117.04,117.04,0.0
202606222116,117.04,117.04,117.04,117.04,0.0
202606222117,117.04,117.04,117.04,117.04,0.0
202606222118,117.04,117.04,117.04,117.04,0.0
202606222119,117.04,117.04,117.04,117.04,0.0
202606222120,117.04,117.04,117.04,117.04,0.0
202606222121,117.04,117.04,117.04,117.04,0.0
202606222122,117.04,117.04,117.04,117.04,0.0
202606222123,117.09,117.09,117.09,117.09,2.0
202606222124,117.08,117.08,117.08,117.08,2.0
202606222125,117.08,117.08,117.08,117.08,0.0
202606222126,117.08,117.08,117.08,117.08,0.0
202606222127,117.08,117.08,117.08,117.08,0.0
202606222128,117.08,117.08,117.08,117.08,0.0
202606222129,117.08,117.08,117.08,117.08,0.0
202606222130,117.08,117.08,117.08,117.08,0.0
202606222131,117.08,117.08,117.08,117.08,0.0
202606222132,117.08,117.08,117.08,117.08,0.0
202606222133,117.08,117.08,117.08,117.08,0.0
202606222134,117.08,117.08,117.08,117.08,0.0
202606222135,117.08,117.08,117.08,117.08,0.0
202606222136,117.08,117.08,117.08,117.08,0.0
202606222137,117.06,117.06,117.07,117.06,11.0
202606222138,117.06,117.06,117.06,117.06,3.0
202606222139,117.06,117.06,117.06,117.06,0.0
202606222140,117.06,117.06,117.06,117.06,0.0
202606222141,117.06,117.06,117.06,117.06,0.0
202606222142,117.06,117.06,117.06,117.06,0.0
202606222143,117.06,117.06,117.06,117.06,0.0
202606222144,117.06,117.06,117.06,117.06,0.0
202606222145,117.06,117.06,117.06,117.06,0.0
202606222146,117.06,117.06,117.06,117.06,0.0
202606222147,117.06,117.06,117.06,117.06,0.0
202606222148,117.06,117.06,117.06,117.06,0.0
202606222149,117.06,117.06,117.06,117.06,0.0
202606222150,117.06,117.06,117.06,117.06,0.0
202606222151,117.06,117.06,117.06,117.06,0.0
202606222152,117.06,117.06,117.06,117.06,0.0
202606222153,117.06,117.06,117.06,117.06,0.0
202606222154,117.06,117.06,117.06,117.06,0.0
202606222155,117.06,117.06,117.06,117.06,0.0
202606222156,117.06,117.06,117.06,117.06,0.0
202606222157,117.06,117.06,117.06,117.06,0.0
202606222158,117.06,117.06,117.06,117.06,0.0
202606222159,117.06,117.06,117.06,117.06,0.0
202606222200,117.03,117.03,117.03,117.03,4.0
202606222201,117.03,117.03,117.03,117.03,0.0
202606222202,117.08,117.07,117.08,117.07,2.0
202606222203,117.07,117.07,117.07,117.07,0.0
202606222204,117.07,117.07,117.07,117.07,0.0
202606222205,117.07,117.07,117.07,117.07,0.0
202606222206,117.07,117.07,117.07,117.07,0.0
202606222207,117.0,117.0,117.0,117.0,4.0
202606222208,117.0,117.0,117.0,117.0,0.0
202606222209,117.0,117.0,117.0,117.0,0.0
202606222210,117.1,117.1,117.1,117.1,2.0
202606222211,117.1,117.1,117.1,117.1,0.0
202606222212,117.1,117.1,117.1,117.1,0.0
202606222213,117.1,117.1,117.1,117.1,0.0
202606222214,117.1,117.1,117.1,117.1,0.0
202606222215,117.1,117.1,117.1,117.1,0.0
202606222216,117.1,117.1,117.1,117.1,0.0
202606222217,117.1,117.1,117.1,117.1,0.0
202606222218,117.1,117.1,117.1,117.1,0.0
202606222219,117.1,117.1,117.1,117.1,0.0
202606222220,117.1,117.1,117.1,117.1,0.0
202606222221,117.1,117.1,117.1,117.1,0.0
202606222222,117.1,117.1,117.1,117.1,0.0
202606222223,117.1,117.1,117.1,117.1,0.0
202606222224,117.1,117.1,117.1,117.1,10.0
202606222225,117.1,117.1,117.1,117.1,0.0
202606222226,117.1,117.1,117.1,117.1,0.0
202606222227,117.1,117.1,117.1,117.1,0.0
202606222228,117.1,117.1,117.1,117.1,0.0
202606222229,117.06,117.06,117.06,117.06,1.0
202606222230,117.06,117.06,117.06,117.06,0.0
202606222231,117.06,117.06,117.06,117.06,0.0
202606222232,117.05,117.05,117.05,117.05,1.0
202606222233,117.05,117.05,117.05,117.05,0.0
202606222234,117.05,117.05,117.05,117.05,0.0
202606222235,117.05,117.05,117.05,117.05,1.0
202606222236,117.05,117.05,117.05,117.05,0.0
202606222237,117.05,117.05,117.05,117.05,0.0
202606222238,117.05,117.05,117.05,117.05,0.0
202606222239,117.05,117.05,117.05,117.05,0.0
202606222240,117.05,117.05,117.05,117.05,0.0
202606222241,117.05,117.05,117.05,117.05,0.0
202606222242,117.05,117.05,117.05,117.05,0.0
202606222243,117.05,117.05,117.05,117.05,0.0
202606222244,117.1,117.1,117.1,117.09,9.0
202606222245,117.1,117.1,117.1,117.1,0.0
202606222246,117.1,117.1,117.1,117.1,0.0
202606222247,117.1,117.1,117.1,117.1,0.0
202606222248,117.1,117.1,117.1,117.1,0.0
202606222249,117.1,117.1,117.1,117.1,0.0
202606222250,117.1,117.1,117.1,117.1,0.0
202606222251,117.1,117.1,117.1,117.1,0.0
202606222252,117.1,117.1,117.1,117.1,0.0
202606222253,117.1,117.1,117.1,117.1,0.0
202606222254,117.1,117.1,117.1,117.1,0.0
202606222255,117.1,117.1,117.1,117.1,0.0
202606222256,117.1,117.1,117.1,117.1,0.0
202606222257,117.1,117.1,117.1,117.1,0.0
202606222258,117.1,117.1,117.1,117.1,0.0
202606222259,117.0,117.0,117.0,117.0,1.0
202606222300,117.0,117.0,117.0,117.0,0.0
202606222301,117.0,117.0,117.0,117.0,0.0
202606222302,117.0,117.0,117.0,117.0,0.0
202606222303,117.0,117.0,117.0,117.0,3.0
202606222304,117.0,117.0,117.0,117.0,0.0
202606222305,117.0,117.0,117.0,117.0,0.0
202606222306,116.95,116.95,116.95,116.95,1.0
202606222307,116.95,116.95,116.95,116.95,0.0
202606222308,116.95,116.95,116.95,116.95,0.0
202606222309,116.95,116.95,116.95,116.95,0.0
202606222310,116.95,116.95,116.95,116.95,0.0
202606222311,116.95,116.95,116.95,116.95,0.0
202606222312,116.95,116.95,116.95,116.95,0.0
202606222313,116.95,116.95,116.95,116.95,0.0
202606222314,116.95,116.95,116.95,116.95,0.0
202606222315,116.95,116.95,116.95,116.95,0.0
202606222316,116.95,116.95,116.95,116.95,0.0
202606222317,116.95,116.95,116.95,116.95,0.0
202606222318,116.95,116.95,116.95,116.95,0.0
202606222319,116.95,116.95,116.95,116.95,0.0
202606222320,116.95,116.95,116.95,116.95,0.0
202606222321,116.95,116.95,116.95,116.95,0.0
202606222322,116.95,116.95,116.95,116.95,0.0
202606222323,116.95,116.95,116.95,116.95,0.0
202606222324,116.95,116.95,116.95,116.95,0.0
202606222325,116.95,116.95,116.95,116.95,0.0
202606222326,116.95,116.95,116.95,116.95,0.0
202606222327,116.95,116.95,116.95,116.95,0.0
202606222328,116.95,116.95,116.95,116.95,0.0
202606222329,116.95,116.95,116.95,116.95,0.0
202606222330,116.95,116.95,116.95,116.95,0.0
202606222331,116.95,116.95,116.95,116.95,0.0
202606222332,116.95,116.95,116.95,116.95,0.0
202606222333,116.95,116.95,116.95,116.95,0.0
202606222334,116.95,116.95,116.95,116.95,0.0
202606222335,116.95,116.95,116.95,116.95,0.0
202606222336,116.95,116.95,116.95,116.95,0.0
202606222337,116.95,116.95,116.95,116.95,0.0
202606222338,116.95,116.95,116.95,116.95,0.0
202606222339,116.95,116.95,116.95,116.95,0.0
202606222340,116.95,116.95,116.95,116.95,0.0
202606222341,116.95,116.95,116.95,116.95,0.0
202606222342,116.95,116.95,116.95,116.95,0.0
202606222343,116.95,116.95,116.95,116.95,0.0
202606222344,116.95,116.95,116.95,116.95,0.0
202606222345,116.95,116.95,116.95,116.95,0.0
202606222346,116.95,116.95,116.95,116.95,0.0
202606222347,116.95,116.95,116.95,116.95,0.0
202606222348,117.08,117.08,117.08,117.08,5.0
202606222349,117.08,117.08,117.08,117.08,0.0
202606222350,117.08,117.08,117.08,117.08,0.0
202606222351,117.08,117.08,117.08,117.08,0.0
202606222352,117.08,117.08,117.08,117.08,0.0
202606222353,117.08,117.08,117.08,117.08,2.0
202606222354,117.08,117.08,117.08,117.08,0.0
202606222355,117.08,117.08,117.08,117.08,0.0
202606222356,117.08,117.08,117.08,117.08,0.0
202606222357,117.08,117.08,117.08,117.08,0.0
202606222358,117.08,117.08,117.08,117.08,0.0
202606222359,117.08,117.08,117.08,117.08,0.0
202606230800,118.29,118.76,119.03,118.12,21.0
202606230801,118.04,118.6,118.75,118.04,10.0
202606230802,118.6,118.6,118.6,118.6,0.0
202606230803,118.6,118.6,118.6,118.6,0.0
202606230804,118.16,118.16,118.16,118.16,1.0
202606230805,118.04,117.98,118.05,117.98,54.0
202606230806,118.0,118.0,118.0,118.0,1.0
202606230807,118.0,118.0,118.0,117.99,32.0
202606230808,118.0,118.66,118.66,118.0,23.0
202606230809,118.66,118.66,118.66,118.66,0.0
202606230810,118.5,118.3,118.5,118.3,2.0
202606230811,118.64,117.76,118.64,117.76,2.0
202606230812,117.76,117.76,117.76,117.76,0.0
202606230813,118.07,118.39,118.39,118.07,2.0
202606230814,118.39,118.39,118.39,118.39,0.0
202606230815,118.39,118.39,118.39,118.39,0.0
202606230816,118.4,118.73,118.73,118.4,56.0
202606230817,118.73,118.73,118.73,118.73,0.0
202606230818,118.73,118.73,118.73,118.73,0.0
202606230819,118.73,118.73,118.73,118.73,0.0
202606230820,118.98,119.01,119.01,118.98,8.0
202606230821,119.1,119.1,119.1,119.09,3.0
202606230822,119.1,119.1,119.1,119.1,0.0
202606230823,119.1,119.1,119.1,119.1,0.0
202606230824,119.1,119.1,119.1,119.1,0.0
202606230825,118.98,118.98,118.98,118.98,2.0
202606230826,118.98,118.98,118.98,118.98,0.0
202606230827,118.98,118.98,118.98,118.98,0.0
202606230828,118.98,118.98,118.98,118.98,0.0
202606230829,118.98,118.98,118.98,118.98,1.0
202606230830,118.98,118.98,118.98,118.98,0.0
202606230831,118.98,118.98,118.98,118.98,0.0
202606230832,118.98,118.98,118.98,118.98,0.0
202606230833,118.98,118.98,118.98,118.98,0.0
202606230834,118.98,118.98,118.98,118.98,0.0
202606230835,118.98,118.98,118.98,118.98,0.0
202606230836,118.89,118.89,118.89,118.89,1.0
202606230837,118.89,118.89,118.89,118.89,0.0
202606230838,118.89,118.89,118.89,118.89,0.0
202606230839,118.89,118.89,118.89,118.89,0.0
202606230840,118.7,118.7,118.7,118.7,1.0
202606230841,118.7,118.7,118.7,118.7,0.0
202606230842,118.7,118.7,118.7,118.7,0.0
202606230843,118.7,118.7,118.7,118.7,0.0
202606230844,118.7,118.7,118.7,118.7,0.0
202606230845,118.56,118.5,118.59,118.5,15.0
202606230846,118.5,118.5,118.5,118.5,0.0
202606230847,118.5,118.5,118.5,118.5,0.0
202606230848,118.5,118.5,118.5,118.5,0.0
202606230849,118.5,118.5,118.5,118.5,0.0
202606230850,118.5,118.5,118.5,118.5,0.0
202606230851,118.5,118.5,118.5,118.5,0.0
202606230852,118.5,118.5,118.5,118.5,0.0
202606230853,118.5,118.5,118.5,118.5,0.0
202606230854,118.5,118.5,118.5,118.5,0.0
202606230855,118.5,118.5,118.5,118.5,0.0
202606230856,118.5,118.5,118.5,118.5,0.0
202606230857,118.5,118.5,118.5,118.5,0.0
202606230858,118.5,118.5,118.5,118.5,0.0
202606230859,118.5,118.5,118.5,118.5,0.0
202606230900,118.5,118.5,118.5,118.5,0.0
202606230901,118.5,118.5,118.5,118.5,0.0
202606230902,118.46,118.46,118.46,118.46,1.0
202606230903,118.46,118.46,118.46,118.46,1.0
202606230904,118.46,118.46,118.46,118.46,0.0
202606230905,118.46,118.46,118.46,118.46,0.0
202606230906,118.46,118.46,118.46,118.46,0.0
202606230907,118.46,118.46,118.46,118.46,0.0
202606230908,118.4,118.4,118.4,118.4,1.0
202606230909,118.4,118.4,118.4,118.4,0.0
202606230910,118.4,118.4,118.4,118.4,0.0
202606230911,118.4,118.4,118.4,118.4,0.0
202606230912,118.4,118.4,118.4,118.4,0.0
202606230913,118.4,118.4,118.4,118.4,0.0
202606230914,118.4,118.4,118.4,118.4,0.0
202606230915,118.4,118.4,118.4,118.4,0.0
202606230916,118.21,118.21,118.21,118.21,1.0
202606230917,118.21,118.21,118.21,118.21,0.0
202606230918,118.21,118.21,118.21,118.21,0.0
202606230919,118.24,118.24,118.24,118.24,1.0
202606230920,118.24,118.24,118.24,118.24,0.0
202606230921,118.24,118.24,118.24,118.24,0.0
202606230922,118.24,118.24,118.24,118.24,0.0
202606230923,118.24,118.24,118.24,118.24,0.0
202606230924,118.24,118.24,118.24,118.24,0.0
202606230925,118.24,118.24,118.24,118.24,0.0
202606230926,118.24,118.24,118.24,118.24,0.0
202606230927,118.24,118.24,118.24,118.24,0.0
202606230928,118.24,118.24,118.24,118.24,0.0
202606230929,118.24,118.24,118.24,118.24,0.0
202606230930,118.24,118.24,118.24,118.24,0.0
202606230931,118.24,118.24,118.24,118.24,0.0
202606230932,118.24,118.24,118.24,118.24,0.0
202606230933,118.24,118.24,118.24,118.24,0.0
202606230934,118.24,118.24,118.24,118.24,0.0
202606230935,118.24,118.24,118.24,118.24,0.0
202606230936,118.24,118.24,118.24,118.24,0.0
202606230937,118.24,118.24,118.24,118.24,0.0
202606230938,118.24,118.24,118.24,118.24,0.0
202606230939,118.24,118.24,118.24,118.24,0.0
202606230940,118.24,118.24,118.24,118.24,0.0
202606230941,118.24,118.24,118.24,118.24,0.0
202606230942,118.24,118.24,118.24,118.24,0.0
202606230943,118.24,118.24,118.24,118.24,0.0
202606230944,118.24,118.24,118.24,118.24,0.0
202606230945,118.24,118.24,118.24,118.24,0.0
202606230946,118.24,118.24,118.24,118.24,0.0
202606230947,118.24,118.24,118.24,118.24,0.0
202606230948,118.24,118.24,118.24,118.24,0.0
202606230949,118.24,118.24,118.24,118.24,0.0
202606230950,118.24,118.24,118.24,118.24,0.0
202606230951,118.24,118.24,118.24,118.24,0.0
202606230952,118.24,118.24,118.24,118.24,0.0
202606230953,118.24,118.24,118.24,118.24,0.0
202606230954,118.24,118.24,118.24,118.24,0.0
202606230955,118.24,118.24,118.24,118.24,0.0
202606230956,118.24,118.24,118.24,118.24,0.0
202606230957,118.24,118.24,118.24,118.24,0.0
202606230958,118.24,118.24,118.24,118.24,0.0
202606230959,118.24,118.24,118.24,118.24,0.0
202606231000,118.24,118.24,118.24,118.24,0.0
202606231001,118.24,118.24,118.24,118.24,0.0
202606231002,118.3,118.3,118.3,118.3,1.0
202606231003,118.3,118.3,118.3,118.3,0.0
202606231004,118.3,118.3,118.3,118.3,0.0
202606231005,118.3,118.3,118.3,118.3,0.0
202606231006,118.3,118.3,118.3,118.3,20.0
202606231007,118.28,118.29,118.3,118.28,19.0
202606231008,118.29,118.29,118.29,118.29,0.0
202606231009,118.29,118.29,118.29,118.29,0.0
202606231010,118.22,118.22,118.22,118.21,4.0
202606231011,118.22,118.22,118.22,118.22,0.0
202606231012,118.22,118.22,118.22,118.22,0.0
202606231013,118.22,118.22,118.22,118.22,0.0
202606231014,118.22,118.22,118.22,118.22,0.0
202606231015,118.22,118.22,118.22,118.22,0.0
202606231016,118.22,118.22,118.22,118.22,0.0
202606231017,118.22,118.22,118.22,118.22,0.0
202606231018,118.22,118.22,118.22,118.22,0.0
202606231019,118.22,118.22,118.22,118.22,0.0
202606231020,118.22,118.22,118.22,118.22,0.0
202606231021,118.22,118.22,118.22,118.22,0.0
202606231022,118.38,118.4,118.4,118.38,3.0
202606231023,118.4,118.4,118.4,118.4,0.0
202606231024,118.4,118.4,118.4,118.4,0.0
202606231025,118.4,118.4,118.4,118.4,0.0
202606231026,118.35,118.35,118.35,118.35,4.0
202606231027,118.5,118.5,118.5,118.48,10.0
202606231028,118.5,118.5,118.5,118.5,0.0
202606231029,118.5,118.5,118.5,118.5,0.0
202606231030,118.5,118.5,118.5,118.5,0.0
202606231031,118.5,118.5,118.5,118.5,0.0
202606231032,118.52,118.52,118.52,118.52,2.0
202606231033,118.52,118.52,118.52,118.52,0.0
202606231034,118.52,118.52,118.52,118.52,0.0
202606231035,118.52,118.52,118.52,118.52,0.0
202606231036,118.52,118.52,118.52,118.52,0.0
202606231037,118.52,118.52,118.52,118.52,0.0
202606231038,118.52,118.52,118.52,118.52,0.0
202606231039,118.52,118.52,118.52,118.52,0.0
202606231040,118.52,118.52,118.52,118.52,0.0
202606231041,118.52,118.52,118.52,118.52,0.0
202606231042,118.52,118.52,118.52,118.52,0.0
202606231043,118.52,118.52,118.52,118.52,0.0
202606231044,118.52,118.52,118.52,118.52,0.0
202606231045,118.55,118.55,118.55,118.55,1.0
202606231046,118.55,118.55,118.55,118.55,0.0
202606231047,118.55,118.55,118.55,118.55,0.0
202606231048,118.45,118.45,118.45,118.45,2.0
202606231049,118.45,118.45,118.45,118.45,0.0
202606231050,118.45,118.44,118.45,118.44,2.0
202606231051,118.45,118.45,118.45,118.45,1.0
202606231052,118.45,118.45,118.45,118.44,32.0
202606231053,118.45,118.45,118.45,118.45,0.0
202606231054,118.45,118.45,118.45,118.45,0.0
202606231055,118.45,118.45,118.45,118.45,0.0
202606231056,118.45,118.45,118.45,118.45,0.0
202606231057,118.45,118.45,118.45,118.45,0.0
202606231058,118.45,118.45,118.45,118.45,0.0
202606231059,118.45,118.45,118.45,118.45,0.0
202606231100,118.3,118.34,118.5,118.3,16.0
202606231101,118.34,118.34,118.34,118.34,0.0
202606231102,118.4,118.3,118.4,118.3,6.0
202606231103,118.3,118.3,118.3,118.3,0.0
202606231104,118.35,118.35,118.35,118.35,20.0
202606231105,118.22,118.28,118.28,118.22,11.0
202606231106,118.25,118.25,118.25,118.25,2.0
202606231107,118.25,118.25,118.25,118.25,1.0
202606231108,118.32,118.32,118.32,118.31,1.0
202606231109,118.25,118.22,118.28,118.22,86.0
202606231110,118.28,118.28,118.28,118.28,1.0
202606231111,118.35,118.25,118.35,118.25,4.0
202606231112,118.2,118.21,118.21,118.2,11.0
202606231113,118.2,118.2,118.2,118.2,2.0
202606231114,118.23,118.22,118.23,118.21,11.0
202606231115,118.2,118.2,118.21,118.2,4.0
202606231116,118.24,118.2,118.25,118.2,6.0
202606231117,118.25,118.25,118.25,118.25,1.0
202606231118,118.21,118.21,118.22,118.21,1.0
202606231119,118.21,118.21,118.21,118.21,0.0
202606231120,118.2,118.2,118.2,118.2,1.0
202606231121,118.26,118.28,118.28,118.26,2.0
202606231122,118.28,118.28,118.28,118.28,0.0
202606231123,118.28,118.28,118.28,118.28,0.0
202606231124,118.28,118.28,118.28,118.28,0.0
202606231125,118.28,118.28,118.28,118.28,0.0
202606231126,118.22,118.22,118.23,118.22,3.0
202606231127,118.29,118.29,118.3,118.29,1.0
202606231128,118.29,118.29,118.29,118.29,0.0
202606231129,118.29,118.29,118.29,118.29,0.0
202606231130,118.2,118.2,118.2,118.2,2.0
202606231131,118.2,118.2,118.2,118.2,0.0
202606231132,118.2,118.2,118.2,118.2,0.0
202606231133,118.26,118.35,118.36,118.26,31.0
202606231134,118.35,118.35,118.35,118.35,0.0
202606231135,118.35,118.35,118.35,118.35,0.0
202606231136,118.21,118.21,118.22,118.21,1.0
202606231137,118.21,118.21,118.21,118.21,0.0
202606231138,118.3,118.3,118.3,118.3,2.0
202606231139,118.3,118.3,118.3,118.3,0.0
202606231140,118.33,118.43,118.43,118.33,2.0
202606231141,118.44,118.45,118.45,118.44,9.0
202606231142,118.45,118.45,118.45,118.45,10.0
202606231143,118.45,118.45,118.45,118.45,0.0
202606231144,118.4,118.4,118.4,118.4,1.0
202606231145,118.45,118.45,118.45,118.45,1.0
202606231146,118.45,118.45,118.45,118.45,13.0
202606231147,118.45,118.45,118.45,118.45,0.0
202606231148,118.45,118.45,118.45,118.45,0.0
202606231149,118.35,118.39,118.39,118.35,3.0
202606231150,118.4,118.4,118.4,118.4,1.0
202606231151,118.27,118.27,118.27,118.27,2.0
202606231152,118.21,118.2,118.21,118.2,14.0
202606231153,118.27,118.27,118.34,118.27,7.0
202606231154,118.31,118.31,118.31,118.3,1.0
202606231155,118.31,118.31,118.31,118.31,0.0
202606231156,118.2,118.2,118.21,118.2,3.0
202606231157,118.2,118.2,118.2,118.2,6.0
202606231158,118.25,118.25,118.25,118.25,1.0
202606231159,118.2,118.2,118.2,118.2,1.0
202606231200,118.21,118.2,118.21,118.2,3.0
202606231201,118.22,118.22,118.22,118.22,1.0
202606231202,118.24,118.2,118.24,118.2,14.0
202606231203,118.2,118.2,118.2,118.2,0.0
202606231204,118.2,118.2,118.2,118.2,0.0
202606231205,118.2,118.2,118.2,118.2,0.0
202606231206,118.28,118.28,118.29,118.28,1.0
202606231207,118.23,118.23,118.23,118.23,1.0
202606231208,118.23,118.23,118.23,118.23,0.0
202606231209,118.23,118.23,118.23,118.23,0.0
202606231210,118.4,118.35,118.4,118.35,2.0
202606231211,118.34,118.34,118.34,118.34,3.0
202606231212,118.34,118.34,118.34,118.34,0.0
202606231213,118.22,118.22,118.22,118.22,2.0
202606231214,118.22,118.22,118.22,118.22,0.0
202606231215,118.26,118.26,118.26,118.26,1.0
202606231216,118.28,118.28,118.28,118.28,2.0
202606231217,118.2,118.2,118.2,118.2,40.0
202606231218,118.2,118.2,118.2,118.2,0.0
202606231219,118.37,118.37,118.38,118.37,1.0
202606231220,118.36,118.38,118.38,118.36,3.0
202606231221,118.37,118.2,118.37,118.2,41.0
202606231222,118.2,118.2,118.2,118.2,0.0
202606231223,118.22,118.39,118.39,118.22,17.0
202606231224,118.35,118.35,118.35,118.35,4.0
202606231225,118.35,118.35,118.35,118.35,0.0
202606231226,118.35,118.35,118.35,118.35,0.0
202606231227,118.35,118.35,118.35,118.35,0.0
202606231228,118.35,118.35,118.35,118.35,0.0
202606231229,118.21,118.21,118.21,118.21,5.0
202606231230,118.21,118.21,118.21,118.21,0.0
202606231231,118.3,118.3,118.3,118.3,3.0
202606231232,118.3,118.3,118.3,118.3,1.0
202606231233,118.3,118.3,118.3,118.3,0.0
202606231234,118.3,118.23,118.3,118.23,5.0
202606231235,118.31,118.24,118.32,118.24,12.0
202606231236,118.3,118.3,118.3,118.3,2.0
202606231237,118.23,118.23,118.23,118.22,13.0
202606231238,118.23,118.23,118.23,118.23,0.0
202606231239,118.23,118.23,118.23,118.23,0.0
202606231240,118.27,118.27,118.27,118.27,10.0
202606231241,118.27,118.27,118.27,118.27,0.0
202606231242,118.34,118.35,118.35,118.34,4.0
202606231243,118.35,118.32,118.35,118.32,2.0
202606231244,118.4,118.4,118.4,118.4,2.0
202606231245,118.4,118.4,118.4,118.4,4.0
202606231246,118.4,118.4,118.4,118.4,0.0
202606231247,118.48,118.48,118.48,118.48,1.0
202606231248,118.48,118.48,118.48,118.48,0.0
202606231249,118.43,118.43,118.43,118.43,1.0
202606231250,118.43,118.43,118.43,118.43,0.0
202606231251,118.44,118.49,118.5,118.44,20.0
202606231252,118.54,118.55,118.55,118.54,9.0
202606231253,118.55,118.55,118.55,118.55,0.0
202606231254,118.55,118.55,118.55,118.55,1.0
202606231255,118.5,118.5,118.5,118.5,10.0
202606231256,118.51,118.62,118.62,118.5,7.0
202606231257,118.62,118.62,118.62,118.62,0.0
202606231258,118.5,118.5,118.5,118.5,2.0
202606231259,118.5,118.5,118.5,118.5,0.0
202606231300,118.5,118.5,118.5,118.5,0.0
202606231301,118.6,118.6,118.6,118.6,5.0
202606231302,118.6,118.6,118.6,118.6,0.0
202606231303,118.6,118.6,118.6,118.6,1.0
202606231304,118.7,118.75,118.75,118.7,18.0
202606231305,118.7,118.62,118.7,118.62,4.0
202606231306,118.77,118.77,118.77,118.77,3.0
202606231307,118.75,118.79,118.79,118.75,5.0
202606231308,118.79,118.79,118.79,118.79,0.0
202606231309,118.7,118.5,118.7,118.5,56.0
202606231310,118.5,118.5,118.5,118.5,0.0
202606231311,118.7,118.63,118.7,118.56,6.0
202606231312,118.55,118.55,118.55,118.55,1.0
202606231313,118.7,118.46,118.7,118.45,5.0
202606231314,118.66,118.46,118.67,118.45,17.0
202606231315,118.46,118.46,118.46,118.46,0.0
202606231316,118.74,118.76,118.77,118.74,14.0
202606231317,118.67,118.79,118.8,118.67,3.0
202606231318,118.81,118.83,118.83,118.7,40.0
202606231319,118.74,118.74,118.74,118.74,2.0
202606231320,118.9,118.84,118.9,118.84,2.0
202606231321,118.84,118.84,118.84,118.84,1.0
202606231322,118.68,118.67,118.68,118.67,3.0
202606231323,118.72,118.69,118.72,118.69,2.0
202606231324,118.72,118.72,118.73,118.72,2.0
202606231325,118.78,118.9,118.9,118.75,22.0
202606231326,118.98,119.1,119.1,118.98,60.0
202606231327,119.13,119.1,119.26,119.1,59.0
202606231328,119.48,119.68,119.72,119.28,100.0
202606231329,119.77,119.65,119.81,119.65,82.0
202606231330,119.68,119.01,119.87,118.73,5402.0
202606231331,118.98,119.37,119.66,118.95,949.0
202606231332,119.34,119.27,119.54,119.17,1015.0
202606231333,119.29,119.31,119.59,119.23,763.0
202606231334,119.31,119.14,119.36,119.1,543.0
202606231335,119.13,119.02,119.39,118.99,381.0
202606231336,119.01,119.06,119.18,118.95,432.0
202606231337,119.05,119.52,119.56,119.05,820.0
202606231338,119.5,119.66,119.68,119.43,360.0
202606231339,119.63,119.23,119.63,119.22,977.0
202606231340,119.23,119.28,119.38,119.09,890.0
202606231341,119.26,119.14,119.33,119.13,490.0
202606231342,119.16,119.41,119.47,119.14,357.0
202606231343,119.4,119.08,119.45,119.03,241.0
202606231344,119.09,119.16,119.16,119.02,241.0
202606231345,119.18,119.45,119.48,119.11,378.0
202606231346,119.47,119.43,119.57,119.4,372.0
202606231347,119.43,119.44,119.53,119.37,363.0
202606231348,119.45,119.22,119.51,119.13,547.0
202606231349,119.2,119.19,119.27,119.12,594.0
202606231350,119.21,119.12,119.26,119.1,291.0
202606231351,119.12,118.96,119.12,118.87,477.0
202606231352,118.96,119.09,119.16,118.83,320.0
202606231353,119.09,119.09,119.18,119.03,197.0
202606231354,119.08,119.33,119.35,119.0,227.0
202606231355,119.31,119.22,119.31,119.09,370.0
202606231356,119.22,119.37,119.48,119.22,373.0
202606231357,119.38,119.44,119.49,119.33,342.0
202606231358,119.44,119.28,119.46,119.25,178.0
202606231359,119.27,119.18,119.28,119.18,235.0
202606231400,119.2,119.22,119.27,119.13,167.0
202606231401,119.18,119.01,119.18,118.96,214.0
202606231402,119.03,118.88,119.03,118.83,259.0
202606231403,118.88,119.05,119.1,118.85,331.0
202606231404,119.02,118.95,119.05,118.94,208.0
202606231405,118.95,119.1,119.14,118.93,305.0
202606231406,119.08,119.0,119.08,118.9,204.0
202606231407,119.01,119.16,119.16,118.93,372.0
202606231408,119.14,119.16,119.18,119.0,241.0
202606231409,119.16,119.12,119.16,119.0,292.0
202606231410,119.13,119.16,119.19,119.1,192.0
202606231411,119.15,119.05,119.16,119.04,578.0
202606231412,119.05,119.03,119.08,119.03,151.0
202606231413,119.04,118.88,119.05,118.86,381.0
202606231414,118.88,118.78,118.93,118.78,422.0
202606231415,118.75,118.77,118.79,118.63,169.0
202606231416,118.75,118.64,118.78,118.62,178.0
202606231417,118.64,118.66,118.68,118.56,419.0
202606231418,118.68,118.72,118.81,118.65,208.0
202606231419,118.71,118.8,118.8,118.7,200.0
202606231420,118.78,118.73,118.82,118.73,179.0
202606231421,118.72,118.71,118.75,118.69,241.0
202606231422,118.73,118.8,118.82,118.7,127.0
202606231423,118.79,118.77,118.81,118.74,134.0
202606231424,118.76,118.78,118.85,116.34,1220.0
202606231425,118.77,118.89,118.9,118.69,273.0
202606231426,118.91,119.08,119.1,118.89,472.0
202606231427,119.1,119.14,119.23,119.02,653.0
202606231428,119.15,119.14,119.19,119.14,164.0
202606231429,119.15,119.12,119.15,119.02,196.0
202606231430,119.1,119.33,119.36,119.08,297.0
202606231431,119.32,119.41,119.44,119.29,302.0
202606231432,119.42,119.56,119.58,119.38,445.0
202606231433,119.56,119.39,119.59,119.33,664.0
202606231434,119.38,119.3,119.39,119.3,177.0
202606231435,119.32,119.25,119.35,119.23,234.0
202606231436,119.22,119.2,119.24,119.17,164.0
202606231437,119.19,119.16,119.2,119.09,213.0
202606231438,119.16,119.22,119.32,119.15,817.0
202606231439,119.22,119.21,119.26,119.19,96.0
202606231440,119.2,119.24,119.31,119.14,213.0
202606231441,119.24,119.27,119.29,119.15,184.0
202606231442,119.3,119.37,119.43,119.3,276.0
202606231443,119.38,119.27,119.42,119.26,143.0
202606231444,119.27,119.31,119.32,119.24,154.0
202606231445,119.31,119.39,119.42,119.31,161.0
202606231446,119.39,119.45,119.48,119.38,219.0
202606231447,119.45,119.45,119.48,119.4,153.0
202606231448,119.47,119.56,119.56,119.38,432.0
202606231449,119.55,119.5,119.56,119.46,363.0
202606231450,119.5,119.35,119.52,119.34,198.0
202606231451,119.34,119.33,119.35,119.25,199.0
202606231452,119.35,119.4,119.4,119.32,140.0
202606231453,119.42,119.49,119.49,119.4,212.0
202606231454,119.47,119.43,119.48,119.37,142.0
202606231455,119.44,119.35,119.46,119.35,127.0
202606231456,119.35,119.27,119.36,119.22,244.0
202606231457,119.29,119.29,119.38,119.26,170.0
202606231458,119.3,119.44,119.49,119.29,178.0
202606231459,119.42,119.42,119.44,119.38,181.0
202606231500,119.4,119.34,119.4,119.26,140.0
202606231501,119.34,119.24,119.35,119.24,119.0
202606231502,119.25,119.4,119.41,119.25,111.0
202606231503,119.41,119.54,119.58,119.41,410.0
202606231504,119.54,119.52,119.56,119.45,88.0
202606231505,119.54,119.64,119.65,119.49,259.0
202606231506,119.63,119.7,119.71,119.6,329.0
202606231507,119.7,119.63,119.71,119.6,216.0
202606231508,119.6,119.77,119.79,119.6,364.0
202606231509,119.77,119.97,119.98,119.77,458.0
202606231510,119.98,120.03,120.12,119.98,1138.0
202606231511,120.03,120.13,120.16,120.02,431.0
202606231512,120.13,120.13,120.17,120.09,277.0
202606231513,120.11,120.18,120.2,120.11,383.0
202606231514,120.19,120.2,120.22,120.13,309.0
202606231515,120.19,120.21,120.25,120.17,320.0
202606231516,120.2,120.13,120.25,120.13,309.0
202606231517,120.13,120.06,120.18,120.06,426.0
202606231518,120.07,120.08,120.11,119.97,575.0
202606231519,120.08,120.04,120.11,120.03,162.0
202606231520,120.04,119.98,120.05,119.97,501.0
202606231521,119.97,119.87,120.0,119.86,1015.0
202606231522,119.86,119.91,119.94,119.82,542.0
202606231523,119.9,119.96,120.02,119.9,244.0
202606231524,119.96,119.93,120.0,119.92,306.0
202606231525,119.92,119.85,119.92,119.83,211.0
202606231526,119.87,119.88,119.9,119.86,150.0
202606231527,119.88,119.88,119.92,119.84,179.0
202606231528,119.89,119.89,119.93,119.87,271.0
202606231529,119.89,119.89,119.91,119.82,157.0
202606231530,119.88,119.94,119.97,119.88,161.0
202606231531,119.95,119.97,119.97,119.83,511.0
202606231532,119.98,119.9,119.98,119.89,183.0
202606231533,119.9,119.92,119.94,119.88,224.0
202606231534,119.91,119.84,119.91,119.84,174.0
202606231535,119.84,119.89,119.95,119.83,176.0
202606231536,119.89,119.82,119.89,119.8,308.0
202606231537,119.82,119.89,119.92,119.81,171.0
202606231538,119.89,119.84,119.91,119.83,370.0
202606231539,119.84,119.83,119.85,119.81,82.0
202606231540,119.8,119.89,119.9,119.8,165.0
202606231541,119.89,119.97,119.97,119.86,202.0
202606231542,119.96,119.97,119.99,119.92,187.0
202606231543,119.98,119.97,120.0,119.94,197.0
202606231544,119.96,120.01,120.05,119.94,241.0
202606231545,120.0,119.92,120.01,119.9,214.0
202606231546,119.91,119.86,119.94,119.83,390.0
202606231547,119.86,119.91,119.91,119.84,231.0
202606231548,119.91,119.98,119.99,119.87,324.0
202606231549,119.98,119.98,120.02,119.94,200.0
202606231550,119.98,120.01,120.03,119.9,306.0
202606231551,120.02,119.97,120.04,119.96,124.0
202606231552,119.98,119.92,119.99,119.92,154.0
202606231553,119.94,119.89,119.96,119.87,138.0
202606231554,119.89,119.88,119.89,119.85,90.0
202606231555,119.88,119.88,119.91,119.85,137.0
202606231556,119.87,119.8,119.87,119.78,124.0
202606231557,119.8,119.82,119.82,119.76,139.0
202606231558,119.81,119.84,119.84,119.79,130.0
202606231559,119.85,119.84,119.85,119.81,135.0
202606231600,119.83,119.74,119.85,119.73,167.0
202606231601,119.74,119.68,119.76,119.66,191.0
202606231602,119.68,119.66,119.69,119.63,151.0
202606231603,119.65,119.64,119.68,119.62,197.0
202606231604,119.66,119.61,119.68,119.53,125.0
202606231605,119.64,119.7,119.71,119.64,152.0
202606231606,119.7,119.73,119.74,119.69,129.0
202606231607,119.72,119.68,119.75,119.67,232.0
202606231608,119.68,119.58,119.68,119.56,92.0
202606231609,119.55,119.56,119.6,119.53,127.0
202606231610,119.57,119.54,119.58,119.51,111.0
202606231611,119.53,119.47,119.54,119.46,164.0
202606231612,119.47,119.53,119.54,119.46,84.0
202606231613,119.53,119.53,119.55,119.48,108.0
202606231614,119.54,119.63,119.65,119.53,122.0
202606231615,119.62,119.7,119.72,119.62,150.0
202606231616,119.7,119.63,119.73,119.61,188.0
202606231617,119.63,119.66,119.68,119.62,103.0
202606231618,119.63,119.68,119.69,119.63,85.0
202606231619,119.67,119.69,119.69,119.63,125.0
202606231620,119.69,119.74,119.74,119.66,187.0
202606231621,119.75,119.75,119.77,119.72,254.0
202606231622,119.76,119.73,119.78,119.72,102.0
202606231623,119.72,119.73,119.76,119.72,117.0
202606231624,119.73,119.7,119.76,119.68,113.0
202606231625,119.71,119.64,119.72,119.64,80.0
202606231626,119.65,119.68,119.69,119.65,63.0
202606231627,119.69,119.7,119.72,119.68,78.0
202606231628,119.7,119.67,119.71,119.67,111.0
202606231629,119.67,119.66,119.67,119.63,107.0
202606231630,119.66,119.68,119.72,119.64,196.0
202606231631,119.68,119.73,119.76,119.68,174.0
202606231632,119.73,119.71,119.73,119.7,104.0
202606231633,119.71,119.71,119.73,119.7,88.0
202606231634,119.72,119.68,119.73,119.68,88.0
202606231635,119.68,119.68,119.71,119.67,129.0
202606231636,119.68,119.76,119.76,119.67,134.0
202606231637,119.75,119.72,119.76,119.72,124.0
202606231638,119.73,119.72,119.73,119.7,108.0
202606231639,119.72,119.69,119.73,119.68,105.0
202606231640,119.69,119.72,119.72,119.68,136.0
202606231641,119.72,119.73,119.76,119.7,122.0
202606231642,119.73,119.59,119.73,119.59,112.0
202606231643,119.59,119.58,119.62,119.57,120.0
202606231644,119.59,119.53,119.6,119.53,160.0
202606231645,119.53,119.56,119.6,119.53,134.0
202606231646,119.55,119.53,119.56,119.48,92.0
202606231647,119.53,119.44,119.55,119.41,143.0
202606231648,119.43,119.5,119.51,119.42,89.0
202606231649,119.5,119.49,119.52,119.48,50.0
202606231650,119.5,119.52,119.55,119.49,172.0
202606231651,119.53,119.54,119.58,119.51,103.0
202606231652,119.54,119.59,119.59,119.53,133.0
202606231653,119.6,119.66,119.68,119.59,204.0
202606231654,119.66,119.71,119.72,119.66,136.0
202606231655,119.71,119.7,119.73,119.69,165.0
202606231656,119.7,119.73,119.75,119.69,140.0
202606231657,119.72,119.64,119.73,119.64,126.0
202606231658,119.64,119.58,119.65,119.56,128.0
202606231659,119.58,119.58,119.62,119.58,312.0
202606231700,119.57,119.54,119.59,119.53,70.0
202606231701,119.53,119.58,119.59,119.53,136.0
202606231702,119.57,119.59,119.62,119.57,168.0
202606231703,119.6,119.58,119.6,119.55,189.0
202606231704,119.58,119.51,119.59,119.51,93.0
202606231705,119.53,119.49,119.55,119.49,159.0
202606231706,119.5,119.53,119.53,119.5,163.0
202606231707,119.52,119.52,119.54,119.48,214.0
202606231708,119.52,119.53,119.54,119.52,51.0
202606231709,119.53,119.55,119.56,119.51,242.0
202606231710,119.55,119.59,119.6,119.55,179.0
202606231711,119.58,119.62,119.63,119.56,166.0
202606231712,119.62,119.52,119.62,119.51,140.0
202606231713,119.52,119.51,119.53,119.5,83.0
202606231714,119.52,119.5,119.53,119.5,159.0
202606231715,119.49,119.48,119.5,119.47,86.0
202606231716,119.49,119.51,119.53,119.46,167.0
202606231717,119.52,119.45,119.52,119.45,117.0
202606231718,119.45,119.47,119.47,119.43,124.0
202606231719,119.46,119.49,119.57,119.46,293.0
202606231720,119.5,119.53,119.54,119.5,114.0
202606231721,119.53,119.55,119.58,119.53,207.0
202606231722,119.55,119.48,119.55,119.48,90.0
202606231723,119.49,119.48,119.51,119.48,122.0
202606231724,119.48,119.47,119.51,119.45,166.0
202606231725,119.47,119.47,119.48,119.44,76.0
202606231726,119.47,119.46,119.47,119.43,61.0
202606231727,119.46,119.47,119.52,119.46,319.0
202606231728,119.47,119.41,119.47,119.39,168.0
202606231729,119.42,119.41,119.44,119.4,79.0
202606231730,119.43,119.42,119.44,119.39,108.0
202606231731,119.42,119.53,119.55,119.42,103.0
202606231732,119.52,119.49,119.55,119.45,663.0
202606231733,119.5,119.63,119.67,119.5,358.0
202606231734,119.63,119.61,119.64,119.58,99.0
202606231735,119.62,119.64,119.65,119.62,105.0
202606231736,119.65,119.65,119.71,119.63,178.0
202606231737,119.64,119.66,119.69,119.64,93.0
202606231738,119.65,119.63,119.65,119.6,166.0
202606231739,119.63,119.62,119.66,119.58,132.0
202606231740,119.61,119.65,119.67,119.61,93.0
202606231741,119.66,119.66,119.67,119.65,72.0
202606231742,119.66,119.7,119.73,119.64,212.0
202606231743,119.7,119.68,119.72,119.67,129.0
202606231744,119.68,119.7,119.71,119.66,80.0
202606231745,119.69,119.72,119.74,119.68,107.0
202606231746,119.72,119.72,119.76,119.68,711.0
202606231747,119.73,119.73,119.75,119.71,101.0
202606231748,119.73,119.72,119.74,119.7,60.0
202606231749,119.73,119.75,119.75,119.73,151.0
202606231750,119.74,119.71,119.74,119.7,122.0
202606231751,119.71,119.7,119.76,119.7,155.0
202606231752,119.72,119.76,119.77,119.72,118.0
202606231753,119.77,119.76,119.79,119.74,182.0
202606231754,119.76,119.7,119.8,119.7,136.0
202606231755,119.71,119.7,119.73,119.7,104.0
202606231756,119.71,119.69,119.72,119.69,144.0
202606231757,119.69,119.69,119.7,119.65,171.0
202606231758,119.7,119.73,119.75,119.7,119.0
202606231759,119.74,119.77,119.79,119.73,164.0
202606231800,119.78,119.74,119.8,119.72,151.0
202606231801,119.74,119.64,119.79,119.64,191.0
202606231802,119.64,119.6,119.66,119.6,85.0
202606231803,119.6,119.61,119.61,119.54,206.0
202606231804,119.61,119.68,119.69,119.6,127.0
202606231805,119.68,119.62,119.69,119.61,188.0
202606231806,119.62,119.61,119.63,119.55,195.0
202606231807,119.6,119.53,119.6,119.5,248.0
202606231808,119.52,119.49,119.52,119.47,103.0
202606231809,119.5,119.47,119.51,119.47,126.0
202606231810,119.47,119.49,119.51,119.47,96.0
202606231811,119.49,119.55,119.61,119.48,211.0
202606231812,119.54,119.51,119.56,119.51,172.0
202606231813,119.51,119.57,119.57,119.51,160.0
202606231814,119.58,119.59,119.62,119.57,124.0
202606231815,119.59,119.61,119.63,119.58,73.0
202606231816,119.61,119.63,119.65,119.6,118.0
202606231817,119.63,119.66,119.67,119.63,119.0
202606231818,119.64,119.67,119.67,119.64,115.0
202606231819,119.68,119.64,119.71,119.64,223.0
202606231820,119.64,119.64,119.65,119.6,282.0
202606231821,119.63,119.59,119.65,119.58,131.0
202606231822,119.59,119.55,119.6,119.54,113.0
202606231823,119.55,119.54,119.56,119.52,170.0
202606231824,119.54,119.51,119.56,119.51,92.0
202606231825,119.51,119.42,119.52,119.42,81.0
202606231826,119.42,119.45,119.46,119.38,149.0
202606231827,119.46,119.39,119.47,119.39,170.0
202606231828,119.4,119.45,119.45,119.35,152.0
202606231829,119.45,119.44,119.48,119.43,51.0
202606231830,119.4,119.44,119.48,119.38,140.0
202606231831,119.44,119.54,119.61,119.4,1531.0
202606231832,119.54,119.65,119.65,119.47,478.0
202606231833,119.6,119.5,119.7,119.5,719.0
202606231834,119.5,119.58,119.6,119.5,146.0
202606231835,119.58,119.63,119.64,119.54,347.0
202606231836,119.63,119.63,119.65,119.61,110.0
202606231837,119.64,119.64,119.66,119.62,133.0
202606231838,119.63,119.62,119.66,119.59,526.0
202606231839,119.61,119.65,119.67,119.59,170.0
202606231840,119.64,119.65,119.69,119.62,164.0
202606231841,119.64,119.73,119.75,119.62,277.0
202606231842,119.73,119.68,119.75,119.68,186.0
202606231843,119.68,119.72,119.74,119.66,215.0
202606231844,119.72,119.74,119.76,119.71,183.0
202606231845,119.76,119.6,119.77,119.58,617.0
202606231846,119.6,119.55,119.6,119.51,153.0
202606231847,119.54,119.56,119.58,119.5,144.0
202606231848,119.57,119.52,119.58,119.5,172.0
202606231849,119.52,119.52,119.59,119.48,324.0
202606231850,119.53,119.55,119.55,119.49,233.0
202606231851,119.54,119.59,119.6,119.5,309.0
202606231852,119.61,119.54,119.62,119.53,176.0
202606231853,119.54,119.52,119.55,119.47,102.0
202606231854,119.52,119.47,119.53,119.46,171.0
202606231855,119.49,119.45,119.51,119.45,122.0
202606231856,119.47,119.42,119.48,119.42,163.0
202606231857,119.41,119.41,119.44,119.38,95.0
202606231858,119.41,119.39,119.43,119.39,271.0
202606231859,119.42,119.36,119.43,119.36,187.0
202606231900,119.38,119.4,119.41,119.34,157.0
202606231901,119.41,119.34,119.44,119.28,206.0
202606231902,119.33,119.28,119.38,119.28,168.0
202606231903,119.3,119.3,119.33,119.23,368.0
202606231904,119.3,119.35,119.35,119.29,212.0
202606231905,119.36,119.41,119.44,119.34,197.0
202606231906,119.41,119.4,119.41,119.36,329.0
202606231907,119.4,119.4,119.42,119.38,355.0
202606231908,119.4,119.49,119.57,119.4,887.0
202606231909,119.5,119.5,119.51,119.45,181.0
202606231910,119.49,119.43,119.5,119.42,249.0
202606231911,119.43,119.41,119.44,119.39,186.0
202606231912,119.4,119.28,119.41,119.28,148.0
202606231913,119.3,119.25,119.31,119.18,551.0
202606231914,119.24,119.27,119.27,119.22,221.0
202606231915,119.26,119.23,119.28,119.22,435.0
202606231916,119.24,119.21,119.25,119.2,280.0
202606231917,119.21,119.2,119.22,119.14,437.0
202606231918,119.19,119.2,119.21,119.14,267.0
202606231919,119.19,119.2,119.23,119.17,282.0
202606231920,119.19,119.25,119.25,119.16,302.0
202606231921,119.22,119.24,119.27,119.22,153.0
202606231922,119.24,119.39,119.39,119.24,592.0
202606231923,119.41,119.39,119.41,119.36,295.0
202606231924,119.4,119.34,119.4,119.29,174.0
202606231925,119.33,119.38,119.41,119.33,119.0
202606231926,119.37,119.47,119.51,119.35,189.0
202606231927,119.48,119.5,119.5,119.45,261.0
202606231928,119.49,119.45,119.49,119.42,218.0
202606231929,119.45,119.45,119.47,119.41,286.0
202606231930,119.47,119.58,119.58,119.43,298.0
202606231931,119.57,119.55,119.68,119.53,957.0
202606231932,119.55,119.54,119.58,119.49,279.0
202606231933,119.53,119.45,119.56,119.42,200.0
202606231934,119.46,119.53,119.54,119.4,847.0
202606231935,119.53,119.56,119.61,119.53,389.0
202606231936,119.56,119.59,119.59,119.52,344.0
202606231937,119.59,119.54,119.64,119.53,317.0
202606231938,119.54,119.49,119.54,119.47,280.0
202606231939,119.5,119.54,119.54,119.46,285.0
202606231940,119.53,119.6,119.62,119.53,245.0
202606231941,119.59,119.67,119.68,119.58,291.0
202606231942,119.66,119.65,119.75,119.64,273.0
202606231943,119.65,119.62,119.72,119.59,1183.0
202606231944,119.61,119.63,119.66,119.59,309.0
202606231945,119.63,119.82,119.87,119.62,3154.0
202606231946,119.82,119.73,119.83,119.71,455.0
202606231947,119.73,119.56,119.73,119.55,360.0
202606231948,119.55,119.61,119.65,119.52,641.0
202606231949,119.59,119.68,119.7,119.52,391.0
202606231950,119.7,119.7,119.71,119.52,596.0
202606231951,119.72,119.67,119.74,119.6,630.0
202606231952,119.66,119.6,119.77,119.6,1061.0
202606231953,119.63,119.81,119.89,119.62,1370.0
202606231954,119.81,119.91,119.97,119.8,986.0
202606231955,119.9,119.77,119.92,119.52,2034.0
202606231956,119.78,119.78,119.83,119.74,850.0
202606231957,119.78,119.64,119.82,119.64,1345.0
202606231958,119.64,119.66,119.71,119.63,2360.0
202606231959,119.66,119.42,119.72,119.37,5376.0
202606232000,119.42,119.51,119.54,119.42,54465.0
202606232001,119.51,119.51,119.51,119.51,0.0
202606232002,119.51,119.51,119.51,119.51,0.0
202606232003,119.51,119.51,119.51,119.51,0.0
202606232004,119.51,119.51,119.51,119.51,0.0
202606232005,119.4,119.5,119.5,119.4,7.0
202606232006,119.45,119.45,119.45,119.45,1.0
202606232007,119.45,119.45,119.45,119.45,0.0
202606232008,119.45,119.45,119.45,119.45,0.0
202606232009,119.45,119.45,119.45,119.45,0.0
202606232010,119.45,119.45,119.45,119.45,0.0
202606232011,119.55,119.52,119.55,119.5,5.0
202606232012,119.47,119.47,119.47,119.46,1.0
202606232013,119.47,119.47,119.47,119.47,0.0
202606232014,119.47,119.47,119.47,119.47,0.0
202606232015,119.47,119.47,119.47,119.47,0.0
202606232016,119.47,119.47,119.47,119.47,0.0
202606232017,119.47,119.47,119.47,119.47,0.0
202606232018,119.47,119.47,119.47,119.47,0.0
202606232019,119.5,119.5,119.5,119.5,2.0
202606232020,119.48,119.48,119.49,119.48,1.0
202606232021,119.48,119.48,119.48,119.48,0.0
202606232022,119.47,119.47,119.48,119.47,2.0
202606232023,119.47,119.47,119.47,119.47,2.0
202606232024,119.47,119.47,119.47,119.47,0.0
202606232025,119.35,119.35,119.35,119.35,10.0
202606232026,119.35,119.35,119.35,119.35,0.0
202606232027,119.35,119.35,119.35,119.35,0.0
202606232028,119.35,119.35,119.35,119.35,0.0
202606232029,119.35,119.35,119.35,119.35,0.0
202606232030,119.35,119.35,119.35,119.35,0.0
202606232031,119.35,119.35,119.35,119.35,0.0
202606232032,119.35,119.35,119.35,119.35,0.0
202606232033,119.35,119.35,119.35,119.35,0.0
202606232034,119.35,119.35,119.35,119.35,0.0
202606232035,119.4,119.4,119.4,119.4,1.0
202606232036,119.4,119.4,119.4,119.4,0.0
202606232037,119.4,119.4,119.4,119.4,0.0
202606232038,119.4,119.4,119.4,119.4,0.0
202606232039,119.4,119.4,119.4,119.4,0.0
202606232040,119.4,119.4,119.4,119.4,0.0
202606232041,119.42,119.42,119.43,119.42,2.0
202606232042,119.42,119.42,119.42,119.42,0.0
202606232043,119.42,119.42,119.42,119.42,0.0
202606232044,119.42,119.42,119.42,119.42,0.0
202606232045,119.42,119.42,119.42,119.42,1.0
202606232046,119.42,119.42,119.42,119.42,0.0
202606232047,119.42,119.42,119.42,119.42,0.0
202606232048,119.42,119.42,119.42,119.42,0.0
202606232049,119.42,119.42,119.42,119.42,0.0
202606232050,119.42,119.42,119.42,119.42,0.0
202606232051,119.39,119.39,119.39,119.38,2.0
202606232052,119.4,119.4,119.4,119.4,1.0
202606232053,119.4,119.4,119.4,119.4,0.0
202606232054,119.4,119.4,119.4,119.4,0.0
202606232055,119.4,119.4,119.4,119.4,0.0
202606232056,119.42,119.47,119.48,119.42,5.0
202606232057,119.47,119.47,119.47,119.47,0.0
202606232058,119.43,119.43,119.43,119.43,2.0
202606232059,119.43,119.43,119.43,119.43,0.0
202606232100,119.43,119.43,119.43,119.43,0.0
202606232101,119.43,119.43,119.43,119.43,0.0
202606232102,119.43,119.43,119.43,119.43,0.0
202606232103,119.43,119.43,119.43,119.43,0.0
202606232104,119.43,119.43,119.43,119.43,0.0
202606232105,119.43,119.43,119.43,119.43,0.0
202606232106,119.43,119.43,119.43,119.43,0.0
202606232107,119.43,119.43,119.43,119.43,0.0
202606232108,119.43,119.43,119.43,119.43,0.0
202606232109,119.43,119.43,119.43,119.43,0.0
202606232110,119.43,119.43,119.43,119.43,0.0
202606232111,119.43,119.43,119.43,119.43,0.0
202606232112,119.46,119.46,119.46,119.46,2.0
202606232113,119.46,119.46,119.46,119.46,0.0
202606232114,119.5,119.5,119.5,119.5,1.0
202606232115,119.5,119.5,119.5,119.5,0.0
202606232116,119.5,119.5,119.5,119.5,0.0
202606232117,119.5,119.5,119.5,119.5,0.0
202606232118,119.5,119.5,119.5,119.5,0.0
202606232119,119.5,119.5,119.5,119.5,0.0
202606232120,119.5,119.5,119.5,119.5,0.0
202606232121,119.5,119.5,119.5,119.5,0.0
202606232122,119.5,119.5,119.5,119.5,0.0
202606232123,119.5,119.5,119.5,119.5,0.0
202606232124,119.5,119.5,119.5,119.5,0.0
202606232125,119.5,119.5,119.5,119.5,0.0
202606232126,119.4,119.4,119.41,119.4,1.0
202606232127,119.4,119.4,119.4,119.4,0.0
202606232128,119.4,119.4,119.4,119.4,0.0
202606232129,119.41,119.41,119.42,119.41,1.0
202606232130,119.43,119.43,119.43,119.43,1.0
202606232131,119.49,119.49,119.5,119.49,1.0
202606232132,119.43,119.43,119.43,119.43,1.0
202606232133,119.43,119.43,119.43,119.43,0.0
202606232134,119.48,119.48,119.49,119.48,1.0
202606232135,119.48,119.48,119.48,119.48,0.0
202606232136,119.48,119.48,119.48,119.48,0.0
202606232137,119.48,119.48,119.48,119.48,0.0
202606232138,119.47,119.47,119.47,119.46,4.0
202606232139,119.47,119.47,119.47,119.47,0.0
202606232140,119.47,119.47,119.47,119.47,0.0
202606232141,119.47,119.47,119.47,119.47,0.0
202606232142,119.47,119.47,119.47,119.47,0.0
202606232143,119.47,119.47,119.47,119.47,0.0
202606232144,119.45,119.45,119.45,119.45,2.0
202606232145,119.45,119.45,119.45,119.45,0.0
202606232146,119.45,119.45,119.45,119.45,0.0
202606232147,119.45,119.45,119.45,119.45,0.0
202606232148,119.45,119.45,119.45,119.45,0.0
202606232149,119.45,119.45,119.45,119.45,0.0
202606232150,119.45,119.45,119.45,119.45,0.0
202606232151,119.45,119.45,119.45,119.45,0.0
202606232152,119.45,119.45,119.45,119.45,0.0
202606232153,119.45,119.45,119.45,119.45,0.0
202606232154,119.45,119.45,119.45,119.45,0.0
202606232155,119.45,119.45,119.45,119.45,0.0
202606232156,119.45,119.45,119.45,119.45,0.0
202606232157,119.45,119.45,119.45,119.45,0.0
202606232158,119.45,119.45,119.45,119.45,0.0
202606232159,119.45,119.45,119.45,119.45,0.0
202606232200,119.45,119.45,119.45,119.45,0.0
202606232201,119.45,119.45,119.45,119.45,0.0
202606232202,119.45,119.45,119.45,119.45,0.0
202606232203,119.5,119.5,119.5,119.5,2.0
202606232204,119.5,119.5,119.5,119.5,0.0
202606232205,119.5,119.5,119.5,119.5,0.0
202606232206,119.5,119.5,119.5,119.5,0.0
202606232207,119.5,119.5,119.5,119.5,0.0
202606232208,119.5,119.5,119.5,119.5,0.0
202606232209,119.5,119.5,119.5,119.5,0.0
202606232210,119.5,119.5,119.5,119.5,0.0
202606232211,119.5,119.5,119.5,119.5,0.0
202606232212,119.5,119.5,119.5,119.5,0.0
202606232213,119.5,119.5,119.5,119.5,0.0
202606232214,119.5,119.5,119.5,119.5,0.0
202606232215,119.5,119.5,119.5,119.5,0.0
202606232216,119.5,119.5,119.5,119.5,0.0
202606232217,119.5,119.5,119.5,119.5,0.0
202606232218,119.5,119.5,119.5,119.5,0.0
202606232219,119.5,119.5,119.5,119.5,0.0
202606232220,119.5,119.5,119.5,119.5,0.0
202606232221,119.41,119.41,119.42,119.41,1.0
202606232222,119.41,119.41,119.41,119.41,0.0
202606232223,119.39,119.39,119.39,119.39,1.0
202606232224,119.39,119.39,119.39,119.39,0.0
202606232225,119.39,119.39,119.39,119.39,0.0
202606232226,119.39,119.39,119.39,119.39,0.0
202606232227,119.39,119.39,119.39,119.39,0.0
202606232228,119.39,119.39,119.39,119.39,0.0
202606232229,119.39,119.39,119.39,119.39,0.0
202606232230,119.39,119.39,119.39,119.39,0.0
202606232231,119.39,119.39,119.39,119.39,0.0
202606232232,119.39,119.39,119.39,119.39,0.0
202606232233,119.39,119.39,119.39,119.39,0.0
202606232234,119.23,119.0,119.23,119.0,5.0
202606232235,119.0,119.0,119.0,119.0,0.0
202606232236,119.33,119.33,119.33,119.33,1.0
202606232237,119.33,119.33,119.33,119.33,0.0
202606232238,119.33,119.33,119.33,119.33,0.0
202606232239,119.33,119.33,119.33,119.33,0.0
202606232240,119.33,119.33,119.33,119.33,0.0
202606232241,119.33,119.33,119.33,119.33,0.0
202606232242,119.33,119.33,119.33,119.33,0.0
202606232243,119.33,119.33,119.33,119.33,0.0
202606232244,119.33,119.33,119.33,119.33,0.0
202606232245,119.29,119.29,119.29,119.29,1.0
202606232246,119.1,119.1,119.11,119.1,1.0
202606232247,119.29,119.29,119.29,119.29,1.0
202606232248,119.29,119.29,119.29,119.29,0.0
202606232249,119.03,119.03,119.03,119.02,10.0
202606232250,119.03,119.03,119.03,119.03,0.0
202606232251,119.03,119.03,119.03,119.03,0.0
202606232252,119.03,119.03,119.03,119.03,0.0
202606232253,119.03,119.03,119.03,119.03,0.0
202606232254,119.03,119.03,119.03,119.03,0.0
202606232255,119.03,119.03,119.03,119.03,0.0
202606232256,119.03,119.03,119.03,119.03,0.0
202606232257,119.03,119.03,119.03,119.03,0.0
202606232258,119.03,119.03,119.03,119.03,0.0
202606232259,119.03,119.03,119.03,119.03,0.0
202606232300,119.03,119.03,119.03,119.03,0.0
202606232301,119.03,119.03,119.03,119.03,0.0
202606232302,119.03,119.03,119.03,119.03,0.0
202606232303,119.03,119.03,119.03,119.03,0.0
202606232304,119.03,119.03,119.03,119.03,0.0
202606232305,119.03,119.03,119.03,119.03,0.0
202606232306,119.03,119.03,119.03,119.03,0.0
202606232307,119.03,119.03,119.03,119.03,0.0
202606232308,119.03,119.03,119.03,119.03,0.0
202606232309,119.03,119.03,119.03,119.03,0.0
202606232310,119.03,119.03,119.03,119.03,0.0
202606232311,119.03,119.03,119.03,119.03,0.0
202606232312,119.1,119.1,119.1,119.1,5.0
202606232313,119.1,119.1,119.1,119.1,0.0
202606232314,119.1,119.1,119.1,119.1,0.0
202606232315,119.21,119.21,119.22,119.21,1.0
202606232316,119.21,119.21,119.21,119.21,0.0
202606232317,119.21,119.21,119.21,119.21,0.0
202606232318,119.21,119.21,119.21,119.21,0.0
202606232319,119.21,119.21,119.21,119.21,0.0
202606232320,119.21,119.21,119.21,119.21,0.0
202606232321,119.21,119.21,119.21,119.21,0.0
202606232322,119.21,119.21,119.21,119.21,0.0
202606232323,119.21,119.21,119.21,119.21,0.0
202606232324,119.21,119.21,119.21,119.21,0.0
202606232325,119.21,119.21,119.21,119.21,0.0
202606232326,119.21,119.21,119.21,119.21,0.0
202606232327,119.21,119.21,119.21,119.21,0.0
202606232328,119.21,119.21,119.21,119.21,0.0
202606232329,119.21,119.21,119.21,119.21,0.0
202606232330,119.21,119.21,119.21,119.21,0.0
202606232331,119.21,119.21,119.21,119.21,0.0
202606232332,119.21,119.21,119.21,119.21,0.0
202606232333,119.21,119.21,119.21,119.21,0.0
202606232334,119.21,119.21,119.21,119.21,0.0
202606232335,119.21,119.21,119.21,119.21,0.0
202606232336,119.21,119.21,119.21,119.21,0.0
202606232337,119.21,119.21,119.21,119.21,0.0
202606232338,119.21,119.21,119.21,119.21,0.0
202606232339,119.21,119.21,119.21,119.21,0.0
202606232340,119.21,119.21,119.21,119.21,0.0
202606232341,119.21,119.21,119.21,119.21,0.0
202606232342,119.21,119.21,119.21,119.21,0.0
202606232343,119.28,119.3,119.3,119.28,7.0
202606232344,119.3,119.3,119.3,119.3,0.0
202606232345,119.3,119.3,119.3,119.3,0.0
202606232346,119.3,119.3,119.3,119.3,0.0
202606232347,119.3,119.3,119.3,119.3,0.0
202606232348,119.2,119.2,119.21,119.2,1.0
202606232349,119.2,119.2,119.2,119.2,0.0
202606232350,119.2,119.2,119.2,119.2,0.0
202606232351,119.2,119.2,119.2,119.2,0.0
202606232352,119.2,119.2,119.2,119.2,0.0
202606232353,119.2,119.2,119.2,119.2,0.0
202606232354,119.2,119.2,119.2,119.2,0.0
202606232355,119.38,119.38,119.38,119.38,1.0
202606232356,119.38,119.38,119.38,119.38,0.0
202606232357,119.38,119.38,119.38,119.38,0.0
202606232358,119.38,119.38,119.38,119.38,0.0
202606232359,119.38,119.38,119.38,119.38,0.0
202606240800,118.6472,119.2637,119.42,118.6322,0.0
202606240801,119.07,118.93,119.24,118.64,0.0
202606240802,118.75,118.75,118.75,118.75,0.0
202606240803,119.0,119.0,119.01,119.0,0.0
202606240805,118.82,119.16,119.19,118.82,0.0
202606240806,119.02,119.02,119.02,119.02,0.0
202606240809,118.6537,118.6537,118.6537,118.6537,0.0
202606240812,119.03,119.03,119.03,119.03,0.0
202606240814,118.82,118.82,118.82,118.82,0.0
202606240817,119.01,119.01,119.28,119.01,0.0
202606240818,119.01,119.0,119.01,119.0,0.0
202606240819,118.75,118.75,118.75,118.75,0.0
202606240820,119.2637,119.2637,119.2637,119.2637,0.0
202606240821,118.95,118.95,118.95,118.95,0.0
202606240822,118.95,118.95,118.95,118.95,0.0
202606240827,118.95,118.95,118.95,118.95,0.0
202606240828,118.81,118.81,118.81,118.81,0.0
202606240835,118.89,118.94,118.94,118.89,0.0
202606240837,118.89,118.89,118.89,118.89,0.0
202606240838,119.0,119.0,119.0,119.0,0.0
202606240841,118.7791,118.7791,118.7791,118.7791,0.0
202606240843,118.7856,118.7856,118.7856,118.7856,0.0
202606240849,118.7012,119.05,119.05,118.7012,0.0
202606240855,118.9,118.9,118.9,118.9,0.0
202606240857,118.9,118.9,118.9,118.9,0.0
202606240901,118.95,118.95,118.95,118.95,0.0
202606240908,118.95,118.95,118.95,118.95,0.0
202606240912,118.714,118.714,118.714,118.714,0.0
202606240917,119.2788,119.2788,119.2788,119.2788,0.0
202606240918,118.83,118.83,118.83,118.83,0.0
202606240919,118.8,118.83,118.83,118.8,0.0
202606240929,118.82,118.82,118.82,118.82,0.0
202606240933,118.8,118.8,118.8,118.8,0.0
202606240949,118.8425,118.8425,118.8425,118.8425,0.0
202606241003,118.8674,118.8674,118.8674,118.8674,0.0
202606241005,118.91,118.84,118.91,118.84,0.0
202606241007,118.93,118.93,118.93,118.93,0.0
202606241009,118.8631,118.8631,118.8631,118.8631,0.0
202606241017,118.93,118.93,118.93,118.93,0.0
202606241024,118.9,118.9,118.9,118.9,0.0
202606241031,118.84,118.84,118.84,118.84,0.0
202606241035,118.84,118.84,118.84,118.84,0.0
202606241037,118.9997,118.9997,118.9997,118.9997,0.0
202606241038,119.05,118.8329,119.05,118.81,0.0
202606241049,118.8428,118.8428,118.8428,118.8428,0.0
202606241055,118.88,118.88,118.88,118.88,0.0
202606241056,118.86,118.86,118.86,118.86,0.0
202606241057,118.86,118.95,119.0502,118.85,0.0
202606241059,118.96,118.96,118.96,118.96,0.0
202606241100,119.1,118.92,119.13,118.85,0.0
202606241101,118.908,119.09,119.09,118.908,0.0
202606241102,118.98,119.02,119.06,118.98,0.0
202606241103,118.97,119.0584,119.0584,118.9145,0.0
202606241104,118.9334,118.9682,119.01,118.9334,0.0
202606241105,118.95,118.95,118.95,118.95,0.0
202606241106,119.0,119.03,119.08,119.0,0.0
202606241107,118.91,119.0,119.0,118.91,0.0
202606241108,118.92,118.93,118.99,118.91,0.0
202606241109,118.97,118.96,118.97,118.93,0.0
202606241110,118.92,118.91,118.9883,118.91,0.0
202606241111,118.987,118.97,118.987,118.93,0.0
202606241112,118.93,118.98,118.9988,118.9,0.0
202606241113,118.93,118.91,118.97,118.91,0.0
202606241114,118.92,118.91,118.97,118.91,0.0
202606241115,118.94,118.92,119.0,118.92,0.0
202606241116,118.96,118.98,119.0,118.95,0.0
202606241117,118.93,118.91,118.94,118.91,0.0
202606241118,119.0,118.94,119.0,118.94,0.0
202606241119,118.98,118.96,118.98,118.9268,0.0
202606241120,118.94,118.98,118.98,118.94,0.0
202606241121,118.94,118.96,118.98,118.94,0.0
202606241122,118.94,118.98,118.98,118.94,0.0
202606241123,118.95,118.94,118.98,118.94,0.0
202606241124,118.98,118.98,119.0,118.95,0.0
202606241125,118.94,118.94,118.98,118.94,0.0
202606241126,118.9,118.97,118.97,118.9,0.0
202606241127,118.9,118.98,118.98,118.9,0.0
202606241128,119.0,118.97,119.0,118.97,0.0
202606241129,118.94,118.97,118.97,118.9,0.0
202606241130,118.9,118.93,118.97,118.9,0.0
202606241131,119.0,119.0,119.0,118.96,0.0
202606241132,118.96,118.98,118.98,118.96,0.0
202606241133,118.98,118.96,118.98,118.96,0.0
202606241134,118.98,118.97,118.98,118.97,0.0
202606241135,118.94,118.99,118.99,118.94,0.0
202606241136,118.98,118.98,118.98,118.98,0.0
202606241137,118.98,118.96,118.98,118.96,0.0
202606241138,118.97,118.97,118.97,118.97,0.0
202606241139,119.0,118.9975,119.0,118.97,0.0
202606241140,118.98,118.96,119.0,118.96,0.0
202606241141,118.98,118.9565,118.99,118.9565,0.0
202606241142,118.98,118.98,118.98,118.98,0.0
202606241143,118.95,118.96,119.1,118.95,0.0
202606241144,118.9509,118.9509,118.9509,118.9509,0.0
202606241145,118.95,118.96,118.96,118.95,0.0
202606241146,118.96,118.96,118.98,118.96,0.0
202606241148,118.96,119.02,119.02,118.96,0.0
202606241149,118.95,118.96,118.98,118.95,0.0
202606241150,118.97,118.97,118.97,118.97,0.0
202606241151,118.98,118.95,118.98,118.95,0.0
202606241152,119.0805,118.96,119.1,118.96,0.0
202606241153,119.0,118.95,119.0,118.95,0.0
202606241154,119.1,119.0645,119.1,119.0645,0.0
202606241155,119.05,119.05,119.05,119.05,0.0
202606241156,119.0611,119.04,119.0611,119.04,0.0
202606241157,119.03,119.0614,119.0981,118.95,0.0
202606241158,119.07,119.07,119.07,119.07,0.0
202606241159,119.07,119.0948,119.0948,119.061,0.0
202606241200,119.0612,119.06,119.0612,119.06,0.0
202606241201,118.99,119.01,119.03,118.99,0.0
202606241202,119.07,119.03,119.07,119.0,0.0
202606241203,119.1,119.05,119.1,119.05,0.0
202606241204,119.03,119.07,119.07,119.03,0.0
202606241205,119.04,119.06,119.06,119.04,0.0
202606241206,119.04,119.04,119.0805,119.04,0.0
202606241207,119.07,119.04,119.07,119.04,0.0
202606241208,119.08,119.1,119.1,119.08,0.0
202606241209,119.1,119.05,119.1,118.95,0.0
202606241210,119.09,119.09,119.09,119.09,0.0
202606241211,119.0995,119.0995,119.0995,119.0995,0.0
202606241212,119.09,119.0999,119.0999,119.09,0.0
202606241213,119.07,119.1,119.1,119.07,0.0
202606241214,119.03,119.06,119.06,119.03,0.0
202606241215,119.0805,118.99,119.0805,118.99,0.0
202606241216,119.01,119.07,119.07,119.01,0.0
202606241217,119.03,119.07,119.07,119.03,0.0
202606241218,119.06,119.05,119.08,119.02,0.0
202606241219,119.1,119.05,119.1,119.01,0.0
202606241220,119.05,119.0998,119.1,119.05,0.0
202606241221,119.07,119.07,119.07,119.07,0.0
202606241222,119.07,119.07,119.07,119.07,0.0
202606241223,119.07,119.07,119.07,119.07,0.0
202606241224,119.04,119.04,119.04,119.04,0.0
202606241225,119.04,119.05,119.05,119.04,0.0
202606241226,119.05,119.09,119.09,119.05,0.0
202606241227,119.08,119.08,119.1,119.08,0.0
202606241228,119.03,119.09,119.1,119.03,0.0
202606241229,119.09,119.09,119.09,119.09,0.0
202606241230,119.1,119.09,119.1,119.0,0.0
202606241233,119.09,119.19,119.19,119.09,0.0
202606241234,119.19,119.11,119.19,119.11,0.0
202606241235,119.15,119.11,119.16,119.09,0.0
202606241236,119.11,119.026,119.15,119.026,0.0
202606241237,119.11,119.15,119.15,119.064,0.0
202606241238,119.0987,119.11,119.15,119.0987,0.0
202606241239,119.15,119.19,119.19,119.15,0.0
202606241240,119.2,119.15,119.2,119.12,0.0
202606241241,119.0364,119.09,119.19,119.0364,0.0
202606241242,119.11,119.07,119.11,119.07,0.0
202606241243,119.08,119.08,119.08,119.08,0.0
202606241244,119.06,119.08,119.08,119.06,0.0
202606241245,119.05,119.05,119.07,119.05,0.0
202606241246,119.05,119.05,119.08,119.05,0.0
202606241247,119.08,119.09,119.09,119.05,0.0
202606241248,119.11,119.11,119.11,119.11,0.0
202606241249,119.07,119.1,119.1,119.07,0.0
202606241250,119.06,119.08,119.1,119.05,0.0
202606241251,119.05,119.11,119.11,119.05,0.0
202606241252,119.062,119.09,119.09,119.062,0.0
202606241253,119.08,119.1,119.1,119.06,0.0
202606241254,119.06,119.04,119.11,119.0,0.0
202606241255,119.08,119.07,119.1,119.03,0.0
202606241256,119.03,119.08,119.08,119.03,0.0
202606241257,118.95,119.11,119.11,118.95,0.0
202606241259,119.11,119.09,119.11,119.0404,0.0
202606241300,119.09,119.1044,119.1044,119.07,0.0
202606241301,119.07,119.07,119.07,119.07,0.0
202606241302,119.07,119.11,119.11,119.07,0.0
202606241303,119.08,119.0308,119.11,119.0308,0.0
202606241304,119.06,119.104,119.104,119.05,0.0
202606241305,119.06,119.1,119.1,119.06,0.0
202606241306,119.07,119.09,119.11,119.05,0.0
202606241307,119.09,119.09,119.09,119.09,0.0
202606241308,119.03,119.03,119.03,119.03,0.0
202606241309,119.03,119.18,119.28,119.03,0.0
202606241311,119.03,119.0911,119.22,119.03,0.0
202606241312,119.18,119.13,119.2389,119.03,0.0
202606241313,119.15,119.03,119.15,119.03,0.0
202606241314,119.03,119.25,119.28,119.03,0.0
202606241315,119.09,119.23,119.23,119.04,0.0
202606241316,119.2214,119.25,119.34,119.2214,0.0
202606241317,119.03,119.03,119.03,119.03,0.0
202606241318,119.25,119.25,119.25,119.25,0.0
202606241319,119.23,119.03,119.34,113.06,0.0
202606241320,119.25,119.23,119.25,119.0957,0.0
202606241321,119.2,119.25,119.25,119.2,0.0
202606241322,119.17,119.24,119.24,119.17,0.0
202606241323,119.16,119.24,119.24,119.11,0.0
202606241324,119.16,119.25,119.25,119.03,0.0
202606241325,119.16,119.24,119.24,119.15,0.0
202606241326,118.92,119.16,119.34,118.92,0.0
202606241327,118.92,118.9,119.12,118.9,0.0
202606241328,119.41,119.55,119.55,119.41,0.0
202606241329,119.57,119.52,119.57,119.52,0.0
202606241330,119.71800231933594,119.93000030517578,119.98999786376953,119.51000213623047,401578.0
202606241331,119.94999694824219,120.13999938964844,120.19989776611328,119.91500091552734,76478.0
202606241332,120.12000274658203,119.9800033569336,120.12000274658203,119.73999786376953,63816.0
202606241333,119.95999908447266,120.00499725341797,120.16999816894531,119.8499984741211,102307.0
202606241334,120.00499725341797,120.12999725341797,120.20999908447266,119.98500061035156,36646.0
202606241335,120.08999633789062,119.87999725341797,120.08999633789062,119.81999969482422,100215.0
202606241336,119.91999816894531,120.21240234375,120.21240234375,119.9000015258789,37936.0
202606241337,120.21499633789062,120.19999694824219,120.27999877929688,120.16000366210938,32909.0
202606241338,120.26000213623047,120.19000244140625,120.32499694824219,120.19000244140625,33306.0
202606241339,120.20999908447266,120.20999908447266,120.30000305175781,120.05999755859375,34879.0
202606241340,120.2300033569336,120.27999877929688,120.37999725341797,120.12000274658203,156292.0
202606241341,120.2885971069336,120.29000091552734,120.37999725341797,120.06999969482422,163958.0
202606241342,120.30989837646484,120.32499694824219,120.33999633789062,120.19999694824219,75451.0
202606241343,120.33999633789062,120.19999694824219,120.4000015258789,120.19629669189453,37559.0
202606241344,120.22000122070312,120.22000122070312,120.27999877929688,120.08000183105469,36656.0
202606241345,120.27999877929688,120.05000305175781,120.27999877929688,120.0199966430664,78278.0
202606241346,120.04000091552734,119.94999694824219,120.08999633789062,119.86000061035156,37659.0
202606241347,119.94000244140625,120.01000213623047,120.05999755859375,119.70999908447266,99506.0
202606241348,120.06999969482422,119.88500213623047,120.16000366210938,119.86000061035156,20342.0
202606241349,119.9229965209961,119.80000305175781,119.9229965209961,119.72000122070312,44134.0
202606241350,119.79000091552734,119.81500244140625,119.87989807128906,119.79000091552734,24367.0
202606241351,119.79499816894531,119.7594985961914,119.91000366210938,119.75,26568.0
202606241352,119.79000091552734,119.91000366210938,119.91500091552734,119.76010131835938,28746.0
202606241353,119.91000366210938,119.69999694824219,119.9198989868164,119.69999694824219,19425.0
202606241354,119.68000030517578,119.69999694824219,119.7300033569336,119.62000274658203,41897.0
202606241355,119.68000030517578,119.81999969482422,119.91999816894531,119.68000030517578,20146.0
202606241356,119.82499694824219,119.9000015258789,119.92500305175781,119.82499694824219,23315.0
202606241357,119.88500213623047,119.87000274658203,119.94999694824219,119.83499908447266,18668.0
202606241358,119.8499984741211,119.7300033569336,119.91000366210938,119.70999908447266,58712.0
202606241359,119.70999908447266,119.68000030517578,119.77989959716797,119.68000030517578,29059.0
202606241400,119.7300033569336,119.80999755859375,119.87999725341797,119.7300033569336,53387.0
202606241401,119.83000183105469,119.93000030517578,119.97000122070312,119.7699966430664,45833.0
202606241402,119.92500305175781,119.76000213623047,120.0250015258789,119.72000122070312,50057.0
202606241403,119.80000305175781,119.79000091552734,119.87999725341797,119.75499725341797,22590.0
202606241404,119.79000091552734,119.87000274658203,119.91000366210938,119.77999877929688,27972.0
202606241405,119.83499908447266,119.7699966430664,119.83999633789062,119.66000366210938,41154.0
202606241406,119.73999786376953,119.58499908447266,119.73999786376953,119.55999755859375,19137.0
202606241407,119.5010986328125,119.5,119.54000091552734,119.44999694824219,17203.0
202606241408,119.50499725341797,119.33999633789062,119.50499725341797,119.33999633789062,40363.0
202606241409,119.3499984741211,119.33499908447266,119.36000061035156,119.28399658203125,31253.0
202606241410,119.33499908447266,119.18000030517578,119.36000061035156,119.15489959716797,41674.0
202606241411,119.16000366210938,119.19999694824219,119.22000122070312,119.06999969482422,37016.0
202606241412,119.20500183105469,119.37999725341797,119.41999816894531,119.20500183105469,51967.0
202606241413,119.37000274658203,119.36000061035156,119.43000030517578,119.36000061035156,32263.0
202606241414,119.30000305175781,119.19999694824219,119.31999969482422,119.18000030517578,24485.0
202606241415,119.18000030517578,119.37999725341797,119.37999725341797,119.13999938964844,33919.0
202606241416,119.38999938964844,119.44999694824219,119.52999877929688,119.38999938964844,26029.0
202606241417,119.44999694824219,119.54000091552734,119.55000305175781,119.44000244140625,20695.0
202606241418,119.51000213623047,119.47000122070312,119.5199966430664,119.44000244140625,18162.0
202606241419,119.47000122070312,119.5,119.51000213623047,119.43000030517578,28468.0
202606241420,119.5,119.5,119.5199966430664,119.44999694824219,33691.0
202606241421,119.51000213623047,119.50499725341797,119.52999877929688,119.44000244140625,28752.0
202606241422,119.48999786376953,119.4000015258789,119.54499816894531,119.38710021972656,20838.0
202606241423,119.41999816894531,119.36499786376953,119.45999908447266,119.33999633789062,16166.0
202606241424,119.3499984741211,119.41999816894531,119.41999816894531,119.34010314941406,14180.0
202606241425,119.38980102539062,119.5,119.51000213623047,119.3499984741211,27977.0
202606241426,119.50499725341797,119.5000991821289,119.5199966430664,119.42500305175781,22049.0
202606241427,119.5,119.45999908447266,119.5,119.4000015258789,12102.0
202606241428,119.47989654541016,119.41500091552734,119.4800033569336,119.38999938964844,28240.0
202606241429,119.41500091552734,119.3499984741211,119.41500091552734,119.30000305175781,17549.0
202606241430,119.3301010131836,119.2699966430664,119.3550033569336,119.26499938964844,24110.0
202606241431,119.27999877929688,119.20999908447266,119.29000091552734,119.19000244140625,19773.0
202606241432,119.22000122070312,119.23999786376953,119.31500244140625,119.22000122070312,19039.0
202606241433,119.25,119.31999969482422,119.33000183105469,119.25,23227.0
202606241434,119.30999755859375,119.23999786376953,119.31999969482422,119.20999908447266,22034.0
202606241435,119.23999786376953,119.19999694824219,119.26000213623047,119.19999694824219,17725.0
202606241436,119.19499969482422,119.11499786376953,119.19999694824219,119.11499786376953,14261.0
202606241437,119.12999725341797,119.20999908447266,119.2249984741211,119.11000061035156,20025.0
202606241438,119.2300033569336,119.19499969482422,119.2300033569336,119.1500015258789,16108.0
202606241439,119.20999908447266,119.25499725341797,119.2699966430664,119.16999816894531,34518.0
202606241440,119.26000213623047,119.25499725341797,119.31999969482422,119.23500061035156,19937.0
202606241441,119.2699966430664,119.30000305175781,119.31999969482422,119.24009704589844,25323.0
202606241442,119.30999755859375,119.36000061035156,119.375,119.30999755859375,42893.0
202606241443,119.3550033569336,119.52999877929688,119.52999877929688,119.3550033569336,19957.0
202606241444,119.53500366210938,119.55999755859375,119.5802001953125,119.49500274658203,23812.0
202606241445,119.5999984741211,119.62999725341797,119.62999725341797,119.53500366210938,17375.0
202606241446,119.61499786376953,119.56999969482422,119.66999816894531,119.44499969482422,57795.0
202606241447,119.56999969482422,119.66999816894531,119.66999816894531,119.5,35857.0
202606241448,119.67500305175781,119.77999877929688,119.80999755859375,119.63999938964844,175991.0
202606241449,119.7699966430664,119.80000305175781,119.80999755859375,119.74009704589844,18623.0
202606241450,119.80500030517578,119.93000030517578,119.98500061035156,119.80500030517578,41770.0
202606241451,119.92400360107422,119.97000122070312,119.97000122070312,119.8844985961914,23410.0
202606241452,119.97000122070312,120.03500366210938,120.05999755859375,119.94999694824219,32602.0
202606241453,120.03500366210938,119.9000015258789,120.05500030517578,119.9000015258789,18228.0
202606241454,119.94000244140625,119.94999694824219,119.94999694824219,119.88500213623047,28697.0
202606241455,119.95500183105469,119.9749984741211,120.0,119.94000244140625,16370.0
202606241456,119.98999786376953,119.93000030517578,119.98999786376953,119.88999938964844,14362.0
202606241457,119.92500305175781,119.83000183105469,119.93000030517578,119.83000183105469,13908.0
202606241458,119.87000274658203,119.83999633789062,119.88999938964844,119.77999877929688,26057.0
202606241459,119.83999633789062,119.80999755859375,119.89990234375,119.75,47500.0
202606241500,119.83999633789062,119.77999877929688,119.9800033569336,119.77999877929688,58702.0
202606241501,119.79000091552734,119.80000305175781,119.80999755859375,119.74500274658203,57258.0
202606241502,119.79000091552734,119.69999694824219,119.81999969482422,119.69000244140625,17729.0
202606241503,119.71499633789062,119.74500274658203,119.74500274658203,119.66000366210938,25913.0
202606241504,119.75,119.7249984741211,119.75,119.70999908447266,12266.0
202606241505,119.69499969482422,119.72000122070312,119.80000305175781,119.66999816894531,76102.0
202606241506,119.72989654541016,119.87049865722656,119.8750991821289,119.70999908447266,22200.0
202606241507,119.875,119.83499908447266,119.87999725341797,119.83000183105469,12106.0
202606241508,119.80999755859375,119.80359649658203,119.80999755859375,119.7300033569336,22218.0
202606241509,119.80500030517578,119.72000122070312,119.80999755859375,119.69000244140625,31016.0
202606241510,119.70500183105469,119.68499755859375,119.70500183105469,119.61000061035156,28904.0
202606241511,119.68499755859375,119.69499969482422,119.79000091552734,119.68000030517578,57178.0
202606241512,119.71499633789062,119.73999786376953,119.75,119.70999908447266,14164.0
202606241513,119.73500061035156,119.75,119.77999877929688,119.70999908447266,22485.0
202606241514,119.7300033569336,119.77999877929688,119.77999877929688,119.69999694824219,18770.0
202606241515,119.78500366210938,119.68000030517578,119.80000305175781,119.66999816894531,15072.0
202606241516,119.69000244140625,119.62000274658203,119.69000244140625,119.58000183105469,20935.0
202606241517,119.62999725341797,119.67500305175781,119.68000030517578,119.62000274658203,19347.0
202606241518,119.66999816894531,119.7300033569336,119.7300033569336,119.65499877929688,25048.0
202606241519,119.72000122070312,119.67500305175781,119.73999786376953,119.66999816894531,23926.0
202606241520,119.68000030517578,119.69499969482422,119.72000122070312,119.66500091552734,26473.0
202606241521,119.70999908447266,119.84500122070312,119.86000061035156,119.68499755859375,73576.0
202606241522,119.86499786376953,119.9000015258789,119.91500091552734,119.8208999633789,17592.0
202606241523,119.8499984741211,119.86000061035156,119.87999725341797,119.8499984741211,11008.0
202606241524,119.87000274658203,119.90480041503906,119.94000244140625,119.8572998046875,34928.0
202606241525,119.9000015258789,119.80000305175781,119.9000015258789,119.7699966430664,35758.0
202606241526,119.72000122070312,119.77999877929688,119.77999877929688,119.69920349121094,12312.0
202606241527,119.79000091552734,119.83000183105469,119.87999725341797,119.77010345458984,16823.0
202606241528,119.83000183105469,119.77999877929688,119.87999725341797,119.75,56936.0
202606241529,119.80000305175781,119.7300033569336,119.81999969482422,119.72000122070312,21382.0
202606241530,119.7300033569336,119.76000213623047,119.7699966430664,119.69000244140625,19510.0
202606241531,119.75990295410156,119.73999786376953,119.77989959716797,119.71499633789062,14003.0
202606241532,119.7249984741211,119.73999786376953,119.77999877929688,119.7249984741211,14989.0
202606241533,119.7300033569336,119.68009948730469,119.7300033569336,119.68009948730469,17477.0
202606241534,119.69000244140625,119.6500015258789,119.69000244140625,119.61000061035156,14961.0
202606241535,119.6500015258789,119.5999984741211,119.66000366210938,119.58499908447266,17022.0
202606241536,119.59500122070312,119.61000061035156,119.62999725341797,119.56999969482422,25302.0
202606241537,119.61000061035156,119.625,119.6500015258789,119.61000061035156,21302.0
202606241538,119.62000274658203,119.6698989868164,119.6698989868164,119.62000274658203,11471.0
202606241539,119.66999816894531,119.62999725341797,119.68000030517578,119.62000274658203,11523.0
202606241540,119.63999938964844,119.55999755859375,119.63999938964844,119.55000305175781,21595.0
202606241541,119.55999755859375,119.61000061035156,119.6500015258789,119.55000305175781,26816.0
202606241542,119.58999633789062,119.61000061035156,119.61000061035156,119.58000183105469,11112.0
202606241543,119.62000274658203,119.63999938964844,119.6500015258789,119.62000274658203,16233.0
202606241544,119.6500015258789,119.70999908447266,119.7300033569336,119.6500015258789,12493.0
202606241545,119.72000122070312,119.69999694824219,119.72000122070312,119.69999694824219,16246.0
202606241546,119.66999816894531,119.69499969482422,119.69499969482422,119.65989685058594,12818.0
202606241547,119.69000244140625,119.69989776611328,119.70999908447266,119.69000244140625,21578.0
202606241548,119.69000244140625,119.70999908447266,119.70999908447266,119.65499877929688,20633.0
202606241549,119.72000122070312,119.70999908447266,119.72000122070312,119.68000030517578,21632.0
202606241550,119.72000122070312,119.80000305175781,119.80000305175781,119.72000122070312,18173.0
202606241551,119.80500030517578,119.76000213623047,119.81999969482422,119.76000213623047,40360.0
202606241552,119.7699966430664,119.7699966430664,119.79000091552734,119.72000122070312,22510.0
202606241553,119.77999877929688,119.76000213623047,119.80999755859375,119.76000213623047,13197.0
202606241554,119.75,119.7300033569336,119.75,119.72000122070312,17552.0
202606241555,119.72000122070312,119.79499816894531,119.83000183105469,119.72000122070312,28502.0
202606241556,119.79000091552734,119.78500366210938,119.79000091552734,119.73999786376953,14981.0
202606241557,119.79000091552734,119.7699966430664,119.80500030517578,119.7699966430664,15675.0
202606241558,119.76000213623047,119.73500061035156,119.76000213623047,119.71820068359375,16377.0
202606241559,119.7300033569336,119.70999908447266,119.73999786376953,119.70500183105469,19405.0
202606241600,119.70999908447266,119.63999938964844,119.7249984741211,119.63999938964844,12105.0
202606241601,119.6500015258789,119.66500091552734,119.66500091552734,119.61000061035156,16636.0
202606241602,119.66010284423828,119.65010070800781,119.67009735107422,119.61000061035156,12593.0
202606241603,119.66000366210938,119.7300033569336,119.73999786376953,119.63500213623047,47018.0
202606241604,119.7300033569336,119.73500061035156,119.76000213623047,119.67500305175781,35904.0
202606241605,119.73500061035156,119.72000122070312,119.73500061035156,119.69000244140625,15870.0
202606241606,119.72000122070312,119.73500061035156,119.7699966430664,119.72000122070312,14601.0
202606241607,119.74500274658203,119.77999877929688,119.77999877929688,119.70500183105469,17369.0
202606241608,119.77999877929688,119.74320220947266,119.79000091552734,119.7300033569336,14322.0
202606241609,119.75,119.69000244140625,119.75,119.69000244140625,8787.0
202606241610,119.69000244140625,119.68499755859375,119.71990203857422,119.66999816894531,18903.0
202606241611,119.70500183105469,119.72000122070312,119.77999877929688,119.69999694824219,13711.0
202606241612,119.70999908447266,119.69000244140625,119.70999908447266,119.69000244140625,9583.0
202606241613,119.68499755859375,119.62999725341797,119.68499755859375,119.62999725341797,19018.0
202606241614,119.62999725341797,119.55500030517578,119.62999725341797,119.55500030517578,11743.0
202606241615,119.54499816894531,119.58000183105469,119.58999633789062,119.54499816894531,17351.0
202606241616,119.5999984741211,119.59500122070312,119.62000274658203,119.56999969482422,18131.0
202606241617,119.59500122070312,119.62999725341797,119.62999725341797,119.58999633789062,10239.0
202606241618,119.62999725341797,119.73999786376953,119.76499938964844,119.62999725341797,22436.0
202606241619,119.74500274658203,119.73999786376953,119.76499938964844,119.73999786376953,11870.0
202606241620,119.72000122070312,119.61499786376953,119.7249984741211,119.55999755859375,55533.0
202606241621,119.61000061035156,119.59500122070312,119.63999938964844,119.56900024414062,26636.0
202606241622,119.59500122070312,119.5801010131836,119.61499786376953,119.58000183105469,10356.0
202606241623,119.58999633789062,119.58000183105469,119.62000274658203,119.55010223388672,15743.0
202606241624,119.56999969482422,119.57499694824219,119.58999633789062,119.56999969482422,9594.0
202606241625,119.57499694824219,119.58999633789062,119.5999984741211,119.55999755859375,13615.0
202606241626,119.59500122070312,119.56999969482422,119.59500122070312,119.55999755859375,10634.0
202606241627,119.55999755859375,119.58999633789062,119.58999633789062,119.55000305175781,11447.0
202606241628,119.58000183105469,119.62999725341797,119.62999725341797,119.58000183105469,19990.0
202606241629,119.62000274658203,119.66000366210938,119.66000366210938,119.61239624023438,11336.0
202606241630,119.6500015258789,119.6050033569336,119.6500015258789,119.55999755859375,26892.0
202606241631,119.62000274658203,119.66999816894531,119.69000244140625,119.62000274658203,15147.0
202606241632,119.66000366210938,119.61000061035156,119.66500091552734,119.61000061035156,8864.0
202606241633,119.61000061035156,119.66999816894531,119.66999816894531,119.5999984741211,23380.0
202606241634,119.66000366210938,119.66000366210938,119.69000244140625,119.66000366210938,13799.0
202606241635,119.6500015258789,119.66999816894531,119.66999816894531,119.6500015258789,11212.0
202606241636,119.6500015258789,119.66999816894531,119.68000030517578,119.6500015258789,16984.0
202606241637,119.66500091552734,119.5999984741211,119.68000030517578,119.56999969482422,16390.0
202606241638,119.58999633789062,119.58999633789062,119.61000061035156,119.52999877929688,38312.0
202606241639,119.56999969482422,119.54000091552734,119.56999969482422,119.5199966430664,18099.0
202606241640,119.52999877929688,119.44000244140625,119.52999877929688,119.42500305175781,26118.0
202606241641,119.45999908447266,119.41000366210938,119.47000122070312,119.36000061035156,34891.0
202606241642,119.41000366210938,119.36000061035156,119.41000366210938,119.32499694824219,19154.0
202606241643,119.36000061035156,119.33000183105469,119.36000061035156,119.30000305175781,15292.0
202606241644,119.31999969482422,119.29000091552734,119.31999969482422,119.2750015258789,13664.0
202606241645,119.30000305175781,119.2300033569336,119.30000305175781,119.16999816894531,19949.0
202606241646,119.22000122070312,119.19000244140625,119.22000122070312,119.16000366210938,27833.0
202606241647,119.19999694824219,119.30999755859375,119.32990264892578,119.19999694824219,34194.0
202606241648,119.30000305175781,119.37000274658203,119.37000274658203,119.30000305175781,14906.0
202606241649,119.36499786376953,119.36000061035156,119.36499786376953,119.33999633789062,8845.0
202606241650,119.36000061035156,119.37000274658203,119.38999938964844,119.3572998046875,15446.0
202606241651,119.37999725341797,119.35009765625,119.43000030517578,119.3301010131836,23886.0
202606241652,119.35340118408203,119.29000091552734,119.35340118408203,119.2699966430664,5985.0
202606241653,119.27999877929688,119.15499877929688,119.27999877929688,119.1500015258789,16179.0
202606241654,119.16999816894531,119.1449966430664,119.18000030517578,119.12000274658203,19752.0
202606241655,119.1449966430664,119.16000366210938,119.18000030517578,119.13500213623047,17565.0
202606241656,119.16000366210938,119.12999725341797,119.16000366210938,119.09010314941406,14486.0
202606241657,119.12000274658203,119.09500122070312,119.12000274658203,119.06999969482422,11434.0
202606241658,119.08999633789062,119.08670043945312,119.12999725341797,119.05999755859375,56186.0
202606241659,119.09500122070312,119.19999694824219,119.19999694824219,119.08000183105469,14520.0
202606241700,119.19999694824219,119.25,119.30000305175781,119.19999694824219,17039.0
202606241701,119.25,119.24500274658203,119.29000091552734,119.2300033569336,14823.0
202606241702,119.23999786376953,119.29000091552734,119.30000305175781,119.22000122070312,15427.0
202606241703,119.27999877929688,119.27999877929688,119.28500366210938,119.25499725341797,17467.0
202606241704,119.26499938964844,119.2699966430664,119.30999755859375,119.26499938964844,12510.0
202606241705,119.2699966430664,119.30999755859375,119.31600189208984,119.2699966430664,16048.0
202606241706,119.29000091552734,119.37000274658203,119.37999725341797,119.29000091552734,18461.0
202606241707,119.36000061035156,119.40499877929688,119.41000366210938,119.36000061035156,21727.0
202606241708,119.4000015258789,119.3550033569336,119.4000015258789,119.32499694824219,21734.0
202606241709,119.33999633789062,119.39070129394531,119.40499877929688,119.30999755859375,19857.0
202606241710,119.3949966430664,119.43009948730469,119.43009948730469,119.37999725341797,16183.0
202606241711,119.43000030517578,119.44000244140625,119.44999694824219,119.41999816894531,15864.0
202606241712,119.43000030517578,119.48999786376953,119.48999786376953,119.43000030517578,27804.0
202606241713,119.49500274658203,119.48999786376953,119.5199966430664,119.4800033569336,13594.0
202606241714,119.48999786376953,119.44499969482422,119.48999786376953,119.43000030517578,10512.0
202606241715,119.44999694824219,119.43000030517578,119.45999908447266,119.40499877929688,11624.0
202606241716,119.41000366210938,119.41000366210938,119.44999694824219,119.41000366210938,15463.0
202606241717,119.41000366210938,119.30999755859375,119.41000366210938,119.30999755859375,23495.0
202606241718,119.33999633789062,119.34089660644531,119.3550033569336,119.31500244140625,15432.0
202606241719,119.31999969482422,119.36000061035156,119.36000061035156,119.26000213623047,42752.0
202606241720,119.36000061035156,119.30999755859375,119.375,119.27999877929688,19586.0
202606241721,119.30999755859375,119.30500030517578,119.33000183105469,119.29000091552734,20061.0
202606241722,119.30999755859375,119.2699966430664,119.33000183105469,119.23999786376953,32975.0
202606241723,119.25,119.33000183105469,119.3499984741211,119.22000122070312,58422.0
202606241724,119.32499694824219,119.45999908447266,119.45999908447266,119.30999755859375,38381.0
202606241725,119.4800033569336,119.45999908447266,119.55999755859375,119.45999908447266,19736.0
202606241726,119.44000244140625,119.31999969482422,119.44000244140625,119.30999755859375,13579.0
202606241727,119.33999633789062,119.26000213623047,119.33999633789062,119.26000213623047,20156.0
202606241728,119.27980041503906,119.23999786376953,119.28500366210938,119.20999908447266,22946.0
202606241729,119.22679901123047,119.21499633789062,119.2300033569336,119.20999908447266,16906.0
202606241730,119.19000244140625,119.20999908447266,119.2750015258789,119.16999816894531,13952.0
202606241731,119.19999694824219,119.25,119.25,119.18000030517578,21397.0
202606241732,119.25,119.17720031738281,119.25,119.11000061035156,17119.0
202606241733,119.18000030517578,119.19000244140625,119.19999694824219,119.13999938964844,28855.0
202606241734,119.19999694824219,119.13349914550781,119.20999908447266,119.12999725341797,10753.0
202606241735,119.1500015258789,119.05000305175781,119.1500015258789,119.05000305175781,15713.0
202606241736,119.04000091552734,119.01000213623047,119.05500030517578,119.0,29334.0
202606241737,119.01000213623047,118.98500061035156,119.01000213623047,118.96499633789062,23191.0
202606241738,118.98999786376953,119.07499694824219,119.0999984741211,118.98999786376953,28208.0
202606241739,119.08000183105469,119.16000366210938,119.16999816894531,119.06999969482422,18606.0
202606241740,119.15010070800781,119.16999816894531,119.20999908447266,119.15010070800781,20173.0
202606241741,119.16999816894531,119.1698989868164,119.16999816894531,119.1050033569336,13915.0
202606241742,119.125,119.12000274658203,119.13999938964844,119.0999984741211,11996.0
202606241743,119.11000061035156,119.16000366210938,119.16000366210938,119.060302734375,18855.0
202606241744,119.16000366210938,119.16500091552734,119.18000030517578,119.13999938964844,19360.0
202606241745,119.16999816894531,119.19989776611328,119.23999786376953,119.16999816894531,16204.0
202606241746,119.19000244140625,119.23999786376953,119.23999786376953,119.18000030517578,31561.0
202606241747,119.24500274658203,119.2249984741211,119.25,119.18000030517578,18012.0
202606241748,119.2249984741211,119.22000122070312,119.23999786376953,119.19969940185547,11446.0
202606241749,119.2300033569336,119.2300033569336,119.23999786376953,119.19999694824219,15009.0
202606241750,119.2300033569336,119.20999908447266,119.23999786376953,119.19000244140625,19248.0
202606241751,119.22000122070312,119.15499877929688,119.23999786376953,119.1500015258789,20205.0
202606241752,119.16000366210938,119.18000030517578,119.20999908447266,119.16000366210938,18278.0
202606241753,119.18000030517578,119.20500183105469,119.30000305175781,119.16010284423828,35739.0
202606241754,119.23999786376953,119.20999908447266,119.25,119.19499969482422,48073.0
202606241755,119.22000122070312,119.22000122070312,119.22000122070312,119.17500305175781,18961.0
202606241756,119.20999908447266,119.23500061035156,119.25,119.16999816894531,40404.0
202606241757,119.2300033569336,119.27999877929688,119.29989624023438,119.2300033569336,11113.0
202606241758,119.28500366210938,119.32499694824219,119.33000183105469,119.28500366210938,25265.0
202606241759,119.32499694824219,119.37989807128906,119.37989807128906,119.32499694824219,8954.0
202606241800,119.375,119.48999786376953,119.48999786376953,119.375,27535.0
202606241801,119.48500061035156,119.55500030517578,119.55999755859375,119.44999694824219,27026.0
202606241802,119.55000305175781,119.55999755859375,119.57499694824219,119.5250015258789,19011.0
202606241803,119.55500030517578,119.37999725341797,119.58000183105469,119.375,122680.0
202606241804,119.37999725341797,119.45999908447266,119.45999908447266,119.37000274658203,18339.0
202606241805,119.45999908447266,119.54000091552734,119.55000305175781,119.45999908447266,16650.0
202606241806,119.52999877929688,119.54000091552734,119.56999969482422,119.51499938964844,19539.0
202606241807,119.5365982055664,119.47640228271484,119.5365982055664,119.47000122070312,18098.0
202606241808,119.47000122070312,119.49500274658203,119.51000213623047,119.44499969482422,33809.0
202606241809,119.49500274658203,119.47000122070312,119.52999877929688,119.47000122070312,31375.0
202606241810,119.4749984741211,119.4800033569336,119.5,119.45999908447266,42416.0
202606241811,119.5,119.48999786376953,119.5,119.45999908447266,37707.0
202606241812,119.4800033569336,119.38999938964844,119.4800033569336,119.38999938964844,22547.0
202606241813,119.38999938964844,119.36799621582031,119.38999938964844,119.3550033569336,14974.0
202606241814,119.37000274658203,119.33999633789062,119.37000274658203,119.31999969482422,14871.0
202606241815,119.33989715576172,119.32499694824219,119.33999633789062,119.30999755859375,24961.0
202606241816,119.33000183105469,119.36000061035156,119.37999725341797,119.30500030517578,30891.0
202606241817,119.33000183105469,119.3499984741211,119.36000061035156,119.33000183105469,11698.0
202606241818,119.34500122070312,119.37999725341797,119.41000366210938,119.33000183105469,36255.0
202606241819,119.37999725341797,119.33000183105469,119.38999938964844,119.31999969482422,16909.0
202606241820,119.33000183105469,119.37000274658203,119.37999725341797,119.33000183105469,15936.0
202606241821,119.37000274658203,119.37000274658203,119.37999725341797,119.3499984741211,16463.0
202606241822,119.37560272216797,119.37000274658203,119.37560272216797,119.34500122070312,22960.0
202606241823,119.37999725341797,119.44499969482422,119.44499969482422,119.37000274658203,17077.0
202606241824,119.44499969482422,119.43000030517578,119.46990203857422,119.43000030517578,23191.0
202606241825,119.43000030517578,119.44999694824219,119.44999694824219,119.40499877929688,36427.0
202606241826,119.44999694824219,119.51000213623047,119.53990173339844,119.44010162353516,26134.0
202606241827,119.5198974609375,119.5,119.5199966430664,119.5,17428.0
202606241828,119.49220275878906,119.52999877929688,119.56999969482422,119.49220275878906,25999.0
202606241829,119.52999877929688,119.56990051269531,119.58000183105469,119.5250015258789,22817.0
202606241830,119.56999969482422,119.61000061035156,119.65499877929688,119.56500244140625,22478.0
202606241831,119.61000061035156,119.68000030517578,119.68000030517578,119.61000061035156,20853.0
202606241832,119.69000244140625,119.69999694824219,119.75,119.69000244140625,22138.0
202606241833,119.69999694824219,119.76000213623047,119.7699966430664,119.69999694824219,35929.0
202606241834,119.75,119.75,119.77999877929688,119.73999786376953,16504.0
202606241835,119.7300033569336,119.7699966430664,119.7699966430664,119.70999908447266,16129.0
202606241836,119.7699966430664,119.80000305175781,119.80000305175781,119.74500274658203,15449.0
202606241837,119.80000305175781,119.83000183105469,119.83999633789062,119.79499816894531,19227.0
202606241838,119.83000183105469,119.9000015258789,119.91999816894531,119.83000183105469,21323.0
202606241839,119.91500091552734,119.90989685058594,119.91999816894531,119.88999938964844,21908.0
202606241840,119.9000015258789,119.7699966430664,119.9000015258789,119.75499725341797,36558.0
202606241841,119.79000091552734,119.78500366210938,119.80000305175781,119.76000213623047,35210.0
202606241842,119.79000091552734,119.77999877929688,119.80560302734375,119.76010131835938,23202.0
202606241843,119.77999877929688,119.79000091552734,119.80989837646484,119.76499938964844,15513.0
202606241844,119.78500366210938,119.80000305175781,119.81999969482422,119.7750015258789,22752.0
202606241845,119.79499816894531,119.82499694824219,119.82499694824219,119.78500366210938,24882.0
202606241846,119.83000183105469,119.88999938964844,119.8949966430664,119.81500244140625,75272.0
202606241847,119.88999938964844,119.8949966430664,119.93000030517578,119.87999725341797,27210.0
202606241848,119.88999938964844,119.88999938964844,119.91000366210938,119.87999725341797,20472.0
202606241849,119.8949966430664,119.83999633789062,119.8949966430664,119.81999969482422,26152.0
202606241850,119.83000183105469,119.80020141601562,119.84500122070312,119.79000091552734,15478.0
202606241851,119.79499816894531,119.66500091552734,119.79499816894531,119.63009643554688,28438.0
202606241852,119.68000030517578,119.66000366210938,119.70999908447266,119.66000366210938,20235.0
202606241853,119.6500015258789,119.67720031738281,119.69000244140625,119.63999938964844,27573.0
202606241854,119.66999816894531,119.69999694824219,119.70950317382812,119.63999938964844,24572.0
202606241855,119.69000244140625,119.7300033569336,119.73500061035156,119.66000366210938,32233.0
202606241856,119.73999786376953,119.66000366210938,119.75,119.64939880371094,42447.0
202606241857,119.65499877929688,119.71279907226562,119.7249984741211,119.65499877929688,31663.0
202606241858,119.6946029663086,119.69000244140625,119.71499633789062,119.68000030517578,22723.0
202606241859,119.69000244140625,119.63999938964844,119.69000244140625,119.63999938964844,17624.0
202606241900,119.625,119.63999938964844,119.66999816894531,119.62000274658203,16448.0
202606241901,119.63999938964844,119.66000366210938,119.70999908447266,119.62000274658203,36116.0
202606241902,119.66799926757812,119.63999938964844,119.66999816894531,119.62999725341797,25532.0
202606241903,119.62999725341797,119.69999694824219,119.72000122070312,119.62000274658203,30924.0
202606241904,119.69999694824219,119.66000366210938,119.7123031616211,119.63999938964844,29647.0
202606241905,119.66999816894531,119.58499908447266,119.66999816894531,119.58000183105469,28710.0
202606241906,119.595703125,119.61000061035156,119.62999725341797,119.58000183105469,31120.0
202606241907,119.62000274658203,119.58000183105469,119.66999816894531,119.57499694824219,50932.0
202606241908,119.58999633789062,119.66500091552734,119.66999816894531,119.58000183105469,34623.0
202606241909,119.66999816894531,119.69999694824219,119.70999908447266,119.6449966430664,31110.0
202606241910,119.69999694824219,119.7593002319336,119.7593002319336,119.68000030517578,53735.0
202606241911,119.7511978149414,119.76499938964844,119.79000091552734,119.73999786376953,44893.0
202606241912,119.75,119.76000213623047,119.77999877929688,119.7300033569336,27765.0
202606241913,119.76000213623047,119.73500061035156,119.77989959716797,119.7300033569336,23392.0
202606241914,119.7300033569336,119.69499969482422,119.73889923095703,119.69000244140625,30848.0
202606241915,119.70999908447266,119.75,119.75,119.70999908447266,27618.0
202606241916,119.75,119.73999786376953,119.75,119.69000244140625,26802.0
202606241917,119.75,119.70999908447266,119.75,119.69010162353516,26079.0
202606241918,119.71499633789062,119.70999908447266,119.72000122070312,119.69000244140625,23369.0
202606241919,119.72000122070312,119.78500366210938,119.80989837646484,119.70999908447266,37383.0
202606241920,119.79000091552734,119.73999786376953,119.80000305175781,119.7300033569336,25357.0
202606241921,119.73999786376953,119.76000213623047,119.77999877929688,119.7300033569336,39781.0
202606241922,119.7699966430664,119.69999694824219,119.7699966430664,119.68000030517578,36882.0
202606241923,119.68000030517578,119.63999938964844,119.69000244140625,119.63999938964844,36179.0
202606241924,119.6500015258789,119.62000274658203,119.6769027709961,119.5999984741211,26255.0
202606241925,119.62000274658203,119.62000274658203,119.63999938964844,119.5999984741211,25227.0
202606241926,119.62049865722656,119.4800033569336,119.62049865722656,119.4800033569336,22451.0
202606241927,119.4749984741211,119.53500366210938,119.55000305175781,119.47000122070312,24083.0
202606241928,119.54000091552734,119.50499725341797,119.54000091552734,119.49500274658203,35710.0
202606241929,119.4800033569336,119.41999816894531,119.4800033569336,119.4000015258789,25787.0
202606241930,119.43000030517578,119.36000061035156,119.43000030517578,119.30999755859375,41549.0
202606241931,119.37000274658203,119.41000366210938,119.41000366210938,119.33999633789062,34026.0
202606241932,119.41999816894531,119.34989929199219,119.41999816894531,119.33000183105469,30074.0
202606241933,119.33000183105469,119.30500030517578,119.33000183105469,119.26000213623047,28506.0
202606241934,119.30000305175781,119.30500030517578,119.30989837646484,119.2699966430664,23081.0
202606241935,119.30999755859375,119.25,119.33999633789062,119.25,31869.0
202606241936,119.2249984741211,119.20999908447266,119.2249984741211,119.1449966430664,25299.0
202606241937,119.21499633789062,119.18389892578125,119.2300033569336,119.14990234375,33517.0
202606241938,119.18499755859375,119.16999816894531,119.18499755859375,119.11000061035156,22322.0
202606241939,119.16000366210938,119.17500305175781,119.18000030517578,119.125,31652.0
202606241940,119.16000366210938,119.2249984741211,119.23999786376953,119.14009857177734,31230.0
202606241941,119.22000122070312,119.23500061035156,119.26000213623047,119.20939636230469,30871.0
202606241942,119.2300033569336,119.19999694824219,119.25,119.19999694824219,28592.0
202606241943,119.19000244140625,119.23999786376953,119.25,119.18000030517578,31334.0
202606241944,119.25,119.2300033569336,119.26499938964844,119.20010375976562,33937.0
202606241945,119.20999908447266,119.47000122070312,119.47000122070312,119.20500183105469,76977.0
202606241946,119.47000122070312,119.45500183105469,119.48999786376953,119.41010284423828,34359.0
202606241947,119.43499755859375,119.37000274658203,119.44000244140625,119.36000061035156,32554.0
202606241948,119.37000274658203,119.33000183105469,119.375,119.31500244140625,32083.0
202606241949,119.33000183105469,119.32499694824219,119.3499984741211,119.30000305175781,33568.0
202606241950,119.30999755859375,119.30999755859375,119.54000091552734,119.27999877929688,125199.0
202606241951,119.30999755859375,119.16500091552734,119.30999755859375,119.1500015258789,67432.0
202606241952,119.18000030517578,119.26000213623047,119.27999877929688,119.18000030517578,50165.0
202606241953,119.26000213623047,119.23999786376953,119.26000213623047,119.16999816894531,68348.0
202606241954,119.23999786376953,119.29000091552734,119.37999725341797,119.19000244140625,98527.0
202606241955,119.29000091552734,119.09500122070312,119.30000305175781,118.93000030517578,195619.0
202606241956,119.09539794921875,119.07499694824219,119.125,119.02999877929688,117787.0
202606241957,119.07499694824219,118.98999786376953,119.08999633789062,118.98999786376953,139907.0
202606241958,118.99500274658203,119.0250015258789,119.04000091552734,118.95999908447266,215905.0
202606241959,119.0250015258789,119.0,119.05999755859375,118.94999694824219,427205.0
202606242000,119.0,119.0,119.2905,118.85,0.0
202606242001,119.28,119.3,119.3,119.28,0.0
202606242002,118.8501,119.134,119.2905,118.8501,0.0
202606242004,119.0,119.0,119.0635,118.9,0.0
202606242005,118.91,118.9,118.91,118.85,0.0
202606242006,118.8562,118.85,118.8847,118.85,0.0
202606242007,118.8,118.6614,118.85,118.6355,0.0
202606242008,118.85,118.83,118.85,118.71,0.0
202606242009,118.75,118.35,118.77,118.35,0.0
202606242010,118.23,118.31,119.0,118.23,0.0
202606242011,118.4952,118.55,118.7,118.37,0.0
202606242012,118.69,118.52,118.69,118.5,0.0
202606242013,118.66,118.7,118.7,118.5,0.0
202606242014,118.63,118.35,119.0,118.35,0.0
202606242015,118.35,118.54,118.7,118.35,0.0
202606242016,118.52,118.7,118.7,118.42,0.0
202606242017,118.68,118.58,118.7,118.52,0.0
202606242018,118.42,118.52,118.52,118.34,0.0
202606242019,118.3316,118.4,118.48,118.3,0.0
202606242020,118.3,118.5,119.0,118.3,0.0
202606242021,118.35,118.25,118.37,118.25,0.0
202606242022,118.3688,118.0198,118.37,118.01,0.0
202606242023,118.1,118.15,118.25,118.0,0.0
202606242024,118.14,117.84,118.28,117.84,0.0
202606242025,117.81,117.35,118.45,117.35,0.0
202606242026,117.3,117.3801,118.25,117.28,0.0
202606242027,118.24,117.5,118.24,117.5,0.0
202606242028,117.61,118.0702,118.23,117.5,0.0
202606242029,118.23,118.07,118.23,117.6,0.0
202606242030,117.9,117.75,117.9,117.6,0.0
202606242031,117.7,117.6,117.75,117.5,0.0
202606242032,117.75,117.9,117.95,117.6,0.0
202606242033,117.9,117.83,117.9,117.8131,0.0
202606242034,117.83,117.9,117.95,117.83,0.0
202606242035,117.8819,117.91,117.91,117.87,0.0
202606242036,117.8803,117.91,117.91,117.88,0.0
202606242037,117.9098,117.7001,117.91,117.7,0.0
202606242038,117.88,117.91,117.91,117.88,0.0
202606242039,117.91,117.53,117.91,117.53,0.0
202606242040,117.72,117.6,117.91,117.6,0.0
202606242041,117.7,117.74,117.94,117.53,0.0
202606242042,117.5864,117.8,117.8,117.5864,0.0
202606242043,117.94,117.94,117.94,117.8,0.0
202606242044,117.75,117.62,118.0,117.62,0.0
202606242045,117.74,117.62,117.99,117.59,0.0
202606242046,117.62,117.9299,118.0,117.62,0.0
202606242047,117.6955,117.7,117.7,117.6955,0.0
202606242048,118.14,117.7611,118.14,117.7611,0.0
202606242049,117.81,117.7,117.81,117.52,0.0
202606242050,117.52,117.63,117.7,117.52,0.0
202606242051,117.56,117.5481,117.8,117.54,0.0
202606242052,117.7861,117.7,117.8,117.5515,0.0
202606242053,117.6714,117.5595,117.6714,117.5595,0.0
202606242054,117.6,117.7,118.0,117.6,0.0
202606242055,118.0,118.0,118.0,118.0,0.0
202606242056,117.7195,117.7195,117.7195,117.7195,0.0
202606242057,117.79,117.98,118.0,117.79,0.0
202606242058,118.0,117.85,118.0,117.75,0.0
202606242059,117.8,118.0,118.0,117.8,0.0
202606242100,117.85,117.88,118.0,117.84,0.0
202606242101,117.87,117.98,117.98,117.86,0.0
202606242102,117.9936,117.86,117.9936,117.86,0.0
202606242103,117.87,117.87,117.87,117.87,0.0
202606242104,117.99,117.99,117.99,117.99,0.0
202606242105,117.87,117.7396,117.87,117.7396,0.0
202606242106,117.74,117.69,117.74,117.6503,0.0
202606242107,117.6289,117.6274,117.64,117.5425,0.0
202606242108,117.64,117.6314,117.64,117.6314,0.0
202606242109,117.64,117.6394,117.64,117.639,0.0
202606242110,117.64,117.6302,117.64,117.6302,0.0
202606242111,117.6387,117.64,117.64,117.6387,0.0
202606242112,117.6396,117.64,117.64,117.6387,0.0
202606242113,117.64,117.6399,117.64,117.6394,0.0
202606242114,117.6387,117.6395,117.64,117.63,0.0
202606242115,117.6313,117.6303,117.64,117.6303,0.0
202606242116,117.6302,117.64,117.64,117.63,0.0
202606242117,117.64,117.6396,117.64,117.6396,0.0
202606242118,117.64,117.6313,117.64,117.6313,0.0
202606242119,117.64,117.64,117.64,117.63,0.0
202606242120,117.64,117.64,117.64,117.6302,0.0
202606242121,117.6395,117.6398,117.64,117.6313,0.0
202606242122,117.6394,117.6394,117.6399,117.6394,0.0
202606242123,117.64,117.64,117.64,117.64,0.0
202606242124,117.6399,117.63,117.64,117.63,0.0
202606242125,117.64,117.63,117.64,117.63,0.0
202606242126,117.63,117.63,117.63,117.63,0.0
202606242127,117.6294,117.62,117.6294,117.6,0.0
202606242128,117.5597,117.5403,117.56,117.54,0.0
202606242129,117.5489,117.55,117.55,117.5,0.0
202606242130,117.52,117.55,117.55,117.5,0.0
202606242131,117.532,117.82,117.82,117.532,0.0
202606242132,117.9723,117.55,117.9723,117.55,0.0
202606242133,118.0,118.0,118.0,117.914,0.0
202606242134,117.6085,117.85,118.0,117.6085,0.0
202606242135,117.82,117.77,117.82,117.6892,0.0
202606242136,117.82,117.67,117.82,117.67,0.0
202606242137,117.61,117.52,117.61,117.52,0.0
202606242138,117.68,117.68,117.68,117.68,0.0
202606242139,117.82,117.67,117.82,117.67,0.0
202606242140,117.75,117.7,117.8065,117.67,0.0
202606242141,117.7,117.82,117.82,117.7,0.0
202606242142,117.73,117.77,117.77,117.73,0.0
202606242143,117.72,117.75,117.77,117.72,0.0
202606242144,117.73,117.75,119.0,117.73,0.0
202606242145,117.74,117.72,117.75,117.65,0.0
202606242146,117.73,117.7,117.73,117.67,0.0
202606242147,117.79,117.6012,117.79,117.6012,0.0
202606242148,117.69,117.732,117.75,117.69,0.0
202606242149,117.75,117.69,117.75,117.69,0.0
202606242150,117.72,117.7,117.72,117.63,0.0
202606242151,117.7,117.71,117.71,117.67,0.0
202606242152,117.7,117.72,117.72,117.63,0.0
202606242153,117.75,117.74,117.75,117.65,0.0
202606242154,117.8,117.82,117.82,117.74,0.0
202606242155,117.82,117.65,117.82,117.65,0.0
202606242156,117.79,117.82,117.82,117.667,0.0
202606242157,117.76,117.79,117.82,117.71,0.0
202606242158,117.76,117.78,117.78,117.69,0.0
202606242159,117.69,117.77,117.8,117.6817,0.0
202606242200,117.77,117.8,117.8,117.71,0.0
202606242203,117.76,117.83,117.83,117.7511,0.0
202606242204,117.75,117.7987,117.84,117.71,0.0
202606242205,117.78,117.7,117.8,117.7,0.0
202606242206,117.69,117.61,117.74,117.61,0.0
202606242209,117.68,117.62,117.68,117.62,0.0
202606242210,117.69,117.7,117.7,117.69,0.0
202606242211,117.81,117.79,117.81,117.79,0.0
202606242212,117.75,117.78,117.78,117.75,0.0
202606242213,117.779,117.52,117.779,117.52,0.0
202606242214,117.5,117.66,117.66,117.48,0.0
202606242215,117.6,117.6,117.6,117.41,0.0
202606242216,117.5,117.5,117.78,117.5,0.0
202606242217,117.57,117.54,117.6548,117.54,0.0
202606242218,117.54,117.49,117.54,117.37,0.0
202606242220,117.49,117.6,119.0,117.49,0.0
202606242221,117.48,117.5,117.75,117.48,0.0
202606242222,117.4,117.3,117.4,117.3,0.0
202606242223,117.74,117.28,117.74,117.28,0.0
202606242224,117.28,117.38,117.38,117.25,0.0
202606242225,117.35,117.27,117.35,117.17,0.0
202606242226,117.18,117.06,117.3041,117.06,0.0
202606242227,117.546,117.1525,117.546,117.1525,0.0
202606242228,117.68,117.26,117.68,117.1,0.0
202606242229,117.1,117.17,117.45,117.05,0.0
202606242230,117.0,117.1014,117.15,117.0,0.0
202606242231,117.1062,117.0,117.16,117.0,0.0
202606242232,117.0,117.0,117.78,116.99,0.0
202606242233,117.12,117.49,117.49,116.85,0.0
202606242234,116.8,117.49,117.49,116.8,0.0
202606242235,117.49,117.0,117.49,116.8,0.0
202606242236,117.0,116.51,117.49,116.51,0.0
202606242237,116.92,117.0,117.3491,116.92,0.0
202606242238,117.26,116.68,117.26,116.68,0.0
202606242239,117.0,116.75,117.49,116.7,0.0
202606242240,116.8,117.49,117.49,116.8,0.0
202606242241,116.82,117.49,117.49,116.82,0.0
202606242242,117.02,117.49,117.49,117.02,0.0
202606242244,117.1662,116.8,117.1662,116.8,0.0
202606242245,117.07,117.18,117.18,117.07,0.0
202606242246,116.94,117.19,117.19,116.94,0.0
202606242247,117.1298,117.08,117.1298,116.73,0.0
202606242248,117.1898,117.19,117.19,117.1712,0.0
202606242249,117.1724,117.0,117.19,117.0,0.0
