datetime,open,close,high,low,volume
202606230800,118.29,118.76,119.03,118.12,21.0
202606230801,118.04,118.6,118.75,118.04,10.0
202606230802,118.6,118.6,118.6,118.6,0.0
202606230803,118.6,118.6,118.6,118.6,0.0
202606230804,118.16,118.16,118.16,118.16,1.0
202606230805,118.04,117.98,118.05,117.98,54.0
202606230806,118.0,118.0,118.0,118.0,1.0
202606230807,118.0,118.0,118.0,117.99,32.0
202606230808,118.0,118.66,118.66,118.0,23.0
202606230809,118.66,118.66,118.66,118.66,0.0
202606230810,118.5,118.3,118.5,118.3,2.0
202606230811,118.64,117.76,118.64,117.76,2.0
202606230812,117.76,117.76,117.76,117.76,0.0
202606230813,118.07,118.39,118.39,118.07,2.0
202606230814,118.39,118.39,118.39,118.39,0.0
202606230815,118.39,118.39,118.39,118.39,0.0
202606230816,118.4,118.73,118.73,118.4,56.0
202606230817,118.73,118.73,118.73,118.73,0.0
202606230818,118.73,118.73,118.73,118.73,0.0
202606230819,118.73,118.73,118.73,118.73,0.0
202606230820,118.98,119.01,119.01,118.98,8.0
202606230821,119.1,119.1,119.1,119.09,3.0
202606230822,119.1,119.1,119.1,119.1,0.0
202606230823,119.1,119.1,119.1,119.1,0.0
202606230824,119.1,119.1,119.1,119.1,0.0
202606230825,118.98,118.98,118.98,118.98,2.0
202606230826,118.98,118.98,118.98,118.98,0.0
202606230827,118.98,118.98,118.98,118.98,0.0
202606230828,118.98,118.98,118.98,118.98,0.0
202606230829,118.98,118.98,118.98,118.98,1.0
202606230830,118.98,118.98,118.98,118.98,0.0
202606230831,118.98,118.98,118.98,118.98,0.0
202606230832,118.98,118.98,118.98,118.98,0.0
202606230833,118.98,118.98,118.98,118.98,0.0
202606230834,118.98,118.98,118.98,118.98,0.0
202606230835,118.98,118.98,118.98,118.98,0.0
202606230836,118.89,118.89,118.89,118.89,1.0
202606230837,118.89,118.89,118.89,118.89,0.0
202606230838,118.89,118.89,118.89,118.89,0.0
202606230839,118.89,118.89,118.89,118.89,0.0
202606230840,118.7,118.7,118.7,118.7,1.0
202606230841,118.7,118.7,118.7,118.7,0.0
202606230842,118.7,118.7,118.7,118.7,0.0
202606230843,118.7,118.7,118.7,118.7,0.0
202606230844,118.7,118.7,118.7,118.7,0.0
202606230845,118.56,118.5,118.59,118.5,15.0
202606230846,118.5,118.5,118.5,118.5,0.0
202606230847,118.5,118.5,118.5,118.5,0.0
202606230848,118.5,118.5,118.5,118.5,0.0
202606230849,118.5,118.5,118.5,118.5,0.0
202606230850,118.5,118.5,118.5,118.5,0.0
202606230851,118.5,118.5,118.5,118.5,0.0
202606230852,118.5,118.5,118.5,118.5,0.0
202606230853,118.5,118.5,118.5,118.5,0.0
202606230854,118.5,118.5,118.5,118.5,0.0
202606230855,118.5,118.5,118.5,118.5,0.0
202606230856,118.5,118.5,118.5,118.5,0.0
202606230857,118.5,118.5,118.5,118.5,0.0
202606230858,118.5,118.5,118.5,118.5,0.0
202606230859,118.5,118.5,118.5,118.5,0.0
202606230900,118.5,118.5,118.5,118.5,0.0
202606230901,118.5,118.5,118.5,118.5,0.0
202606230902,118.46,118.46,118.46,118.46,1.0
202606230903,118.46,118.46,118.46,118.46,1.0
202606230904,118.46,118.46,118.46,118.46,0.0
202606230905,118.46,118.46,118.46,118.46,0.0
202606230906,118.46,118.46,118.46,118.46,0.0
202606230907,118.46,118.46,118.46,118.46,0.0
202606230908,118.4,118.4,118.4,118.4,1.0
202606230909,118.4,118.4,118.4,118.4,0.0
202606230910,118.4,118.4,118.4,118.4,0.0
202606230911,118.4,118.4,118.4,118.4,0.0
202606230912,118.4,118.4,118.4,118.4,0.0
202606230913,118.4,118.4,118.4,118.4,0.0
202606230914,118.4,118.4,118.4,118.4,0.0
202606230915,118.4,118.4,118.4,118.4,0.0
202606230916,118.21,118.21,118.21,118.21,1.0
202606230917,118.21,118.21,118.21,118.21,0.0
202606230918,118.21,118.21,118.21,118.21,0.0
202606230919,118.24,118.24,118.24,118.24,1.0
202606230920,118.24,118.24,118.24,118.24,0.0
202606230921,118.24,118.24,118.24,118.24,0.0
202606230922,118.24,118.24,118.24,118.24,0.0
202606230923,118.24,118.24,118.24,118.24,0.0
202606230924,118.24,118.24,118.24,118.24,0.0
202606230925,118.24,118.24,118.24,118.24,0.0
202606230926,118.24,118.24,118.24,118.24,0.0
202606230927,118.24,118.24,118.24,118.24,0.0
202606230928,118.24,118.24,118.24,118.24,0.0
202606230929,118.24,118.24,118.24,118.24,0.0
202606230930,118.24,118.24,118.24,118.24,0.0
202606230931,118.24,118.24,118.24,118.24,0.0
202606230932,118.24,118.24,118.24,118.24,0.0
202606230933,118.24,118.24,118.24,118.24,0.0
202606230934,118.24,118.24,118.24,118.24,0.0
202606230935,118.24,118.24,118.24,118.24,0.0
202606230936,118.24,118.24,118.24,118.24,0.0
202606230937,118.24,118.24,118.24,118.24,0.0
202606230938,118.24,118.24,118.24,118.24,0.0
202606230939,118.24,118.24,118.24,118.24,0.0
202606230940,118.24,118.24,118.24,118.24,0.0
202606230941,118.24,118.24,118.24,118.24,0.0
202606230942,118.24,118.24,118.24,118.24,0.0
202606230943,118.24,118.24,118.24,118.24,0.0
202606230944,118.24,118.24,118.24,118.24,0.0
202606230945,118.24,118.24,118.24,118.24,0.0
202606230946,118.24,118.24,118.24,118.24,0.0
202606230947,118.24,118.24,118.24,118.24,0.0
202606230948,118.24,118.24,118.24,118.24,0.0
202606230949,118.24,118.24,118.24,118.24,0.0
202606230950,118.24,118.24,118.24,118.24,0.0
202606230951,118.24,118.24,118.24,118.24,0.0
202606230952,118.24,118.24,118.24,118.24,0.0
202606230953,118.24,118.24,118.24,118.24,0.0
202606230954,118.24,118.24,118.24,118.24,0.0
202606230955,118.24,118.24,118.24,118.24,0.0
202606230956,118.24,118.24,118.24,118.24,0.0
202606230957,118.24,118.24,118.24,118.24,0.0
202606230958,118.24,118.24,118.24,118.24,0.0
202606230959,118.24,118.24,118.24,118.24,0.0
202606231000,118.24,118.24,118.24,118.24,0.0
202606231001,118.24,118.24,118.24,118.24,0.0
202606231002,118.3,118.3,118.3,118.3,1.0
202606231003,118.3,118.3,118.3,118.3,0.0
202606231004,118.3,118.3,118.3,118.3,0.0
202606231005,118.3,118.3,118.3,118.3,0.0
202606231006,118.3,118.3,118.3,118.3,20.0
202606231007,118.28,118.29,118.3,118.28,19.0
202606231008,118.29,118.29,118.29,118.29,0.0
202606231009,118.29,118.29,118.29,118.29,0.0
202606231010,118.22,118.22,118.22,118.21,4.0
202606231011,118.22,118.22,118.22,118.22,0.0
202606231012,118.22,118.22,118.22,118.22,0.0
202606231013,118.22,118.22,118.22,118.22,0.0
202606231014,118.22,118.22,118.22,118.22,0.0
202606231015,118.22,118.22,118.22,118.22,0.0
202606231016,118.22,118.22,118.22,118.22,0.0
202606231017,118.22,118.22,118.22,118.22,0.0
202606231018,118.22,118.22,118.22,118.22,0.0
202606231019,118.22,118.22,118.22,118.22,0.0
202606231020,118.22,118.22,118.22,118.22,0.0
202606231021,118.22,118.22,118.22,118.22,0.0
202606231022,118.38,118.4,118.4,118.38,3.0
202606231023,118.4,118.4,118.4,118.4,0.0
202606231024,118.4,118.4,118.4,118.4,0.0
202606231025,118.4,118.4,118.4,118.4,0.0
202606231026,118.35,118.35,118.35,118.35,4.0
202606231027,118.5,118.5,118.5,118.48,10.0
202606231028,118.5,118.5,118.5,118.5,0.0
202606231029,118.5,118.5,118.5,118.5,0.0
202606231030,118.5,118.5,118.5,118.5,0.0
202606231031,118.5,118.5,118.5,118.5,0.0
202606231032,118.52,118.52,118.52,118.52,2.0
202606231033,118.52,118.52,118.52,118.52,0.0
202606231034,118.52,118.52,118.52,118.52,0.0
202606231035,118.52,118.52,118.52,118.52,0.0
202606231036,118.52,118.52,118.52,118.52,0.0
202606231037,118.52,118.52,118.52,118.52,0.0
202606231038,118.52,118.52,118.52,118.52,0.0
202606231039,118.52,118.52,118.52,118.52,0.0
202606231040,118.52,118.52,118.52,118.52,0.0
202606231041,118.52,118.52,118.52,118.52,0.0
202606231042,118.52,118.52,118.52,118.52,0.0
202606231043,118.52,118.52,118.52,118.52,0.0
202606231044,118.52,118.52,118.52,118.52,0.0
202606231045,118.55,118.55,118.55,118.55,1.0
202606231046,118.55,118.55,118.55,118.55,0.0
202606231047,118.55,118.55,118.55,118.55,0.0
202606231048,118.45,118.45,118.45,118.45,2.0
202606231049,118.45,118.45,118.45,118.45,0.0
202606231050,118.45,118.44,118.45,118.44,2.0
202606231051,118.45,118.45,118.45,118.45,1.0
202606231052,118.45,118.45,118.45,118.44,32.0
202606231053,118.45,118.45,118.45,118.45,0.0
202606231054,118.45,118.45,118.45,118.45,0.0
202606231055,118.45,118.45,118.45,118.45,0.0
202606231056,118.45,118.45,118.45,118.45,0.0
202606231057,118.45,118.45,118.45,118.45,0.0
202606231058,118.45,118.45,118.45,118.45,0.0
202606231059,118.45,118.45,118.45,118.45,0.0
202606231100,118.3,118.34,118.5,118.3,16.0
202606231101,118.34,118.34,118.34,118.34,0.0
202606231102,118.4,118.3,118.4,118.3,6.0
202606231103,118.3,118.3,118.3,118.3,0.0
202606231104,118.35,118.35,118.35,118.35,20.0
202606231105,118.22,118.28,118.28,118.22,11.0
202606231106,118.25,118.25,118.25,118.25,2.0
202606231107,118.25,118.25,118.25,118.25,1.0
202606231108,118.32,118.32,118.32,118.31,1.0
202606231109,118.25,118.22,118.28,118.22,86.0
202606231110,118.28,118.28,118.28,118.28,1.0
202606231111,118.35,118.25,118.35,118.25,4.0
202606231112,118.2,118.21,118.21,118.2,11.0
202606231113,118.2,118.2,118.2,118.2,2.0
202606231114,118.23,118.22,118.23,118.21,11.0
202606231115,118.2,118.2,118.21,118.2,4.0
202606231116,118.24,118.2,118.25,118.2,6.0
202606231117,118.25,118.25,118.25,118.25,1.0
202606231118,118.21,118.21,118.22,118.21,1.0
202606231119,118.21,118.21,118.21,118.21,0.0
202606231120,118.2,118.2,118.2,118.2,1.0
202606231121,118.26,118.28,118.28,118.26,2.0
202606231122,118.28,118.28,118.28,118.28,0.0
202606231123,118.28,118.28,118.28,118.28,0.0
202606231124,118.28,118.28,118.28,118.28,0.0
202606231125,118.28,118.28,118.28,118.28,0.0
202606231126,118.22,118.22,118.23,118.22,3.0
202606231127,118.29,118.29,118.3,118.29,1.0
202606231128,118.29,118.29,118.29,118.29,0.0
202606231129,118.29,118.29,118.29,118.29,0.0
202606231130,118.2,118.2,118.2,118.2,2.0
202606231131,118.2,118.2,118.2,118.2,0.0
202606231132,118.2,118.2,118.2,118.2,0.0
202606231133,118.26,118.35,118.36,118.26,31.0
202606231134,118.35,118.35,118.35,118.35,0.0
202606231135,118.35,118.35,118.35,118.35,0.0
202606231136,118.21,118.21,118.22,118.21,1.0
202606231137,118.21,118.21,118.21,118.21,0.0
202606231138,118.3,118.3,118.3,118.3,2.0
202606231139,118.3,118.3,118.3,118.3,0.0
202606231140,118.33,118.43,118.43,118.33,2.0
202606231141,118.44,118.45,118.45,118.44,9.0
202606231142,118.45,118.45,118.45,118.45,10.0
202606231143,118.45,118.45,118.45,118.45,0.0
202606231144,118.4,118.4,118.4,118.4,1.0
202606231145,118.45,118.45,118.45,118.45,1.0
202606231146,118.45,118.45,118.45,118.45,13.0
202606231147,118.45,118.45,118.45,118.45,0.0
202606231148,118.45,118.45,118.45,118.45,0.0
202606231149,118.35,118.39,118.39,118.35,3.0
202606231150,118.4,118.4,118.4,118.4,1.0
202606231151,118.27,118.27,118.27,118.27,2.0
202606231152,118.21,118.2,118.21,118.2,14.0
202606231153,118.27,118.27,118.34,118.27,7.0
202606231154,118.31,118.31,118.31,118.3,1.0
202606231155,118.31,118.31,118.31,118.31,0.0
202606231156,118.2,118.2,118.21,118.2,3.0
202606231157,118.2,118.2,118.2,118.2,6.0
202606231158,118.25,118.25,118.25,118.25,1.0
202606231159,118.2,118.2,118.2,118.2,1.0
202606231200,118.21,118.2,118.21,118.2,3.0
202606231201,118.22,118.22,118.22,118.22,1.0
202606231202,118.24,118.2,118.24,118.2,14.0
202606231203,118.2,118.2,118.2,118.2,0.0
202606231204,118.2,118.2,118.2,118.2,0.0
202606231205,118.2,118.2,118.2,118.2,0.0
202606231206,118.28,118.28,118.29,118.28,1.0
202606231207,118.23,118.23,118.23,118.23,1.0
202606231208,118.23,118.23,118.23,118.23,0.0
202606231209,118.23,118.23,118.23,118.23,0.0
202606231210,118.4,118.35,118.4,118.35,2.0
202606231211,118.34,118.34,118.34,118.34,3.0
202606231212,118.34,118.34,118.34,118.34,0.0
202606231213,118.22,118.22,118.22,118.22,2.0
202606231214,118.22,118.22,118.22,118.22,0.0
202606231215,118.26,118.26,118.26,118.26,1.0
202606231216,118.28,118.28,118.28,118.28,2.0
202606231217,118.2,118.2,118.2,118.2,40.0
202606231218,118.2,118.2,118.2,118.2,0.0
202606231219,118.37,118.37,118.38,118.37,1.0
202606231220,118.36,118.38,118.38,118.36,3.0
202606231221,118.37,118.2,118.37,118.2,41.0
202606231222,118.2,118.2,118.2,118.2,0.0
202606231223,118.22,118.39,118.39,118.22,17.0
202606231224,118.35,118.35,118.35,118.35,4.0
202606231225,118.35,118.35,118.35,118.35,0.0
202606231226,118.35,118.35,118.35,118.35,0.0
202606231227,118.35,118.35,118.35,118.35,0.0
202606231228,118.35,118.35,118.35,118.35,0.0
202606231229,118.21,118.21,118.21,118.21,5.0
202606231230,118.21,118.21,118.21,118.21,0.0
202606231231,118.3,118.3,118.3,118.3,3.0
202606231232,118.3,118.3,118.3,118.3,1.0
202606231233,118.3,118.3,118.3,118.3,0.0
202606231234,118.3,118.23,118.3,118.23,5.0
202606231235,118.31,118.24,118.32,118.24,12.0
202606231236,118.3,118.3,118.3,118.3,2.0
202606231237,118.23,118.23,118.23,118.22,13.0
202606231238,118.23,118.23,118.23,118.23,0.0
202606231239,118.23,118.23,118.23,118.23,0.0
202606231240,118.27,118.27,118.27,118.27,10.0
202606231241,118.27,118.27,118.27,118.27,0.0
202606231242,118.34,118.35,118.35,118.34,4.0
202606231243,118.35,118.32,118.35,118.32,2.0
202606231244,118.4,118.4,118.4,118.4,2.0
202606231245,118.4,118.4,118.4,118.4,4.0
202606231246,118.4,118.4,118.4,118.4,0.0
202606231247,118.48,118.48,118.48,118.48,1.0
202606231248,118.48,118.48,118.48,118.48,0.0
202606231249,118.43,118.43,118.43,118.43,1.0
202606231250,118.43,118.43,118.43,118.43,0.0
202606231251,118.44,118.49,118.5,118.44,20.0
202606231252,118.54,118.55,118.55,118.54,9.0
202606231253,118.55,118.55,118.55,118.55,0.0
202606231254,118.55,118.55,118.55,118.55,1.0
202606231255,118.5,118.5,118.5,118.5,10.0
202606231256,118.51,118.62,118.62,118.5,7.0
202606231257,118.62,118.62,118.62,118.62,0.0
202606231258,118.5,118.5,118.5,118.5,2.0
202606231259,118.5,118.5,118.5,118.5,0.0
202606231300,118.5,118.5,118.5,118.5,0.0
202606231301,118.6,118.6,118.6,118.6,5.0
202606231302,118.6,118.6,118.6,118.6,0.0
202606231303,118.6,118.6,118.6,118.6,1.0
202606231304,118.7,118.75,118.75,118.7,18.0
202606231305,118.7,118.62,118.7,118.62,4.0
202606231306,118.77,118.77,118.77,118.77,3.0
202606231307,118.75,118.79,118.79,118.75,5.0
202606231308,118.79,118.79,118.79,118.79,0.0
202606231309,118.7,118.5,118.7,118.5,56.0
202606231310,118.5,118.5,118.5,118.5,0.0
202606231311,118.7,118.63,118.7,118.56,6.0
202606231312,118.55,118.55,118.55,118.55,1.0
202606231313,118.7,118.46,118.7,118.45,5.0
202606231314,118.66,118.46,118.67,118.45,17.0
202606231315,118.46,118.46,118.46,118.46,0.0
202606231316,118.74,118.76,118.77,118.74,14.0
202606231317,118.67,118.79,118.8,118.67,3.0
202606231318,118.81,118.83,118.83,118.7,40.0
202606231319,118.74,118.74,118.74,118.74,2.0
202606231320,118.9,118.84,118.9,118.84,2.0
202606231321,118.84,118.84,118.84,118.84,1.0
202606231322,118.68,118.67,118.68,118.67,3.0
202606231323,118.72,118.69,118.72,118.69,2.0
202606231324,118.72,118.72,118.73,118.72,2.0
202606231325,118.78,118.9,118.9,118.75,22.0
202606231326,118.98,119.1,119.1,118.98,60.0
202606231327,119.13,119.1,119.26,119.1,59.0
202606231328,119.48,119.68,119.72,119.28,100.0
202606231329,119.77,119.65,119.81,119.65,82.0
202606231330,119.68,119.01,119.87,118.73,5402.0
202606231331,118.98,119.37,119.66,118.95,949.0
202606231332,119.34,119.27,119.54,119.17,1015.0
202606231333,119.29,119.31,119.59,119.23,763.0
202606231334,119.31,119.14,119.36,119.1,543.0
202606231335,119.13,119.02,119.39,118.99,381.0
202606231336,119.01,119.06,119.18,118.95,432.0
202606231337,119.05,119.52,119.56,119.05,820.0
202606231338,119.5,119.66,119.68,119.43,360.0
202606231339,119.63,119.23,119.63,119.22,977.0
202606231340,119.23,119.28,119.38,119.09,890.0
202606231341,119.26,119.14,119.33,119.13,490.0
202606231342,119.16,119.41,119.47,119.14,357.0
202606231343,119.4,119.08,119.45,119.03,241.0
202606231344,119.09,119.16,119.16,119.02,241.0
202606231345,119.18,119.45,119.48,119.11,378.0
202606231346,119.47,119.43,119.57,119.4,372.0
202606231347,119.43,119.44,119.53,119.37,363.0
202606231348,119.45,119.22,119.51,119.13,547.0
202606231349,119.2,119.19,119.27,119.12,594.0
202606231350,119.21,119.12,119.26,119.1,291.0
202606231351,119.12,118.96,119.12,118.87,477.0
202606231352,118.96,119.09,119.16,118.83,320.0
202606231353,119.09,119.09,119.18,119.03,197.0
202606231354,119.08,119.33,119.35,119.0,227.0
202606231355,119.31,119.22,119.31,119.09,370.0
202606231356,119.22,119.37,119.48,119.22,373.0
202606231357,119.38,119.44,119.49,119.33,342.0
202606231358,119.44,119.28,119.46,119.25,178.0
202606231359,119.27,119.18,119.28,119.18,235.0
202606231400,119.2,119.22,119.27,119.13,167.0
202606231401,119.18,119.01,119.18,118.96,214.0
202606231402,119.03,118.88,119.03,118.83,259.0
202606231403,118.88,119.05,119.1,118.85,331.0
202606231404,119.02,118.95,119.05,118.94,208.0
202606231405,118.95,119.1,119.14,118.93,305.0
202606231406,119.08,119.0,119.08,118.9,204.0
202606231407,119.01,119.16,119.16,118.93,372.0
202606231408,119.14,119.16,119.18,119.0,241.0
202606231409,119.16,119.12,119.16,119.0,292.0
202606231410,119.13,119.16,119.19,119.1,192.0
202606231411,119.15,119.05,119.16,119.04,578.0
202606231412,119.05,119.03,119.08,119.03,151.0
202606231413,119.04,118.88,119.05,118.86,381.0
202606231414,118.88,118.78,118.93,118.78,422.0
202606231415,118.75,118.77,118.79,118.63,169.0
202606231416,118.75,118.64,118.78,118.62,178.0
202606231417,118.64,118.66,118.68,118.56,419.0
202606231418,118.68,118.72,118.81,118.65,208.0
202606231419,118.71,118.8,118.8,118.7,200.0
202606231420,118.78,118.73,118.82,118.73,179.0
202606231421,118.72,118.71,118.75,118.69,241.0
202606231422,118.73,118.8,118.82,118.7,127.0
202606231423,118.79,118.77,118.81,118.74,134.0
202606231424,118.76,118.78,118.85,116.34,1220.0
202606231425,118.77,118.89,118.9,118.69,273.0
202606231426,118.91,119.08,119.1,118.89,472.0
202606231427,119.1,119.14,119.23,119.02,653.0
202606231428,119.15,119.14,119.19,119.14,164.0
202606231429,119.15,119.12,119.15,119.02,196.0
202606231430,119.1,119.33,119.36,119.08,297.0
202606231431,119.32,119.41,119.44,119.29,302.0
202606231432,119.42,119.56,119.58,119.38,445.0
202606231433,119.56,119.39,119.59,119.33,664.0
202606231434,119.38,119.3,119.39,119.3,177.0
202606231435,119.32,119.25,119.35,119.23,234.0
202606231436,119.22,119.2,119.24,119.17,164.0
202606231437,119.19,119.16,119.2,119.09,213.0
202606231438,119.16,119.22,119.32,119.15,817.0
202606231439,119.22,119.21,119.26,119.19,96.0
202606231440,119.2,119.24,119.31,119.14,213.0
202606231441,119.24,119.27,119.29,119.15,184.0
202606231442,119.3,119.37,119.43,119.3,276.0
202606231443,119.38,119.27,119.42,119.26,143.0
202606231444,119.27,119.31,119.32,119.24,154.0
202606231445,119.31,119.39,119.42,119.31,161.0
202606231446,119.39,119.45,119.48,119.38,219.0
202606231447,119.45,119.45,119.48,119.4,153.0
202606231448,119.47,119.56,119.56,119.38,432.0
202606231449,119.55,119.5,119.56,119.46,363.0
202606231450,119.5,119.35,119.52,119.34,198.0
202606231451,119.34,119.33,119.35,119.25,199.0
202606231452,119.35,119.4,119.4,119.32,140.0
202606231453,119.42,119.49,119.49,119.4,212.0
202606231454,119.47,119.43,119.48,119.37,142.0
202606231455,119.44,119.35,119.46,119.35,127.0
202606231456,119.35,119.27,119.36,119.22,244.0
202606231457,119.29,119.29,119.38,119.26,170.0
202606231458,119.3,119.44,119.49,119.29,178.0
202606231459,119.42,119.42,119.44,119.38,181.0
202606231500,119.4,119.34,119.4,119.26,140.0
202606231501,119.34,119.24,119.35,119.24,119.0
202606231502,119.25,119.4,119.41,119.25,111.0
202606231503,119.41,119.54,119.58,119.41,410.0
202606231504,119.54,119.52,119.56,119.45,88.0
202606231505,119.54,119.64,119.65,119.49,259.0
202606231506,119.63,119.7,119.71,119.6,329.0
202606231507,119.7,119.63,119.71,119.6,216.0
202606231508,119.6,119.77,119.79,119.6,364.0
202606231509,119.77,119.97,119.98,119.77,458.0
202606231510,119.98,120.03,120.12,119.98,1138.0
202606231511,120.03,120.13,120.16,120.02,431.0
202606231512,120.13,120.13,120.17,120.09,277.0
202606231513,120.11,120.18,120.2,120.11,383.0
202606231514,120.19,120.2,120.22,120.13,309.0
202606231515,120.19,120.21,120.25,120.17,320.0
202606231516,120.2,120.13,120.25,120.13,309.0
202606231517,120.13,120.06,120.18,120.06,426.0
202606231518,120.07,120.08,120.11,119.97,575.0
202606231519,120.08,120.04,120.11,120.03,162.0
202606231520,120.04,119.98,120.05,119.97,501.0
202606231521,119.97,119.87,120.0,119.86,1015.0
202606231522,119.86,119.91,119.94,119.82,542.0
202606231523,119.9,119.96,120.02,119.9,244.0
202606231524,119.96,119.93,120.0,119.92,306.0
202606231525,119.92,119.85,119.92,119.83,211.0
202606231526,119.87,119.88,119.9,119.86,150.0
202606231527,119.88,119.88,119.92,119.84,179.0
202606231528,119.89,119.89,119.93,119.87,271.0
202606231529,119.89,119.89,119.91,119.82,157.0
202606231530,119.88,119.94,119.97,119.88,161.0
202606231531,119.95,119.97,119.97,119.83,511.0
202606231532,119.98,119.9,119.98,119.89,183.0
202606231533,119.9,119.92,119.94,119.88,224.0
202606231534,119.91,119.84,119.91,119.84,174.0
202606231535,119.84,119.89,119.95,119.83,176.0
202606231536,119.89,119.82,119.89,119.8,308.0
202606231537,119.82,119.89,119.92,119.81,171.0
202606231538,119.89,119.84,119.91,119.83,370.0
202606231539,119.84,119.83,119.85,119.81,82.0
202606231540,119.8,119.89,119.9,119.8,165.0
202606231541,119.89,119.97,119.97,119.86,202.0
202606231542,119.96,119.97,119.99,119.92,187.0
202606231543,119.98,119.97,120.0,119.94,197.0
202606231544,119.96,120.01,120.05,119.94,241.0
202606231545,120.0,119.92,120.01,119.9,214.0
202606231546,119.91,119.86,119.94,119.83,390.0
202606231547,119.86,119.91,119.91,119.84,231.0
202606231548,119.91,119.98,119.99,119.87,324.0
202606231549,119.98,119.98,120.02,119.94,200.0
202606231550,119.98,120.01,120.03,119.9,306.0
202606231551,120.02,119.97,120.04,119.96,124.0
202606231552,119.98,119.92,119.99,119.92,154.0
202606231553,119.94,119.89,119.96,119.87,138.0
202606231554,119.89,119.88,119.89,119.85,90.0
202606231555,119.88,119.88,119.91,119.85,137.0
202606231556,119.87,119.8,119.87,119.78,124.0
202606231557,119.8,119.82,119.82,119.76,139.0
202606231558,119.81,119.84,119.84,119.79,130.0
202606231559,119.85,119.84,119.85,119.81,135.0
202606231600,119.83,119.74,119.85,119.73,167.0
202606231601,119.74,119.68,119.76,119.66,191.0
202606231602,119.68,119.66,119.69,119.63,151.0
202606231603,119.65,119.64,119.68,119.62,197.0
202606231604,119.66,119.61,119.68,119.53,125.0
202606231605,119.64,119.7,119.71,119.64,152.0
202606231606,119.7,119.73,119.74,119.69,129.0
202606231607,119.72,119.68,119.75,119.67,232.0
202606231608,119.68,119.58,119.68,119.56,92.0
202606231609,119.55,119.56,119.6,119.53,127.0
202606231610,119.57,119.54,119.58,119.51,111.0
202606231611,119.53,119.47,119.54,119.46,164.0
202606231612,119.47,119.53,119.54,119.46,84.0
202606231613,119.53,119.53,119.55,119.48,108.0
202606231614,119.54,119.63,119.65,119.53,122.0
202606231615,119.62,119.7,119.72,119.62,150.0
202606231616,119.7,119.63,119.73,119.61,188.0
202606231617,119.63,119.66,119.68,119.62,103.0
202606231618,119.63,119.68,119.69,119.63,85.0
202606231619,119.67,119.69,119.69,119.63,125.0
202606231620,119.69,119.74,119.74,119.66,187.0
202606231621,119.75,119.75,119.77,119.72,254.0
202606231622,119.76,119.73,119.78,119.72,102.0
202606231623,119.72,119.73,119.76,119.72,117.0
202606231624,119.73,119.7,119.76,119.68,113.0
202606231625,119.71,119.64,119.72,119.64,80.0
202606231626,119.65,119.68,119.69,119.65,63.0
202606231627,119.69,119.7,119.72,119.68,78.0
202606231628,119.7,119.67,119.71,119.67,111.0
202606231629,119.67,119.66,119.67,119.63,107.0
202606231630,119.66,119.68,119.72,119.64,196.0
202606231631,119.68,119.73,119.76,119.68,174.0
202606231632,119.73,119.71,119.73,119.7,104.0
202606231633,119.71,119.71,119.73,119.7,88.0
202606231634,119.72,119.68,119.73,119.68,88.0
202606231635,119.68,119.68,119.71,119.67,129.0
202606231636,119.68,119.76,119.76,119.67,134.0
202606231637,119.75,119.72,119.76,119.72,124.0
202606231638,119.73,119.72,119.73,119.7,108.0
202606231639,119.72,119.69,119.73,119.68,105.0
202606231640,119.69,119.72,119.72,119.68,136.0
202606231641,119.72,119.73,119.76,119.7,122.0
202606231642,119.73,119.59,119.73,119.59,112.0
202606231643,119.59,119.58,119.62,119.57,120.0
202606231644,119.59,119.53,119.6,119.53,160.0
202606231645,119.53,119.56,119.6,119.53,134.0
202606231646,119.55,119.53,119.56,119.48,92.0
202606231647,119.53,119.44,119.55,119.41,143.0
202606231648,119.43,119.5,119.51,119.42,89.0
202606231649,119.5,119.49,119.52,119.48,50.0
202606231650,119.5,119.52,119.55,119.49,172.0
202606231651,119.53,119.54,119.58,119.51,103.0
202606231652,119.54,119.59,119.59,119.53,133.0
202606231653,119.6,119.66,119.68,119.59,204.0
202606231654,119.66,119.71,119.72,119.66,136.0
202606231655,119.71,119.7,119.73,119.69,165.0
202606231656,119.7,119.73,119.75,119.69,140.0
202606231657,119.72,119.64,119.73,119.64,126.0
202606231658,119.64,119.58,119.65,119.56,128.0
202606231659,119.58,119.58,119.62,119.58,312.0
202606231700,119.57,119.54,119.59,119.53,70.0
202606231701,119.53,119.58,119.59,119.53,136.0
202606231702,119.57,119.59,119.62,119.57,168.0
202606231703,119.6,119.58,119.6,119.55,189.0
202606231704,119.58,119.51,119.59,119.51,93.0
202606231705,119.53,119.49,119.55,119.49,159.0
202606231706,119.5,119.53,119.53,119.5,163.0
202606231707,119.52,119.52,119.54,119.48,214.0
202606231708,119.52,119.53,119.54,119.52,51.0
202606231709,119.53,119.55,119.56,119.51,242.0
202606231710,119.55,119.59,119.6,119.55,179.0
202606231711,119.58,119.62,119.63,119.56,166.0
202606231712,119.62,119.52,119.62,119.51,140.0
202606231713,119.52,119.51,119.53,119.5,83.0
202606231714,119.52,119.5,119.53,119.5,159.0
202606231715,119.49,119.48,119.5,119.47,86.0
202606231716,119.49,119.51,119.53,119.46,167.0
202606231717,119.52,119.45,119.52,119.45,117.0
202606231718,119.45,119.47,119.47,119.43,124.0
202606231719,119.46,119.49,119.57,119.46,293.0
202606231720,119.5,119.53,119.54,119.5,114.0
202606231721,119.53,119.55,119.58,119.53,207.0
202606231722,119.55,119.48,119.55,119.48,90.0
202606231723,119.49,119.48,119.51,119.48,122.0
202606231724,119.48,119.47,119.51,119.45,166.0
202606231725,119.47,119.47,119.48,119.44,76.0
202606231726,119.47,119.46,119.47,119.43,61.0
202606231727,119.46,119.47,119.52,119.46,319.0
202606231728,119.47,119.41,119.47,119.39,168.0
202606231729,119.42,119.41,119.44,119.4,79.0
202606231730,119.43,119.42,119.44,119.39,108.0
202606231731,119.42,119.53,119.55,119.42,103.0
202606231732,119.52,119.49,119.55,119.45,663.0
202606231733,119.5,119.63,119.67,119.5,358.0
202606231734,119.63,119.61,119.64,119.58,99.0
202606231735,119.62,119.64,119.65,119.62,105.0
202606231736,119.65,119.65,119.71,119.63,178.0
202606231737,119.64,119.66,119.69,119.64,93.0
202606231738,119.65,119.63,119.65,119.6,166.0
202606231739,119.63,119.62,119.66,119.58,132.0
202606231740,119.61,119.65,119.67,119.61,93.0
202606231741,119.66,119.66,119.67,119.65,72.0
202606231742,119.66,119.7,119.73,119.64,212.0
202606231743,119.7,119.68,119.72,119.67,129.0
202606231744,119.68,119.7,119.71,119.66,80.0
202606231745,119.69,119.72,119.74,119.68,107.0
202606231746,119.72,119.72,119.76,119.68,711.0
202606231747,119.73,119.73,119.75,119.71,101.0
202606231748,119.73,119.72,119.74,119.7,60.0
202606231749,119.73,119.75,119.75,119.73,151.0
202606231750,119.74,119.71,119.74,119.7,122.0
202606231751,119.71,119.7,119.76,119.7,155.0
202606231752,119.72,119.76,119.77,119.72,118.0
202606231753,119.77,119.76,119.79,119.74,182.0
202606231754,119.76,119.7,119.8,119.7,136.0
202606231755,119.71,119.7,119.73,119.7,104.0
202606231756,119.71,119.69,119.72,119.69,144.0
202606231757,119.69,119.69,119.7,119.65,171.0
202606231758,119.7,119.73,119.75,119.7,119.0
202606231759,119.74,119.77,119.79,119.73,164.0
202606231800,119.78,119.74,119.8,119.72,151.0
202606231801,119.74,119.64,119.79,119.64,191.0
202606231802,119.64,119.6,119.66,119.6,85.0
202606231803,119.6,119.61,119.61,119.54,206.0
202606231804,119.61,119.68,119.69,119.6,127.0
202606231805,119.68,119.62,119.69,119.61,188.0
202606231806,119.62,119.61,119.63,119.55,195.0
202606231807,119.6,119.53,119.6,119.5,248.0
202606231808,119.52,119.49,119.52,119.47,103.0
202606231809,119.5,119.47,119.51,119.47,126.0
202606231810,119.47,119.49,119.51,119.47,96.0
202606231811,119.49,119.55,119.61,119.48,211.0
202606231812,119.54,119.51,119.56,119.51,172.0
202606231813,119.51,119.57,119.57,119.51,160.0
202606231814,119.58,119.59,119.62,119.57,124.0
202606231815,119.59,119.61,119.63,119.58,73.0
202606231816,119.61,119.63,119.65,119.6,118.0
202606231817,119.63,119.66,119.67,119.63,119.0
202606231818,119.64,119.67,119.67,119.64,115.0
202606231819,119.68,119.64,119.71,119.64,223.0
202606231820,119.64,119.64,119.65,119.6,282.0
202606231821,119.63,119.59,119.65,119.58,131.0
202606231822,119.59,119.55,119.6,119.54,113.0
202606231823,119.55,119.54,119.56,119.52,170.0
202606231824,119.54,119.51,119.56,119.51,92.0
202606231825,119.51,119.42,119.52,119.42,81.0
202606231826,119.42,119.45,119.46,119.38,149.0
202606231827,119.46,119.39,119.47,119.39,170.0
202606231828,119.4,119.45,119.45,119.35,152.0
202606231829,119.45,119.44,119.48,119.43,51.0
202606231830,119.4,119.44,119.48,119.38,140.0
202606231831,119.44,119.54,119.61,119.4,1531.0
202606231832,119.54,119.65,119.65,119.47,478.0
202606231833,119.6,119.5,119.7,119.5,719.0
202606231834,119.5,119.58,119.6,119.5,146.0
202606231835,119.58,119.63,119.64,119.54,347.0
202606231836,119.63,119.63,119.65,119.61,110.0
202606231837,119.64,119.64,119.66,119.62,133.0
202606231838,119.63,119.62,119.66,119.59,526.0
202606231839,119.61,119.65,119.67,119.59,170.0
202606231840,119.64,119.65,119.69,119.62,164.0
202606231841,119.64,119.73,119.75,119.62,277.0
202606231842,119.73,119.68,119.75,119.68,186.0
202606231843,119.68,119.72,119.74,119.66,215.0
202606231844,119.72,119.74,119.76,119.71,183.0
202606231845,119.76,119.6,119.77,119.58,617.0
202606231846,119.6,119.55,119.6,119.51,153.0
202606231847,119.54,119.56,119.58,119.5,144.0
202606231848,119.57,119.52,119.58,119.5,172.0
202606231849,119.52,119.52,119.59,119.48,324.0
202606231850,119.53,119.55,119.55,119.49,233.0
202606231851,119.54,119.59,119.6,119.5,309.0
202606231852,119.61,119.54,119.62,119.53,176.0
202606231853,119.54,119.52,119.55,119.47,102.0
202606231854,119.52,119.47,119.53,119.46,171.0
202606231855,119.49,119.45,119.51,119.45,122.0
202606231856,119.47,119.42,119.48,119.42,163.0
202606231857,119.41,119.41,119.44,119.38,95.0
202606231858,119.41,119.39,119.43,119.39,271.0
202606231859,119.42,119.36,119.43,119.36,187.0
202606231900,119.38,119.4,119.41,119.34,157.0
202606231901,119.41,119.34,119.44,119.28,206.0
202606231902,119.33,119.28,119.38,119.28,168.0
202606231903,119.3,119.3,119.33,119.23,368.0
202606231904,119.3,119.35,119.35,119.29,212.0
202606231905,119.36,119.41,119.44,119.34,197.0
202606231906,119.41,119.4,119.41,119.36,329.0
202606231907,119.4,119.4,119.42,119.38,355.0
202606231908,119.4,119.49,119.57,119.4,887.0
202606231909,119.5,119.5,119.51,119.45,181.0
202606231910,119.49,119.43,119.5,119.42,249.0
202606231911,119.43,119.41,119.44,119.39,186.0
202606231912,119.4,119.28,119.41,119.28,148.0
202606231913,119.3,119.25,119.31,119.18,551.0
202606231914,119.24,119.27,119.27,119.22,221.0
202606231915,119.26,119.23,119.28,119.22,435.0
202606231916,119.24,119.21,119.25,119.2,280.0
202606231917,119.21,119.2,119.22,119.14,437.0
202606231918,119.19,119.2,119.21,119.14,267.0
202606231919,119.19,119.2,119.23,119.17,282.0
202606231920,119.19,119.25,119.25,119.16,302.0
202606231921,119.22,119.24,119.27,119.22,153.0
202606231922,119.24,119.39,119.39,119.24,592.0
202606231923,119.41,119.39,119.41,119.36,295.0
202606231924,119.4,119.34,119.4,119.29,174.0
202606231925,119.33,119.38,119.41,119.33,119.0
202606231926,119.37,119.47,119.51,119.35,189.0
202606231927,119.48,119.5,119.5,119.45,261.0
202606231928,119.49,119.45,119.49,119.42,218.0
202606231929,119.45,119.45,119.47,119.41,286.0
202606231930,119.47,119.58,119.58,119.43,298.0
202606231931,119.57,119.55,119.68,119.53,957.0
202606231932,119.55,119.54,119.58,119.49,279.0
202606231933,119.53,119.45,119.56,119.42,200.0
202606231934,119.46,119.53,119.54,119.4,847.0
202606231935,119.53,119.56,119.61,119.53,389.0
202606231936,119.56,119.59,119.59,119.52,344.0
202606231937,119.59,119.54,119.64,119.53,317.0
202606231938,119.54,119.49,119.54,119.47,280.0
202606231939,119.5,119.54,119.54,119.46,285.0
202606231940,119.53,119.6,119.62,119.53,245.0
202606231941,119.59,119.67,119.68,119.58,291.0
202606231942,119.66,119.65,119.75,119.64,273.0
202606231943,119.65,119.62,119.72,119.59,1183.0
202606231944,119.61,119.63,119.66,119.59,309.0
202606231945,119.63,119.82,119.87,119.62,3154.0
202606231946,119.82,119.73,119.83,119.71,455.0
202606231947,119.73,119.56,119.73,119.55,360.0
202606231948,119.55,119.61,119.65,119.52,641.0
202606231949,119.59,119.68,119.7,119.52,391.0
202606231950,119.7,119.7,119.71,119.52,596.0
202606231951,119.72,119.67,119.74,119.6,630.0
202606231952,119.66,119.6,119.77,119.6,1061.0
202606231953,119.63,119.81,119.89,119.62,1370.0
202606231954,119.81,119.91,119.97,119.8,986.0
202606231955,119.9,119.77,119.92,119.52,2034.0
202606231956,119.78,119.78,119.83,119.74,850.0
202606231957,119.78,119.64,119.82,119.64,1345.0
202606231958,119.64,119.66,119.71,119.63,2360.0
202606231959,119.66,119.42,119.72,119.37,5376.0
202606232000,119.42,119.51,119.54,119.42,54465.0
202606232001,119.51,119.51,119.51,119.51,0.0
202606232002,119.51,119.51,119.51,119.51,0.0
202606232003,119.51,119.51,119.51,119.51,0.0
202606232004,119.51,119.51,119.51,119.51,0.0
202606232005,119.4,119.5,119.5,119.4,7.0
202606232006,119.45,119.45,119.45,119.45,1.0
202606232007,119.45,119.45,119.45,119.45,0.0
202606232008,119.45,119.45,119.45,119.45,0.0
202606232009,119.45,119.45,119.45,119.45,0.0
202606232010,119.45,119.45,119.45,119.45,0.0
202606232011,119.55,119.52,119.55,119.5,5.0
202606232012,119.47,119.47,119.47,119.46,1.0
202606232013,119.47,119.47,119.47,119.47,0.0
202606232014,119.47,119.47,119.47,119.47,0.0
202606232015,119.47,119.47,119.47,119.47,0.0
202606232016,119.47,119.47,119.47,119.47,0.0
202606232017,119.47,119.47,119.47,119.47,0.0
202606232018,119.47,119.47,119.47,119.47,0.0
202606232019,119.5,119.5,119.5,119.5,2.0
202606232020,119.48,119.48,119.49,119.48,1.0
202606232021,119.48,119.48,119.48,119.48,0.0
202606232022,119.47,119.47,119.48,119.47,2.0
202606232023,119.47,119.47,119.47,119.47,2.0
202606232024,119.47,119.47,119.47,119.47,0.0
202606232025,119.35,119.35,119.35,119.35,10.0
202606232026,119.35,119.35,119.35,119.35,0.0
202606232027,119.35,119.35,119.35,119.35,0.0
202606232028,119.35,119.35,119.35,119.35,0.0
202606232029,119.35,119.35,119.35,119.35,0.0
202606232030,119.35,119.35,119.35,119.35,0.0
202606232031,119.35,119.35,119.35,119.35,0.0
202606232032,119.35,119.35,119.35,119.35,0.0
202606232033,119.35,119.35,119.35,119.35,0.0
202606232034,119.35,119.35,119.35,119.35,0.0
202606232035,119.4,119.4,119.4,119.4,1.0
202606232036,119.4,119.4,119.4,119.4,0.0
202606232037,119.4,119.4,119.4,119.4,0.0
202606232038,119.4,119.4,119.4,119.4,0.0
202606232039,119.4,119.4,119.4,119.4,0.0
202606232040,119.4,119.4,119.4,119.4,0.0
202606232041,119.42,119.42,119.43,119.42,2.0
202606232042,119.42,119.42,119.42,119.42,0.0
202606232043,119.42,119.42,119.42,119.42,0.0
202606232044,119.42,119.42,119.42,119.42,0.0
202606232045,119.42,119.42,119.42,119.42,1.0
202606232046,119.42,119.42,119.42,119.42,0.0
202606232047,119.42,119.42,119.42,119.42,0.0
202606232048,119.42,119.42,119.42,119.42,0.0
202606232049,119.42,119.42,119.42,119.42,0.0
202606232050,119.42,119.42,119.42,119.42,0.0
202606232051,119.39,119.39,119.39,119.38,2.0
202606232052,119.4,119.4,119.4,119.4,1.0
202606232053,119.4,119.4,119.4,119.4,0.0
202606232054,119.4,119.4,119.4,119.4,0.0
202606232055,119.4,119.4,119.4,119.4,0.0
202606232056,119.42,119.47,119.48,119.42,5.0
202606232057,119.47,119.47,119.47,119.47,0.0
202606232058,119.43,119.43,119.43,119.43,2.0
202606232059,119.43,119.43,119.43,119.43,0.0
202606232100,119.43,119.43,119.43,119.43,0.0
202606232101,119.43,119.43,119.43,119.43,0.0
202606232102,119.43,119.43,119.43,119.43,0.0
202606232103,119.43,119.43,119.43,119.43,0.0
202606232104,119.43,119.43,119.43,119.43,0.0
202606232105,119.43,119.43,119.43,119.43,0.0
202606232106,119.43,119.43,119.43,119.43,0.0
202606232107,119.43,119.43,119.43,119.43,0.0
202606232108,119.43,119.43,119.43,119.43,0.0
202606232109,119.43,119.43,119.43,119.43,0.0
202606232110,119.43,119.43,119.43,119.43,0.0
202606232111,119.43,119.43,119.43,119.43,0.0
202606232112,119.46,119.46,119.46,119.46,2.0
202606232113,119.46,119.46,119.46,119.46,0.0
202606232114,119.5,119.5,119.5,119.5,1.0
202606232115,119.5,119.5,119.5,119.5,0.0
202606232116,119.5,119.5,119.5,119.5,0.0
202606232117,119.5,119.5,119.5,119.5,0.0
202606232118,119.5,119.5,119.5,119.5,0.0
202606232119,119.5,119.5,119.5,119.5,0.0
202606232120,119.5,119.5,119.5,119.5,0.0
202606232121,119.5,119.5,119.5,119.5,0.0
202606232122,119.5,119.5,119.5,119.5,0.0
202606232123,119.5,119.5,119.5,119.5,0.0
202606232124,119.5,119.5,119.5,119.5,0.0
202606232125,119.5,119.5,119.5,119.5,0.0
202606232126,119.4,119.4,119.41,119.4,1.0
202606232127,119.4,119.4,119.4,119.4,0.0
202606232128,119.4,119.4,119.4,119.4,0.0
202606232129,119.41,119.41,119.42,119.41,1.0
202606232130,119.43,119.43,119.43,119.43,1.0
202606232131,119.49,119.49,119.5,119.49,1.0
202606232132,119.43,119.43,119.43,119.43,1.0
202606232133,119.43,119.43,119.43,119.43,0.0
202606232134,119.48,119.48,119.49,119.48,1.0
202606232135,119.48,119.48,119.48,119.48,0.0
202606232136,119.48,119.48,119.48,119.48,0.0
202606232137,119.48,119.48,119.48,119.48,0.0
202606232138,119.47,119.47,119.47,119.46,4.0
202606232139,119.47,119.47,119.47,119.47,0.0
202606232140,119.47,119.47,119.47,119.47,0.0
202606232141,119.47,119.47,119.47,119.47,0.0
202606232142,119.47,119.47,119.47,119.47,0.0
202606232143,119.47,119.47,119.47,119.47,0.0
202606232144,119.45,119.45,119.45,119.45,2.0
202606232145,119.45,119.45,119.45,119.45,0.0
202606232146,119.45,119.45,119.45,119.45,0.0
202606232147,119.45,119.45,119.45,119.45,0.0
202606232148,119.45,119.45,119.45,119.45,0.0
202606232149,119.45,119.45,119.45,119.45,0.0
202606232150,119.45,119.45,119.45,119.45,0.0
202606232151,119.45,119.45,119.45,119.45,0.0
202606232152,119.45,119.45,119.45,119.45,0.0
202606232153,119.45,119.45,119.45,119.45,0.0
202606232154,119.45,119.45,119.45,119.45,0.0
202606232155,119.45,119.45,119.45,119.45,0.0
202606232156,119.45,119.45,119.45,119.45,0.0
202606232157,119.45,119.45,119.45,119.45,0.0
202606232158,119.45,119.45,119.45,119.45,0.0
202606232159,119.45,119.45,119.45,119.45,0.0
202606232200,119.45,119.45,119.45,119.45,0.0
202606232201,119.45,119.45,119.45,119.45,0.0
202606232202,119.45,119.45,119.45,119.45,0.0
202606232203,119.5,119.5,119.5,119.5,2.0
202606232204,119.5,119.5,119.5,119.5,0.0
202606232205,119.5,119.5,119.5,119.5,0.0
202606232206,119.5,119.5,119.5,119.5,0.0
202606232207,119.5,119.5,119.5,119.5,0.0
202606232208,119.5,119.5,119.5,119.5,0.0
202606232209,119.5,119.5,119.5,119.5,0.0
202606232210,119.5,119.5,119.5,119.5,0.0
202606232211,119.5,119.5,119.5,119.5,0.0
202606232212,119.5,119.5,119.5,119.5,0.0
202606232213,119.5,119.5,119.5,119.5,0.0
202606232214,119.5,119.5,119.5,119.5,0.0
202606232215,119.5,119.5,119.5,119.5,0.0
202606232216,119.5,119.5,119.5,119.5,0.0
202606232217,119.5,119.5,119.5,119.5,0.0
202606232218,119.5,119.5,119.5,119.5,0.0
202606232219,119.5,119.5,119.5,119.5,0.0
202606232220,119.5,119.5,119.5,119.5,0.0
202606232221,119.41,119.41,119.42,119.41,1.0
202606232222,119.41,119.41,119.41,119.41,0.0
202606232223,119.39,119.39,119.39,119.39,1.0
202606232224,119.39,119.39,119.39,119.39,0.0
202606232225,119.39,119.39,119.39,119.39,0.0
202606232226,119.39,119.39,119.39,119.39,0.0
202606232227,119.39,119.39,119.39,119.39,0.0
202606232228,119.39,119.39,119.39,119.39,0.0
202606232229,119.39,119.39,119.39,119.39,0.0
202606232230,119.39,119.39,119.39,119.39,0.0
202606232231,119.39,119.39,119.39,119.39,0.0
202606232232,119.39,119.39,119.39,119.39,0.0
202606232233,119.39,119.39,119.39,119.39,0.0
202606232234,119.23,119.0,119.23,119.0,5.0
202606232235,119.0,119.0,119.0,119.0,0.0
202606232236,119.33,119.33,119.33,119.33,1.0
202606232237,119.33,119.33,119.33,119.33,0.0
202606232238,119.33,119.33,119.33,119.33,0.0
202606232239,119.33,119.33,119.33,119.33,0.0
202606232240,119.33,119.33,119.33,119.33,0.0
202606232241,119.33,119.33,119.33,119.33,0.0
202606232242,119.33,119.33,119.33,119.33,0.0
202606232243,119.33,119.33,119.33,119.33,0.0
202606232244,119.33,119.33,119.33,119.33,0.0
202606232245,119.29,119.29,119.29,119.29,1.0
202606232246,119.1,119.1,119.11,119.1,1.0
202606232247,119.29,119.29,119.29,119.29,1.0
202606232248,119.29,119.29,119.29,119.29,0.0
202606232249,119.03,119.03,119.03,119.02,10.0
202606232250,119.03,119.03,119.03,119.03,0.0
202606232251,119.03,119.03,119.03,119.03,0.0
202606232252,119.03,119.03,119.03,119.03,0.0
202606232253,119.03,119.03,119.03,119.03,0.0
202606232254,119.03,119.03,119.03,119.03,0.0
202606232255,119.03,119.03,119.03,119.03,0.0
202606232256,119.03,119.03,119.03,119.03,0.0
202606232257,119.03,119.03,119.03,119.03,0.0
202606232258,119.03,119.03,119.03,119.03,0.0
202606232259,119.03,119.03,119.03,119.03,0.0
202606232300,119.03,119.03,119.03,119.03,0.0
202606232301,119.03,119.03,119.03,119.03,0.0
202606232302,119.03,119.03,119.03,119.03,0.0
202606232303,119.03,119.03,119.03,119.03,0.0
202606232304,119.03,119.03,119.03,119.03,0.0
202606232305,119.03,119.03,119.03,119.03,0.0
202606232306,119.03,119.03,119.03,119.03,0.0
202606232307,119.03,119.03,119.03,119.03,0.0
202606232308,119.03,119.03,119.03,119.03,0.0
202606232309,119.03,119.03,119.03,119.03,0.0
202606232310,119.03,119.03,119.03,119.03,0.0
202606232311,119.03,119.03,119.03,119.03,0.0
202606232312,119.1,119.1,119.1,119.1,5.0
202606232313,119.1,119.1,119.1,119.1,0.0
202606232314,119.1,119.1,119.1,119.1,0.0
202606232315,119.21,119.21,119.22,119.21,1.0
202606232316,119.21,119.21,119.21,119.21,0.0
202606232317,119.21,119.21,119.21,119.21,0.0
202606232318,119.21,119.21,119.21,119.21,0.0
202606232319,119.21,119.21,119.21,119.21,0.0
202606232320,119.21,119.21,119.21,119.21,0.0
202606232321,119.21,119.21,119.21,119.21,0.0
202606232322,119.21,119.21,119.21,119.21,0.0
202606232323,119.21,119.21,119.21,119.21,0.0
202606232324,119.21,119.21,119.21,119.21,0.0
202606232325,119.21,119.21,119.21,119.21,0.0
202606232326,119.21,119.21,119.21,119.21,0.0
202606232327,119.21,119.21,119.21,119.21,0.0
202606232328,119.21,119.21,119.21,119.21,0.0
202606232329,119.21,119.21,119.21,119.21,0.0
202606232330,119.21,119.21,119.21,119.21,0.0
202606232331,119.21,119.21,119.21,119.21,0.0
202606232332,119.21,119.21,119.21,119.21,0.0
202606232333,119.21,119.21,119.21,119.21,0.0
202606232334,119.21,119.21,119.21,119.21,0.0
202606232335,119.21,119.21,119.21,119.21,0.0
202606232336,119.21,119.21,119.21,119.21,0.0
202606232337,119.21,119.21,119.21,119.21,0.0
202606232338,119.21,119.21,119.21,119.21,0.0
202606232339,119.21,119.21,119.21,119.21,0.0
202606232340,119.21,119.21,119.21,119.21,0.0
202606232341,119.21,119.21,119.21,119.21,0.0
202606232342,119.21,119.21,119.21,119.21,0.0
202606232343,119.28,119.3,119.3,119.28,7.0
202606232344,119.3,119.3,119.3,119.3,0.0
202606232345,119.3,119.3,119.3,119.3,0.0
202606232346,119.3,119.3,119.3,119.3,0.0
202606232347,119.3,119.3,119.3,119.3,0.0
202606232348,119.2,119.2,119.21,119.2,1.0
202606232349,119.2,119.2,119.2,119.2,0.0
202606232350,119.2,119.2,119.2,119.2,0.0
202606232351,119.2,119.2,119.2,119.2,0.0
202606232352,119.2,119.2,119.2,119.2,0.0
202606232353,119.2,119.2,119.2,119.2,0.0
202606232354,119.2,119.2,119.2,119.2,0.0
202606232355,119.38,119.38,119.38,119.38,1.0
202606232356,119.38,119.38,119.38,119.38,0.0
202606232357,119.38,119.38,119.38,119.38,0.0
202606232358,119.38,119.38,119.38,119.38,0.0
202606232359,119.38,119.38,119.38,119.38,0.0
202606240800,118.6472,119.2637,119.42,118.6322,0.0
202606240801,119.07,118.93,119.24,118.64,0.0
202606240802,118.75,118.75,118.75,118.75,0.0
202606240803,119.0,119.0,119.01,119.0,0.0
202606240805,118.82,119.16,119.19,118.82,0.0
202606240806,119.02,119.02,119.02,119.02,0.0
202606240809,118.6537,118.6537,118.6537,118.6537,0.0
202606240812,119.03,119.03,119.03,119.03,0.0
202606240814,118.82,118.82,118.82,118.82,0.0
202606240817,119.01,119.01,119.28,119.01,0.0
202606240818,119.01,119.0,119.01,119.0,0.0
202606240819,118.75,118.75,118.75,118.75,0.0
202606240820,119.2637,119.2637,119.2637,119.2637,0.0
202606240821,118.95,118.95,118.95,118.95,0.0
202606240822,118.95,118.95,118.95,118.95,0.0
202606240827,118.95,118.95,118.95,118.95,0.0
202606240828,118.81,118.81,118.81,118.81,0.0
202606240835,118.89,118.94,118.94,118.89,0.0
202606240837,118.89,118.89,118.89,118.89,0.0
202606240838,119.0,119.0,119.0,119.0,0.0
202606240841,118.7791,118.7791,118.7791,118.7791,0.0
202606240843,118.7856,118.7856,118.7856,118.7856,0.0
202606240849,118.7012,119.05,119.05,118.7012,0.0
202606240855,118.9,118.9,118.9,118.9,0.0
202606240857,118.9,118.9,118.9,118.9,0.0
202606240901,118.95,118.95,118.95,118.95,0.0
202606240908,118.95,118.95,118.95,118.95,0.0
202606240912,118.714,118.714,118.714,118.714,0.0
202606240917,119.2788,119.2788,119.2788,119.2788,0.0
202606240918,118.83,118.83,118.83,118.83,0.0
202606240919,118.8,118.83,118.83,118.8,0.0
202606240929,118.82,118.82,118.82,118.82,0.0
202606240933,118.8,118.8,118.8,118.8,0.0
202606240949,118.8425,118.8425,118.8425,118.8425,0.0
202606241003,118.8674,118.8674,118.8674,118.8674,0.0
202606241005,118.91,118.84,118.91,118.84,0.0
202606241007,118.93,118.93,118.93,118.93,0.0
202606241009,118.8631,118.8631,118.8631,118.8631,0.0
202606241017,118.93,118.93,118.93,118.93,0.0
202606241024,118.9,118.9,118.9,118.9,0.0
202606241031,118.84,118.84,118.84,118.84,0.0
202606241035,118.84,118.84,118.84,118.84,0.0
202606241037,118.9997,118.9997,118.9997,118.9997,0.0
202606241038,119.05,118.8329,119.05,118.81,0.0
202606241049,118.8428,118.8428,118.8428,118.8428,0.0
202606241055,118.88,118.88,118.88,118.88,0.0
202606241056,118.86,118.86,118.86,118.86,0.0
202606241057,118.86,118.95,119.0502,118.85,0.0
202606241059,118.96,118.96,118.96,118.96,0.0
202606241100,119.1,118.92,119.13,118.85,0.0
202606241101,118.908,119.09,119.09,118.908,0.0
202606241102,118.98,119.02,119.06,118.98,0.0
202606241103,118.97,119.0584,119.0584,118.9145,0.0
202606241104,118.9334,118.9682,119.01,118.9334,0.0
202606241105,118.95,118.95,118.95,118.95,0.0
202606241106,119.0,119.03,119.08,119.0,0.0
202606241107,118.91,119.0,119.0,118.91,0.0
202606241108,118.92,118.93,118.99,118.91,0.0
202606241109,118.97,118.96,118.97,118.93,0.0
202606241110,118.92,118.91,118.9883,118.91,0.0
202606241111,118.987,118.97,118.987,118.93,0.0
202606241112,118.93,118.98,118.9988,118.9,0.0
202606241113,118.93,118.91,118.97,118.91,0.0
202606241114,118.92,118.91,118.97,118.91,0.0
202606241115,118.94,118.92,119.0,118.92,0.0
202606241116,118.96,118.98,119.0,118.95,0.0
202606241117,118.93,118.91,118.94,118.91,0.0
202606241118,119.0,118.94,119.0,118.94,0.0
202606241119,118.98,118.96,118.98,118.9268,0.0
202606241120,118.94,118.98,118.98,118.94,0.0
202606241121,118.94,118.96,118.98,118.94,0.0
202606241122,118.94,118.98,118.98,118.94,0.0
202606241123,118.95,118.94,118.98,118.94,0.0
202606241124,118.98,118.98,119.0,118.95,0.0
202606241125,118.94,118.94,118.98,118.94,0.0
202606241126,118.9,118.97,118.97,118.9,0.0
202606241127,118.9,118.98,118.98,118.9,0.0
202606241128,119.0,118.97,119.0,118.97,0.0
202606241129,118.94,118.97,118.97,118.9,0.0
202606241130,118.9,118.93,118.97,118.9,0.0
202606241131,119.0,119.0,119.0,118.96,0.0
202606241132,118.96,118.98,118.98,118.96,0.0
202606241133,118.98,118.96,118.98,118.96,0.0
202606241134,118.98,118.97,118.98,118.97,0.0
202606241135,118.94,118.99,118.99,118.94,0.0
202606241136,118.98,118.98,118.98,118.98,0.0
202606241137,118.98,118.96,118.98,118.96,0.0
202606241138,118.97,118.97,118.97,118.97,0.0
202606241139,119.0,118.9975,119.0,118.97,0.0
202606241140,118.98,118.96,119.0,118.96,0.0
202606241141,118.98,118.9565,118.99,118.9565,0.0
202606241142,118.98,118.98,118.98,118.98,0.0
202606241143,118.95,118.96,119.1,118.95,0.0
202606241144,118.9509,118.9509,118.9509,118.9509,0.0
202606241145,118.95,118.96,118.96,118.95,0.0
202606241146,118.96,118.96,118.98,118.96,0.0
202606241148,118.96,119.02,119.02,118.96,0.0
202606241149,118.95,118.96,118.98,118.95,0.0
202606241150,118.97,118.97,118.97,118.97,0.0
202606241151,118.98,118.95,118.98,118.95,0.0
202606241152,119.0805,118.96,119.1,118.96,0.0
202606241153,119.0,118.95,119.0,118.95,0.0
202606241154,119.1,119.0645,119.1,119.0645,0.0
202606241155,119.05,119.05,119.05,119.05,0.0
202606241156,119.0611,119.04,119.0611,119.04,0.0
202606241157,119.03,119.0614,119.0981,118.95,0.0
202606241158,119.07,119.07,119.07,119.07,0.0
202606241159,119.07,119.0948,119.0948,119.061,0.0
202606241200,119.0612,119.06,119.0612,119.06,0.0
202606241201,118.99,119.01,119.03,118.99,0.0
202606241202,119.07,119.03,119.07,119.0,0.0
202606241203,119.1,119.05,119.1,119.05,0.0
202606241204,119.03,119.07,119.07,119.03,0.0
202606241205,119.04,119.06,119.06,119.04,0.0
202606241206,119.04,119.04,119.0805,119.04,0.0
202606241207,119.07,119.04,119.07,119.04,0.0
202606241208,119.08,119.1,119.1,119.08,0.0
202606241209,119.1,119.05,119.1,118.95,0.0
202606241210,119.09,119.09,119.09,119.09,0.0
202606241211,119.0995,119.0995,119.0995,119.0995,0.0
202606241212,119.09,119.0999,119.0999,119.09,0.0
202606241213,119.07,119.1,119.1,119.07,0.0
202606241214,119.03,119.06,119.06,119.03,0.0
202606241215,119.0805,118.99,119.0805,118.99,0.0
202606241216,119.01,119.07,119.07,119.01,0.0
202606241217,119.03,119.07,119.07,119.03,0.0
202606241218,119.06,119.05,119.08,119.02,0.0
202606241219,119.1,119.05,119.1,119.01,0.0
202606241220,119.05,119.0998,119.1,119.05,0.0
202606241221,119.07,119.07,119.07,119.07,0.0
202606241222,119.07,119.07,119.07,119.07,0.0
202606241223,119.07,119.07,119.07,119.07,0.0
202606241224,119.04,119.04,119.04,119.04,0.0
202606241225,119.04,119.05,119.05,119.04,0.0
202606241226,119.05,119.09,119.09,119.05,0.0
202606241227,119.08,119.08,119.1,119.08,0.0
202606241228,119.03,119.09,119.1,119.03,0.0
202606241229,119.09,119.09,119.09,119.09,0.0
202606241230,119.1,119.09,119.1,119.0,0.0
202606241233,119.09,119.19,119.19,119.09,0.0
202606241234,119.19,119.11,119.19,119.11,0.0
202606241235,119.15,119.11,119.16,119.09,0.0
202606241236,119.11,119.026,119.15,119.026,0.0
202606241237,119.11,119.15,119.15,119.064,0.0
202606241238,119.0987,119.11,119.15,119.0987,0.0
202606241239,119.15,119.19,119.19,119.15,0.0
202606241240,119.2,119.15,119.2,119.12,0.0
202606241241,119.0364,119.09,119.19,119.0364,0.0
202606241242,119.11,119.07,119.11,119.07,0.0
202606241243,119.08,119.08,119.08,119.08,0.0
202606241244,119.06,119.08,119.08,119.06,0.0
202606241245,119.05,119.05,119.07,119.05,0.0
202606241246,119.05,119.05,119.08,119.05,0.0
202606241247,119.08,119.09,119.09,119.05,0.0
202606241248,119.11,119.11,119.11,119.11,0.0
202606241249,119.07,119.1,119.1,119.07,0.0
202606241250,119.06,119.08,119.1,119.05,0.0
202606241251,119.05,119.11,119.11,119.05,0.0
202606241252,119.062,119.09,119.09,119.062,0.0
202606241253,119.08,119.1,119.1,119.06,0.0
202606241254,119.06,119.04,119.11,119.0,0.0
202606241255,119.08,119.07,119.1,119.03,0.0
202606241256,119.03,119.08,119.08,119.03,0.0
202606241257,118.95,119.11,119.11,118.95,0.0
202606241259,119.11,119.09,119.11,119.0404,0.0
202606241300,119.09,119.1044,119.1044,119.07,0.0
202606241301,119.07,119.07,119.07,119.07,0.0
202606241302,119.07,119.11,119.11,119.07,0.0
202606241303,119.08,119.0308,119.11,119.0308,0.0
202606241304,119.06,119.104,119.104,119.05,0.0
202606241305,119.06,119.1,119.1,119.06,0.0
202606241306,119.07,119.09,119.11,119.05,0.0
202606241307,119.09,119.09,119.09,119.09,0.0
202606241308,119.03,119.03,119.03,119.03,0.0
202606241309,119.03,119.18,119.28,119.03,0.0
202606241311,119.03,119.0911,119.22,119.03,0.0
202606241312,119.18,119.13,119.2389,119.03,0.0
202606241313,119.15,119.03,119.15,119.03,0.0
202606241314,119.03,119.25,119.28,119.03,0.0
202606241315,119.09,119.23,119.23,119.04,0.0
202606241316,119.2214,119.25,119.34,119.2214,0.0
202606241317,119.03,119.03,119.03,119.03,0.0
202606241318,119.25,119.25,119.25,119.25,0.0
202606241319,119.23,119.03,119.34,113.06,0.0
202606241320,119.25,119.23,119.25,119.0957,0.0
202606241321,119.2,119.25,119.25,119.2,0.0
202606241322,119.17,119.24,119.24,119.17,0.0
202606241323,119.16,119.24,119.24,119.11,0.0
202606241324,119.16,119.25,119.25,119.03,0.0
202606241325,119.16,119.24,119.24,119.15,0.0
202606241326,118.92,119.16,119.34,118.92,0.0
202606241327,118.92,118.9,119.12,118.9,0.0
202606241328,119.41,119.55,119.55,119.41,0.0
202606241329,119.57,119.52,119.57,119.52,0.0
202606241330,119.71800231933594,119.93000030517578,119.98999786376953,119.51000213623047,401578.0
202606241331,119.94999694824219,120.13999938964844,120.19989776611328,119.91500091552734,76478.0
202606241332,120.12000274658203,119.9800033569336,120.12000274658203,119.73999786376953,63816.0
202606241333,119.95999908447266,120.00499725341797,120.16999816894531,119.8499984741211,102307.0
202606241334,120.00499725341797,120.12999725341797,120.20999908447266,119.98500061035156,36646.0
202606241335,120.08999633789062,119.87999725341797,120.08999633789062,119.81999969482422,100215.0
202606241336,119.91999816894531,120.21240234375,120.21240234375,119.9000015258789,37936.0
202606241337,120.21499633789062,120.19999694824219,120.27999877929688,120.16000366210938,32909.0
202606241338,120.26000213623047,120.19000244140625,120.32499694824219,120.19000244140625,33306.0
202606241339,120.20999908447266,120.20999908447266,120.30000305175781,120.05999755859375,34879.0
202606241340,120.2300033569336,120.27999877929688,120.37999725341797,120.12000274658203,156292.0
202606241341,120.2885971069336,120.29000091552734,120.37999725341797,120.06999969482422,163958.0
202606241342,120.30989837646484,120.32499694824219,120.33999633789062,120.19999694824219,75451.0
202606241343,120.33999633789062,120.19999694824219,120.4000015258789,120.19629669189453,37559.0
202606241344,120.22000122070312,120.22000122070312,120.27999877929688,120.08000183105469,36656.0
202606241345,120.27999877929688,120.05000305175781,120.27999877929688,120.0199966430664,78278.0
202606241346,120.04000091552734,119.94999694824219,120.08999633789062,119.86000061035156,37659.0
202606241347,119.94000244140625,120.01000213623047,120.05999755859375,119.70999908447266,99506.0
202606241348,120.06999969482422,119.88500213623047,120.16000366210938,119.86000061035156,20342.0
202606241349,119.9229965209961,119.80000305175781,119.9229965209961,119.72000122070312,44134.0
202606241350,119.79000091552734,119.81500244140625,119.87989807128906,119.79000091552734,24367.0
202606241351,119.79499816894531,119.7594985961914,119.91000366210938,119.75,26568.0
202606241352,119.79000091552734,119.91000366210938,119.91500091552734,119.76010131835938,28746.0
202606241353,119.91000366210938,119.69999694824219,119.9198989868164,119.69999694824219,19425.0
202606241354,119.68000030517578,119.69999694824219,119.7300033569336,119.62000274658203,41897.0
202606241355,119.68000030517578,119.81999969482422,119.91999816894531,119.68000030517578,20146.0
202606241356,119.82499694824219,119.9000015258789,119.92500305175781,119.82499694824219,23315.0
202606241357,119.88500213623047,119.87000274658203,119.94999694824219,119.83499908447266,18668.0
202606241358,119.8499984741211,119.7300033569336,119.91000366210938,119.70999908447266,58712.0
202606241359,119.70999908447266,119.68000030517578,119.77989959716797,119.68000030517578,29059.0
202606241400,119.7300033569336,119.80999755859375,119.87999725341797,119.7300033569336,53387.0
202606241401,119.83000183105469,119.93000030517578,119.97000122070312,119.7699966430664,45833.0
202606241402,119.92500305175781,119.76000213623047,120.0250015258789,119.72000122070312,50057.0
202606241403,119.80000305175781,119.79000091552734,119.87999725341797,119.75499725341797,22590.0
202606241404,119.79000091552734,119.87000274658203,119.91000366210938,119.77999877929688,27972.0
202606241405,119.83499908447266,119.7699966430664,119.83999633789062,119.66000366210938,41154.0
202606241406,119.73999786376953,119.58499908447266,119.73999786376953,119.55999755859375,19137.0
202606241407,119.5010986328125,119.5,119.54000091552734,119.44999694824219,17203.0
202606241408,119.50499725341797,119.33999633789062,119.50499725341797,119.33999633789062,40363.0
202606241409,119.3499984741211,119.33499908447266,119.36000061035156,119.28399658203125,31253.0
202606241410,119.33499908447266,119.18000030517578,119.36000061035156,119.15489959716797,41674.0
202606241411,119.16000366210938,119.19999694824219,119.22000122070312,119.06999969482422,37016.0
202606241412,119.20500183105469,119.37999725341797,119.41999816894531,119.20500183105469,51967.0
202606241413,119.37000274658203,119.36000061035156,119.43000030517578,119.36000061035156,32263.0
202606241414,119.30000305175781,119.19999694824219,119.31999969482422,119.18000030517578,24485.0
202606241415,119.18000030517578,119.37999725341797,119.37999725341797,119.13999938964844,33919.0
202606241416,119.38999938964844,119.44999694824219,119.52999877929688,119.38999938964844,26029.0
202606241417,119.44999694824219,119.54000091552734,119.55000305175781,119.44000244140625,20695.0
202606241418,119.51000213623047,119.47000122070312,119.5199966430664,119.44000244140625,18162.0
202606241419,119.47000122070312,119.5,119.51000213623047,119.43000030517578,28468.0
202606241420,119.5,119.5,119.5199966430664,119.44999694824219,33691.0
202606241421,119.51000213623047,119.50499725341797,119.52999877929688,119.44000244140625,28752.0
202606241422,119.48999786376953,119.4000015258789,119.54499816894531,119.38710021972656,20838.0
202606241423,119.41999816894531,119.36499786376953,119.45999908447266,119.33999633789062,16166.0
202606241424,119.3499984741211,119.41999816894531,119.41999816894531,119.34010314941406,14180.0
202606241425,119.38980102539062,119.5,119.51000213623047,119.3499984741211,27977.0
202606241426,119.50499725341797,119.5000991821289,119.5199966430664,119.42500305175781,22049.0
202606241427,119.5,119.45999908447266,119.5,119.4000015258789,12102.0
202606241428,119.47989654541016,119.41500091552734,119.4800033569336,119.38999938964844,28240.0
202606241429,119.41500091552734,119.3499984741211,119.41500091552734,119.30000305175781,17549.0
202606241430,119.3301010131836,119.2699966430664,119.3550033569336,119.26499938964844,24110.0
202606241431,119.27999877929688,119.20999908447266,119.29000091552734,119.19000244140625,19773.0
202606241432,119.22000122070312,119.23999786376953,119.31500244140625,119.22000122070312,19039.0
202606241433,119.25,119.31999969482422,119.33000183105469,119.25,23227.0
202606241434,119.30999755859375,119.23999786376953,119.31999969482422,119.20999908447266,22034.0
202606241435,119.23999786376953,119.19999694824219,119.26000213623047,119.19999694824219,17725.0
202606241436,119.19499969482422,119.11499786376953,119.19999694824219,119.11499786376953,14261.0
202606241437,119.12999725341797,119.20999908447266,119.2249984741211,119.11000061035156,20025.0
202606241438,119.2300033569336,119.19499969482422,119.2300033569336,119.1500015258789,16108.0
202606241439,119.20999908447266,119.25499725341797,119.2699966430664,119.16999816894531,34518.0
202606241440,119.26000213623047,119.25499725341797,119.31999969482422,119.23500061035156,19937.0
202606241441,119.2699966430664,119.30000305175781,119.31999969482422,119.24009704589844,25323.0
202606241442,119.30999755859375,119.36000061035156,119.375,119.30999755859375,42893.0
202606241443,119.3550033569336,119.52999877929688,119.52999877929688,119.3550033569336,19957.0
202606241444,119.53500366210938,119.55999755859375,119.5802001953125,119.49500274658203,23812.0
202606241445,119.5999984741211,119.62999725341797,119.62999725341797,119.53500366210938,17375.0
202606241446,119.61499786376953,119.56999969482422,119.66999816894531,119.44499969482422,57795.0
202606241447,119.56999969482422,119.66999816894531,119.66999816894531,119.5,35857.0
202606241448,119.67500305175781,119.77999877929688,119.80999755859375,119.63999938964844,175991.0
202606241449,119.7699966430664,119.80000305175781,119.80999755859375,119.74009704589844,18623.0
202606241450,119.80500030517578,119.93000030517578,119.98500061035156,119.80500030517578,41770.0
202606241451,119.92400360107422,119.97000122070312,119.97000122070312,119.8844985961914,23410.0
202606241452,119.97000122070312,120.03500366210938,120.05999755859375,119.94999694824219,32602.0
202606241453,120.03500366210938,119.9000015258789,120.05500030517578,119.9000015258789,18228.0
202606241454,119.94000244140625,119.94999694824219,119.94999694824219,119.88500213623047,28697.0
202606241455,119.95500183105469,119.9749984741211,120.0,119.94000244140625,16370.0
202606241456,119.98999786376953,119.93000030517578,119.98999786376953,119.88999938964844,14362.0
202606241457,119.92500305175781,119.83000183105469,119.93000030517578,119.83000183105469,13908.0
202606241458,119.87000274658203,119.83999633789062,119.88999938964844,119.77999877929688,26057.0
202606241459,119.83999633789062,119.80999755859375,119.89990234375,119.75,47500.0
202606241500,119.83999633789062,119.77999877929688,119.9800033569336,119.77999877929688,58702.0
202606241501,119.79000091552734,119.80000305175781,119.80999755859375,119.74500274658203,57258.0
202606241502,119.79000091552734,119.69999694824219,119.81999969482422,119.69000244140625,17729.0
202606241503,119.71499633789062,119.74500274658203,119.74500274658203,119.66000366210938,25913.0
202606241504,119.75,119.7249984741211,119.75,119.70999908447266,12266.0
202606241505,119.69499969482422,119.72000122070312,119.80000305175781,119.66999816894531,76102.0
202606241506,119.72989654541016,119.87049865722656,119.8750991821289,119.70999908447266,22200.0
202606241507,119.875,119.83499908447266,119.87999725341797,119.83000183105469,12106.0
202606241508,119.80999755859375,119.80359649658203,119.80999755859375,119.7300033569336,22218.0
202606241509,119.80500030517578,119.72000122070312,119.80999755859375,119.69000244140625,31016.0
202606241510,119.70500183105469,119.68499755859375,119.70500183105469,119.61000061035156,28904.0
202606241511,119.68499755859375,119.69499969482422,119.79000091552734,119.68000030517578,57178.0
202606241512,119.71499633789062,119.73999786376953,119.75,119.70999908447266,14164.0
202606241513,119.73500061035156,119.75,119.77999877929688,119.70999908447266,22485.0
202606241514,119.7300033569336,119.77999877929688,119.77999877929688,119.69999694824219,18770.0
202606241515,119.78500366210938,119.68000030517578,119.80000305175781,119.66999816894531,15072.0
202606241516,119.69000244140625,119.62000274658203,119.69000244140625,119.58000183105469,20935.0
202606241517,119.62999725341797,119.67500305175781,119.68000030517578,119.62000274658203,19347.0
202606241518,119.66999816894531,119.7300033569336,119.7300033569336,119.65499877929688,25048.0
202606241519,119.72000122070312,119.67500305175781,119.73999786376953,119.66999816894531,23926.0
202606241520,119.68000030517578,119.69499969482422,119.72000122070312,119.66500091552734,26473.0
202606241521,119.70999908447266,119.84500122070312,119.86000061035156,119.68499755859375,73576.0
202606241522,119.86499786376953,119.9000015258789,119.91500091552734,119.8208999633789,17592.0
202606241523,119.8499984741211,119.86000061035156,119.87999725341797,119.8499984741211,11008.0
202606241524,119.87000274658203,119.90480041503906,119.94000244140625,119.8572998046875,34928.0
202606241525,119.9000015258789,119.80000305175781,119.9000015258789,119.7699966430664,35758.0
202606241526,119.72000122070312,119.77999877929688,119.77999877929688,119.69920349121094,12312.0
202606241527,119.79000091552734,119.83000183105469,119.87999725341797,119.77010345458984,16823.0
202606241528,119.83000183105469,119.77999877929688,119.87999725341797,119.75,56936.0
202606241529,119.80000305175781,119.7300033569336,119.81999969482422,119.72000122070312,21382.0
202606241530,119.7300033569336,119.76000213623047,119.7699966430664,119.69000244140625,19510.0
202606241531,119.75990295410156,119.73999786376953,119.77989959716797,119.71499633789062,14003.0
202606241532,119.7249984741211,119.73999786376953,119.77999877929688,119.7249984741211,14989.0
202606241533,119.7300033569336,119.68009948730469,119.7300033569336,119.68009948730469,17477.0
202606241534,119.69000244140625,119.6500015258789,119.69000244140625,119.61000061035156,14961.0
202606241535,119.6500015258789,119.5999984741211,119.66000366210938,119.58499908447266,17022.0
202606241536,119.59500122070312,119.61000061035156,119.62999725341797,119.56999969482422,25302.0
202606241537,119.61000061035156,119.625,119.6500015258789,119.61000061035156,21302.0
202606241538,119.62000274658203,119.6698989868164,119.6698989868164,119.62000274658203,11471.0
202606241539,119.66999816894531,119.62999725341797,119.68000030517578,119.62000274658203,11523.0
202606241540,119.63999938964844,119.55999755859375,119.63999938964844,119.55000305175781,21595.0
202606241541,119.55999755859375,119.61000061035156,119.6500015258789,119.55000305175781,26816.0
202606241542,119.58999633789062,119.61000061035156,119.61000061035156,119.58000183105469,11112.0
202606241543,119.62000274658203,119.63999938964844,119.6500015258789,119.62000274658203,16233.0
202606241544,119.6500015258789,119.70999908447266,119.7300033569336,119.6500015258789,12493.0
202606241545,119.72000122070312,119.69999694824219,119.72000122070312,119.69999694824219,16246.0
202606241546,119.66999816894531,119.69499969482422,119.69499969482422,119.65989685058594,12818.0
202606241547,119.69000244140625,119.69989776611328,119.70999908447266,119.69000244140625,21578.0
202606241548,119.69000244140625,119.70999908447266,119.70999908447266,119.65499877929688,20633.0
202606241549,119.72000122070312,119.70999908447266,119.72000122070312,119.68000030517578,21632.0
202606241550,119.72000122070312,119.80000305175781,119.80000305175781,119.72000122070312,18173.0
202606241551,119.80500030517578,119.76000213623047,119.81999969482422,119.76000213623047,40360.0
202606241552,119.7699966430664,119.7699966430664,119.79000091552734,119.72000122070312,22510.0
202606241553,119.77999877929688,119.76000213623047,119.80999755859375,119.76000213623047,13197.0
202606241554,119.75,119.7300033569336,119.75,119.72000122070312,17552.0
202606241555,119.72000122070312,119.79499816894531,119.83000183105469,119.72000122070312,28502.0
202606241556,119.79000091552734,119.78500366210938,119.79000091552734,119.73999786376953,14981.0
202606241557,119.79000091552734,119.7699966430664,119.80500030517578,119.7699966430664,15675.0
202606241558,119.76000213623047,119.73500061035156,119.76000213623047,119.71820068359375,16377.0
202606241559,119.7300033569336,119.70999908447266,119.73999786376953,119.70500183105469,19405.0
202606241600,119.70999908447266,119.63999938964844,119.7249984741211,119.63999938964844,12105.0
202606241601,119.6500015258789,119.66500091552734,119.66500091552734,119.61000061035156,16636.0
202606241602,119.66010284423828,119.65010070800781,119.67009735107422,119.61000061035156,12593.0
202606241603,119.66000366210938,119.7300033569336,119.73999786376953,119.63500213623047,47018.0
202606241604,119.7300033569336,119.73500061035156,119.76000213623047,119.67500305175781,35904.0
202606241605,119.73500061035156,119.72000122070312,119.73500061035156,119.69000244140625,15870.0
202606241606,119.72000122070312,119.73500061035156,119.7699966430664,119.72000122070312,14601.0
202606241607,119.74500274658203,119.77999877929688,119.77999877929688,119.70500183105469,17369.0
202606241608,119.77999877929688,119.74320220947266,119.79000091552734,119.7300033569336,14322.0
202606241609,119.75,119.69000244140625,119.75,119.69000244140625,8787.0
202606241610,119.69000244140625,119.68499755859375,119.71990203857422,119.66999816894531,18903.0
202606241611,119.70500183105469,119.72000122070312,119.77999877929688,119.69999694824219,13711.0
202606241612,119.70999908447266,119.69000244140625,119.70999908447266,119.69000244140625,9583.0
202606241613,119.68499755859375,119.62999725341797,119.68499755859375,119.62999725341797,19018.0
202606241614,119.62999725341797,119.55500030517578,119.62999725341797,119.55500030517578,11743.0
202606241615,119.54499816894531,119.58000183105469,119.58999633789062,119.54499816894531,17351.0
202606241616,119.5999984741211,119.59500122070312,119.62000274658203,119.56999969482422,18131.0
202606241617,119.59500122070312,119.62999725341797,119.62999725341797,119.58999633789062,10239.0
202606241618,119.62999725341797,119.73999786376953,119.76499938964844,119.62999725341797,22436.0
202606241619,119.74500274658203,119.73999786376953,119.76499938964844,119.73999786376953,11870.0
202606241620,119.72000122070312,119.61499786376953,119.7249984741211,119.55999755859375,55533.0
202606241621,119.61000061035156,119.59500122070312,119.63999938964844,119.56900024414062,26636.0
202606241622,119.59500122070312,119.5801010131836,119.61499786376953,119.58000183105469,10356.0
202606241623,119.58999633789062,119.58000183105469,119.62000274658203,119.55010223388672,15743.0
202606241624,119.56999969482422,119.57499694824219,119.58999633789062,119.56999969482422,9594.0
202606241625,119.57499694824219,119.58999633789062,119.5999984741211,119.55999755859375,13615.0
202606241626,119.59500122070312,119.56999969482422,119.59500122070312,119.55999755859375,10634.0
202606241627,119.55999755859375,119.58999633789062,119.58999633789062,119.55000305175781,11447.0
202606241628,119.58000183105469,119.62999725341797,119.62999725341797,119.58000183105469,19990.0
202606241629,119.62000274658203,119.66000366210938,119.66000366210938,119.61239624023438,11336.0
202606241630,119.6500015258789,119.6050033569336,119.6500015258789,119.55999755859375,26892.0
202606241631,119.62000274658203,119.66999816894531,119.69000244140625,119.62000274658203,15147.0
202606241632,119.66000366210938,119.61000061035156,119.66500091552734,119.61000061035156,8864.0
202606241633,119.61000061035156,119.66999816894531,119.66999816894531,119.5999984741211,23380.0
202606241634,119.66000366210938,119.66000366210938,119.69000244140625,119.66000366210938,13799.0
202606241635,119.6500015258789,119.66999816894531,119.66999816894531,119.6500015258789,11212.0
202606241636,119.6500015258789,119.66999816894531,119.68000030517578,119.6500015258789,16984.0
202606241637,119.66500091552734,119.5999984741211,119.68000030517578,119.56999969482422,16390.0
202606241638,119.58999633789062,119.58999633789062,119.61000061035156,119.52999877929688,38312.0
202606241639,119.56999969482422,119.54000091552734,119.56999969482422,119.5199966430664,18099.0
202606241640,119.52999877929688,119.44000244140625,119.52999877929688,119.42500305175781,26118.0
202606241641,119.45999908447266,119.41000366210938,119.47000122070312,119.36000061035156,34891.0
202606241642,119.41000366210938,119.36000061035156,119.41000366210938,119.32499694824219,19154.0
202606241643,119.36000061035156,119.33000183105469,119.36000061035156,119.30000305175781,15292.0
202606241644,119.31999969482422,119.29000091552734,119.31999969482422,119.2750015258789,13664.0
202606241645,119.30000305175781,119.2300033569336,119.30000305175781,119.16999816894531,19949.0
202606241646,119.22000122070312,119.19000244140625,119.22000122070312,119.16000366210938,27833.0
202606241647,119.19999694824219,119.30999755859375,119.32990264892578,119.19999694824219,34194.0
202606241648,119.30000305175781,119.37000274658203,119.37000274658203,119.30000305175781,14906.0
202606241649,119.36499786376953,119.36000061035156,119.36499786376953,119.33999633789062,8845.0
202606241650,119.36000061035156,119.37000274658203,119.38999938964844,119.3572998046875,15446.0
202606241651,119.37999725341797,119.35009765625,119.43000030517578,119.3301010131836,23886.0
202606241652,119.35340118408203,119.29000091552734,119.35340118408203,119.2699966430664,5985.0
202606241653,119.27999877929688,119.15499877929688,119.27999877929688,119.1500015258789,16179.0
202606241654,119.16999816894531,119.1449966430664,119.18000030517578,119.12000274658203,19752.0
202606241655,119.1449966430664,119.16000366210938,119.18000030517578,119.13500213623047,17565.0
202606241656,119.16000366210938,119.12999725341797,119.16000366210938,119.09010314941406,14486.0
202606241657,119.12000274658203,119.09500122070312,119.12000274658203,119.06999969482422,11434.0
202606241658,119.08999633789062,119.08670043945312,119.12999725341797,119.05999755859375,56186.0
202606241659,119.09500122070312,119.19999694824219,119.19999694824219,119.08000183105469,14520.0
202606241700,119.19999694824219,119.25,119.30000305175781,119.19999694824219,17039.0
202606241701,119.25,119.24500274658203,119.29000091552734,119.2300033569336,14823.0
202606241702,119.23999786376953,119.29000091552734,119.30000305175781,119.22000122070312,15427.0
202606241703,119.27999877929688,119.27999877929688,119.28500366210938,119.25499725341797,17467.0
202606241704,119.26499938964844,119.2699966430664,119.30999755859375,119.26499938964844,12510.0
202606241705,119.2699966430664,119.30999755859375,119.31600189208984,119.2699966430664,16048.0
202606241706,119.29000091552734,119.37000274658203,119.37999725341797,119.29000091552734,18461.0
202606241707,119.36000061035156,119.40499877929688,119.41000366210938,119.36000061035156,21727.0
202606241708,119.4000015258789,119.3550033569336,119.4000015258789,119.32499694824219,21734.0
202606241709,119.33999633789062,119.39070129394531,119.40499877929688,119.30999755859375,19857.0
202606241710,119.3949966430664,119.43009948730469,119.43009948730469,119.37999725341797,16183.0
202606241711,119.43000030517578,119.44000244140625,119.44999694824219,119.41999816894531,15864.0
202606241712,119.43000030517578,119.48999786376953,119.48999786376953,119.43000030517578,27804.0
202606241713,119.49500274658203,119.48999786376953,119.5199966430664,119.4800033569336,13594.0
202606241714,119.48999786376953,119.44499969482422,119.48999786376953,119.43000030517578,10512.0
202606241715,119.44999694824219,119.43000030517578,119.45999908447266,119.40499877929688,11624.0
202606241716,119.41000366210938,119.41000366210938,119.44999694824219,119.41000366210938,15463.0
202606241717,119.41000366210938,119.30999755859375,119.41000366210938,119.30999755859375,23495.0
202606241718,119.33999633789062,119.34089660644531,119.3550033569336,119.31500244140625,15432.0
202606241719,119.31999969482422,119.36000061035156,119.36000061035156,119.26000213623047,42752.0
202606241720,119.36000061035156,119.30999755859375,119.375,119.27999877929688,19586.0
202606241721,119.30999755859375,119.30500030517578,119.33000183105469,119.29000091552734,20061.0
202606241722,119.30999755859375,119.2699966430664,119.33000183105469,119.23999786376953,32975.0
202606241723,119.25,119.33000183105469,119.3499984741211,119.22000122070312,58422.0
202606241724,119.32499694824219,119.45999908447266,119.45999908447266,119.30999755859375,38381.0
202606241725,119.4800033569336,119.45999908447266,119.55999755859375,119.45999908447266,19736.0
202606241726,119.44000244140625,119.31999969482422,119.44000244140625,119.30999755859375,13579.0
202606241727,119.33999633789062,119.26000213623047,119.33999633789062,119.26000213623047,20156.0
202606241728,119.27980041503906,119.23999786376953,119.28500366210938,119.20999908447266,22946.0
202606241729,119.22679901123047,119.21499633789062,119.2300033569336,119.20999908447266,16906.0
202606241730,119.19000244140625,119.20999908447266,119.2750015258789,119.16999816894531,13952.0
202606241731,119.19999694824219,119.25,119.25,119.18000030517578,21397.0
202606241732,119.25,119.17720031738281,119.25,119.11000061035156,17119.0
202606241733,119.18000030517578,119.19000244140625,119.19999694824219,119.13999938964844,28855.0
202606241734,119.19999694824219,119.13349914550781,119.20999908447266,119.12999725341797,10753.0
202606241735,119.1500015258789,119.05000305175781,119.1500015258789,119.05000305175781,15713.0
202606241736,119.04000091552734,119.01000213623047,119.05500030517578,119.0,29334.0
202606241737,119.01000213623047,118.98500061035156,119.01000213623047,118.96499633789062,23191.0
202606241738,118.98999786376953,119.07499694824219,119.0999984741211,118.98999786376953,28208.0
202606241739,119.08000183105469,119.16000366210938,119.16999816894531,119.06999969482422,18606.0
202606241740,119.15010070800781,119.16999816894531,119.20999908447266,119.15010070800781,20173.0
202606241741,119.16999816894531,119.1698989868164,119.16999816894531,119.1050033569336,13915.0
202606241742,119.125,119.12000274658203,119.13999938964844,119.0999984741211,11996.0
202606241743,119.11000061035156,119.16000366210938,119.16000366210938,119.060302734375,18855.0
202606241744,119.16000366210938,119.16500091552734,119.18000030517578,119.13999938964844,19360.0
202606241745,119.16999816894531,119.19989776611328,119.23999786376953,119.16999816894531,16204.0
202606241746,119.19000244140625,119.23999786376953,119.23999786376953,119.18000030517578,31561.0
202606241747,119.24500274658203,119.2249984741211,119.25,119.18000030517578,18012.0
202606241748,119.2249984741211,119.22000122070312,119.23999786376953,119.19969940185547,11446.0
202606241749,119.2300033569336,119.2300033569336,119.23999786376953,119.19999694824219,15009.0
202606241750,119.2300033569336,119.20999908447266,119.23999786376953,119.19000244140625,19248.0
202606241751,119.22000122070312,119.15499877929688,119.23999786376953,119.1500015258789,20205.0
202606241752,119.16000366210938,119.18000030517578,119.20999908447266,119.16000366210938,18278.0
202606241753,119.18000030517578,119.20500183105469,119.30000305175781,119.16010284423828,35739.0
202606241754,119.23999786376953,119.20999908447266,119.25,119.19499969482422,48073.0
202606241755,119.22000122070312,119.22000122070312,119.22000122070312,119.17500305175781,18961.0
202606241756,119.20999908447266,119.23500061035156,119.25,119.16999816894531,40404.0
202606241757,119.2300033569336,119.27999877929688,119.29989624023438,119.2300033569336,11113.0
202606241758,119.28500366210938,119.32499694824219,119.33000183105469,119.28500366210938,25265.0
202606241759,119.32499694824219,119.37989807128906,119.37989807128906,119.32499694824219,8954.0
202606241800,119.375,119.48999786376953,119.48999786376953,119.375,27535.0
202606241801,119.48500061035156,119.55500030517578,119.55999755859375,119.44999694824219,27026.0
202606241802,119.55000305175781,119.55999755859375,119.57499694824219,119.5250015258789,19011.0
202606241803,119.55500030517578,119.37999725341797,119.58000183105469,119.375,122680.0
202606241804,119.37999725341797,119.45999908447266,119.45999908447266,119.37000274658203,18339.0
202606241805,119.45999908447266,119.54000091552734,119.55000305175781,119.45999908447266,16650.0
202606241806,119.52999877929688,119.54000091552734,119.56999969482422,119.51499938964844,19539.0
202606241807,119.5365982055664,119.47640228271484,119.5365982055664,119.47000122070312,18098.0
202606241808,119.47000122070312,119.49500274658203,119.51000213623047,119.44499969482422,33809.0
202606241809,119.49500274658203,119.47000122070312,119.52999877929688,119.47000122070312,31375.0
202606241810,119.4749984741211,119.4800033569336,119.5,119.45999908447266,42416.0
202606241811,119.5,119.48999786376953,119.5,119.45999908447266,37707.0
202606241812,119.4800033569336,119.38999938964844,119.4800033569336,119.38999938964844,22547.0
202606241813,119.38999938964844,119.36799621582031,119.38999938964844,119.3550033569336,14974.0
202606241814,119.37000274658203,119.33999633789062,119.37000274658203,119.31999969482422,14871.0
202606241815,119.33989715576172,119.32499694824219,119.33999633789062,119.30999755859375,24961.0
202606241816,119.33000183105469,119.36000061035156,119.37999725341797,119.30500030517578,30891.0
202606241817,119.33000183105469,119.3499984741211,119.36000061035156,119.33000183105469,11698.0
202606241818,119.34500122070312,119.37999725341797,119.41000366210938,119.33000183105469,36255.0
202606241819,119.37999725341797,119.33000183105469,119.38999938964844,119.31999969482422,16909.0
202606241820,119.33000183105469,119.37000274658203,119.37999725341797,119.33000183105469,15936.0
202606241821,119.37000274658203,119.37000274658203,119.37999725341797,119.3499984741211,16463.0
202606241822,119.37560272216797,119.37000274658203,119.37560272216797,119.34500122070312,22960.0
202606241823,119.37999725341797,119.44499969482422,119.44499969482422,119.37000274658203,17077.0
202606241824,119.44499969482422,119.43000030517578,119.46990203857422,119.43000030517578,23191.0
202606241825,119.43000030517578,119.44999694824219,119.44999694824219,119.40499877929688,36427.0
202606241826,119.44999694824219,119.51000213623047,119.53990173339844,119.44010162353516,26134.0
202606241827,119.5198974609375,119.5,119.5199966430664,119.5,17428.0
202606241828,119.49220275878906,119.52999877929688,119.56999969482422,119.49220275878906,25999.0
202606241829,119.52999877929688,119.56990051269531,119.58000183105469,119.5250015258789,22817.0
202606241830,119.56999969482422,119.61000061035156,119.65499877929688,119.56500244140625,22478.0
202606241831,119.61000061035156,119.68000030517578,119.68000030517578,119.61000061035156,20853.0
202606241832,119.69000244140625,119.69999694824219,119.75,119.69000244140625,22138.0
202606241833,119.69999694824219,119.76000213623047,119.7699966430664,119.69999694824219,35929.0
202606241834,119.75,119.75,119.77999877929688,119.73999786376953,16504.0
202606241835,119.7300033569336,119.7699966430664,119.7699966430664,119.70999908447266,16129.0
202606241836,119.7699966430664,119.80000305175781,119.80000305175781,119.74500274658203,15449.0
202606241837,119.80000305175781,119.83000183105469,119.83999633789062,119.79499816894531,19227.0
202606241838,119.83000183105469,119.9000015258789,119.91999816894531,119.83000183105469,21323.0
202606241839,119.91500091552734,119.90989685058594,119.91999816894531,119.88999938964844,21908.0
202606241840,119.9000015258789,119.7699966430664,119.9000015258789,119.75499725341797,36558.0
202606241841,119.79000091552734,119.78500366210938,119.80000305175781,119.76000213623047,35210.0
202606241842,119.79000091552734,119.77999877929688,119.80560302734375,119.76010131835938,23202.0
202606241843,119.77999877929688,119.79000091552734,119.80989837646484,119.76499938964844,15513.0
202606241844,119.78500366210938,119.80000305175781,119.81999969482422,119.7750015258789,22752.0
202606241845,119.79499816894531,119.82499694824219,119.82499694824219,119.78500366210938,24882.0
202606241846,119.83000183105469,119.88999938964844,119.8949966430664,119.81500244140625,75272.0
202606241847,119.88999938964844,119.8949966430664,119.93000030517578,119.87999725341797,27210.0
202606241848,119.88999938964844,119.88999938964844,119.91000366210938,119.87999725341797,20472.0
202606241849,119.8949966430664,119.83999633789062,119.8949966430664,119.81999969482422,26152.0
202606241850,119.83000183105469,119.80020141601562,119.84500122070312,119.79000091552734,15478.0
202606241851,119.79499816894531,119.66500091552734,119.79499816894531,119.63009643554688,28438.0
202606241852,119.68000030517578,119.66000366210938,119.70999908447266,119.66000366210938,20235.0
202606241853,119.6500015258789,119.67720031738281,119.69000244140625,119.63999938964844,27573.0
202606241854,119.66999816894531,119.69999694824219,119.70950317382812,119.63999938964844,24572.0
202606241855,119.69000244140625,119.7300033569336,119.73500061035156,119.66000366210938,32233.0
202606241856,119.73999786376953,119.66000366210938,119.75,119.64939880371094,42447.0
202606241857,119.65499877929688,119.71279907226562,119.7249984741211,119.65499877929688,31663.0
202606241858,119.6946029663086,119.69000244140625,119.71499633789062,119.68000030517578,22723.0
202606241859,119.69000244140625,119.63999938964844,119.69000244140625,119.63999938964844,17624.0
202606241900,119.625,119.63999938964844,119.66999816894531,119.62000274658203,16448.0
202606241901,119.63999938964844,119.66000366210938,119.70999908447266,119.62000274658203,36116.0
202606241902,119.66799926757812,119.63999938964844,119.66999816894531,119.62999725341797,25532.0
202606241903,119.62999725341797,119.69999694824219,119.72000122070312,119.62000274658203,30924.0
202606241904,119.69999694824219,119.66000366210938,119.7123031616211,119.63999938964844,29647.0
202606241905,119.66999816894531,119.58499908447266,119.66999816894531,119.58000183105469,28710.0
202606241906,119.595703125,119.61000061035156,119.62999725341797,119.58000183105469,31120.0
202606241907,119.62000274658203,119.58000183105469,119.66999816894531,119.57499694824219,50932.0
202606241908,119.58999633789062,119.66500091552734,119.66999816894531,119.58000183105469,34623.0
202606241909,119.66999816894531,119.69999694824219,119.70999908447266,119.6449966430664,31110.0
202606241910,119.69999694824219,119.7593002319336,119.7593002319336,119.68000030517578,53735.0
202606241911,119.7511978149414,119.76499938964844,119.79000091552734,119.73999786376953,44893.0
202606241912,119.75,119.76000213623047,119.77999877929688,119.7300033569336,27765.0
202606241913,119.76000213623047,119.73500061035156,119.77989959716797,119.7300033569336,23392.0
202606241914,119.7300033569336,119.69499969482422,119.73889923095703,119.69000244140625,30848.0
202606241915,119.70999908447266,119.75,119.75,119.70999908447266,27618.0
202606241916,119.75,119.73999786376953,119.75,119.69000244140625,26802.0
202606241917,119.75,119.70999908447266,119.75,119.69010162353516,26079.0
202606241918,119.71499633789062,119.70999908447266,119.72000122070312,119.69000244140625,23369.0
202606241919,119.72000122070312,119.78500366210938,119.80989837646484,119.70999908447266,37383.0
202606241920,119.79000091552734,119.73999786376953,119.80000305175781,119.7300033569336,25357.0
202606241921,119.73999786376953,119.76000213623047,119.77999877929688,119.7300033569336,39781.0
202606241922,119.7699966430664,119.69999694824219,119.7699966430664,119.68000030517578,36882.0
202606241923,119.68000030517578,119.63999938964844,119.69000244140625,119.63999938964844,36179.0
202606241924,119.6500015258789,119.62000274658203,119.6769027709961,119.5999984741211,26255.0
202606241925,119.62000274658203,119.62000274658203,119.63999938964844,119.5999984741211,25227.0
202606241926,119.62049865722656,119.4800033569336,119.62049865722656,119.4800033569336,22451.0
202606241927,119.4749984741211,119.53500366210938,119.55000305175781,119.47000122070312,24083.0
202606241928,119.54000091552734,119.50499725341797,119.54000091552734,119.49500274658203,35710.0
202606241929,119.4800033569336,119.41999816894531,119.4800033569336,119.4000015258789,25787.0
202606241930,119.43000030517578,119.36000061035156,119.43000030517578,119.30999755859375,41549.0
202606241931,119.37000274658203,119.41000366210938,119.41000366210938,119.33999633789062,34026.0
202606241932,119.41999816894531,119.34989929199219,119.41999816894531,119.33000183105469,30074.0
202606241933,119.33000183105469,119.30500030517578,119.33000183105469,119.26000213623047,28506.0
202606241934,119.30000305175781,119.30500030517578,119.30989837646484,119.2699966430664,23081.0
202606241935,119.30999755859375,119.25,119.33999633789062,119.25,31869.0
202606241936,119.2249984741211,119.20999908447266,119.2249984741211,119.1449966430664,25299.0
202606241937,119.21499633789062,119.18389892578125,119.2300033569336,119.14990234375,33517.0
202606241938,119.18499755859375,119.16999816894531,119.18499755859375,119.11000061035156,22322.0
202606241939,119.16000366210938,119.17500305175781,119.18000030517578,119.125,31652.0
202606241940,119.16000366210938,119.2249984741211,119.23999786376953,119.14009857177734,31230.0
202606241941,119.22000122070312,119.23500061035156,119.26000213623047,119.20939636230469,30871.0
202606241942,119.2300033569336,119.19999694824219,119.25,119.19999694824219,28592.0
202606241943,119.19000244140625,119.23999786376953,119.25,119.18000030517578,31334.0
202606241944,119.25,119.2300033569336,119.26499938964844,119.20010375976562,33937.0
202606241945,119.20999908447266,119.47000122070312,119.47000122070312,119.20500183105469,76977.0
202606241946,119.47000122070312,119.45500183105469,119.48999786376953,119.41010284423828,34359.0
202606241947,119.43499755859375,119.37000274658203,119.44000244140625,119.36000061035156,32554.0
202606241948,119.37000274658203,119.33000183105469,119.375,119.31500244140625,32083.0
202606241949,119.33000183105469,119.32499694824219,119.3499984741211,119.30000305175781,33568.0
202606241950,119.30999755859375,119.30999755859375,119.54000091552734,119.27999877929688,125199.0
202606241951,119.30999755859375,119.16500091552734,119.30999755859375,119.1500015258789,67432.0
202606241952,119.18000030517578,119.26000213623047,119.27999877929688,119.18000030517578,50165.0
202606241953,119.26000213623047,119.23999786376953,119.26000213623047,119.16999816894531,68348.0
202606241954,119.23999786376953,119.29000091552734,119.37999725341797,119.19000244140625,98527.0
202606241955,119.29000091552734,119.09500122070312,119.30000305175781,118.93000030517578,195619.0
202606241956,119.09539794921875,119.07499694824219,119.125,119.02999877929688,117787.0
202606241957,119.07499694824219,118.98999786376953,119.08999633789062,118.98999786376953,139907.0
202606241958,118.99500274658203,119.0250015258789,119.04000091552734,118.95999908447266,215905.0
202606241959,119.0250015258789,119.0,119.05999755859375,118.94999694824219,427205.0
202606242000,119.0,119.0,119.2905,118.85,0.0
202606242001,119.28,119.3,119.3,119.28,0.0
202606242002,118.8501,119.134,119.2905,118.8501,0.0
202606242004,119.0,119.0,119.0635,118.9,0.0
202606242005,118.91,118.9,118.91,118.85,0.0
202606242006,118.8562,118.85,118.8847,118.85,0.0
202606242007,118.8,118.6614,118.85,118.6355,0.0
202606242008,118.85,118.83,118.85,118.71,0.0
202606242009,118.75,118.35,118.77,118.35,0.0
202606242010,118.23,118.31,119.0,118.23,0.0
202606242011,118.4952,118.55,118.7,118.37,0.0
202606242012,118.69,118.52,118.69,118.5,0.0
202606242013,118.66,118.7,118.7,118.5,0.0
202606242014,118.63,118.35,119.0,118.35,0.0
202606242015,118.35,118.54,118.7,118.35,0.0
202606242016,118.52,118.7,118.7,118.42,0.0
202606242017,118.68,118.58,118.7,118.52,0.0
202606242018,118.42,118.52,118.52,118.34,0.0
202606242019,118.3316,118.4,118.48,118.3,0.0
202606242020,118.3,118.5,119.0,118.3,0.0
202606242021,118.35,118.25,118.37,118.25,0.0
202606242022,118.3688,118.0198,118.37,118.01,0.0
202606242023,118.1,118.15,118.25,118.0,0.0
202606242024,118.14,117.84,118.28,117.84,0.0
202606242025,117.81,117.35,118.45,117.35,0.0
202606242026,117.3,117.3801,118.25,117.28,0.0
202606242027,118.24,117.5,118.24,117.5,0.0
202606242028,117.61,118.0702,118.23,117.5,0.0
202606242029,118.23,118.07,118.23,117.6,0.0
202606242030,117.9,117.75,117.9,117.6,0.0
202606242031,117.7,117.6,117.75,117.5,0.0
202606242032,117.75,117.9,117.95,117.6,0.0
202606242033,117.9,117.83,117.9,117.8131,0.0
202606242034,117.83,117.9,117.95,117.83,0.0
202606242035,117.8819,117.91,117.91,117.87,0.0
202606242036,117.8803,117.91,117.91,117.88,0.0
202606242037,117.9098,117.7001,117.91,117.7,0.0
202606242038,117.88,117.91,117.91,117.88,0.0
202606242039,117.91,117.53,117.91,117.53,0.0
202606242040,117.72,117.6,117.91,117.6,0.0
202606242041,117.7,117.74,117.94,117.53,0.0
202606242042,117.5864,117.8,117.8,117.5864,0.0
202606242043,117.94,117.94,117.94,117.8,0.0
202606242044,117.75,117.62,118.0,117.62,0.0
202606242045,117.74,117.62,117.99,117.59,0.0
202606242046,117.62,117.9299,118.0,117.62,0.0
202606242047,117.6955,117.7,117.7,117.6955,0.0
202606242048,118.14,117.7611,118.14,117.7611,0.0
202606242049,117.81,117.7,117.81,117.52,0.0
202606242050,117.52,117.63,117.7,117.52,0.0
202606242051,117.56,117.5481,117.8,117.54,0.0
202606242052,117.7861,117.7,117.8,117.5515,0.0
202606242053,117.6714,117.5595,117.6714,117.5595,0.0
202606242054,117.6,117.7,118.0,117.6,0.0
202606242055,118.0,118.0,118.0,118.0,0.0
202606242056,117.7195,117.7195,117.7195,117.7195,0.0
202606242057,117.79,117.98,118.0,117.79,0.0
202606242058,118.0,117.85,118.0,117.75,0.0
202606242059,117.8,118.0,118.0,117.8,0.0
202606242100,117.85,117.88,118.0,117.84,0.0
202606242101,117.87,117.98,117.98,117.86,0.0
202606242102,117.9936,117.86,117.9936,117.86,0.0
202606242103,117.87,117.87,117.87,117.87,0.0
202606242104,117.99,117.99,117.99,117.99,0.0
202606242105,117.87,117.7396,117.87,117.7396,0.0
202606242106,117.74,117.69,117.74,117.6503,0.0
202606242107,117.6289,117.6274,117.64,117.5425,0.0
202606242108,117.64,117.6314,117.64,117.6314,0.0
202606242109,117.64,117.6394,117.64,117.639,0.0
202606242110,117.64,117.6302,117.64,117.6302,0.0
202606242111,117.6387,117.64,117.64,117.6387,0.0
202606242112,117.6396,117.64,117.64,117.6387,0.0
202606242113,117.64,117.6399,117.64,117.6394,0.0
202606242114,117.6387,117.6395,117.64,117.63,0.0
202606242115,117.6313,117.6303,117.64,117.6303,0.0
202606242116,117.6302,117.64,117.64,117.63,0.0
202606242117,117.64,117.6396,117.64,117.6396,0.0
202606242118,117.64,117.6313,117.64,117.6313,0.0
202606242119,117.64,117.64,117.64,117.63,0.0
202606242120,117.64,117.64,117.64,117.6302,0.0
202606242121,117.6395,117.6398,117.64,117.6313,0.0
202606242122,117.6394,117.6394,117.6399,117.6394,0.0
202606242123,117.64,117.64,117.64,117.64,0.0
202606242124,117.6399,117.63,117.64,117.63,0.0
202606242125,117.64,117.63,117.64,117.63,0.0
202606242126,117.63,117.63,117.63,117.63,0.0
202606242127,117.6294,117.62,117.6294,117.6,0.0
202606242128,117.5597,117.5403,117.56,117.54,0.0
202606242129,117.5489,117.55,117.55,117.5,0.0
202606242130,117.52,117.55,117.55,117.5,0.0
202606242131,117.532,117.82,117.82,117.532,0.0
202606242132,117.9723,117.55,117.9723,117.55,0.0
202606242133,118.0,118.0,118.0,117.914,0.0
202606242134,117.6085,117.85,118.0,117.6085,0.0
202606242135,117.82,117.77,117.82,117.6892,0.0
202606242136,117.82,117.67,117.82,117.67,0.0
202606242137,117.61,117.52,117.61,117.52,0.0
202606242138,117.68,117.68,117.68,117.68,0.0
202606242139,117.82,117.67,117.82,117.67,0.0
202606242140,117.75,117.7,117.8065,117.67,0.0
202606242141,117.7,117.82,117.82,117.7,0.0
202606242142,117.73,117.77,117.77,117.73,0.0
202606242143,117.72,117.75,117.77,117.72,0.0
202606242144,117.73,117.75,119.0,117.73,0.0
202606242145,117.74,117.72,117.75,117.65,0.0
202606242146,117.73,117.7,117.73,117.67,0.0
202606242147,117.79,117.6012,117.79,117.6012,0.0
202606242148,117.69,117.732,117.75,117.69,0.0
202606242149,117.75,117.69,117.75,117.69,0.0
202606242150,117.72,117.7,117.72,117.63,0.0
202606242151,117.7,117.71,117.71,117.67,0.0
202606242152,117.7,117.72,117.72,117.63,0.0
202606242153,117.75,117.74,117.75,117.65,0.0
202606242154,117.8,117.82,117.82,117.74,0.0
202606242155,117.82,117.65,117.82,117.65,0.0
202606242156,117.79,117.82,117.82,117.667,0.0
202606242157,117.76,117.79,117.82,117.71,0.0
202606242158,117.76,117.78,117.78,117.69,0.0
202606242159,117.69,117.77,117.8,117.6817,0.0
202606242200,117.77,117.8,117.8,117.71,0.0
202606242203,117.76,117.83,117.83,117.7511,0.0
202606242204,117.75,117.7987,117.84,117.71,0.0
202606242205,117.78,117.7,117.8,117.7,0.0
202606242206,117.69,117.61,117.74,117.61,0.0
202606242209,117.68,117.62,117.68,117.62,0.0
202606242210,117.69,117.7,117.7,117.69,0.0
202606242211,117.81,117.79,117.81,117.79,0.0
202606242212,117.75,117.78,117.78,117.75,0.0
202606242213,117.779,117.52,117.779,117.52,0.0
202606242214,117.5,117.66,117.66,117.48,0.0
202606242215,117.6,117.6,117.6,117.41,0.0
202606242216,117.5,117.5,117.78,117.5,0.0
202606242217,117.57,117.54,117.6548,117.54,0.0
202606242218,117.54,117.49,117.54,117.37,0.0
202606242220,117.49,117.6,119.0,117.49,0.0
202606242221,117.48,117.5,117.75,117.48,0.0
202606242222,117.4,117.3,117.4,117.3,0.0
202606242223,117.74,117.28,117.74,117.28,0.0
202606242224,117.28,117.38,117.38,117.25,0.0
202606242225,117.35,117.27,117.35,117.17,0.0
202606242226,117.18,117.06,117.3041,117.06,0.0
202606242227,117.546,117.1525,117.546,117.1525,0.0
202606242228,117.68,117.26,117.68,117.1,0.0
202606242229,117.1,117.17,117.45,117.05,0.0
202606242230,117.0,117.1014,117.15,117.0,0.0
202606242231,117.1062,117.0,117.16,117.0,0.0
202606242232,117.0,117.0,117.78,116.99,0.0
202606242233,117.12,117.49,117.49,116.85,0.0
202606242234,116.8,117.49,117.49,116.8,0.0
202606242235,117.49,117.0,117.49,116.8,0.0
202606242236,117.0,116.51,117.49,116.51,0.0
202606242237,116.92,117.0,117.3491,116.92,0.0
202606242238,117.26,116.68,117.26,116.68,0.0
202606242239,117.0,116.75,117.49,116.7,0.0
202606242240,116.8,117.49,117.49,116.8,0.0
202606242241,116.82,117.49,117.49,116.82,0.0
202606242242,117.02,117.49,117.49,117.02,0.0
202606242244,117.1662,116.8,117.1662,116.8,0.0
202606242245,117.07,117.18,117.18,117.07,0.0
202606242246,116.94,117.19,117.19,116.94,0.0
202606242247,117.1298,117.08,117.1298,116.73,0.0
202606242248,117.1898,117.19,117.19,117.1712,0.0
202606242249,117.1724,117.0,117.19,117.0,0.0
202606250800,118.065,117.63,119.0,117.1097,0.0
202606250801,117.64,117.65,117.88,117.08,0.0
202606250804,117.5452,117.65,117.65,117.5452,0.0
202606250805,117.75,117.33,117.75,117.15,0.0
202606250818,117.5532,117.8,117.8,117.5532,0.0
202606250824,117.69,117.75,117.75,117.69,0.0
202606250908,117.69,117.88,117.88,117.69,0.0
202606250917,117.7,117.63,117.7,117.63,0.0
202606250923,117.7,117.76,117.76,117.7,0.0
202606250946,117.5357,117.7,117.7,117.5357,0.0
202606251000,117.545,117.69,117.69,117.545,0.0
202606251013,117.55,117.5295,117.55,117.5295,0.0
202606251016,117.63,117.59,117.63,117.59,0.0
202606251030,117.54,117.5402,117.5402,117.53,0.0
202606251035,117.41,117.4,117.42,117.4,0.0
202606251036,117.41,117.4,117.41,117.4,0.0
202606251039,117.4,117.4,117.42,117.4,0.0
202606251040,117.41,117.42,117.42,117.41,0.0
202606251041,117.41,117.42,117.42,117.41,0.0
202606251043,117.4,117.4999,117.5,117.4,0.0
202606251044,117.39,117.52,117.6,117.39,0.0
202606251045,117.5,117.495,117.5,117.495,0.0
202606251048,117.4,117.42,117.42,117.4,0.0
202606251050,117.41,117.4,117.41,117.4,0.0
202606251051,117.39,117.37,117.39,117.29,0.0
202606251059,117.34,117.7,118.0,117.34,0.0
202606251100,117.27,119.0,119.0,117.27,0.0
202606251101,117.554,117.52,117.82,117.52,0.0
202606251102,117.5,117.7826,119.0,117.31,0.0
202606251103,117.53,117.3,117.53,117.3,0.0
202606251104,117.45,117.4,117.6175,117.4,0.0
202606251105,117.3,117.38,117.47,117.3,0.0
202606251106,117.38,117.3975,117.6499,117.34,0.0
202606251108,117.5,117.4,117.5,117.34,0.0
202606251109,117.45,117.5,117.5,117.45,0.0
202606251110,117.46,117.37,117.46,117.37,0.0
202606251113,117.39,117.42,117.42,117.39,0.0
202606251114,117.65,117.42,117.65,117.42,0.0
202606251115,117.3,117.41,117.41,117.3,0.0
202606251116,117.36,117.33,117.41,117.31,0.0
202606251117,117.38,117.2,117.55,117.2,0.0
202606251118,117.39,117.41,117.41,117.29,0.0
202606251119,117.31,117.33,117.42,117.31,0.0
202606251120,117.37,117.2,117.37,117.2,0.0
202606251121,117.35,117.3805,117.45,117.3,0.0
202606251122,117.36,117.31,117.3759,117.25,0.0
202606251123,117.35,117.25,117.36,117.25,0.0
202606251124,117.33,117.2695,117.4,117.2695,0.0
202606251125,117.31,117.26,117.3638,117.25,0.0
202606251126,117.2537,117.3662,117.3663,117.2537,0.0
202606251127,117.37,117.37,117.4,117.3,0.0
202606251128,117.37,117.31,117.37,117.31,0.0
202606251131,117.3,117.3989,117.3989,117.26,0.0
202606251132,117.3786,117.26,117.3786,117.26,0.0
202606251133,117.32,117.3,117.36,117.3,0.0
202606251134,117.32,117.32,117.3842,117.32,0.0
202606251135,117.3896,117.3828,117.4,117.32,0.0
202606251136,117.38,117.37,117.4,117.37,0.0
202606251137,117.38,117.3201,117.3999,117.3201,0.0
202606251138,117.4,117.3201,117.4,117.3201,0.0
202606251140,117.33,117.5,117.51,117.33,0.0
202606251141,117.37,117.42,117.43,117.37,0.0
202606251142,117.36,117.65,117.65,117.32,0.0
202606251143,117.4,117.6071,117.6071,117.4,0.0
202606251144,117.4,117.38,117.4,117.32,0.0
202606251146,117.44,117.5,117.5,117.389,0.0
202606251148,117.46,117.4492,117.5,117.4492,0.0
202606251149,117.43,117.41,117.43,117.39,0.0
202606251150,117.39,117.5,117.5,117.39,0.0
202606251151,117.45,117.46,117.46,117.41,0.0
202606251152,117.42,117.65,117.65,117.41,0.0
202606251153,117.41,117.43,117.45,117.41,0.0
202606251154,117.4,117.4,117.43,117.4,0.0
202606251155,117.44,117.41,117.6017,117.36,0.0
202606251156,117.45,117.41,117.65,117.4,0.0
202606251157,117.52,117.5,117.52,117.36,0.0
202606251159,117.43,117.41,117.5,117.4,0.0
202606251200,117.43,117.5,117.5,117.41,0.0
202606251201,117.42,117.65,117.65,117.42,0.0
202606251202,117.65,117.65,117.65,117.389,0.0
202606251203,117.41,117.4,117.5,117.4,0.0
202606251204,117.41,117.4,117.5,117.384,0.0
202606251205,117.42,117.4,117.5,117.4,0.0
202606251206,117.42,117.41,117.42,117.41,0.0
202606251207,117.6425,117.4,117.65,117.39,0.0
202606251208,117.65,117.42,117.65,117.39,0.0
202606251209,117.4025,117.65,117.65,117.3789,0.0
202606251210,117.39,117.42,117.43,117.39,0.0
202606251212,117.4,117.4,117.65,117.38,0.0
202606251213,117.38,117.4,117.4077,117.26,0.0
202606251214,117.32,117.32,117.32,117.27,0.0
202606251215,117.3109,117.29,117.32,117.2517,0.0
202606251216,117.29,117.29,117.29,117.25,0.0
202606251217,117.29,117.32,117.32,117.25,0.0
202606251218,117.3,117.32,117.32,117.3,0.0
202606251219,117.3112,117.3,117.3197,117.3,0.0
202606251220,117.31,117.32,117.32,117.29,0.0
202606251221,117.3,117.29,117.3136,117.29,0.0
202606251222,117.3,117.32,117.32,117.28,0.0
202606251224,117.32,117.3194,117.32,117.3194,0.0
202606251225,117.3188,117.32,117.32,117.2678,0.0
202606251226,117.3122,117.3138,117.3188,117.3122,0.0
202606251227,117.3138,117.3122,117.3188,117.26,0.0
202606251228,117.32,117.28,117.32,117.28,0.0
202606251229,117.32,117.2678,117.32,117.2678,0.0
202606251230,117.272,117.28,117.32,117.272,0.0
202606251231,117.35,117.26,117.65,117.26,0.0
202606251232,117.3,117.3,117.44,117.3,0.0
202606251233,117.3,117.3,117.3,117.29,0.0
202606251234,117.3,117.3,117.65,117.28,0.0
202606251235,117.6019,117.2,117.6019,117.2,0.0
202606251236,117.28,117.252,117.3,117.2,0.0
202606251237,117.3,117.21,117.3,117.21,0.0
202606251238,117.2509,117.6,117.6,117.2509,0.0
202606251239,117.3,117.422,117.422,117.16,0.0
202606251240,117.33,117.3,117.33,117.29,0.0
202606251241,117.28,117.3,117.31,117.22,0.0
202606251242,117.11,117.28,117.43,117.11,0.0
202606251243,117.5297,117.425,117.6,117.26,0.0
202606251244,117.3,117.32,117.32,117.3,0.0
202606251245,117.6,117.31,117.6,117.29,0.0
202606251246,117.417,117.32,117.417,117.28,0.0
202606251247,117.25,117.3,117.32,117.25,0.0
202606251248,117.29,117.29,117.3,117.25,0.0
202606251249,117.28,117.33,117.33,117.28,0.0
202606251250,117.3,117.26,117.32,117.25,0.0
202606251251,117.25,117.26,117.29,117.25,0.0
202606251252,117.25,117.25,117.65,117.25,0.0
202606251253,117.65,117.65,117.65,117.26,0.0
202606251254,117.26,117.25,117.3,117.25,0.0
202606251255,117.28,117.3,117.65,117.27,0.0
202606251256,117.65,117.3,117.65,117.28,0.0
202606251258,117.3,117.29,117.49,117.1347,0.0
202606251300,117.21,117.2,117.21,117.13,0.0
202606251301,117.21,117.2197,117.26,117.11,0.0
202606251302,117.2388,117.2,117.2388,117.1113,0.0
202606251303,117.14,117.14,117.2083,117.1282,0.0
202606251304,117.19,117.17,117.2,117.17,0.0
202606251305,117.18,117.12,117.18,117.1,0.0
202606251306,117.11,117.05,117.12,117.05,0.0
202606251307,117.07,117.04,117.07,117.0,0.0
202606251308,117.04,117.01,117.04,117.0,0.0
202606251309,117.0098,117.0194,117.02,117.0,0.0
202606251310,117.01,117.0199,117.02,117.0024,0.0
202606251311,117.0188,117.002,117.0188,117.0,0.0
202606251312,117.0,117.02,117.02,117.0,0.0
202606251313,117.0,116.95,117.02,116.93,0.0
202606251314,116.92,116.98,117.02,116.92,0.0
202606251315,116.95,116.978,117.02,116.9,0.0
202606251316,116.9184,116.9,116.92,116.83,0.0
202606251317,116.87,116.8,116.87,116.74,0.0
202606251318,116.81,116.8,116.85,116.76,0.0
202606251319,116.8,116.8288,116.86,116.7817,0.0
202606251320,116.8,116.8,116.92,116.8,0.0
202606251321,116.7773,116.8,116.9,116.7717,0.0
202606251322,116.8,116.8,116.82,116.7817,0.0
202606251323,116.82,116.72,116.82,116.72,0.0
202606251324,116.81,116.8,116.86,116.69,0.0
202606251325,116.8,116.704,117.01,116.7013,0.0
202606251326,116.72,116.71,116.86,116.66,0.0
202606251327,116.82,117.3,117.73,116.71,0.0
202606251328,117.47,117.12,117.63,117.12,0.0
202606251329,117.29,117.27,117.63,117.23,0.0
202606251330,117.47000122070312,117.69000244140625,118.0,117.1520004272461,465404.0
202606251331,117.65499877929688,117.30000305175781,117.65499877929688,117.05999755859375,170643.0
202606251332,117.25,117.5,117.80000305175781,117.25,85193.0
202606251333,117.41000366210938,117.19000244140625,117.55000305175781,117.1500015258789,34010.0
202606251334,117.20500183105469,117.31999969482422,117.37000274658203,117.1500015258789,66003.0
202606251335,117.36000061035156,117.25,117.375,117.18000030517578,48646.0
202606251336,117.30000305175781,117.45500183105469,117.48999786376953,117.26000213623047,48261.0
202606251337,117.42500305175781,117.4000015258789,117.4800033569336,117.24009704589844,41542.0
202606251338,117.40499877929688,117.45999908447266,117.58000183105469,117.31999969482422,89432.0
202606251339,117.44000244140625,117.45999908447266,117.5199966430664,117.1500015258789,72231.0
202606251340,117.45999908447266,117.6636962890625,117.66999816894531,117.33000183105469,115943.0
202606251341,117.69000244140625,117.83499908447266,117.9000015258789,117.5999984741211,76657.0
202606251342,117.83999633789062,117.68499755859375,117.84500122070312,117.58000183105469,72696.0
202606251343,117.62999725341797,117.80500030517578,117.80500030517578,117.58000183105469,38760.0
202606251344,117.79000091552734,117.68000030517578,117.87999725341797,117.66000366210938,64248.0
202606251345,117.65499877929688,117.73999786376953,117.87000274658203,117.61499786376953,84271.0
202606251346,117.70999908447266,117.94000244140625,118.0199966430664,117.69000244140625,113287.0
202606251347,117.92500305175781,117.79000091552734,118.02999877929688,117.79000091552734,103545.0
202606251348,117.80999755859375,117.94999694824219,117.9800033569336,117.75,37547.0
202606251349,117.95500183105469,118.0,118.01000213623047,117.87000274658203,42985.0
202606251350,117.99500274658203,117.7699966430664,118.01000213623047,117.72010040283203,42000.0
202606251351,117.7699966430664,117.91999816894531,117.94999694824219,117.72000122070312,44925.0
202606251352,117.91000366210938,118.01000213623047,118.02999877929688,117.87000274658203,35741.0
202606251353,118.01499938964844,118.2249984741211,118.25,118.01000213623047,67661.0
202606251354,118.2699966430664,118.3949966430664,118.41999816894531,118.2699966430664,82092.0
202606251355,118.41999816894531,118.54000091552734,118.58000183105469,118.3499984741211,74574.0
202606251356,118.55000305175781,118.30000305175781,118.57990264892578,118.27999877929688,72465.0
202606251357,118.30500030517578,118.20999908447266,118.37000274658203,118.19999694824219,57602.0
202606251358,118.19999694824219,118.25499725341797,118.26000213623047,118.09010314941406,30421.0
202606251359,118.26640319824219,118.19499969482422,118.30999755859375,118.125,58126.0
202606251400,118.18000030517578,118.2051010131836,118.3499984741211,118.06999969482422,85393.0
202606251401,118.23999786376953,118.33000183105469,118.33999633789062,118.2300033569336,27358.0
202606251402,118.30999755859375,118.32499694824219,118.40750122070312,118.30999755859375,37740.0
202606251403,118.33999633789062,118.25,118.33999633789062,118.13999938964844,63164.0
202606251404,118.2699966430664,118.38999938964844,118.3949966430664,118.25,49452.0
202606251405,118.40499877929688,118.43000030517578,118.4749984741211,118.30999755859375,35488.0
202606251406,118.41000366210938,118.11000061035156,118.42500305175781,118.09500122070312,45384.0
202606251407,118.05999755859375,117.95500183105469,118.05999755859375,117.9000015258789,62510.0
202606251408,117.95500183105469,117.91000366210938,117.96499633789062,117.80000305175781,29225.0
202606251409,117.94499969482422,117.91000366210938,117.9800033569336,117.83999633789062,102706.0
202606251410,117.91500091552734,117.6050033569336,117.94000244140625,117.58000183105469,69355.0
202606251411,117.58000183105469,117.58999633789062,117.62000274658203,117.5199966430664,62478.0
202606251412,117.63999938964844,117.83999633789062,117.83999633789062,117.62000274658203,36978.0
202606251413,117.86499786376953,117.9000015258789,117.91000366210938,117.76000213623047,45873.0
202606251414,117.94000244140625,118.1500015258789,118.1500015258789,117.94000244140625,17218.0
202606251415,118.1050033569336,117.95500183105469,118.1050033569336,117.83000183105469,49467.0
202606251416,117.95999908447266,118.0,118.08999633789062,117.95999908447266,29104.0
202606251417,117.95500183105469,118.08499908447266,118.12000274658203,117.95500183105469,24833.0
202606251418,118.0999984741211,118.08999633789062,118.0999984741211,118.0250015258789,32926.0
202606251419,118.11000061035156,118.06999969482422,118.12000274658203,118.0199966430664,31144.0
202606251420,118.08499908447266,118.05000305175781,118.13500213623047,117.97010040283203,34443.0
202606251421,118.08499908447266,117.87000274658203,118.08499908447266,117.81999969482422,26348.0
202606251422,117.8499984741211,117.86000061035156,117.93000030517578,117.80999755859375,70763.0
202606251423,117.87000274658203,117.67500305175781,117.87999725341797,117.66000366210938,20073.0
202606251424,117.68499755859375,117.73639678955078,117.86009979248047,117.68499755859375,27960.0
202606251425,117.69499969482422,117.62000274658203,117.72000122070312,117.55000305175781,26938.0
202606251426,117.61499786376953,117.58999633789062,117.6500015258789,117.58999633789062,17539.0
202606251427,117.6050033569336,117.66999816894531,117.69499969482422,117.58000183105469,30069.0
202606251428,117.63999938964844,117.56999969482422,117.63999938964844,117.4800033569336,39310.0
202606251429,117.56999969482422,117.52999877929688,117.65499877929688,117.5,31203.0
202606251430,117.48999786376953,117.38999938964844,117.50499725341797,117.30999755859375,54900.0
202606251431,117.37999725341797,117.55000305175781,117.55000305175781,117.37999725341797,28741.0
202606251432,117.56999969482422,117.45999908447266,117.61000061035156,117.44999694824219,28608.0
202606251433,117.47000122070312,117.2300033569336,117.4800033569336,117.2249984741211,35109.0
202606251434,117.2300033569336,117.12999725341797,117.25,117.0999984741211,43880.0
202606251435,117.12999725341797,117.0199966430664,117.13999938964844,117.0,52577.0
202606251436,117.04000091552734,116.91999816894531,117.04499816894531,116.875,50404.0
202606251437,116.9000015258789,117.0199966430664,117.05000305175781,116.87000274658203,35443.0
202606251438,117.0250015258789,117.1500015258789,117.16500091552734,117.01000213623047,24607.0
202606251439,117.12000274658203,117.08000183105469,117.12999725341797,117.04000091552734,15114.0
202606251440,117.06500244140625,117.05999755859375,117.06999969482422,116.91999816894531,30890.0
202606251441,117.03500366210938,117.07499694824219,117.09500122070312,117.01000213623047,17479.0
202606251442,117.12000274658203,117.0999984741211,117.13400268554688,117.02999877929688,25421.0
202606251443,117.09500122070312,117.25,117.25,117.02999877929688,82311.0
202606251444,117.23999786376953,117.26000213623047,117.3187026977539,117.22000122070312,24961.0
202606251445,117.25669860839844,117.2300033569336,117.29499816894531,117.21040344238281,15299.0
202606251446,117.2300033569336,117.29000091552734,117.29000091552734,117.16999816894531,25822.0
202606251447,117.26000213623047,117.41000366210938,117.41649627685547,117.24500274658203,32004.0
202606251448,117.4009017944336,117.36499786376953,117.47000122070312,117.36499786376953,22851.0
202606251449,117.33999633789062,117.31500244140625,117.36000061035156,117.29000091552734,21704.0
202606251450,117.31999969482422,117.30000305175781,117.34500122070312,117.30000305175781,23543.0
202606251451,117.31999969482422,117.33989715576172,117.3499984741211,117.30999755859375,18845.0
202606251452,117.33000183105469,117.3499984741211,117.37000274658203,117.27999877929688,33580.0
202606251453,117.3499984741211,117.28990173339844,117.38999938964844,117.26000213623047,22036.0
202606251454,117.2699966430664,117.16999816894531,117.29000091552734,117.16000366210938,40115.0
202606251455,117.16500091552734,117.09500122070312,117.16500091552734,117.08000183105469,24898.0
202606251456,117.08499908447266,117.05000305175781,117.0989990234375,117.0,29638.0
202606251457,117.0250015258789,116.93000030517578,117.0250015258789,116.91999816894531,54727.0
202606251458,116.91010284423828,116.77999877929688,116.94000244140625,116.76090240478516,39619.0
202606251459,116.75749969482422,116.79499816894531,116.83999633789062,116.75749969482422,64924.0
202606251500,116.79499816894531,116.8499984741211,116.8499984741211,116.75,43379.0
202606251501,116.87999725341797,117.01000213623047,117.04000091552734,116.87000274658203,25880.0
202606251502,117.01000213623047,116.83499908447266,117.01000213623047,116.80000305175781,25168.0
202606251503,116.8499984741211,116.76000213623047,116.87999725341797,116.76000213623047,30778.0
202606251504,116.75,116.83499908447266,116.8499984741211,116.73999786376953,43386.0
202606251505,116.8499984741211,116.81410217285156,116.90499877929688,116.80999755859375,45606.0
202606251506,116.80999755859375,116.72000122070312,116.81500244140625,116.70169830322266,62307.0
202606251507,116.7300033569336,116.88999938964844,116.88999938964844,116.7300033569336,31882.0
202606251508,116.88999938964844,116.80999755859375,116.88999938964844,116.80999755859375,23546.0
202606251509,116.81500244140625,116.78500366210938,116.81999969482422,116.76499938964844,25912.0
202606251510,116.77999877929688,116.80000305175781,116.86000061035156,116.77999877929688,56751.0
202606251511,116.79000091552734,116.80000305175781,116.80989837646484,116.72000122070312,52144.0
202606251512,116.79499816894531,116.7750015258789,116.83000183105469,116.75,36007.0
202606251513,116.79000091552734,116.87000274658203,116.875,116.76499938964844,26974.0
202606251514,116.87000274658203,117.0250015258789,117.05500030517578,116.85369873046875,48446.0
202606251515,117.0250015258789,117.0199966430664,117.06500244140625,116.98999786376953,44810.0
202606251516,117.0250015258789,117.11000061035156,117.12000274658203,117.02010345458984,35030.0
202606251517,117.11000061035156,117.11009979248047,117.12000274658203,117.01499938964844,33596.0
202606251518,117.11000061035156,117.06999969482422,117.11090087890625,117.04000091552734,19671.0
202606251519,117.05999755859375,117.06999969482422,117.06999969482422,116.98999786376953,34891.0
202606251520,117.05999755859375,117.05999755859375,117.12999725341797,117.00399780273438,26730.0
202606251521,117.06999969482422,117.08000183105469,117.11000061035156,117.01010131835938,29122.0
202606251522,117.08999633789062,117.04499816894531,117.08999633789062,117.0199966430664,12874.0
202606251523,117.0199966430664,117.04000091552734,117.05999755859375,117.0199966430664,18264.0
202606251524,117.05500030517578,117.08000183105469,117.11499786376953,117.04000091552734,26479.0
202606251525,117.08499908447266,117.2300033569336,117.23999786376953,117.06999969482422,34934.0
202606251526,117.23500061035156,117.2300033569336,117.25499725341797,117.16999816894531,43158.0
202606251527,117.2300033569336,117.44000244140625,117.44000244140625,117.21499633789062,33859.0
202606251528,117.42500305175781,117.44000244140625,117.48989868164062,117.41000366210938,21593.0
202606251529,117.44999694824219,117.33999633789062,117.48999786376953,117.33999633789062,25349.0
202606251530,117.3499984741211,117.29000091552734,117.3499984741211,117.29000091552734,19475.0
202606251531,117.29669952392578,117.23999786376953,117.30000305175781,117.23200225830078,19426.0
202606251532,117.22000122070312,117.17500305175781,117.25499725341797,117.17030334472656,18607.0
202606251533,117.16000366210938,117.06999969482422,117.16000366210938,117.05999755859375,30171.0
202606251534,117.06999969482422,116.9800033569336,117.06999969482422,116.94999694824219,74618.0
202606251535,116.96009826660156,117.09500122070312,117.09500122070312,116.91999816894531,36843.0
202606251536,117.0999984741211,117.13999938964844,117.13999938964844,117.09500122070312,22671.0
202606251537,117.13999938964844,117.11000061035156,117.16999816894531,117.11000061035156,23802.0
202606251538,117.08000183105469,117.05999755859375,117.1050033569336,117.01499938964844,20271.0
202606251539,117.06999969482422,117.0999984741211,117.1500015258789,117.06999969482422,54406.0
202606251540,117.0999984741211,117.08999633789062,117.12000274658203,117.05999755859375,46256.0
202606251541,117.06999969482422,117.05999755859375,117.08000183105469,116.96749877929688,50147.0
202606251542,117.06999969482422,117.07499694824219,117.08000183105469,117.02999877929688,22417.0
202606251543,117.05999755859375,117.06999969482422,117.08999633789062,117.0425033569336,14571.0
202606251544,117.07990264892578,117.04499816894531,117.08999633789062,117.04000091552734,25931.0
202606251545,117.04499816894531,117.08000183105469,117.08000183105469,117.04499816894531,11552.0
202606251546,117.08999633789062,117.08000183105469,117.1500015258789,117.06999969482422,37026.0
202606251547,117.06999969482422,117.08000183105469,117.09510040283203,117.05999755859375,20107.0
202606251548,117.05999755859375,117.03500366210938,117.05999755859375,117.01000213623047,16456.0
202606251549,117.04000091552734,116.9749984741211,117.04499816894531,116.96009826660156,36777.0
202606251550,116.95999908447266,116.98500061035156,117.02220153808594,116.93000030517578,35891.0
202606251551,116.98500061035156,116.95999908447266,116.99500274658203,116.94000244140625,35994.0
202606251552,116.93000030517578,117.02999877929688,117.04499816894531,116.91000366210938,19928.0
202606251553,117.02999877929688,116.98500061035156,117.02999877929688,116.95500183105469,14950.0
202606251554,116.9800033569336,116.95999908447266,116.9800033569336,116.92680358886719,8835.0
202606251555,116.94999694824219,116.93499755859375,116.96499633789062,116.91999816894531,12194.0
202606251556,116.93499755859375,116.83499908447266,116.9800033569336,116.83499908447266,22050.0
202606251557,116.83999633789062,116.91000366210938,116.91000366210938,116.80500030517578,33533.0
202606251558,116.90499877929688,116.875,116.94999694824219,116.87000274658203,27783.0
202606251559,116.87000274658203,116.7750015258789,116.87000274658203,116.7249984741211,39697.0
202606251600,116.79000091552734,116.86499786376953,116.86499786376953,116.66999816894531,94483.0
202606251601,116.86499786376953,116.73500061035156,116.86499786376953,116.73500061035156,57749.0
202606251602,116.73500061035156,116.66000366210938,116.73999786376953,116.66000366210938,65584.0
202606251603,116.65989685058594,116.66000366210938,116.72000122070312,116.6500015258789,27990.0
202606251604,116.66000366210938,116.55999755859375,116.66000366210938,116.55999755859375,44607.0
202606251605,116.55999755859375,116.58499908447266,116.58999633789062,116.52999877929688,36081.0
202606251606,116.58499908447266,116.61000061035156,116.66000366210938,116.58000183105469,25173.0
202606251607,116.61499786376953,116.62000274658203,116.6520004272461,116.5999984741211,22397.0
202606251608,116.62999725341797,116.58000183105469,116.63999938964844,116.56999969482422,28254.0
202606251609,116.56999969482422,116.54499816894531,116.57499694824219,116.54000091552734,24202.0
202606251610,116.55000305175781,116.61000061035156,116.62999725341797,116.55000305175781,29702.0
202606251611,116.6050033569336,116.5250015258789,116.61000061035156,116.51090240478516,48909.0
202606251612,116.5199966430664,116.37000274658203,116.5199966430664,116.33999633789062,78017.0
202606251613,116.36000061035156,116.2249984741211,116.37999725341797,116.22000122070312,44821.0
202606251614,116.22000122070312,116.18000030517578,116.2300033569336,116.1449966430664,52829.0
202606251615,116.17500305175781,116.19000244140625,116.19000244140625,116.12000274658203,42966.0
202606251616,116.18000030517578,116.19999694824219,116.30999755859375,116.14990234375,58871.0
202606251617,116.20500183105469,116.24500274658203,116.25,116.19999694824219,29801.0
202606251618,116.26000213623047,116.25,116.26499938964844,116.19000244140625,33087.0
202606251619,116.25,116.23500061035156,116.26000213623047,116.20999908447266,22257.0
202606251620,116.23970031738281,116.25,116.25,116.20999908447266,22845.0
202606251621,116.25,116.32499694824219,116.33499908447266,116.25,19916.0
202606251622,116.33000183105469,116.27999877929688,116.33000183105469,116.26000213623047,25585.0
202606251623,116.30000305175781,116.2300033569336,116.30000305175781,116.2300033569336,13351.0
202606251624,116.20999908447266,116.13999938964844,116.21499633789062,116.13999938964844,18450.0
202606251625,116.13999938964844,116.11000061035156,116.16999816894531,116.08999633789062,24884.0
202606251626,116.12000274658203,116.12000274658203,116.12000274658203,116.05999755859375,20254.0
202606251627,116.11080169677734,116.1227035522461,116.13990020751953,116.09500122070312,17289.0
202606251628,116.11000061035156,116.01000213623047,116.12000274658203,116.01000213623047,23150.0
202606251629,116.02400207519531,116.01499938964844,116.05000305175781,115.97000122070312,57134.0
202606251630,116.01499938964844,116.01000213623047,116.04000091552734,115.97000122070312,51547.0
202606251631,116.0199966430664,116.09629821777344,116.09629821777344,116.01000213623047,29256.0
202606251632,116.0999984741211,116.08999633789062,116.11000061035156,116.0302963256836,28134.0
202606251633,116.0999984741211,115.96219635009766,116.12000274658203,115.94000244140625,53479.0
202606251634,115.94999694824219,115.86000061035156,115.98999786376953,115.8499984741211,65827.0
202606251635,115.87000274658203,115.91999816894531,115.91999816894531,115.83999633789062,47988.0
202606251636,115.92990112304688,116.01000213623047,116.0199966430664,115.91000366210938,71713.0
202606251637,116.0,115.98500061035156,116.00499725341797,115.95999908447266,20431.0
202606251638,115.98999786376953,115.98999786376953,116.0199966430664,115.96089935302734,23508.0
202606251639,115.94000244140625,115.8499984741211,115.94000244140625,115.8499984741211,25958.0
202606251640,115.83999633789062,115.875,115.91000366210938,115.80000305175781,54663.0
202606251641,115.87999725341797,115.8499984741211,115.87999725341797,115.80999755859375,36049.0
202606251642,115.84500122070312,115.89990234375,115.89990234375,115.83000183105469,27817.0
202606251643,115.89969635009766,115.93000030517578,115.94000244140625,115.88999938964844,27750.0
202606251644,115.92169952392578,115.94499969482422,115.94999694824219,115.91000366210938,13949.0
202606251645,115.94000244140625,115.98500061035156,115.98999786376953,115.93000030517578,39450.0
202606251646,115.97000122070312,115.9000015258789,115.97000122070312,115.88999938964844,35663.0
202606251647,115.91000366210938,115.83000183105469,115.93000030517578,115.81999969482422,25202.0
202606251648,115.81999969482422,115.80999755859375,115.83999633789062,115.7699966430664,28505.0
202606251649,115.80999755859375,115.79000091552734,115.80999755859375,115.76000213623047,15828.0
202606251650,115.80999755859375,115.83000183105469,115.84989929199219,115.77999877929688,18259.0
202606251651,115.81500244140625,115.80999755859375,115.83000183105469,115.80000305175781,17949.0
202606251652,115.80000305175781,115.82499694824219,115.82879638671875,115.77999877929688,13739.0
202606251653,115.83000183105469,115.76000213623047,115.83000183105469,115.75,43376.0
202606251654,115.74500274658203,115.7300033569336,115.74500274658203,115.69999694824219,23139.0
202606251655,115.72570037841797,115.69999694824219,115.72570037841797,115.6500015258789,22868.0
202606251656,115.69000244140625,115.62999725341797,115.69000244140625,115.5999984741211,50518.0
202606251657,115.62000274658203,115.51180267333984,115.62000274658203,115.49500274658203,35057.0
202606251658,115.5,115.44499969482422,115.5,115.37999725341797,37828.0
202606251659,115.44999694824219,115.58999633789062,115.61000061035156,115.44999694824219,32689.0
202606251700,115.58000183105469,115.6500015258789,115.6500015258789,115.54000091552734,32048.0
202606251701,115.63999938964844,115.62000274658203,115.63999938964844,115.59500122070312,16154.0
202606251702,115.61499786376953,115.47949981689453,115.62999725341797,115.43000030517578,40356.0
202606251703,115.47000122070312,115.5,115.5199966430664,115.43499755859375,49058.0
202606251704,115.51000213623047,115.5199966430664,115.53500366210938,115.4800033569336,22517.0
202606251705,115.5199966430664,115.5199966430664,115.55000305175781,115.5199966430664,13309.0
202606251706,115.48999786376953,115.48999786376953,115.5,115.46499633789062,11518.0
202606251707,115.4800033569336,115.5,115.5,115.43000030517578,34043.0
202606251708,115.50499725341797,115.4800033569336,115.51499938964844,115.47010040283203,17152.0
202606251709,115.47000122070312,115.4800033569336,115.48999786376953,115.45999908447266,27487.0
202606251710,115.4800033569336,115.5,115.50499725341797,115.44000244140625,31283.0
202606251711,115.50499725341797,115.48999786376953,115.53500366210938,115.4800033569336,23730.0
202606251712,115.51000213623047,115.41000366210938,115.51000213623047,115.4000015258789,18121.0
202606251713,115.40499877929688,115.44000244140625,115.46499633789062,115.40499877929688,34097.0
202606251714,115.44499969482422,115.51000213623047,115.51000213623047,115.43000030517578,19293.0
202606251715,115.58999633789062,115.58999633789062,115.62999725341797,115.55000305175781,18107.0
202606251716,115.5999984741211,115.55999755859375,115.63500213623047,115.52999877929688,29890.0
202606251717,115.57499694824219,115.62999725341797,115.62999725341797,115.57499694824219,9525.0
202606251718,115.62000274658203,115.66000366210938,115.66999816894531,115.61000061035156,13854.0
202606251719,115.6698989868164,115.51000213623047,115.66999816894531,115.5,27541.0
202606251720,115.5,115.74500274658203,115.75,115.45999908447266,31212.0
202606251721,115.74500274658203,115.70999908447266,115.7499008178711,115.69999694824219,18794.0
202606251722,115.73999786376953,115.7300033569336,115.76000213623047,115.71790313720703,18377.0
202606251723,115.72000122070312,115.72000122070312,115.73500061035156,115.67009735107422,28313.0
202606251724,115.70999908447266,115.69999694824219,115.7300033569336,115.69999694824219,18068.0
202606251725,115.69999694824219,115.70999908447266,115.70999908447266,115.69000244140625,18814.0
202606251726,115.69000244140625,115.69000244140625,115.69000244140625,115.6500015258789,24424.0
202606251727,115.69999694824219,115.66000366210938,115.70999908447266,115.63999938964844,22279.0
202606251728,115.66000366210938,115.6708984375,115.70999908447266,115.66000366210938,27300.0
202606251729,115.63999938964844,115.66000366210938,115.689697265625,115.62999725341797,20057.0
202606251730,115.68000030517578,115.62999725341797,115.69000244140625,115.61000061035156,22156.0
202606251731,115.63500213623047,115.66000366210938,115.68000030517578,115.62999725341797,22578.0
202606251732,115.6729965209961,115.62000274658203,115.6729965209961,115.62000274658203,17730.0
202606251733,115.61000061035156,115.51000213623047,115.61000061035156,115.47000122070312,36994.0
202606251734,115.57319641113281,115.56500244140625,115.58999633789062,115.55999755859375,22518.0
202606251735,115.58999633789062,115.6500015258789,115.66000366210938,115.57499694824219,24783.0
202606251736,115.65499877929688,115.6520004272461,115.66000366210938,115.61499786376953,12402.0
202606251737,115.6500015258789,115.58999633789062,115.6500015258789,115.55999755859375,17287.0
202606251738,115.58999633789062,115.5999984741211,115.61000061035156,115.56999969482422,18128.0
202606251739,115.61000061035156,115.61499786376953,115.62999725341797,115.56999969482422,14960.0
202606251740,115.61499786376953,115.67500305175781,115.68000030517578,115.59500122070312,36054.0
202606251741,115.66999816894531,115.66000366210938,115.66999816894531,115.62000274658203,13566.0
202606251742,115.66999816894531,115.69000244140625,115.69999694824219,115.66000366210938,31573.0
202606251743,115.69000244140625,115.66000366210938,115.7249984741211,115.6500015258789,15892.0
202606251744,115.6500015258789,115.6500015258789,115.69000244140625,115.62999725341797,18077.0
202606251745,115.66000366210938,115.66000366210938,115.70999908447266,115.6500015258789,45067.0
202606251746,115.66000366210938,115.70999908447266,115.7699966430664,115.66000366210938,22573.0
202606251747,115.69049835205078,115.68309783935547,115.70999908447266,115.66500091552734,23325.0
202606251748,115.70999908447266,115.706298828125,115.75,115.69000244140625,17210.0
202606251749,115.69499969482422,115.68000030517578,115.70999908447266,115.67739868164062,18152.0
202606251750,115.66999816894531,115.66000366210938,115.66999816894531,115.62000274658203,18216.0
202606251751,115.68000030517578,115.66000366210938,115.69999694824219,115.62999725341797,16557.0
202606251752,115.6500015258789,115.63999938964844,115.66999816894531,115.62999725341797,22423.0
202606251753,115.62999725341797,115.7300033569336,115.7300033569336,115.62999725341797,19742.0
202606251754,115.7249984741211,115.70999908447266,115.73999786376953,115.69999694824219,20161.0
202606251755,115.69000244140625,115.66000366210938,115.69000244140625,115.62010192871094,25495.0
202606251756,115.66889953613281,115.66999816894531,115.69999694824219,115.61000061035156,22462.0
202606251757,115.68000030517578,115.69000244140625,115.69999694824219,115.68000030517578,12191.0
202606251758,115.69999694824219,115.68009948730469,115.70549774169922,115.66000366210938,25312.0
202606251759,115.68000030517578,115.7699966430664,115.77999877929688,115.68000030517578,29632.0
202606251800,115.76000213623047,115.70999908447266,115.77999877929688,115.70999908447266,18437.0
202606251801,115.70999908447266,115.72000122070312,115.75,115.69999694824219,19961.0
202606251802,115.70999908447266,115.69000244140625,115.71499633789062,115.5999984741211,41764.0
202606251803,115.67780303955078,115.62999725341797,115.69159698486328,115.5999984741211,39137.0
202606251804,115.58999633789062,115.60990142822266,115.61499786376953,115.55999755859375,19374.0
202606251805,115.5999984741211,115.69999694824219,115.69999694824219,115.5999984741211,33093.0
202606251806,115.68009948730469,115.76499938964844,115.76499938964844,115.66999816894531,21904.0
202606251807,115.7699966430664,115.77339935302734,115.80000305175781,115.73999786376953,37780.0
202606251808,115.75440216064453,115.82499694824219,115.83000183105469,115.75440216064453,28804.0
202606251809,115.81500244140625,115.94499969482422,115.94499969482422,115.80000305175781,25954.0
202606251810,115.94499969482422,115.91000366210938,115.9749984741211,115.91000366210938,64273.0
202606251811,115.88999938964844,115.95999908447266,115.95999908447266,115.83999633789062,9624.0
202606251812,115.98999786376953,116.02999877929688,116.08999633789062,115.98999786376953,30417.0
202606251813,116.05000305175781,116.02999877929688,116.05000305175781,116.0199966430664,18149.0
202606251814,116.04499816894531,116.08999633789062,116.08999633789062,116.03500366210938,21491.0
202606251815,116.09500122070312,116.1050033569336,116.18000030517578,116.08000183105469,28631.0
202606251816,116.09500122070312,116.12000274658203,116.12000274658203,116.08000183105469,28840.0
202606251817,116.12000274658203,116.11000061035156,116.1500015258789,116.11000061035156,50832.0
202606251818,116.1050033569336,116.30999755859375,116.31999969482422,116.1050033569336,51571.0
202606251819,116.30999755859375,116.33999633789062,116.37000274658203,116.30500030517578,44596.0
202606251820,116.33999633789062,116.3499984741211,116.37000274658203,116.30500030517578,22686.0
202606251821,116.33999633789062,116.29000091552734,116.4000015258789,116.25409698486328,31764.0
202606251822,116.30000305175781,116.29000091552734,116.3499984741211,116.2699966430664,17440.0
202606251823,116.29000091552734,116.30999755859375,116.31999969482422,116.27999877929688,8339.0
202606251824,116.30000305175781,116.33999633789062,116.3499984741211,116.29000091552734,20895.0
202606251825,116.33999633789062,116.375,116.4000015258789,116.33999633789062,24350.0
202606251826,116.37999725341797,116.33999633789062,116.37999725341797,116.33999633789062,13594.0
202606251827,116.36000061035156,116.4000015258789,116.41000366210938,116.3499984741211,21383.0
202606251828,116.38999938964844,116.375,116.43000030517578,116.375,15930.0
202606251829,116.37999725341797,116.3499984741211,116.37999725341797,116.33999633789062,14403.0
202606251830,116.34049987792969,116.36000061035156,116.37999725341797,116.34049987792969,15781.0
202606251831,116.3750991821289,116.375,116.37999725341797,116.3499984741211,16323.0
202606251832,116.377197265625,116.41999816894531,116.44000244140625,116.37000274658203,18456.0
202606251833,116.41999816894531,116.4000015258789,116.4219970703125,116.37010192871094,19831.0
202606251834,116.4000015258789,116.4000015258789,116.41110229492188,116.37999725341797,11215.0
202606251835,116.38999938964844,116.375,116.43000030517578,116.37000274658203,21800.0
202606251836,116.37000274658203,116.3499984741211,116.4000015258789,116.31999969482422,37204.0
202606251837,116.36000061035156,116.5,116.51000213623047,116.34500122070312,64543.0
202606251838,116.51000213623047,116.48999786376953,116.52100372314453,116.48999786376953,14897.0
202606251839,116.48049926757812,116.5199966430664,116.5199966430664,116.4800033569336,22604.0
202606251840,116.5199966430664,116.45999908447266,116.55000305175781,116.45999908447266,27437.0
202606251841,116.48999786376953,116.5,116.5199966430664,116.47010040283203,26127.0
202606251842,116.49019622802734,116.4000015258789,116.49019622802734,116.375,41415.0
202606251843,116.38999938964844,116.33999633789062,116.38999938964844,116.3208999633789,50135.0
202606251844,116.32499694824219,116.33999633789062,116.36000061035156,116.30999755859375,20517.0
202606251845,116.33499908447266,116.27010345458984,116.3499984741211,116.27010345458984,24099.0
202606251846,116.28500366210938,116.36000061035156,116.38079833984375,116.28500366210938,21822.0
202606251847,116.36000061035156,116.31999969482422,116.36000061035156,116.30000305175781,14988.0
202606251848,116.31999969482422,116.28500366210938,116.31999969482422,116.27999877929688,14462.0
202606251849,116.2699966430664,116.2699966430664,116.29000091552734,116.26000213623047,25609.0
202606251850,116.2698974609375,116.30500030517578,116.30500030517578,116.26000213623047,31228.0
202606251851,116.30000305175781,116.31510162353516,116.31999969482422,116.30000305175781,13955.0
202606251852,116.31999969482422,116.33219909667969,116.33999633789062,116.31999969482422,24203.0
202606251853,116.34989929199219,116.31500244140625,116.34989929199219,116.30999755859375,26875.0
202606251854,116.30999755859375,116.18000030517578,116.30999755859375,116.16999816894531,21890.0
202606251855,116.18000030517578,116.19000244140625,116.19000244140625,116.16999816894531,16781.0
202606251856,116.18000030517578,116.20999908447266,116.20999908447266,116.18000030517578,19513.0
202606251857,116.20989990234375,116.21499633789062,116.22000122070312,116.19999694824219,16866.0
202606251858,116.20999908447266,116.23999786376953,116.24500274658203,116.20999908447266,14390.0
202606251859,116.24500274658203,116.23999786376953,116.24500274658203,116.2249984741211,15710.0
202606251900,116.2249984741211,116.18499755859375,116.24669647216797,116.16000366210938,28234.0
202606251901,116.18000030517578,116.2750015258789,116.27999877929688,116.16000366210938,24571.0
202606251902,116.27999877929688,116.30999755859375,116.34500122070312,116.27999877929688,25223.0
202606251903,116.30000305175781,116.29000091552734,116.30999755859375,116.27999877929688,15193.0
202606251904,116.30999755859375,116.36499786376953,116.37000274658203,116.30500030517578,22543.0
202606251905,116.36499786376953,116.37999725341797,116.3949966430664,116.34100341796875,24721.0
202606251906,116.37000274658203,116.37999725341797,116.41000366210938,116.37000274658203,18542.0
202606251907,116.37999725341797,116.33000183105469,116.37999725341797,116.30999755859375,24922.0
202606251908,116.31999969482422,116.3550033569336,116.37000274658203,116.31999969482422,64623.0
202606251909,116.3499984741211,116.37010192871094,116.37989807128906,116.31999969482422,19145.0
202606251910,116.375,116.447998046875,116.45999908447266,116.375,18894.0
202606251911,116.44999694824219,116.42500305175781,116.45999908447266,116.41000366210938,18504.0
202606251912,116.41500091552734,116.37000274658203,116.41500091552734,116.3499984741211,17615.0
202606251913,116.37999725341797,116.33999633789062,116.38999938964844,116.33999633789062,16161.0
202606251914,116.33499908447266,116.33000183105469,116.34500122070312,116.31999969482422,10586.0
202606251915,116.31999969482422,116.33499908447266,116.3550033569336,116.29000091552734,23658.0
202606251916,116.33000183105469,116.30000305175781,116.33999633789062,116.30000305175781,17752.0
202606251917,116.30999755859375,116.41500091552734,116.41999816894531,116.29499816894531,23052.0
202606251918,116.41500091552734,116.50990295410156,116.50990295410156,116.41000366210938,25246.0
202606251919,116.5,116.44000244140625,116.5,116.42500305175781,22010.0
202606251920,116.43499755859375,116.44000244140625,116.48999786376953,116.43000030517578,22677.0
202606251921,116.41999816894531,116.41999816894531,116.44000244140625,116.41000366210938,18130.0
202606251922,116.43000030517578,116.50499725341797,116.50499725341797,116.43000030517578,21207.0
202606251923,116.5,116.4198989868164,116.5,116.4000015258789,19087.0
202606251924,116.41500091552734,116.4000015258789,116.41999816894531,116.38999938964844,20834.0
202606251925,116.38999938964844,116.34850311279297,116.38999938964844,116.34850311279297,31019.0
202606251926,116.33999633789062,116.20999908447266,116.33999633789062,116.19999694824219,26929.0
202606251927,116.20999908447266,116.2699966430664,116.29190063476562,116.19000244140625,29526.0
202606251928,116.2699966430664,116.28990173339844,116.29499816894531,116.2300033569336,26044.0
202606251929,116.27749633789062,116.18000030517578,116.29000091552734,116.18000030517578,28213.0
202606251930,116.16999816894531,116.17990112304688,116.19999694824219,116.12999725341797,47931.0
202606251931,116.16999816894531,116.08000183105469,116.16999816894531,116.08000183105469,42859.0
202606251932,116.06999969482422,116.30999755859375,116.32499694824219,116.05500030517578,93055.0
202606251933,116.31999969482422,116.29000091552734,116.3333969116211,116.27839660644531,25049.0
202606251934,116.27999877929688,116.23999786376953,116.27999877929688,116.23999786376953,31829.0
202606251935,116.26000213623047,116.26000213623047,116.30000305175781,116.23999786376953,55663.0
202606251936,116.26000213623047,116.22000122070312,116.27999877929688,116.20999908447266,34754.0
202606251937,116.20999908447266,116.19000244140625,116.2249984741211,116.18000030517578,37221.0
202606251938,116.19640350341797,116.18000030517578,116.2300033569336,116.18000030517578,24715.0
202606251939,116.19499969482422,116.16999816894531,116.20999908447266,116.16000366210938,26890.0
202606251940,116.18000030517578,116.19000244140625,116.21499633789062,116.18000030517578,26508.0
202606251941,116.18000030517578,116.0425033569336,116.18000030517578,116.0250015258789,66624.0
202606251942,116.02999877929688,116.09500122070312,116.09510040283203,116.01499938964844,25293.0
202606251943,116.09500122070312,116.0999984741211,116.0999984741211,116.05999755859375,28509.0
202606251944,116.0999984741211,116.18000030517578,116.20999908447266,116.0999984741211,40149.0
202606251945,116.17500305175781,116.18499755859375,116.18499755859375,116.12999725341797,32640.0
202606251946,116.19000244140625,116.2300033569336,116.2300033569336,116.1500015258789,35876.0
202606251947,116.2300033569336,116.22000122070312,116.23999786376953,116.19999694824219,44173.0
202606251948,116.21499633789062,116.25,116.25,116.18000030517578,33498.0
202606251949,116.26000213623047,116.29000091552734,116.29000091552734,116.23500061035156,29435.0
202606251950,116.27999877929688,116.05000305175781,116.30000305175781,116.04000091552734,94087.0
202606251951,116.0250015258789,116.17990112304688,116.20999908447266,116.0250015258789,69327.0
202606251952,116.18000030517578,116.1500015258789,116.20999908447266,116.13999938964844,47451.0
202606251953,116.13999938964844,116.23999786376953,116.2699966430664,116.13500213623047,77084.0
202606251954,116.23999786376953,116.26000213623047,116.33000183105469,116.16999816894531,126534.0
202606251955,116.2699966430664,115.82499694824219,116.2699966430664,115.81500244140625,211666.0
202606251956,115.82499694824219,115.75,115.8499984741211,115.66999816894531,187398.0
202606251957,115.75,115.69999694824219,115.79499816894531,115.68000030517578,197761.0
202606251958,115.69000244140625,115.70999908447266,115.73999786376953,115.69000244140625,248217.0
202606251959,115.72000122070312,115.7699966430664,115.79000091552734,115.6500015258789,605065.0
202606252000,115.78,116.47,116.47,115.78,1394907.0
202606252001,116.56,116.45,116.56,115.92,0.0
202606252002,116.4,115.93,116.4,115.83,0.0
202606252003,115.83,115.99,116.4,115.83,0.0
202606252004,115.78,116.2288,116.232,115.78,0.0
202606252005,116.232,115.9333,116.29,115.78,0.0
202606252006,116.03,115.9457,116.29,115.9457,0.0
202606252007,116.26,116.2,116.26,116.01,0.0
202606252008,116.0,116.07,116.26,116.0,0.0
202606252009,115.9844,115.78,115.9844,115.78,0.0
202606252010,115.78,116.0,116.0,115.78,0.0
202606252011,115.99,116.0,116.0,115.92,0.0
202606252012,115.99,115.92,115.99,115.92,0.0
202606252013,115.93,115.9849,116.0,115.93,0.0
202606252014,115.98,116.0,116.0,115.96,0.0
202606252015,115.94,115.9011,116.0,115.9011,0.0
202606252016,115.997,115.95,115.997,115.88,0.0
202606252017,115.91,115.78,115.95,115.78,0.0
202606252018,115.9849,116.0,116.0,115.9849,0.0
202606252019,115.9847,115.9841,115.9857,115.88,0.0
202606252020,115.98,115.9982,115.9982,115.93,0.0
202606252021,115.8956,115.9,115.9002,115.8956,0.0
202606252022,115.9,115.91,115.91,115.9,0.0
202606252023,115.88,115.98,116.17,115.88,0.0
202606252024,115.9699,115.97,115.97,115.9699,0.0
202606252025,115.95,116.0,116.0,115.9047,0.0
202606252026,116.07,116.03,116.07,115.99,0.0
202606252027,116.03,115.95,116.03,115.88,0.0
202606252028,115.88,116.07,116.07,115.88,0.0
202606252029,115.91,115.9987,115.9995,115.91,0.0
202606252030,115.92,115.987,116.0,115.9,0.0
202606252031,115.91,115.96,115.96,115.91,0.0
202606252032,115.92,116.0,116.0,115.9,0.0
202606252033,116.0,116.03,116.0392,115.93,0.0
202606252034,116.09,116.06,116.15,116.05,0.0
202606252036,116.04,116.04,116.08,116.04,0.0
202606252037,116.08,116.08,116.08,115.91,0.0
202606252038,116.04,116.1,116.1,116.01,0.0
202606252039,115.83,116.07,116.1084,115.83,0.0
202606252040,116.02,116.0,116.15,116.0,0.0
202606252041,116.0,115.838,116.15,115.838,0.0
202606252042,116.03,116.06,116.15,116.03,0.0
202606252043,116.14,116.06,116.15,116.03,0.0
202606252044,116.02,116.15,116.15,116.02,0.0
202606252046,116.15,116.05,116.15,116.05,0.0
202606252048,116.03,116.08,116.1214,116.03,0.0
202606252049,116.05,116.04,116.07,116.0,0.0
202606252050,116.07,116.0989,116.0999,116.03,0.0
202606252051,116.05,116.06,116.1,116.05,0.0
202606252052,116.04,116.08,116.1,116.04,0.0
202606252053,116.03,116.04,116.1,116.03,0.0
202606252054,116.08,116.07,116.08,115.9301,0.0
202606252055,115.78,116.07,116.07,115.78,0.0
202606252056,116.0,116.06,116.0988,116.0,0.0
202606252057,116.0,116.02,116.1,116.0,0.0
202606252058,116.06,116.03,116.1,116.03,0.0
202606252100,116.0868,116.02,116.0875,116.0,0.0
202606252101,116.04,116.15,116.15,116.04,0.0
202606252103,116.15,116.04,116.15,116.04,0.0
202606252104,116.1254,116.0369,116.1254,116.0369,0.0
202606252105,116.1,116.04,116.1,116.04,0.0
202606252106,116.1,116.15,116.15,116.1,0.0
202606252108,116.0528,116.04,116.15,116.04,0.0
202606252113,116.07,116.05,116.07,116.05,0.0
202606252114,116.04,116.1,116.1,116.04,0.0
202606252117,116.15,116.08,116.15,116.08,0.0
202606252120,116.07,116.05,116.07,116.05,0.0
202606252121,116.09,116.15,116.15,116.09,0.0
202606252123,116.15,116.07,116.15,116.07,0.0
202606252126,116.04,116.04,116.104,116.04,0.0
202606252127,116.12,116.1,116.12,116.1,0.0
202606252128,116.04,116.0904,116.0904,116.04,0.0
202606252130,116.12,116.118,116.12,116.07,0.0
202606252131,116.04,116.0,116.07,116.0,0.0
202606252133,116.0,116.02,116.02,116.0,0.0
202606252134,116.0,116.0001,116.0001,116.0,0.0
202606252135,116.03,116.02,116.03,116.0,0.0
202606252136,116.02,116.0019,116.02,116.0,0.0
202606252137,116.0,116.04,116.04,116.0,0.0
202606252139,116.0391,116.0,116.0399,116.0,0.0
202606252140,116.0,116.0001,116.0001,116.0,0.0
202606252141,116.0391,116.04,116.04,116.0391,0.0
202606252142,116.0388,116.03,116.0388,116.03,0.0
202606252145,116.04,116.0,116.04,116.0,0.0
202606252149,116.0404,116.04,116.0404,116.04,0.0
202606252150,116.05,116.04,116.05,116.04,0.0
202606252151,116.15,116.04,116.15,116.04,0.0
202606252152,116.04,116.15,116.15,116.04,0.0
202606252154,116.15,116.12,116.15,116.05,0.0
202606252156,116.04,116.0401,116.0401,116.04,0.0
202606252200,116.11,116.15,116.15,116.0427,0.0
202606252201,116.15,116.05,116.15,116.04,0.0
202606252207,116.15,116.0427,116.15,116.0427,0.0
202606252208,116.15,116.06,116.15,116.06,0.0
202606252209,116.1462,116.05,116.1462,116.05,0.0
202606252210,116.04,116.0525,116.0525,116.04,0.0
202606252211,116.13,116.15,116.15,116.13,0.0
202606252216,116.0422,116.0497,116.0497,116.0422,0.0
202606252217,116.0065,116.03,116.05,116.0065,0.0
202606252218,116.05,116.0429,116.05,116.0429,0.0
202606252223,116.11,116.11,116.1499,116.0,0.0
202606252225,116.04,115.78,116.04,115.78,0.0
202606252227,116.1208,116.13,116.13,116.1208,0.0
202606252229,116.13,116.12,116.13,116.12,0.0
202606252230,116.1299,116.132,116.15,116.1299,0.0
