datetime,open,close,high,low,volume
20240625,114.19,114.13,114.55,113.45,102856.0
20240626,114.5,114.3,114.82,113.14,106346.0
20240627,114.7,115.0,115.0,114.11,135772.0
20240628,115.0,115.17,116.54,114.67,187635.0
20240701,115.99,114.95,116.74,114.53,91934.0
20240702,114.99,114.18,116.43,113.49,101408.0
20240703,114.32,114.7,115.66,114.12,55940.0
20240705,115.02,113.35,115.33,112.68,92438.0
20240708,113.2,112.15,113.55,111.42,98283.0
20240709,111.91,110.96,112.54,110.62,91781.0
20240710,110.78,111.93,111.96,110.42,75743.0
20240711,112.19,113.2,113.32,110.93,96456.0
20240712,113.66,113.02,114.15,112.63,86690.0
20240715,113.76,115.32,116.16,113.57,100633.0
20240716,114.84,115.78,116.35,113.71,93270.0
20240717,116.11,117.87,118.18,116.01,103485.0
20240718,118.9,118.86,119.92,117.43,98178.0
20240719,119.24,116.01,119.38,115.87,122816.0
20240722,116.15,115.29,116.43,114.58,73496.0
20240723,115.5,113.33,115.61,113.17,73090.0
20240724,113.33,114.98,115.2,113.06,118290.0
20240725,114.64,117.57,118.03,114.12,114927.0
20240726,117.39,117.2,118.03,116.47,74949.0
20240729,117.3,116.0,117.68,115.38,64512.0
20240730,116.3,118.23,118.6,115.5,88240.0
20240731,118.86,118.13,119.85,118.0,110787.0
20240801,118.6,116.89,119.49,116.36,110839.0
20240802,116.64,116.9,119.64,115.42,154245.0
20240805,115.0,115.69,116.03,113.25,139066.0
20240806,114.77,113.91,115.8,113.63,98796.0
20240807,114.55,115.45,117.12,114.16,100932.0
20240808,115.39,117.89,118.13,115.39,92635.0
20240809,117.9,119.27,119.31,117.36,84208.0
20240812,119.49,118.95,120.17,118.02,100774.0
20240813,119.01,118.05,119.27,117.5,84729.0
20240814,118.33,119.19,119.9,117.63,91945.0
20240815,118.49,118.73,119.63,118.05,78459.0
20240816,118.75,118.3,118.75,117.64,72247.0
20240819,118.02,118.59,120.5,117.61,91991.0
20240820,118.3,114.7,118.65,114.51,114351.0
20240821,114.87,113.99,115.57,113.51,86703.0
20240822,114.01,114.85,115.01,113.63,63720.0
20240823,115.0,116.32,116.72,114.86,76372.0
20240826,116.59,118.83,118.95,116.59,99831.0
20240827,119.0,117.69,119.41,117.4,72627.0
20240828,117.77,116.41,117.77,116.26,69305.0
20240829,116.47,118.16,118.79,116.35,81100.0
20240830,118.65,117.94,118.74,116.29,95982.0
20240903,117.99,115.45,118.07,114.04,112183.0
20240904,115.08,114.4,116.15,113.97,92697.0
20240905,114.44,113.25,115.28,113.07,88437.0
20240906,113.28,112.44,114.18,111.73,96284.0
20240909,113.22,115.39,116.15,112.66,165883.0
20240910,115.37,110.86,115.5,110.17,164905.0
20240911,111.3,109.52,111.81,107.77,145428.0
20240912,109.92,111.23,111.33,109.76,86552.0
20240913,111.7,111.24,112.47,110.93,72376.0
20240916,111.24,112.88,113.09,111.18,87055.0
20240917,112.89,114.33,114.39,112.12,86538.0
20240918,113.95,114.91,115.63,113.31,89964.0
20240919,116.0,115.89,117.58,115.19,95237.0
20240920,115.69,115.25,116.07,114.25,255590.0
20240923,115.25,117.24,117.8,115.12,112987.0
20240924,117.65,117.31,118.52,116.83,80688.0
20240925,117.34,114.73,117.34,114.04,103842.0
20240926,113.28,112.83,115.15,110.81,126460.0
20240927,113.31,115.87,116.09,112.92,124496.0
20240930,116.44,117.0,117.39,114.96,99016.0
20241001,117.15,120.55,120.6,115.93,166412.0
20241002,120.88,121.6,122.82,120.2,126053.0
20241003,121.75,122.76,123.17,120.92,115704.0
20241004,123.25,124.9,125.19,122.22,140105.0
20241007,125.0,125.4,126.5,123.82,104599.0
20241008,124.74,121.87,124.74,121.26,104869.0
20241009,121.87,122.1,122.58,120.54,84008.0
20241010,122.22,123.14,123.71,122.21,69145.0
20241011,122.96,123.63,124.04,122.78,57656.0
20241014,123.18,122.05,124.46,121.69,72743.0
20241015,121.95,120.7,122.27,119.78,118847.0
20241016,120.72,120.78,121.44,120.3,61446.0
20241017,121.2,120.37,121.58,119.71,83279.0
20241018,120.38,119.95,120.68,119.15,79611.0
20241021,119.99,120.2,121.48,119.72,65391.0
20241022,120.55,120.9,121.19,119.94,52567.0
20241023,120.25,120.58,120.97,119.4,56517.0
20241024,120.8,119.69,121.11,119.12,70980.0
20241025,119.44,120.47,120.47,119.31,73216.0
20241028,117.5,118.9,120.15,116.32,83732.0
20241029,119.14,117.35,119.29,117.07,87166.0
20241030,117.8,116.97,118.27,116.48,87569.0
20241031,116.76,116.6,118.67,116.6,154086.0
20241101,117.65,115.02,120.01,114.79,146073.0
20241104,116.84,118.58,118.7,115.74,114412.0
20241105,118.79,119.75,119.96,118.01,74971.0
20241106,123.12,121.03,123.94,119.3,157516.0
20241107,121.84,121.5,121.92,119.61,88859.0
20241108,121.02,121.3,122.0,119.66,95411.0
20241111,121.49,120.42,121.85,120.07,87475.0
20241112,120.15,120.49,121.31,119.83,80934.0
20241113,120.51,121.8,122.05,118.8,100110.0
20241114,121.29,120.56,121.99,120.33,92855.0
20241115,120.01,119.32,121.24,119.13,122365.0
20241118,119.79,120.35,120.62,119.27,72312.0
20241119,120.32,118.75,120.32,118.2,77285.0
20241120,118.98,120.15,120.47,118.64,71074.0
20241121,120.42,121.99,122.56,120.27,114711.0
20241122,121.94,121.79,123.21,121.57,87218.0
20241125,121.88,120.0,122.2,119.61,192930.0
20241126,120.09,118.05,120.55,117.84,110382.0
20241127,118.29,117.8,118.73,117.43,78715.0
20241129,117.98,117.95,118.5,116.95,62961.0
20241202,118.4,117.9,118.42,116.82,79410.0
20241203,118.06,117.55,118.72,117.25,71519.0
20241204,117.66,114.4,117.95,113.86,136244.0
20241205,114.61,114.99,115.62,113.81,108004.0
20241206,114.8,113.56,115.0,113.5,112271.0
20241209,114.7,112.98,114.94,112.74,124590.0
20241210,113.07,112.98,113.88,111.75,161591.0
20241211,113.09,111.99,113.5,111.11,220797.0
20241212,112.06,112.04,112.38,110.78,108064.0
20241213,112.25,110.8,112.44,110.25,95086.0
20241216,110.91,108.53,111.06,108.16,155192.0
20241217,108.32,108.01,108.57,106.78,121574.0
20241218,108.24,106.4,108.83,106.06,124469.0
20241219,106.82,105.35,107.67,105.05,148350.0
20241220,105.46,106.0,106.14,104.84,288374.0
20241223,106.27,106.3,106.65,104.92,89096.0
20241224,106.51,106.35,107.19,105.7,51164.0
20241226,106.8,106.53,107.03,105.94,70962.0
20241227,106.49,106.4,107.99,105.77,89837.0
20241230,106.42,105.8,106.94,105.51,80452.0
20241231,106.04,107.55,107.9,105.78,90789.0
20250102,107.83,107.3,109.0,106.88,92803.0
20250103,107.5,107.99,108.49,107.35,89007.0
20250106,108.01,107.79,109.78,107.52,105857.0
20250107,108.04,108.8,110.06,108.04,93332.0
20250108,109.27,107.05,109.3,106.01,133801.0
20250110,107.36,106.46,110.1,105.78,139426.0
20250113,107.48,109.37,109.63,107.02,126456.0
20250114,108.98,109.72,109.86,107.83,81913.0
20250115,109.45,111.6,111.73,109.31,94088.0
20250116,111.6,111.22,111.69,110.55,68535.0
20250117,111.35,112.35,112.87,110.82,156568.0
20250121,113.95,111.5,115.6,111.13,128112.0
20250122,111.55,109.5,111.67,109.4,112664.0
20250123,109.59,110.11,111.15,109.55,94693.0
20250124,110.31,108.6,110.71,108.41,106053.0
20250127,109.14,110.17,110.46,107.95,112374.0
20250128,110.32,108.08,110.87,107.79,109050.0
20250129,107.82,108.75,108.79,107.47,85668.0
20250130,108.63,109.9,109.9,108.53,92583.0
20250131,109.9,106.96,111.35,106.09,145167.0
20250203,106.99,107.2,107.39,105.32,100721.0
20250204,106.59,109.71,110.28,106.06,105513.0
20250205,109.91,109.9,110.15,109.1,90883.0
20250206,110.15,108.42,111.05,107.98,90480.0
20250207,108.58,108.89,109.74,108.32,67427.0
20250210,109.47,111.1,111.1,109.11,82140.0
20250211,111.25,111.82,112.51,110.82,91835.0
20250212,110.72,107.55,111.4,107.18,140463.0
20250213,107.45,108.2,108.41,106.52,117090.0
20250214,108.37,108.3,110.23,108.1,105712.0
20250218,109.25,110.25,110.99,108.27,119401.0
20250219,110.39,110.36,112.13,110.05,79153.0
20250220,110.28,112.2,112.42,109.95,96423.0
20250221,112.05,110.58,112.3,110.56,97283.0
20250224,111.03,111.29,111.86,110.32,86188.0
20250225,111.35,109.96,112.13,108.89,78552.0
20250226,109.78,109.46,109.99,108.52,73182.0
20250227,109.75,110.16,111.29,109.28,83402.0
20250228,109.75,111.32,111.58,109.34,118983.0
20250303,111.32,107.79,112.16,106.51,137755.0
20250304,107.42,108.2,108.96,105.94,128693.0
20250305,108.0,105.43,108.02,103.67,190945.0
20250306,104.75,107.65,108.11,104.36,131455.0
20250307,107.74,108.59,110.4,107.74,142772.0
20250310,108.41,111.71,112.57,108.41,170508.0
20250311,111.92,109.3,112.64,108.78,140555.0
20250312,109.45,109.3,110.61,108.42,90057.0
20250313,109.05,108.8,110.82,107.62,133751.0
20250314,109.43,111.69,112.18,108.31,123657.0
20250317,111.81,113.85,114.5,111.58,121710.0
20250318,114.3,113.85,114.54,112.57,94320.0
20250319,113.52,115.6,115.86,113.22,134849.0
20250320,115.53,116.0,116.47,114.21,106791.0
20250321,115.29,115.5,115.99,114.35,311131.0
20250324,115.88,116.04,116.91,115.44,99854.0
20250325,115.99,116.52,117.64,115.8,84934.0
20250326,116.58,118.17,119.18,116.58,105005.0
20250327,117.86,117.9,119.07,117.25,76809.0
20250328,117.45,117.73,118.46,117.23,71535.0
20250331,117.71,119.0,119.91,117.15,147457.0
20250401,118.98,119.0,119.28,117.93,84480.0
20250402,118.91,115.91,119.15,115.9,86530.0
20250403,115.84,112.86,116.6,111.77,157575.0
20250404,111.13,105.0,111.82,103.5,229651.0
20250407,100.12,103.55,105.8,96.47,255400.0
20250408,103.93,99.99,105.6,99.01,204968.0
20250409,99.0,106.5,106.6,97.16,221425.0
20250410,104.58,99.7,106.17,97.8,254278.0
20250411,100.23,103.2,103.93,98.79,163608.0
20250414,104.43,103.11,105.62,102.72,126109.0
20250415,103.76,102.55,105.41,102.55,91195.0
20250416,102.45,104.27,105.59,102.15,97101.0
20250417,104.99,107.2,108.55,104.06,135767.0
20250421,106.0,105.5,106.59,104.12,88205.0
20250422,106.01,109.3,109.5,106.0,83991.0
20250423,109.84,107.5,110.54,106.47,103720.0
20250424,107.49,108.55,108.88,106.96,67925.0
20250425,108.68,108.53,108.76,107.42,66355.0
20250428,107.84,107.91,109.25,107.68,71623.0
20250429,108.42,108.19,108.83,107.52,65140.0
20250430,107.63,104.97,108.3,104.15,152277.0
20250501,105.37,106.01,106.92,104.27,131677.0
20250502,107.01,106.15,109.0,104.55,116509.0
20250505,104.8,103.31,105.36,103.07,118204.0
20250506,103.77,105.41,105.98,103.45,114563.0
20250507,105.51,104.65,105.66,104.07,88543.0
20250508,105.34,106.2,107.39,105.05,115888.0
20250509,106.65,107.6,108.0,106.38,77556.0
20250512,109.51,109.16,110.6,108.32,101261.0
20250513,109.02,109.59,110.51,108.99,96248.0
20250514,109.41,108.17,109.57,107.93,93750.0
20250515,106.41,108.58,108.65,105.89,93794.0
20250516,108.48,107.75,108.99,107.45,102956.0
20250519,107.8,106.7,108.03,105.72,122391.0
20250520,106.59,105.6,106.72,104.77,92709.0
20250521,105.6,103.66,106.0,103.64,109269.0
20250522,103.9,103.15,103.9,101.89,91039.0
20250523,103.26,103.05,103.47,101.8,83022.0
20250527,103.58,103.52,104.01,102.95,88679.0
20250528,103.51,102.88,104.43,101.79,104524.0
20250529,103.36,102.5,103.55,101.75,88951.0
20250530,102.75,101.95,102.9,101.18,188058.0
20250602,102.7,103.13,104.02,102.22,117845.0
20250603,102.74,103.97,104.66,102.21,141722.0
20250604,103.94,102.31,104.92,102.19,109397.0
20250605,102.59,101.77,103.05,101.67,102244.0
20250606,102.01,104.19,104.5,102.0,115620.0
20250609,104.31,105.13,105.85,103.83,119994.0
20250610,105.25,107.02,107.65,105.06,124860.0
20250611,106.99,109.57,109.8,106.46,175456.0
20250612,109.0,109.89,110.19,108.22,118919.0
20250613,114.21,112.25,116.17,110.68,217426.0
20250616,113.09,113.45,114.1,111.13,171870.0
20250617,112.85,114.36,114.93,112.4,139063.0
20250618,114.44,113.32,115.24,112.94,124238.0
20250620,114.0,114.78,115.1,112.74,257089.0
20250623,116.19,109.9,118.25,109.5,190561.0
20250624,109.9,108.5,111.59,107.91,174456.0
20250625,108.75,108.44,109.24,107.7,116154.0
20250626,108.41,109.95,110.44,108.41,122850.0
20250627,109.96,109.21,110.4,108.37,165077.0
20250630,109.39,107.9,109.4,107.72,133587.0
20250701,107.8,109.35,109.64,107.15,105382.0
20250702,109.34,111.08,111.36,108.82,83572.0
20250703,110.81,112.06,112.48,110.57,66077.0
20250707,112.05,110.9,112.05,109.95,93809.0
20250708,110.71,113.6,114.46,110.5,126676.0
20250709,114.25,113.75,114.32,113.27,75665.0
20250710,113.81,114.9,115.27,113.07,99111.0
20250711,114.29,115.5,115.76,114.25,83268.0
20250714,115.5,114.0,115.65,113.22,93264.0
20250715,113.63,112.85,114.06,112.59,71147.0
20250716,113.01,112.43,113.5,112.1,81531.0
20250717,112.16,111.75,112.38,111.09,92897.0
20250718,111.96,107.7,112.45,107.34,236677.0
20250721,108.27,108.05,108.77,107.44,126348.0
20250722,108.0,108.8,109.44,107.61,105566.0
20250723,108.69,109.84,110.0,108.6,85220.0
20250724,110.09,110.86,111.0,109.12,93403.0
20250725,110.65,110.33,110.99,109.7,72760.0
20250728,111.01,111.48,112.11,110.84,85959.0
20250729,111.47,112.8,113.0,111.35,118362.0
20250730,112.49,111.06,112.89,111.06,93179.0
20250731,111.67,112.0,112.5,110.23,120435.0
20250801,111.25,109.6,113.52,108.86,141522.0
20250804,110.5,107.45,110.5,107.08,129003.0
20250805,107.9,107.15,107.9,106.07,133626.0
20250806,107.74,106.6,109.05,106.37,110236.0
20250807,107.3,106.13,108.06,105.89,97990.0
20250808,106.26,106.75,107.51,105.95,103965.0
20250811,106.89,105.99,107.54,105.52,98946.0
20250812,106.2,106.27,107.28,105.78,88326.0
20250813,106.33,107.58,107.65,105.74,135856.0
20250814,107.49,107.25,107.75,106.44,101544.0
20250815,107.16,106.5,107.56,105.95,139159.0
20250818,106.61,106.88,107.23,105.67,90223.0
20250819,106.78,107.4,107.46,106.15,116205.0
20250820,107.34,108.5,109.33,107.34,121688.0
20250821,108.28,109.33,109.57,107.96,89355.0
20250822,109.2,111.15,111.41,109.0,95365.0
20250825,111.18,111.85,111.92,110.54,66646.0
20250826,111.74,111.5,111.81,110.35,127831.0
20250827,111.48,112.7,112.98,111.13,77902.0
20250828,112.7,113.2,113.67,112.07,92725.0
20250829,113.3,114.25,114.79,113.03,93315.0
20250902,114.43,114.27,115.24,113.33,92974.0
20250903,114.01,112.0,114.56,111.46,105375.0
20250904,111.88,112.45,113.13,111.38,66523.0
20250905,112.16,109.36,112.56,109.02,119442.0
20250908,109.96,110.0,110.05,108.35,99886.0
20250909,110.08,110.75,112.51,109.8,108630.0
20250910,110.94,112.4,112.56,110.51,101880.0
20250911,112.36,112.09,112.77,110.87,83107.0
20250912,111.96,112.15,113.22,111.87,72449.0
20250915,112.54,112.46,112.67,111.31,90581.0
20250916,112.28,114.6,115.32,112.22,123555.0
20250917,114.39,115.4,115.49,114.05,86798.0
20250918,115.29,113.96,115.91,113.4,108472.0
20250919,113.76,112.99,113.98,112.56,302672.0
20250922,113.1,112.0,113.1,111.56,110772.0
20250923,111.87,114.1,114.75,111.85,190842.0
20250924,114.23,114.68,115.76,113.74,85964.0
20250925,114.68,115.71,115.9,114.35,110129.0
20250926,115.94,117.3,118.36,115.37,131659.0
20250929,117.34,114.1,117.58,113.66,126024.0
20250930,114.05,112.98,114.37,111.93,129249.0
20251001,112.52,112.0,113.02,111.29,110622.0
20251002,111.97,111.55,113.09,111.02,94025.0
20251003,111.77,113.29,113.75,111.48,95095.0
20251006,113.98,113.85,114.77,112.44,72419.0
20251007,114.13,114.39,114.99,111.74,79270.0
20251008,114.8,114.1,115.01,113.41,78671.0
20251009,114.45,113.01,115.51,112.73,81587.0
20251010,113.0,111.1,113.22,110.66,95684.0
20251013,112.0,112.1,112.3,111.14,70188.0
20251014,111.44,112.5,112.97,110.5,73378.0
20251015,112.49,111.85,113.57,110.97,77896.0
20251016,111.88,110.55,112.28,110.38,85811.0
20251017,110.04,112.4,112.91,109.8,87137.0
20251020,112.36,112.82,113.15,111.98,69801.0
20251021,112.54,112.88,113.37,111.99,58920.0
20251022,113.12,115.4,115.5,113.05,86922.0
20251023,115.71,116.32,117.44,115.36,109607.0
20251024,116.2,115.46,116.58,115.18,67270.0
20251027,115.77,115.95,116.0,115.1,71631.0
20251028,115.62,115.16,116.18,114.96,58106.0
20251029,115.13,116.54,117.05,114.75,79431.0
20251030,116.32,114.3,116.6,114.01,120043.0
20251031,114.81,114.68,116.0,111.0,142396.0
20251103,114.8,113.75,114.99,113.64,83897.0
20251104,113.19,114.1,114.5,112.51,79437.0
20251105,114.29,113.9,115.18,113.56,74012.0
20251106,114.29,114.86,114.94,113.25,95430.0
20251107,114.66,117.23,117.51,114.65,103499.0
20251110,117.58,118.21,118.45,115.45,89237.0
20251111,118.3,119.85,120.81,117.98,109094.0
20251112,119.83,118.16,119.83,117.79,89006.0
20251113,118.2,119.2,119.76,117.98,123164.0
20251114,118.4,119.28,119.48,116.65,106850.0
20251117,119.07,117.68,119.71,117.11,90595.0
20251118,117.68,119.02,119.48,116.48,104814.0
20251119,118.92,118.0,119.26,115.93,100271.0
20251120,117.65,117.1,119.01,116.74,95850.0
20251121,117.07,117.2,117.53,115.65,113630.0
20251124,116.9,115.9,117.33,114.74,114541.0
20251125,116.0,114.6,116.18,114.19,100585.0
20251126,114.62,114.86,115.74,114.31,77681.0
20251128,114.82,115.84,118.74,114.81,48310.0
20251201,116.5,116.69,117.41,116.02,84870.0
20251202,116.84,115.88,116.99,114.69,102376.0
20251203,115.84,117.82,117.98,115.69,96912.0
20251204,118.05,117.16,118.34,116.66,87854.0
20251205,117.34,117.0,118.78,116.41,78807.0
20251208,116.96,116.2,117.26,115.04,86372.0
20251209,116.09,118.5,120.47,115.89,175793.0
20251210,118.73,119.7,119.92,118.37,124360.0
20251211,118.99,119.79,120.36,118.73,98222.0
20251212,119.82,118.75,119.94,118.31,89820.0
20251215,119.51,117.62,119.54,116.85,116407.0
20251216,117.83,114.98,117.95,114.61,127176.0
20251217,115.7,117.46,117.62,115.0,119232.0
20251218,116.88,116.55,117.25,115.63,89229.0
20251219,116.44,116.86,117.57,115.95,305839.0
20251222,117.33,118.2,118.46,117.05,81167.0
20251223,118.2,119.41,120.03,118.2,89607.0
20251224,119.7,119.06,120.05,119.06,38240.0
20251226,119.18,119.09,119.55,118.53,53276.0
20251229,119.64,120.69,121.3,119.4,97734.0
20251230,120.91,121.14,121.8,120.63,73414.0
20251231,121.25,120.08,121.5,119.86,67030.0
20260102,120.62,122.65,122.75,119.6,102347.0
20260105,127.1,125.61,128.57,122.39,218664.0
20260106,125.81,121.26,126.2,121.0,159851.0
20260107,121.33,118.6,121.8,117.91,144920.0
20260108,118.61,123.12,123.63,117.95,144958.0
20260109,123.13,124.5,124.86,122.2,114279.0
20260112,123.52,124.04,124.5,122.56,97146.0
20260113,124.2,126.8,127.14,124.18,138856.0
20260114,126.54,130.58,131.73,126.06,208355.0
20260115,130.09,129.45,130.35,128.3,115232.0
20260116,129.58,130.03,130.16,128.87,108654.0
20260120,129.61,130.7,131.94,129.09,105785.0
20260121,130.92,133.78,133.79,130.9,114881.0
20260122,133.17,133.8,134.18,131.74,119434.0
20260123,134.18,135.45,135.98,133.7,127893.0
20260126,136.34,135.03,138.0,134.17,119972.0
20260127,134.27,136.8,136.93,134.19,103583.0
20260128,137.08,137.7,138.01,136.25,100102.0
20260129,138.58,140.56,142.34,138.58,256622.0
20260130,136.88,141.61,142.21,135.28,201525.0
20260202,137.83,138.62,140.73,136.43,186073.0
20260203,137.5,143.79,145.01,136.97,225935.0
20260204,143.0,147.58,147.99,143.0,181671.0
20260205,147.02,145.9,148.23,143.79,126388.0
20260206,146.47,149.06,149.57,145.8,114701.0
20260209,148.71,151.35,151.71,148.23,146427.0
20260210,151.8,152.0,152.13,149.82,93670.0
20260211,152.4,155.65,156.93,152.07,170603.0
20260212,155.21,150.03,155.53,149.88,176633.0
20260213,150.42,148.7,151.66,147.98,139890.0
20260217,149.3,146.01,150.89,145.15,140111.0
20260218,147.0,150.99,151.0,146.49,139686.0
20260219,151.52,151.14,153.38,150.83,129080.0
20260220,151.12,147.62,152.0,146.46,174998.0
20260223,146.63,150.82,151.27,146.56,107326.0
20260224,151.0,149.51,151.66,148.03,98065.0
20260225,149.4,149.25,150.32,147.33,89174.0
20260226,149.01,148.31,150.96,146.77,105998.0
20260227,149.0,152.9,153.65,148.55,214849.0
20260302,161.46,154.76,165.48,153.03,218671.0
20260303,157.07,151.47,157.99,150.3,167068.0
20260304,152.58,149.6,153.24,147.86,113307.0
20260305,150.93,150.72,152.33,149.4,165536.0
20260306,151.5,151.35,153.8,149.96,140137.0
20260309,153.57,149.1,157.15,149.05,180464.0
20260310,149.0,148.51,150.4,147.7,127468.0
20260311,147.85,151.96,151.99,147.33,103732.0
20260312,152.49,154.11,155.0,151.63,166742.0
20260313,153.58,156.45,156.89,152.97,139761.0
20260316,157.5,157.15,157.92,154.76,124213.0
20260317,157.94,158.85,160.45,156.75,127618.0
20260318,158.63,157.82,160.18,157.0,121519.0
20260319,158.4,158.25,159.56,154.84,186431.0
20260320,157.68,159.56,162.44,157.48,397490.0
20260323,160.79,160.93,162.01,155.02,172150.0
20260324,161.21,164.26,167.48,160.66,183349.0
20260325,163.98,163.37,165.0,162.52,110336.0
20260326,164.25,165.27,165.68,162.06,115623.0
20260327,165.84,171.32,171.32,164.8,216218.0
20260330,172.18,172.2,176.41,171.05,210131.0
20260331,171.39,167.78,174.38,165.97,211590.0
20260401,165.69,159.43,169.66,159.4,242296.0
20260402,165.28,160.4,166.9,159.59,179162.0
20260406,159.0,163.26,163.75,157.8,116009.0
20260407,164.38,154.17,166.24,152.01,163222.0
20260408,153.92,156.5,156.65,150.98,236740.0
20260409,157.53,154.26,159.23,153.51,184590.0
20260410,154.86,152.42,155.5,151.92,146140.0
20260413,156.2,152.3,157.47,151.28,129308.0
20260414,151.79,148.7,152.17,146.72,122556.0
20260415,148.81,148.85,150.24,146.9,106449.0
20260416,148.78,151.98,152.78,148.5,105982.0
20260417,152.4,146.32,152.78,141.97,187335.0
20260420,149.52,147.8,149.63,146.35,111912.0
20260421,148.21,148.29,148.95,146.24,118705.0
20260422,147.59,149.49,150.68,146.65,93136.0
20260423,150.5,150.41,151.23,148.49,82080.0
20260424,150.0,148.85,150.75,146.95,76807.0
20260427,149.48,148.39,151.18,147.97,100874.0
20260428,149.62,150.75,152.31,149.01,96538.0
20260429,151.16,154.49,154.95,150.36,102105.0
20260430,154.78,155.25,156.19,151.34,153845.0
20260501,155.61,152.64,157.93,151.11,95075.0
20260504,152.5,153.98,154.68,149.51,84146.0
20260505,153.69,154.13,155.5,152.4,79106.0
20260506,153.68,148.55,154.08,147.0,134797.0
20260507,148.0,147.85,148.61,144.19,124467.0
20260508,147.36,144.3,147.36,143.92,118578.0
20260511,145.59,149.53,149.77,145.47,90929.0
20260512,149.9,150.63,151.88,149.77,113059.0
20260513,149.5,151.14,151.79,149.08,77651.0
20260514,150.9,152.91,153.12,150.9,67430.0
20260515,153.0,157.72,158.1,151.81,176057.0
20260518,158.47,160.4,161.73,155.23,116885.0
20260519,160.52,162.5,163.32,159.64,135923.0
20260520,162.55,156.07,163.68,156.0,127148.0
20260521,156.0,155.1,159.39,153.46,97675.0
20260522,155.0,155.3,155.95,153.17,88989.0
20260526,152.5,150.05,154.55,149.47,86297.0
20260527,148.49,148.49,149.34,145.78,99613.0
20260528,151.0,146.66,151.17,146.5,91750.0
20260529,146.8,145.35,147.0,144.71,194299.0
20260601,146.96,149.4,149.88,145.43,109899.0
20260602,149.0,150.54,150.84,147.89,71174.0
20260603,150.5,153.65,154.91,150.02,97053.0
20260604,152.4,152.0,153.67,150.94,67187.0
20260605,151.95,150.24,152.94,149.3,82090.0
20260608,152.96,151.85,153.81,150.25,77918.0
20260609,151.25,149.45,151.75,147.78,90544.0
20260610,149.17,152.15,152.52,148.81,98630.0
20260611,150.83,146.64,152.49,146.42,114944.0
20260612,146.59,146.97,148.91,145.13,95767.0
20260615,143.3,141.7,144.48,137.72,171034.0
20260616,140.85,141.79,142.15,139.84,123445.0
20260617,141.48,140.85,142.34,140.32,107094.0
20260618,140.1,137.88,140.64,135.85,329385.0
202606220800,138.99,138.4,138.99,138.05,14.0
202606220801,138.37,138.53,138.53,138.2,31.0
202606220802,138.53,138.53,138.53,138.53,0.0
202606220803,138.53,138.53,138.53,138.53,0.0
202606220804,138.51,138.2,138.51,138.2,2.0
202606220805,138.6,138.4,138.77,138.2,15.0
202606220806,138.4,138.0,138.65,138.0,12.0
202606220807,138.4,138.65,138.65,137.98,5.0
202606220808,138.73,137.98,138.73,137.98,3.0
202606220809,137.98,137.98,137.98,137.98,0.0
202606220810,137.98,137.98,137.98,137.98,0.0
202606220811,137.98,137.98,137.98,137.98,0.0
202606220812,137.98,137.98,137.98,137.98,0.0
202606220813,138.76,138.76,138.76,138.76,1.0
202606220814,138.76,138.76,138.76,138.76,0.0
202606220815,138.76,138.76,138.76,138.76,0.0
202606220816,138.76,138.76,138.76,138.76,0.0
202606220817,138.76,138.76,138.76,138.76,0.0
202606220818,138.9,138.9,138.9,138.9,1.0
202606220819,138.9,138.9,138.9,138.9,0.0
202606220820,138.9,138.9,138.9,138.9,0.0
202606220821,138.9,138.9,138.9,138.9,0.0
202606220822,138.9,138.9,138.9,138.9,0.0
202606220823,138.9,138.9,138.9,138.9,0.0
202606220824,138.9,138.9,138.9,138.9,0.0
202606220825,138.9,138.9,138.9,138.9,0.0
202606220826,138.9,138.9,138.9,138.9,0.0
202606220827,138.9,138.9,138.9,138.9,0.0
202606220828,138.77,138.75,138.77,138.75,5.0
202606220829,138.75,138.75,138.75,138.75,0.0
202606220830,138.75,138.75,138.75,138.75,0.0
202606220831,138.75,138.75,138.75,138.75,0.0
202606220832,138.75,138.75,138.75,138.75,0.0
202606220833,138.75,138.75,138.75,138.75,0.0
202606220834,138.75,138.75,138.75,138.75,0.0
202606220835,138.75,138.75,138.75,138.75,0.0
202606220836,138.75,138.75,138.75,138.75,0.0
202606220837,138.75,138.75,138.75,138.75,0.0
202606220838,138.75,138.75,138.75,138.75,0.0
202606220839,138.75,138.75,138.75,138.75,0.0
202606220840,138.75,138.75,138.75,138.75,0.0
202606220841,138.75,138.75,138.75,138.75,0.0
202606220842,138.75,138.75,138.75,138.75,0.0
202606220843,138.75,138.75,138.75,138.75,0.0
202606220844,138.75,138.75,138.75,138.75,0.0
202606220845,138.75,138.75,138.75,138.75,0.0
202606220846,138.85,138.85,138.85,138.85,5.0
202606220847,138.9,138.9,138.9,138.9,4.0
202606220848,138.9,138.9,138.9,138.9,4.0
202606220849,138.9,138.9,138.9,138.9,0.0
202606220850,138.9,138.9,138.9,138.9,0.0
202606220851,138.9,138.9,138.9,138.9,0.0
202606220852,138.9,138.9,138.9,138.9,0.0
202606220853,138.9,138.9,138.9,138.9,0.0
202606220854,138.9,138.9,138.9,138.9,0.0
202606220855,138.75,138.75,138.75,138.75,3.0
202606220856,138.75,138.75,138.75,138.75,0.0
202606220857,138.75,138.75,138.75,138.75,0.0
202606220858,138.75,138.75,138.75,138.75,0.0
202606220859,138.75,138.75,138.75,138.75,0.0
202606220900,138.75,138.75,138.75,138.75,0.0
202606220901,138.75,138.75,138.75,138.75,0.0
202606220902,138.75,138.75,138.75,138.75,0.0
202606220903,138.72,138.72,138.72,138.71,3.0
202606220904,138.74,138.74,138.74,138.74,1.0
202606220905,138.74,138.74,138.74,138.74,0.0
202606220906,138.74,138.74,138.74,138.74,0.0
202606220907,138.74,138.74,138.74,138.74,0.0
202606220908,138.74,138.74,138.74,138.74,0.0
202606220909,138.86,138.7,138.86,138.7,5.0
202606220910,138.7,138.7,138.7,138.7,0.0
202606220911,138.7,138.7,138.7,138.7,0.0
202606220912,138.7,138.7,138.7,138.7,0.0
202606220913,138.7,138.7,138.7,138.7,0.0
202606220914,138.7,138.7,138.7,138.7,0.0
202606220915,138.68,138.69,138.69,138.68,3.0
202606220916,138.69,138.69,138.69,138.69,0.0
202606220917,138.69,138.69,138.69,138.69,0.0
202606220918,138.69,138.69,138.69,138.69,0.0
202606220919,138.69,138.69,138.69,138.69,0.0
202606220920,138.69,138.69,138.69,138.69,0.0
202606220921,138.69,138.69,138.69,138.69,0.0
202606220922,138.69,138.69,138.69,138.69,0.0
202606220923,138.69,138.69,138.69,138.69,0.0
202606220924,138.69,138.69,138.69,138.69,0.0
202606220925,138.69,138.69,138.69,138.69,1.0
202606220926,138.69,138.69,138.69,138.69,0.0
202606220927,138.69,138.69,138.69,138.69,0.0
202606220928,138.69,138.69,138.69,138.69,0.0
202606220929,138.69,138.69,138.69,138.69,0.0
202606220930,138.69,138.69,138.69,138.69,0.0
202606220931,138.7,138.7,138.7,138.7,1.0
202606220932,138.7,138.7,138.7,138.7,0.0
202606220933,138.7,138.7,138.7,138.7,0.0
202606220934,138.7,138.7,138.7,138.7,0.0
202606220935,138.7,138.7,138.7,138.7,0.0
202606220936,138.7,138.7,138.7,138.7,1.0
202606220937,138.7,138.7,138.7,138.7,0.0
202606220938,138.7,138.7,138.7,138.7,0.0
202606220939,138.7,138.7,138.7,138.7,0.0
202606220940,138.7,138.7,138.7,138.7,0.0
202606220941,138.7,138.7,138.7,138.7,0.0
202606220942,138.7,138.7,138.7,138.7,0.0
202606220943,138.7,138.7,138.7,138.7,0.0
202606220944,138.7,138.7,138.7,138.7,0.0
202606220945,138.7,138.7,138.7,138.7,0.0
202606220946,138.7,138.7,138.7,138.7,0.0
202606220947,138.7,138.7,138.7,138.7,0.0
202606220948,138.7,138.7,138.7,138.7,0.0
202606220949,138.7,138.7,138.7,138.7,0.0
202606220950,138.7,138.7,138.7,138.7,9.0
202606220951,138.7,138.7,138.7,138.7,0.0
202606220952,138.7,138.7,138.7,138.7,0.0
202606220953,138.7,138.7,138.7,138.7,0.0
202606220954,138.7,138.7,138.7,138.7,0.0
202606220955,138.7,138.7,138.7,138.7,0.0
202606220956,138.7,138.7,138.7,138.7,0.0
202606220957,138.7,138.7,138.7,138.7,0.0
202606220958,138.7,138.7,138.7,138.7,0.0
202606220959,138.7,138.7,138.7,138.7,0.0
202606221000,138.7,138.9,138.92,138.7,14.0
202606221001,138.9,138.9,138.9,138.9,0.0
202606221002,138.9,138.9,138.9,138.9,0.0
202606221003,138.9,138.9,138.9,138.9,0.0
202606221004,138.9,138.9,138.9,138.9,0.0
202606221005,138.9,138.9,138.9,138.9,0.0
202606221006,138.9,138.9,138.9,138.9,0.0
202606221007,138.9,138.9,138.9,138.9,0.0
202606221008,138.9,138.9,138.9,138.9,0.0
202606221009,138.9,138.9,138.9,138.9,0.0
202606221010,138.9,138.9,138.9,138.9,0.0
202606221011,138.9,138.9,138.9,138.9,0.0
202606221012,138.9,138.9,138.9,138.9,0.0
202606221013,138.9,138.9,138.9,138.9,0.0
202606221014,138.9,138.9,138.9,138.9,0.0
202606221015,138.9,138.9,138.9,138.9,0.0
202606221016,138.9,138.9,138.9,138.9,0.0
202606221017,138.9,138.9,138.9,138.9,0.0
202606221018,138.9,138.9,138.9,138.9,0.0
202606221019,138.9,138.9,138.9,138.9,0.0
202606221020,138.9,138.9,138.9,138.9,0.0
202606221021,138.9,138.9,138.9,138.9,0.0
202606221022,138.9,138.9,138.9,138.9,0.0
202606221023,138.9,138.9,138.9,138.9,0.0
202606221024,138.9,138.9,138.9,138.9,0.0
202606221025,138.83,138.83,138.84,138.83,1.0
202606221026,138.84,138.84,138.84,138.84,4.0
202606221027,138.84,138.84,138.84,138.84,0.0
202606221028,138.84,138.84,138.84,138.84,0.0
202606221029,138.84,138.84,138.84,138.84,0.0
202606221030,138.84,138.84,138.84,138.84,0.0
202606221031,138.84,138.84,138.84,138.84,0.0
202606221032,138.84,138.84,138.84,138.84,0.0
202606221033,138.84,138.84,138.84,138.84,5.0
202606221034,138.84,138.84,138.84,138.84,0.0
202606221035,138.84,138.84,138.84,138.84,0.0
202606221036,138.84,138.84,138.84,138.84,0.0
202606221037,138.84,138.84,138.84,138.84,0.0
202606221038,138.84,138.84,138.84,138.84,0.0
202606221039,138.84,138.84,138.84,138.84,0.0
202606221040,138.84,138.84,138.84,138.84,0.0
202606221041,138.84,138.84,138.84,138.84,0.0
202606221042,138.84,138.84,138.84,138.84,0.0
202606221043,138.84,138.84,138.84,138.84,0.0
202606221044,138.84,138.84,138.84,138.84,0.0
202606221045,138.84,138.84,138.84,138.84,0.0
202606221046,138.84,138.84,138.84,138.84,0.0
202606221047,138.84,138.84,138.84,138.84,0.0
202606221048,138.84,138.84,138.84,138.84,0.0
202606221049,138.84,138.84,138.84,138.84,0.0
202606221050,138.84,138.84,138.84,138.84,0.0
202606221051,138.84,138.84,138.84,138.84,0.0
202606221052,138.84,138.84,138.84,138.84,0.0
202606221053,138.84,138.84,138.84,138.84,0.0
202606221054,138.84,138.84,138.84,138.84,0.0
202606221055,138.84,138.84,138.84,138.84,0.0
202606221056,138.84,138.84,138.84,138.84,0.0
202606221057,138.84,138.84,138.84,138.84,0.0
202606221058,138.84,138.84,138.84,138.84,0.0
202606221059,138.76,138.75,138.76,138.75,3.0
202606221100,138.65,138.65,138.65,138.65,1.0
202606221101,138.65,138.65,138.65,138.65,0.0
202606221102,138.78,138.84,138.84,138.78,3.0
202606221103,138.84,138.84,138.84,138.84,0.0
202606221104,138.85,138.85,138.85,138.85,1.0
202606221105,138.57,138.4,138.57,138.4,20.0
202606221106,138.4,138.4,138.4,138.4,0.0
202606221107,138.28,138.54,138.54,138.28,18.0
202606221108,138.35,138.35,138.35,138.35,2.0
202606221109,138.35,138.35,138.35,138.35,0.0
202606221110,138.51,138.51,138.51,138.51,1.0
202606221111,138.44,138.46,138.46,138.44,7.0
202606221112,138.46,138.46,138.46,138.46,0.0
202606221113,138.46,138.46,138.46,138.46,0.0
202606221114,138.46,138.46,138.46,138.46,0.0
202606221115,138.62,138.62,138.62,138.62,2.0
202606221116,138.62,138.62,138.62,138.62,0.0
202606221117,138.61,138.62,138.62,138.61,4.0
202606221118,138.62,138.62,138.62,138.62,9.0
202606221119,138.65,138.65,138.65,138.65,2.0
202606221120,138.82,138.82,138.82,138.81,3.0
202606221121,138.74,138.7,138.75,138.7,11.0
202606221122,138.75,138.75,138.75,138.75,1.0
202606221123,138.8,138.8,138.8,138.8,3.0
202606221124,138.8,138.8,138.8,138.8,0.0
202606221125,138.8,138.8,138.8,138.8,0.0
202606221126,138.8,138.8,138.8,138.8,0.0
202606221127,138.8,138.8,138.8,138.8,0.0
202606221128,138.8,138.8,138.8,138.8,0.0
202606221129,138.71,138.71,138.71,138.71,1.0
202606221130,138.8,138.68,138.8,138.67,2.0
202606221131,138.68,138.68,138.68,138.68,0.0
202606221132,138.68,138.68,138.68,138.68,0.0
202606221133,138.78,138.78,138.79,138.78,2.0
202606221134,138.8,138.8,138.81,138.8,5.0
202606221135,138.8,138.8,138.8,138.8,0.0
202606221136,138.8,139.09,139.09,138.8,38.0
202606221137,139.19,139.2,139.2,139.19,23.0
202606221138,139.06,139.17,139.17,139.0,11.0
202606221139,139.01,139.21,139.21,139.0,7.0
202606221140,139.21,139.21,139.21,139.21,0.0
202606221141,139.28,139.07,139.28,139.06,23.0
202606221142,139.07,139.07,139.07,139.07,0.0
202606221143,139.1,139.1,139.1,139.1,3.0
202606221144,139.2,139.2,139.2,139.2,1.0
202606221145,139.2,139.2,139.2,139.2,0.0
202606221146,139.22,139.22,139.22,139.22,6.0
202606221147,139.22,139.22,139.22,139.22,0.0
202606221148,139.22,139.22,139.22,139.22,0.0
202606221149,139.02,139.02,139.02,139.02,2.0
202606221150,139.02,139.02,139.02,139.02,0.0
202606221151,139.02,139.02,139.02,139.02,0.0
202606221152,139.1,139.1,139.1,139.1,10.0
202606221153,139.1,139.1,139.1,139.1,0.0
202606221154,139.1,139.1,139.1,139.1,0.0
202606221155,139.1,139.1,139.1,139.1,0.0
202606221156,139.1,139.1,139.1,139.1,0.0
202606221157,139.1,139.1,139.1,139.1,0.0
202606221158,139.1,139.1,139.1,139.1,0.0
202606221159,138.88,138.88,138.88,138.88,1.0
202606221200,138.98,139.08,139.08,138.98,3.0
202606221201,139.1,139.1,139.1,139.09,10.0
202606221202,139.1,139.1,139.1,139.1,0.0
202606221203,139.27,139.27,139.27,139.27,1.0
202606221204,139.05,139.08,139.08,139.04,19.0
202606221205,139.08,139.08,139.08,139.08,0.0
202606221206,139.4,139.4,139.4,139.4,1.0
202606221207,139.2,139.2,139.2,139.2,1.0
202606221208,139.2,139.2,139.2,139.2,0.0
202606221209,139.39,139.26,139.39,139.26,8.0
202606221210,139.3,139.3,139.3,139.29,1.0
202606221211,139.12,139.12,139.12,139.12,4.0
202606221212,139.26,139.26,139.26,139.25,7.0
202606221213,139.01,139.01,139.02,139.01,1.0
202606221214,139.01,139.01,139.01,139.01,0.0
202606221215,139.03,139.0,139.03,139.0,9.0
202606221216,139.0,139.0,139.0,139.0,0.0
202606221217,139.0,139.0,139.0,139.0,0.0
202606221218,139.0,139.0,139.0,139.0,0.0
202606221219,139.0,139.0,139.0,139.0,0.0
202606221220,138.86,138.86,138.86,138.86,1.0
202606221221,138.8,138.8,138.8,138.8,1.0
202606221222,138.8,138.8,138.8,138.8,0.0
202606221223,138.72,138.64,138.72,138.64,15.0
202606221224,138.62,138.62,138.63,138.62,20.0
202606221225,138.7,138.67,138.7,138.67,3.0
202606221226,138.67,138.67,138.67,138.67,0.0
202606221227,138.67,138.67,138.67,138.67,0.0
202606221228,138.87,138.87,138.87,138.87,10.0
202606221229,138.62,138.62,138.62,138.62,1.0
202606221230,138.7,138.7,138.7,138.7,5.0
202606221231,138.87,138.62,138.87,138.62,47.0
202606221232,138.62,138.62,138.62,138.62,0.0
202606221233,138.7,138.9,139.0,138.7,69.0
202606221234,138.9,138.9,138.9,138.9,0.0
202606221235,138.63,138.63,138.63,138.63,1.0
202606221236,138.63,138.63,138.63,138.63,0.0
202606221237,138.5,138.5,138.5,138.5,2.0
202606221238,138.5,138.5,138.5,138.5,0.0
202606221239,138.64,138.63,138.64,138.63,2.0
202606221240,138.63,138.63,138.63,138.63,0.0
202606221241,138.63,138.63,138.63,138.63,0.0
202606221242,138.63,138.63,138.63,138.63,0.0
202606221243,138.41,138.41,138.41,138.41,3.0
202606221244,138.56,138.57,138.57,138.56,3.0
202606221245,138.75,138.75,138.75,138.75,1.0
202606221246,138.6,138.6,138.6,138.6,5.0
202606221247,138.75,138.6,138.75,138.6,7.0
202606221248,138.7,138.7,138.7,138.7,2.0
202606221249,138.7,138.7,138.7,138.7,0.0
202606221250,138.7,138.7,138.7,138.7,0.0
202606221251,138.41,138.41,138.41,138.41,1.0
202606221252,138.44,138.5,138.5,138.44,4.0
202606221253,138.5,138.5,138.5,138.5,0.0
202606221254,138.5,138.5,138.5,138.5,0.0
202606221255,138.5,138.5,138.5,138.5,0.0
202606221256,138.5,138.5,138.5,138.5,0.0
202606221257,138.5,138.5,138.5,138.5,0.0
202606221258,138.5,138.5,138.5,138.5,0.0
202606221259,138.5,138.5,138.5,138.5,0.0
202606221300,138.5,138.5,138.5,138.5,0.0
202606221301,138.32,138.33,138.33,138.32,2.0
202606221302,138.33,138.33,138.33,138.33,0.0
202606221303,138.4,138.42,138.42,138.35,7.0
202606221304,138.44,138.44,138.44,138.44,1.0
202606221305,138.49,138.49,138.49,138.49,1.0
202606221306,138.49,138.49,138.49,138.49,0.0
202606221307,138.34,138.34,138.34,138.33,3.0
202606221308,138.34,138.34,138.34,138.34,0.0
202606221309,138.34,138.34,138.34,138.34,0.0
202606221310,138.34,138.34,138.34,138.34,0.0
202606221311,138.34,138.34,138.34,138.34,0.0
202606221312,138.6,138.6,138.6,138.59,2.0
202606221313,138.37,138.37,138.37,138.37,1.0
202606221314,138.31,138.31,138.31,138.31,1.0
202606221315,138.3,138.3,138.3,138.3,4.0
202606221316,138.33,138.2,138.33,138.2,20.0
202606221317,138.2,138.2,138.2,138.2,0.0
202606221318,138.11,138.11,138.12,138.11,1.0
202606221319,138.11,138.11,138.11,138.11,0.0
202606221320,138.05,138.45,138.45,138.05,5.0
202606221321,138.45,138.45,138.45,138.45,0.0
202606221322,138.09,138.09,138.09,138.09,1.0
202606221323,138.3,138.3,138.3,138.3,2.0
202606221324,138.3,138.3,138.3,138.3,0.0
202606221325,138.3,138.3,138.3,138.3,0.0
202606221326,138.31,138.31,138.31,138.31,1.0
202606221327,138.31,138.31,138.31,138.31,0.0
202606221328,138.15,138.04,138.15,138.0,34.0
202606221329,138.44,138.21,138.44,138.21,5.0
202606221330,138.54,138.65,138.97,138.54,5.0
202606221331,139.0,138.8,139.0,138.79,27.0
202606221332,138.73,138.87,138.87,138.73,9.0
202606221333,138.85,138.5,138.87,138.48,87.0
202606221334,138.62,138.65,138.79,138.38,3098.0
202606221335,138.67,138.24,138.72,138.01,384.0
202606221336,138.27,138.59,138.64,138.1,188.0
202606221337,138.57,138.31,138.6,138.25,137.0
202606221338,138.3,138.33,138.39,138.12,174.0
202606221339,138.37,138.47,138.55,138.3,255.0
202606221340,138.45,138.28,138.61,138.26,456.0
202606221341,138.29,137.9,138.29,137.9,247.0
202606221342,137.94,138.18,138.27,137.87,385.0
202606221343,138.2,138.0,138.25,137.93,204.0
202606221344,138.0,138.0,138.06,137.93,113.0
202606221345,138.02,137.44,138.11,137.42,521.0
202606221346,137.46,137.36,137.52,137.26,401.0
202606221347,137.32,137.25,137.46,137.21,276.0
202606221348,137.25,137.24,137.35,137.17,286.0
202606221349,137.21,137.04,137.3,137.04,234.0
202606221350,137.08,137.32,137.32,137.02,156.0
202606221351,137.32,137.46,137.55,137.22,226.0
202606221352,137.46,137.53,137.6,137.35,389.0
202606221353,137.5,137.64,137.64,137.42,110.0
202606221354,137.67,137.76,137.85,137.62,91.0
202606221355,137.78,137.85,137.91,137.72,368.0
202606221356,137.82,137.67,137.82,137.65,161.0
202606221357,137.61,137.46,137.64,137.43,120.0
202606221358,137.45,137.57,137.59,137.45,123.0
202606221359,137.57,137.65,137.71,137.57,234.0
202606221400,137.58,137.38,137.58,137.33,185.0
202606221401,137.39,137.57,137.57,137.39,138.0
202606221402,137.55,137.46,137.65,137.44,209.0
202606221403,137.42,137.5,137.6,137.4,107.0
202606221404,137.52,137.46,137.55,137.36,183.0
202606221405,137.46,137.27,137.48,137.2,223.0
202606221406,137.28,137.36,137.36,137.18,64.0
202606221407,137.35,137.26,137.35,137.25,94.0
202606221408,137.26,137.25,137.26,137.12,136.0
202606221409,137.24,137.13,137.25,137.09,222.0
202606221410,137.11,137.19,137.19,137.05,143.0
202606221411,137.18,137.11,137.28,137.09,116.0
202606221412,137.15,137.21,137.22,137.1,93.0
202606221413,137.18,137.24,137.26,137.17,43.0
202606221414,137.28,137.41,137.42,137.22,126.0
202606221415,137.42,137.3,137.49,137.29,202.0
202606221416,137.27,137.17,137.27,137.09,215.0
202606221417,137.16,137.33,137.33,137.14,104.0
202606221418,137.32,137.32,137.47,137.32,162.0
202606221419,137.34,137.37,137.38,137.3,97.0
202606221420,137.36,137.47,137.47,137.3,147.0
202606221421,137.48,137.44,137.48,137.4,103.0
202606221422,137.43,137.42,137.44,137.36,162.0
202606221423,137.45,137.52,137.55,137.44,47.0
202606221424,137.56,137.81,137.85,137.56,134.0
202606221425,137.83,137.81,137.86,137.74,374.0
202606221426,137.81,137.59,137.83,137.56,307.0
202606221427,137.61,137.56,137.63,137.44,254.0
202606221428,137.57,137.39,137.57,137.34,112.0
202606221429,137.39,137.38,137.45,137.35,193.0
202606221430,137.4,137.47,137.49,137.39,158.0
202606221431,137.46,137.65,137.65,137.46,180.0
202606221432,137.63,137.73,137.74,137.61,112.0
202606221433,137.73,137.7,137.79,137.66,140.0
202606221434,137.72,137.56,137.74,137.47,132.0
202606221435,137.56,137.48,137.56,137.41,140.0
202606221436,137.47,137.29,137.48,137.29,230.0
202606221437,137.31,137.36,137.38,137.25,91.0
202606221438,137.36,137.43,137.44,137.33,165.0
202606221439,137.46,137.48,137.5,137.4,65.0
202606221440,137.48,137.46,137.51,137.38,106.0
202606221441,137.46,137.51,137.6,137.44,139.0
202606221442,137.57,137.72,137.72,137.57,41.0
202606221443,137.71,137.71,137.79,137.69,111.0
202606221444,137.73,137.84,137.84,137.71,93.0
202606221445,137.83,137.86,137.86,137.77,101.0
202606221446,137.88,137.66,137.9,137.62,259.0
202606221447,137.66,137.91,137.92,137.63,141.0
202606221448,137.91,137.8,137.96,137.8,116.0
202606221449,137.82,137.88,137.91,137.81,109.0
202606221450,137.87,137.73,137.87,137.71,93.0
202606221451,137.73,137.62,137.78,137.61,236.0
202606221452,137.6,137.61,137.65,137.52,332.0
202606221453,137.62,137.79,137.83,137.62,155.0
202606221454,137.8,137.83,137.93,137.79,135.0
202606221455,137.85,137.87,137.89,137.8,227.0
202606221456,137.86,137.91,137.92,137.84,94.0
202606221457,137.94,137.98,137.98,137.88,170.0
202606221458,137.98,137.89,137.99,137.88,158.0
202606221459,137.88,137.91,137.91,137.84,143.0
202606221500,137.93,137.82,137.99,137.8,384.0
202606221501,137.84,137.88,137.9,137.81,102.0
202606221502,137.88,137.77,137.88,137.76,179.0
202606221503,137.76,137.81,137.84,137.75,278.0
202606221504,137.8,137.73,137.82,137.68,407.0
202606221505,137.71,137.74,137.8,137.67,180.0
202606221506,137.76,137.77,137.86,137.75,61.0
202606221507,137.76,137.78,137.8,137.7,232.0
202606221508,137.81,137.77,137.82,137.69,87.0
202606221509,137.77,137.8,137.87,137.77,75.0
202606221510,137.79,137.77,137.8,137.7,85.0
202606221511,137.75,137.67,137.79,137.65,327.0
202606221512,137.67,137.67,137.78,137.66,273.0
202606221513,137.67,137.75,137.76,137.64,247.0
202606221514,137.75,137.69,137.76,137.65,108.0
202606221515,137.7,137.71,137.75,137.66,251.0
202606221516,137.73,137.78,137.78,137.71,254.0
202606221517,137.78,137.77,137.79,137.69,151.0
202606221518,137.77,137.66,137.77,137.63,215.0
202606221519,137.66,137.46,137.69,137.45,274.0
202606221520,137.46,137.45,137.48,137.38,140.0
202606221521,137.47,137.53,137.55,137.42,168.0
202606221522,137.51,137.58,137.59,137.48,126.0
202606221523,137.59,137.62,137.67,137.59,93.0
202606221524,137.61,137.58,137.64,137.57,80.0
202606221525,137.58,137.58,137.7,137.54,186.0
202606221526,137.57,137.61,137.64,137.55,71.0
202606221527,137.62,137.68,137.71,137.59,61.0
202606221528,137.66,137.66,137.72,137.63,76.0
202606221529,137.65,137.75,137.77,137.61,80.0
202606221530,137.73,137.76,137.8,137.72,122.0
202606221531,137.74,137.86,137.88,137.73,268.0
202606221532,137.85,137.66,137.85,137.65,253.0
202606221533,137.67,137.54,137.68,137.54,265.0
202606221534,137.54,137.7,137.7,137.54,68.0
202606221535,137.7,137.76,137.83,137.67,125.0
202606221536,137.76,137.78,137.78,137.72,180.0
202606221537,137.77,137.8,137.84,137.68,66.0
202606221538,137.8,137.8,137.8,137.73,91.0
202606221539,137.8,137.75,137.84,137.74,228.0
202606221540,137.73,137.76,137.77,137.67,55.0
202606221541,137.74,137.7,137.75,137.68,94.0
202606221542,137.73,137.71,137.75,137.67,83.0
202606221543,137.72,137.75,137.8,137.71,65.0
202606221544,137.78,137.7,137.8,137.7,88.0
202606221545,137.73,137.79,137.81,137.73,74.0
202606221546,137.81,137.92,137.96,137.81,77.0
202606221547,137.91,137.92,137.95,137.88,56.0
202606221548,137.94,138.06,138.11,137.93,172.0
202606221549,138.09,138.08,138.15,138.06,247.0
202606221550,138.08,138.07,138.17,138.03,617.0
202606221551,138.08,138.09,138.09,138.02,126.0
202606221552,138.09,138.07,138.09,138.03,102.0
202606221553,138.08,138.02,138.1,138.01,148.0
202606221554,138.0,137.94,138.01,137.93,99.0
202606221555,137.95,137.82,137.95,137.81,83.0
202606221556,137.81,137.76,137.83,137.74,62.0
202606221557,137.76,137.78,137.79,137.71,51.0
202606221558,137.78,137.83,137.87,137.78,62.0
202606221559,137.83,137.88,137.9,137.81,90.0
202606221600,137.89,137.86,137.91,137.84,78.0
202606221601,137.86,137.87,137.9,137.84,172.0
202606221602,137.89,138.0,138.01,137.88,78.0
202606221603,138.0,138.07,138.07,138.0,33.0
202606221604,138.07,138.09,138.16,138.07,118.0
202606221605,138.1,138.13,138.13,138.07,163.0
202606221606,138.09,138.15,138.19,138.09,234.0
202606221607,138.15,138.16,138.18,138.12,53.0
202606221608,138.16,138.18,138.2,138.15,110.0
202606221609,138.16,138.19,138.23,138.14,77.0
202606221610,138.17,138.23,138.23,138.17,63.0
202606221611,138.23,138.22,138.24,138.2,111.0
202606221612,138.22,138.23,138.26,138.22,36.0
202606221613,138.23,138.24,138.24,138.19,42.0
202606221614,138.25,138.29,138.3,138.25,80.0
202606221615,138.31,138.37,138.39,138.3,140.0
202606221616,138.38,138.4,138.42,138.33,74.0
202606221617,138.4,138.42,138.43,138.38,38.0
202606221618,138.41,138.45,138.47,138.41,93.0
202606221619,138.45,138.5,138.64,138.44,305.0
202606221620,138.51,138.36,138.51,138.36,79.0
202606221621,138.36,138.41,138.41,138.32,37.0
202606221622,138.42,138.5,138.51,138.42,114.0
202606221623,138.48,138.48,138.49,138.38,110.0
202606221624,138.47,138.41,138.47,138.39,60.0
202606221625,138.4,138.44,138.46,138.39,58.0
202606221626,138.41,138.44,138.45,138.37,50.0
202606221627,138.42,138.41,138.46,138.37,76.0
202606221628,138.41,138.43,138.44,138.41,53.0
202606221629,138.43,138.4,138.44,138.38,38.0
202606221630,138.41,138.43,138.43,138.4,18.0
202606221631,138.43,138.51,138.52,138.42,51.0
202606221632,138.51,138.65,138.66,138.51,182.0
202606221633,138.65,138.69,138.69,138.63,85.0
202606221634,138.71,138.63,138.74,138.6,394.0
202606221635,138.63,138.67,138.69,138.62,94.0
202606221636,138.69,138.74,138.77,138.68,75.0
202606221637,138.75,138.74,138.81,138.74,193.0
202606221638,138.73,138.76,138.78,138.73,36.0
202606221639,138.78,138.83,138.83,138.78,49.0
202606221640,138.84,138.88,138.89,138.84,79.0
202606221641,138.88,138.78,138.89,138.77,150.0
202606221642,138.81,138.76,138.81,138.75,39.0
202606221643,138.74,138.73,138.78,138.72,41.0
202606221644,138.73,138.81,138.84,138.72,73.0
202606221645,138.79,138.77,138.8,138.76,58.0
202606221646,138.78,138.81,138.85,138.77,161.0
202606221647,138.82,138.82,138.84,138.8,87.0
202606221648,138.85,138.84,138.86,138.78,72.0
202606221649,138.85,138.81,138.9,138.79,269.0
202606221650,138.81,138.74,138.83,138.72,188.0
202606221651,138.75,138.7,138.76,138.7,97.0
202606221652,138.71,138.7,138.71,138.68,130.0
202606221653,138.7,138.64,138.73,138.63,68.0
202606221654,138.64,138.62,138.66,138.59,89.0
202606221655,138.62,138.64,138.68,138.6,82.0
202606221656,138.63,138.65,138.71,138.63,67.0
202606221657,138.64,138.73,138.74,138.63,88.0
202606221658,138.74,138.66,138.77,138.61,533.0
202606221659,138.67,138.63,138.67,138.58,147.0
202606221700,138.63,138.75,138.76,138.62,93.0
202606221701,138.74,138.75,138.75,138.72,38.0
202606221702,138.77,138.73,138.81,138.73,188.0
202606221703,138.76,138.76,138.77,138.71,160.0
202606221704,138.76,138.8,138.81,138.75,35.0
202606221705,138.81,138.81,138.86,138.8,84.0
202606221706,138.81,138.79,138.87,138.79,65.0
202606221707,138.8,138.78,138.83,138.77,181.0
202606221708,138.79,138.8,138.81,138.77,176.0
202606221709,138.8,138.84,138.85,138.78,113.0
202606221710,138.84,138.81,138.86,138.79,55.0
202606221711,138.81,138.85,138.88,138.8,157.0
202606221712,138.84,138.87,138.88,138.82,122.0
202606221713,138.87,138.76,138.87,138.75,251.0
202606221714,138.75,138.71,138.75,138.7,28.0
202606221715,138.71,138.67,138.71,138.66,26.0
202606221716,138.68,138.7,138.7,138.66,27.0
202606221717,138.68,138.68,138.68,138.63,73.0
202606221718,138.68,138.68,138.68,138.64,39.0
202606221719,138.66,138.49,138.66,138.49,115.0
202606221720,138.51,138.46,138.59,138.44,200.0
202606221721,138.46,138.44,138.49,138.44,96.0
202606221722,138.44,138.38,138.46,138.36,37.0
202606221723,138.38,138.4,138.4,138.36,41.0
202606221724,138.39,138.34,138.41,138.34,116.0
202606221725,138.34,138.34,138.41,138.33,98.0
202606221726,138.33,138.25,138.34,138.25,202.0
202606221727,138.25,138.25,138.26,138.2,193.0
202606221728,138.23,138.19,138.23,138.17,67.0
202606221729,138.19,138.15,138.19,138.13,114.0
202606221730,138.15,138.19,138.19,138.12,93.0
202606221731,138.19,138.2,138.23,138.17,179.0
202606221732,138.17,138.26,138.26,138.17,107.0
202606221733,138.27,138.33,138.34,138.26,134.0
202606221734,138.31,138.3,138.32,138.27,89.0
202606221735,138.3,138.38,138.39,138.3,50.0
202606221736,138.39,138.39,138.41,138.34,53.0
202606221737,138.38,138.35,138.4,138.34,119.0
202606221738,138.35,138.4,138.4,138.34,53.0
202606221739,138.37,138.38,138.42,138.36,75.0
202606221740,138.38,138.39,138.41,138.37,25.0
202606221741,138.38,138.31,138.39,138.3,77.0
202606221742,138.31,138.34,138.36,138.31,66.0
202606221743,138.35,138.38,138.39,138.34,59.0
202606221744,138.37,138.38,138.38,138.36,68.0
202606221745,138.38,138.36,138.38,138.35,42.0
202606221746,138.35,138.32,138.35,138.3,70.0
202606221747,138.32,138.35,138.36,138.31,49.0
202606221748,138.35,138.41,138.42,138.33,446.0
202606221749,138.37,138.26,138.37,138.25,121.0
202606221750,138.24,138.26,138.26,138.19,83.0
202606221751,138.25,138.29,138.29,138.25,38.0
202606221752,138.3,138.33,138.33,138.28,55.0
202606221753,138.33,138.27,138.33,138.26,44.0
202606221754,138.27,138.24,138.28,138.23,83.0
202606221755,138.22,138.27,138.28,138.2,152.0
202606221756,138.25,138.29,138.3,138.21,47.0
202606221757,138.29,138.27,138.3,138.27,71.0
202606221758,138.26,138.26,138.29,138.25,51.0
202606221759,138.27,138.22,138.28,138.21,92.0
202606221800,138.22,138.26,138.28,138.21,77.0
202606221801,138.27,138.2,138.27,138.19,158.0
202606221802,138.21,138.18,138.21,138.18,28.0
202606221803,138.17,138.15,138.18,138.13,63.0
202606221804,138.13,138.11,138.16,138.09,89.0
202606221805,138.11,138.11,138.12,138.1,53.0
202606221806,138.12,138.17,138.17,138.11,28.0
202606221807,138.16,138.18,138.19,138.16,36.0
202606221808,138.19,138.21,138.21,138.17,48.0
202606221809,138.21,138.24,138.28,138.2,126.0
202606221810,138.24,138.31,138.31,138.24,42.0
202606221811,138.31,138.24,138.32,138.22,75.0
202606221812,138.24,138.19,138.24,138.18,65.0
202606221813,138.18,138.32,138.32,138.18,50.0
202606221814,138.33,138.32,138.33,138.29,102.0
202606221815,138.3,138.34,138.34,138.26,161.0
202606221816,138.35,138.4,138.4,138.33,57.0
202606221817,138.4,138.4,138.42,138.37,79.0
202606221818,138.41,138.47,138.49,138.41,81.0
202606221819,138.47,138.48,138.5,138.46,37.0
202606221820,138.49,138.54,138.56,138.48,347.0
202606221821,138.54,138.52,138.56,138.5,100.0
202606221822,138.53,138.57,138.59,138.52,50.0
202606221823,138.57,138.47,138.59,138.46,65.0
202606221824,138.45,138.46,138.47,138.44,32.0
202606221825,138.46,138.4,138.46,138.39,147.0
202606221826,138.4,138.44,138.46,138.37,108.0
202606221827,138.43,138.38,138.44,138.38,98.0
202606221828,138.37,138.48,138.49,138.35,67.0
202606221829,138.47,138.53,138.55,138.47,29.0
202606221830,138.53,138.54,138.57,138.52,94.0
202606221831,138.54,138.57,138.58,138.54,115.0
202606221832,138.58,138.61,138.62,138.56,148.0
202606221833,138.6,138.53,138.62,138.52,242.0
202606221834,138.53,138.5,138.58,138.49,212.0
202606221835,138.5,138.46,138.53,138.45,47.0
202606221836,138.46,138.46,138.5,138.45,77.0
202606221837,138.45,138.41,138.46,138.4,60.0
202606221838,138.4,138.4,138.4,138.37,44.0
202606221839,138.41,138.4,138.41,138.39,86.0
202606221840,138.39,138.41,138.41,138.37,82.0
202606221841,138.41,138.43,138.43,138.4,42.0
202606221842,138.42,138.42,138.42,138.37,60.0
202606221843,138.41,138.42,138.42,138.37,108.0
202606221844,138.42,138.46,138.46,138.4,67.0
202606221845,138.47,138.45,138.48,138.43,123.0
202606221846,138.45,138.47,138.48,138.45,56.0
202606221847,138.47,138.4,138.48,138.4,98.0
202606221848,138.4,138.42,138.43,138.39,119.0
202606221849,138.39,138.4,138.41,138.37,130.0
202606221850,138.41,138.43,138.45,138.39,40.0
202606221851,138.43,138.39,138.43,138.36,136.0
202606221852,138.39,138.37,138.39,138.34,260.0
202606221853,138.36,138.36,138.41,138.33,296.0
202606221854,138.37,138.39,138.4,138.36,50.0
202606221855,138.4,138.35,138.4,138.33,84.0
202606221856,138.35,138.4,138.4,138.35,135.0
202606221857,138.4,138.41,138.41,138.39,122.0
202606221858,138.4,138.4,138.4,138.37,179.0
202606221859,138.4,138.39,138.41,138.38,48.0
202606221900,138.39,138.46,138.46,138.37,242.0
202606221901,138.45,138.47,138.54,138.45,48.0
202606221902,138.46,138.49,138.49,138.39,124.0
202606221903,138.48,138.38,138.49,138.36,278.0
202606221904,138.38,138.37,138.4,138.36,125.0
202606221905,138.37,138.44,138.45,138.37,51.0
202606221906,138.45,138.5,138.5,138.41,61.0
202606221907,138.48,138.55,138.56,138.48,74.0
202606221908,138.56,138.56,138.59,138.55,86.0
202606221909,138.55,138.55,138.57,138.54,56.0
202606221910,138.55,138.59,138.61,138.55,151.0
202606221911,138.59,138.58,138.61,138.52,66.0
202606221912,138.58,138.56,138.59,138.5,119.0
202606221913,138.57,138.51,138.57,138.51,119.0
202606221914,138.51,138.63,138.63,138.5,238.0
202606221915,138.63,138.71,138.74,138.63,207.0
202606221916,138.71,138.74,138.76,138.7,178.0
202606221917,138.74,138.74,138.79,138.74,185.0
202606221918,138.74,138.7,138.74,138.69,240.0
202606221919,138.71,138.7,138.73,138.68,180.0
202606221920,138.7,138.73,138.74,138.69,268.0
202606221921,138.73,138.74,138.75,138.7,217.0
202606221922,138.73,138.7,138.74,138.68,69.0
202606221923,138.71,138.71,138.72,138.68,189.0
202606221924,138.71,138.66,138.72,138.64,180.0
202606221925,138.66,138.67,138.7,138.66,210.0
202606221926,138.67,138.68,138.68,138.64,122.0
202606221927,138.68,138.91,138.91,138.67,271.0
202606221928,138.89,138.89,138.94,138.86,326.0
202606221929,138.89,138.79,138.91,138.77,280.0
202606221930,138.8,138.71,138.84,138.68,113.0
202606221931,138.7,138.71,138.74,138.65,155.0
202606221932,138.72,138.79,138.8,138.72,106.0
202606221933,138.78,138.74,138.79,138.73,147.0
202606221934,138.72,138.69,138.72,138.67,106.0
202606221935,138.68,138.71,138.72,138.63,132.0
202606221936,138.72,138.67,138.74,138.67,63.0
202606221937,138.67,138.64,138.71,138.64,87.0
202606221938,138.64,138.61,138.67,138.6,83.0
202606221939,138.6,138.53,138.61,138.53,419.0
202606221940,138.54,138.55,138.59,138.53,153.0
202606221941,138.56,138.51,138.57,138.5,158.0
202606221942,138.5,138.39,138.51,138.39,233.0
202606221943,138.39,138.44,138.46,138.38,166.0
202606221944,138.45,138.44,138.48,138.4,190.0
202606221945,138.44,138.37,138.46,138.35,100.0
202606221946,138.37,138.48,138.5,138.37,168.0
202606221947,138.48,138.49,138.52,138.44,181.0
202606221948,138.48,138.51,138.56,138.46,311.0
202606221949,138.51,138.68,138.71,138.51,381.0
202606221950,138.7,138.74,138.88,138.68,318.0
202606221951,138.73,138.57,138.75,138.53,209.0
202606221952,138.57,138.44,138.6,138.43,146.0
202606221953,138.43,138.53,138.55,138.42,306.0
202606221954,138.54,138.55,138.61,138.52,313.0
202606221955,138.56,138.55,138.58,138.45,510.0
202606221956,138.54,138.52,138.57,138.47,350.0
202606221957,138.54,138.45,138.58,138.41,627.0
202606221958,138.45,138.4,138.47,138.31,1282.0
202606221959,138.4,138.43,138.52,138.28,2079.0
202606222000,138.45,138.45,138.45,138.45,4.0
202606222001,138.46,138.45,138.46,138.45,3.0
202606222002,138.51,138.45,138.51,138.45,5.0
202606222003,138.47,138.47,138.47,138.47,34336.0
202606222004,138.47,138.47,138.47,138.47,6.0
202606222005,138.47,138.47,138.47,138.47,0.0
202606222006,138.47,138.47,138.47,138.47,0.0
202606222007,138.47,138.47,138.47,138.47,0.0
202606222008,138.47,138.47,138.47,138.47,0.0
202606222009,138.45,138.45,138.45,138.44,1.0
202606222010,138.45,138.45,138.45,138.45,0.0
202606222011,138.45,138.45,138.45,138.45,0.0
202606222012,138.45,138.45,138.45,138.45,0.0
202606222013,138.45,138.45,138.45,138.45,0.0
202606222014,138.45,138.45,138.45,138.45,0.0
202606222015,138.45,138.45,138.45,138.45,0.0
202606222016,138.45,138.45,138.45,138.45,0.0
202606222017,138.45,138.45,138.45,138.45,0.0
202606222018,138.45,138.45,138.45,138.45,0.0
202606222019,138.45,138.45,138.45,138.45,0.0
202606222020,138.45,138.45,138.45,138.45,0.0
202606222021,138.45,138.45,138.45,138.45,0.0
202606222022,138.28,138.28,138.29,138.28,9.0
202606222023,138.28,138.28,138.28,138.28,0.0
202606222024,138.28,138.28,138.28,138.28,0.0
202606222025,138.28,138.28,138.28,138.28,0.0
202606222026,138.28,138.28,138.28,138.28,0.0
202606222027,138.28,138.28,138.28,138.28,0.0
202606222028,138.28,138.28,138.28,138.28,0.0
202606222029,138.28,138.28,138.28,138.28,0.0
202606222030,138.28,138.28,138.28,138.28,0.0
202606222031,138.28,138.28,138.28,138.28,0.0
202606222032,138.28,138.28,138.28,138.28,0.0
202606222033,138.28,138.28,138.28,138.28,0.0
202606222034,138.28,138.28,138.28,138.28,0.0
202606222035,138.28,138.28,138.28,138.28,0.0
202606222036,138.28,138.28,138.28,138.28,0.0
202606222037,138.28,138.28,138.28,138.28,0.0
202606222038,138.42,138.4,138.42,138.4,3.0
202606222039,138.4,138.4,138.4,138.4,0.0
202606222040,138.4,138.4,138.4,138.4,0.0
202606222041,138.4,138.4,138.4,138.4,0.0
202606222042,138.4,138.4,138.4,138.4,0.0
202606222043,138.4,138.4,138.4,138.4,0.0
202606222044,138.4,138.4,138.4,138.4,0.0
202606222045,138.4,138.4,138.4,138.4,0.0
202606222046,138.4,138.4,138.4,138.4,0.0
202606222047,138.4,138.4,138.4,138.4,0.0
202606222048,138.4,138.4,138.4,138.4,0.0
202606222049,138.4,138.4,138.4,138.4,0.0
202606222050,138.45,138.45,138.45,138.45,1.0
202606222051,138.45,138.45,138.45,138.45,0.0
202606222052,138.45,138.45,138.45,138.45,0.0
202606222053,138.45,138.45,138.45,138.45,0.0
202606222054,138.45,138.45,138.45,138.45,0.0
202606222055,138.45,138.45,138.45,138.45,0.0
202606222056,138.45,138.45,138.45,138.45,0.0
202606222057,138.45,138.45,138.45,138.45,0.0
202606222058,138.44,138.44,138.44,138.43,2.0
202606222059,138.44,138.44,138.44,138.44,0.0
202606222100,138.45,138.45,138.45,138.45,10.0
202606222101,138.4,138.4,138.4,138.4,10.0
202606222102,138.4,138.4,138.4,138.4,0.0
202606222103,138.4,138.4,138.4,138.4,0.0
202606222104,138.4,138.4,138.4,138.4,0.0
202606222105,138.4,138.4,138.4,138.4,0.0
202606222106,138.4,138.4,138.4,138.4,0.0
202606222107,138.4,138.4,138.4,138.4,0.0
202606222108,138.4,138.4,138.4,138.4,0.0
202606222109,138.4,138.4,138.4,138.4,0.0
202606222110,138.4,138.4,138.4,138.4,0.0
202606222111,138.4,138.4,138.4,138.4,0.0
202606222112,138.4,138.4,138.4,138.4,0.0
202606222113,138.4,138.4,138.4,138.4,0.0
202606222114,138.4,138.4,138.4,138.4,0.0
202606222115,138.4,138.4,138.4,138.4,0.0
202606222116,138.4,138.4,138.4,138.4,0.0
202606222117,138.4,138.4,138.4,138.4,0.0
202606222118,138.4,138.4,138.4,138.4,0.0
202606222119,138.4,138.4,138.4,138.4,0.0
202606222120,138.4,138.4,138.4,138.4,10.0
202606222121,138.4,138.4,138.4,138.4,0.0
202606222122,138.4,138.4,138.4,138.4,0.0
202606222123,138.4,138.4,138.4,138.4,0.0
202606222124,138.4,138.4,138.4,138.4,0.0
202606222125,138.4,138.4,138.4,138.4,0.0
202606222126,138.4,138.4,138.4,138.4,0.0
202606222127,138.4,138.4,138.4,138.4,0.0
202606222128,138.4,138.4,138.4,138.4,0.0
202606222129,138.4,138.4,138.4,138.4,0.0
202606222130,138.4,138.4,138.4,138.4,0.0
202606222131,138.4,138.4,138.4,138.4,0.0
202606222132,138.4,138.4,138.4,138.4,0.0
202606222133,138.35,138.37,138.4,138.35,3.0
202606222134,138.37,138.37,138.37,138.37,0.0
202606222135,138.37,138.37,138.37,138.37,0.0
202606222136,138.4,138.14,138.4,138.13,7.0
202606222137,138.14,138.14,138.14,138.14,0.0
202606222138,138.14,138.14,138.14,138.14,0.0
202606222139,138.14,138.14,138.14,138.14,0.0
202606222140,138.14,138.14,138.14,138.14,0.0
202606222141,138.14,138.14,138.14,138.14,0.0
202606222142,138.14,138.14,138.14,138.14,0.0
202606222143,138.14,138.14,138.14,138.14,0.0
202606222144,138.14,138.14,138.14,138.14,0.0
202606222145,138.14,138.14,138.14,138.14,0.0
202606222146,138.14,138.14,138.14,138.14,0.0
202606222147,138.14,138.14,138.14,138.14,0.0
202606222148,138.36,138.36,138.37,138.36,2.0
202606222149,138.36,138.36,138.36,138.36,0.0
202606222150,138.36,138.36,138.36,138.36,0.0
202606222151,138.39,138.39,138.39,138.39,1.0
202606222152,138.39,138.39,138.39,138.39,0.0
202606222153,138.39,138.39,138.39,138.39,0.0
202606222154,138.39,138.39,138.39,138.39,0.0
202606222155,138.39,138.39,138.39,138.39,0.0
202606222156,138.39,138.39,138.39,138.39,0.0
202606222157,138.39,138.39,138.39,138.39,0.0
202606222158,138.39,138.39,138.39,138.39,0.0
202606222159,138.39,138.39,138.39,138.39,0.0
202606222200,138.39,138.39,138.39,138.39,0.0
202606222201,138.39,138.39,138.39,138.39,0.0
202606222202,138.39,138.39,138.39,138.39,0.0
202606222203,138.39,138.39,138.39,138.39,0.0
202606222204,138.39,138.39,138.39,138.39,0.0
202606222205,138.39,138.39,138.39,138.39,0.0
202606222206,138.39,138.39,138.39,138.39,0.0
202606222207,138.39,138.39,138.39,138.39,0.0
202606222208,138.39,138.39,138.39,138.39,0.0
202606222209,138.39,138.39,138.39,138.39,0.0
202606222210,138.39,138.39,138.39,138.39,0.0
202606222211,138.39,138.39,138.39,138.39,0.0
202606222212,138.39,138.39,138.39,138.39,0.0
202606222213,138.38,138.38,138.38,138.38,1.0
202606222214,138.38,138.38,138.38,138.38,0.0
202606222215,138.38,138.38,138.38,138.38,0.0
202606222216,138.38,138.38,138.38,138.38,0.0
202606222217,138.38,138.38,138.38,138.38,0.0
202606222218,138.39,138.39,138.39,138.38,2.0
202606222219,138.39,138.39,138.39,138.39,0.0
202606222220,138.39,138.39,138.39,138.39,0.0
202606222221,138.39,138.39,138.39,138.39,0.0
202606222222,138.39,138.39,138.39,138.39,0.0
202606222223,138.39,138.39,138.39,138.39,0.0
202606222224,138.39,138.39,138.39,138.39,0.0
202606222225,138.39,138.39,138.39,138.39,0.0
202606222226,138.39,138.39,138.39,138.39,0.0
202606222227,138.39,138.39,138.39,138.39,0.0
202606222228,138.39,138.39,138.39,138.39,0.0
202606222229,138.39,138.39,138.39,138.39,0.0
202606222230,138.39,138.39,138.39,138.39,0.0
202606222231,138.39,138.39,138.39,138.39,0.0
202606222232,138.39,138.39,138.39,138.39,0.0
202606222233,138.39,138.39,138.39,138.39,0.0
202606222234,138.39,138.39,138.39,138.39,0.0
202606222235,138.39,138.39,138.39,138.39,0.0
202606222236,138.39,138.39,138.39,138.39,0.0
202606222237,138.39,138.39,138.39,138.39,0.0
202606222238,138.4,138.4,138.4,138.39,9.0
202606222239,138.4,138.4,138.4,138.4,0.0
202606222240,138.4,138.4,138.4,138.4,0.0
202606222241,138.4,138.4,138.4,138.4,0.0
202606222242,138.45,138.45,138.45,138.45,5.0
202606222243,138.45,138.45,138.45,138.45,0.0
202606222244,138.45,138.45,138.45,138.45,0.0
202606222245,138.45,138.45,138.45,138.45,0.0
202606222246,138.45,138.45,138.45,138.45,0.0
202606222247,138.45,138.45,138.45,138.45,0.0
202606222248,138.45,138.45,138.45,138.45,3.0
202606222249,138.45,138.45,138.45,138.45,0.0
202606222250,138.45,138.45,138.45,138.45,0.0
202606222251,138.45,138.45,138.45,138.45,0.0
202606222252,138.45,138.45,138.45,138.45,0.0
202606222253,138.45,138.45,138.45,138.45,0.0
202606222254,138.45,138.45,138.45,138.45,0.0
202606222255,138.45,138.45,138.45,138.45,0.0
202606222256,138.45,138.45,138.45,138.45,0.0
202606222257,138.45,138.45,138.45,138.45,0.0
202606222258,138.45,138.45,138.45,138.45,0.0
202606222259,138.45,138.45,138.45,138.45,0.0
202606222300,138.45,138.45,138.45,138.45,0.0
202606222301,138.45,138.45,138.45,138.45,0.0
202606222302,138.45,138.45,138.45,138.45,0.0
202606222303,138.45,138.45,138.45,138.45,0.0
202606222304,138.45,138.45,138.45,138.45,0.0
202606222305,138.45,138.45,138.45,138.45,0.0
202606222306,138.45,138.45,138.45,138.45,0.0
202606222307,138.47,138.47,138.47,138.47,2.0
202606222308,138.47,138.47,138.47,138.47,0.0
202606222309,138.47,138.47,138.47,138.47,0.0
202606222310,138.48,138.48,138.48,138.48,1.0
202606222311,138.48,138.48,138.48,138.48,0.0
202606222312,138.48,138.48,138.48,138.48,0.0
202606222313,138.48,138.48,138.48,138.48,0.0
202606222314,138.48,138.48,138.48,138.48,0.0
202606222315,138.48,138.48,138.48,138.48,0.0
202606222316,138.48,138.48,138.48,138.48,0.0
202606222317,138.48,138.48,138.48,138.48,0.0
202606222318,138.48,138.48,138.48,138.48,0.0
202606222319,138.48,138.48,138.48,138.48,0.0
202606222320,138.48,138.48,138.48,138.48,0.0
202606222321,138.48,138.48,138.48,138.48,0.0
202606222322,138.48,138.48,138.48,138.48,0.0
202606222323,138.47,138.47,138.47,138.46,1.0
202606222324,138.47,138.47,138.47,138.47,0.0
202606222325,138.47,138.47,138.47,138.47,0.0
202606222326,138.47,138.47,138.47,138.47,0.0
202606222327,138.47,138.47,138.47,138.47,0.0
202606222328,138.47,138.47,138.47,138.47,0.0
202606222329,138.47,138.47,138.47,138.47,0.0
202606222330,138.47,138.47,138.47,138.47,0.0
202606222331,138.47,138.47,138.47,138.47,0.0
202606222332,138.47,138.47,138.47,138.47,0.0
202606222333,138.47,138.47,138.47,138.47,0.0
202606222334,138.47,138.47,138.47,138.47,0.0
202606222335,138.47,138.47,138.47,138.47,0.0
202606222336,138.47,138.47,138.47,138.47,0.0
202606222337,138.47,138.47,138.47,138.47,0.0
202606222338,138.47,138.47,138.47,138.47,0.0
202606222339,138.47,138.47,138.47,138.47,0.0
202606222340,138.52,138.52,138.52,138.52,3.0
202606222341,138.52,138.52,138.52,138.52,0.0
202606222342,138.52,138.52,138.52,138.52,0.0
202606222343,138.52,138.52,138.52,138.52,0.0
202606222344,138.52,138.52,138.52,138.52,0.0
202606222345,138.52,138.52,138.52,138.52,0.0
202606222346,138.52,138.52,138.52,138.52,0.0
202606222347,138.52,138.52,138.52,138.52,0.0
202606222348,138.52,138.52,138.52,138.52,0.0
202606222349,138.52,138.52,138.52,138.52,0.0
202606222350,138.52,138.52,138.52,138.52,0.0
202606222351,138.52,138.52,138.52,138.52,0.0
202606222352,138.52,138.52,138.52,138.52,0.0
202606222353,138.52,138.52,138.52,138.52,0.0
202606222354,138.52,138.52,138.52,138.52,0.0
202606222355,138.55,138.55,138.55,138.54,2.0
202606222356,138.55,138.55,138.55,138.55,0.0
202606222357,138.55,138.55,138.55,138.55,0.0
202606222358,138.55,138.55,138.55,138.55,0.0
202606222359,138.55,138.55,138.55,138.54,0.0
202606230800,138.0,138.09,138.09,137.58,3.0
202606230801,138.2,138.34,138.34,138.2,2.0
202606230802,138.34,138.34,138.34,138.34,0.0
202606230803,138.34,138.34,138.34,138.34,0.0
202606230804,138.34,138.34,138.34,138.34,0.0
202606230805,138.34,138.34,138.34,138.34,0.0
202606230806,138.34,138.34,138.34,138.34,0.0
202606230807,138.33,138.33,138.33,138.33,1.0
202606230808,138.33,138.14,138.33,138.14,4.0
202606230809,138.3,138.14,138.3,138.12,24.0
202606230810,138.19,138.19,138.19,138.19,6.0
202606230811,138.0,137.37,138.19,137.37,18.0
202606230812,137.38,137.9,137.91,137.38,7.0
202606230813,137.9,137.9,137.9,137.9,0.0
202606230814,137.9,137.9,137.9,137.9,0.0
202606230815,137.9,137.9,137.9,137.9,0.0
202606230816,138.05,138.05,138.05,138.05,4.0
202606230817,138.05,138.05,138.05,138.05,0.0
202606230818,138.05,138.05,138.05,138.05,0.0
202606230819,138.05,138.05,138.05,138.05,0.0
202606230820,138.05,138.05,138.05,138.05,0.0
202606230821,138.05,138.05,138.05,138.05,0.0
202606230822,138.05,138.05,138.05,138.05,0.0
202606230823,138.05,138.05,138.05,138.05,0.0
202606230824,138.05,138.05,138.05,138.05,0.0
202606230825,138.29,138.3,138.3,138.29,5.0
202606230826,138.3,138.3,138.3,138.3,0.0
202606230827,138.3,138.3,138.3,138.3,0.0
202606230828,138.3,138.12,138.3,138.12,2.0
202606230829,138.12,138.12,138.12,138.12,0.0
202606230830,138.12,138.12,138.12,138.12,0.0
202606230831,138.05,138.05,138.05,138.04,2.0
202606230832,138.05,138.05,138.05,138.05,0.0
202606230833,138.05,138.05,138.05,138.05,0.0
202606230834,138.05,138.05,138.05,138.05,0.0
202606230835,138.05,138.05,138.05,138.05,0.0
202606230836,138.05,138.05,138.05,138.05,0.0
202606230837,138.05,138.05,138.05,138.05,0.0
202606230838,138.05,138.05,138.05,138.05,0.0
202606230839,138.05,138.05,138.05,138.05,0.0
202606230840,138.05,138.05,138.05,138.05,0.0
202606230841,138.05,138.05,138.05,138.05,0.0
202606230842,138.05,138.05,138.05,138.05,0.0
202606230843,138.05,138.05,138.05,138.05,0.0
202606230844,138.05,138.05,138.05,138.05,0.0
202606230845,138.05,138.05,138.05,138.05,0.0
202606230846,138.05,138.05,138.05,138.05,0.0
202606230847,138.05,138.05,138.05,138.05,0.0
202606230848,138.05,138.05,138.05,138.05,0.0
202606230849,138.05,138.05,138.05,138.05,0.0
202606230850,138.05,138.05,138.05,138.05,0.0
202606230851,138.05,138.05,138.05,138.05,0.0
202606230852,138.58,138.58,138.58,138.58,1.0
202606230853,138.55,138.54,138.55,138.54,3.0
202606230854,138.54,138.54,138.54,138.54,2.0
202606230855,138.54,138.54,138.54,138.54,0.0
202606230856,138.54,138.54,138.54,138.54,0.0
202606230857,138.54,138.54,138.54,138.54,0.0
202606230858,138.54,138.54,138.54,138.54,0.0
202606230859,138.54,138.54,138.54,138.54,0.0
202606230900,138.54,138.54,138.54,138.54,0.0
202606230901,138.54,138.54,138.54,138.54,0.0
202606230902,138.3,138.3,138.3,138.3,5.0
202606230903,138.3,138.3,138.3,138.3,0.0
202606230904,138.3,138.3,138.3,138.3,0.0
202606230905,138.3,138.3,138.3,138.3,0.0
202606230906,138.3,138.3,138.3,138.3,0.0
202606230907,138.3,138.3,138.3,138.3,0.0
202606230908,138.3,138.3,138.3,138.3,0.0
202606230909,138.3,138.3,138.3,138.3,0.0
202606230910,138.3,138.3,138.3,138.3,0.0
202606230911,138.3,138.3,138.3,138.3,0.0
202606230912,138.3,138.3,138.3,138.3,0.0
202606230913,138.3,138.3,138.3,138.3,0.0
202606230914,138.3,138.3,138.3,138.3,0.0
202606230915,138.3,138.3,138.3,138.3,0.0
202606230916,138.3,138.3,138.3,138.3,0.0
202606230917,138.3,138.3,138.3,138.3,0.0
202606230918,138.3,138.3,138.3,138.3,0.0
202606230919,138.3,138.3,138.3,138.3,0.0
202606230920,138.3,138.3,138.3,138.3,0.0
202606230921,138.3,138.3,138.3,138.3,0.0
202606230922,138.47,138.47,138.47,138.47,1.0
202606230923,138.47,138.47,138.47,138.47,0.0
202606230924,138.57,138.58,138.58,138.57,2.0
202606230925,138.58,138.58,138.58,138.58,0.0
202606230926,138.58,138.58,138.58,138.58,0.0
202606230927,138.58,138.58,138.58,138.58,0.0
202606230928,138.58,138.58,138.58,138.58,0.0
202606230929,138.58,138.58,138.58,138.58,0.0
202606230930,138.58,138.58,138.58,138.58,0.0
202606230931,138.58,138.58,138.58,138.58,0.0
202606230932,138.58,138.58,138.58,138.58,0.0
202606230933,138.58,138.58,138.58,138.58,0.0
202606230934,138.53,138.53,138.53,138.52,1.0
202606230935,138.53,138.53,138.53,138.53,0.0
202606230936,138.53,138.53,138.53,138.53,0.0
202606230937,138.53,138.53,138.53,138.53,0.0
202606230938,138.53,138.53,138.53,138.53,0.0
202606230939,138.53,138.53,138.53,138.53,0.0
202606230940,138.53,138.53,138.53,138.53,0.0
202606230941,138.53,138.53,138.53,138.53,0.0
202606230942,138.53,138.53,138.53,138.53,0.0
202606230943,138.53,138.53,138.53,138.53,0.0
202606230944,138.53,138.53,138.53,138.53,0.0
202606230945,138.53,138.53,138.53,138.53,0.0
202606230946,138.53,138.53,138.53,138.53,0.0
202606230947,138.7,138.7,138.7,138.7,1.0
202606230948,138.7,138.7,138.7,138.7,0.0
202606230949,138.7,138.7,138.7,138.7,0.0
202606230950,138.7,138.7,138.7,138.7,0.0
202606230951,138.7,138.7,138.7,138.7,0.0
202606230952,138.7,138.7,138.7,138.7,0.0
202606230953,138.7,138.7,138.7,138.7,0.0
202606230954,138.7,138.7,138.7,138.7,0.0
202606230955,138.99,139.0,139.0,138.98,11.0
202606230956,139.0,139.0,139.0,139.0,0.0
202606230957,139.0,139.0,139.0,139.0,0.0
202606230958,139.0,139.0,139.0,139.0,0.0
202606230959,139.0,139.0,139.0,139.0,0.0
202606231000,139.0,139.0,139.0,139.0,0.0
202606231001,139.0,139.0,139.0,139.0,0.0
202606231002,138.94,138.95,138.95,138.94,3.0
202606231003,138.95,138.95,138.95,138.95,0.0
202606231004,138.95,138.95,138.95,138.95,0.0
202606231005,138.95,138.95,138.95,138.95,0.0
202606231006,138.95,138.95,138.95,138.95,0.0
202606231007,138.95,138.95,138.95,138.95,0.0
202606231008,138.95,138.95,138.95,138.95,0.0
202606231009,138.95,138.95,138.95,138.95,0.0
202606231010,138.67,138.67,138.67,138.66,2.0
202606231011,138.67,138.67,138.67,138.67,0.0
202606231012,138.67,138.67,138.67,138.67,0.0
202606231013,138.67,138.67,138.67,138.67,0.0
202606231014,138.67,138.67,138.67,138.67,0.0
202606231015,138.67,138.67,138.67,138.67,0.0
202606231016,138.67,138.67,138.67,138.67,0.0
202606231017,138.67,138.67,138.67,138.67,0.0
202606231018,138.93,138.93,138.93,138.93,3.0
202606231019,138.93,138.93,138.93,138.93,0.0
202606231020,138.93,138.93,138.93,138.93,0.0
202606231021,138.86,138.86,138.86,138.86,1.0
202606231022,138.86,138.86,138.86,138.86,0.0
202606231023,138.86,138.86,138.86,138.86,0.0
202606231024,138.86,138.86,138.86,138.86,0.0
202606231025,138.86,138.86,138.86,138.86,0.0
202606231026,138.86,138.86,138.86,138.86,0.0
202606231027,138.86,138.86,138.86,138.86,0.0
202606231028,138.86,138.86,138.86,138.86,0.0
202606231029,138.86,138.86,138.86,138.86,0.0
202606231030,139.0,139.0,139.0,139.0,5.0
202606231031,139.12,139.13,139.13,139.12,2.0
202606231032,139.13,139.13,139.13,139.13,0.0
202606231033,139.13,139.13,139.13,139.13,0.0
202606231034,139.13,139.13,139.13,139.13,0.0
202606231035,139.13,139.13,139.13,139.13,0.0
202606231036,139.13,139.13,139.13,139.13,0.0
202606231037,139.13,139.13,139.13,139.13,0.0
202606231038,139.13,139.13,139.13,139.13,0.0
202606231039,139.13,139.13,139.13,139.13,0.0
202606231040,139.13,139.13,139.13,139.13,0.0
202606231041,139.13,139.13,139.13,139.13,0.0
202606231042,139.13,139.13,139.13,139.13,0.0
202606231043,139.13,139.13,139.13,139.13,0.0
202606231044,139.13,139.13,139.13,139.13,0.0
202606231045,139.13,139.13,139.13,139.13,0.0
202606231046,139.13,139.13,139.13,139.13,0.0
202606231047,139.13,139.13,139.13,139.13,0.0
202606231048,139.13,139.13,139.13,139.13,0.0
202606231049,139.13,139.13,139.13,139.13,0.0
202606231050,139.13,139.13,139.13,139.13,0.0
202606231051,139.13,139.13,139.13,139.13,0.0
202606231052,139.13,139.13,139.13,139.13,0.0
202606231053,139.13,139.13,139.13,139.13,0.0
202606231054,139.13,139.13,139.13,139.13,0.0
202606231055,139.13,139.13,139.13,139.13,0.0
202606231056,139.13,139.13,139.13,139.13,0.0
202606231057,139.13,139.13,139.13,139.13,0.0
202606231058,139.13,139.13,139.13,139.13,0.0
202606231059,139.13,139.13,139.13,139.13,0.0
202606231100,139.01,139.01,139.01,139.01,1.0
202606231101,139.01,139.01,139.01,139.01,0.0
202606231102,139.06,139.04,139.06,139.04,5.0
202606231103,139.04,139.04,139.04,139.04,0.0
202606231104,139.04,139.04,139.04,139.04,0.0
202606231105,139.04,139.04,139.04,139.04,0.0
202606231106,139.04,139.04,139.04,139.04,0.0
202606231107,139.04,139.04,139.04,139.04,0.0
202606231108,139.04,139.04,139.04,139.04,0.0
202606231109,139.04,139.04,139.04,139.04,0.0
202606231110,139.04,139.04,139.04,139.04,0.0
202606231111,139.04,139.04,139.04,139.04,0.0
202606231112,139.04,139.04,139.04,139.04,0.0
202606231113,139.04,139.04,139.04,139.04,0.0
202606231114,139.01,139.0,139.01,139.0,4.0
202606231115,139.0,139.0,139.0,139.0,0.0
202606231116,139.0,139.0,139.0,139.0,0.0
202606231117,139.02,139.02,139.02,139.02,3.0
202606231118,139.02,139.02,139.02,139.02,0.0
202606231119,138.97,138.97,138.97,138.97,1.0
202606231120,138.97,138.97,138.97,138.97,0.0
202606231121,139.0,139.0,139.0,139.0,1.0
202606231122,139.0,139.0,139.0,139.0,0.0
202606231123,139.0,139.0,139.0,139.0,0.0
202606231124,139.0,139.0,139.0,139.0,0.0
202606231125,139.0,139.0,139.0,139.0,0.0
202606231126,139.0,139.0,139.0,139.0,0.0
202606231127,139.0,139.0,139.0,139.0,0.0
202606231128,139.0,139.0,139.0,139.0,2.0
202606231129,139.0,139.0,139.0,139.0,0.0
202606231130,139.0,139.0,139.0,139.0,0.0
202606231131,139.0,139.0,139.0,139.0,0.0
202606231132,139.0,139.0,139.0,139.0,0.0
202606231133,139.0,139.0,139.0,139.0,0.0
202606231134,139.0,139.0,139.0,139.0,0.0
202606231135,139.0,139.0,139.0,139.0,0.0
202606231136,139.0,139.0,139.0,139.0,0.0
202606231137,139.0,139.0,139.0,139.0,0.0
202606231138,139.0,139.0,139.0,139.0,0.0
202606231139,139.25,139.25,139.25,139.25,20.0
202606231140,139.25,139.25,139.25,139.25,0.0
202606231141,139.16,139.46,139.46,139.16,4.0
202606231142,139.46,139.46,139.46,139.46,0.0
202606231143,139.46,139.46,139.46,139.46,0.0
202606231144,139.46,139.46,139.46,139.46,0.0
202606231145,139.16,139.16,139.16,139.16,2.0
202606231146,139.16,139.16,139.16,139.16,0.0
202606231147,139.17,139.17,139.17,139.16,3.0
202606231148,139.38,139.38,139.38,139.37,3.0
202606231149,139.38,139.38,139.38,139.38,0.0
202606231150,139.38,139.38,139.38,139.38,0.0
202606231151,139.38,139.38,139.38,139.38,0.0
202606231152,139.38,139.38,139.38,139.38,0.0
202606231153,139.38,139.38,139.38,139.38,0.0
202606231154,139.38,139.38,139.38,139.38,0.0
202606231155,139.18,139.17,139.18,139.17,11.0
202606231156,139.17,139.17,139.17,139.17,0.0
202606231157,139.17,139.17,139.17,139.17,0.0
202606231158,139.12,139.12,139.12,139.11,3.0
202606231159,139.11,139.11,139.11,139.11,1.0
202606231200,139.11,139.11,139.11,139.11,0.0
202606231201,139.11,139.11,139.11,139.11,0.0
202606231202,139.11,139.11,139.11,139.11,0.0
202606231203,139.11,139.11,139.11,139.11,0.0
202606231204,139.11,139.11,139.11,139.11,0.0
202606231205,139.12,139.12,139.12,139.12,1.0
202606231206,139.12,139.12,139.12,139.12,0.0
202606231207,139.12,139.12,139.12,139.12,0.0
202606231208,139.18,139.18,139.18,139.18,1.0
202606231209,139.18,139.18,139.18,139.18,0.0
202606231210,139.13,139.13,139.13,139.13,1.0
202606231211,139.13,139.13,139.13,139.13,0.0
202606231212,139.13,139.13,139.13,139.13,0.0
202606231213,139.13,139.13,139.13,139.13,0.0
202606231214,139.13,139.13,139.13,139.13,0.0
202606231215,139.13,139.13,139.13,139.13,0.0
202606231216,139.32,139.32,139.32,139.32,3.0
202606231217,139.24,139.24,139.24,139.24,2.0
202606231218,139.24,139.24,139.24,139.24,0.0
202606231219,139.24,139.24,139.24,139.24,0.0
202606231220,139.33,139.33,139.33,139.33,2.0
202606231221,139.3,139.3,139.3,139.3,1.0
202606231222,139.23,139.15,139.23,139.15,3.0
202606231223,139.15,139.15,139.15,139.15,0.0
202606231224,139.15,139.15,139.15,139.15,0.0
202606231225,139.13,139.15,139.15,139.13,5.0
202606231226,139.15,139.15,139.15,139.15,0.0
202606231227,139.15,139.15,139.15,139.15,0.0
202606231228,139.13,139.13,139.14,139.13,5.0
202606231229,139.13,139.13,139.13,139.13,3.0
202606231230,139.25,139.22,139.25,139.22,11.0
202606231231,139.22,139.22,139.22,139.22,0.0
202606231232,139.22,139.22,139.22,139.22,0.0
202606231233,139.22,139.22,139.22,139.22,0.0
202606231234,139.18,139.18,139.18,139.18,9.0
202606231235,139.18,139.18,139.18,139.18,0.0
202606231236,139.18,139.18,139.18,139.18,0.0
202606231237,139.18,139.18,139.18,139.18,0.0
202606231238,139.18,139.18,139.18,139.18,0.0
202606231239,139.18,139.18,139.18,139.18,0.0
202606231240,139.18,139.18,139.18,139.18,0.0
202606231241,139.11,139.12,139.12,139.11,5.0
202606231242,139.12,139.12,139.12,139.12,0.0
202606231243,139.12,139.12,139.12,139.12,0.0
202606231244,139.12,139.12,139.12,139.12,0.0
202606231245,139.12,139.12,139.12,139.12,1.0
202606231246,139.13,139.13,139.14,139.13,2.0
202606231247,139.13,139.13,139.13,139.13,0.0
202606231248,139.19,139.19,139.19,139.19,1.0
202606231249,139.25,139.25,139.25,139.25,23.0
202606231250,139.39,139.39,139.39,139.39,19.0
202606231251,139.39,139.39,139.39,139.39,0.0
202606231252,139.39,139.39,139.39,139.39,0.0
202606231253,139.39,139.39,139.39,139.39,0.0
202606231254,139.46,139.46,139.46,139.46,2.0
202606231255,139.46,139.46,139.46,139.46,1.0
202606231256,139.5,139.54,139.54,139.5,15.0
202606231257,139.5,139.5,139.5,139.5,1.0
202606231258,139.5,139.5,139.5,139.5,5.0
202606231259,139.5,139.5,139.5,139.5,0.0
202606231300,139.55,139.43,139.55,139.42,4.0
202606231301,139.43,139.5,139.5,139.42,5.0
202606231302,139.51,139.49,139.51,139.49,3.0
202606231303,139.49,139.49,139.49,139.49,0.0
202606231304,139.49,139.49,139.49,139.49,0.0
202606231305,139.49,139.49,139.49,139.49,0.0
202606231306,139.49,139.49,139.49,139.49,0.0
202606231307,139.45,139.5,139.5,139.45,8.0
202606231308,139.5,139.5,139.5,139.5,0.0
202606231309,139.5,139.5,139.5,139.5,0.0
202606231310,139.5,139.5,139.5,139.5,0.0
202606231311,139.35,139.37,139.4,139.35,22.0
202606231312,139.37,139.37,139.37,139.37,0.0
202606231313,139.37,139.37,139.37,139.37,0.0
202606231314,139.37,139.37,139.37,139.37,0.0
202606231315,139.37,139.37,139.37,139.37,0.0
202606231316,139.37,139.37,139.37,139.37,0.0
202606231317,139.24,139.2,139.26,139.2,13.0
202606231318,139.2,139.2,139.2,139.2,0.0
202606231319,139.2,139.2,139.2,139.2,0.0
202606231320,139.2,139.2,139.2,139.2,0.0
202606231321,139.2,139.2,139.2,139.2,0.0
202606231322,139.09,139.2,139.2,139.09,7.0
202606231323,139.2,139.2,139.2,139.2,0.0
202606231324,139.2,139.2,139.2,139.2,0.0
202606231325,139.2,139.2,139.2,139.2,0.0
202606231326,138.55,138.55,138.55,138.54,6.0
202606231327,138.55,138.55,138.55,138.55,0.0
202606231328,138.55,138.55,138.55,138.55,0.0
202606231329,139.4,139.38,139.4,139.38,9.0
202606231330,139.46,138.8,139.46,138.8,3.0
202606231331,138.56,138.65,138.82,138.5,34.0
202606231332,138.59,138.98,139.03,138.55,66.0
202606231333,138.99,139.28,139.31,138.99,31.0
202606231334,139.26,139.28,139.55,138.96,2469.0
202606231335,139.28,139.11,139.39,139.01,770.0
202606231336,139.11,139.18,139.37,138.96,264.0
202606231337,139.17,139.24,139.39,139.17,119.0
202606231338,139.23,139.47,139.47,139.22,167.0
202606231339,139.48,139.33,139.52,139.17,266.0
202606231340,139.31,139.24,139.46,139.14,452.0
202606231341,139.22,139.07,139.22,139.05,94.0
202606231342,139.1,138.95,139.27,138.93,364.0
202606231343,138.95,138.94,139.1,138.89,143.0
202606231344,138.92,139.15,139.15,138.82,177.0
202606231345,139.2,139.29,139.34,139.16,145.0
202606231346,139.28,139.4,139.45,139.21,318.0
202606231347,139.4,139.36,139.4,139.2,512.0
202606231348,139.32,139.05,139.44,139.01,480.0
202606231349,139.04,139.32,139.38,139.04,132.0
202606231350,139.34,139.48,139.55,139.34,140.0
202606231351,139.49,139.5,139.61,139.46,79.0
202606231352,139.5,139.55,139.57,139.32,169.0
202606231353,139.53,139.29,139.53,139.29,75.0
202606231354,139.29,139.27,139.35,139.22,106.0
202606231355,139.27,139.09,139.29,139.05,539.0
202606231356,139.09,138.91,139.14,138.89,153.0
202606231357,138.87,138.97,139.07,138.79,139.0
202606231358,138.95,139.1,139.19,138.91,170.0
202606231359,139.14,139.18,139.27,139.12,113.0
202606231400,139.24,139.01,139.24,138.87,204.0
202606231401,138.95,139.11,139.13,138.94,158.0
202606231402,139.12,138.87,139.14,138.87,238.0
202606231403,138.87,138.93,138.94,138.78,169.0
202606231404,138.9,138.84,138.93,138.83,56.0
202606231405,138.91,139.04,139.05,138.85,107.0
202606231406,139.01,139.09,139.1,138.89,258.0
202606231407,139.09,139.16,139.22,139.06,66.0
202606231408,139.12,139.17,139.22,139.07,188.0
202606231409,139.17,138.96,139.19,138.96,147.0
202606231410,138.98,138.9,138.98,138.84,203.0
202606231411,138.9,138.97,139.0,138.9,81.0
202606231412,138.97,138.88,139.04,138.88,148.0
202606231413,138.9,138.98,139.06,138.9,91.0
202606231414,138.99,138.97,139.0,138.89,39.0
202606231415,138.98,138.87,139.01,138.86,229.0
202606231416,138.86,138.88,138.88,138.73,245.0
202606231417,138.88,139.04,139.1,138.87,215.0
202606231418,139.06,139.06,139.12,138.97,143.0
202606231419,139.06,139.17,139.17,139.04,90.0
202606231420,139.13,139.13,139.15,139.06,41.0
202606231421,139.08,138.87,139.08,138.83,98.0
202606231422,138.84,138.87,138.97,138.83,65.0
202606231423,138.85,138.9,138.9,138.79,82.0
202606231424,138.93,138.86,138.94,138.85,109.0
202606231425,138.84,138.81,138.86,138.8,249.0
202606231426,138.84,138.82,138.88,138.75,396.0
202606231427,138.82,138.82,138.87,138.79,77.0
202606231428,138.81,138.76,138.82,138.71,264.0
202606231429,138.78,138.78,138.82,138.76,86.0
202606231430,138.77,138.89,138.89,138.76,73.0
202606231431,138.88,138.94,138.99,138.88,70.0
202606231432,138.94,139.03,139.04,138.9,67.0
202606231433,139.03,138.91,139.03,138.85,185.0
202606231434,138.93,138.98,139.04,138.93,26.0
202606231435,139.0,139.08,139.2,139.0,144.0
202606231436,139.08,139.02,139.09,138.96,44.0
202606231437,139.01,138.82,139.01,138.79,279.0
202606231438,138.84,138.98,139.02,138.84,58.0
202606231439,138.96,139.06,139.06,138.93,27.0
202606231440,139.0,139.12,139.12,138.96,55.0
202606231441,139.09,139.17,139.17,139.09,28.0
202606231442,139.17,139.13,139.22,139.13,31.0
202606231443,139.15,139.21,139.21,139.12,58.0
202606231444,139.19,139.29,139.3,139.19,99.0
202606231445,139.26,139.33,139.35,139.26,68.0
202606231446,139.31,139.31,139.34,139.27,71.0
202606231447,139.3,139.35,139.37,139.3,74.0
202606231448,139.34,139.34,139.39,139.31,131.0
202606231449,139.35,139.33,139.41,139.33,117.0
202606231450,139.33,139.26,139.4,139.26,70.0
202606231451,139.26,139.28,139.28,139.2,52.0
202606231452,139.25,139.28,139.29,139.24,30.0
202606231453,139.3,139.26,139.32,139.23,40.0
202606231454,139.26,139.16,139.3,139.14,98.0
202606231455,139.16,139.13,139.19,139.1,153.0
202606231456,139.13,139.21,139.21,139.13,20.0
202606231457,139.22,139.19,139.26,139.18,62.0
202606231458,139.17,139.27,139.32,139.12,92.0
202606231459,139.28,139.24,139.32,139.22,53.0
202606231500,139.25,139.2,139.3,139.18,58.0
202606231501,139.16,139.31,139.36,139.16,94.0
202606231502,139.34,139.39,139.44,139.31,80.0
202606231503,139.43,139.38,139.43,139.34,216.0
202606231504,139.38,139.46,139.48,139.38,43.0
202606231505,139.47,139.48,139.52,139.43,54.0
202606231506,139.53,139.52,139.53,139.42,84.0
202606231507,139.53,139.47,139.54,139.43,50.0
202606231508,139.48,139.63,139.66,139.46,191.0
202606231509,139.63,139.73,139.76,139.62,231.0
202606231510,139.73,139.81,139.85,139.73,256.0
202606231511,139.82,139.84,139.89,139.8,259.0
202606231512,139.86,139.89,139.94,139.86,94.0
202606231513,139.91,139.84,139.94,139.79,379.0
202606231514,139.84,139.9,139.9,139.79,156.0
202606231515,139.91,139.81,139.97,139.81,126.0
202606231516,139.81,139.72,139.82,139.66,212.0
202606231517,139.79,139.85,139.87,139.79,35.0
202606231518,139.84,139.87,139.89,139.81,185.0
202606231519,139.87,139.85,139.92,139.84,37.0
202606231520,139.85,139.81,139.85,139.78,52.0
202606231521,139.85,139.94,139.94,139.85,67.0
202606231522,139.93,139.95,139.97,139.92,152.0
202606231523,139.95,139.85,139.96,139.85,22.0
202606231524,139.84,139.8,139.91,139.79,205.0
202606231525,139.79,139.66,139.79,139.66,88.0
202606231526,139.65,140.03,140.08,139.64,2411.0
202606231527,140.04,140.1,140.16,140.02,183.0
202606231528,140.09,140.05,140.13,140.0,101.0
202606231529,140.03,140.05,140.09,140.02,71.0
202606231530,140.09,140.09,140.13,140.07,90.0
202606231531,140.08,140.06,140.1,140.01,109.0
202606231532,140.06,139.99,140.08,139.98,107.0
202606231533,139.99,139.89,139.99,139.87,99.0
202606231534,139.87,139.83,139.91,139.83,60.0
202606231535,139.82,139.71,139.83,139.67,61.0
202606231536,139.69,139.71,139.74,139.67,45.0
202606231537,139.77,139.81,139.81,139.74,73.0
202606231538,139.84,139.81,139.89,139.8,45.0
202606231539,139.79,139.8,139.83,139.75,66.0
202606231540,139.76,139.78,139.78,139.7,61.0
202606231541,139.78,139.86,139.88,139.78,62.0
202606231542,139.85,139.92,139.93,139.84,83.0
202606231543,139.92,139.96,139.96,139.83,195.0
202606231544,139.95,139.81,139.96,139.81,92.0
202606231545,139.8,139.91,139.91,139.77,110.0
202606231546,139.89,139.91,139.93,139.89,32.0
202606231547,139.93,139.92,139.94,139.9,38.0
202606231548,139.92,139.94,139.96,139.9,52.0
202606231549,139.95,140.0,140.06,139.95,81.0
202606231550,140.02,139.97,140.02,139.92,52.0
202606231551,139.97,139.99,140.03,139.96,27.0
202606231552,139.97,139.88,139.97,139.83,193.0
202606231553,139.87,139.86,139.88,139.84,26.0
202606231554,139.83,139.81,139.83,139.76,41.0
202606231555,139.84,139.87,139.9,139.83,31.0
202606231556,139.86,139.81,139.88,139.81,76.0
202606231557,139.82,139.78,139.82,139.73,97.0
202606231558,139.79,139.81,139.84,139.78,97.0
202606231559,139.83,139.84,139.86,139.81,80.0
202606231600,139.84,139.91,139.92,139.8,83.0
202606231601,139.9,139.92,139.92,139.87,24.0
202606231602,139.95,139.99,140.02,139.94,139.0
202606231603,139.98,140.01,140.03,139.96,51.0
202606231604,140.02,139.93,140.03,139.9,123.0
202606231605,139.91,139.91,139.94,139.9,55.0
202606231606,139.89,139.96,139.96,139.87,152.0
202606231607,139.96,140.01,140.02,139.96,36.0
202606231608,140.0,139.97,140.01,139.96,50.0
202606231609,139.94,139.97,140.02,139.93,80.0
202606231610,139.96,140.01,140.01,139.96,37.0
202606231611,139.97,139.73,139.97,139.73,2084.0
202606231612,139.74,139.65,139.77,139.65,66.0
202606231613,139.66,139.69,139.7,139.64,75.0
202606231614,139.69,139.68,139.7,139.64,37.0
202606231615,139.68,139.66,139.68,139.64,27.0
202606231616,139.66,139.61,139.68,139.61,53.0
202606231617,139.61,139.67,139.67,139.6,47.0
202606231618,139.69,139.64,139.7,139.62,24.0
202606231619,139.64,139.66,139.68,139.63,19.0
202606231620,139.68,139.66,139.71,139.65,35.0
202606231621,139.67,139.73,139.74,139.66,50.0
202606231622,139.73,139.67,139.74,139.66,110.0
202606231623,139.65,139.64,139.65,139.62,19.0
202606231624,139.63,139.61,139.63,139.59,38.0
202606231625,139.63,139.78,139.78,139.63,70.0
202606231626,139.77,139.82,139.82,139.76,32.0
202606231627,139.83,139.79,139.83,139.79,24.0
202606231628,139.79,139.85,139.85,139.77,39.0
202606231629,139.86,139.84,139.86,139.82,60.0
202606231630,139.85,139.76,139.85,139.76,56.0
202606231631,139.75,139.81,139.83,139.75,69.0
202606231632,139.81,139.79,139.82,139.77,65.0
202606231633,139.78,139.82,139.82,139.75,58.0
202606231634,139.83,139.83,139.86,139.82,69.0
202606231635,139.84,139.82,139.86,139.8,62.0
202606231636,139.81,139.76,139.82,139.76,60.0
202606231637,139.76,139.77,139.78,139.72,54.0
202606231638,139.77,139.78,139.8,139.75,34.0
202606231639,139.81,139.75,139.81,139.73,109.0
202606231640,139.75,139.73,139.77,139.72,35.0
202606231641,139.71,139.63,139.71,139.63,78.0
202606231642,139.63,139.65,139.66,139.61,33.0
202606231643,139.66,139.68,139.68,139.63,16.0
202606231644,139.67,139.59,139.67,139.58,109.0
202606231645,139.6,139.68,139.68,139.59,62.0
202606231646,139.69,139.64,139.71,139.62,83.0
202606231647,139.65,139.73,139.74,139.65,39.0
202606231648,139.75,139.76,139.78,139.73,53.0
202606231649,139.75,139.74,139.76,139.71,55.0
202606231650,139.76,139.69,139.78,139.69,21.0
202606231651,139.69,139.78,139.79,139.68,47.0
202606231652,139.77,139.83,139.83,139.76,39.0
202606231653,139.84,139.78,139.85,139.78,134.0
202606231654,139.79,139.79,139.84,139.79,107.0
202606231655,139.83,139.86,139.86,139.81,20.0
202606231656,139.86,139.84,139.87,139.81,39.0
202606231657,139.86,139.85,139.86,139.83,66.0
202606231658,139.84,139.9,139.9,139.84,60.0
202606231659,139.91,139.96,139.97,139.9,71.0
202606231700,139.98,140.06,140.08,139.97,83.0
202606231701,140.06,140.11,140.13,140.01,75.0
202606231702,140.1,140.08,140.13,140.05,100.0
202606231703,140.08,140.13,140.13,140.05,42.0
202606231704,140.14,140.08,140.15,140.07,71.0
202606231705,140.09,140.15,140.16,140.06,60.0
202606231706,140.14,140.13,140.16,140.1,200.0
202606231707,140.14,140.15,140.17,140.11,45.0
202606231708,140.14,140.12,140.17,140.1,226.0
202606231709,140.11,140.11,140.14,140.1,36.0
202606231710,140.13,140.12,140.17,140.07,41.0
202606231711,140.11,140.07,140.13,140.04,116.0
202606231712,140.1,140.15,140.15,140.1,32.0
202606231713,140.14,140.11,140.15,140.1,70.0
202606231714,140.12,140.15,140.18,140.12,68.0
202606231715,140.17,140.12,140.17,140.1,53.0
202606231716,140.12,140.16,140.16,140.09,41.0
202606231717,140.14,140.27,140.27,140.14,320.0
202606231718,140.28,140.27,140.29,140.24,135.0
202606231719,140.27,140.26,140.28,140.25,53.0
202606231720,140.24,140.28,140.28,140.21,66.0
202606231721,140.28,140.13,140.28,140.13,198.0
202606231722,140.16,140.19,140.19,140.14,71.0
202606231723,140.19,140.17,140.22,140.16,118.0
202606231724,140.18,140.23,140.27,140.18,58.0
202606231725,140.21,140.24,140.25,140.21,34.0
202606231726,140.2,140.18,140.22,140.17,89.0
202606231727,140.19,140.14,140.2,140.14,17.0
202606231728,140.16,140.17,140.18,140.16,33.0
202606231729,140.17,140.21,140.21,140.15,48.0
202606231730,140.22,140.27,140.29,140.2,89.0
202606231731,140.26,140.22,140.29,140.2,60.0
202606231732,140.21,140.19,140.22,140.18,40.0
202606231733,140.17,140.17,140.17,140.11,72.0
202606231734,140.17,140.12,140.19,140.11,106.0
202606231735,140.12,140.17,140.17,140.12,46.0
202606231736,140.17,140.14,140.17,140.1,81.0
202606231737,140.13,140.1,140.13,140.1,39.0
202606231738,140.09,140.11,140.11,140.08,27.0
202606231739,140.09,140.13,140.14,140.08,60.0
202606231740,140.13,140.1,140.15,140.1,88.0
202606231741,140.11,140.13,140.14,140.11,39.0
202606231742,140.13,140.09,140.14,140.09,22.0
202606231743,140.1,140.12,140.13,140.1,53.0
202606231744,140.11,140.11,140.12,140.09,65.0
202606231745,140.12,140.09,140.13,140.05,230.0
202606231746,140.09,140.09,140.12,140.08,75.0
202606231747,140.09,140.04,140.12,140.03,64.0
202606231748,140.04,140.06,140.06,140.03,21.0
202606231749,140.05,140.06,140.08,140.03,32.0
202606231750,140.05,139.98,140.07,139.95,84.0
202606231751,140.0,140.06,140.06,139.97,154.0
202606231752,140.05,140.06,140.07,140.05,32.0
202606231753,140.06,140.06,140.07,140.03,76.0
202606231754,140.05,140.02,140.05,140.01,52.0
202606231755,140.02,139.98,140.02,139.97,34.0
202606231756,139.98,139.95,139.98,139.93,49.0
202606231757,139.95,139.9,139.96,139.88,58.0
202606231758,139.88,139.94,139.95,139.86,134.0
202606231759,139.96,140.0,140.0,139.95,44.0
202606231800,140.01,140.04,140.05,139.99,51.0
202606231801,140.03,139.97,140.03,139.96,123.0
202606231802,139.98,140.01,140.02,139.95,43.0
202606231803,140.03,140.04,140.05,139.99,42.0
202606231804,140.04,140.06,140.14,140.03,160.0
202606231805,140.05,140.03,140.06,140.02,29.0
202606231806,140.04,140.14,140.14,140.03,32.0
202606231807,140.15,140.17,140.17,140.13,41.0
202606231808,140.14,140.16,140.16,140.13,32.0
202606231809,140.14,140.14,140.15,140.1,57.0
202606231810,140.12,140.08,140.13,140.07,83.0
202606231811,140.08,140.09,140.09,140.06,38.0
202606231812,140.09,140.14,140.16,140.09,67.0
202606231813,140.16,140.15,140.16,140.11,54.0
202606231814,140.16,140.11,140.16,140.09,71.0
202606231815,140.09,140.08,140.1,140.01,113.0
202606231816,140.06,140.06,140.07,140.0,81.0
202606231817,140.06,140.08,140.08,140.03,36.0
202606231818,140.09,140.09,140.12,140.08,20.0
202606231819,140.11,140.06,140.12,140.05,47.0
202606231820,140.06,140.06,140.08,140.05,45.0
202606231821,140.06,140.09,140.11,140.06,240.0
202606231822,140.11,140.11,140.12,140.06,61.0
202606231823,140.1,140.06,140.11,140.06,45.0
202606231824,140.06,140.03,140.07,140.02,52.0
202606231825,140.02,140.02,140.07,140.01,60.0
202606231826,140.03,140.04,140.05,139.99,41.0
202606231827,140.06,140.06,140.08,140.04,56.0
202606231828,140.07,140.02,140.08,140.02,72.0
202606231829,140.03,140.06,140.07,140.03,42.0
202606231830,140.06,140.11,140.12,140.05,139.0
202606231831,140.11,140.07,140.13,140.06,113.0
202606231832,140.08,140.09,140.16,140.08,66.0
202606231833,140.11,140.12,140.14,140.1,22.0
202606231834,140.11,140.16,140.16,140.1,33.0
202606231835,140.16,140.09,140.16,140.09,61.0
202606231836,140.11,140.22,140.23,140.11,917.0
202606231837,140.22,140.2,140.24,140.19,78.0
202606231838,140.19,140.15,140.19,140.12,107.0
202606231839,140.15,140.12,140.15,140.09,116.0
202606231840,140.12,140.13,140.16,140.08,89.0
202606231841,140.12,140.07,140.13,140.07,82.0
202606231842,140.07,140.08,140.1,140.07,35.0
202606231843,140.08,140.09,140.1,140.05,39.0
202606231844,140.09,140.14,140.17,140.09,74.0
202606231845,140.15,140.19,140.19,140.14,64.0
202606231846,140.2,140.27,140.29,140.2,83.0
202606231847,140.26,140.34,140.34,140.23,80.0
202606231848,140.34,140.31,140.34,140.29,92.0
202606231849,140.31,140.24,140.32,140.23,92.0
202606231850,140.25,140.27,140.29,140.24,39.0
202606231851,140.26,140.26,140.29,140.25,51.0
202606231852,140.27,140.24,140.29,140.23,112.0
202606231853,140.24,140.22,140.24,140.19,31.0
202606231854,140.23,140.12,140.23,140.09,62.0
202606231855,140.12,140.07,140.14,140.07,52.0
202606231856,140.07,140.14,140.14,140.05,81.0
202606231857,140.15,140.2,140.2,140.14,44.0
202606231858,140.2,140.15,140.22,140.13,141.0
202606231859,140.15,140.12,140.16,140.12,64.0
202606231900,140.13,140.08,140.13,140.07,58.0
202606231901,140.08,140.06,140.09,140.03,74.0
202606231902,140.06,140.06,140.08,140.05,37.0
202606231903,140.06,140.01,140.06,139.99,108.0
202606231904,140.01,139.96,140.02,139.96,158.0
202606231905,139.96,139.9,140.01,139.89,147.0
202606231906,139.9,139.88,139.92,139.83,91.0
202606231907,139.89,139.96,139.97,139.89,111.0
202606231908,139.95,140.02,140.02,139.91,57.0
202606231909,139.99,139.97,139.99,139.94,50.0
202606231910,139.97,139.99,140.03,139.95,72.0
202606231911,139.99,139.98,139.99,139.92,153.0
202606231912,139.96,139.92,139.96,139.91,70.0
202606231913,139.9,139.84,139.92,139.8,160.0
202606231914,139.85,139.81,139.86,139.81,40.0
202606231915,139.83,139.83,139.84,139.78,145.0
202606231916,139.83,139.87,139.87,139.8,106.0
202606231917,139.87,139.93,139.96,139.87,86.0
202606231918,139.92,139.96,139.98,139.92,50.0
202606231919,139.96,139.98,139.99,139.93,104.0
202606231920,139.97,140.01,140.01,139.96,197.0
202606231921,140.02,140.09,140.09,140.02,147.0
202606231922,140.08,140.08,140.1,140.04,135.0
202606231923,140.08,140.05,140.1,140.03,71.0
202606231924,140.06,140.07,140.09,140.06,73.0
202606231925,140.09,140.04,140.1,140.01,159.0
202606231926,140.04,140.06,140.07,139.96,246.0
202606231927,140.06,140.06,140.06,140.02,98.0
202606231928,140.06,140.19,140.19,140.06,164.0
202606231929,140.18,140.15,140.18,140.12,173.0
202606231930,140.14,140.09,140.15,140.08,187.0
202606231931,140.1,139.99,140.1,139.99,195.0
202606231932,139.99,139.92,140.0,139.91,184.0
202606231933,139.92,139.96,139.96,139.9,157.0
202606231934,139.97,139.93,139.99,139.91,263.0
202606231935,139.94,140.05,140.06,139.94,274.0
202606231936,140.06,139.97,140.08,139.97,265.0
202606231937,139.97,139.96,140.0,139.94,170.0
202606231938,139.96,139.89,139.96,139.88,191.0
202606231939,139.88,139.98,139.98,139.83,241.0
202606231940,139.98,140.06,140.07,139.96,149.0
202606231941,140.06,140.08,140.18,140.04,255.0
202606231942,140.08,140.13,140.14,140.05,264.0
202606231943,140.12,140.13,140.14,140.09,101.0
202606231944,140.11,140.21,140.23,140.11,175.0
202606231945,140.2,140.25,140.39,140.18,804.0
202606231946,140.26,140.31,140.34,140.25,427.0
202606231947,140.31,140.23,140.33,140.23,350.0
202606231948,140.23,140.15,140.24,140.1,579.0
202606231949,140.13,140.26,140.27,140.07,380.0
202606231950,140.26,140.21,140.31,140.12,407.0
202606231951,140.21,140.08,140.22,140.0,384.0
202606231952,140.09,140.06,140.17,140.04,302.0
202606231953,140.08,140.04,140.08,139.93,437.0
202606231954,140.05,140.07,140.17,140.0,290.0
202606231955,140.08,140.15,140.26,140.08,690.0
202606231956,140.14,140.12,140.18,140.1,636.0
202606231957,140.13,140.19,140.25,140.12,785.0
202606231958,140.19,139.91,140.23,139.9,1918.0
202606231959,139.91,139.73,139.97,139.67,3590.0
202606232000,139.73,139.73,139.73,139.73,0.0
202606232001,139.6,139.67,139.67,139.6,2.0
202606232002,139.73,139.73,139.73,139.73,1.0
202606232003,139.73,139.73,139.73,139.73,26560.0
202606232004,139.73,139.73,139.73,139.73,0.0
202606232005,139.73,139.73,139.73,139.73,0.0
202606232006,139.73,139.73,139.73,139.73,0.0
202606232007,139.74,139.74,139.75,139.74,5.0
202606232008,139.65,139.65,139.65,139.65,1.0
202606232009,139.65,139.65,139.65,139.65,0.0
202606232010,139.65,139.65,139.65,139.65,0.0
202606232011,139.65,139.65,139.65,139.65,0.0
202606232012,139.65,139.65,139.65,139.65,0.0
202606232013,139.65,139.65,139.65,139.65,0.0
202606232014,139.65,139.65,139.65,139.65,0.0
202606232015,139.65,139.65,139.65,139.65,0.0
202606232016,139.65,139.65,139.65,139.65,0.0
202606232017,139.65,139.65,139.65,139.65,0.0
202606232018,139.65,139.65,139.65,139.65,0.0
202606232019,139.65,139.65,139.65,139.65,0.0
202606232020,139.65,139.65,139.65,139.65,0.0
202606232021,139.65,139.65,139.65,139.65,0.0
202606232022,139.65,139.65,139.65,139.65,0.0
202606232023,139.65,139.65,139.65,139.65,0.0
202606232024,139.65,139.65,139.65,139.65,0.0
202606232025,139.65,139.65,139.65,139.65,0.0
202606232026,139.65,139.65,139.65,139.65,0.0
202606232027,140.0,139.86,140.0,139.86,5.0
202606232028,139.86,139.86,139.86,139.86,0.0
202606232029,139.86,139.86,139.86,139.86,0.0
202606232030,139.86,139.86,139.86,139.86,0.0
202606232031,139.85,139.85,139.85,139.85,1.0
202606232032,139.85,139.85,139.85,139.85,0.0
202606232033,139.85,139.85,139.85,139.85,0.0
202606232034,139.85,139.85,139.85,139.85,0.0
202606232035,139.85,139.85,139.85,139.85,0.0
202606232036,139.85,139.85,139.85,139.85,0.0
202606232037,139.85,139.85,139.85,139.85,0.0
202606232038,139.76,139.76,139.76,139.75,1.0
202606232039,139.76,139.76,139.76,139.76,0.0
202606232040,139.76,139.76,139.76,139.76,0.0
202606232041,139.76,139.76,139.76,139.76,0.0
202606232042,139.76,139.76,139.76,139.76,0.0
202606232043,139.76,139.76,139.76,139.76,0.0
202606232044,139.76,139.76,139.76,139.76,0.0
202606232045,139.76,139.76,139.76,139.76,0.0
202606232046,139.76,139.76,139.76,139.76,0.0
202606232047,139.76,139.76,139.76,139.76,0.0
202606232048,139.76,139.76,139.76,139.76,0.0
202606232049,139.76,139.76,139.76,139.76,0.0
202606232050,139.76,139.76,139.76,139.76,0.0
202606232051,139.76,139.76,139.76,139.76,0.0
202606232052,139.76,139.76,139.76,139.76,0.0
202606232053,139.76,139.76,139.76,139.76,0.0
202606232054,139.76,139.76,139.76,139.76,0.0
202606232055,139.76,139.76,139.76,139.76,0.0
202606232056,139.76,139.76,139.76,139.76,0.0
202606232057,139.76,139.76,139.76,139.76,0.0
202606232058,139.76,139.76,139.76,139.76,0.0
202606232059,139.76,139.76,139.76,139.76,0.0
202606232100,139.76,139.76,139.76,139.76,0.0
202606232101,139.76,139.76,139.76,139.76,0.0
202606232102,139.76,139.76,139.76,139.76,0.0
202606232103,139.76,139.76,139.76,139.76,0.0
202606232104,139.76,139.76,139.76,139.76,0.0
202606232105,139.76,139.76,139.76,139.76,0.0
202606232106,139.76,139.76,139.76,139.76,0.0
202606232107,139.76,139.76,139.76,139.76,0.0
202606232108,139.76,139.76,139.76,139.76,0.0
202606232109,139.76,139.76,139.76,139.76,0.0
202606232110,139.76,139.76,139.76,139.76,0.0
202606232111,139.76,139.76,139.76,139.76,0.0
202606232112,139.76,139.76,139.76,139.76,0.0
202606232113,139.76,139.76,139.76,139.76,0.0
202606232114,139.76,139.76,139.76,139.76,0.0
202606232115,139.76,139.76,139.76,139.76,0.0
202606232116,139.76,139.76,139.76,139.76,0.0
202606232117,139.76,139.76,139.76,139.76,0.0
202606232118,139.76,139.76,139.76,139.76,0.0
202606232119,139.76,139.76,139.76,139.76,0.0
202606232120,139.76,139.76,139.76,139.76,0.0
202606232121,139.76,139.76,139.76,139.76,0.0
202606232122,139.76,139.76,139.76,139.76,0.0
202606232123,139.76,139.76,139.76,139.76,0.0
202606232124,139.76,139.76,139.76,139.76,0.0
202606232125,139.76,139.76,139.76,139.76,0.0
202606232126,139.76,139.76,139.76,139.76,0.0
202606232127,139.76,139.76,139.76,139.76,0.0
202606232128,139.76,139.76,139.76,139.76,0.0
202606232129,139.76,139.76,139.76,139.76,0.0
202606232130,139.76,139.76,139.76,139.76,0.0
202606232131,139.76,139.76,139.76,139.76,0.0
202606232132,139.76,139.76,139.76,139.76,0.0
202606232133,139.76,139.76,139.76,139.76,0.0
202606232134,139.76,139.76,139.76,139.76,0.0
202606232135,139.76,139.76,139.76,139.76,0.0
202606232136,139.76,139.76,139.76,139.76,0.0
202606232137,139.76,139.76,139.76,139.76,0.0
202606232138,139.76,139.76,139.76,139.76,0.0
202606232139,139.76,139.76,139.76,139.76,0.0
202606232140,139.76,139.76,139.76,139.76,0.0
202606232141,139.76,139.76,139.76,139.76,0.0
202606232142,139.76,139.76,139.76,139.76,0.0
202606232143,139.76,139.76,139.76,139.76,0.0
202606232144,139.76,139.76,139.76,139.76,0.0
202606232145,139.73,139.73,139.73,139.73,2.0
202606232146,139.73,139.73,139.73,139.73,0.0
202606232147,139.73,139.73,139.73,139.73,0.0
202606232148,139.73,139.73,139.73,139.73,0.0
202606232149,139.73,139.73,139.73,139.73,0.0
202606232150,139.73,139.73,139.73,139.73,0.0
202606232151,139.73,139.73,139.73,139.73,0.0
202606232152,139.73,139.73,139.73,139.73,0.0
202606232153,139.73,139.73,139.73,139.73,0.0
202606232154,139.73,139.54,139.73,139.54,22.0
202606232155,139.54,139.54,139.54,139.54,0.0
202606232156,139.54,139.54,139.54,139.54,0.0
202606232157,139.54,139.54,139.54,139.54,0.0
202606232158,139.54,139.54,139.54,139.54,0.0
202606232159,139.54,139.54,139.54,139.54,0.0
202606232200,139.54,139.54,139.54,139.54,0.0
202606232201,139.54,139.54,139.54,139.54,0.0
202606232202,139.54,139.54,139.54,139.54,0.0
202606232203,139.54,139.54,139.54,139.54,0.0
202606232204,139.54,139.54,139.54,139.54,0.0
202606232205,139.54,139.54,139.54,139.54,0.0
202606232206,139.54,139.54,139.54,139.54,0.0
202606232207,139.54,139.54,139.54,139.54,0.0
202606232208,139.54,139.54,139.54,139.54,0.0
202606232209,139.54,139.54,139.54,139.54,0.0
202606232210,139.54,139.54,139.54,139.54,0.0
202606232211,139.54,139.54,139.54,139.54,0.0
202606232212,139.54,139.54,139.54,139.54,0.0
202606232213,139.54,139.54,139.54,139.54,0.0
202606232214,139.54,139.54,139.54,139.54,0.0
202606232215,139.54,139.54,139.54,139.54,0.0
202606232216,139.54,139.54,139.54,139.54,0.0
202606232217,139.54,139.54,139.54,139.54,0.0
202606232218,139.54,139.54,139.54,139.54,0.0
202606232219,139.54,139.54,139.54,139.54,0.0
202606232220,139.54,139.54,139.54,139.54,0.0
202606232221,139.54,139.54,139.54,139.54,0.0
202606232222,139.75,139.75,139.75,139.75,1.0
202606232223,139.75,139.75,139.75,139.75,0.0
202606232224,139.75,139.75,139.75,139.75,0.0
202606232225,139.75,139.75,139.75,139.75,0.0
202606232226,139.75,139.75,139.75,139.75,0.0
202606232227,139.75,139.75,139.75,139.75,0.0
202606232228,139.75,139.75,139.75,139.75,0.0
202606232229,139.75,139.75,139.75,139.75,0.0
202606232230,139.75,139.75,139.75,139.75,0.0
202606232231,139.75,139.75,139.75,139.75,0.0
202606232232,139.75,139.75,139.75,139.75,0.0
202606232233,139.75,139.75,139.75,139.75,0.0
202606232234,139.75,139.75,139.75,139.75,0.0
202606232235,139.75,139.75,139.75,139.75,0.0
202606232236,139.75,139.75,139.75,139.75,0.0
202606232237,139.75,139.75,139.75,139.75,0.0
202606232238,139.75,139.75,139.75,139.75,0.0
202606232239,139.75,139.75,139.75,139.75,0.0
202606232240,139.75,139.75,139.75,139.75,0.0
202606232241,139.75,139.75,139.75,139.75,0.0
202606232242,139.75,139.75,139.75,139.75,0.0
202606232243,139.75,139.75,139.75,139.75,0.0
202606232244,139.75,139.75,139.75,139.75,0.0
202606232245,139.75,139.75,139.75,139.75,0.0
202606232246,139.75,139.75,139.75,139.75,0.0
202606232247,139.75,139.75,139.75,139.75,0.0
202606232248,139.75,139.75,139.75,139.75,0.0
202606232249,139.75,139.75,139.75,139.75,0.0
202606232250,139.75,139.75,139.75,139.75,0.0
202606232251,139.75,139.75,139.75,139.75,0.0
202606232252,139.75,139.75,139.75,139.75,0.0
202606232253,139.75,139.75,139.75,139.75,0.0
202606232254,139.75,139.75,139.75,139.75,0.0
202606232255,139.75,139.75,139.75,139.75,0.0
202606232256,139.77,139.77,139.77,139.77,29.0
202606232257,139.77,139.77,139.77,139.77,0.0
202606232258,139.77,139.77,139.77,139.77,0.0
202606232259,139.77,139.77,139.77,139.77,0.0
202606232300,139.77,139.77,139.77,139.77,0.0
202606232301,139.77,139.77,139.77,139.77,0.0
202606232302,139.77,139.77,139.77,139.77,0.0
202606232303,139.77,139.77,139.77,139.77,0.0
202606232304,139.77,139.77,139.77,139.77,0.0
202606232305,139.77,139.77,139.77,139.77,0.0
202606232306,139.77,139.77,139.77,139.77,0.0
202606232307,139.81,139.81,139.81,139.81,1.0
202606232308,139.81,139.81,139.81,139.81,0.0
202606232309,139.81,139.81,139.81,139.81,0.0
202606232310,139.81,139.81,139.81,139.81,0.0
202606232311,139.81,139.81,139.81,139.81,0.0
202606232312,139.81,139.81,139.81,139.81,0.0
202606232313,139.81,139.81,139.81,139.81,0.0
202606232314,139.81,139.81,139.81,139.81,0.0
202606232315,139.81,139.81,139.81,139.81,0.0
202606232316,139.81,139.81,139.81,139.81,0.0
202606232317,139.81,139.81,139.81,139.81,0.0
202606232318,139.81,139.81,139.81,139.81,0.0
202606232319,139.81,139.81,139.81,139.81,0.0
202606232320,139.81,139.81,139.81,139.81,0.0
202606232321,139.81,139.81,139.81,139.81,0.0
202606232322,139.81,139.81,139.81,139.81,0.0
202606232323,139.81,139.81,139.81,139.81,0.0
202606232324,139.81,139.81,139.81,139.81,0.0
202606232325,139.81,139.81,139.81,139.81,0.0
202606232326,139.81,139.81,139.81,139.81,0.0
202606232327,139.81,139.81,139.81,139.81,1.0
202606232328,139.81,139.81,139.81,139.81,0.0
202606232329,139.81,139.81,139.81,139.81,0.0
202606232330,139.81,139.81,139.81,139.81,0.0
202606232331,139.81,139.81,139.81,139.81,0.0
202606232332,139.81,139.81,139.81,139.81,0.0
202606232333,139.81,139.81,139.81,139.81,0.0
202606232334,139.81,139.81,139.81,139.81,0.0
202606232335,139.81,139.81,139.81,139.81,0.0
202606232336,139.81,139.81,139.81,139.81,0.0
202606232337,139.81,139.81,139.81,139.81,0.0
202606232338,139.81,139.81,139.81,139.81,0.0
202606232339,139.79,139.79,139.82,139.78,4.0
202606232340,139.79,139.79,139.79,139.79,0.0
202606232341,139.79,139.79,139.79,139.79,0.0
202606232342,139.79,139.79,139.79,139.79,0.0
202606232343,139.79,139.79,139.79,139.79,0.0
202606232344,139.79,139.79,139.79,139.79,0.0
202606232345,139.79,139.79,139.79,139.79,0.0
202606232346,139.79,139.79,139.79,139.79,0.0
202606232347,139.79,139.79,139.79,139.79,0.0
202606232348,139.79,139.79,139.79,139.79,0.0
202606232349,139.79,139.79,139.79,139.79,0.0
202606232350,139.79,139.79,139.79,139.79,0.0
202606232351,139.79,139.79,139.79,139.79,0.0
202606232352,139.79,139.79,139.79,139.79,0.0
202606232353,139.83,139.83,139.83,139.83,4.0
202606232354,139.75,139.75,139.75,139.75,1.0
202606232355,139.75,139.75,139.75,139.75,0.0
202606232356,139.75,139.75,139.75,139.75,0.0
202606232357,139.75,139.75,139.75,139.75,0.0
202606232358,139.75,139.75,139.75,139.75,0.0
202606232359,139.75,139.75,139.75,139.75,0.0
202606240800,138.9,139.2095,139.73,137.9612,0.0
202606240801,138.75,138.87,139.3,138.51,0.0
202606240802,138.65,138.63,138.65,138.63,0.0
202606240803,138.63,138.91,139.24,138.51,0.0
202606240804,139.11,138.91,139.25,138.4,0.0
202606240805,138.87,138.88,139.24,138.42,0.0
202606240806,138.59,138.47,138.59,138.47,0.0
202606240809,138.53,138.53,138.53,138.53,0.0
202606240812,138.53,138.53,138.53,138.53,0.0
202606240813,138.5596,138.5596,138.5596,138.5596,0.0
202606240816,138.5795,138.56,138.9588,138.56,0.0
202606240820,138.59,138.59,138.59,138.59,0.0
202606240823,138.65,138.6,138.65,138.6,0.0
202606240824,138.6,138.6,138.6,138.6,0.0
202606240826,138.59,138.65,138.75,138.59,0.0
202606240827,138.65,138.74,138.74,138.59,0.0
202606240828,138.67,138.65,138.67,138.64,0.0
202606240831,138.6554,138.71,138.72,138.6554,0.0
202606240833,138.67,138.67,138.67,138.67,0.0
202606240835,138.65,138.65,138.65,138.65,0.0
202606240840,138.65,138.65,138.65,138.65,0.0
202606240841,138.65,138.65,138.65,138.65,0.0
202606240847,138.6585,138.6585,138.6585,138.6585,0.0
202606240848,138.6585,138.6585,138.6585,138.6585,0.0
202606240849,138.6609,138.6609,138.6609,138.6609,0.0
202606240850,138.7012,138.7012,138.7012,138.7012,0.0
202606240851,138.75,138.75,138.75,138.75,0.0
202606240852,138.7487,138.75,138.75,138.7487,0.0
202606240854,138.725,138.725,138.725,138.725,0.0
202606240857,138.75,138.75,138.75,138.75,0.0
202606240858,138.725,138.7474,138.7474,138.725,0.0
202606240900,138.72,138.72,138.72,138.71,0.0
202606240901,138.7055,138.69,138.72,138.69,0.0
202606240903,138.7448,138.7448,138.7448,138.7448,0.0
202606240905,138.661,138.6609,138.661,138.6609,0.0
202606240906,138.67,138.67,138.67,138.67,0.0
202606240909,138.75,138.75,138.75,138.75,0.0
202606240910,138.67,138.67,138.67,138.67,0.0
202606240912,138.67,138.67,138.67,138.67,0.0
202606240913,138.7475,138.7475,138.7475,138.7475,0.0
202606240915,138.67,138.66,138.67,138.66,0.0
202606240918,138.67,138.67,138.67,138.67,0.0
202606240919,138.65,138.66,138.66,138.65,0.0
202606240920,138.65,138.65,138.65,138.64,0.0
202606240922,138.75,138.75,138.75,138.75,0.0
202606240924,138.65,138.65,138.65,138.65,0.0
202606240925,138.64,138.62,138.64,138.62,0.0
202606240926,138.62,138.6,138.62,138.6,0.0
202606240927,138.61,138.62,138.62,138.61,0.0
202606240928,138.61,138.59,138.61,138.59,0.0
202606240937,138.62,138.62,138.62,138.62,0.0
202606240941,138.62,138.62,138.62,138.62,0.0
202606240942,138.64,138.64,138.64,138.64,0.0
202606240944,138.64,138.63,138.64,138.63,0.0
202606240945,138.63,138.56,138.63,138.56,0.0
202606240948,138.64,138.64,138.64,138.64,0.0
202606240949,138.72,138.81,138.81,138.64,0.0
202606240950,138.78,138.75,138.78,138.75,0.0
202606240956,138.75,138.75,138.75,138.75,0.0
202606240957,138.75,138.75,138.75,138.75,0.0
202606240958,138.75,138.75,138.75,138.75,0.0
202606241001,138.91,138.91,138.91,138.91,0.0
202606241002,138.75,138.75,138.75,138.75,0.0
202606241004,138.81,138.81,138.81,138.81,0.0
202606241006,138.77,138.77,138.77,138.77,0.0
202606241008,138.77,138.77,138.77,138.77,0.0
202606241015,138.76,138.76,138.766,138.76,0.0
202606241016,138.76,138.76,138.76,138.76,0.0
202606241017,138.76,138.77,138.77,138.76,0.0
202606241018,138.76,138.76,138.76,138.76,0.0
202606241019,138.3712,138.3712,138.3712,138.3712,0.0
202606241020,138.9,138.92,138.92,138.9,0.0
202606241023,138.78,138.78,138.78,138.78,0.0
202606241024,138.7,138.86,138.86,138.7,0.0
202606241026,138.93,138.93,138.93,138.93,0.0
202606241027,138.78,138.7003,138.78,138.7003,0.0
202606241034,138.78,138.78,138.78,138.78,0.0
202606241037,138.7,138.7,138.7,138.7,0.0
202606241039,138.92,138.92,138.92,138.92,0.0
202606241041,138.56,138.86,138.86,138.56,0.0
202606241042,138.86,138.86,138.86,138.86,0.0
202606241043,138.76,138.74,138.86,138.43,0.0
202606241048,138.73,138.86,138.86,138.73,0.0
202606241050,138.8,138.3976,138.8,138.3976,0.0
202606241051,138.73,138.73,138.73,138.73,0.0
202606241052,138.74,138.74,138.74,138.74,0.0
202606241056,138.74,138.74,138.74,138.74,0.0
202606241059,138.86,138.86,138.86,138.86,0.0
202606241100,138.97,138.75,139.0,138.685,0.0
202606241101,138.9,138.91,138.91,138.9,0.0
202606241102,138.91,138.9,138.91,138.87,0.0
202606241103,138.74,139.0,139.0,138.74,0.0
202606241104,138.98,138.87,138.98,138.7996,0.0
202606241106,138.98,138.98,138.98,138.98,0.0
202606241107,138.96,138.9,138.96,138.74,0.0
202606241108,138.9988,138.948,138.9988,138.948,0.0
202606241109,138.94,138.96,138.96,138.94,0.0
202606241110,138.98,138.7465,138.98,138.7465,0.0
202606241112,138.95,138.95,138.95,138.95,0.0
202606241114,138.95,138.95,138.95,138.94,0.0
202606241115,138.9,138.9137,139.09,138.9,0.0
202606241116,139.03,139.02,139.03,139.02,0.0
202606241117,139.0,139.07,139.07,139.0,0.0
202606241119,139.13,139.4362,139.4362,139.13,0.0
202606241120,139.0,139.0,139.0,139.0,0.0
202606241121,139.45,139.45,139.45,139.45,0.0
202606241123,139.043,139.043,139.043,139.043,0.0
202606241126,139.01,139.01,139.01,139.01,0.0
202606241127,139.02,139.075,139.13,139.01,0.0
202606241128,138.9,139.03,139.15,138.9,0.0
202606241129,139.01,139.19,139.19,138.9,0.0
202606241130,139.0,139.0,139.0,139.0,0.0
202606241131,139.16,139.0,139.16,139.0,0.0
202606241132,138.81,138.76,138.81,138.76,0.0
202606241133,139.0,138.8,139.0,138.8,0.0
202606241134,138.7708,139.0,139.0,138.7708,0.0
202606241135,138.95,139.04,139.04,138.95,0.0
202606241136,139.05,139.05,139.05,139.05,0.0
202606241137,139.1,139.1,139.1,139.1,0.0
202606241138,139.0,138.64,139.0,138.63,0.0
202606241139,138.64,138.5,138.64,138.5,0.0
202606241140,138.53,138.53,138.53,138.53,0.0
202606241141,138.53,138.49,138.53,138.49,0.0
202606241142,138.65,138.33,138.65,138.3,0.0
202606241143,138.26,138.0,138.5,138.0,0.0
202606241144,138.31,138.31,138.31,138.31,0.0
202606241145,138.21,138.21,138.21,138.21,0.0
202606241146,138.21,138.28,138.28,138.21,0.0
202606241147,138.21,138.26,138.26,138.17,0.0
202606241148,138.17,138.18,138.18,138.16,0.0
202606241149,138.16,138.1,138.2871,138.09,0.0
202606241150,138.16,138.04,138.19,138.04,0.0
202606241151,138.09,138.09,138.35,138.09,0.0
202606241152,138.09,138.0988,138.0988,138.03,0.0
202606241153,138.0,137.84,138.01,137.84,0.0
202606241154,137.78,137.94,137.94,137.7,0.0
202606241155,137.9,137.85,137.9,137.7881,0.0
202606241156,138.0,138.0,138.06,137.95,0.0
202606241157,138.08,138.01,138.11,138.0,0.0
202606241158,138.06,138.0,138.1,138.0,0.0
202606241159,138.01,138.0,138.05,138.0,0.0
202606241200,138.0,138.0,138.1,137.75,0.0
202606241201,138.0,137.7791,138.0,137.75,0.0
202606241202,137.7835,138.0,138.0,137.7835,0.0
202606241203,138.08,138.0914,138.0914,138.0,0.0
202606241204,138.08,138.0002,138.09,138.0002,0.0
202606241205,138.03,138.011,138.03,138.0,0.0
202606241206,138.0,138.0,138.066,138.0,0.0
202606241207,138.0,137.9445,138.0,137.93,0.0
202606241208,137.9301,137.8994,138.1,137.8994,0.0
202606241209,137.9,137.9,137.9,137.9,0.0
202606241210,137.9,137.8981,137.9,137.8948,0.0
202606241211,137.89,137.94,138.09,137.89,0.0
202606241212,137.97,137.9,137.97,137.9,0.0
202606241213,137.96,137.96,137.96,137.96,0.0
202606241214,137.98,137.96,137.98,137.96,0.0
202606241215,137.99,138.0,138.0,137.99,0.0
202606241216,138.04,137.98,138.0496,137.91,0.0
202606241218,138.0,137.983,138.0,137.983,0.0
202606241219,137.9984,137.8089,137.9984,137.8,0.0
202606241220,137.8095,137.85,137.96,137.8,0.0
202606241221,137.87,137.82,137.87,137.82,0.0
202606241222,137.95,137.805,138.0,137.805,0.0
202606241223,137.82,137.9665,137.9665,137.82,0.0
202606241224,137.81,137.8395,137.8395,137.81,0.0
202606241225,137.97,137.99,137.99,137.81,0.0
202606241226,137.99,138.0,138.0,137.99,0.0
202606241227,137.9903,138.0,138.0,137.8,0.0
202606241228,137.97,137.974,138.03,137.97,0.0
202606241229,137.95,137.94,137.97,137.93,0.0
202606241230,137.84,137.91,137.91,137.83,0.0
202606241231,137.91,137.87,137.91,137.84,0.0
202606241232,137.84,137.84,137.84,137.84,0.0
202606241233,137.89,137.9,137.9,137.88,0.0
202606241234,137.86,137.9,137.9,137.86,0.0
202606241235,137.89,137.93,137.93,137.87,0.0
202606241236,137.93,137.84,137.94,137.83,0.0
202606241238,137.87,137.83,137.87,137.83,0.0
202606241239,137.81,137.8,137.81,137.73,0.0
202606241240,137.75,137.75,137.758,137.75,0.0
202606241241,137.83,137.83,137.83,137.83,0.0
202606241242,137.83,137.74,137.83,137.74,0.0
202606241243,137.57,137.72,137.75,137.57,0.0
202606241244,137.5701,137.8087,137.8087,137.5701,0.0
202606241245,137.7,137.7,137.7,137.7,0.0
202606241246,137.83,137.83,137.83,137.83,0.0
202606241247,137.804,137.83,137.83,137.804,0.0
202606241248,137.8347,137.8131,137.8347,137.8131,0.0
202606241249,137.71,137.76,137.8,137.71,0.0
202606241250,137.76,137.76,137.76,137.76,0.0
202606241251,137.84,137.77,137.84,137.77,0.0
202606241252,137.71,137.75,137.75,137.71,0.0
202606241253,137.75,137.75,137.77,137.728,0.0
202606241254,137.71,137.66,137.7497,137.65,0.0
202606241255,137.63,137.64,137.73,137.6,0.0
202606241256,137.71,137.71,137.71,137.68,0.0
202606241257,137.71,137.73,137.75,137.7,0.0
202606241258,137.71,137.71,137.71,137.71,0.0
202606241259,137.67,137.67,137.67,137.67,0.0
202606241300,137.69,137.62,137.7417,137.6,0.0
202606241301,137.65,137.7482,137.75,137.62,0.0
202606241302,137.61,137.5,137.73,137.5,0.0
202606241304,137.5,137.75,137.75,137.5,0.0
202606241305,137.519,137.54,137.75,137.519,0.0
202606241306,137.53,137.39,137.53,137.25,0.0
202606241307,137.5,137.5,137.5,137.5,0.0
202606241308,137.2683,137.2502,137.4,137.2502,0.0
202606241309,137.37,137.25,137.37,137.25,0.0
202606241310,137.25,137.29,137.34,137.25,0.0
202606241311,137.32,137.25,137.34,137.25,0.0
202606241312,137.2509,137.34,137.34,137.25,0.0
202606241313,137.34,137.34,137.34,137.34,0.0
202606241314,137.2788,137.39,137.39,137.2788,0.0
202606241330,137.1199951171875,136.58999633789062,137.2449951171875,136.5,583186.0
202606241331,136.52000427246094,135.9949951171875,136.60000610351562,135.94000244140625,89571.0
202606241332,135.98500061035156,136.30999755859375,136.3300018310547,135.88999938964844,73895.0
202606241333,136.27999877929688,135.66510009765625,136.27999877929688,135.66510009765625,49127.0
202606241334,135.61500549316406,135.85499572753906,135.97999572753906,135.58999633789062,63578.0
202606241335,135.83999633789062,136.14999389648438,136.14999389648438,135.75,26960.0
202606241336,136.0850067138672,135.9550018310547,136.1999969482422,135.64999389648438,52126.0
202606241337,136.02000427246094,136.3800048828125,136.4499969482422,135.9149932861328,42253.0
202606241338,136.47000122070312,136.39999389648438,136.63999938964844,136.3300018310547,144399.0
202606241339,136.44000244140625,136.30999755859375,136.47000122070312,136.17999267578125,32621.0
202606241340,136.36000061035156,136.52999877929688,136.58999633789062,136.22999572753906,83905.0
202606241341,136.598388671875,136.66000366210938,136.8000030517578,136.598388671875,74796.0
202606241342,136.72999572753906,136.7949981689453,136.8000030517578,136.59500122070312,19630.0
202606241343,136.83999633789062,137.00999450683594,137.13999938964844,136.81500244140625,22161.0
202606241344,136.9593963623047,137.39999389648438,137.39999389648438,136.9593963623047,21099.0
202606241345,137.41000366210938,137.1300048828125,137.63999938964844,137.1300048828125,86343.0
202606241346,137.1699981689453,136.9949951171875,137.1699981689453,136.9250030517578,30956.0
202606241347,136.9600067138672,136.9199981689453,137.00999450683594,136.85000610351562,18223.0
202606241348,137.02999877929688,137.00999450683594,137.16000366210938,136.9499969482422,30713.0
202606241349,137.0800018310547,137.10000610351562,137.11000061035156,136.9600067138672,21981.0
202606241350,137.1300048828125,137.10000610351562,137.1699981689453,137.0,54839.0
202606241351,137.1199951171875,136.99000549316406,137.13999938964844,136.97999572753906,62228.0
202606241352,136.9600067138672,137.24000549316406,137.25,136.9499969482422,68363.0
202606241353,137.23500061035156,137.16000366210938,137.326904296875,137.16000366210938,70438.0
202606241354,137.17999267578125,136.9499969482422,137.27000427246094,136.9499969482422,24115.0
202606241355,136.94000244140625,137.22500610351562,137.35989379882812,136.92999267578125,33903.0
202606241356,137.22500610351562,136.97000122070312,137.22500610351562,136.97000122070312,18350.0
202606241357,136.97000122070312,136.99000549316406,137.11000061035156,136.9199981689453,98650.0
202606241358,136.9801025390625,136.6999969482422,136.9801025390625,136.6649932861328,19423.0
202606241359,136.72000122070312,136.7449951171875,136.77999877929688,136.57000732421875,56403.0
202606241400,136.72999572753906,136.77000427246094,136.80499267578125,136.6199951171875,23631.0
202606241401,136.75,136.89010620117188,136.93719482421875,136.72999572753906,26666.0
202606241402,136.91000366210938,137.03500366210938,137.0500030517578,136.85499572753906,31520.0
202606241403,137.03500366210938,137.0500030517578,137.14999389648438,137.0,49798.0
202606241404,137.02999877929688,136.86000061035156,137.02999877929688,136.80999755859375,24407.0
202606241405,136.89999389648438,136.875,136.94000244140625,136.83999633789062,23570.0
202606241406,136.86500549316406,136.77999877929688,136.99000549316406,136.74000549316406,30563.0
202606241407,136.78500366210938,136.731201171875,136.78500366210938,136.69000244140625,21547.0
202606241408,136.75,136.52000427246094,136.75,136.5,38529.0
202606241409,136.51100158691406,136.47000122070312,136.57000732421875,136.47000122070312,26574.0
202606241410,136.47000122070312,136.47000122070312,136.52000427246094,136.41000366210938,13248.0
202606241411,136.46499633789062,136.5,136.58999633789062,136.3800048828125,36239.0
202606241412,136.5,136.2899932861328,136.5,136.27000427246094,57102.0
202606241413,136.30999755859375,136.27000427246094,136.30999755859375,136.19000244140625,60623.0
202606241414,136.2449951171875,136.44000244140625,136.5,136.24000549316406,17016.0
202606241415,136.4499969482422,136.83999633789062,136.83999633789062,136.39999389648438,34266.0
202606241416,136.80999755859375,136.77999877929688,136.80999755859375,136.72999572753906,24548.0
202606241417,136.7899932861328,136.6699981689453,136.92999267578125,136.60000610351562,35238.0
202606241418,136.69000244140625,136.82000732421875,136.82000732421875,136.61000061035156,89893.0
202606241419,136.85000610351562,136.77000427246094,136.8800048828125,136.72999572753906,10702.0
202606241420,136.75,136.50999450683594,136.75,136.50999450683594,50521.0
202606241421,136.5,136.52000427246094,136.61000061035156,136.42999267578125,70970.0
202606241422,136.52499389648438,136.5,136.57000732421875,136.47999572753906,18838.0
202606241423,136.5,136.4199981689453,136.5,136.36300659179688,35364.0
202606241424,136.38099670410156,136.57000732421875,136.61000061035156,136.38099670410156,14478.0
202606241425,136.5500030517578,136.5800018310547,136.6999969482422,136.5500030517578,20327.0
202606241426,136.5887908935547,136.52999877929688,136.60499572753906,136.47999572753906,13790.0
202606241427,136.54200744628906,136.45660400390625,136.54200744628906,136.4199981689453,15271.0
202606241428,136.44000244140625,136.47999572753906,136.52000427246094,136.38999938964844,12995.0
202606241429,136.47000122070312,136.5050048828125,136.5399932861328,136.46499633789062,24751.0
202606241430,136.49000549316406,136.36500549316406,136.49000549316406,136.2899932861328,24442.0
202606241431,136.36500549316406,136.19500732421875,136.4600067138672,136.19500732421875,20360.0
202606241432,136.17999267578125,136.1199951171875,136.1999969482422,136.08999633789062,14898.0
202606241433,136.13999938964844,136.17120361328125,136.19500732421875,136.07989501953125,16617.0
202606241434,136.17999267578125,136.24000549316406,136.25,136.1300048828125,12626.0
202606241435,136.22999572753906,136.26499938964844,136.27999877929688,136.19500732421875,14625.0
202606241436,136.25999450683594,136.3000030517578,136.3699951171875,136.21499633789062,8356.0
202606241437,136.32000732421875,136.14999389648438,136.32000732421875,136.13999938964844,16953.0
202606241438,136.13999938964844,136.22000122070312,136.25,136.1199951171875,12831.0
202606241439,136.1999969482422,136.25999450683594,136.32000732421875,136.1999969482422,19513.0
202606241440,136.25999450683594,136.1699981689453,136.25999450683594,136.14999389648438,30176.0
202606241441,136.1649932861328,136.25990295410156,136.25990295410156,136.15060424804688,19116.0
202606241442,136.2449951171875,136.25,136.2899932861328,136.16000366210938,23601.0
202606241443,136.22000122070312,136.18299865722656,136.2570037841797,136.18299865722656,10303.0
202606241444,136.17999267578125,136.19000244140625,136.2100067138672,136.14999389648438,18275.0
202606241445,136.16000366210938,136.0399932861328,136.16000366210938,136.0,51897.0
202606241446,136.04010009765625,135.97000122070312,136.04010009765625,135.89500427246094,41427.0
202606241447,135.97999572753906,135.92999267578125,135.99989318847656,135.8699951171875,35300.0
202606241448,135.9199981689453,135.97000122070312,135.97000122070312,135.83999633789062,30431.0
202606241449,135.9582977294922,135.89999389648438,136.0399932861328,135.8800048828125,16051.0
202606241450,135.9199981689453,135.92010498046875,135.94000244140625,135.85000610351562,13852.0
202606241451,135.92010498046875,136.0399932861328,136.05990600585938,135.90499877929688,13418.0
202606241452,136.02000427246094,135.94000244140625,136.02000427246094,135.9199981689453,10478.0
202606241453,136.00999450683594,135.8800048828125,136.00999450683594,135.8800048828125,20480.0
202606241454,135.9080047607422,136.02499389648438,136.02999877929688,135.86000061035156,22209.0
202606241455,136.00999450683594,136.13999938964844,136.13999938964844,135.99000549316406,13466.0
202606241456,136.14999389648438,136.10000610351562,136.1699981689453,136.07440185546875,11773.0
202606241457,136.11000061035156,135.83009338378906,136.11000061035156,135.8300018310547,23205.0
202606241458,135.83999633789062,135.9149932861328,135.91510009765625,135.8000030517578,15645.0
202606241459,135.91000366210938,135.89999389648438,135.94500732421875,135.8800048828125,13787.0
202606241500,135.9250030517578,135.8800048828125,135.97000122070312,135.8300018310547,14069.0
202606241501,135.91000366210938,136.08999633789062,136.08999633789062,135.91000366210938,26331.0
202606241502,136.09970092773438,136.07000732421875,136.1300048828125,136.06500244140625,11540.0
202606241503,136.07000732421875,135.96499633789062,136.07000732421875,135.93099975585938,39868.0
202606241504,135.9600067138672,136.0,136.02000427246094,135.92999267578125,15022.0
202606241505,135.97000122070312,135.91000366210938,136.0,135.8800048828125,16334.0
202606241506,135.9219970703125,135.88999938964844,135.9600067138672,135.86000061035156,14103.0
202606241507,135.8699951171875,135.82000732421875,135.92999267578125,135.8000030517578,19833.0
202606241508,135.8000030517578,135.7899932861328,135.8300018310547,135.72999572753906,17939.0
202606241509,135.80499267578125,135.83999633789062,135.91000366210938,135.80499267578125,9432.0
202606241510,135.86000061035156,135.91000366210938,135.94000244140625,135.8300018310547,8062.0
202606241511,135.8699951171875,135.77000427246094,135.88999938964844,135.72999572753906,18684.0
202606241512,135.7899932861328,135.80999755859375,135.83999633789062,135.75,12183.0
202606241513,135.80999755859375,135.77000427246094,135.8280029296875,135.7698974609375,8718.0
202606241514,135.75999450683594,135.7949981689453,135.83999633789062,135.72000122070312,12974.0
202606241515,135.8300018310547,135.8699951171875,135.89500427246094,135.8000030517578,14593.0
202606241516,135.86000061035156,135.9199981689453,135.9199981689453,135.81500244140625,22404.0
202606241517,135.92999267578125,135.88499450683594,135.92999267578125,135.8699951171875,9203.0
202606241518,135.8699951171875,135.85000610351562,135.92999267578125,135.85000610351562,17712.0
202606241519,135.86500549316406,135.97000122070312,135.97999572753906,135.86500549316406,34437.0
202606241520,135.97500610351562,136.00999450683594,136.02999877929688,135.97000122070312,11172.0
202606241521,136.01980590820312,136.0,136.14999389648438,135.99000549316406,37340.0
202606241522,135.99000549316406,135.94000244140625,136.0,135.94000244140625,22666.0
202606241523,135.97000122070312,135.88499450683594,136.0,135.80499267578125,20239.0
202606241524,135.89010620117188,135.9600067138672,135.9600067138672,135.86000061035156,28674.0
202606241525,135.99000549316406,136.0,136.02000427246094,135.97000122070312,57707.0
202606241526,135.97999572753906,135.86000061035156,135.97999572753906,135.86000061035156,10613.0
202606241527,135.83999633789062,135.77000427246094,135.83999633789062,135.72999572753906,20154.0
202606241528,135.75999450683594,135.67999267578125,135.8000030517578,135.67999267578125,32102.0
202606241529,135.69000244140625,135.67999267578125,135.7100067138672,135.64999389648438,17575.0
202606241530,135.6699981689453,135.68499755859375,135.72000122070312,135.62010192871094,11510.0
202606241531,135.64010620117188,135.63999938964844,135.69000244140625,135.61500549316406,22960.0
202606241532,135.64999389648438,135.69500732421875,135.75999450683594,135.64999389648438,12401.0
202606241533,135.69000244140625,135.77020263671875,135.7899932861328,135.69000244140625,17942.0
202606241534,135.77000427246094,135.80999755859375,135.8300018310547,135.75,10905.0
202606241535,135.82000732421875,135.7449951171875,135.82000732421875,135.6750030517578,11756.0
202606241536,135.75,135.79989624023438,135.80999755859375,135.75,12883.0
202606241537,135.77999877929688,135.88560485839844,135.89990234375,135.77999877929688,15601.0
202606241538,135.9250030517578,135.9499969482422,136.0,135.9199981689453,11219.0
202606241539,135.96499633789062,136.05999755859375,136.07000732421875,135.9499969482422,13210.0
202606241540,136.0800018310547,136.10009765625,136.17999267578125,136.0800018310547,39397.0
202606241541,136.1300048828125,136.23500061035156,136.24000549316406,136.1300048828125,15368.0
202606241542,136.23500061035156,136.31500244140625,136.3699951171875,136.231689453125,15642.0
202606241543,136.31500244140625,136.43499755859375,136.44000244140625,136.27999877929688,27211.0
202606241544,136.44000244140625,136.3699951171875,136.4600067138672,136.35000610351562,18046.0
202606241545,136.3699951171875,136.4600067138672,136.47000122070312,136.3699951171875,25564.0
202606241546,136.4499969482422,136.3000030517578,136.4600067138672,136.3000030517578,34424.0
202606241547,136.27999877929688,136.2449951171875,136.32000732421875,136.2200927734375,22701.0
202606241548,136.2449951171875,136.1945037841797,136.27999877929688,136.19000244140625,33832.0
202606241549,136.2100067138672,136.25999450683594,136.25999450683594,136.13999938964844,25127.0
202606241550,136.2550048828125,136.25999450683594,136.32000732421875,136.1999969482422,111976.0
202606241551,136.25999450683594,136.16000366210938,136.25999450683594,136.0800018310547,18326.0
202606241552,136.16000366210938,136.1699981689453,136.2100067138672,136.10000610351562,15484.0
202606241553,136.17999267578125,136.25999450683594,136.2899932861328,136.1699981689453,11800.0
202606241554,136.27000427246094,136.25,136.3350067138672,136.23500061035156,21748.0
202606241555,136.2100067138672,136.14999389648438,136.22000122070312,136.10000610351562,14564.0
202606241556,136.1699981689453,136.16000366210938,136.2050018310547,136.13499450683594,8588.0
202606241557,136.1300048828125,135.94000244140625,136.1300048828125,135.93499755859375,17248.0
202606241558,135.9499969482422,135.89500427246094,135.9550018310547,135.88999938964844,12764.0
202606241559,135.89500427246094,135.82000732421875,135.9199981689453,135.82000732421875,16107.0
202606241600,135.82000732421875,135.7550048828125,135.85000610351562,135.75,21483.0
202606241601,135.74000549316406,135.8000030517578,135.8000030517578,135.74000549316406,12845.0
202606241602,135.8177032470703,135.97000122070312,135.97000122070312,135.8177032470703,13781.0
202606241603,135.9499969482422,135.97999572753906,135.98500061035156,135.91000366210938,10750.0
202606241604,135.99000549316406,135.93499755859375,136.0,135.93499755859375,12006.0
202606241605,135.92999267578125,135.9199981689453,135.97999572753906,135.9199981689453,14333.0
202606241606,135.92999267578125,135.85499572753906,135.9600067138672,135.85000610351562,31522.0
202606241607,135.8531951904297,135.94000244140625,135.97000122070312,135.81500244140625,24595.0
202606241608,135.9499969482422,135.98500061035156,135.99000549316406,135.92999267578125,15254.0
202606241609,135.97000122070312,135.94000244140625,135.98500061035156,135.92999267578125,6684.0
202606241610,135.92999267578125,135.94000244140625,135.97500610351562,135.91000366210938,9447.0
202606241611,135.94500732421875,135.976806640625,136.0,135.94500732421875,15338.0
202606241612,135.97000122070312,135.97000122070312,135.98500061035156,135.9199981689453,10410.0
202606241613,135.9600067138672,135.92999267578125,135.9600067138672,135.9199981689453,8209.0
202606241614,135.93499755859375,135.91000366210938,135.9356689453125,135.88499450683594,9432.0
202606241615,135.89999389648438,135.9949951171875,136.00999450683594,135.89999389648438,13615.0
202606241616,136.0,136.01499938964844,136.02000427246094,135.9600067138672,17295.0
202606241617,136.02000427246094,136.07000732421875,136.08999633789062,136.0,16839.0
202606241618,136.0500030517578,136.0500030517578,136.0500030517578,136.00999450683594,10060.0
202606241619,136.05999755859375,135.97999572753906,136.07000732421875,135.9600067138672,15654.0
202606241620,135.97999572753906,136.0,136.03500366210938,135.9499969482422,12145.0
202606241621,136.0,136.02000427246094,136.02999877929688,135.99000549316406,10715.0
202606241622,136.02000427246094,136.01010131835938,136.0500030517578,136.0,17835.0
202606241623,136.00999450683594,136.02999877929688,136.02999877929688,136.0,9274.0
202606241624,136.00999450683594,136.0800018310547,136.0800018310547,135.97000122070312,19691.0
202606241625,136.0749969482422,136.11500549316406,136.1300048828125,136.0749969482422,15096.0
202606241626,136.10000610351562,136.11000061035156,136.16000366210938,136.10000610351562,10926.0
202606241627,136.10000610351562,136.1699981689453,136.1750030517578,136.09039306640625,19327.0
202606241628,136.1649932861328,136.08999633789062,136.1750030517578,136.07000732421875,17297.0
202606241629,136.1199951171875,136.22999572753906,136.22999572753906,136.1199951171875,20038.0
202606241630,136.22999572753906,136.25999450683594,136.2899932861328,136.22000122070312,16731.0
202606241631,136.26499938964844,136.35000610351562,136.35000610351562,136.2230987548828,22774.0
202606241632,136.35000610351562,136.27999877929688,136.35000610351562,136.25,16264.0
202606241633,136.2899932861328,136.32000732421875,136.38999938964844,136.2899932861328,13357.0
202606241634,136.30999755859375,136.33999633789062,136.35000610351562,136.25999450683594,17298.0
202606241635,136.3300018310547,136.35000610351562,136.35000610351562,136.3000030517578,9205.0
202606241636,136.36000061035156,136.5,136.50999450683594,136.3350067138672,12098.0
202606241637,136.5,136.4949951171875,136.5399932861328,136.47000122070312,11468.0
202606241638,136.49000549316406,136.47999572753906,136.52000427246094,136.47000122070312,12125.0
202606241639,136.47999572753906,136.42999267578125,136.49000549316406,136.41000366210938,26473.0
202606241640,136.44500732421875,136.42999267578125,136.4600067138672,136.40499877929688,8406.0
202606241641,136.44000244140625,136.42999267578125,136.5399932861328,136.42999267578125,31762.0
202606241642,136.44500732421875,136.53500366210938,136.53500366210938,136.44500732421875,11038.0
202606241643,136.5,136.4600067138672,136.52000427246094,136.4600067138672,15908.0
202606241644,136.4600067138672,136.46499633789062,136.47500610351562,136.33999633789062,24518.0
202606241645,136.4600067138672,136.47000122070312,136.47000122070312,136.4199981689453,16036.0
202606241646,136.47500610351562,136.52499389648438,136.53500366210938,136.47500610351562,13759.0
202606241647,136.52000427246094,136.44000244140625,136.55999755859375,136.4199981689453,20845.0
202606241648,136.44000244140625,136.5,136.5,136.44000244140625,9622.0
202606241649,136.4949951171875,136.47000122070312,136.4949951171875,136.4600067138672,7805.0
202606241650,136.47500610351562,136.4499969482422,136.53500366210938,136.44000244140625,19654.0
202606241651,136.46499633789062,136.44000244140625,136.48500061035156,136.44000244140625,10679.0
202606241652,136.44000244140625,136.51499938964844,136.51499938964844,136.44000244140625,12522.0
202606241653,136.51499938964844,136.3300018310547,136.52999877929688,136.3300018310547,23143.0
202606241654,136.3300018310547,136.3249969482422,136.35000610351562,136.2899932861328,10237.0
202606241655,136.33999633789062,136.3249969482422,136.33999633789062,136.27000427246094,10336.0
202606241656,136.30999755859375,136.2449951171875,136.3300018310547,136.2449951171875,9868.0
202606241657,136.24000549316406,136.35000610351562,136.36000061035156,136.24000549316406,20241.0
202606241658,136.33999633789062,136.31500244140625,136.36000061035156,136.2949981689453,11352.0
202606241659,136.32000732421875,136.32000732421875,136.35000610351562,136.3000030517578,8285.0
202606241700,136.33999633789062,136.3800048828125,136.41000366210938,136.33999633789062,10446.0
202606241701,136.36500549316406,136.36000061035156,136.40550231933594,136.35499572753906,8500.0
202606241702,136.36990356445312,136.44000244140625,136.44000244140625,136.36529541015625,9041.0
202606241703,136.44000244140625,136.42999267578125,136.4499969482422,136.42999267578125,8115.0
202606241704,136.42999267578125,136.43499755859375,136.44000244140625,136.4199981689453,11519.0
202606241705,136.4199981689453,136.47999572753906,136.47999572753906,136.41000366210938,10464.0
202606241706,136.47500610351562,136.47000122070312,136.5299072265625,136.47000122070312,18437.0
202606241707,136.4600067138672,136.47999572753906,136.50999450683594,136.4250030517578,9698.0
202606241708,136.47999572753906,136.52999877929688,136.52999877929688,136.4600067138672,8294.0
202606241709,136.52999877929688,136.55999755859375,136.56080627441406,136.5050048828125,13784.0
202606241710,136.5399932861328,136.4499969482422,136.5500030517578,136.44000244140625,17725.0
202606241711,136.44000244140625,136.4600067138672,136.4600067138672,136.41099548339844,9873.0
202606241712,136.4499969482422,136.3699951171875,136.4499969482422,136.36000061035156,13137.0
202606241713,136.35009765625,136.36000061035156,136.3699951171875,136.35000610351562,8188.0
202606241714,136.35000610351562,136.3000030517578,136.3699951171875,136.2899932861328,9587.0
202606241715,136.30999755859375,136.36500549316406,136.3699951171875,136.3000946044922,15133.0
202606241716,136.3699951171875,136.41000366210938,136.41000366210938,136.3300018310547,28093.0
202606241717,136.44000244140625,136.42999267578125,136.4499969482422,136.38999938964844,9199.0
202606241718,136.42999267578125,136.48500061035156,136.52000427246094,136.4250030517578,9555.0
202606241719,136.47000122070312,136.50999450683594,136.50999450683594,136.38999938964844,24328.0
202606241720,136.4949951171875,136.5,136.5500030517578,136.47000122070312,7307.0
202606241721,136.5,136.47000122070312,136.5399932861328,136.47000122070312,5626.0
202606241722,136.5,136.41000366210938,136.5,136.39999389648438,16234.0
202606241723,136.41000366210938,136.3000030517578,136.42999267578125,136.25999450683594,19903.0
202606241724,136.2899932861328,136.18499755859375,136.30999755859375,136.1750030517578,15535.0
202606241725,136.1999969482422,136.15499877929688,136.24000549316406,136.1405029296875,10597.0
202606241726,136.15499877929688,136.11000061035156,136.1750030517578,136.10000610351562,22445.0
202606241727,136.1199951171875,136.07000732421875,136.1300048828125,136.06500244140625,18516.0
202606241728,136.0749969482422,136.05999755859375,136.0800018310547,136.00999450683594,14149.0
202606241729,136.0500030517578,136.06500244140625,136.11000061035156,135.99000549316406,18723.0
202606241730,136.07000732421875,136.05999755859375,136.08999633789062,135.9949951171875,13232.0
202606241731,136.04859924316406,135.98500061035156,136.11990356445312,135.97999572753906,14809.0
202606241732,135.97500610351562,135.9499969482422,136.0,135.92999267578125,12476.0
202606241733,135.97000122070312,135.92999267578125,136.00250244140625,135.8870086669922,14667.0
202606241734,135.92999267578125,135.89999389648438,135.94000244140625,135.89999389648438,7406.0
202606241735,135.89999389648438,136.02000427246094,136.02000427246094,135.8800048828125,13000.0
202606241736,135.99000549316406,135.9600067138672,136.00999450683594,135.94000244140625,13221.0
202606241737,135.97000122070312,135.9799041748047,136.0,135.9499969482422,11632.0
202606241738,135.96499633789062,135.99000549316406,135.99000549316406,135.94000244140625,7622.0
202606241739,136.0,136.0500030517578,136.08009338378906,136.0,18301.0
202606241740,136.0399932861328,136.0106964111328,136.0500030517578,136.00140380859375,9509.0
202606241741,136.01499938964844,136.0399932861328,136.0399932861328,135.9949951171875,6925.0
202606241742,136.02999877929688,136.08999633789062,136.08999633789062,136.0200958251953,13215.0
202606241743,136.08999633789062,136.1300048828125,136.1300048828125,136.0500030517578,12652.0
202606241744,136.14999389648438,136.14999389648438,136.19000244140625,136.13999938964844,18541.0
202606241745,136.14500427246094,136.15499877929688,136.1999969482422,136.1199951171875,9653.0
202606241746,136.14999389648438,136.07000732421875,136.14999389648438,136.07000732421875,10954.0
202606241747,136.0500030517578,136.09100341796875,136.11000061035156,136.0500030517578,6634.0
202606241748,136.10499572753906,136.10000610351562,136.13999938964844,136.10000610351562,7140.0
202606241749,136.08999633789062,136.0500030517578,136.08999633789062,136.039306640625,12577.0
202606241750,136.04299926757812,136.05999755859375,136.0800018310547,136.0399932861328,8631.0
202606241751,136.07000732421875,136.0399932861328,136.11000061035156,136.0399932861328,9483.0
202606241752,136.07000732421875,136.1199951171875,136.1300048828125,136.07000732421875,10748.0
202606241753,136.10000610351562,136.10000610351562,136.13999938964844,136.08999633789062,14532.0
202606241754,136.11500549316406,136.08999633789062,136.16000366210938,136.08999633789062,19295.0
202606241755,136.08999633789062,136.14999389648438,136.14999389648438,136.08999633789062,9276.0
202606241756,136.14999389648438,136.1199951171875,136.16000366210938,136.05999755859375,12347.0
202606241757,136.1199951171875,136.11000061035156,136.1300048828125,136.10000610351562,8623.0
202606241758,136.10069274902344,136.11500549316406,136.125,136.10000610351562,16038.0
202606241759,136.11000061035156,136.0399932861328,136.11000061035156,136.0399932861328,25198.0
202606241800,136.05999755859375,136.11500549316406,136.11500549316406,136.05499267578125,10731.0
202606241801,136.11000061035156,136.1999969482422,136.22000122070312,136.05999755859375,15610.0
202606241802,136.19000244140625,136.14999389648438,136.1999053955078,136.13999938964844,10636.0
202606241803,136.14999389648438,136.24000549316406,136.24000549316406,136.13999938964844,13970.0
202606241804,136.24000549316406,136.27999877929688,136.2899932861328,136.22000122070312,21553.0
202606241805,136.27999877929688,136.25,136.3350067138672,136.25,19508.0
202606241806,136.27000427246094,136.3800048828125,136.3800048828125,136.27000427246094,12695.0
202606241807,136.39999389648438,136.39999389648438,136.39999389648438,136.33999633789062,12477.0
202606241808,136.38499450683594,136.4199981689453,136.4199981689453,136.3699951171875,16412.0
202606241809,136.4199981689453,136.40499877929688,136.44500732421875,136.39999389648438,9690.0
202606241810,136.40499877929688,136.4149932861328,136.41510009765625,136.3699951171875,13480.0
202606241811,136.4199981689453,136.41000366210938,136.4600067138672,136.41000366210938,19898.0
202606241812,136.41000366210938,136.4600067138672,136.47999572753906,136.41000366210938,23065.0
202606241813,136.4600067138672,136.4499969482422,136.50999450683594,136.44500732421875,17347.0
202606241814,136.4499969482422,136.4199981689453,136.4499969482422,136.3800048828125,19117.0
202606241815,136.41510009765625,136.41000366210938,136.41510009765625,136.3800048828125,10299.0
202606241816,136.39999389648438,136.3000030517578,136.41050720214844,136.3000030517578,32030.0
202606241817,136.3000030517578,136.3300018310547,136.33999633789062,136.26010131835938,15086.0
202606241818,136.36000061035156,136.3800048828125,136.423095703125,136.36000061035156,7179.0
202606241819,136.3699951171875,136.27499389648438,136.3699951171875,136.2449951171875,12189.0
202606241820,136.27000427246094,136.32000732421875,136.3300018310547,136.27000427246094,8940.0
202606241821,136.3300018310547,136.40499877929688,136.40499877929688,136.30999755859375,17772.0
202606241822,136.39999389648438,136.36000061035156,136.42999267578125,136.35000610351562,14882.0
202606241823,136.35000610351562,136.3699951171875,136.3699951171875,136.3300018310547,9273.0
202606241824,136.3699951171875,136.3509979248047,136.3699951171875,136.3300018310547,10148.0
202606241825,136.36000061035156,136.30499267578125,136.3699951171875,136.30499267578125,14876.0
202606241826,136.30999755859375,136.25999450683594,136.30999755859375,136.2100067138672,17659.0
202606241827,136.2550048828125,136.30999755859375,136.3249969482422,136.22000122070312,16949.0
202606241828,136.3300018310547,136.41000366210938,136.4499969482422,136.3300018310547,13851.0
202606241829,136.4149932861328,136.48309326171875,136.49000549316406,136.41000366210938,11257.0
202606241830,136.4600067138672,136.4199981689453,136.47999572753906,136.3800048828125,17731.0
202606241831,136.39999389648438,136.39500427246094,136.4199981689453,136.3800048828125,13904.0
202606241832,136.39500427246094,136.4499969482422,136.4499969482422,136.39500427246094,20152.0
202606241833,136.4499969482422,136.49009704589844,136.5399932861328,136.4499969482422,23591.0
202606241834,136.5050048828125,136.4600067138672,136.5050048828125,136.42999267578125,13191.0
202606241835,136.4550018310547,136.5,136.52000427246094,136.42999267578125,26166.0
202606241836,136.50999450683594,136.38999938964844,136.50999450683594,136.33999633789062,23400.0
202606241837,136.39500427246094,136.3699951171875,136.39999389648438,136.35009765625,16296.0
202606241838,136.3699951171875,136.3800048828125,136.38999938964844,136.33999633789062,21233.0
202606241839,136.375,136.375,136.41000366210938,136.3300018310547,17012.0
202606241840,136.38999938964844,136.30599975585938,136.38999938964844,136.2899932861328,17228.0
202606241841,136.30999755859375,136.375,136.3800048828125,136.3000030517578,22002.0
202606241842,136.3800048828125,136.38999938964844,136.38999938964844,136.3300018310547,22880.0
202606241843,136.39999389648438,136.39999389648438,136.42999267578125,136.38499450683594,15982.0
202606241844,136.4199981689453,136.36500549316406,136.42999267578125,136.36000061035156,25123.0
202606241845,136.3553009033203,136.26499938964844,136.39999389648438,136.25999450683594,32061.0
202606241846,136.25999450683594,136.3000030517578,136.30999755859375,136.25,15718.0
202606241847,136.2899932861328,136.27499389648438,136.3000030517578,136.25999450683594,10611.0
202606241848,136.3000030517578,136.27999877929688,136.30499267578125,136.25,26247.0
202606241849,136.3000030517578,136.25,136.30999755859375,136.2100067138672,31546.0
202606241850,136.25,136.24000549316406,136.27999877929688,136.2100067138672,28112.0
202606241851,136.22999572753906,136.25,136.25,136.2100067138672,8619.0
202606241852,136.24000549316406,136.32000732421875,136.32000732421875,136.24000549316406,14590.0
202606241853,136.30999755859375,136.3249969482422,136.3300018310547,136.27999877929688,21052.0
202606241854,136.3101043701172,136.32000732421875,136.33999633789062,136.3000030517578,11199.0
202606241855,136.30999755859375,136.30999755859375,136.35000610351562,136.2899932861328,17592.0
202606241856,136.30999755859375,136.25,136.3300018310547,136.24000549316406,19711.0
202606241857,136.25,136.2801055908203,136.30149841308594,136.25,18260.0
202606241858,136.27999877929688,136.22999572753906,136.28541564941406,136.2100067138672,14223.0
202606241859,136.22500610351562,136.27999877929688,136.27999877929688,136.22000122070312,19896.0
202606241900,136.27499389648438,136.25,136.30999755859375,136.24000549316406,45879.0
202606241901,136.25,136.4199981689453,136.4199981689453,136.25,28472.0
202606241902,136.42999267578125,136.42999267578125,136.44000244140625,136.3699951171875,18577.0
202606241903,136.42999267578125,136.4069061279297,136.46690368652344,136.40499877929688,34001.0
202606241904,136.39999389648438,136.3350067138672,136.42010498046875,136.3000030517578,35629.0
202606241905,136.35000610351562,136.38499450683594,136.41000366210938,136.35000610351562,15974.0
202606241906,136.3800048828125,136.3249969482422,136.38999938964844,136.3249969482422,12925.0
202606241907,136.3249969482422,136.36000061035156,136.38999938964844,136.32000732421875,16673.0
202606241908,136.3699951171875,136.3300018310547,136.3699951171875,136.31500244140625,11333.0
202606241909,136.3300018310547,136.30499267578125,136.3300018310547,136.2801055908203,19583.0
202606241910,136.3000030517578,136.3300018310547,136.3300018310547,136.25999450683594,14344.0
202606241911,136.33990478515625,136.35000610351562,136.3632049560547,136.25999450683594,22337.0
202606241912,136.35000610351562,136.4499969482422,136.4499969482422,136.35000610351562,15019.0
202606241913,136.4499969482422,136.51499938964844,136.51499938964844,136.42999267578125,19390.0
202606241914,136.50999450683594,136.5,136.57000732421875,136.47000122070312,35264.0
202606241915,136.49000549316406,136.43499755859375,136.49000549316406,136.4199981689453,24063.0
202606241916,136.44000244140625,136.4600067138672,136.4600067138672,136.4199981689453,13696.0
202606241917,136.44500732421875,136.4600067138672,136.47000122070312,136.41000366210938,27175.0
202606241918,136.4499969482422,136.4499969482422,136.4600067138672,136.41000366210938,11612.0
202606241919,136.4499969482422,136.5,136.52000427246094,136.44000244140625,20423.0
202606241920,136.5,136.3800048828125,136.5,136.3800048828125,23208.0
202606241921,136.38499450683594,136.4199981689453,136.4199981689453,136.36000061035156,15385.0
202606241922,136.4149932861328,136.47500610351562,136.47999572753906,136.4149932861328,16135.0
202606241923,136.4600067138672,136.4250030517578,136.4600067138672,136.39999389648438,20660.0
202606241924,136.42999267578125,136.4199981689453,136.4600067138672,136.4199981689453,12488.0
202606241925,136.41250610351562,136.44000244140625,136.4499969482422,136.41250610351562,22005.0
202606241926,136.42999267578125,136.3800048828125,136.43499755859375,136.3800048828125,22166.0
202606241927,136.3699951171875,136.4488067626953,136.4488067626953,136.33999633789062,26802.0
202606241928,136.43499755859375,136.4199981689453,136.49000549316406,136.4199981689453,22487.0
202606241929,136.4199981689453,136.4199981689453,136.4550018310547,136.39999389648438,15924.0
202606241930,136.39500427246094,136.3800048828125,136.42999267578125,136.2852020263672,30249.0
202606241931,136.38499450683594,136.46009826660156,136.50999450683594,136.38499450683594,27535.0
202606241932,136.4801025390625,136.35000610351562,136.49000549316406,136.33999633789062,17134.0
202606241933,136.35000610351562,136.3350067138672,136.39500427246094,136.30999755859375,22834.0
202606241934,136.33999633789062,136.2899932861328,136.36000061035156,136.27999877929688,20691.0
202606241935,136.2899932861328,136.3800048828125,136.3800048828125,136.2899932861328,21468.0
202606241936,136.36500549316406,136.3000030517578,136.3800048828125,136.27000427246094,21437.0
202606241937,136.29010009765625,136.3249969482422,136.3249969482422,136.22000122070312,31739.0
202606241938,136.3249969482422,136.30999755859375,136.35000610351562,136.27999877929688,16102.0
202606241939,136.30999755859375,136.33999633789062,136.35000610351562,136.27000427246094,16686.0
202606241940,136.35499572753906,136.30999755859375,136.36000061035156,136.30999755859375,16055.0
202606241941,136.32000732421875,136.3699951171875,136.3699951171875,136.27000427246094,46074.0
202606241942,136.3800048828125,136.42999267578125,136.49000549316406,136.3800048828125,37404.0
202606241943,136.4250030517578,136.4499969482422,136.50999450683594,136.39999389648438,30029.0
202606241944,136.4499969482422,136.52999877929688,136.56500244140625,136.44000244140625,0.0
202606241945,136.52000427246094,136.72000122070312,136.77000427246094,136.51499938964844,87667.0
202606241946,136.7100067138672,136.77999877929688,136.83999633789062,136.7100067138672,27967.0
202606241947,136.78500366210938,136.7899932861328,136.80999755859375,136.74000549316406,43436.0
202606241948,136.7899932861328,136.80499267578125,136.8300018310547,136.75999450683594,49311.0
202606241949,136.81500244140625,136.83999633789062,136.8699951171875,136.77000427246094,36100.0
202606241950,136.85000610351562,136.52999877929688,136.89999389648438,136.52999877929688,84500.0
202606241951,136.5449981689453,136.60000610351562,136.60000610351562,136.53500366210938,32611.0
202606241952,136.61000061035156,136.72999572753906,136.72999572753906,136.5500030517578,616909.0
202606241953,136.72000122070312,136.61500549316406,136.72000122070312,136.57000732421875,43595.0
202606241954,136.6199951171875,136.71139526367188,136.77000427246094,136.60000610351562,59978.0
202606241955,136.72000122070312,136.74000549316406,136.80999755859375,136.6199951171875,136315.0
202606241956,136.75999450683594,136.92999267578125,136.92999267578125,136.72999572753906,98234.0
202606241957,136.94000244140625,136.9250030517578,136.9600067138672,136.8800048828125,116137.0
202606241958,136.8699951171875,136.8699951171875,136.8699951171875,136.8699951171875,0.0
